State,Step,X,Theta,U
20.0,102834.0,0.013388090766966343,0.0,-0.37626558542251587
20.0,102838.0,0.013388090766966343,0.0,-0.37626558542251587
20.0,102842.0,0.013388090766966343,0.0,-0.37626558542251587
20.0,102845.0,0.013388090766966343,0.0,-0.37626558542251587
20.0,102850.0,0.013388090766966343,0.0,-0.37626558542251587
20.0,102854.0,0.013388090766966343,0.0,-0.37626558542251587
20.0,102858.0,0.013388090766966343,0.0,-0.37626558542251587
20.0,102861.0,0.013388090766966343,0.0,-0.37626558542251587
20.0,102866.0,0.013388090766966343,0.0,-0.37626558542251587
20.0,102870.0,0.013388090766966343,0.0,-0.37626558542251587
20.0,102873.0,0.013388090766966343,0.0,-0.37626558542251587
20.0,102877.0,0.013388090766966343,0.0,-0.37626558542251587
20.0,102881.0,0.013388090766966343,0.0,-0.37626558542251587
20.0,102885.0,0.013388090766966343,0.0,-0.37626558542251587
20.0,102889.0,0.013388090766966343,0.0,-0.37626558542251587
20.0,102893.0,0.013388090766966343,0.0,-0.37626558542251587
20.0,102896.0,0.013388090766966343,0.0,-0.37626558542251587
20.0,102900.0,0.013388090766966343,0.0,-0.37626558542251587
20.0,102903.0,0.013388090766966343,0.0,-0.37626558542251587
20.0,102907.0,0.013388090766966343,0.0,-0.37626558542251587
20.0,102911.0,0.013388090766966343,0.0,-0.37626558542251587
20.0,102915.0,0.013388090766966343,0.0,-0.37626558542251587
20.0,102919.0,0.013388090766966343,0.0,-0.37626558542251587
20.0,102923.0,0.013388090766966343,0.0,-0.37626558542251587
20.0,102928.0,0.013388090766966343,0.0,-0.37626558542251587
20.0,102932.0,0.013388090766966343,0.0,-0.37626558542251587
20.0,102936.0,0.013388090766966343,0.0,-0.37626558542251587
20.0,102940.0,0.013388090766966343,0.0,-0.37626558542251587
20.0,102943.0,0.013388090766966343,0.0,-0.37626558542251587
20.0,102948.0,0.013388090766966343,0.0,-0.37626558542251587
20.0,102951.0,0.013388090766966343,0.0,-0.37626558542251587
20.0,102954.0,0.013388090766966343,0.0,-0.37626558542251587
20.0,102958.0,0.013388090766966343,0.0,-0.37626558542251587
20.0,102961.0,0.013388090766966343,0.0,-0.37626558542251587
20.0,102965.0,0.013388090766966343,0.0,-0.37626558542251587
20.0,102969.0,0.013388090766966343,0.0,-0.37626558542251587
20.0,102972.0,0.013388090766966343,0.0,-0.37626558542251587
20.0,102975.0,0.013388090766966343,0.0,-0.37626558542251587
20.0,102979.0,0.013388090766966343,0.0,-0.37626558542251587
20.0,102983.0,0.013388090766966343,0.0,-0.37626558542251587
20.0,102986.0,0.013388090766966343,0.0,-0.37626558542251587
20.0,102990.0,0.013388090766966343,0.0,-0.37626558542251587
20.0,102994.0,0.013388090766966343,0.0,-0.37626558542251587
20.0,102997.0,0.013388090766966343,0.0,-0.37626558542251587
20.0,103001.0,0.013388090766966343,0.0,-0.37626558542251587
20.0,103005.0,0.013388090766966343,0.0,-0.37626558542251587
20.0,103018.0,0.013388090766966343,0.0,-0.37626558542251587
20.0,103023.0,0.013388090766966343,0.0,-0.37626558542251587
20.0,103027.0,0.013388090766966343,0.0,-0.37626558542251587
20.0,103031.0,0.013388090766966343,0.0,-0.37626558542251587
20.0,103035.0,0.013388090766966343,0.0,-0.37626558542251587
20.0,103039.0,0.013388090766966343,0.0,-0.37626558542251587
20.0,103042.0,0.013388090766966343,0.0,-0.37626558542251587
20.0,103045.0,0.013388090766966343,0.0,-0.37626558542251587
20.0,103051.0,0.013388090766966343,0.0,-0.37626558542251587
20.0,103054.0,0.013388090766966343,0.0,-0.37626558542251587
20.0,103058.0,0.013388090766966343,0.0,-0.37626558542251587
20.0,103061.0,0.013388090766966343,0.0,-0.37626558542251587
20.0,103066.0,0.013388090766966343,0.0,-0.37626558542251587
20.0,103071.0,0.013388090766966343,0.0,-0.37626558542251587
20.0,103074.0,0.013388090766966343,0.0,-0.37626558542251587
20.0,103078.0,0.013388090766966343,0.0,-0.37626558542251587
20.0,103081.0,0.013388090766966343,0.0,-0.37626558542251587
20.0,103085.0,0.013388090766966343,0.0,-0.37626558542251587
20.0,103089.0,0.013388090766966343,0.0,-0.37626558542251587
20.0,103093.0,0.013388090766966343,0.0,-0.37626558542251587
20.0,103096.0,0.013388090766966343,0.0,-0.37626558542251587
20.0,103100.0,0.013388090766966343,0.0,-0.37626558542251587
20.0,103104.0,0.013388090766966343,0.0,-0.37626558542251587
20.0,103108.0,0.013388090766966343,0.0,-0.37626558542251587
20.0,103111.0,0.013388090766966343,0.0,-0.37626558542251587
20.0,103116.0,0.013388090766966343,0.0,-0.37626558542251587
20.0,103119.0,0.013388090766966343,0.0,-0.37626558542251587
20.0,103122.0,0.013388090766966343,0.0,-0.37626558542251587
20.0,103126.0,0.013388090766966343,0.0,-0.37626558542251587
20.0,103131.0,0.013388090766966343,0.0,-0.37626558542251587
20.0,103135.0,0.013388090766966343,0.0,-0.37626558542251587
20.0,103139.0,0.013388090766966343,0.0,-0.37626558542251587
20.0,103142.0,0.013388090766966343,0.0,-0.37626558542251587
20.0,103145.0,0.013388090766966343,0.0,-0.37626558542251587
20.0,103149.0,0.013388090766966343,0.0,-0.37626558542251587
20.0,103152.0,0.013388090766966343,0.0,-0.37626558542251587
20.0,103156.0,0.013388090766966343,0.0,-0.37626558542251587
20.0,103160.0,0.013388090766966343,0.0,-0.37626558542251587
20.0,103163.0,0.013388090766966343,0.0,-0.37626558542251587
20.0,103167.0,0.013388090766966343,0.0,-0.37626558542251587
20.0,103171.0,0.013388090766966343,0.0,-0.37626558542251587
20.0,103174.0,0.013388090766966343,0.0,-0.37626558542251587
20.0,103179.0,0.013388090766966343,0.0,-0.37626558542251587
20.0,103182.0,0.013388090766966343,0.0,-0.37626558542251587
20.0,103185.0,0.013388090766966343,0.0,-0.37626558542251587
20.0,103189.0,0.013388090766966343,0.0,-0.37626558542251587
20.0,103192.0,0.013388090766966343,0.0,-0.37626558542251587
20.0,103196.0,0.013388090766966343,0.0,-0.37626558542251587
20.0,103200.0,0.013388090766966343,0.0,-0.37626558542251587
20.0,103204.0,0.013388090766966343,0.0,-0.37626558542251587
20.0,103216.0,0.013388090766966343,0.0,-0.37626558542251587
20.0,103220.0,0.013388090766966343,0.0,-0.37626558542251587
20.0,103224.0,0.013388090766966343,0.0,-0.37626558542251587
20.0,103227.0,0.013388090766966343,0.0,-0.37626558542251587
20.0,103233.0,0.013388090766966343,0.0,-0.37626558542251587
20.0,103236.0,0.013388090766966343,0.0,-0.37626558542251587
20.0,103240.0,0.013388090766966343,0.0,-0.37626558542251587
20.0,103243.0,0.013388090766966343,0.0,-0.37626558542251587
20.0,103249.0,0.013388090766966343,0.0,-0.37626558542251587
20.0,103252.0,0.013388090766966343,0.0,-0.37626558542251587
20.0,103256.0,0.013388090766966343,0.0,-0.37626558542251587
20.0,103259.0,0.013388090766966343,0.0,-0.37626558542251587
20.0,103263.0,0.013388090766966343,0.0,-0.37626558542251587
20.0,103266.0,0.013388090766966343,0.0,-0.37626558542251587
20.0,103271.0,0.013388090766966343,0.0,-0.37626558542251587
20.0,103275.0,0.013388090766966343,0.0,-0.37626558542251587
20.0,103279.0,0.013388090766966343,0.0,-0.37626558542251587
20.0,103282.0,0.013388090766966343,0.0,-0.37626558542251587
20.0,103285.0,0.013388090766966343,0.0,-0.37626558542251587
20.0,103289.0,0.013388090766966343,0.0,-0.37626558542251587
20.0,103293.0,0.013388090766966343,0.0,-0.37626558542251587
20.0,103296.0,0.013388090766966343,0.0,-0.37626558542251587
20.0,103300.0,0.013388090766966343,0.0,-0.37626558542251587
20.0,103304.0,0.013388090766966343,0.0,-0.37626558542251587
20.0,103308.0,0.013388090766966343,0.0,-0.37626558542251587
20.0,103312.0,0.013388090766966343,0.0,-0.37626558542251587
20.0,103315.0,0.013388090766966343,0.0,-0.37626558542251587
20.0,103319.0,0.013388090766966343,0.0,-0.37626558542251587
20.0,103323.0,0.013388090766966343,0.0,-0.37626558542251587
20.0,103326.0,0.013388090766966343,0.0,-0.37626558542251587
20.0,103331.0,0.013388090766966343,0.0,-0.37626558542251587
20.0,103334.0,0.013388090766966343,0.0,-0.37626558542251587
20.0,103338.0,0.013388090766966343,0.0,-0.37626558542251587
20.0,103341.0,0.013388090766966343,0.0,-0.37626558542251587
20.0,103345.0,0.013388090766966343,0.0,-0.37626558542251587
20.0,103349.0,0.013388090766966343,0.0,-0.37626558542251587
20.0,103352.0,0.013388090766966343,0.0,-0.37626558542251587
20.0,103356.0,0.013388090766966343,0.0,-0.37626558542251587
20.0,103361.0,0.013388090766966343,0.0,-0.37626558542251587
20.0,103366.0,0.013388090766966343,0.0,-0.37626558542251587
20.0,103370.0,0.013388090766966343,0.0,-0.37626558542251587
20.0,103373.0,0.013388090766966343,0.0,-0.37626558542251587
20.0,103376.0,0.013388090766966343,0.0,-0.37626558542251587
20.0,103381.0,0.013388090766966343,0.0,-0.37626558542251587
20.0,103384.0,0.013388090766966343,0.0,-0.37626558542251587
20.0,103388.0,0.013388090766966343,0.0,-0.37626558542251587
20.0,103391.0,0.013388090766966343,0.0,-0.37626558542251587
20.0,103395.0,0.013388090766966343,0.0,-0.37626558542251587
20.0,103399.0,0.013388090766966343,0.0,-0.37626558542251587
20.0,103403.0,0.013388090766966343,0.0,-0.37626558542251587
20.0,103415.0,0.013388090766966343,0.0,-0.37626558542251587
20.0,103419.0,0.013388090766966343,0.0,-0.37626558542251587
20.0,103423.0,0.013388090766966343,0.0,-0.37626558542251587
20.0,103426.0,0.013388090766966343,0.0,-0.37626558542251587
20.0,103431.0,0.013388090766966343,0.0,-0.37626558542251587
20.0,103435.0,0.013388090766966343,0.0,-0.37626558542251587
20.0,103439.0,0.013388090766966343,0.0,-0.37626558542251587
20.0,103442.0,0.013388090766966343,0.0,-0.37626558542251587
20.0,103446.0,0.013388090766966343,0.0,-0.37626558542251587
20.0,103449.0,0.013388090766966343,0.0,-0.37626558542251587
20.0,103453.0,0.013388090766966343,0.0,-0.37626558542251587
20.0,103456.0,0.013388090766966343,0.0,-0.37626558542251587
20.0,103460.0,0.013388090766966343,0.0,-0.37626558542251587
20.0,103463.0,0.013388090766966343,0.0,-0.37626558542251587
20.0,103467.0,0.013388090766966343,0.0,-0.37626558542251587
20.0,103470.0,0.013388090766966343,0.0,-0.37626558542251587
20.0,103473.0,0.013388090766966343,0.0,-0.37626558542251587
20.0,103477.0,0.013388090766966343,0.0,-0.37626558542251587
20.0,103481.0,0.013388090766966343,0.0,-0.37626558542251587
20.0,103485.0,0.013388090766966343,0.0,-0.37626558542251587
20.0,103489.0,0.013388090766966343,0.0,-0.37626558542251587
20.0,103492.0,0.013388090766966343,0.0,-0.37626558542251587
20.0,103496.0,0.013388090766966343,0.0,-0.37626558542251587
20.0,103499.0,0.013388090766966343,0.0,-0.37626558542251587
20.0,103503.0,0.013388090766966343,0.0,-0.37626558542251587
20.0,103506.0,0.013388090766966343,0.0,-0.37626558542251587
20.0,103510.0,0.013388090766966343,0.0,-0.37626558542251587
20.0,103513.0,0.013388090766966343,0.0,-0.37626558542251587
20.0,103517.0,0.013388090766966343,0.0,-0.37626558542251587
20.0,103521.0,0.013388090766966343,0.0,-0.37626558542251587
20.0,103524.0,0.013388090766966343,0.0,-0.37626558542251587
20.0,103528.0,0.013388090766966343,0.0,-0.37626558542251587
20.0,103531.0,0.013388090766966343,0.0,-0.37626558542251587
20.0,103534.0,0.013388090766966343,0.0,-0.37626558542251587
20.0,103539.0,0.013388090766966343,0.0,-0.37626558542251587
20.0,103542.0,0.013388090766966343,0.0,-0.37626558542251587
20.0,103545.0,0.013388090766966343,0.0,-0.37626558542251587
20.0,103551.0,0.013388090766966343,0.0,-0.37626558542251587
20.0,103554.0,0.013388090766966343,0.0,-0.37626558542251587
20.0,103558.0,0.013388090766966343,0.0,-0.37626558542251587
20.0,103561.0,0.013388090766966343,0.0,-0.37626558542251587
20.0,103567.0,0.013388090766966343,0.0,-0.37626558542251587
20.0,103571.0,0.013388090766966343,0.0,-0.37626558542251587
20.0,103574.0,0.013388090766966343,0.0,-0.37626558542251587
20.0,103578.0,0.013388090766966343,0.0,-0.37626558542251587
20.0,103582.0,0.013388090766966343,0.0,-0.37626558542251587
20.0,103585.0,0.013388090766966343,0.0,-0.37626558542251587
20.0,103589.0,0.013388090766966343,0.0,-0.37626558542251587
20.0,103593.0,0.013388090766966343,0.0,-0.37626558542251587
20.0,103596.0,0.013388090766966343,0.0,-0.37626558542251587
20.0,103610.0,0.013388090766966343,0.0,-0.37626558542251587
20.0,103615.0,0.013388090766966343,0.0,-0.37626558542251587
20.0,103619.0,0.013388090766966343,0.0,-0.37626558542251587
20.0,103622.0,0.013388090766966343,0.0,-0.37626558542251587
20.0,103626.0,0.013388090766966343,0.0,-0.37626558542251587
20.0,103631.0,0.013388090766966343,0.0,-0.37626558542251587
20.0,103635.0,0.013388090766966343,0.0,-0.37626558542251587
20.0,103639.0,0.013388090766966343,0.0,-0.37626558542251587
20.0,103642.0,0.013388090766966343,0.0,-0.37626558542251587
20.0,103646.0,0.013388090766966343,0.0,-0.37626558542251587
20.0,103650.0,0.013388090766966343,0.0,-0.37626558542251587
20.0,103654.0,0.013388090766966343,0.0,-0.37626558542251587
20.0,103657.0,0.013388090766966343,0.0,-0.37626558542251587
20.0,103661.0,0.013388090766966343,0.0,-0.37626558542251587
20.0,103665.0,0.013388090766966343,0.0,-0.37626558542251587
20.0,103669.0,0.013388090766966343,0.0,-0.37626558542251587
20.0,103672.0,0.013388090766966343,0.0,-0.37626558542251587
20.0,103676.0,0.013388090766966343,0.0,-0.37626558542251587
20.0,103680.0,0.013388090766966343,0.0,-0.37626558542251587
20.0,103683.0,0.013388090766966343,0.0,-0.37626558542251587
20.0,103687.0,0.013388090766966343,0.0,-0.37626558542251587
20.0,103691.0,0.013388090766966343,0.0,-0.37626558542251587
20.0,103695.0,0.013388090766966343,0.0,-0.37626558542251587
20.0,103699.0,0.013388090766966343,0.0,-0.37626558542251587
20.0,103702.0,0.013388090766966343,0.0,-0.37626558542251587
20.0,103706.0,0.013388090766966343,0.0,-0.37626558542251587
20.0,103709.0,0.013388090766966343,0.0,-0.37626558542251587
20.0,103713.0,0.013388090766966343,0.0,-0.37626558542251587
20.0,103717.0,0.013388090766966343,0.0,-0.37626558542251587
20.0,103721.0,0.013388090766966343,0.0,-0.37626558542251587
20.0,103724.0,0.013388090766966343,0.0,-0.37626558542251587
20.0,103728.0,0.013388090766966343,0.0,-0.37626558542251587
20.0,103732.0,0.013388090766966343,0.0,-0.37626558542251587
20.0,103736.0,0.013388090766966343,0.0,-0.37626558542251587
20.0,103740.0,0.013388090766966343,0.0,-0.37626558542251587
20.0,103743.0,0.013388090766966343,0.0,-0.37626558542251587
20.0,103749.0,0.013388090766966343,0.0,-0.37626558542251587
20.0,103752.0,0.013388090766966343,0.0,-0.37626558542251587
20.0,103756.0,0.013388090766966343,0.0,-0.37626558542251587
20.0,103760.0,0.013388090766966343,0.0,-0.37626558542251587
20.0,103763.0,0.013388090766966343,0.0,-0.37626558542251587
20.0,103767.0,0.013388090766966343,0.0,-0.37626558542251587
20.0,103771.0,0.013388090766966343,0.0,-0.37626558542251587
20.0,103775.0,0.013388090766966343,0.0,-0.37626558542251587
20.0,103779.0,0.013388090766966343,0.0,-0.37626558542251587
20.0,103782.0,0.013388090766966343,0.0,-0.37626558542251587
20.0,103786.0,0.013388090766966343,0.0,-0.37626558542251587
20.0,103790.0,0.013388090766966343,0.0,-0.37626558542251587
20.0,103794.0,0.013388090766966343,0.0,-0.37626558542251587
20.0,103798.0,0.013388090766966343,0.0,-0.37626558542251587
20.0,103810.0,0.013388090766966343,0.0,-0.37626558542251587
20.0,103813.0,0.013388090766966343,0.0,-0.37626558542251587
20.0,103817.0,0.013388090766966343,0.0,-0.37626558542251587
20.0,103821.0,0.013388090766966343,0.0,-0.37626558542251587
20.0,103825.0,0.013388090766966343,0.0,-0.37626558542251587
20.0,103829.0,0.013388090766966343,0.0,-0.37626558542251587
20.0,103832.0,0.013388090766966343,0.0,-0.37626558542251587
20.0,103836.0,0.013388090766966343,0.0,-0.37626558542251587
20.0,103840.0,0.013388090766966343,0.0,-0.37626558542251587
20.0,103843.0,0.013388090766966343,0.0,-0.37626558542251587
20.0,103846.0,0.013388090766966343,0.0,-0.37626558542251587
20.0,103850.0,0.013388090766966343,0.0,-0.37626558542251587
20.0,103854.0,0.013388090766966343,0.0,-0.37626558542251587
20.0,103860.0,0.013388090766966343,0.0,-0.37626558542251587
20.0,103864.0,0.013388090766966343,0.0,-0.37626558542251587
20.0,103869.0,0.013388090766966343,0.0,-0.37626558542251587
20.0,103872.0,0.013388090766966343,0.0,-0.37626558542251587
20.0,103876.0,0.013388090766966343,0.0,-0.37626558542251587
20.0,103880.0,0.013388090766966343,0.0,-0.37626558542251587
20.0,103883.0,0.013388090766966343,0.0,-0.37626558542251587
20.0,103887.0,0.013388090766966343,0.0,-0.37626558542251587
20.0,103890.0,0.013388090766966343,0.0,-0.37626558542251587
20.0,103894.0,0.013388090766966343,0.0,-0.37626558542251587
20.0,103899.0,0.013388090766966343,0.0,-0.37626558542251587
20.0,103902.0,0.013388090766966343,0.0,-0.37626558542251587
20.0,103905.0,0.013388090766966343,0.0,-0.37626558542251587
20.0,103909.0,0.013388090766966343,0.0,-0.37626558542251587
20.0,103912.0,0.013388090766966343,0.0,-0.37626558542251587
20.0,103917.0,0.013388090766966343,0.0,-0.37626558542251587
20.0,103921.0,0.013388090766966343,0.0,-0.37626558542251587
20.0,103924.0,0.013388090766966343,0.0,-0.37626558542251587
20.0,103929.0,0.013388090766966343,0.0,-0.37626558542251587
20.0,103933.0,0.013388090766966343,0.0,-0.37626558542251587
20.0,103937.0,0.013388090766966343,0.0,-0.37626558542251587
20.0,103941.0,0.013388090766966343,0.0,-0.37626558542251587
20.0,103945.0,0.013388090766966343,0.0,-0.37626558542251587
20.0,103949.0,0.013388090766966343,0.0,-0.37626558542251587
20.0,103952.0,0.013388090766966343,0.0,-0.37626558542251587
20.0,103955.0,0.013388090766966343,0.0,-0.37626558542251587
20.0,103959.0,0.013388090766966343,0.0,-0.37626558542251587
20.0,103963.0,0.013388090766966343,0.0,-0.37626558542251587
20.0,103967.0,0.013388090766966343,0.0,-0.37626558542251587
20.0,103971.0,0.013388090766966343,0.0,-0.37626558542251587
20.0,103975.0,0.013388090766966343,0.0,-0.37626558542251587
20.0,103979.0,0.013388090766966343,0.0,-0.37626558542251587
20.0,103982.0,0.013388090766966343,0.0,-0.37626558542251587
20.0,103986.0,0.013388090766966343,0.0,-0.37626558542251587
20.0,103990.0,0.013388090766966343,0.0,-0.37626558542251587
20.0,103993.0,0.013388090766966343,0.0,-0.37626558542251587
20.0,103997.0,0.013388090766966343,0.0,-0.37626558542251587
20.0,104010.0,0.013388090766966343,0.0,-0.37626558542251587
20.0,104014.0,0.013388090766966343,0.0,-0.37626558542251587
20.0,104017.0,0.013388090766966343,0.0,-0.37626558542251587
20.0,104021.0,0.013388090766966343,0.0,-0.37626558542251587
20.0,104027.0,0.013388090766966343,0.0,-0.37626558542251587
20.0,104031.0,0.013388090766966343,0.0,-0.37626558542251587
20.0,104034.0,0.013388090766966343,0.0,-0.37626558542251587
20.0,104038.0,0.013388090766966343,0.0,-0.37626558542251587
20.0,104041.0,0.013388090766966343,0.0,-0.37626558542251587
20.0,104045.0,0.013388090766966343,0.0,-0.37626558542251587
20.0,104050.0,0.013388090766966343,0.0,-0.37626558542251587
20.0,104053.0,0.013388090766966343,0.0,-0.37626558542251587
20.0,104057.0,0.013388090766966343,0.0,-0.37626558542251587
20.0,104061.0,0.013388090766966343,0.0,-0.37626558542251587
20.0,104066.0,0.013388090766966343,0.0,-0.37626558542251587
20.0,104070.0,0.013388090766966343,0.0,-0.37626558542251587
20.0,104074.0,0.013388090766966343,0.0,-0.37626558542251587
20.0,104078.0,0.013388090766966343,0.0,-0.37626558542251587
20.0,104081.0,0.013388090766966343,0.0,-0.37626558542251587
20.0,104085.0,0.013388090766966343,0.0,-0.37626558542251587
20.0,104089.0,0.013388090766966343,0.0,-0.37626558542251587
20.0,104092.0,0.013388090766966343,0.0,-0.37626558542251587
20.0,104096.0,0.013388090766966343,0.0,-0.37626558542251587
20.0,104100.0,0.013388090766966343,0.0,-0.37626558542251587
20.0,104103.0,0.013388090766966343,0.0,-0.37626558542251587
20.0,104106.0,0.013388090766966343,0.0,-0.37626558542251587
20.0,104111.0,0.013388090766966343,0.0,-0.37626558542251587
20.0,104116.0,0.013388090766966343,0.0,-0.37626558542251587
20.0,104120.0,0.013388090766966343,0.0,-0.37626558542251587
20.0,104123.0,0.013388090766966343,0.0,-0.37626558542251587
20.0,104126.0,0.013388090766966343,0.0,-0.37626558542251587
20.0,104131.0,0.013388090766966343,0.0,-0.37626558542251587
20.0,104134.0,0.013388090766966343,0.0,-0.37626558542251587
20.0,104138.0,0.013388090766966343,0.0,-0.37626558542251587
20.0,104141.0,0.013388090766966343,0.0,-0.37626558542251587
20.0,104145.0,0.013388090766966343,0.0,-0.37626558542251587
20.0,104149.0,0.013388090766966343,0.0,-0.37626558542251587
20.0,104152.0,0.013388090766966343,0.0,-0.37626558542251587
20.0,104156.0,0.013388090766966343,0.0,-0.37626558542251587
20.0,104159.0,0.013388090766966343,0.0,-0.37626558542251587
20.0,104163.0,0.013388090766966343,0.0,-0.37626558542251587
20.0,104167.0,0.013388090766966343,0.0,-0.37626558542251587
20.0,104170.0,0.013388090766966343,0.0,-0.37626558542251587
20.0,104174.0,0.013388090766966343,0.0,-0.37626558542251587
20.0,104178.0,0.013388090766966343,0.0,-0.37626558542251587
20.0,104181.0,0.013388090766966343,0.0,-0.37626558542251587
20.0,104185.0,0.013388090766966343,0.0,-0.37626558542251587
20.0,104189.0,0.013388090766966343,0.0,-0.37626558542251587
20.0,104192.0,0.013388090766966343,0.0,-0.37626558542251587
20.0,104196.0,0.013388090766966343,0.0,-0.37626558542251587
20.0,104208.0,0.013388090766966343,0.0,-0.37626558542251587
20.0,104212.0,0.013388090766966343,0.0,-0.37626558542251587
20.0,104216.0,0.013388090766966343,0.0,-0.37626558542251587
20.0,104220.0,0.013388090766966343,0.0,-0.37626558542251587
20.0,104223.0,0.013388090766966343,0.0,-0.37626558542251587
20.0,104227.0,0.013388090766966343,0.0,-0.37626558542251587
20.0,104231.0,0.013388090766966343,0.0,-0.37626558542251587
20.0,104234.0,0.013388090766966343,0.0,-0.37626558542251587
20.0,104238.0,0.013388090766966343,0.0,-0.37626558542251587
20.0,104241.0,0.013388090766966343,0.0,-0.37626558542251587
20.0,104246.0,0.013388090766966343,0.0,-0.37626558542251587
20.0,104250.0,0.013388090766966343,0.0,-0.37626558542251587
20.0,104253.0,0.013388090766966343,0.0,-0.37626558542251587
20.0,104257.0,0.013388090766966343,0.0,-0.37626558542251587
20.0,104261.0,0.013388090766966343,0.0,-0.37626558542251587
20.0,104266.0,0.013388090766966343,0.0,-0.37626558542251587
20.0,104270.0,0.013388090766966343,0.0,-0.37626558542251587
20.0,104273.0,0.013388090766966343,0.0,-0.37626558542251587
20.0,104277.0,0.013388090766966343,0.0,-0.37626558542251587
20.0,104281.0,0.013388090766966343,0.0,-0.37626558542251587
20.0,104284.0,0.013388090766966343,0.0,-0.37626558542251587
20.0,104288.0,0.013388090766966343,0.0,-0.37626558542251587
20.0,104292.0,0.013388090766966343,0.0,-0.37626558542251587
20.0,104296.0,0.013388090766966343,0.0,-0.37626558542251587
20.0,104299.0,0.013388090766966343,0.0,-0.37626558542251587
20.0,104303.0,0.013388090766966343,0.0,-0.37626558542251587
20.0,104307.0,0.013388090766966343,0.0,-0.37626558542251587
20.0,104311.0,0.013388090766966343,0.0,-0.37626558542251587
20.0,104316.0,0.013388090766966343,0.0,-0.37626558542251587
20.0,104320.0,0.013388090766966343,0.0,-0.37626558542251587
20.0,104323.0,0.013388090766966343,0.0,-0.37626558542251587
20.0,104327.0,0.013388090766966343,0.0,-0.37626558542251587
20.0,104332.0,0.013388090766966343,0.0,-0.37626558542251587
20.0,104336.0,0.013388090766966343,0.0,-0.37626558542251587
20.0,104339.0,0.013388090766966343,0.0,-0.37626558542251587
20.0,104343.0,0.013388090766966343,0.0,-0.37626558542251587
20.0,104346.0,0.013388090766966343,0.0,-0.37626558542251587
20.0,104350.0,0.013388090766966343,0.0,-0.37626558542251587
20.0,104354.0,0.013388090766966343,0.0,-0.37626558542251587
20.0,104358.0,0.013388090766966343,0.0,-0.37626558542251587
20.0,104361.0,0.013388090766966343,0.0,-0.37626558542251587
20.0,104365.0,0.013388090766966343,0.0,-0.37626558542251587
20.0,104369.0,0.013388090766966343,0.0,-0.37626558542251587
20.0,104372.0,0.013388090766966343,0.0,-0.37626558542251587
20.0,104376.0,0.013388090766966343,0.0,-0.37626558542251587
20.0,104380.0,0.013388090766966343,0.0,-0.37626558542251587
20.0,104383.0,0.013388090766966343,0.0,-0.37626558542251587
20.0,104387.0,0.013388090766966343,0.0,-0.37626558542251587
20.0,104391.0,0.013388090766966343,0.0,-0.37626558542251587
20.0,104395.0,0.013388090766966343,0.0,-0.37626558542251587
20.0,104407.0,0.013388090766966343,0.0,-0.37626558542251587
20.0,104411.0,0.013388090766966343,0.0,-0.37626558542251587
20.0,104415.0,0.013388090766966343,0.0,-0.37626558542251587
20.0,104419.0,0.013388090766966343,0.0,-0.37626558542251587
20.0,104422.0,0.013388090766966343,0.0,-0.37626558542251587
20.0,104426.0,0.013388090766966343,0.0,-0.37626558542251587
20.0,104430.0,0.013388090766966343,0.0,-0.37626558542251587
20.0,104435.0,0.013388090766966343,0.0,-0.37626558542251587
20.0,104439.0,0.013388090766966343,0.0,-0.37626558542251587
20.0,104442.0,0.013388090766966343,0.0,-0.37626558542251587
20.0,104445.0,0.013388090766966343,0.0,-0.37626558542251587
20.0,104451.0,0.013388090766966343,0.0,-0.37626558542251587
20.0,104454.0,0.013388090766966343,0.0,-0.37626558542251587
20.0,104459.0,0.013388090766966343,0.0,-0.37626558542251587
20.0,104462.0,0.013388090766966343,0.0,-0.37626558542251587
20.0,104466.0,0.013388090766966343,0.0,-0.37626558542251587
20.0,104469.0,0.013388090766966343,0.0,-0.37626558542251587
20.0,104473.0,0.013388090766966343,0.0,-0.37626558542251587
20.0,104476.0,0.013388090766966343,0.0,-0.37626558542251587
20.0,104480.0,0.013388090766966343,0.0,-0.37626558542251587
20.0,104484.0,0.013388090766966343,0.0,-0.37626558542251587
20.0,104488.0,0.013388090766966343,0.0,-0.37626558542251587
20.0,104491.0,0.013388090766966343,0.0,-0.37626558542251587
20.0,104494.0,0.013388090766966343,0.0,-0.37626558542251587
20.0,104499.0,0.013388090766966343,0.0,-0.37626558542251587
20.0,104502.0,0.013388090766966343,0.0,-0.37626558542251587
20.0,104505.0,0.013388090766966343,0.0,-0.37626558542251587
20.0,104509.0,0.013388090766966343,0.0,-0.37626558542251587
20.0,104512.0,0.013388090766966343,0.0,-0.37626558542251587
20.0,104515.0,0.013388090766966343,0.0,-0.37626558542251587
20.0,104519.0,0.013388090766966343,0.0,-0.37626558542251587
20.0,104523.0,0.013388090766966343,0.0,-0.37626558542251587
20.0,104526.0,0.013388090766966343,0.0,-0.37626558542251587
20.0,104530.0,0.013388090766966343,0.0,-0.37626558542251587
20.0,104533.0,0.013388090766966343,0.0,-0.37626558542251587
20.0,104536.0,0.013388090766966343,0.0,-0.37626558542251587
20.0,104540.0,0.013388090766966343,0.0,-0.37626558542251587
20.0,104543.0,0.013388090766966343,0.0,-0.37626558542251587
20.0,104547.0,0.013388090766966343,0.0,-0.37626558542251587
20.0,104551.0,0.013388090766966343,0.0,-0.37626558542251587
20.0,104554.0,0.013388090766966343,0.0,-0.37626558542251587
20.0,104558.0,0.013388090766966343,0.0,-0.37626558542251587
20.0,104562.0,0.013388090766966343,0.0,-0.37626558542251587
20.0,104566.0,0.013388090766966343,0.0,-0.37626558542251587
20.0,104570.0,0.013388090766966343,0.0,-0.37626558542251587
20.0,104574.0,0.013388090766966343,0.0,-0.37626558542251587
20.0,104577.0,0.013388090766966343,0.0,-0.37626558542251587
20.0,104582.0,0.013388090766966343,0.0,-0.37626558542251587
20.0,104585.0,0.013388090766966343,0.0,-0.37626558542251587
20.0,104589.0,0.013388090766966343,0.0,-0.37626558542251587
20.0,104602.0,0.013388090766966343,0.0,-0.37626558542251587
20.0,104605.0,0.013388090766966343,0.0,-0.37626558542251587
20.0,104609.0,0.013388090766966343,0.0,-0.37626558542251587
20.0,104613.0,0.013388090766966343,0.0,-0.37626558542251587
20.0,104616.0,0.013388090766966343,0.0,-0.37626558542251587
20.0,104620.0,0.013388090766966343,0.0,-0.37626558542251587
20.0,104623.0,0.013388090766966343,0.0,-0.37626558542251587
20.0,104627.0,0.013388090766966343,0.0,-0.37626558542251587
20.0,104632.0,0.013388090766966343,0.0,-0.37626558542251587
20.0,104635.0,0.013388090766966343,0.0,-0.37626558542251587
20.0,104639.0,0.013388090766966343,0.0,-0.37626558542251587
20.0,104643.0,0.013388090766966343,0.0,-0.37626558542251587
20.0,104648.0,0.013388090766966343,0.0,-0.37626558542251587
20.0,104652.0,0.013388090766966343,0.0,-0.37626558542251587
20.0,104655.0,0.013388090766966343,0.0,-0.37626558542251587
20.0,104659.0,0.013388090766966343,0.0,-0.37626558542251587
20.0,104663.0,0.013388090766966343,0.0,-0.37626558542251587
20.0,104666.0,0.013388090766966343,0.0,-0.37626558542251587
20.0,104671.0,0.013388090766966343,0.0,-0.37626558542251587
20.0,104674.0,0.013388090766966343,0.0,-0.37626558542251587
20.0,104677.0,0.013388090766966343,0.0,-0.37626558542251587
20.0,104681.0,0.013388090766966343,0.0,-0.37626558542251587
20.0,104684.0,0.013388090766966343,0.0,-0.37626558542251587
20.0,104688.0,0.013388090766966343,0.0,-0.37626558542251587
20.0,104691.0,0.013388090766966343,0.0,-0.37626558542251587
20.0,104695.0,0.013388090766966343,0.0,-0.37626558542251587
20.0,104699.0,0.013388090766966343,0.0,-0.37626558542251587
20.0,104702.0,0.013388090766966343,0.0,-0.37626558542251587
20.0,104705.0,0.013388090766966343,0.0,-0.37626558542251587
20.0,104709.0,0.013388090766966343,0.0,-0.37626558542251587
20.0,104713.0,0.013388090766966343,0.0,-0.37626558542251587
20.0,104716.0,0.013388090766966343,0.0,-0.37626558542251587
20.0,104720.0,0.013388090766966343,0.0,-0.37626558542251587
20.0,104724.0,0.013388090766966343,0.0,-0.37626558542251587
20.0,104728.0,0.013388090766966343,0.0,-0.37626558542251587
20.0,104731.0,0.013388090766966343,0.0,-0.37626558542251587
20.0,104735.0,0.013388090766966343,0.0,-0.37626558542251587
20.0,104739.0,0.013388090766966343,0.0,-0.37626558542251587
20.0,104742.0,0.013388090766966343,0.0,-0.37626558542251587
20.0,104745.0,0.013388090766966343,0.0,-0.37626558542251587
20.0,104749.0,0.013388090766966343,0.0,-0.37626558542251587
20.0,104753.0,0.013388090766966343,0.0,-0.37626558542251587
20.0,104756.0,0.013388090766966343,0.0,-0.37626558542251587
20.0,104760.0,0.013388090766966343,0.0,-0.37626558542251587
20.0,104764.0,0.013388090766966343,0.0,-0.37626558542251587
20.0,104769.0,0.013388090766966343,0.0,-0.37626558542251587
20.0,104772.0,0.013388090766966343,0.0,-0.37626558542251587
20.0,104776.0,0.013388090766966343,0.0,-0.37626558542251587
20.0,104779.0,0.013388090766966343,0.0,-0.37626558542251587
20.0,104784.0,0.013388090766966343,0.0,-0.37626558542251587
20.0,104797.0,0.013388090766966343,0.0,-0.37626558542251587
20.0,104801.0,0.013388090766966343,0.0,-0.37626558542251587
20.0,104805.0,0.013388090766966343,0.0,-0.37626558542251587
20.0,104809.0,0.013388090766966343,0.0,-0.37626558542251587
20.0,104813.0,0.013388090766966343,0.0,-0.37626558542251587
20.0,104817.0,0.013388090766966343,0.0,-0.37626558542251587
20.0,104820.0,0.013388090766966343,0.0,-0.37626558542251587
20.0,104824.0,0.013388090766966343,0.0,-0.37626558542251587
20.0,104827.0,0.013388090766966343,0.0,-0.37626558542251587
20.0,104831.0,0.013388090766966343,0.0,-0.37626558542251587
20.0,104836.0,0.013388090766966343,0.0,-0.37626558542251587
20.0,104839.0,0.013388090766966343,0.0,-0.37626558542251587
20.0,104843.0,0.013388090766966343,0.0,-0.37626558542251587
20.0,104849.0,0.013388090766966343,0.0,-0.37626558542251587
20.0,104853.0,0.013388090766966343,0.0,-0.37626558542251587
20.0,104856.0,0.013388090766966343,0.0,-0.37626558542251587
20.0,104860.0,0.013388090766966343,0.0,-0.37626558542251587
20.0,104863.0,0.013388090766966343,0.0,-0.37626558542251587
20.0,104867.0,0.013388090766966343,0.0,-0.37626558542251587
20.0,104871.0,0.013388090766966343,0.0,-0.37626558542251587
20.0,104875.0,0.013388090766966343,0.0,-0.37626558542251587
20.0,104879.0,0.013388090766966343,0.0,-0.37626558542251587
20.0,104883.0,0.013388090766966343,0.0,-0.37626558542251587
20.0,104886.0,0.013388090766966343,0.0,-0.37626558542251587
20.0,104890.0,0.013388090766966343,0.0,-0.37626558542251587
20.0,104893.0,0.013388090766966343,0.0,-0.37626558542251587
20.0,104897.0,0.013388090766966343,0.0,-0.37626558542251587
20.0,104901.0,0.013388090766966343,0.0,-0.37626558542251587
20.0,104905.0,0.013388090766966343,0.0,-0.37626558542251587
20.0,104909.0,0.013388090766966343,0.0,-0.37626558542251587
20.0,104913.0,0.013388090766966343,0.0,-0.37626558542251587
20.0,104917.0,0.013388090766966343,0.0,-0.37626558542251587
20.0,104922.0,0.013388090766966343,0.0,-0.37626558542251587
20.0,104926.0,0.013388090766966343,0.0,-0.37626558542251587
20.0,104930.0,0.013388090766966343,0.0,-0.37626558542251587
20.0,104934.0,0.013388090766966343,0.0,-0.37626558542251587
20.0,104938.0,0.013388090766966343,0.0,-0.37626558542251587
20.0,104942.0,0.013388090766966343,0.0,-0.37626558542251587
20.0,104948.0,0.013388090766966343,0.0,-0.37626558542251587
20.0,104953.0,0.013388090766966343,0.0,-0.37626558542251587
20.0,104959.0,0.013388090766966343,0.0,-0.37626558542251587
20.0,104963.0,0.013388090766966343,0.0,-0.37626558542251587
20.0,104966.0,0.013388090766966343,0.0,-0.37626558542251587
20.0,104971.0,0.013388090766966343,0.0,-0.37626558542251587
20.0,104974.0,0.013388090766966343,0.0,-0.37626558542251587
20.0,104978.0,0.013388090766966343,0.0,-0.37626558542251587
20.0,104982.0,0.013388090766966343,0.0,-0.37626558542251587
20.0,104985.0,0.013388090766966343,0.0,-0.37626558542251587
20.0,104989.0,0.013388090766966343,0.0,-0.37626558542251587
20.0,104993.0,0.013388090766966343,0.0,-0.37626558542251587
20.0,105005.0,0.013388090766966343,0.0,-0.37626558542251587
20.0,105009.0,0.013388090766966343,0.0,-0.37626558542251587
20.0,105012.0,0.013388090766966343,0.0,-0.37626558542251587
20.0,105017.0,0.013388090766966343,0.0,-0.37626558542251587
20.0,105021.0,0.013388090766966343,0.0,-0.37626558542251587
20.0,105026.0,0.013388090766966343,0.0,-0.37626558542251587
20.0,105030.0,0.013388090766966343,0.0,-0.37626558542251587
20.0,105035.0,0.013388090766966343,0.0,-0.37626558542251587
20.0,105039.0,0.013388090766966343,0.0,-0.37626558542251587
20.0,105042.0,0.013388090766966343,0.0,-0.37626558542251587
20.0,105045.0,0.013388090766966343,0.0,-0.37626558542251587
20.0,105049.0,0.013388090766966343,0.0,-0.37626558542251587
20.0,105053.0,0.013388090766966343,0.0,-0.37626558542251587
20.0,105056.0,0.013388090766966343,0.0,-0.37626558542251587
20.0,105060.0,0.013388090766966343,0.0,-0.37626558542251587
20.0,105064.0,0.013388090766966343,0.0,-0.37626558542251587
20.0,105070.0,0.013388090766966343,0.0,-0.37626558542251587
20.0,105073.0,0.013388090766966343,0.0,-0.37626558542251587
20.0,105077.0,0.013388090766966343,0.0,-0.37626558542251587
20.0,105081.0,0.013388090766966343,0.0,-0.37626558542251587
20.0,105084.0,0.013388090766966343,0.0,-0.37626558542251587
20.0,105089.0,0.013388090766966343,0.0,-0.37626558542251587
20.0,105092.0,0.013388090766966343,0.0,-0.37626558542251587
20.0,105096.0,0.013388090766966343,0.0,-0.37626558542251587
20.0,105100.0,0.013388090766966343,0.0,-0.37626558542251587
20.0,105103.0,0.013388090766966343,0.0,-0.37626558542251587
20.0,105106.0,0.013388090766966343,0.0,-0.37626558542251587
20.0,105110.0,0.013388090766966343,0.0,-0.37626558542251587
20.0,105114.0,0.013388090766966343,0.0,-0.37626558542251587
20.0,105117.0,0.013388090766966343,0.0,-0.37626558542251587
20.0,105121.0,0.013388090766966343,0.0,-0.37626558542251587
20.0,105125.0,0.013388090766966343,0.0,-0.37626558542251587
20.0,105129.0,0.013388090766966343,0.0,-0.37626558542251587
20.0,105132.0,0.013388090766966343,0.0,-0.37626558542251587
20.0,105137.0,0.013388090766966343,0.0,-0.37626558542251587
20.0,105141.0,0.013388090766966343,0.0,-0.37626558542251587
20.0,105145.0,0.013388090766966343,0.0,-0.37626558542251587
20.0,105150.0,0.013388090766966343,0.0,-0.37626558542251587
20.0,105154.0,0.013388090766966343,0.0,-0.37626558542251587
20.0,105157.0,0.013388090766966343,0.0,-0.37626558542251587
20.0,105161.0,0.013388090766966343,0.0,-0.37626558542251587
20.0,105165.0,0.013388090766966343,0.0,-0.37626558542251587
20.0,105169.0,0.013388090766966343,0.0,-0.37626558542251587
20.0,105173.0,0.013388090766966343,0.0,-0.37626558542251587
20.0,105176.0,0.013388090766966343,0.0,-0.37626558542251587
20.0,105180.0,0.013388090766966343,0.0,-0.37626558542251587
20.0,105183.0,0.013388090766966343,0.0,-0.37626558542251587
20.0,105187.0,0.013388090766966343,0.0,-0.37626558542251587
20.0,105191.0,0.013388090766966343,0.0,-0.37626558542251587
20.0,105194.0,0.013388090766966343,0.0,-0.37626558542251587
20.0,105207.0,0.013388090766966343,0.0,-0.37626558542251587
20.0,105211.0,0.013388090766966343,0.0,-0.37626558542251587
20.0,105215.0,0.013388090766966343,0.0,-0.37626558542251587
20.0,105219.0,0.013388090766966343,0.0,-0.37626558542251587
20.0,105222.0,0.013388090766966343,0.0,-0.37626558542251587
20.0,105226.0,0.013388090766966343,0.0,-0.37626558542251587
20.0,105229.0,0.013388090766966343,0.0,-0.37626558542251587
20.0,105233.0,0.013388090766966343,0.0,-0.37626558542251587
20.0,105237.0,0.013388090766966343,0.0,-0.37626558542251587
20.0,105241.0,0.013388090766966343,0.0,-0.37626558542251587
20.0,105245.0,0.013388090766966343,0.0,-0.37626558542251587
20.0,105249.0,0.013388090766966343,0.0,-0.37626558542251587
20.0,105252.0,0.013388090766966343,0.0,-0.37626558542251587
20.0,105256.0,0.013388090766966343,0.0,-0.37626558542251587
20.0,105260.0,0.013388090766966343,0.0,-0.37626558542251587
20.0,105263.0,0.013388090766966343,0.0,-0.37626558542251587
20.0,105268.0,0.013388090766966343,0.0,-0.37626558542251587
20.0,105272.0,0.013388090766966343,0.0,-0.37626558542251587
20.0,105275.0,0.013388090766966343,0.0,-0.37626558542251587
20.0,105279.0,0.013388090766966343,0.0,-0.37626558542251587
20.0,105283.0,0.013388090766966343,0.0,-0.37626558542251587
20.0,105287.0,0.013388090766966343,0.0,-0.37626558542251587
20.0,105291.0,0.013388090766966343,0.0,-0.37626558542251587
20.0,105295.0,0.013388090766966343,0.0,-0.37626558542251587
20.0,105299.0,0.013388090766966343,0.0,-0.37626558542251587
20.0,105302.0,0.013388090766966343,0.0,-0.37626558542251587
20.0,105306.0,0.013388090766966343,0.0,-0.37626558542251587
20.0,105310.0,0.013388090766966343,0.0,-0.37626558542251587
20.0,105313.0,0.013388090766966343,0.0,-0.37626558542251587
20.0,105317.0,0.013388090766966343,0.0,-0.37626558542251587
20.0,105321.0,0.013388090766966343,0.0,-0.37626558542251587
20.0,105325.0,0.013388090766966343,0.0,-0.37626558542251587
20.0,105329.0,0.013388090766966343,0.0,-0.37626558542251587
20.0,105334.0,0.013388090766966343,0.0,-0.37626558542251587
20.0,105338.0,0.013388090766966343,0.0,-0.37626558542251587
20.0,105341.0,0.013388090766966343,0.0,-0.37626558542251587
20.0,105345.0,0.013388090766966343,0.0,-0.37626558542251587
20.0,105350.0,0.013388090766966343,0.0,-0.37626558542251587
20.0,105354.0,0.013388090766966343,0.0,-0.37626558542251587
20.0,105358.0,0.013388090766966343,0.0,-0.37626558542251587
20.0,105362.0,0.013388090766966343,0.0,-0.37626558542251587
20.0,105365.0,0.013388090766966343,0.0,-0.37626558542251587
20.0,105369.0,0.013388090766966343,0.0,-0.37626558542251587
20.0,105373.0,0.013388090766966343,0.0,-0.37626558542251587
20.0,105376.0,0.013388090766966343,0.0,-0.37626558542251587
20.0,105380.0,0.013388090766966343,0.0,-0.37626558542251587
20.0,105383.0,0.013388090766966343,0.0,-0.37626558542251587
20.0,105386.0,0.013388090766966343,0.0,-0.37626558542251587
20.0,105390.0,0.013388090766966343,0.0,-0.37626558542251587
20.0,105393.0,0.013388090766966343,0.0,-0.37626558542251587
20.0,105406.0,0.013388090766966343,0.0,-0.37626558542251587
20.0,105410.0,0.013388090766966343,0.0,-0.37626558542251587
20.0,105414.0,0.013388090766966343,0.0,-0.37626558542251587
20.0,105417.0,0.013388090766966343,0.0,-0.37626558542251587
20.0,105421.0,0.013388090766966343,0.0,-0.37626558542251587
20.0,105424.0,0.013388090766966343,0.0,-0.37626558542251587
20.0,105428.0,0.013388090766966343,0.0,-0.37626558542251587
20.0,105431.0,0.013388090766966343,0.0,-0.37626558542251587
20.0,105435.0,0.013388090766966343,0.0,-0.37626558542251587
20.0,105439.0,0.013388090766966343,0.0,-0.37626558542251587
20.0,105442.0,0.013388090766966343,0.0,-0.37626558542251587
20.0,105445.0,0.013388090766966343,0.0,-0.37626558542251587
20.0,105449.0,0.013388090766966343,0.0,-0.37626558542251587
20.0,105453.0,0.013388090766966343,0.0,-0.37626558542251587
20.0,105456.0,0.013388090766966343,0.0,-0.37626558542251587
20.0,105460.0,0.013388090766966343,0.0,-0.37626558542251587
20.0,105463.0,0.013388090766966343,0.0,-0.37626558542251587
20.0,105469.0,0.013388090766966343,0.0,-0.37626558542251587
20.0,105472.0,0.013388090766966343,0.0,-0.37626558542251587
20.0,105476.0,0.013388090766966343,0.0,-0.37626558542251587
20.0,105480.0,0.013388090766966343,0.0,-0.37626558542251587
20.0,105484.0,0.013388090766966343,0.0,-0.37626558542251587
20.0,105487.0,0.013388090766966343,0.0,-0.37626558542251587
20.0,105491.0,0.013388090766966343,0.0,-0.37626558542251587
20.0,105494.0,0.013388090766966343,0.0,-0.37626558542251587
20.0,105499.0,0.013388090766966343,0.0,-0.37626558542251587
20.0,105502.0,0.013388090766966343,0.0,-0.37626558542251587
20.0,105506.0,0.013388090766966343,0.0,-0.37626558542251587
20.0,105510.0,0.013388090766966343,0.0,-0.37626558542251587
20.0,105513.0,0.013388090766966343,0.0,-0.37626558542251587
20.0,105517.0,0.013388090766966343,0.0,-0.37626558542251587
20.0,105521.0,0.013388090766966343,0.0,-0.37626558542251587
20.0,105524.0,0.013388090766966343,0.0,-0.37626558542251587
20.0,105528.0,0.013388090766966343,0.0,-0.37626558542251587
20.0,105533.0,0.013388090766966343,0.0,-0.37626558542251587
20.0,105536.0,0.013388090766966343,0.0,-0.37626558542251587
20.0,105540.0,0.013388090766966343,0.0,-0.37626558542251587
20.0,105543.0,0.013388090766966343,0.0,-0.37626558542251587
20.0,105548.0,0.013388090766966343,0.0,-0.37626558542251587
20.0,105552.0,0.013388090766966343,0.0,-0.37626558542251587
20.0,105556.0,0.013388090766966343,0.0,-0.37626558542251587
20.0,105560.0,0.013388090766966343,0.0,-0.37626558542251587
20.0,105564.0,0.013388090766966343,0.0,-0.37626558542251587
20.0,105568.0,0.013388090766966343,0.0,-0.37626558542251587
20.0,105571.0,0.013388090766966343,0.0,-0.37626558542251587
20.0,105575.0,0.013388090766966343,0.0,-0.37626558542251587
20.0,105579.0,0.013388090766966343,0.0,-0.37626558542251587
20.0,105583.0,0.013388090766966343,0.0,-0.37626558542251587
20.0,105586.0,0.013388090766966343,0.0,-0.37626558542251587
20.0,105590.0,0.013388090766966343,0.0,-0.37626558542251587
20.0,105602.0,0.013388090766966343,0.0,-0.37626558542251587
20.0,105606.0,0.013388090766966343,0.0,-0.37626558542251587
20.0,105609.0,0.013388090766966343,0.0,-0.37626558542251587
20.0,105613.0,0.013388090766966343,0.0,-0.37626558542251587
20.0,105617.0,0.013388090766966343,0.0,-0.37626558542251587
20.0,105621.0,0.013388090766966343,0.0,-0.37626558542251587
20.0,105624.0,0.013388090766966343,0.0,-0.37626558542251587
20.0,105628.0,0.013388090766966343,0.0,-0.37626558542251587
20.0,105631.0,0.013388090766966343,0.0,-0.37626558542251587
20.0,105635.0,0.013388090766966343,0.0,-0.37626558542251587
20.0,105639.0,0.013388090766966343,0.0,-0.37626558542251587
20.0,105642.0,0.013388090766966343,0.0,-0.37626558542251587
20.0,105645.0,0.013388090766966343,0.0,-0.37626558542251587
20.0,105650.0,0.013388090766966343,0.0,-0.37626558542251587
20.0,105654.0,0.013388090766966343,0.0,-0.37626558542251587
20.0,105657.0,0.013388090766966343,0.0,-0.37626558542251587
20.0,105661.0,0.013388090766966343,0.0,-0.37626558542251587
20.0,105664.0,0.013388090766966343,0.0,-0.37626558542251587
20.0,105671.0,0.013388090766966343,0.0,-0.37626558542251587
20.0,105675.0,0.013388090766966343,0.0,-0.37626558542251587
20.0,105679.0,0.013388090766966343,0.0,-0.37626558542251587
20.0,105682.0,0.013388090766966343,0.0,-0.37626558542251587
20.0,105686.0,0.013388090766966343,0.0,-0.37626558542251587
20.0,105689.0,0.013388090766966343,0.0,-0.37626558542251587
20.0,105693.0,0.013388090766966343,0.0,-0.37626558542251587
20.0,105696.0,0.013388090766966343,0.0,-0.37626558542251587
20.0,105700.0,0.013388090766966343,0.0,-0.37626558542251587
20.0,105704.0,0.013388090766966343,0.0,-0.37626558542251587
20.0,105707.0,0.013388090766966343,0.0,-0.37626558542251587
20.0,105711.0,0.013388090766966343,0.0,-0.37626558542251587
20.0,105714.0,0.013388090766966343,0.0,-0.37626558542251587
20.0,105720.0,0.013388090766966343,0.0,-0.37626558542251587
20.0,105723.0,0.013388090766966343,0.0,-0.37626558542251587
20.0,105727.0,0.013388090766966343,0.0,-0.37626558542251587
20.0,105731.0,0.013388090766966343,0.0,-0.37626558542251587
20.0,105734.0,0.013388090766966343,0.0,-0.37626558542251587
20.0,105738.0,0.013388090766966343,0.0,-0.37626558542251587
20.0,105741.0,0.013388090766966343,0.0,-0.37626558542251587
20.0,105745.0,0.013388090766966343,0.0,-0.37626558542251587
20.0,105748.0,0.013388090766966343,0.0,-0.37626558542251587
20.0,105752.0,0.013388090766966343,0.0,-0.37626558542251587
20.0,105756.0,0.013388090766966343,0.0,-0.37626558542251587
20.0,105760.0,0.013388090766966343,0.0,-0.37626558542251587
20.0,105763.0,0.013388090766966343,0.0,-0.37626558542251587
20.0,105767.0,0.013388090766966343,0.0,-0.37626558542251587
20.0,105771.0,0.013388090766966343,0.0,-0.37626558542251587
20.0,105774.0,0.013388090766966343,0.0,-0.37626558542251587
20.0,105778.0,0.013388090766966343,0.0,-0.37626558542251587
20.0,105782.0,0.013388090766966343,0.0,-0.37626558542251587
20.0,105786.0,0.013388090766966343,0.0,-0.37626558542251587
20.0,105798.0,0.013388090766966343,0.0,-0.37626558542251587
20.0,105802.0,0.013388090766966343,0.0,-0.37626558542251587
20.0,105806.0,0.013388090766966343,0.0,-0.37626558542251587
20.0,105810.0,0.013388090766966343,0.0,-0.37626558542251587
20.0,105813.0,0.013388090766966343,0.0,-0.37626558542251587
20.0,105817.0,0.013388090766966343,0.0,-0.37626558542251587
20.0,105821.0,0.013388090766966343,0.0,-0.37626558542251587
20.0,105824.0,0.013388090766966343,0.0,-0.37626558542251587
20.0,105828.0,0.013388090766966343,0.0,-0.37626558542251587
20.0,105831.0,0.013388090766966343,0.0,-0.37626558542251587
20.0,105835.0,0.013388090766966343,0.0,-0.37626558542251587
20.0,105839.0,0.013388090766966343,0.0,-0.37626558542251587
20.0,105843.0,0.013388090766966343,0.0,-0.37626558542251587
20.0,105846.0,0.013388090766966343,0.0,-0.37626558542251587
20.0,105851.0,0.013388090766966343,0.0,-0.37626558542251587
20.0,105855.0,0.013388090766966343,0.0,-0.37626558542251587
20.0,105859.0,0.013388090766966343,0.0,-0.37626558542251587
20.0,105862.0,0.013388090766966343,0.0,-0.37626558542251587
20.0,105868.0,0.013388090766966343,0.0,-0.37626558542251587
20.0,105871.0,0.013388090766966343,0.0,-0.37626558542251587
20.0,105875.0,0.013388090766966343,0.0,-0.37626558542251587
20.0,105879.0,0.013388090766966343,0.0,-0.37626558542251587
20.0,105882.0,0.013388090766966343,0.0,-0.37626558542251587
20.0,105885.0,0.013388090766966343,0.0,-0.37626558542251587
20.0,105889.0,0.013388090766966343,0.0,-0.37626558542251587
20.0,105892.0,0.013388090766966343,0.0,-0.37626558542251587
20.0,105896.0,0.013388090766966343,0.0,-0.37626558542251587
20.0,105901.0,0.013388090766966343,0.0,-0.37626558542251587
20.0,105904.0,0.013388090766966343,0.0,-0.37626558542251587
20.0,105908.0,0.013388090766966343,0.0,-0.37626558542251587
20.0,105911.0,0.013388090766966343,0.0,-0.37626558542251587
20.0,105915.0,0.013388090766966343,0.0,-0.37626558542251587
20.0,105919.0,0.013388090766966343,0.0,-0.37626558542251587
20.0,105922.0,0.013388090766966343,0.0,-0.37626558542251587
20.0,105925.0,0.013388090766966343,0.0,-0.37626558542251587
20.0,105929.0,0.013388090766966343,0.0,-0.37626558542251587
20.0,105933.0,0.013388090766966343,0.0,-0.37626558542251587
20.0,105936.0,0.013388090766966343,0.0,-0.37626558542251587
20.0,105940.0,0.013388090766966343,0.0,-0.37626558542251587
20.0,105944.0,0.013388090766966343,0.0,-0.37626558542251587
20.0,105947.0,0.013388090766966343,0.0,-0.37626558542251587
20.0,105951.0,0.013388090766966343,0.0,-0.37626558542251587
20.0,105955.0,0.013388090766966343,0.0,-0.37626558542251587
20.0,105959.0,0.013388090766966343,0.0,-0.37626558542251587
20.0,105962.0,0.013388090766966343,0.0,-0.37626558542251587
20.0,105968.0,0.013388090766966343,0.0,-0.37626558542251587
20.0,105971.0,0.013388090766966343,0.0,-0.37626558542251587
20.0,105975.0,0.013388090766966343,0.0,-0.37626558542251587
20.0,105979.0,0.013388090766966343,0.0,-0.37626558542251587
20.0,105982.0,0.013388090766966343,0.0,-0.37626558542251587
20.0,105995.0,0.013388090766966343,0.0,-0.37626558542251587
20.0,105999.0,0.013388090766966343,0.0,-0.37626558542251587
20.0,106003.0,0.013388090766966343,0.0,-0.37626558542251587
20.0,106006.0,0.013388090766966343,0.0,-0.37626558542251587
20.0,106010.0,0.013388090766966343,0.0,-0.37626558542251587
20.0,106013.0,0.013388090766966343,0.0,-0.37626558542251587
20.0,106017.0,0.013388090766966343,0.0,-0.37626558542251587
20.0,106021.0,0.013388090766966343,0.0,-0.37626558542251587
20.0,106027.0,0.013388090766966343,0.0,-0.37626558542251587
20.0,106031.0,0.013388090766966343,0.0,-0.37626558542251587
20.0,106036.0,0.013388090766966343,0.0,-0.37626558542251587
20.0,106040.0,0.013388090766966343,0.0,-0.37626558542251587
20.0,106044.0,0.013388090766966343,0.0,-0.37626558542251587
20.0,106047.0,0.013388090766966343,0.0,-0.37626558542251587
20.0,106052.0,0.013388090766966343,0.0,-0.37626558542251587
20.0,106055.0,0.013388090766966343,0.0,-0.37626558542251587
20.0,106059.0,0.013388090766966343,0.0,-0.37626558542251587
20.0,106062.0,0.013388090766966343,0.0,-0.37626558542251587
20.0,106065.0,0.013388090766966343,0.0,-0.37626558542251587
20.0,106069.0,0.013388090766966343,0.0,-0.37626558542251587
20.0,106073.0,0.013388090766966343,0.0,-0.37626558542251587
20.0,106076.0,0.013388090766966343,0.0,-0.37626558542251587
20.0,106080.0,0.013388090766966343,0.0,-0.37626558542251587
20.0,106084.0,0.013388090766966343,0.0,-0.37626558542251587
20.0,106088.0,0.013388090766966343,0.0,-0.37626558542251587
20.0,106091.0,0.013388090766966343,0.0,-0.37626558542251587
20.0,106095.0,0.013388090766966343,0.0,-0.37626558542251587
20.0,106099.0,0.013388090766966343,0.0,-0.37626558542251587
20.0,106102.0,0.013388090766966343,0.0,-0.37626558542251587
20.0,106106.0,0.013388090766966343,0.0,-0.37626558542251587
20.0,106110.0,0.013388090766966343,0.0,-0.37626558542251587
20.0,106113.0,0.013388090766966343,0.0,-0.37626558542251587
20.0,106117.0,0.013388090766966343,0.0,-0.37626558542251587
20.0,106121.0,0.013388090766966343,0.0,-0.37626558542251587
20.0,106125.0,0.013388090766966343,0.0,-0.37626558542251587
20.0,106129.0,0.013388090766966343,0.0,-0.37626558542251587
20.0,106132.0,0.013388090766966343,0.0,-0.37626558542251587
20.0,106135.0,0.013388090766966343,0.0,-0.37626558542251587
20.0,106139.0,0.013388090766966343,0.0,-0.37626558542251587
20.0,106142.0,0.013388090766966343,0.0,-0.37626558542251587
20.0,106146.0,0.013388090766966343,0.0,-0.37626558542251587
20.0,106151.0,0.013388090766966343,0.0,-0.37626558542251587
20.0,106155.0,0.013388090766966343,0.0,-0.37626558542251587
20.0,106159.0,0.013388090766966343,0.0,-0.37626558542251587
20.0,106162.0,0.013388090766966343,0.0,-0.37626558542251587
20.0,106166.0,0.013388090766966343,0.0,-0.37626558542251587
20.0,106170.0,0.013388090766966343,0.0,-0.37626558542251587
20.0,106173.0,0.013388090766966343,0.0,-0.37626558542251587
20.0,106177.0,0.013388090766966343,0.0,-0.37626558542251587
20.0,106181.0,0.013388090766966343,0.0,-0.37626558542251587
20.0,106193.0,0.013388090766966343,0.0,-0.37626558542251587
20.0,106197.0,0.013388090766966343,0.0,-0.37626558542251587
20.0,106201.0,0.013388090766966343,0.0,-0.37626558542251587
20.0,106205.0,0.013388090766966343,0.0,-0.37626558542251587
20.0,106209.0,0.013388090766966343,0.0,-0.37626558542251587
20.0,106212.0,0.013388090766966343,0.0,-0.37626558542251587
20.0,106218.0,0.013388090766966343,0.0,-0.37626558542251587
20.0,106222.0,0.013388090766966343,0.0,-0.37626558542251587
20.0,106225.0,0.013388090766966343,0.0,-0.37626558542251587
20.0,106229.0,0.013388090766966343,0.0,-0.37626558542251587
20.0,106232.0,0.013388090766966343,0.0,-0.37626558542251587
20.0,106236.0,0.013388090766966343,0.0,-0.37626558542251587
20.0,106239.0,0.013388090766966343,0.0,-0.37626558542251587
20.0,106243.0,0.013388090766966343,0.0,-0.37626558542251587
20.0,106247.0,0.013388090766966343,0.0,-0.37626558542251587
20.0,106251.0,0.013388090766966343,0.0,-0.37626558542251587
20.0,106254.0,0.013388090766966343,0.0,-0.37626558542251587
20.0,106258.0,0.013388090766966343,0.0,-0.37626558542251587
20.0,106261.0,0.013388090766966343,0.0,-0.37626558542251587
20.0,106265.0,0.013388090766966343,0.0,-0.37626558542251587
20.0,106269.0,0.013388090766966343,0.0,-0.37626558542251587
20.0,106273.0,0.013388090766966343,0.0,-0.37626558542251587
20.0,106276.0,0.013388090766966343,0.0,-0.37626558542251587
20.0,106279.0,0.013388090766966343,0.0,-0.37626558542251587
20.0,106283.0,0.013388090766966343,0.0,-0.37626558542251587
20.0,106286.0,0.013388090766966343,0.0,-0.37626558542251587
20.0,106290.0,0.013388090766966343,0.0,-0.37626558542251587
20.0,106294.0,0.013388090766966343,0.0,-0.37626558542251587
20.0,106298.0,0.013388090766966343,0.0,-0.37626558542251587
20.0,106302.0,0.013388090766966343,0.0,-0.37626558542251587
20.0,106306.0,0.013388090766966343,0.0,-0.37626558542251587
20.0,106309.0,0.013388090766966343,0.0,-0.37626558542251587
20.0,106313.0,0.013388090766966343,0.0,-0.37626558542251587
20.0,106317.0,0.013388090766966343,0.0,-0.37626558542251587
20.0,106321.0,0.013388090766966343,0.0,-0.37626558542251587
20.0,106324.0,0.013388090766966343,0.0,-0.37626558542251587
20.0,106328.0,0.013388090766966343,0.0,-0.37626558542251587
20.0,106331.0,0.013388090766966343,0.0,-0.37626558542251587
20.0,106335.0,0.013388090766966343,0.0,-0.37626558542251587
20.0,106338.0,0.013388090766966343,0.0,-0.37626558542251587
20.0,106342.0,0.013388090766966343,0.0,-0.37626558542251587
20.0,106345.0,0.013388090766966343,0.0,-0.37626558542251587
20.0,106349.0,0.013388090766966343,0.0,-0.37626558542251587
20.0,106354.0,0.013388090766966343,0.0,-0.37626558542251587
20.0,106358.0,0.013388090766966343,0.0,-0.37626558542251587
20.0,106361.0,0.013388090766966343,0.0,-0.37626558542251587
20.0,106365.0,0.013388090766966343,0.0,-0.37626558542251587
20.0,106369.0,0.013388090766966343,0.0,-0.37626558542251587
20.0,106372.0,0.013388090766966343,0.0,-0.37626558542251587
20.0,106376.0,0.013388090766966343,0.0,-0.37626558542251587
20.0,106388.0,0.013388090766966343,0.0,-0.37626558542251587
20.0,106392.0,0.013388090766966343,0.0,-0.37626558542251587
20.0,106396.0,0.013388090766966343,0.0,-0.37626558542251587
20.0,106399.0,0.013388090766966343,0.0,-0.37626558542251587
20.0,106403.0,0.013388090766966343,0.0,-0.37626558542251587
20.0,106407.0,0.013388090766966343,0.0,-0.37626558542251587
20.0,106411.0,0.013388090766966343,0.0,-0.37626558542251587
20.0,106414.0,0.013388090766966343,0.0,-0.37626558542251587
20.0,106419.0,0.013388090766966343,0.0,-0.37626558542251587
20.0,106422.0,0.013388090766966343,0.0,-0.37626558542251587
20.0,106425.0,0.013388090766966343,0.0,-0.37626558542251587
20.0,106429.0,0.013388090766966343,0.0,-0.37626558542251587
20.0,106432.0,0.013388090766966343,0.0,-0.37626558542251587
20.0,106435.0,0.013388090766966343,0.0,-0.37626558542251587
20.0,106439.0,0.013388090766966343,0.0,-0.37626558542251587
20.0,106443.0,0.013388090766966343,0.0,-0.37626558542251587
20.0,106446.0,0.013388090766966343,0.0,-0.37626558542251587
20.0,106450.0,0.013388090766966343,0.0,-0.37626558542251587
20.0,106453.0,0.013388090766966343,0.0,-0.37626558542251587
20.0,106457.0,0.013388090766966343,0.0,-0.37626558542251587
20.0,106461.0,0.013388090766966343,0.0,-0.37626558542251587
20.0,106465.0,0.013388090766966343,0.0,-0.37626558542251587
20.0,106470.0,0.013388090766966343,0.0,-0.37626558542251587
20.0,106474.0,0.013388090766966343,0.0,-0.37626558542251587
20.0,106477.0,0.013388090766966343,0.0,-0.37626558542251587
20.0,106481.0,0.013388090766966343,0.0,-0.37626558542251587
20.0,106485.0,0.013388090766966343,0.0,-0.37626558542251587
20.0,106489.0,0.013388090766966343,0.0,-0.37626558542251587
20.0,106492.0,0.013388090766966343,0.0,-0.37626558542251587
20.0,106496.0,0.013388090766966343,0.0,-0.37626558542251587
20.0,106500.0,0.013388090766966343,0.0,-0.37626558542251587
20.0,106503.0,0.013388090766966343,0.0,-0.37626558542251587
20.0,106507.0,0.013388090766966343,0.0,-0.37626558542251587
20.0,106511.0,0.013388090766966343,0.0,-0.37626558542251587
20.0,106515.0,0.013388090766966343,0.0,-0.37626558542251587
20.0,106519.0,0.013388090766966343,0.0,-0.37626558542251587
20.0,106522.0,0.013388090766966343,0.0,-0.37626558542251587
20.0,106525.0,0.013388090766966343,0.0,-0.37626558542251587
20.0,106529.0,0.013388090766966343,0.0,-0.37626558542251587
20.0,106533.0,0.013388090766966343,0.0,-0.37626558542251587
20.0,106538.0,0.013388090766966343,0.0,-0.37626558542251587
20.0,106542.0,0.013388090766966343,0.0,-0.37626558542251587
20.0,106545.0,0.013388090766966343,0.0,-0.37626558542251587
20.0,106550.0,0.013388090766966343,0.0,-0.37626558542251587
20.0,106554.0,0.013388090766966343,0.0,-0.37626558542251587
20.0,106557.0,0.013388090766966343,0.0,-0.37626558542251587
20.0,106561.0,0.013388090766966343,0.0,-0.37626558542251587
20.0,106565.0,0.013388090766966343,0.0,-0.37626558542251587
20.0,106569.0,0.013388090766966343,0.0,-0.37626558542251587
20.0,106572.0,0.013388090766966343,0.0,-0.37626558542251587
20.0,106585.0,0.013388090766966343,0.0,-0.37626558542251587
20.0,106589.0,0.013388090766966343,0.0,-0.37626558542251587
20.0,106592.0,0.013388090766966343,0.0,-0.37626558542251587
20.0,106595.0,0.013388090766966343,0.0,-0.37626558542251587
20.0,106600.0,0.013388090766966343,0.0,-0.37626558542251587
20.0,106603.0,0.013388090766966343,0.0,-0.37626558542251587
20.0,106606.0,0.013388090766966343,0.0,-0.37626558542251587
20.0,106610.0,0.013388090766966343,0.0,-0.37626558542251587
20.0,106614.0,0.013388090766966343,0.0,-0.37626558542251587
20.0,106618.0,0.013388090766966343,0.0,-0.37626558542251587
20.0,106622.0,0.013388090766966343,0.0,-0.37626558542251587
20.0,106625.0,0.013388090766966343,0.0,-0.37626558542251587
20.0,106629.0,0.013388090766966343,0.0,-0.37626558542251587
20.0,106632.0,0.013388090766966343,0.0,-0.37626558542251587
20.0,106635.0,0.013388090766966343,0.0,-0.37626558542251587
20.0,106639.0,0.013388090766966343,0.0,-0.37626558542251587
20.0,106643.0,0.013388090766966343,0.0,-0.37626558542251587
20.0,106646.0,0.013388090766966343,0.0,-0.37626558542251587
20.0,106652.0,0.013388090766966343,0.0,-0.37626558542251587
20.0,106656.0,0.013388090766966343,0.0,-0.37626558542251587
20.0,106659.0,0.013388090766966343,0.0,-0.37626558542251587
20.0,106663.0,0.013388090766966343,0.0,-0.37626558542251587
20.0,106668.0,0.013388090766966343,0.0,-0.37626558542251587
20.0,106672.0,0.013388090766966343,0.0,-0.37626558542251587
20.0,106675.0,0.013388090766966343,0.0,-0.37626558542251587
20.0,106679.0,0.013388090766966343,0.0,-0.37626558542251587
20.0,106682.0,0.013388090766966343,0.0,-0.37626558542251587
20.0,106686.0,0.013388090766966343,0.0,-0.37626558542251587
20.0,106689.0,0.013388090766966343,0.0,-0.37626558542251587
20.0,106693.0,0.013388090766966343,0.0,-0.37626558542251587
20.0,106697.0,0.013388090766966343,0.0,-0.37626558542251587
20.0,106702.0,0.013388090766966343,0.0,-0.37626558542251587
20.0,106705.0,0.013388090766966343,0.0,-0.37626558542251587
20.0,106709.0,0.013388090766966343,0.0,-0.37626558542251587
20.0,106712.0,0.013388090766966343,0.0,-0.37626558542251587
20.0,106718.0,0.013388090766966343,0.0,-0.37626558542251587
20.0,106722.0,0.013388090766966343,0.0,-0.37626558542251587
20.0,106726.0,0.013388090766966343,0.0,-0.37626558542251587
20.0,106729.0,0.013388090766966343,0.0,-0.37626558542251587
20.0,106734.0,0.013388090766966343,0.0,-0.37626558542251587
20.0,106737.0,0.013388090766966343,0.0,-0.37626558542251587
20.0,106741.0,0.013388090766966343,0.0,-0.37626558542251587
20.0,106745.0,0.013388090766966343,0.0,-0.37626558542251587
20.0,106749.0,0.013388090766966343,0.0,-0.37626558542251587
20.0,106752.0,0.013388090766966343,0.0,-0.37626558542251587
20.0,106755.0,0.013388090766966343,0.0,-0.37626558542251587
20.0,106759.0,0.013388090766966343,0.0,-0.37626558542251587
20.0,106763.0,0.013388090766966343,0.0,-0.37626558542251587
20.0,106766.0,0.013388090766966343,0.0,-0.37626558542251587
20.0,106770.0,0.013388090766966343,0.0,-0.37626558542251587
20.0,106783.0,0.013388090766966343,0.0,-0.37626558542251587
20.0,106787.0,0.013388090766966343,0.0,-0.37626558542251587
20.0,106791.0,0.013388090766966343,0.0,-0.37626558542251587
20.0,106795.0,0.013388090766966343,0.0,-0.37626558542251587
20.0,106799.0,0.013388090766966343,0.0,-0.37626558542251587
20.0,106803.0,0.013388090766966343,0.0,-0.37626558542251587
20.0,106806.0,0.013388090766966343,0.0,-0.37626558542251587
20.0,106810.0,0.013388090766966343,0.0,-0.37626558542251587
20.0,106814.0,0.013388090766966343,0.0,-0.37626558542251587
20.0,106819.0,0.013388090766966343,0.0,-0.37626558542251587
20.0,106822.0,0.013388090766966343,0.0,-0.37626558542251587
20.0,106825.0,0.013388090766966343,0.0,-0.37626558542251587
20.0,106829.0,0.013388090766966343,0.0,-0.37626558542251587
20.0,106832.0,0.013388090766966343,0.0,-0.37626558542251587
20.0,106836.0,0.013388090766966343,0.0,-0.37626558542251587
20.0,106840.0,0.013388090766966343,0.0,-0.37626558542251587
20.0,106843.0,0.013388090766966343,0.0,-0.37626558542251587
20.0,106847.0,0.013388090766966343,0.0,-0.37626558542251587
20.0,106852.0,0.013388090766966343,0.0,-0.37626558542251587
20.0,106856.0,0.013388090766966343,0.0,-0.37626558542251587
20.0,106860.0,0.013388090766966343,0.0,-0.37626558542251587
20.0,106864.0,0.013388090766966343,0.0,-0.37626558542251587
20.0,106869.0,0.013388090766966343,0.0,-0.37626558542251587
20.0,106872.0,0.013388090766966343,0.0,-0.37626558542251587
20.0,106876.0,0.013388090766966343,0.0,-0.37626558542251587
20.0,106880.0,0.013388090766966343,0.0,-0.37626558542251587
20.0,106883.0,0.013388090766966343,0.0,-0.37626558542251587
20.0,106887.0,0.013388090766966343,0.0,-0.37626558542251587
20.0,106892.0,0.013388090766966343,0.0,-0.37626558542251587
20.0,106895.0,0.013388090766966343,0.0,-0.37626558542251587
20.0,106899.0,0.013388090766966343,0.0,-0.37626558542251587
20.0,106902.0,0.013388090766966343,0.0,-0.37626558542251587
20.0,106905.0,0.013388090766966343,0.0,-0.37626558542251587
20.0,106909.0,0.013388090766966343,0.0,-0.37626558542251587
20.0,106913.0,0.013388090766966343,0.0,-0.37626558542251587
20.0,106916.0,0.013388090766966343,0.0,-0.37626558542251587
20.0,106921.0,0.013388090766966343,0.0,-0.37626558542251587
20.0,106925.0,0.013388090766966343,0.0,-0.37626558542251587
20.0,106929.0,0.013388090766966343,0.0,-0.37626558542251587
20.0,106932.0,0.013388090766966343,0.0,-0.37626558542251587
20.0,106936.0,0.013388090766966343,0.0,-0.37626558542251587
20.0,106940.0,0.013388090766966343,0.0,-0.37626558542251587
20.0,106943.0,0.013388090766966343,0.0,-0.37626558542251587
20.0,106947.0,0.013388090766966343,0.0,-0.37626558542251587
20.0,106951.0,0.013388090766966343,0.0,-0.37626558542251587
20.0,106955.0,0.013388090766966343,0.0,-0.37626558542251587
20.0,106959.0,0.013388090766966343,0.0,-0.37626558542251587
20.0,106962.0,0.013388090766966343,0.0,-0.37626558542251587
20.0,106966.0,0.013388090766966343,0.0,-0.37626558542251587
20.0,106971.0,0.013388090766966343,0.0,-0.37626558542251587
20.0,106984.0,0.013388090766966343,0.0,-0.37626558542251587
20.0,106988.0,0.013388090766966343,0.0,-0.37626558542251587
20.0,106991.0,0.013388090766966343,0.0,-0.37626558542251587
20.0,106995.0,0.013388090766966343,0.0,-0.37626558542251587
20.0,106999.0,0.013388090766966343,0.0,-0.37626558542251587
20.0,107002.0,0.013388090766966343,0.0,-0.37626558542251587
20.0,107005.0,0.013388090766966343,0.0,-0.37626558542251587
20.0,107009.0,0.013388090766966343,0.0,-0.37626558542251587
20.0,107013.0,0.013388090766966343,0.0,-0.37626558542251587
20.0,107016.0,0.013388090766966343,0.0,-0.37626558542251587
20.0,107020.0,0.013388090766966343,0.0,-0.37626558542251587
20.0,107024.0,0.013388090766966343,0.0,-0.37626558542251587
20.0,107029.0,0.013388090766966343,0.0,-0.37626558542251587
20.0,107033.0,0.013388090766966343,0.0,-0.37626558542251587
20.0,107039.0,0.013388090766966343,0.0,-0.37626558542251587
20.0,107042.0,0.013388090766966343,0.0,-0.37626558542251587
20.0,107046.0,0.013388090766966343,0.0,-0.37626558542251587
20.0,107051.0,0.013388090766966343,0.0,-0.37626558542251587
20.0,107054.0,0.013388090766966343,0.0,-0.37626558542251587
20.0,107058.0,0.013388090766966343,0.0,-0.37626558542251587
20.0,107061.0,0.013388090766966343,0.0,-0.37626558542251587
20.0,107065.0,0.013388090766966343,0.0,-0.37626558542251587
20.0,107069.0,0.013388090766966343,0.0,-0.37626558542251587
20.0,107073.0,0.013388090766966343,0.0,-0.37626558542251587
20.0,107076.0,0.013388090766966343,0.0,-0.37626558542251587
20.0,107081.0,0.013388090766966343,0.0,-0.37626558542251587
20.0,107085.0,0.013388090766966343,0.0,-0.37626558542251587
20.0,107089.0,0.013388090766966343,0.0,-0.37626558542251587
20.0,107092.0,0.013388090766966343,0.0,-0.37626558542251587
20.0,107096.0,0.013388090766966343,0.0,-0.37626558542251587
20.0,107100.0,0.013388090766966343,0.0,-0.37626558542251587
20.0,107104.0,0.013388090766966343,0.0,-0.37626558542251587
20.0,107107.0,0.013388090766966343,0.0,-0.37626558542251587
20.0,107111.0,0.013388090766966343,0.0,-0.37626558542251587
20.0,107115.0,0.013388090766966343,0.0,-0.37626558542251587
20.0,107119.0,0.013388090766966343,0.0,-0.37626558542251587
20.0,107122.0,0.013388090766966343,0.0,-0.37626558542251587
20.0,107126.0,0.013388090766966343,0.0,-0.37626558542251587
20.0,107130.0,0.013388090766966343,0.0,-0.37626558542251587
20.0,107133.0,0.013388090766966343,0.0,-0.37626558542251587
20.0,107137.0,0.013388090766966343,0.0,-0.37626558542251587
20.0,107141.0,0.013388090766966343,0.0,-0.37626558542251587
20.0,107145.0,0.013388090766966343,0.0,-0.37626558542251587
20.0,107149.0,0.013388090766966343,0.0,-0.37626558542251587
20.0,107154.0,0.013388090766966343,0.0,-0.37626558542251587
20.0,107158.0,0.013388090766966343,0.0,-0.37626558542251587
20.0,107162.0,0.013388090766966343,0.0,-0.37626558542251587
20.0,107165.0,0.013388090766966343,0.0,-0.37626558542251587
20.0,107169.0,0.013388090766966343,0.0,-0.37626558542251587
20.0,107173.0,0.013388090766966343,0.0,-0.37626558542251587
20.0,107185.0,0.013388090766966343,0.0,-0.37626558542251587
20.0,107189.0,0.013388090766966343,0.0,-0.37626558542251587
20.0,107192.0,0.013388090766966343,0.0,-0.37626558542251587
20.0,107196.0,0.013388090766966343,0.0,-0.37626558542251587
20.0,107199.0,0.013388090766966343,0.0,-0.37626558542251587
20.0,107203.0,0.013388090766966343,0.0,-0.37626558542251587
20.0,107206.0,0.013388090766966343,0.0,-0.37626558542251587
20.0,107210.0,0.013388090766966343,0.0,-0.37626558542251587
20.0,107214.0,0.013388090766966343,0.0,-0.37626558542251587
20.0,107220.0,0.013388090766966343,0.0,-0.37626558542251587
20.0,107224.0,0.013388090766966343,0.0,-0.37626558542251587
20.0,107228.0,0.013388090766966343,0.0,-0.37626558542251587
20.0,107231.0,0.013388090766966343,0.0,-0.37626558542251587
20.0,107235.0,0.013388090766966343,0.0,-0.37626558542251587
20.0,107239.0,0.013388090766966343,0.0,-0.37626558542251587
20.0,107243.0,0.013388090766966343,0.0,-0.37626558542251587
20.0,107246.0,0.013388090766966343,0.0,-0.37626558542251587
20.0,107251.0,0.013388090766966343,0.0,-0.37626558542251587
20.0,107254.0,0.013388090766966343,0.0,-0.37626558542251587
20.0,107258.0,0.013388090766966343,0.0,-0.37626558542251587
20.0,107262.0,0.013388090766966343,0.0,-0.37626558542251587
20.0,107265.0,0.013388090766966343,0.0,-0.37626558542251587
20.0,107269.0,0.013388090766966343,0.0,-0.37626558542251587
20.0,107273.0,0.013388090766966343,0.0,-0.37626558542251587
20.0,107276.0,0.013388090766966343,0.0,-0.37626558542251587
20.0,107280.0,0.013388090766966343,0.0,-0.37626558542251587
20.0,107284.0,0.013388090766966343,0.0,-0.37626558542251587
20.0,107288.0,0.013388090766966343,0.0,-0.37626558542251587
20.0,107291.0,0.013388090766966343,0.0,-0.37626558542251587
20.0,107295.0,0.013388090766966343,0.0,-0.37626558542251587
20.0,107299.0,0.013388090766966343,0.0,-0.37626558542251587
20.0,107303.0,0.013388090766966343,0.0,-0.37626558542251587
20.0,107306.0,0.013388090766966343,0.0,-0.37626558542251587
20.0,107310.0,0.013388090766966343,0.0,-0.37626558542251587
20.0,107314.0,0.013388090766966343,0.0,-0.37626558542251587
20.0,107317.0,0.013388090766966343,0.0,-0.37626558542251587
20.0,107321.0,0.013388090766966343,0.0,-0.37626558542251587
20.0,107325.0,0.013388090766966343,0.0,-0.37626558542251587
20.0,107329.0,0.013388090766966343,0.0,-0.37626558542251587
20.0,107332.0,0.013388090766966343,0.0,-0.37626558542251587
20.0,107335.0,0.013388090766966343,0.0,-0.37626558542251587
20.0,107339.0,0.013388090766966343,0.0,-0.37626558542251587
20.0,107343.0,0.013388090766966343,0.0,-0.37626558542251587
20.0,107346.0,0.013388090766966343,0.0,-0.37626558542251587
20.0,107352.0,0.013388090766966343,0.0,-0.37626558542251587
20.0,107355.0,0.013388090766966343,0.0,-0.37626558542251587
20.0,107359.0,0.013388090766966343,0.0,-0.37626558542251587
20.0,107363.0,0.013388090766966343,0.0,-0.37626558542251587
20.0,107366.0,0.013388090766966343,0.0,-0.37626558542251587
20.0,107371.0,0.013388090766966343,0.0,-0.37626558542251587
20.0,107384.0,0.013388090766966343,0.0,-0.37626558542251587
20.0,107388.0,0.013388090766966343,0.0,-0.37626558542251587
20.0,107391.0,0.013388090766966343,0.0,-0.37626558542251587
20.0,107395.0,0.013388090766966343,0.0,-0.37626558542251587
20.0,107399.0,0.013388090766966343,0.0,-0.37626558542251587
20.0,107403.0,0.013388090766966343,0.0,-0.37626558542251587
20.0,107406.0,0.013388090766966343,0.0,-0.37626558542251587
20.0,107410.0,0.013388090766966343,0.0,-0.37626558542251587
20.0,107414.0,0.013388090766966343,0.0,-0.37626558542251587
20.0,107418.0,0.013388090766966343,0.0,-0.37626558542251587
20.0,107422.0,0.013388090766966343,0.0,-0.37626558542251587
20.0,107425.0,0.013388090766966343,0.0,-0.37626558542251587
20.0,107429.0,0.013388090766966343,0.0,-0.37626558542251587
20.0,107432.0,0.013388090766966343,0.0,-0.37626558542251587
20.0,107436.0,0.013388090766966343,0.0,-0.37626558542251587
20.0,107440.0,0.013388090766966343,0.0,-0.37626558542251587
20.0,107443.0,0.013388090766966343,0.0,-0.37626558542251587
20.0,107447.0,0.013388090766966343,0.0,-0.37626558542251587
20.0,107451.0,0.013388090766966343,0.0,-0.37626558542251587
20.0,107455.0,0.013388090766966343,0.0,-0.37626558542251587
20.0,107459.0,0.013388090766966343,0.0,-0.37626558542251587
20.0,107462.0,0.013388090766966343,0.0,-0.37626558542251587
20.0,107467.0,0.013388090766966343,0.0,-0.37626558542251587
20.0,107471.0,0.013388090766966343,0.0,-0.37626558542251587
20.0,107474.0,0.013388090766966343,0.0,-0.37626558542251587
20.0,107478.0,0.013388090766966343,0.0,-0.37626558542251587
20.0,107482.0,0.013388090766966343,0.0,-0.37626558542251587
20.0,107486.0,0.013388090766966343,0.0,-0.37626558542251587
20.0,107490.0,0.013388090766966343,0.0,-0.37626558542251587
20.0,107494.0,0.013388090766966343,0.0,-0.37626558542251587
20.0,107498.0,0.013388090766966343,0.0,-0.37626558542251587
20.0,107502.0,0.013388090766966343,0.0,-0.37626558542251587
20.0,107506.0,0.013388090766966343,0.0,-0.37626558542251587
20.0,107510.0,0.013388090766966343,0.0,-0.37626558542251587
20.0,107514.0,0.013388090766966343,0.0,-0.37626558542251587
20.0,107517.0,0.013388090766966343,0.0,-0.37626558542251587
20.0,107521.0,0.013388090766966343,0.0,-0.37626558542251587
20.0,107525.0,0.013388090766966343,0.0,-0.37626558542251587
20.0,107529.0,0.013388090766966343,0.0,-0.37626558542251587
20.0,107532.0,0.013388090766966343,0.0,-0.37626558542251587
20.0,107538.0,0.013388090766966343,0.0,-0.37626558542251587
20.0,107542.0,0.013388090766966343,0.0,-0.37626558542251587
20.0,107545.0,0.013388090766966343,0.0,-0.37626558542251587
20.0,107549.0,0.013388090766966343,0.0,-0.37626558542251587
20.0,107553.0,0.013388090766966343,0.0,-0.37626558542251587
20.0,107556.0,0.013388090766966343,0.0,-0.37626558542251587
20.0,107560.0,0.013388090766966343,0.0,-0.37626558542251587
20.0,107564.0,0.013388090766966343,0.0,-0.37626558542251587
20.0,107568.0,0.013388090766966343,0.0,-0.37626558542251587
20.0,107572.0,0.013388090766966343,0.0,-0.37626558542251587
20.0,107584.0,0.013388090766966343,0.0,-0.37626558542251587
20.0,107588.0,0.013388090766966343,0.0,-0.37626558542251587
20.0,107592.0,0.013388090766966343,0.0,-0.37626558542251587
20.0,107596.0,0.013388090766966343,0.0,-0.37626558542251587
20.0,107599.0,0.013388090766966343,0.0,-0.37626558542251587
20.0,107603.0,0.013388090766966343,0.0,-0.37626558542251587
20.0,107606.0,0.013388090766966343,0.0,-0.37626558542251587
20.0,107610.0,0.013388090766966343,0.0,-0.37626558542251587
20.0,107614.0,0.013388090766966343,0.0,-0.37626558542251587
20.0,107618.0,0.013388090766966343,0.0,-0.37626558542251587
20.0,107621.0,0.013388090766966343,0.0,-0.37626558542251587
20.0,107625.0,0.013388090766966343,0.0,-0.37626558542251587
20.0,107629.0,0.013388090766966343,0.0,-0.37626558542251587
20.0,107632.0,0.013388090766966343,0.0,-0.37626558542251587
20.0,107636.0,0.013388090766966343,0.0,-0.37626558542251587
20.0,107640.0,0.013388090766966343,0.0,-0.37626558542251587
20.0,107644.0,0.013388090766966343,0.0,-0.37626558542251587
20.0,107648.0,0.013388090766966343,0.0,-0.37626558542251587
20.0,107652.0,0.013388090766966343,0.0,-0.37626558542251587
20.0,107655.0,0.013388090766966343,0.0,-0.37626558542251587
20.0,107659.0,0.013388090766966343,0.0,-0.37626558542251587
20.0,107663.0,0.013388090766966343,0.0,-0.37626558542251587
20.0,107666.0,0.013388090766966343,0.0,-0.37626558542251587
20.0,107672.0,0.013388090766966343,0.0,-0.37626558542251587
20.0,107675.0,0.013388090766966343,0.0,-0.37626558542251587
20.0,107679.0,0.013388090766966343,0.0,-0.37626558542251587
20.0,107682.0,0.013388090766966343,0.0,-0.37626558542251587
20.0,107687.0,0.013388090766966343,0.0,-0.37626558542251587
20.0,107690.0,0.013388090766966343,0.0,-0.37626558542251587
20.0,107694.0,0.013388090766966343,0.0,-0.37626558542251587
20.0,107698.0,0.013388090766966343,0.0,-0.37626558542251587
20.0,107702.0,0.013388090766966343,0.0,-0.37626558542251587
20.0,107705.0,0.013388090766966343,0.0,-0.37626558542251587
20.0,107709.0,0.013388090766966343,0.0,-0.37626558542251587
20.0,107713.0,0.013388090766966343,0.0,-0.37626558542251587
20.0,107716.0,0.013388090766966343,0.0,-0.37626558542251587
20.0,107721.0,0.013388090766966343,0.0,-0.37626558542251587
20.0,107724.0,0.013388090766966343,0.0,-0.37626558542251587
21.0,107728.0,0.013388090766966343,0.0,5.623734474182129
21.0,107732.0,0.013388090766966343,0.0,5.6290435791015625
21.0,107736.0,0.013149897567927837,0.0015339808305725455,5.486722946166992
21.0,107740.0,0.012357289902865887,0.004601942375302315,5.196838855743408
21.0,107744.0,0.011622176505625248,0.0076699042692780495,5.02573823928833
21.0,107748.0,0.010320328176021576,0.013805827125906944,4.4588422775268555
21.0,107754.0,0.007946612313389778,0.02147573232650757,3.8555514812469482
21.0,107758.0,0.0060533881187438965,0.029145635664463043,3.214362621307373
21.0,107761.0,0.0045708417892456055,0.03681553900241852,2.610217809677124
21.0,107766.0,0.0019712524954229593,0.04601942375302315,1.7904644012451172
21.0,107769.0,-0.0001683778245933354,0.05522330850362778,0.9934573173522949
21.0,107773.0,-0.001720739179290831,0.06289321184158325,0.43445348739624023
20.0,107786.0,-0.007392196916043758,0.08590292930603027,-7.546162128448486
20.0,107790.0,-0.008053388446569443,0.08897088468074799,-7.997151851654053
20.0,107795.0,-0.007839836180210114,0.08897088468074799,-7.761786460876465
20.0,107799.0,-0.0069650923833251,0.08743690699338913,-7.726639270782471
20.0,107803.0,-0.0055441479198634624,0.08130098134279251,-7.10904598236084
20.0,107807.0,-0.0035728951916098595,0.07516506314277649,-6.588232517242432
20.0,107811.0,-0.0011991786304861307,0.06596117466688156,-5.812186241149902
20.0,107816.0,0.002324435394257307,0.05368933081626892,-4.648293495178223
20.0,107820.0,0.005453798919916153,0.04141748324036598,-3.610147476196289
20.0,107824.0,0.008767967112362385,0.029145635664463043,-2.8775734901428223
20.0,107828.0,0.012213552370667458,0.016873789951205254,-1.940806269645691
20.0,107831.0,0.014792608097195625,0.003067961661145091,-0.7549523711204529
20.0,107835.0,0.018172483891248703,-0.010737866163253784,0.4461217522621155
20.0,107839.0,0.021408624947071075,-0.019941750913858414,1.1843085289001465
20.0,107842.0,0.02439425140619278,-0.030679617077112198,1.9822105169296265
20.0,107846.0,0.026439424604177475,-0.04141748324036598,2.8700382709503174
20.0,107850.0,0.028850102797150612,-0.0475534051656723,3.619851589202881
20.0,107853.0,0.030825462192296982,-0.05675728991627693,4.147375583648682
20.0,107857.0,0.032012321054935455,-0.061359234154224396,4.3830976486206055
20.0,107861.0,0.03316221758723259,-0.0644271969795227,4.777849197387695
20.0,107865.0,0.03380698338150978,-0.06749515980482101,4.8624725341796875
20.0,107870.0,0.03389732912182808,-0.06749515980482101,4.779699325561523
20.0,107874.0,0.03360164165496826,-0.06596117466688156,4.59474515914917
20.0,107877.0,0.03291170299053192,-0.06289321184158325,4.2789740562438965
20.0,107881.0,0.03219301998615265,-0.05982525274157524,4.0659661293029785
20.0,107885.0,0.031006159260869026,-0.05522330850362778,3.5811538696289062
20.0,107889.0,0.029605749994516373,-0.04908738657832146,3.0019471645355225
20.0,107892.0,0.028435317799448967,-0.04295146465301514,2.4859273433685303
20.0,107896.0,0.02678028680384159,-0.03834952041506767,2.1229584217071533
20.0,107899.0,0.025051334872841835,-0.030679617077112198,1.4129257202148438
20.0,107903.0,0.02374127320945263,-0.023009711876511574,0.7148755192756653
20.0,107907.0,0.02202874794602394,-0.016873789951205254,0.011361099779605865
20.0,107911.0,0.020394250750541687,-0.010737866163253784,-0.34241119027137756
20.0,107914.0,0.019248459488153458,-0.003067961661145091,-1.0974791049957275
20.0,107918.0,0.017876796424388885,0.0015339808305725455,-1.3996007442474365
20.0,107922.0,0.016722792759537697,0.006135923322290182,-1.8626078367233276
20.0,107925.0,0.01601642742753029,0.010737866163253784,-2.293546676635742
20.0,107929.0,0.01531416829675436,0.012271846644580364,-2.3537211418151855
20.0,107932.0,0.014878850430250168,0.013805827125906944,-2.425323963165283
20.0,107937.0,0.01472279243171215,0.015339808538556099,-2.57489275932312
20.0,107941.0,0.014804928563535213,0.015339808538556099,-2.5766797065734863
20.0,107945.0,0.015084189362823963,0.013805827125906944,-2.386340618133545
20.0,107949.0,0.015519507229328156,0.012271846644580364,-2.2129480838775635
20.0,107954.0,0.01624229922890663,0.010737866163253784,-2.1477150917053223
20.0,107957.0,0.01694045215845108,0.0076699042692780495,-1.8306254148483276
20.0,107961.0,0.01750718615949154,0.006135923322290182,-1.5376070737838745
20.0,107965.0,0.018316222354769707,0.003067961661145091,-1.2679047584533691
20.0,107969.0,0.019162217155098915,-0.0015339808305725455,-1.0062239170074463
20.0,107973.0,0.019991787150502205,-0.004601942375302315,-0.741828978061676
20.0,107986.0,0.02244763821363449,-0.012271846644580364,-0.14289751648902893
20.0,107990.0,0.023067761212587357,-0.013805827125906944,0.13511143624782562
20.0,107993.0,0.023613963276147842,-0.016873789951205254,0.2694779932498932
20.0,107997.0,0.024061601608991623,-0.01840776950120926,0.3919011354446411
20.0,108001.0,0.024410678073763847,-0.019941750913858414,0.5433692932128906
20.0,108005.0,0.024657083675265312,-0.019941750913858414,0.47307536005973816
20.0,108009.0,0.024763859808444977,-0.019941750913858414,0.43908149003982544
20.0,108013.0,0.024821355938911438,-0.02147573232650757,0.6944628953933716
20.0,108017.0,0.024788500741124153,-0.019941750913858414,0.45861855149269104
20.0,108021.0,0.024735113605856895,-0.019941750913858414,0.494617223739624
20.0,108025.0,0.024640657007694244,-0.019941750913858414,0.5331695079803467
20.0,108031.0,0.02448870614171028,-0.01840776950120926,0.33132806420326233
20.0,108035.0,0.024377822875976562,-0.01840776950120926,0.37875792384147644
20.0,108039.0,0.024271046742796898,-0.016873789951205254,0.16921958327293396
20.0,108042.0,0.024193018674850464,-0.016873789951205254,0.2162933647632599
20.0,108046.0,0.024102669209241867,-0.016873789951205254,0.24681603908538818
20.0,108050.0,0.024032853543758392,-0.016873789951205254,0.2805335521697998
20.0,108054.0,0.023979466408491135,-0.015339808538556099,0.055265456438064575
20.0,108057.0,0.02394661121070385,-0.016873789951205254,0.3330216407775879
20.0,108061.0,0.02393839880824089,-0.015339808538556099,0.0942232608795166
20.0,108065.0,0.02393839880824089,-0.015339808538556099,0.10754282772541046
20.0,108071.0,0.02393839880824089,-0.015339808538556099,0.12345672398805618
20.0,108075.0,0.02393839880824089,-0.015339808538556099,0.13562437891960144
20.0,108079.0,0.02393839880824089,-0.015339808538556099,0.14731264114379883
20.0,108083.0,0.02393839880824089,-0.015339808538556099,0.15854033827781677
20.0,108087.0,0.02393839880824089,-0.015339808538556099,0.1693255454301834
20.0,108091.0,0.02393839880824089,-0.015339808538556099,0.17968571186065674
20.0,108094.0,0.02393839880824089,-0.015339808538556099,0.18963776528835297
20.0,108098.0,0.02393839880824089,-0.015339808538556099,0.1991976499557495
20.0,108102.0,0.02393839880824089,-0.015339808538556099,-0.04553837701678276
20.0,108106.0,0.02393839880824089,-0.015339808538556099,0.21785537898540497
20.0,108110.0,0.02393839880824089,-0.015339808538556099,0.22630342841148376
20.0,108113.0,0.02393839880824089,-0.015339808538556099,0.2344185709953308
20.0,108118.0,0.02393839880824089,-0.015339808538556099,0.2422138899564743
20.0,108121.0,0.02393839880824089,-0.015339808538556099,0.24970202147960663
20.0,108125.0,0.02393839880824089,-0.015339808538556099,0.25689512491226196
20.0,108129.0,0.02393839880824089,-0.015339808538556099,0.2621033191680908
20.0,108133.0,0.02393839880824089,-0.015339808538556099,0.2688077390193939
20.0,108137.0,0.02393839880824089,-0.015339808538556099,0.2768179476261139
20.0,108141.0,0.02393839880824089,-0.015339808538556099,0.2829425632953644
20.0,108145.0,0.02393839880824089,-0.015339808538556099,0.2888258695602417
20.0,108149.0,0.02393839880824089,-0.016873789951205254,0.549774169921875
20.0,108154.0,0.02393839880824089,-0.016873789951205254,0.5494974851608276
20.0,108159.0,0.02393839880824089,-0.016873789951205254,0.5492316484451294
20.0,108162.0,0.023926077410578728,-0.016873789951205254,0.552910327911377
20.0,108166.0,0.02391786500811577,-0.016873789951205254,0.5552489161491394
20.0,108170.0,0.02390143647789955,-0.016873789951205254,0.5611809492111206
20.0,108174.0,0.023885009810328484,-0.016873789951205254,0.5646136999130249
20.0,108177.0,0.023868583142757416,-0.01840776950120926,0.8229668736457825
20.0,108181.0,0.023852156475186348,-0.01840776950120926,0.8228848576545715
20.0,108194.0,0.023708418011665344,-0.01840776950120926,0.850649356842041
20.0,108199.0,0.023609856143593788,-0.01840776950120926,0.86932772397995
20.0,108203.0,0.023523613810539246,-0.01840776950120926,0.8886762857437134
20.0,108207.0,0.023420944809913635,-0.016873789951205254,0.6629473567008972
20.0,108210.0,0.023318275809288025,-0.016873789951205254,0.6915196776390076
20.0,108214.0,0.02324024587869644,-0.016873789951205254,0.7203952074050903
20.0,108218.0,0.023129362612962723,-0.016873789951205254,0.749566376209259
20.0,108222.0,0.023018481209874153,-0.016873789951205254,0.7777109146118164
20.0,108226.0,0.02290349081158638,-0.016873789951205254,0.7991427183151245
20.0,108229.0,0.022813141345977783,-0.016873789951205254,0.8281341791152954
20.0,108233.0,0.022694045677781105,-0.016873789951205254,0.8561276197433472
20.0,108237.0,0.022574948146939278,-0.015339808538556099,0.6305455565452576
20.0,108241.0,0.022451745346188545,-0.015339808538556099,0.6622508764266968
20.0,108245.0,0.022332649677991867,-0.015339808538556099,0.6928261518478394
20.0,108249.0,0.02221355214715004,-0.015339808538556099,0.7236440181732178
20.0,108253.0,0.02209445647895336,-0.015339808538556099,0.750765860080719
20.0,108257.0,0.02197946608066559,-0.015339808538556099,0.7769582271575928
20.0,108261.0,0.02186037041246891,-0.015339808538556099,0.8035485744476318
20.0,108265.0,0.02173716574907303,-0.015339808538556099,0.8318418264389038
20.0,108271.0,0.021540040150284767,-0.015339808538556099,0.8674652576446533
20.0,108275.0,0.021400410681962967,-0.015339808538556099,0.8974839448928833
20.0,108279.0,0.02124435268342495,-0.015339808538556099,0.9317237138748169
20.0,108283.0,0.021071868017315865,-0.015339808538556099,0.97003573179245
20.0,108287.0,0.020895278081297874,-0.015339808538556099,1.0193532705307007
20.0,108291.0,0.020706364884972572,-0.015339808538556099,1.0492249727249146
20.0,108299.0,0.020291581749916077,-0.013805827125906944,0.9027937054634094
20.0,108303.0,0.020065708085894585,-0.013805827125906944,0.9560114145278931
20.0,108307.0,0.019778234884142876,-0.013805827125906944,1.00868558883667
20.0,108311.0,0.019601643085479736,-0.013805827125906944,1.0621575117111206
20.0,108315.0,0.019351128488779068,-0.012271846644580364,0.8504169583320618
20.0,108319.0,0.019075974822044373,-0.012271846644580364,0.9180564880371094
20.0,108322.0,0.018788501620292664,-0.012271846644580364,0.9872446656227112
20.0,108326.0,0.018574949353933334,-0.010737866163253784,0.8015527129173279
20.0,108330.0,0.018275154754519463,-0.010737866163253784,0.8755359053611755
20.0,108335.0,0.017921971157193184,-0.010737866163253784,0.9562299847602844
20.0,108339.0,0.01764681749045849,-0.00920388475060463,0.7491865754127502
20.0,108342.0,0.017379876226186752,-0.00920388475060463,0.8113278746604919
20.0,108346.0,0.0171909648925066,-0.00920388475060463,0.8660790324211121
20.0,108350.0,0.016891170293092728,-0.0076699042692780495,0.6738459467887878
20.0,108355.0,0.016657084226608276,-0.0076699042692780495,0.7127307653427124
20.0,108359.0,0.016422998160123825,-0.0076699042692780495,0.7625765204429626
20.0,108363.0,0.016209445893764496,-0.0076699042692780495,0.8041535019874573
20.0,108366.0,0.01600821316242218,-0.0076699042692780495,0.8404194116592407
20.0,108371.0,0.015806982293725014,-0.0076699042692780495,0.8754903674125671
20.0,108374.0,0.015601642429828644,-0.006135923322290182,0.6596651673316956
20.0,108379.0,0.015396303497254848,-0.006135923322290182,0.6992702484130859
20.0,108382.0,0.015195071697235107,-0.006135923322290182,0.7362149357795715
20.0,108386.0,0.015055441297590733,-0.006135923322290182,0.7667019963264465
20.0,108390.0,0.014878850430250168,-0.006135923322290182,0.7935858964920044
20.0,108393.0,0.014702258631587029,-0.006135923322290182,0.8128469586372375
20.0,108406.0,0.014172484166920185,-0.006135923322290182,0.8866252303123474
20.0,108410.0,0.01399589329957962,-0.006135923322290182,0.9157124757766724
20.0,108413.0,0.013811088167130947,-0.006135923322290182,0.9347134232521057
20.0,108418.0,0.013609856367111206,-0.006135923322290182,0.9641602039337158
20.0,108421.0,0.013445585034787655,-0.006135923322290182,0.9992213845252991
20.0,108425.0,0.013219712302088737,-0.006135923322290182,1.0357892513275146
20.0,108429.0,0.012981519103050232,-0.006135923322290182,1.0637341737747192
20.0,108432.0,0.012796714901924133,-0.006135923322290182,1.103434681892395
20.0,108436.0,0.01254620123654604,-0.006135923322290182,1.144450068473816
20.0,108440.0,0.012287474237382412,-0.006135923322290182,1.1854466199874878
20.0,108444.0,0.012012320570647717,-0.006135923322290182,1.2202492952346802
20.0,108447.0,0.011720739305019379,-0.004601942375302315,1.0153559446334839
20.0,108453.0,0.011338808573782444,-0.004601942375302315,1.1014107465744019
20.0,108457.0,0.011026694439351559,-0.004601942375302315,1.1581010818481445
20.0,108461.0,0.010710472241044044,-0.004601942375302315,1.2142184972763062
20.0,108465.0,0.010394250974059105,-0.003067961661145091,1.0201306343078613
20.0,108470.0,0.00997946597635746,-0.003067961661145091,1.0983891487121582
20.0,108474.0,0.009646817110478878,-0.0015339808305725455,0.8918207883834839
20.0,108477.0,0.009301847778260708,-0.0015339808305725455,0.960345983505249
20.0,108481.0,0.0090390145778656,-0.0015339808305725455,1.0264931917190552
20.0,108485.0,0.008706365711987019,0.0,0.8354414701461792
20.0,108489.0,0.008373716846108437,0.0,0.9003361463546753
20.0,108493.0,0.00803285464644432,0.0,0.9482175707817078
20.0,108496.0,0.007786447647958994,0.0015339808305725455,0.7570338249206543
20.0,108500.0,0.0073839835822582245,0.0015339808305725455,0.8164099454879761
20.0,108504.0,0.00715400418266654,0.0015339808305725455,0.856353223323822
20.0,108507.0,0.006858316250145435,0.003067961661145091,0.6548985242843628
20.0,108511.0,0.006644763983786106,0.003067961661145091,0.7031053304672241
20.0,108515.0,0.0063860369846224785,0.003067961661145091,0.7392529249191284
20.0,108521.0,0.006036960985511541,0.003067961661145091,0.7746829986572266
20.0,108525.0,0.005827515386044979,0.003067961661145091,0.795513927936554
20.0,108529.0,0.005634496919810772,0.003067961661145091,0.810519278049469
20.0,108532.0,0.005453798919916153,0.003067961661145091,0.8212375044822693
20.0,108538.0,0.0052320328541100025,0.003067961661145091,0.8330087661743164
20.0,108541.0,0.005100615788251162,0.003067961661145091,0.8406440615653992
20.0,108545.0,0.004932238254696131,0.003067961661145091,0.8468663096427917
20.0,108549.0,0.004772074054926634,0.003067961661145091,0.8492064476013184
20.0,108553.0,0.004603696055710316,0.003067961661145091,0.856647789478302
20.0,108557.0,0.0043860371224582195,0.003067961661145091,0.8654201626777649
20.0,108561.0,0.004250513389706612,0.003067961661145091,0.8753697276115417
20.0,108565.0,0.004069815389811993,0.003067961661145091,0.8826963305473328
20.0,108569.0,0.003893223823979497,0.0015339808305725455,1.1420533657073975
20.0,108572.0,0.003757700091227889,0.0015339808305725455,1.145990252494812
20.0,108576.0,0.003564681624993682,0.0015339808305725455,1.1529182195663452
20.0,108579.0,0.0033511293586343527,0.0015339808305725455,1.1672884225845337
20.0,108583.0,0.0031786446925252676,0.0015339808305725455,1.1878808736801147
20.0,108587.0,0.0028665298596024513,0.003067961661145091,0.9620685577392578
20.0,108591.0,0.0026652978267520666,0.003067961661145091,0.9973792433738708
20.0,108595.0,0.0023942505940794945,0.003067961661145091,1.0247803926467896
20.0,108599.0,0.0021149897947907448,0.003067961661145091,1.0620646476745605
20.0,108611.0,0.001252566697075963,0.004601942375302315,0.9279857873916626
20.0,108615.0,0.0009650923893786967,0.004601942375302315,0.979218602180481
20.0,108619.0,0.0006735112983733416,0.004601942375302315,1.009236454963684
20.0,108622.0,0.00039835728239268064,0.006135923322290182,0.7936978340148926
20.0,108626.0,0.00019301848078612238,0.006135923322290182,0.8224097490310669
20.0,108629.0,-6.981519254622981e-05,0.006135923322290182,0.8561487197875977
20.0,108633.0,-0.00030800822423771024,0.006135923322290182,0.8809942007064819
20.0,108640.0,-0.000644763873424381,0.0076699042692780495,0.656494677066803
20.0,108644.0,-0.0008501026895828545,0.0076699042692780495,0.6750043630599976
20.0,108647.0,-0.0010431210976094007,0.0076699042692780495,0.6890904307365417
20.0,108651.0,-0.0011786447139456868,0.0076699042692780495,0.6989138126373291
20.0,108655.0,-0.0013470225967466831,0.0076699042692780495,0.7033252120018005
20.0,108659.0,-0.0015071869129315019,0.0076699042692780495,0.7064418196678162
20.0,108663.0,-0.0016591375460848212,0.0076699042692780495,0.7058513760566711
20.0,108667.0,-0.0017905543791130185,0.0076699042692780495,0.699998140335083
20.0,108671.0,-0.001917864428833127,0.006135923322290182,0.9428654909133911
20.0,108674.0,-0.0020410676952451468,0.006135923322290182,0.9297192692756653
20.0,108679.0,-0.0021765914279967546,0.006135923322290182,0.9211371541023254
20.0,108682.0,-0.002324435394257307,0.006135923322290182,0.9169649481773376
20.0,108687.0,-0.002480492927134037,0.006135923322290182,0.9148156642913818
20.0,108691.0,-0.0026324435602873564,0.006135923322290182,0.9139001965522766
20.0,108695.0,-0.0027926077600568533,0.006135923322290182,0.913181483745575
20.0,108699.0,-0.00295277195982635,0.006135923322290182,0.9152824282646179
20.0,108703.0,-0.0031252566259354353,0.006135923322290182,0.9227314591407776
20.0,108707.0,-0.0033141684252768755,0.006135923322290182,0.9327051043510437
20.0,108711.0,-0.0035112935584038496,0.006135923322290182,0.9437743425369263
20.0,108715.0,-0.0037043120246380568,0.006135923322290182,0.9529297947883606
20.0,108719.0,-0.0039055440574884415,0.006135923322290182,0.9662098288536072
20.0,108722.0,-0.0040574949234724045,0.006135923322290182,0.9805048704147339
20.0,108726.0,-0.004266940522938967,0.006135923322290182,0.991674542427063
20.0,108729.0,-0.004472279455512762,0.006135923322290182,1.005378246307373
20.0,108733.0,-0.004620123188942671,0.006135923322290182,1.016139030456543
20.0,108737.0,-0.0048747435212135315,0.006135923322290182,1.0293123722076416
20.0,108741.0,-0.005034907720983028,0.006135923322290182,1.0448124408721924
20.0,108745.0,-0.005248459987342358,0.006135923322290182,1.0599381923675537
20.0,108749.0,-0.005470226053148508,0.0076699042692780495,0.8226112723350525
20.0,108753.0,-0.0057453797198832035,0.0076699042692780495,0.8500685095787048
20.0,108757.0,-0.005909651052206755,0.0076699042692780495,0.8692176342010498
20.0,108761.0,-0.006114989519119263,0.0076699042692780495,0.8852421045303345
20.0,108765.0,-0.00630800798535347,0.0076699042692780495,0.8969411253929138
20.0,108771.0,-0.0065872687846422195,0.00920388475060463,0.6551688313484192
20.0,108775.0,-0.00677618058398366,0.00920388475060463,0.6707325577735901
20.0,108779.0,-0.006948665250092745,0.00920388475060463,0.6806435585021973
20.0,108783.0,-0.007112936116755009,0.00920388475060463,0.6877368092536926
20.0,108787.0,-0.007256673648953438,0.00920388475060463,0.6873377561569214
20.0,108791.0,-0.0073839835822582245,0.00920388475060463,0.6814526319503784
20.0,108795.0,-0.00749897351488471,0.00920388475060463,0.675314724445343
20.0,108800.0,-0.007626283448189497,0.00920388475060463,0.6573014259338379
20.0,108804.0,-0.00772484578192234,0.00920388475060463,0.6451690793037415
20.0,108808.0,-0.007815195247530937,0.0076699042692780495,0.8807672262191772
20.0,108820.0,-0.00806981511414051,0.0076699042692780495,0.8261762857437134
20.0,108823.0,-0.008160164579749107,0.0076699042692780495,0.8095773458480835
20.0,108827.0,-0.00825051311403513,0.0076699042692780495,0.7937321066856384
20.0,108831.0,-0.008320328779518604,0.0076699042692780495,0.7786117792129517
20.0,108836.0,-0.008435318246483803,0.006135923322290182,1.0123276710510254
20.0,108841.0,-0.00856262817978859,0.006135923322290182,0.9957821369171143
20.0,108845.0,-0.00869404524564743,0.006135923322290182,0.9905641674995422
20.0,108849.0,-0.00884188897907734,0.006135923322290182,0.9921364784240723
20.0,108854.0,-0.009047227911651134,0.006135923322290182,0.9992257356643677
20.0,108857.0,-0.009223819710314274,0.006135923322290182,1.0087676048278809
20.0,108861.0,-0.009363450109958649,0.006135923322290182,1.0207350254058838
20.0,108865.0,-0.009552361443638802,0.0076699042692780495,0.782662034034729
20.0,108869.0,-0.009745379909873009,0.0076699042692780495,0.798363208770752
20.0,108873.0,-0.009938398376107216,0.0076699042692780495,0.8174392580986023
20.0,108877.0,-0.010123203508555889,0.0076699042692780495,0.8333591818809509
20.0,108881.0,-0.01029158104211092,0.0076699042692780495,0.843631386756897
20.0,108884.0,-0.01045995857566595,0.0076699042692780495,0.8536972999572754
20.0,108888.0,-0.010583162307739258,0.0076699042692780495,0.8622381687164307
20.0,108892.0,-0.010743326507508755,0.00920388475060463,0.6161738634109497
20.0,108895.0,-0.010895277373492718,0.00920388475060463,0.6261000037193298
20.0,108900.0,-0.011022587306797504,0.00920388475060463,0.627936065196991
20.0,108904.0,-0.011129363439977169,0.00920388475060463,0.623301088809967
20.0,108907.0,-0.01119507197290659,0.00920388475060463,0.6137542128562927
20.0,108911.0,-0.011281314305961132,0.00920388475060463,0.6020532250404358
20.0,108915.0,-0.01135934330523014,0.00920388475060463,0.5923377871513367
20.0,108919.0,-0.01142915803939104,0.00920388475060463,0.5777134299278259
20.0,108922.0,-0.01147433277219534,0.00920388475060463,0.5597975254058838
20.0,108926.0,-0.011527720838785172,0.00920388475060463,0.5462065935134888
20.0,108929.0,-0.011568788439035416,0.0076699042692780495,0.7740637063980103
20.0,108933.0,-0.011593429371714592,0.0076699042692780495,0.7424700260162354
20.0,108938.0,-0.011622176505625248,0.0076699042692780495,0.7053738236427307
20.0,108942.0,-0.011646817438304424,0.0076699042692780495,0.6778536438941956
20.0,108945.0,-0.0116714583709836,0.0076699042692780495,0.6563000679016113
20.0,108949.0,-0.011687885038554668,0.006135923322290182,0.8806062340736389
20.0,108955.0,-0.01170841883867979,0.006135923322290182,0.8371023535728455
20.0,108959.0,-0.011724846437573433,0.006135923322290182,0.8049033284187317
20.0,108962.0,-0.0117412731051445,0.006135923322290182,0.7752823829650879
20.0,108966.0,-0.011765914037823677,0.006135923322290182,0.7481662631034851
20.0,108970.0,-0.011794661171734333,0.004601942375302315,0.9732235074043274
20.0,108974.0,-0.011815194971859455,0.004601942375302315,0.9414375424385071
20.0,108978.0,-0.011835728771984577,0.004601942375302315,0.9135450124740601
20.0,108982.0,-0.011872690171003342,0.004601942375302315,0.8893780708312988
20.0,108985.0,-0.01191786490380764,0.004601942375302315,0.8748704791069031
20.0,108989.0,-0.01195482537150383,0.004601942375302315,0.8562427163124084
20.0,108993.0,-0.012004107236862183,0.003067961661145091,1.0894684791564941
20.0,108997.0,-0.01205338817089796,0.003067961661145091,1.0681753158569336
20.0,109001.0,-0.012139630503952503,0.003067961661145091,1.0530052185058594
20.0,109005.0,-0.012229979038238525,0.003067961661145091,1.0450737476348877
20.0,109009.0,-0.012312115170061588,0.003067961661145091,1.0440950393676758
20.0,109013.0,-0.01243531797081232,0.003067961661145091,1.0470824241638184
20.0,109025.0,-0.01289527676999569,0.004601942375302315,0.8454873561859131
20.0,109031.0,-0.013112936168909073,0.004601942375302315,0.8665854930877686
20.0,109035.0,-0.013244353234767914,0.004601942375302315,0.8758445978164673
20.0,109040.0,-0.013412730768322945,0.006135923322290182,0.6338186860084534
20.0,109043.0,-0.013540040701627731,0.006135923322290182,0.6468591690063477
20.0,109047.0,-0.013622176833450794,0.006135923322290182,0.6542901992797852
20.0,109051.0,-0.013724845834076405,0.006135923322290182,0.6576294302940369
20.0,109055.0,-0.013815195299685001,0.006135923322290182,0.6574887633323669
20.0,109059.0,-0.013893223367631435,0.006135923322290182,0.654343843460083
20.0,109062.0,-0.013946612365543842,0.006135923322290182,0.6500946283340454
20.0,109066.0,-0.014016427099704742,0.006135923322290182,0.6450986862182617
20.0,109069.0,-0.014078028500080109,0.006135923322290182,0.6374400854110718
20.0,109073.0,-0.014135523699223995,0.006135923322290182,0.6288125514984131
20.0,109077.0,-0.014193018898367882,0.006135923322290182,0.6206008195877075
20.0,109081.0,-0.014229979366064072,0.006135923322290182,0.6101574897766113
20.0,109085.0,-0.014279261231422424,0.006135923322290182,0.6026321649551392
20.0,109089.0,-0.014324435032904148,0.006135923322290182,0.5916772484779358
20.0,109093.0,-0.014361396431922913,0.006135923322290182,0.578574001789093
20.0,109097.0,-0.014394250698387623,0.006135923322290182,0.5600417256355286
20.0,109101.0,-0.0144188916310668,0.006135923322290182,0.5443332195281982
20.0,109105.0,-0.014439425431191921,0.006135923322290182,0.5279796123504639
20.0,109109.0,-0.014451744966208935,0.006135923322290182,0.5096750259399414
20.0,109113.0,-0.014459959231317043,0.004601942375302315,0.7405520081520081
20.0,109117.0,-0.014464065432548523,0.004601942375302315,0.7156249284744263
20.0,109121.0,-0.014472279697656631,0.004601942375302315,0.6943032145500183
20.0,109125.0,-0.0144887063652277,0.004601942375302315,0.6798650622367859
20.0,109129.0,-0.014505133032798767,0.004601942375302315,0.6612947583198547
20.0,109132.0,-0.014517453499138355,0.004601942375302315,0.6434747576713562
20.0,109136.0,-0.014537987299263477,0.004601942375302315,0.6221731305122375
20.0,109142.0,-0.0145585210993886,0.003067961661145091,0.8516391515731812
20.0,109146.0,-0.014574948698282242,0.003067961661145091,0.8307366967201233
20.0,109150.0,-0.014603695832192898,0.003067961661145091,0.815912663936615
20.0,109155.0,-0.014648870564997196,0.003067961661145091,0.8030240535736084
20.0,109159.0,-0.014698151499032974,0.003067961661145091,0.7946058511734009
20.0,109163.0,-0.014747433364391327,0.003067961661145091,0.7865743041038513
20.0,109167.0,-0.01480082143098116,0.003067961661145091,0.7802167534828186
20.0,109171.0,-0.014858316630125046,0.003067961661145091,0.7736647129058838
20.0,109174.0,-0.014915810897946358,0.003067961661145091,0.7710018754005432
20.0,109179.0,-0.014973306097090244,0.003067961661145091,0.7667596340179443
20.0,109182.0,-0.015018480829894543,0.003067961661145091,0.7627360224723816
20.0,109186.0,-0.015075975097715855,0.004601942375302315,0.5066003799438477
20.0,109189.0,-0.015121149830520153,0.004601942375302315,0.5099151730537415
20.0,109193.0,-0.015170430764555931,0.004601942375302315,0.5079184770584106
20.0,109197.0,-0.015203285031020641,0.004601942375302315,0.5008140802383423
20.0,109201.0,-0.015219712629914284,0.004601942375302315,0.48878464102745056
20.0,109205.0,-0.015223819762468338,0.004601942375302315,0.47332116961479187
20.0,109209.0,-0.015223819762468338,0.004601942375302315,0.462124764919281
20.0,109213.0,-0.015223819762468338,0.003067961661145091,0.7001966834068298
20.0,109217.0,-0.015223819762468338,0.003067961661145091,0.6760179400444031
20.0,109221.0,-0.015227925963699818,0.003067961661145091,0.6588220000267029
20.0,109234.0,-0.015240246430039406,0.003067961661145091,0.6071709394454956
20.0,109239.0,-0.015240246430039406,0.003067961661145091,0.5914149880409241
20.0,109243.0,-0.015240246430039406,0.003067961661145091,0.576279878616333
20.0,109246.0,-0.015240246430039406,0.003067961661145091,0.5617411732673645
20.0,109251.0,-0.015240246430039406,0.0015339808305725455,0.8002602458000183
20.0,109255.0,-0.015240246430039406,0.0015339808305725455,0.78125
20.0,109259.0,-0.01524845976382494,0.0015339808305725455,0.7656073570251465
20.0,109262.0,-0.015256673097610474,0.0015339808305725455,0.7506020069122314
20.0,109266.0,-0.015260780230164528,0.0015339808305725455,0.7348819971084595
20.0,109271.0,-0.015268993563950062,0.0015339808305725455,0.7210769653320312
20.0,109275.0,-0.01527720782905817,0.0015339808305725455,0.7078374624252319
20.0,109279.0,-0.01528131403028965,0.0015339808305725455,0.6938371062278748
20.0,109282.0,-0.01528131403028965,0.0015339808305725455,0.6790658831596375
20.0,109288.0,-0.015285421162843704,0.0015339808305725455,0.6627449989318848
20.0,109292.0,-0.015285421162843704,0.0015339808305725455,0.6459022760391235
20.0,109296.0,-0.015285421162843704,0.0,0.886943519115448
20.0,109301.0,-0.015285421162843704,0.0,0.8689219355583191
20.0,109305.0,-0.015285421162843704,0.0,0.8487173318862915
20.0,109309.0,-0.015297741629183292,0.0,0.8389148116111755
20.0,109312.0,-0.015305954962968826,0.0,0.8267327547073364
20.0,109316.0,-0.015322381630539894,0.0,0.8163478970527649
20.0,109320.0,-0.015342915430665016,0.0,0.8063901662826538
20.0,109324.0,-0.015355235897004604,0.0,0.7968432307243347
20.0,109328.0,-0.015375769697129726,0.0,0.7889937162399292
20.0,109332.0,-0.015392197296023369,0.0,0.7823433876037598
20.0,109337.0,-0.015416838228702545,0.0,0.7696240544319153
20.0,109341.0,-0.015429157763719559,0.0,0.7602801322937012
20.0,109345.0,-0.015437372028827667,0.0,0.7531967163085938
20.0,109349.0,-0.015445585362613201,0.0,0.743232011795044
20.0,109354.0,-0.015445585362613201,0.0,0.7280809283256531
20.0,109358.0,-0.01544969156384468,0.0,0.7178236246109009
20.0,109361.0,-0.01544969156384468,0.0,0.7066479325294495
20.0,109365.0,-0.01544969156384468,0.0,0.6959125995635986
20.0,109369.0,-0.01544969156384468,0.0,0.6881396770477295
20.0,109372.0,-0.01544969156384468,0.0,0.6781336665153503
20.0,109376.0,-0.01544969156384468,0.0,0.6708887815475464
20.0,109380.0,-0.01544969156384468,0.0,0.6615625619888306
20.0,109383.0,-0.01544969156384468,0.0,0.652603805065155
20.0,109387.0,-0.01544969156384468,0.0,0.6439980268478394
20.0,109391.0,-0.01544969156384468,0.0,0.6357313990592957
20.0,109395.0,-0.01544969156384468,0.0,0.6297459006309509
20.0,109399.0,-0.01544969156384468,0.0,0.6220408082008362
20.0,109402.0,-0.01544969156384468,0.0,0.6146393418312073
20.0,109406.0,-0.01544969156384468,0.0,0.6075295805931091
20.0,109410.0,-0.01544969156384468,0.0,0.6023816466331482
20.0,109414.0,-0.01544969156384468,0.0,0.595754861831665
20.0,109418.0,-0.01544969156384468,-0.0015339808305725455,0.8361052870750427
20.0,109422.0,-0.01544969156384468,-0.0015339808305725455,0.8246230483055115
20.0,109426.0,-0.015453798696398735,-0.0015339808305725455,0.8176125884056091
20.0,109429.0,-0.01545790582895279,-0.0015339808305725455,0.8081668615341187
20.0,109442.0,-0.015466119162738323,-0.0015339808305725455,0.7783836722373962
20.0,109446.0,-0.015470226295292377,-0.0015339808305725455,0.7705093622207642
20.0,109450.0,-0.015470226295292377,-0.0015339808305725455,0.7616346478462219
20.0,109455.0,-0.015470226295292377,-0.0015339808305725455,0.7510313987731934
20.0,109459.0,-0.015470226295292377,-0.0015339808305725455,0.742924153804779
20.0,109463.0,-0.015470226295292377,-0.0015339808305725455,0.7351363897323608
20.0,109467.0,-0.015470226295292377,-0.0015339808305725455,0.7276555299758911
20.0,109472.0,-0.015474332496523857,-0.0015339808305725455,0.7217844128608704
20.0,109475.0,-0.015474332496523857,-0.0015339808305725455,0.7148341536521912
20.0,109479.0,-0.015474332496523857,-0.0015339808305725455,0.7098018527030945
20.0,109482.0,-0.015474332496523857,-0.0015339808305725455,0.7033237814903259
20.0,109486.0,-0.015474332496523857,-0.0015339808305725455,0.6971009969711304
20.0,109490.0,-0.015474332496523857,-0.0015339808305725455,0.692595362663269
20.0,109493.0,-0.015474332496523857,-0.0015339808305725455,0.6867952942848206
20.0,109498.0,-0.015474332496523857,-0.0015339808305725455,0.6812238097190857
20.0,109501.0,-0.015474332496523857,-0.0015339808305725455,0.6758718490600586
20.0,109505.0,-0.015474332496523857,-0.0015339808305725455,0.6707307696342468
20.0,109509.0,-0.015474332496523857,-0.0015339808305725455,0.6670083403587341
20.0,109512.0,-0.015474332496523857,-0.0015339808305725455,0.6622165441513062
20.0,109516.0,-0.015474332496523857,-0.0015339808305725455,0.6587470173835754
20.0,109521.0,-0.015474332496523857,-0.0015339808305725455,0.6531919240951538
20.0,109525.0,-0.015474332496523857,-0.0015339808305725455,0.6489445567131042
20.0,109529.0,-0.015474332496523857,-0.0015339808305725455,0.6448644995689392
20.0,109532.0,-0.015474332496523857,-0.0015339808305725455,0.6409452557563782
20.0,109537.0,-0.015474332496523857,-0.0015339808305725455,0.6362626552581787
20.0,109541.0,-0.015474332496523857,-0.0015339808305725455,0.6326823234558105
20.0,109545.0,-0.015474332496523857,-0.0015339808305725455,0.6300899982452393
20.0,109549.0,-0.015474332496523857,-0.0015339808305725455,0.6267528533935547
20.0,109552.0,-0.015474332496523857,-0.0015339808305725455,0.6235473155975342
20.0,109556.0,-0.015474332496523857,-0.003067961661145091,0.8722913265228271
20.0,109560.0,-0.015474332496523857,-0.003067961661145091,0.8637648224830627
20.0,109563.0,-0.015478439629077911,-0.003067961661145091,0.8568894863128662
20.0,109567.0,-0.015478439629077911,-0.003067961661145091,0.8503014445304871
20.0,109571.0,-0.015486652962863445,-0.003067961661145091,0.8439778685569763
20.0,109575.0,-0.015486652962863445,-0.003067961661145091,0.8379079699516296
20.0,109579.0,-0.0154907600954175,-0.003067961661145091,0.8325159549713135
20.0,109583.0,-0.015498973429203033,-0.003067961661145091,0.8281933665275574
20.0,109587.0,-0.015503079630434513,-0.003067961661145091,0.8210863471031189
20.0,109590.0,-0.015507186762988567,-0.003067961661145091,0.8175194263458252
20.0,109594.0,-0.015511293895542622,-0.003067961661145091,0.8124907612800598
20.0,109598.0,-0.015515400096774101,-0.003067961661145091,0.8076644539833069
20.0,109601.0,-0.015519507229328156,-0.003067961661145091,0.8044945597648621
20.0,109605.0,-0.01552772056311369,-0.003067961661145091,0.8013079166412354
20.0,109609.0,-0.01552772056311369,-0.003067961661145091,0.7969648838043213
20.0,109613.0,-0.015531827695667744,-0.003067961661145091,0.7928231954574585
20.0,109616.0,-0.015535933896899223,-0.003067961661145091,0.7887827754020691
20.0,109621.0,-0.015535933896899223,-0.003067961661145091,0.7836150527000427
20.0,109624.0,-0.015540041029453278,-0.003067961661145091,0.7799661755561829
20.0,109628.0,-0.015540041029453278,-0.003067961661145091,0.7751503586769104
20.0,109631.0,-0.015540041029453278,-0.003067961661145091,0.77166348695755
20.0,109644.0,-0.015540041029453278,-0.003067961661145091,0.7577114701271057
20.0,109649.0,-0.015540041029453278,-0.003067961661145091,0.7537726163864136
20.0,109653.0,-0.015540041029453278,-0.003067961661145091,0.7499889731407166
20.0,109656.0,-0.015540041029453278,-0.003067961661145091,0.747681736946106
20.0,109660.0,-0.015544148162007332,-0.003067961661145091,0.7441426515579224
20.0,109664.0,-0.015544148162007332,-0.003067961661145091,0.7415801286697388
20.0,109668.0,-0.015544148162007332,-0.003067961661145091,0.7374773025512695
20.0,109672.0,-0.015544148162007332,-0.003067961661145091,0.734340250492096
20.0,109676.0,-0.015544148162007332,-0.003067961661145091,0.7320688962936401
20.0,109679.0,-0.015544148162007332,-0.003067961661145091,0.7291449904441833
20.0,109683.0,-0.015544148162007332,-0.003067961661145091,0.727027952671051
20.0,109687.0,-0.015544148162007332,-0.003067961661145091,0.7243026494979858
20.0,109691.0,-0.015544148162007332,-0.004601942375302315,0.9713442325592041
20.0,109694.0,-0.015548254363238811,-0.004601942375302315,0.9646732211112976
20.0,109698.0,-0.01555646862834692,-0.004601942375302315,0.9595610499382019
20.0,109702.0,-0.015572895295917988,-0.004601942375302315,0.9572775363922119
20.0,109706.0,-0.015585215762257576,-0.004601942375302315,0.9551022052764893
20.0,109710.0,-0.015609856694936752,-0.004601942375302315,0.9556373357772827
20.0,109714.0,-0.01563449762761593,-0.004601942375302315,0.9567096829414368
20.0,109718.0,-0.01567145809531212,-0.004601942375302315,0.9611768126487732
20.0,109721.0,-0.01570841856300831,-0.004601942375302315,0.965496838092804
20.0,109725.0,-0.0157453790307045,-0.003067961661145091,0.721229076385498
20.0,109729.0,-0.015790553763508797,-0.003067961661145091,0.7313461899757385
20.0,109733.0,-0.01583162136375904,-0.003067961661145091,0.7418155670166016
20.0,109736.0,-0.01586036942899227,-0.003067961661145091,0.7479845285415649
20.0,109741.0,-0.015885010361671448,-0.003067961661145091,0.7531024217605591
20.0,109745.0,-0.01590554416179657,-0.003067961661145091,0.7558221817016602
20.0,109749.0,-0.015921970829367638,-0.003067961661145091,0.7575991749763489
20.0,109752.0,-0.0159342922270298,-0.003067961661145091,0.7593242526054382
20.0,109756.0,-0.015954826027154922,-0.003067961661145091,0.7618890404701233
20.0,109759.0,-0.015967145562171936,-0.003067961661145091,0.7634814977645874
20.0,109764.0,-0.015983572229743004,-0.003067961661145091,0.764130175113678
20.0,109770.0,-0.016004106029868126,-0.003067961661145091,0.7651099562644958
20.0,109773.0,-0.016020534560084343,-0.003067961661145091,0.7662579417228699
20.0,109777.0,-0.016028746962547302,-0.003067961661145091,0.7664477825164795
20.0,109781.0,-0.01604517363011837,-0.003067961661145091,0.7666196227073669
20.0,109784.0,-0.016057495027780533,-0.003067961661145091,0.7677536010742188
20.0,109789.0,-0.016078028827905655,-0.003067961661145091,0.770531952381134
20.0,109792.0,-0.016098562628030777,-0.003067961661145091,0.7732475996017456
20.0,109796.0,-0.016114989295601845,-0.003067961661145091,0.7758549451828003
20.0,109801.0,-0.01614784449338913,-0.003067961661145091,0.7799632549285889
20.0,109805.0,-0.01617659069597721,-0.004601942375302315,1.0388977527618408
20.0,109809.0,-0.016197124496102333,-0.004601942375302315,1.0381087064743042
20.0,109813.0,-0.016234086826443672,-0.004601942375302315,1.0413159132003784
20.0,109816.0,-0.016291581094264984,-0.004601942375302315,1.0482622385025024
20.0,109820.0,-0.016340862959623337,-0.003067961661145091,0.806535005569458
20.0,109823.0,-0.01641889102756977,-0.003067961661145091,0.8225255012512207
20.0,109827.0,-0.016496919095516205,-0.003067961661145091,0.8418622016906738
20.0,109832.0,-0.016570841893553734,-0.003067961661145091,0.8592207431793213
20.0,109835.0,-0.016636550426483154,-0.003067961661145091,0.8789475560188293
20.0,109850.0,-0.016841888427734375,-0.003067961661145091,0.9117359519004822
20.0,109854.0,-0.01691170409321785,-0.003067961661145091,0.9284613132476807
20.0,109859.0,-0.017002053558826447,-0.003067961661145091,0.9429090619087219
20.0,109862.0,-0.017063654959201813,-0.003067961661145091,0.705556333065033
20.0,109865.0,-0.017149897292256355,-0.0015339808305725455,0.7231981158256531
20.0,109869.0,-0.01721149869263172,-0.0015339808305725455,0.7442314028739929
20.0,109873.0,-0.017281314358115196,-0.0015339808305725455,0.7555752396583557
20.0,109876.0,-0.017326489090919495,-0.0015339808305725455,0.7675991058349609
20.0,109881.0,-0.017383983358740807,-0.0015339808305725455,0.7753035426139832
20.0,109884.0,-0.01741683855652809,-0.0015339808305725455,0.7788330316543579
20.0,109889.0,-0.017445584759116173,-0.0015339808305725455,0.7809318900108337
20.0,109892.0,-0.017466118559241295,-0.0015339808305725455,0.7803980708122253
20.0,109896.0,-0.017474332824349403,-0.0015339808305725455,0.777289867401123
20.0,109900.0,-0.017486652359366417,-0.0015339808305725455,0.772977888584137
20.0,109904.0,-0.01749075949192047,-0.0015339808305725455,0.7688576579093933
20.0,109908.0,-0.017494866624474525,-0.0015339808305725455,0.7636175155639648
20.0,109912.0,-0.01749897375702858,-0.0015339808305725455,0.7572610974311829
20.0,109916.0,-0.01749897375702858,-0.003067961661145091,1.0051435232162476
20.0,109920.0,-0.01749897375702858,-0.003067961661145091,0.9936242699623108
20.0,109923.0,-0.01750718615949154,-0.003067961661145091,0.9851888418197632
20.0,109928.0,-0.017523614689707756,-0.003067961661145091,0.9796941876411438
20.0,109931.0,-0.017548253759741783,-0.003067961661145091,0.9770673513412476
20.0,109935.0,-0.01757289469242096,-0.003067961661145091,0.9771827459335327
20.0,109939.0,-0.0176098570227623,-0.003067961661145091,0.978605329990387
20.0,109942.0,-0.017655029892921448,-0.003067961661145091,0.9826611280441284
20.0,109946.0,-0.01769609935581684,-0.003067961661145091,0.9905415177345276
20.0,109950.0,-0.01776180788874626,-0.003067961661145091,1.0021084547042847
20.0,109956.0,-0.017885010689496994,-0.003067961661145091,1.020948886871338
20.0,109960.0,-0.01798357255756855,-0.003067961661145091,1.0406544208526611
20.0,109963.0,-0.01806570775806904,-0.003067961661145091,1.0636385679244995
20.0,109967.0,-0.01818891242146492,-0.003067961661145091,1.0839766263961792
20.0,109971.0,-0.018320327624678612,-0.0015339808305725455,0.8623489737510681
20.0,109974.0,-0.018451744690537453,-0.0015339808305725455,0.8949057459831238
20.0,109978.0,-0.018546201288700104,-0.0015339808305725455,0.9236950874328613
20.0,109982.0,-0.018665296956896782,-0.0015339808305725455,0.9439687132835388
20.0,109986.0,-0.018780287355184555,-0.0015339808305725455,0.9684547185897827
20.0,109990.0,-0.018903490155935287,0.0,0.7422364354133606
20.0,109993.0,-0.01899794675409794,0.0,0.7745144367218018
20.0,109997.0,-0.0191498976200819,0.0,0.8030314445495605
20.0,110001.0,-0.01926078088581562,0.0,0.8279380798339844
20.0,110005.0,-0.019334701821208,0.0,0.8480641841888428
20.0,110009.0,-0.01942915841937065,0.0,0.8662037253379822
20.0,110013.0,-0.019519507884979248,0.0015339808305725455,0.6252729296684265
20.0,110016.0,-0.019609855487942696,0.0015339808305725455,0.6466986536979675
20.0,110022.0,-0.019712526351213455,0.0015339808305725455,0.6735599040985107
20.0,110026.0,-0.01979055441915989,0.0015339808305725455,0.685168445110321
20.0,110029.0,-0.019901437684893608,0.0015339808305725455,0.7061771750450134
20.0,110036.0,-0.019975358620285988,0.0015339808305725455,0.7222116589546204
20.0,110040.0,-0.020045174285769463,0.0015339808305725455,0.7337766885757446
20.0,110044.0,-0.02010677568614483,0.0015339808305725455,0.7399258017539978
20.0,110056.0,-0.020250514149665833,0.0015339808305725455,0.7514916658401489
20.0,110060.0,-0.020283367484807968,0.0015339808305725455,0.7488434910774231
20.0,110064.0,-0.02030390128493309,0.0015339808305725455,0.7455031275749207
20.0,110068.0,-0.020324435085058212,0.0015339808305725455,0.737985372543335
20.0,110072.0,-0.02033264935016632,0.0015339808305725455,0.72965407371521
20.0,110076.0,-0.020336756482720375,0.0015339808305725455,0.7229761481285095
20.0,110079.0,-0.02034086175262928,0.0015339808305725455,0.7139579057693481
20.0,110083.0,-0.02034086175262928,0.0015339808305725455,0.7064498066902161
20.0,110087.0,-0.02034086175262928,0.0,0.9440879821777344
20.0,110091.0,-0.02034086175262928,0.0,0.9294131994247437
20.0,110095.0,-0.02034907601773739,0.0,0.9214184284210205
20.0,110099.0,-0.020361395552754402,0.0,0.911579430103302
20.0,110103.0,-0.02037782408297062,0.0,0.9034455418586731
20.0,110106.0,-0.020390143617987633,0.0,0.8969771862030029
20.0,110110.0,-0.020410677418112755,0.0,0.8913084864616394
20.0,110113.0,-0.020431211218237877,0.0,0.8853306174278259
20.0,110118.0,-0.020455852150917053,0.0,0.8805089592933655
20.0,110122.0,-0.02048049308359623,0.0,0.8763425350189209
20.0,110125.0,-0.02050102688372135,0.0,0.8740052580833435
20.0,110129.0,-0.020529774948954582,0.0,0.8714603185653687
20.0,110133.0,-0.020558521151542664,0.0,0.8692966103553772
20.0,110139.0,-0.02061191014945507,0.0,0.8690972328186035
20.0,110142.0,-0.02065708488225937,0.0,0.8720847368240356
20.0,110146.0,-0.020689938217401505,0.0,0.8739591836929321
20.0,110150.0,-0.020747432485222816,0.0,0.880774736404419
20.0,110154.0,-0.020809035748243332,0.0,0.8887012600898743
20.0,110158.0,-0.020878849551081657,0.0,0.8989890813827515
20.0,110161.0,-0.02093634568154812,0.0,0.9115681052207947
20.0,110165.0,-0.021014373749494553,0.0,0.9204111695289612
20.0,110169.0,-0.021100616082549095,0.0,0.9349140524864197
20.0,110172.0,-0.02116221748292446,0.0,0.9489530920982361
20.0,110176.0,-0.021252566948533058,0.0,0.9595082998275757
20.0,110179.0,-0.021322382614016533,0.0,0.9740257859230042
20.0,110183.0,-0.02141273021697998,0.0015339808305725455,0.7327722907066345
20.0,110187.0,-0.02151540108025074,0.0015339808305725455,0.7600110173225403
20.0,110191.0,-0.021605748683214188,0.0015339808305725455,0.7744900584220886
20.0,110194.0,-0.021696098148822784,0.0015339808305725455,0.7923588156700134
20.0,110198.0,-0.021761806681752205,0.0015339808305725455,0.8096235394477844
20.0,110202.0,-0.021856263279914856,0.0015339808305725455,0.8228387236595154
20.0,110206.0,-0.021950718015432358,0.0015339808305725455,0.8403944373130798
20.0,110210.0,-0.0220369603484869,0.0015339808305725455,0.8547210097312927
20.0,110213.0,-0.022123202681541443,0.0015339808305725455,0.8685666918754578
20.0,110217.0,-0.02220533788204193,0.003067961661145091,0.6281619071960449
20.0,110221.0,-0.022266941145062447,0.003067961661145091,0.6441490650177002
20.0,110225.0,-0.022336754947900772,0.003067961661145091,0.6541385054588318
20.0,110229.0,-0.02239014394581318,0.003067961661145091,0.6613925099372864
20.0,110232.0,-0.02241889201104641,0.003067961661145091,0.6631944179534912
20.0,110236.0,-0.022451745346188545,0.003067961661145091,0.6623363494873047
20.0,110240.0,-0.02247638627886772,0.003067961661145091,0.660240650177002
20.0,110244.0,-0.022496920078992844,0.003067961661145091,0.6569514870643616
20.0,110256.0,-0.022542094811797142,0.0015339808305725455,0.884255051612854
20.0,110260.0,-0.022574948146939278,0.0015339808305725455,0.8804945945739746
20.0,110263.0,-0.022603696212172508,0.0015339808305725455,0.8782345652580261
20.0,110267.0,-0.02266119047999382,0.0015339808305725455,0.8800252676010132
20.0,110273.0,-0.022722791880369186,0.0015339808305725455,0.8822416663169861
20.0,110277.0,-0.022776180878281593,0.0015339808305725455,0.8853011131286621
20.0,110281.0,-0.022833675146102905,0.0015339808305725455,0.8896018862724304
20.0,110284.0,-0.022878849878907204,0.003067961661145091,0.6426393389701843
20.0,110289.0,-0.022960985079407692,0.003067961661145091,0.6549102067947388
20.0,110293.0,-0.023010266944766045,0.003067961661145091,0.6631566286087036
20.0,110297.0,-0.02305133454501629,0.003067961661145091,0.6655781865119934
20.0,110301.0,-0.02308008261024952,0.003067961661145091,0.6640233397483826
20.0,110305.0,-0.023096509277820587,0.003067961661145091,0.6599503755569458
20.0,110309.0,-0.023104723542928696,0.003067961661145091,0.6521227955818176
20.0,110312.0,-0.0231088288128376,0.003067961661145091,0.6467909216880798
20.0,110316.0,-0.0231088288128376,0.003067961661145091,0.6381877064704895
20.0,110320.0,-0.0231088288128376,0.0015339808305725455,0.8844433426856995
20.0,110323.0,-0.0231088288128376,0.0015339808305725455,0.8708299398422241
20.0,110327.0,-0.023112935945391655,0.0015339808305725455,0.8590680956840515
20.0,110330.0,-0.023121150210499763,0.0015339808305725455,0.852194607257843
20.0,110334.0,-0.023129362612962723,0.0015339808305725455,0.843786895275116
20.0,110339.0,-0.0231540035456419,0.0015339808305725455,0.835397481918335
20.0,110343.0,-0.023166324943304062,0.0015339808305725455,0.8290038108825684
20.0,110348.0,-0.023190965875983238,0.0015339808305725455,0.8242071270942688
20.0,110352.0,-0.02321149967610836,0.0015339808305725455,0.8196221590042114
20.0,110355.0,-0.023227926343679428,0.0015339808305725455,0.8152284622192383
20.0,110359.0,-0.02324846014380455,0.0015339808305725455,0.8123460412025452
20.0,110362.0,-0.023273101076483727,0.0015339808305725455,0.8096100687980652
20.0,110366.0,-0.023297742009162903,0.0015339808305725455,0.8096004724502563
20.0,110370.0,-0.02333059534430504,0.0015339808305725455,0.8096282482147217
20.0,110374.0,-0.02336755581200123,0.0015339808305725455,0.8110060095787048
20.0,110378.0,-0.023420944809913635,0.0015339808305725455,0.8149890303611755
20.0,110382.0,-0.02345379814505577,0.0015339808305725455,0.8175843358039856
20.0,110385.0,-0.023494865745306015,0.0015339808305725455,0.8253165483474731
20.0,110389.0,-0.023560574278235435,0.0015339808305725455,0.8354256749153137
20.0,110393.0,-0.02363038994371891,0.0015339808305725455,0.8441200256347656
20.0,110397.0,-0.023708418011665344,0.0015339808305725455,0.8611845374107361
20.0,110401.0,-0.023794660344719887,0.003067961661145091,0.6206889152526855
20.0,110405.0,-0.023885009810328484,0.003067961661145091,0.6426879167556763
20.0,110409.0,-0.023963039740920067,0.003067961661145091,0.6599627733230591
20.0,110412.0,-0.02401231974363327,0.003067961661145091,0.6714061498641968
20.0,110416.0,-0.024065708741545677,0.003067961661145091,0.6785210371017456
20.0,110420.0,-0.024102669209241867,0.003067961661145091,0.6810938119888306
20.0,110423.0,-0.02412320300936699,0.003067961661145091,0.681410014629364
20.0,110427.0,-0.024147843942046165,0.003067961661145091,0.6778116822242737
20.0,110431.0,-0.024156058207154274,0.003067961661145091,0.6730580925941467
20.0,110435.0,-0.024164270609617233,0.003067961661145091,0.667974054813385
20.0,110439.0,-0.024168377742171288,0.003067961661145091,0.6609963178634644
20.0,110442.0,-0.024168377742171288,0.003067961661145091,0.6530066728591919
20.0,110446.0,-0.024168377742171288,0.003067961661145091,0.645331859588623
20.0,110459.0,-0.024168377742171288,0.003067961661145091,0.6224164366722107
20.0,110463.0,-0.024168377742171288,0.003067961661145091,0.6159470677375793
20.0,110468.0,-0.024168377742171288,0.003067961661145091,0.6097325682640076
20.0,110473.0,-0.024168377742171288,0.003067961661145091,0.6008669137954712
20.0,110477.0,-0.024168377742171288,0.003067961661145091,0.5952466726303101
20.0,110481.0,-0.024168377742171288,0.003067961661145091,0.5898478627204895
20.0,110485.0,-0.024168377742171288,0.003067961661145091,0.5846617817878723
20.0,110489.0,-0.024168377742171288,0.003067961661145091,0.5809067487716675
20.0,110493.0,-0.024168377742171288,0.003067961661145091,0.5760729908943176
20.0,110496.0,-0.024168377742171288,0.003067961661145091,0.5714296698570251
20.0,110500.0,-0.024168377742171288,0.003067961661145091,0.5669693946838379
20.0,110504.0,-0.024168377742171288,0.0015339808305725455,0.8148049712181091
20.0,110507.0,-0.024168377742171288,0.0015339808305725455,0.805108904838562
20.0,110511.0,-0.024172484874725342,0.0015339808305725455,0.7970981597900391
20.0,110515.0,-0.024176592007279396,0.0015339808305725455,0.7894196510314941
20.0,110519.0,-0.024176592007279396,0.0015339808305725455,0.7828720211982727
20.0,110523.0,-0.0241806972771883,0.0015339808305725455,0.7757341265678406
20.0,110526.0,-0.024184804409742355,0.0015339808305725455,0.7689064741134644
20.0,110530.0,-0.024184804409742355,0.0015339808305725455,0.7610372304916382
20.0,110534.0,-0.02418891154229641,0.0015339808305725455,0.756654679775238
20.0,110539.0,-0.02418891154229641,0.0015339808305725455,0.7456915974617004
20.0,110543.0,-0.02418891154229641,0.0015339808305725455,0.7387416362762451
20.0,110547.0,-0.02418891154229641,0.0015339808305725455,0.7320655584335327
20.0,110551.0,-0.024193018674850464,0.0015339808305725455,0.7285469174385071
20.0,110554.0,-0.024193018674850464,0.0015339808305725455,0.7222771048545837
20.0,110559.0,-0.024193018674850464,0.0015339808305725455,0.7162542939186096
20.0,110562.0,-0.024193018674850464,0.0015339808305725455,0.7104688286781311
20.0,110566.0,-0.024193018674850464,0.0015339808305725455,0.7062798738479614
20.0,110570.0,-0.024193018674850464,0.0015339808305725455,0.7008874416351318
20.0,110573.0,-0.024193018674850464,0.0015339808305725455,0.6957074999809265
20.0,110577.0,-0.024193018674850464,0.0015339808305725455,0.6907316446304321
20.0,110581.0,-0.024193018674850464,0.0015339808305725455,0.6859518885612488
20.0,110584.0,-0.024193018674850464,0.0015339808305725455,0.6824910640716553
20.0,110588.0,-0.024193018674850464,0.0015339808305725455,0.6780360341072083
20.0,110592.0,-0.024193018674850464,0.0015339808305725455,0.6748102903366089
20.0,110595.0,-0.024193018674850464,0.0015339808305725455,0.6706579327583313
20.0,110599.0,-0.024193018674850464,0.0015339808305725455,0.6666691303253174
20.0,110602.0,-0.024193018674850464,0.0015339808305725455,0.6637810468673706
20.0,110606.0,-0.024193018674850464,0.0015339808305725455,0.6600632071495056
20.0,110610.0,-0.024193018674850464,0.0015339808305725455,0.6564919352531433
20.0,110614.0,-0.024193018674850464,0.0015339808305725455,0.6539061069488525
20.0,110618.0,-0.024193018674850464,0.0015339808305725455,0.6505774259567261
20.0,110621.0,-0.024193018674850464,0.0015339808305725455,0.6473798751831055
20.0,110625.0,-0.024193018674850464,0.0015339808305725455,0.6450647115707397
20.0,110629.0,-0.024193018674850464,0.0015339808305725455,0.6420844197273254
20.0,110632.0,-0.024193018674850464,0.003067961661145091,0.3881564438343048
20.0,110635.0,-0.024193018674850464,0.003067961661145091,0.39025840163230896
20.0,110641.0,-0.024193018674850464,0.003067961661145091,0.39362388849258423
20.0,110645.0,-0.024193018674850464,0.003067961661145091,0.396197110414505
20.0,110649.0,-0.024193018674850464,0.003067961661145091,0.39866894483566284
20.0,110661.0,-0.024193018674850464,0.003067961661145091,0.40551522374153137
20.0,110665.0,-0.024193018674850464,0.003067961661145091,0.4076198935508728
20.0,110669.0,-0.024193018674850464,0.003067961661145091,0.4096415936946869
20.0,110673.0,-0.024193018674850464,0.003067961661145091,0.41158366203308105
20.0,110676.0,-0.024193018674850464,0.003067961661145091,0.4134491980075836
20.0,110680.0,-0.024193018674850464,0.003067961661145091,0.4147999584674835
20.0,110683.0,-0.024193018674850464,0.003067961661145091,0.4165387451648712
20.0,110688.0,-0.024193018674850464,0.003067961661145091,0.4186162054538727
20.0,110691.0,-0.024193018674850464,0.003067961661145091,0.41981351375579834
20.0,110695.0,-0.024193018674850464,0.003067961661145091,0.421354740858078
20.0,110699.0,-0.024193018674850464,0.003067961661145091,0.42283526062965393
20.0,110703.0,-0.024193018674850464,0.003067961661145091,0.42425742745399475
20.0,110707.0,-0.024193018674850464,0.003067961661145091,0.4256235659122467
20.0,110712.0,-0.024193018674850464,0.003067961661145091,0.4269358813762665
20.0,110716.0,-0.024193018674850464,0.003067961661145091,0.4281964600086212
20.0,110719.0,-0.024193018674850464,0.003067961661145091,0.42940738797187805
20.0,110723.0,-0.024193018674850464,0.003067961661145091,0.4305706024169922
20.0,110727.0,-0.024193018674850464,0.003067961661145091,0.43141281604766846
20.0,110730.0,-0.024193018674850464,0.003067961661145091,0.4324969947338104
20.0,110734.0,-0.024193018674850464,0.003067961661145091,0.4335384666919708
20.0,110738.0,-0.024193018674850464,0.003067961661145091,0.4342925548553467
20.0,110741.0,-0.024193018674850464,0.003067961661145091,0.4352632761001587
20.0,110745.0,-0.024193018674850464,0.003067961661145091,0.4361957311630249
20.0,110749.0,-0.024193018674850464,0.003067961661145091,0.4370914399623871
20.0,110753.0,-0.024193018674850464,0.003067961661145091,0.4377399981021881
20.0,110757.0,-0.024193018674850464,0.003067961661145091,0.438574880361557
20.0,110760.0,-0.024193018674850464,0.003067961661145091,0.4393768608570099
20.0,110764.0,-0.024193018674850464,0.003067961661145091,0.4401472210884094
20.0,110768.0,-0.024193018674850464,0.003067961661145091,0.44070500135421753
20.0,110773.0,-0.024193018674850464,0.003067961661145091,0.4415980875492096
20.0,110777.0,-0.024193018674850464,0.003067961661145091,0.44228094816207886
20.0,110780.0,-0.024193018674850464,0.003067961661145091,0.44293689727783203
20.0,110784.0,-0.024193018674850464,0.004601942375302315,0.19108209013938904
20.0,110790.0,-0.024193018674850464,0.004601942375302315,0.1987934559583664
20.0,110793.0,-0.02418891154229641,0.004601942375302315,0.20339816808700562
20.0,110797.0,-0.02418891154229641,0.004601942375302315,0.20910826325416565
20.0,110802.0,-0.02418891154229641,0.004601942375302315,0.21459335088729858
20.0,110806.0,-0.024184804409742355,0.004601942375302315,0.21983151137828827
20.0,110810.0,-0.024184804409742355,0.004601942375302315,0.22488950192928314
20.0,110814.0,-0.024184804409742355,0.004601942375302315,0.22855177521705627
20.0,110817.0,-0.024184804409742355,0.004601942375302315,0.23326615989208221
20.0,110821.0,-0.024184804409742355,0.004601942375302315,0.23779477179050446
20.0,110825.0,-0.024184804409742355,0.004601942375302315,0.24107374250888824
20.0,110829.0,-0.024184804409742355,0.004601942375302315,0.2452947050333023
20.0,110832.0,-0.024184804409742355,0.004601942375302315,0.24934934079647064
20.0,110836.0,-0.024184804409742355,0.004601942375302315,0.2522851228713989
20.0,110840.0,-0.024184804409742355,0.004601942375302315,0.256985604763031
20.0,110844.0,-0.024184804409742355,0.004601942375302315,0.26057958602905273
20.0,110848.0,-0.024184804409742355,0.004601942375302315,0.26318180561065674
20.0,110851.0,-0.024184804409742355,0.004601942375302315,0.26653164625167847
20.0,110866.0,-0.0241806972771883,0.006135923322290182,0.036462318152189255
20.0,110871.0,-0.024172484874725342,0.006135923322290182,0.04176886007189751
20.0,110874.0,-0.024172484874725342,0.006135923322290182,0.04814797639846802
20.0,110878.0,-0.024168377742171288,0.006135923322290182,0.055598556995391846
20.0,110882.0,-0.024164270609617233,0.006135923322290182,0.059689950197935104
20.0,110885.0,-0.024164270609617233,0.006135923322290182,0.06668118387460709
20.0,110889.0,-0.024164270609617233,0.006135923322290182,0.07339690625667572
20.0,110893.0,-0.024164270609617233,0.006135923322290182,0.07825947552919388
20.0,110897.0,-0.02416016347706318,0.006135923322290182,0.08474168926477432
20.0,110901.0,-0.02416016347706318,0.006135923322290182,0.08926387131214142
20.0,110904.0,-0.02416016347706318,0.006135923322290182,0.09508521854877472
20.0,110909.0,-0.02416016347706318,0.006135923322290182,0.10067717730998993
20.0,110912.0,-0.02416016347706318,0.006135923322290182,0.10604879260063171
20.0,110916.0,-0.02416016347706318,0.0076699042692780495,-0.1384507268667221
20.0,110920.0,-0.02416016347706318,0.0076699042692780495,-0.13058152794837952
20.0,110923.0,-0.024156058207154274,0.0076699042692780495,-0.12308166176080704
20.0,110927.0,-0.02414373680949211,0.0076699042692780495,-0.11719036102294922
20.0,110931.0,-0.024127310141921043,0.0076699042692780495,-0.11155613511800766
20.0,110936.0,-0.02411499060690403,0.0076699042692780495,-0.10615752637386322
20.0,110940.0,-0.02410677634179592,0.0076699042692780495,-0.0996585264801979
20.0,110943.0,-0.024098562076687813,0.0076699042692780495,-0.09474019706249237
20.0,110947.0,-0.024090349674224854,0.0076699042692780495,-0.08872536569833755
20.0,110951.0,-0.0240862425416708,0.0076699042692780495,-0.08165399730205536
20.0,110957.0,-0.024082135409116745,0.0076699042692780495,-0.07156003266572952
20.0,110961.0,-0.024082135409116745,0.0076699042692780495,-0.31587979197502136
20.0,110965.0,-0.02407802827656269,0.00920388475060463,-0.30418041348457336
20.0,110969.0,-0.024073921144008636,0.00920388475060463,-0.2942972779273987
20.0,110973.0,-0.02405749447643757,0.00920388475060463,-0.28910255432128906
20.0,110976.0,-0.024036960676312447,0.00920388475060463,-0.2837460935115814
20.0,110980.0,-0.024008214473724365,0.00920388475060463,-0.2812415361404419
20.0,110984.0,-0.023987678810954094,0.00920388475060463,-0.2788681089878082
20.0,110988.0,-0.02395482547581196,0.00920388475060463,-0.27659595012664795
20.0,110992.0,-0.023926077410578728,0.00920388475060463,-0.2759716510772705
20.0,110996.0,-0.02390143647789955,0.00920388475060463,-0.27258139848709106
20.0,110999.0,-0.023876797407865524,0.00920388475060463,-0.26933953166007996
20.0,111003.0,-0.02386447601020336,0.010737866163253784,-0.5161322355270386
20.0,111008.0,-0.02384394221007824,0.010737866163253784,-0.5050871968269348
20.0,111011.0,-0.02382751554250717,0.010737866163253784,-0.49451944231987
20.0,111015.0,-0.023802874609827995,0.010737866163253784,-0.4869808852672577
20.0,111019.0,-0.02377823367714882,0.010737866163253784,-0.4823848009109497
20.0,111024.0,-0.023728953674435616,0.010737866163253784,-0.4795396625995636
20.0,111028.0,-0.023683778941631317,0.010737866163253784,-0.47664299607276917
20.0,111034.0,-0.02363860420882702,0.010737866163253784,-0.4729064106941223
20.0,111039.0,-0.023597536608576775,0.010737866163253784,-0.4671888053417206
20.0,111043.0,-0.023568788543343544,0.010737866163253784,-0.46229445934295654
20.0,111047.0,-0.023540040478110313,0.012271846644580364,-0.710227906703949
20.0,111051.0,-0.02351950667798519,0.012271846644580364,-0.698878824710846
20.0,111055.0,-0.02349076047539711,0.012271846644580364,-0.691339910030365
20.0,111059.0,-0.023449692875146866,0.012271846644580364,-0.6860217452049255
20.0,111062.0,-0.023412730544805527,0.012271846644580364,-0.6835772395133972
20.0,111075.0,-0.023166324943304062,0.012271846644580364,-0.707203209400177
20.0,111079.0,-0.023055441677570343,0.012271846644580364,-0.7252001762390137
20.0,111083.0,-0.02293223887681961,0.012271846644580364,-0.7409566640853882
20.0,111086.0,-0.022825462743639946,0.012271846644580364,-0.7670260667800903
20.0,111091.0,-0.02263244427740574,0.010737866163253784,-0.5436752438545227
20.0,111094.0,-0.022509239614009857,0.010737866163253784,-0.580035924911499
20.0,111099.0,-0.022299794480204582,0.010737866163253784,-0.6164484620094299
20.0,111102.0,-0.022135524079203606,0.010737866163253784,-0.6503214836120605
20.0,111106.0,-0.022012319415807724,0.010737866163253784,-0.6830302476882935
20.0,111110.0,-0.021843941882252693,0.010737866163253784,-0.7159228324890137
20.0,111114.0,-0.021679671481251717,0.00920388475060463,-0.4849695563316345
20.0,111118.0,-0.021519506350159645,0.00920388475060463,-0.5276814103126526
20.0,111121.0,-0.021363450214266777,0.00920388475060463,-0.5505964756011963
20.0,111125.0,-0.021219711750745773,0.00920388475060463,-0.5771715641021729
20.0,111129.0,-0.02111293561756611,0.00920388475060463,-0.6015548706054688
20.0,111133.0,-0.020985625684261322,0.00920388475060463,-0.616033136844635
20.0,111137.0,-0.02086242288351059,0.00920388475060463,-0.6376264095306396
20.0,111141.0,-0.02075153961777687,0.00920388475060463,-0.6472811102867126
20.0,111145.0,-0.020644763484597206,0.00920388475060463,-0.6589470505714417
20.0,111149.0,-0.020542094483971596,0.00920388475060463,-0.668992280960083
20.0,111152.0,-0.02044353261590004,0.00920388475060463,-0.6774280667304993
20.0,111157.0,-0.020336756482720375,0.00920388475060463,-0.6915702819824219
20.0,111161.0,-0.020225873216986656,0.00920388475060463,-0.7019822597503662
20.0,111165.0,-0.02011909708380699,0.00920388475060463,-0.7134175300598145
20.0,111169.0,-0.02000410668551922,0.00920388475060463,-0.7245129346847534
20.0,111174.0,-0.019868582487106323,0.00920388475060463,-0.736962080001831
20.0,111179.0,-0.019741272553801537,0.00920388475060463,-0.7447847127914429
20.0,111182.0,-0.01964271068572998,0.010737866163253784,-1.0050400495529175
20.0,111186.0,-0.01956878788769245,0.010737866163253784,-1.0042576789855957
20.0,111190.0,-0.019470226019620895,0.010737866163253784,-1.0060746669769287
20.0,111193.0,-0.019347023218870163,0.010737866163253784,-1.014636516571045
20.0,111198.0,-0.019207391887903214,0.010737866163253784,-1.0282347202301025
20.0,111201.0,-0.01908418908715248,0.010737866163253784,-1.0493061542510986
20.0,111205.0,-0.018911704421043396,0.010737866163253784,-1.0673165321350098
20.0,111209.0,-0.018722793087363243,0.00920388475060463,-0.8439775109291077
20.0,111212.0,-0.01857084222137928,0.00920388475060463,-0.8815843462944031
20.0,111216.0,-0.01835728995501995,0.00920388475060463,-0.9205427169799805
20.0,111220.0,-0.018139630556106567,0.00920388475060463,-0.9502094388008118
20.0,111225.0,-0.017802875488996506,0.0076699042692780495,-0.7560207843780518
20.0,111229.0,-0.01763039082288742,0.0076699042692780495,-0.8029279112815857
20.0,111233.0,-0.01738809049129486,0.0076699042692780495,-0.8386925458908081
20.0,111236.0,-0.0171457901597023,0.0076699042692780495,-0.8854079246520996
20.0,111240.0,-0.016891170293092728,0.0076699042692780495,-0.9344722628593445
20.0,111244.0,-0.01669815182685852,0.006135923322290182,-0.7307156324386597
20.0,111248.0,-0.016369609162211418,0.006135923322290182,-0.7847082614898682
20.0,111252.0,-0.01616837829351425,0.006135923322290182,-0.82529616355896
20.0,111256.0,-0.015917863696813583,0.006135923322290182,-0.872142493724823
20.0,111259.0,-0.015667350962758064,0.004601942375302315,-0.6649348139762878
20.0,111263.0,-0.015470226295292377,0.004601942375302315,-0.7182337045669556
20.0,111267.0,-0.01521560549736023,0.004601942375302315,-0.7543745040893555
20.0,111279.0,-0.014509240165352821,0.003067961661145091,-0.6299120187759399
20.0,111283.0,-0.014295687898993492,0.003067961661145091,-0.667195737361908
20.0,111287.0,-0.014086242765188217,0.003067961661145091,-0.6979901790618896
20.0,111291.0,-0.01389733050018549,0.003067961661145091,-0.723884642124176
20.0,111295.0,-0.013712525367736816,0.003067961661145091,-0.7407898902893066
20.0,111299.0,-0.013535934500396252,0.003067961661145091,-0.7614116072654724
20.0,111303.0,-0.013363449834287167,0.003067961661145091,-0.7801251411437988
20.0,111306.0,-0.013190965168178082,0.003067961661145091,-0.7982683181762695
20.0,111311.0,-0.01302258763462305,0.003067961661145091,-0.8146083950996399
20.0,111314.0,-0.01289117056876421,0.003067961661145091,-0.8344367742538452
20.0,111318.0,-0.012652977369725704,0.003067961661145091,-0.8562899827957153
20.0,111322.0,-0.01251334697008133,0.003067961661145091,-0.8715872764587402
20.0,111325.0,-0.012324435636401176,0.003067961661145091,-0.8923286199569702
20.0,111329.0,-0.012184805236756802,0.003067961661145091,-0.912462055683136
20.0,111333.0,-0.011979466304183006,0.003067961661145091,-0.9317833781242371
20.0,111336.0,-0.011761806905269623,0.003067961661145091,-0.959926187992096
20.0,111341.0,-0.011531827971339226,0.0015339808305725455,-0.7371796369552612
20.0,111344.0,-0.011347022838890553,0.0015339808305725455,-0.779593825340271
20.0,111348.0,-0.011092402040958405,0.0015339808305725455,-0.8206019401550293
20.0,111351.0,-0.010845995508134365,0.0015339808305725455,-0.8494858741760254
20.0,111357.0,-0.010525667108595371,0.0015339808305725455,-0.9090379476547241
20.0,111361.0,-0.010275154374539852,0.0015339808305725455,-0.6919316053390503
20.0,111365.0,-0.010016427375376225,0.0,-0.7371436357498169
20.0,111369.0,-0.009757700376212597,0.0,-0.7687441110610962
20.0,111373.0,-0.009515400044620037,0.0,-0.8048706650733948
20.0,111376.0,-0.009281313978135586,0.0,-0.8372474312782288
20.0,111381.0,-0.009051335044205189,0.0,-0.8672922849655151
20.0,111384.0,-0.008878850378096104,0.0,-0.8950809240341187
20.0,111388.0,-0.00866119097918272,0.0,-0.9207339882850647
20.0,111392.0,-0.008443531580269337,-0.0015339808305725455,-0.6919379830360413
20.0,111396.0,-0.008225873112678528,-0.0015339808305725455,-0.7136955261230469
20.0,111399.0,-0.008016427047550678,-0.0015339808305725455,-0.7388718724250793
20.0,111403.0,-0.007864476181566715,-0.0015339808305725455,-0.7619968056678772
20.0,111407.0,-0.00762217678129673,-0.0015339808305725455,-0.7791768908500671
20.0,111411.0,-0.007486653048545122,-0.0015339808305725455,-0.7919558882713318
20.0,111415.0,-0.007314168382436037,-0.0015339808305725455,-0.8010100722312927
20.0,111419.0,-0.007137577049434185,-0.0015339808305725455,-0.8132699131965637
20.0,111422.0,-0.007002053316682577,-0.0015339808305725455,-0.8265694379806519
20.0,111426.0,-0.006821355316787958,-0.0015339808305725455,-0.8363308310508728
20.0,111429.0,-0.006648870650678873,-0.0015339808305725455,-0.846441388130188
20.0,111433.0,-0.006517453584820032,-0.0015339808305725455,-0.857671856880188
20.0,111437.0,-0.006332648918032646,-0.0015339808305725455,-0.8712615966796875
20.0,111441.0,-0.006147843785583973,-0.0015339808305725455,-0.8815814256668091
20.0,111444.0,-0.005950718652456999,-0.0015339808305725455,-0.8985220193862915
20.0,111449.0,-0.0057412730529904366,-0.0015339808305725455,-0.9189350008964539
20.0,111452.0,-0.005527720786631107,-0.0015339808305725455,-0.9400905966758728
20.0,111456.0,-0.005297741387039423,-0.0015339808305725455,-0.9658858180046082
20.0,111461.0,-0.0050595481880009174,-0.0015339808305725455,-0.9935379028320312
20.0,111465.0,-0.004809034988284111,-0.0015339808305725455,-1.0242974758148193
20.0,111469.0,-0.0045420946553349495,-0.0015339808305725455,-1.0593591928482056
20.0,111481.0,-0.0036632444243878126,-0.003067961661145091,-0.9421842694282532
20.0,111485.0,-0.0033716631587594748,-0.004601942375302315,-0.7450665831565857
20.0,111490.0,-0.0030143738258630037,-0.004601942375302315,-0.7893092036247253
20.0,111494.0,-0.002755646826699376,-0.004601942375302315,-0.8242791295051575
20.0,111498.0,-0.002505133394151926,-0.004601942375302315,-0.8628851771354675
20.0,111502.0,-0.002266940427944064,-0.006135923322290182,-0.6365750432014465
20.0,111506.0,-0.0020287474617362022,-0.006135923322290182,-0.6592631936073303
20.0,111510.0,-0.0018069815123453736,-0.006135923322290182,-0.6842939853668213
20.0,111513.0,-0.0016550307627767324,-0.006135923322290182,-0.7033714652061462
20.0,111517.0,-0.001408624229952693,-0.006135923322290182,-0.71800297498703
20.0,111522.0,-0.0012361396802589297,-0.006135923322290182,-0.7257195115089417
20.0,111525.0,-0.0010718685807660222,-0.006135923322290182,-0.7306927442550659
20.0,111529.0,-0.0009527720976620913,-0.006135923322290182,-0.7343488335609436
20.0,111533.0,-0.0007967145647853613,-0.006135923322290182,-0.7354316711425781
20.0,111536.0,-0.0006406570901162922,-0.006135923322290182,-0.7379660606384277
20.0,111541.0,-0.00048459958634339273,-0.006135923322290182,-0.741820752620697
20.0,111545.0,-0.0003203285450581461,-0.006135923322290182,-0.7470493912696838
20.0,111549.0,-0.00015605748922098428,-0.006135923322290182,-0.7509549856185913
20.0,111552.0,4.106776032131165e-06,-0.006135923322290182,-0.7548506855964661
20.0,111558.0,0.0002053388161584735,-0.004601942375302315,-1.0096927881240845
20.0,111562.0,0.0003737166407518089,-0.004601942375302315,-1.0107539892196655
20.0,111565.0,0.0005626283236779273,-0.006135923322290182,-0.7660269737243652
20.0,111569.0,0.000763860356528312,-0.006135923322290182,-0.7832044959068298
20.0,111573.0,0.0009158111060969532,-0.006135923322290182,-0.7999041676521301
20.0,111577.0,0.001117043080739677,-0.006135923322290182,-0.8174960017204285
20.0,111581.0,0.0013223818968981504,-0.006135923322290182,-0.8346337676048279
20.0,111585.0,0.0015236139297485352,-0.006135923322290182,-0.8452104330062866
20.0,111589.0,0.0017248459625989199,-0.006135923322290182,-0.8603320717811584
20.0,111592.0,0.0019219712121412158,-0.006135923322290182,-0.8737657070159912
20.0,111596.0,0.0021149897947907448,-0.006135923322290182,-0.8855851888656616
20.0,111600.0,0.002262833761051297,-0.006135923322290182,-0.8984557390213013
20.0,111604.0,0.0024599588941782713,-0.0076699042692780495,-0.6554334163665771
20.0,111608.0,0.0026529773604124784,-0.0076699042692780495,-0.6765356659889221
20.0,111611.0,0.002837782260030508,-0.0076699042692780495,-0.6856756210327148
20.0,111615.0,0.0029650924261659384,-0.0076699042692780495,-0.6936874389648438
20.0,111619.0,0.003133470192551613,-0.0076699042692780495,-0.7015817761421204
20.0,111623.0,0.003289527725428343,-0.0076699042692780495,-0.7038083076477051
20.0,111627.0,0.003441478358581662,-0.0076699042692780495,-0.706392765045166
20.0,111631.0,0.0035852156579494476,-0.0076699042692780495,-0.706425666809082
20.0,111635.0,0.003716632490977645,-0.0076699042692780495,-0.7026827931404114
20.0,111639.0,0.0038439424242824316,-0.0076699042692780495,-0.6979297399520874
20.0,111642.0,0.003963038790971041,-0.0076699042692780495,-0.6908745169639587
20.0,111646.0,0.0040533882565796375,-0.006135923322290182,-0.9367023706436157
20.0,111650.0,0.004168377723544836,-0.006135923322290182,-0.923553466796875
20.0,111654.0,0.004287474323064089,-0.006135923322290182,-0.9154439568519592
20.0,111658.0,0.0044147842563688755,-0.006135923322290182,-0.9056710600852966
20.0,111662.0,0.00455441465601325,-0.006135923322290182,-0.9019927978515625
20.0,111666.0,0.004694045055657625,-0.006135923322290182,-0.9000858068466187
20.0,111669.0,0.004845995921641588,-0.006135923322290182,-0.900846004486084
20.0,111675.0,0.005047227721661329,-0.006135923322290182,-0.9067937731742859
20.0,111688.0,0.005687884986400604,-0.0076699042692780495,-0.6947020888328552
20.0,111692.0,0.0058357291854918,-0.0076699042692780495,-0.7146967053413391
20.0,111696.0,0.006032854318618774,-0.0076699042692780495,-0.729317843914032
20.0,111699.0,0.006221766117960215,-0.0076699042692780495,-0.7456881999969482
20.0,111703.0,0.0063613965176045895,-0.0076699042692780495,-0.7603194117546082
20.0,111707.0,0.006583162117749453,-0.0076699042692780495,-0.7719843983650208
20.0,111711.0,0.0067145791836082935,-0.0076699042692780495,-0.7833971381187439
20.0,111715.0,0.0068952771835029125,-0.00920388475060463,-0.5416973829269409
20.0,111719.0,0.007080082315951586,-0.00920388475060463,-0.5607463121414185
20.0,111722.0,0.007281314115971327,-0.00920388475060463,-0.5743213295936584
20.0,111727.0,0.007416837848722935,-0.00920388475060463,-0.5768140554428101
20.0,111732.0,0.007527720648795366,-0.00920388475060463,-0.5715153813362122
20.0,111736.0,0.00762217678129673,-0.00920388475060463,-0.5591740608215332
20.0,111741.0,0.007733059581369162,-0.00920388475060463,-0.5423526167869568
20.0,111745.0,0.007806981448084116,-0.00920388475060463,-0.5269796252250671
20.0,111749.0,0.00787268951535225,-0.00920388475060463,-0.7636070847511292
20.0,111753.0,0.007926077581942081,-0.0076699042692780495,-0.7429385781288147
20.0,111756.0,0.007963038980960846,-0.0076699042692780495,-0.7163805365562439
20.0,111760.0,0.008024640381336212,-0.0076699042692780495,-0.6908991932868958
20.0,111764.0,0.008061601780354977,-0.0076699042692780495,-0.6725037097930908
20.0,111768.0,0.008106776513159275,-0.0076699042692780495,-0.6475439071655273
20.0,111771.0,0.008139630779623985,-0.0076699042692780495,-0.6223143935203552
20.0,111775.0,0.008172485046088696,-0.006135923322290182,-0.8545980453491211
20.0,111779.0,0.008201232179999352,-0.006135923322290182,-0.8217272162437439
20.0,111782.0,0.008221765980124474,-0.006135923322290182,-0.7888683080673218
20.0,111786.0,0.00825051311403513,-0.006135923322290182,-0.7670671343803406
20.0,111790.0,0.00828336738049984,-0.006135923322290182,-0.7322070002555847
20.0,111794.0,0.00831211544573307,-0.004601942375302315,-0.9647359251976013
20.0,111798.0,0.008340862579643726,-0.004601942375302315,-0.923069953918457
20.0,111802.0,0.008369609713554382,-0.004601942375302315,-0.894676923751831
20.0,111805.0,0.008410677313804626,-0.004601942375302315,-0.8744606971740723
20.0,111809.0,0.008464065380394459,-0.004601942375302315,-0.8532924652099609
20.0,111813.0,0.008505133911967278,-0.004601942375302315,-0.8343206644058228
20.0,111817.0,0.008566735312342644,-0.004601942375302315,-0.8174511194229126
20.0,111821.0,0.008636550046503544,-0.004601942375302315,-0.8075997233390808
20.0,111824.0,0.008710471913218498,-0.003067961661145091,-1.045515537261963
20.0,111828.0,0.008772074244916439,-0.003067961661145091,-1.0327666997909546
20.0,111832.0,0.008878850378096104,-0.003067961661145091,-1.0291748046875
20.0,111836.0,0.00900616031140089,-0.004601942375302315,-0.7778632640838623
20.0,111840.0,0.009149896912276745,-0.004601942375302315,-0.7899625301361084
20.0,111843.0,0.009264887310564518,-0.004601942375302315,-0.8043269515037537
20.0,111847.0,0.009412731043994427,-0.004601942375302315,-0.8170025944709778
20.0,111851.0,0.009556468576192856,-0.004601942375302315,-0.8249607682228088
20.0,111856.0,0.00973305944353342,-0.004601942375302315,-0.8391484618186951
20.0,111860.0,0.009868582710623741,-0.004601942375302315,-0.8454096913337708
20.0,111865.0,0.010028747841715813,-0.006135923322290182,-0.6010598540306091
20.0,111869.0,0.0101560577750206,-0.006135923322290182,-0.6116315126419067
20.0,111872.0,0.010271047241985798,-0.006135923322290182,-0.6180180907249451
20.0,111876.0,0.010349076241254807,-0.006135923322290182,-0.6203466653823853
20.0,111880.0,0.010447639040648937,-0.006135923322290182,-0.6213942766189575
20.0,111893.0,0.010755646973848343,-0.006135923322290182,-0.6201660633087158
20.0,111898.0,0.010862423107028008,-0.006135923322290182,-0.61773282289505
20.0,111902.0,0.010940452106297016,-0.006135923322290182,-0.6128727197647095
20.0,111905.0,0.011010266840457916,-0.006135923322290182,-0.6056718826293945
20.0,111910.0,0.011075975373387337,-0.006135923322290182,-0.5942283272743225
20.0,111913.0,0.011129363439977169,-0.006135923322290182,-0.5858462452888489
20.0,111918.0,0.011182751506567001,-0.006135923322290182,-0.5746711492538452
20.0,111921.0,0.011215605773031712,-0.006135923322290182,-0.5613890886306763
20.0,111925.0,0.01126078050583601,-0.006135923322290182,-0.5486924648284912
20.0,111929.0,0.011301848106086254,-0.006135923322290182,-0.5352427363395691
20.0,111933.0,0.011342915706336498,-0.004601942375302315,-0.7759326696395874
20.0,111936.0,0.011383983306586742,-0.004601942375302315,-0.7579603791236877
20.0,111941.0,0.011437371373176575,-0.004601942375302315,-0.7424251437187195
20.0,111944.0,0.01150718703866005,-0.004601942375302315,-0.7371982932090759
20.0,111949.0,0.011585216037929058,-0.004601942375302315,-0.7327229976654053
20.0,111952.0,0.011650923639535904,-0.004601942375302315,-0.7311167120933533
20.0,111956.0,0.011737165972590446,-0.004601942375302315,-0.7296569347381592
20.0,111960.0,0.011827515438199043,-0.004601942375302315,-0.7302996516227722
20.0,111963.0,0.011893223971128464,-0.004601942375302315,-0.7303606867790222
20.0,111967.0,0.011983572505414486,-0.004601942375302315,-0.476611852645874
20.0,111971.0,0.012073921971023083,-0.006135923322290182,-0.4803941249847412
20.0,111976.0,0.01216837763786316,-0.006135923322290182,-0.4817565083503723
20.0,111980.0,0.012225872837007046,-0.006135923322290182,-0.4771367311477661
20.0,111983.0,0.012262833304703236,-0.006135923322290182,-0.46884095668792725
20.0,111987.0,0.012295687571167946,-0.006135923322290182,-0.4570126235485077
20.0,111991.0,0.012324435636401176,-0.006135923322290182,-0.6982905864715576
20.0,111995.0,0.012344969436526299,-0.004601942375302315,-0.6819444894790649
20.0,111999.0,0.01236550323665142,-0.004601942375302315,-0.6622334718704224
20.0,112002.0,0.012386037036776543,-0.004601942375302315,-0.6459283828735352
20.0,112006.0,0.012418891303241253,-0.004601942375302315,-0.6329401135444641
20.0,112010.0,0.012464066036045551,-0.004601942375302315,-0.6252050995826721
20.0,112013.0,0.012496920302510262,-0.004601942375302315,-0.6144015192985535
20.0,112017.0,0.012542094103991985,-0.004601942375302315,-0.6053605079650879
20.0,112021.0,0.012587268836796284,-0.004601942375302315,-0.5998470187187195
20.0,112024.0,0.012632443569600582,-0.004601942375302315,-0.5914826393127441
20.0,112028.0,0.012665297836065292,-0.004601942375302315,-0.5821943879127502
20.0,112036.0,0.012743326835334301,-0.004601942375302315,-0.5648133754730225
20.0,112040.0,0.012780287303030491,-0.004601942375302315,-0.5540943145751953
20.0,112044.0,0.012813141569495201,-0.004601942375302315,-0.5438339114189148
20.0,112048.0,0.012841888703405857,-0.004601942375302315,-0.5313838720321655
20.0,112051.0,0.012862423434853554,-0.004601942375302315,-0.5217269062995911
20.0,112055.0,0.012874742969870567,-0.004601942375302315,-0.5075868964195251
20.0,112059.0,0.012887063436210155,-0.004601942375302315,-0.4927073121070862
20.0,112063.0,0.01289117056876421,-0.004601942375302315,-0.4745059907436371
20.0,112067.0,0.01289117056876421,-0.003067961661145091,-0.710940957069397
20.0,112071.0,0.01289117056876421,-0.003067961661145091,-0.6884946227073669
20.0,112075.0,0.01289527676999569,-0.003067961661145091,-0.6735451817512512
20.0,112079.0,0.012907597236335278,-0.003067961661145091,-0.6526904106140137
20.0,112083.0,0.012919917702674866,-0.003067961661145091,-0.6365076303482056
20.0,112087.0,0.012936345301568508,-0.003067961661145091,-0.6257722973823547
20.0,112100.0,0.012973305769264698,-0.003067961661145091,-0.5778114199638367
20.0,112103.0,0.012981519103050232,-0.003067961661145091,-0.5633081793785095
20.0,112108.0,0.012985626235604286,-0.003067961661145091,-0.5440650582313538
20.0,112112.0,0.012985626235604286,-0.003067961661145091,-0.5282989144325256
20.0,112116.0,0.012985626235604286,-0.0015339808305725455,-0.7642190456390381
20.0,112120.0,0.012985626235604286,-0.0015339808305725455,-0.7490784525871277
20.0,112123.0,0.01298973336815834,-0.0015339808305725455,-0.7309034466743469
20.0,112127.0,0.013002053834497929,-0.0015339808305725455,-0.7160555720329285
20.0,112131.0,0.013014373369514942,-0.0015339808305725455,-0.7018060684204102
20.0,112135.0,0.01302669383585453,-0.0015339808305725455,-0.689447283744812
20.0,112139.0,0.013043121434748173,-0.0015339808305725455,-0.6775933504104614
20.0,112143.0,0.01305954810231924,-0.0015339808305725455,-0.6690226197242737
20.0,112147.0,0.013080081902444363,-0.0015339808305725455,-0.6553225517272949
20.0,112151.0,0.013096509501338005,-0.0015339808305725455,-0.6461592316627502
20.0,112155.0,0.013112936168909073,-0.0015339808305725455,-0.6336362957954407
20.0,112161.0,0.01313757710158825,-0.0015339808305725455,-0.6240819096565247
20.0,112164.0,0.013149897567927837,-0.0015339808305725455,-0.6149218678474426
20.0,112168.0,0.013166324235498905,-0.0015339808305725455,-0.6061412692070007
20.0,112171.0,0.013178644701838493,-0.0015339808305725455,-0.5997955203056335
20.0,112175.0,0.013190965168178082,-0.0015339808305725455,-0.5903396010398865
20.0,112179.0,0.01320739183574915,-0.0015339808305725455,-0.5844834446907043
20.0,112182.0,0.013215606100857258,-0.0015339808305725455,-0.5743429660797119
20.0,112186.0,0.013223819434642792,-0.0015339808305725455,-0.5676520466804504
20.0,112190.0,0.013232032768428326,-0.0015339808305725455,-0.5565401315689087
20.0,112194.0,0.01324024610221386,-0.0015339808305725455,-0.5490918755531311
20.0,112198.0,0.013244353234767914,-0.0015339808305725455,-0.5390670895576477
20.0,112201.0,0.013248460367321968,-0.0015339808305725455,-0.5294300317764282
20.0,112204.0,0.013252566568553448,-0.0015339808305725455,-0.5228093862533569
20.0,112209.0,0.013252566568553448,-0.0015339808305725455,-0.5125306248664856
20.0,112212.0,0.013252566568553448,-0.0015339808305725455,-0.5026569366455078
20.0,112216.0,0.013252566568553448,-0.0015339808305725455,-0.4955078065395355
20.0,112219.0,0.013252566568553448,-0.0015339808305725455,-0.4863048493862152
20.0,112224.0,0.013252566568553448,0.0,-0.7292284965515137
20.0,112229.0,0.013252566568553448,0.0,-0.7151702642440796
20.0,112232.0,0.013256673701107502,0.0,-0.7029812335968018
20.0,112236.0,0.013260779902338982,0.0,-0.694482684135437
20.0,112241.0,0.013277207501232624,0.0,-0.6839247941970825
20.0,112245.0,0.013285420835018158,0.0,-0.6742971539497375
20.0,112249.0,0.013297741301357746,0.0,-0.6663494110107422
20.0,112252.0,0.013310061767697334,0.0,-0.6600554585456848
20.0,112256.0,0.013322382234036922,0.0,-0.6527366638183594
20.0,112260.0,0.01333880890160799,0.0,-0.6484193205833435
20.0,112263.0,0.013347022235393524,0.0,-0.6415863633155823
20.0,112268.0,0.013363449834287167,0.0,-0.6337330341339111
20.0,112272.0,0.013379876501858234,0.0,-0.6300143599510193
20.0,112275.0,0.013388090766966343,0.0,-0.6239520907402039
20.0,112279.0,0.013396304100751877,0.0,-0.616827130317688
20.0,112283.0,0.01340451743453741,0.0,-0.6110077500343323
20.0,112286.0,0.013408624567091465,0.0,-0.6030793786048889
20.0,112291.0,0.013408624567091465,0.0,-0.5941647291183472
20.0,112303.0,0.013412730768322945,0.0,-0.568769633769989
20.0,112308.0,0.013412730768322945,0.0,-0.5593689680099487
20.0,112312.0,0.013412730768322945,0.0,-0.5539511442184448
20.0,112315.0,0.013412730768322945,0.0,-0.5469769239425659
20.0,112319.0,0.013412730768322945,0.0,-0.5402775406837463
20.0,112322.0,0.013412730768322945,0.0,-0.5354267954826355
20.0,112326.0,0.013412730768322945,0.0,-0.529182493686676
20.0,112330.0,0.013412730768322945,0.0,-0.5231842398643494
20.0,112334.0,0.013412730768322945,0.0,-0.5174223184585571
20.0,112339.0,0.013412730768322945,0.0,-0.5118874907493591
20.0,112343.0,0.013412730768322945,0.0,-0.5065707564353943
20.0,112346.0,0.013412730768322945,0.0,-0.5014634728431702
20.0,112350.0,0.013412730768322945,0.0,-0.49655747413635254
20.0,112354.0,0.013412730768322945,0.0,-0.49300524592399597
20.0,112359.0,0.013412730768322945,0.0,-0.48621419072151184
20.0,112363.0,0.013412730768322945,0.0,-0.4819090664386749
20.0,112367.0,0.013412730768322945,0.0,-0.47879189252853394
20.0,112371.0,0.013412730768322945,0.0,-0.47477924823760986
20.0,112375.0,0.013412730768322945,0.0,-0.4709247052669525
20.0,112379.0,0.013412730768322945,0.0,-0.46631941199302673
20.0,112383.0,0.013412730768322945,0.0,-0.46279820799827576
20.0,112387.0,0.013412730768322945,0.0,-0.4594157636165619
20.0,112390.0,0.013412730768322945,0.0,-0.45696669816970825
20.0,112394.0,0.013412730768322945,0.0,-0.4538140296936035
20.0,112398.0,0.013412730768322945,0.0,-0.4507856070995331
20.0,112402.0,0.013412730768322945,0.0015339808305725455,-0.7010777592658997
20.0,112405.0,0.013412730768322945,0.0015339808305725455,-0.692660391330719
20.0,112409.0,0.013416837900876999,0.0015339808305725455,-0.6859020590782166
20.0,112414.0,0.013416837900876999,0.0015339808305725455,-0.6780872344970703
20.0,112417.0,0.013416837900876999,0.0015339808305725455,-0.6705803871154785
20.0,112421.0,0.013420944102108479,0.0015339808305725455,-0.6646841764450073
20.0,112425.0,0.013420944102108479,0.0015339808305725455,-0.6577099561691284
20.0,112429.0,0.013420944102108479,0.0015339808305725455,-0.6510105729103088
20.0,112433.0,0.013425051234662533,0.0015339808305725455,-0.6474871635437012
20.0,112436.0,0.013425051234662533,0.0015339808305725455,-0.6411951780319214
20.0,112441.0,0.013425051234662533,0.0015339808305725455,-0.6351510286331177
20.0,112445.0,0.013425051234662533,0.0015339808305725455,-0.6293451189994812
20.0,112449.0,0.013425051234662533,0.0015339808305725455,-0.6237679123878479
20.0,112452.0,0.013425051234662533,0.0015339808305725455,-0.6184105277061462
20.0,112456.0,0.013429158367216587,0.0015339808305725455,-0.6145794987678528
20.0,112460.0,0.013429158367216587,0.0015339808305725455,-0.6108176112174988
20.0,112463.0,0.013429158367216587,0.0015339808305725455,-0.6059750914573669
20.0,112467.0,0.013429158367216587,0.0015339808305725455,-0.6024687886238098
20.0,112471.0,0.013429158367216587,0.0015339808305725455,-0.5979552268981934
20.0,112476.0,0.013429158367216587,0.0015339808305725455,-0.5925624966621399
20.0,112480.0,0.013429158367216587,0.0015339808305725455,-0.5874341130256653
20.0,112483.0,0.013429158367216587,0.0015339808305725455,-0.584478497505188
20.0,112487.0,0.013429158367216587,0.0015339808305725455,-0.5806738138198853
20.0,112491.0,0.013429158367216587,0.0015339808305725455,-0.5770190358161926
20.0,112495.0,0.013429158367216587,0.0015339808305725455,-0.5743727684020996
20.0,112507.0,0.013429158367216587,0.0015339808305725455,-0.5637844204902649
20.0,112511.0,0.013429158367216587,0.0015339808305725455,-0.5607951879501343
20.0,112515.0,0.013429158367216587,0.0015339808305725455,-0.5579236745834351
20.0,112519.0,0.013429158367216587,0.0015339808305725455,-0.5551653504371643
20.0,112523.0,0.013429158367216587,0.0015339808305725455,-0.5525157451629639
20.0,112527.0,0.013429158367216587,0.0015339808305725455,-0.5499705076217651
20.0,112531.0,0.013429158367216587,0.0015339808305725455,-0.5475255250930786
20.0,112536.0,0.013429158367216587,0.0015339808305725455,-0.5446044206619263
20.0,112542.0,0.013429158367216587,0.0015339808305725455,-0.5418264269828796
20.0,112545.0,0.013429158367216587,0.0015339808305725455,-0.5397024154663086
20.0,112549.0,0.013429158367216587,0.0015339808305725455,-0.5376620292663574
20.0,112553.0,0.013429158367216587,0.0015339808305725455,-0.5361847281455994
20.0,112556.0,0.013429158367216587,0.0015339808305725455,-0.5342829823493958
20.0,112560.0,0.013429158367216587,0.0015339808305725455,-0.5324562191963196
20.0,112564.0,0.013429158367216587,0.0015339808305725455,-0.5311335325241089
20.0,112567.0,0.013429158367216587,0.0015339808305725455,-0.5294308066368103
20.0,112571.0,0.013429158367216587,0.0015339808305725455,-0.5277951955795288
20.0,112575.0,0.013429158367216587,0.0015339808305725455,-0.5266109704971313
20.0,112579.0,0.013429158367216587,0.0015339808305725455,-0.5250864624977112
20.0,112582.0,0.013429158367216587,0.0015339808305725455,-0.5236220359802246
20.0,112585.0,0.013429158367216587,0.0015339808305725455,-0.5225617289543152
20.0,112589.0,0.013429158367216587,0.0015339808305725455,-0.5211968421936035
20.0,112593.0,0.013429158367216587,0.0015339808305725455,-0.5198856592178345
20.0,112597.0,0.013429158367216587,0.0015339808305725455,-0.5186262130737305
20.0,112601.0,0.013429158367216587,0.0015339808305725455,-0.5174163579940796
20.0,112605.0,0.013429158367216587,0.0015339808305725455,-0.5165403485298157
20.0,112609.0,0.013429158367216587,0.0015339808305725455,-0.5154126882553101
20.0,112612.0,0.013429158367216587,0.0015339808305725455,-0.5143294334411621
20.0,112616.0,0.013429158367216587,0.0015339808305725455,-0.5135451555252075
20.0,112620.0,0.013429158367216587,0.0015339808305725455,-0.5125355124473572
20.0,112623.0,0.013429158367216587,0.0015339808305725455,-0.511565625667572
20.0,112627.0,0.013429158367216587,0.0015339808305725455,-0.5106340050697327
20.0,112631.0,0.013429158367216587,0.0015339808305725455,-0.509739100933075
20.0,112634.0,0.013429158367216587,0.0015339808305725455,-0.5090910792350769
20.0,112639.0,0.013429158367216587,0.0015339808305725455,-0.5082569718360901
20.0,112642.0,0.013429158367216587,0.0015339808305725455,-0.5074557065963745
20.0,112645.0,0.013429158367216587,0.0015339808305725455,-0.5068755745887756
20.0,112649.0,0.013429158367216587,0.0015339808305725455,-0.50612872838974
20.0,112653.0,0.013429158367216587,0.0015339808305725455,-0.5055879950523376
20.0,112658.0,0.013429158367216587,0.0015339808305725455,-0.5045541524887085
20.0,112661.0,0.013429158367216587,0.0015339808305725455,-0.5040602087974548
20.0,112665.0,0.013429158367216587,0.0015339808305725455,-0.5035808682441711
20.0,112669.0,0.013429158367216587,0.0015339808305725455,-0.5029639005661011
20.0,112674.0,0.013429158367216587,0.0015339808305725455,-0.502226710319519
20.0,112678.0,0.013429158367216587,0.0015339808305725455,-0.5015256404876709
20.0,112681.0,0.013429158367216587,0.0015339808305725455,-0.5011216402053833
20.0,112685.0,0.013429158367216587,0.0015339808305725455,-0.5006015300750732
20.0,112689.0,0.013429158367216587,0.0015339808305725455,-0.5002249479293823
20.0,112692.0,0.013429158367216587,0.0015339808305725455,-0.4997401535511017
20.0,112695.0,0.013429158367216587,0.0015339808305725455,-0.4993891716003418
20.0,112709.0,0.013429158367216587,0.0015339808305725455,-0.49798470735549927
20.0,112712.0,0.013429158367216587,0.0015339808305725455,-0.49758821725845337
20.0,112715.0,0.013429158367216587,0.0015339808305725455,-0.4973011314868927
20.0,112719.0,0.013429158367216587,0.0015339808305725455,-0.4970225691795349
20.0,112723.0,0.013429158367216587,0.0015339808305725455,-0.49657657742500305
20.0,112728.0,0.013429158367216587,0.0015339808305725455,-0.49623557925224304
20.0,112731.0,0.013429158367216587,0.0015339808305725455,-0.4959079921245575
20.0,112734.0,0.013429158367216587,0.0015339808305725455,-0.4956708252429962
20.0,112738.0,0.013429158367216587,0.0015339808305725455,-0.4953655004501343
20.0,112743.0,0.013429158367216587,0.0015339808305725455,-0.49507221579551697
20.0,112746.0,0.013429158367216587,0.0015339808305725455,-0.4947904944419861
20.0,112750.0,0.013429158367216587,0.0015339808305725455,-0.4945198595523834
20.0,112754.0,0.013429158367216587,0.0015339808305725455,-0.49425989389419556
20.0,112759.0,0.013429158367216587,0.0015339808305725455,-0.49401015043258667
20.0,112763.0,0.013429158367216587,0.0015339808305725455,-0.4937702715396881
20.0,112766.0,0.013429158367216587,0.0015339808305725455,-0.49353983998298645
20.0,112770.0,0.013429158367216587,0.0015339808305725455,-0.49337300658226013
20.0,112773.0,0.013429158367216587,0.0015339808305725455,-0.493158221244812
20.0,112777.0,0.013429158367216587,0.0015339808305725455,-0.4929519295692444
20.0,112781.0,0.013429158367216587,0.0015339808305725455,-0.4927537441253662
20.0,112784.0,0.013429158367216587,0.0015339808305725455,-0.49261024594306946
20.0,112788.0,0.013429158367216587,0.0015339808305725455,-0.49242550134658813
20.0,112791.0,0.013429158367216587,0.0015339808305725455,-0.49229177832603455
20.0,112795.0,0.013429158367216587,0.0015339808305725455,-0.49216198921203613
20.0,112799.0,0.013429158367216587,0.0015339808305725455,-0.4919949471950531
20.0,112803.0,0.013429158367216587,0.0015339808305725455,-0.49183446168899536
20.0,112806.0,0.013429158367216587,0.0015339808305725455,-0.4916803240776062
20.0,112810.0,0.013429158367216587,0.0015339808305725455,-0.49153223633766174
20.0,112813.0,0.013429158367216587,0.0015339808305725455,-0.4914250075817108
20.0,112818.0,0.013429158367216587,0.0015339808305725455,-0.4912869930267334
20.0,112821.0,0.013429158367216587,0.0015339808305725455,-0.49115443229675293
20.0,112826.0,0.013429158367216587,0.0015339808305725455,-0.49099603295326233
20.0,112830.0,0.013429158367216587,0.0015339808305725455,-0.49090471863746643
20.0,112833.0,0.013429158367216587,0.0015339808305725455,-0.49078720808029175
20.0,112837.0,0.013429158367216587,0.0015339808305725455,-0.49067431688308716
20.0,112841.0,0.013429158367216587,0.0015339808305725455,-0.4905658960342407
