State,Step,X,Theta,U
10.0,982932.0,0.011527720838785172,-0.003067961661145091,-0.5543308854103088
10.0,982936.0,0.01160574983805418,-0.003067961661145091,-0.5646059513092041
10.0,982940.0,0.011667351238429546,-0.003067961661145091,-0.567766010761261
10.0,982943.0,0.01170841883867979,-0.003067961661145091,-0.5696634650230408
10.0,982947.0,0.011753593571484089,-0.003067961661145091,-0.56874018907547
10.0,982950.0,0.011774127371609211,-0.003067961661145091,-0.5627184510231018
10.0,982955.0,0.0118110878393054,-0.003067961661145091,-0.5545773506164551
10.0,982960.0,0.011831622570753098,-0.003067961661145091,-0.5415828227996826
10.0,982964.0,0.011839835904538631,-0.003067961661145091,-0.531426727771759
10.0,982968.0,0.011848049238324165,-0.0015339808305725455,-0.7908648252487183
10.0,982972.0,0.01185215637087822,-0.0015339808305725455,-0.7728145122528076
10.0,982975.0,0.01185215637087822,-0.0015339808305725455,-0.755494236946106
10.0,982979.0,0.011868583038449287,-0.0015339808305725455,-0.7428681254386902
10.0,982982.0,0.011880903504788876,-0.0015339808305725455,-0.7337484955787659
10.0,982986.0,0.011905544437468052,-0.0015339808305725455,-0.726055383682251
10.0,982990.0,0.011934291571378708,-0.0015339808305725455,-0.7201648354530334
10.0,982993.0,0.011963038705289364,-0.0015339808305725455,-0.7157412767410278
10.0,982997.0,0.012004107236862183,-0.0015339808305725455,-0.7142695188522339
10.0,983000.0,0.012036960572004318,-0.0015339808305725455,-0.7128974795341492
10.0,983004.0,0.012086242437362671,-0.0015339808305725455,-0.7129432559013367
10.0,983008.0,0.012143736705183983,-0.0015339808305725455,-0.7157527208328247
10.0,983011.0,0.012188911437988281,-0.0015339808305725455,-0.7198789715766907
10.0,983014.0,0.012250513769686222,-0.0015339808305725455,-0.7225877642631531
10.0,983018.0,0.012299794703722,-0.0015339808305725455,-0.7279176115989685
10.0,983021.0,0.01236550323665142,-0.003067961661145091,-0.4649263322353363
10.0,983025.0,0.012418891303241253,-0.003067961661145091,-0.4773593246936798
10.0,983029.0,0.012472279369831085,-0.003067961661145091,-0.4827355742454529
10.0,983032.0,0.01251334697008133,-0.003067961661145091,-0.48399102687835693
10.0,983036.0,0.012537987902760506,-0.003067961661145091,-0.48119235038757324
10.0,983040.0,0.01254620123654604,-0.003067961661145091,-0.4745439887046814
10.0,983044.0,0.012550308369100094,-0.003067961661145091,-0.46673253178596497
10.0,983048.0,0.012554414570331573,-0.003067961661145091,-0.4580085575580597
10.0,983051.0,0.012554414570331573,-0.003067961661145091,-0.4483295977115631
10.0,983054.0,0.012554414570331573,-0.0015339808305725455,-0.7067252993583679
10.0,983058.0,0.012554414570331573,-0.0015339808305725455,-0.6918051838874817
10.0,983062.0,0.012562627904117107,-0.0015339808305725455,-0.6837101578712463
10.0,983065.0,0.012570842169225216,-0.0015339808305725455,-0.6724068522453308
10.0,983069.0,0.012583162635564804,-0.0015339808305725455,-0.664247453212738
10.0,983072.0,0.012595482170581818,-0.0015339808305725455,-0.6570316553115845
10.0,983076.0,0.012607802636921406,-0.0015339808305725455,-0.6495343446731567
10.0,983080.0,0.012624230235815048,-0.0015339808305725455,-0.6410483121871948
10.0,983085.0,0.012632443569600582,-0.0015339808305725455,-0.6299425363540649
10.0,983089.0,0.01264476403594017,-0.0015339808305725455,-0.6209245920181274
10.0,983092.0,0.012652977369725704,-0.0015339808305725455,-0.6150920987129211
10.0,983096.0,0.012657084502279758,-0.0015339808305725455,-0.6053868532180786
10.0,983099.0,0.012661190703511238,-0.0015339808305725455,-0.5987036824226379
10.0,983112.0,0.012665297836065292,-0.0015339808305725455,-0.5678073763847351
10.0,983117.0,0.012665297836065292,-0.0015339808305725455,-0.5587119460105896
10.0,983121.0,0.012665297836065292,-0.0015339808305725455,-0.5478660464286804
10.0,983125.0,0.012669404968619347,-0.0015339808305725455,-0.5409209728240967
10.0,983129.0,0.012669404968619347,-0.0015339808305725455,-0.5329385995864868
10.0,983133.0,0.012669404968619347,-0.0015339808305725455,-0.5271688103675842
10.0,983136.0,0.012669404968619347,-0.0015339808305725455,-0.5197545886039734
10.0,983141.0,0.012669404968619347,-0.0015339808305725455,-0.5109172463417053
10.0,983147.0,0.012669404968619347,0.0,-0.76944899559021
10.0,983150.0,0.012669404968619347,0.0,-0.757073700428009
10.0,983154.0,0.012673511169850826,0.0,-0.749478280544281
10.0,983158.0,0.01268172450363636,0.0,-0.7406192421913147
10.0,983161.0,0.012689938768744469,0.0,-0.7321101427078247
10.0,983165.0,0.012702258303761482,0.0,-0.7266349196434021
10.0,983169.0,0.012722793035209179,0.0,-0.7240490317344666
10.0,983172.0,0.012743326835334301,0.0,-0.7203128933906555
10.0,983177.0,0.012767966836690903,0.0,-0.718094527721405
10.0,983180.0,0.012788500636816025,-0.0015339808305725455,-0.45042717456817627
10.0,983184.0,0.012821354903280735,-0.0015339808305725455,-0.4570668041706085
10.0,983188.0,0.012850102968513966,-0.0015339808305725455,-0.4608013927936554
10.0,983192.0,0.012866529636085033,-0.0015339808305725455,-0.4615391492843628
10.0,983196.0,0.012874742969870567,-0.0015339808305725455,-0.45983344316482544
10.0,983199.0,0.012878850102424622,-0.0015339808305725455,-0.45687732100486755
10.0,983203.0,0.012878850102424622,-0.0015339808305725455,-0.45375657081604004
10.0,983207.0,0.012878850102424622,-0.0015339808305725455,-0.44877898693084717
10.0,983211.0,0.012878850102424622,-0.0015339808305725455,-0.44499024748802185
10.0,983215.0,0.012878850102424622,-0.0015339808305725455,-0.44225701689720154
10.0,983219.0,0.012878850102424622,-0.0015339808305725455,-0.4387519061565399
10.0,983222.0,0.012878850102424622,-0.0015339808305725455,-0.435400128364563
10.0,983226.0,0.012878850102424622,0.0,-0.6975896954536438
10.0,983230.0,0.012882957234978676,0.0,-0.6921694278717041
10.0,983233.0,0.01289117056876421,0.0,-0.6861103773117065
10.0,983238.0,0.012903491035103798,0.0,-0.6816341280937195
10.0,983241.0,0.012919917702674866,0.0,-0.6800259351730347
10.0,983244.0,0.012940451502799988,-0.0015339808305725455,-0.41078153252601624
10.0,983248.0,0.012969199568033218,-0.0015339808305725455,-0.4180583953857422
10.0,983252.0,0.012985626235604286,-0.0015339808305725455,-0.42106911540031433
10.0,983255.0,0.01299383956938982,-0.0015339808305725455,-0.42193546891212463
10.0,983259.0,0.012997946701943874,-0.0015339808305725455,-0.4208458364009857
10.0,983263.0,0.012997946701943874,-0.0015339808305725455,-0.4190766215324402
10.0,983268.0,0.012997946701943874,-0.0015339808305725455,-0.4162631034851074
10.0,983272.0,0.012997946701943874,-0.0015339808305725455,-0.41361141204833984
10.0,983276.0,0.012997946701943874,-0.0015339808305725455,-0.411601185798645
10.0,983280.0,0.012997946701943874,-0.0015339808305725455,-0.4101557731628418
10.0,983283.0,0.012997946701943874,-0.0015339808305725455,-0.40830859541893005
10.0,983287.0,0.012997946701943874,-0.0015339808305725455,-0.4069812595844269
10.0,983290.0,0.012997946701943874,0.0,-0.6737327575683594
10.0,983294.0,0.012997946701943874,0.0,-0.6660751700401306
10.0,983298.0,0.013002053834497929,0.0,-0.6618838906288147
10.0,983301.0,0.013014373369514942,0.0,-0.65874183177948
10.0,983314.0,0.01305954810231924,-0.0015339808305725455,-0.39472222328186035
10.0,983317.0,0.013063655234873295,-0.0015339808305725455,-0.39500752091407776
10.0,983321.0,0.013063655234873295,-0.0015339808305725455,-0.3939830958843231
10.0,983325.0,0.013063655234873295,-0.0015339808305725455,-0.39325156807899475
10.0,983328.0,0.013063655234873295,-0.0015339808305725455,-0.3923233449459076
10.0,983332.0,0.013063655234873295,-0.0015339808305725455,-0.39144718647003174
10.0,983336.0,0.013063655234873295,-0.0015339808305725455,-0.39062097668647766
10.0,983339.0,0.013063655234873295,-0.0015339808305725455,-0.39003294706344604
10.0,983343.0,0.013063655234873295,-0.0015339808305725455,-0.3894710838794708
10.0,983347.0,0.013063655234873295,-0.0015339808305725455,-0.38876134157180786
10.0,983350.0,0.013063655234873295,-0.0015339808305725455,-0.38809502124786377
10.0,983354.0,0.013063655234873295,-0.0015339808305725455,-0.38762274384498596
10.0,983358.0,0.013063655234873295,-0.0015339808305725455,-0.387028306722641
10.0,983361.0,0.013063655234873295,-0.0015339808305725455,-0.38647276163101196
10.0,983364.0,0.013063655234873295,-0.0015339808305725455,-0.38608065247535706
10.0,983368.0,0.013063655234873295,-0.0015339808305725455,-0.38558945059776306
10.0,983372.0,0.013063655234873295,-0.0015339808305725455,-0.3852439522743225
10.0,983375.0,0.013063655234873295,-0.0015339808305725455,-0.38481277227401733
10.0,983379.0,0.013063655234873295,-0.0015339808305725455,-0.38441401720046997
10.0,983382.0,0.013063655234873295,-0.0015339808305725455,-0.3841354548931122
10.0,983386.0,0.013063655234873295,-0.0015339808305725455,-0.38379037380218506
10.0,983392.0,0.013063655234873295,-0.0015339808305725455,-0.3833997845649719
10.0,983397.0,0.013063655234873295,-0.0015339808305725455,-0.38305234909057617
10.0,983400.0,0.013063655234873295,-0.0015339808305725455,-0.3828040361404419
10.0,983404.0,0.013063655234873295,-0.0015339808305725455,-0.3825809359550476
10.0,983408.0,0.013063655234873295,-0.0015339808305725455,-0.3823820650577545
10.0,983412.0,0.013063655234873295,-0.0015339808305725455,-0.38224828243255615
10.0,983415.0,0.013063655234873295,-0.0015339808305725455,-0.3820895254611969
10.0,983419.0,0.013063655234873295,-0.0015339808305725455,-0.3819524943828583
10.0,983423.0,0.013063655234873295,-0.0015339808305725455,-0.38186347484588623
10.0,983427.0,0.013063655234873295,-0.0015339808305725455,-0.38176238536834717
10.0,983430.0,0.013063655234873295,-0.0015339808305725455,-0.3816807270050049
10.0,983433.0,0.013063655234873295,-0.0015339808305725455,-0.3816317617893219
10.0,983437.0,0.013063655234873295,-0.0015339808305725455,-0.38158226013183594
10.0,983440.0,0.013063655234873295,-0.0015339808305725455,-0.38155660033226013
10.0,983444.0,0.013063655234873295,-0.0015339808305725455,-0.3815370798110962
10.0,983448.0,0.013063655234873295,-0.0015339808305725455,-0.38153311610221863
10.0,983451.0,0.013063655234873295,-0.0015339808305725455,-0.3815460801124573
10.0,983456.0,0.013063655234873295,-0.0015339808305725455,-0.38157331943511963
10.0,983461.0,0.013063655234873295,-0.0015339808305725455,-0.38161492347717285
10.0,983464.0,0.013063655234873295,-0.0015339808305725455,-0.3816703259944916
10.0,983469.0,0.013063655234873295,-0.0015339808305725455,-0.3817581832408905
10.0,983472.0,0.013063655234873295,-0.0015339808305725455,-0.3818204402923584
10.0,983476.0,0.013063655234873295,-0.0015339808305725455,-0.38191407918930054
10.0,983480.0,0.013063655234873295,-0.0015339808305725455,-0.38199204206466675
10.0,983483.0,0.013063655234873295,-0.0015339808305725455,-0.3821059465408325
10.0,983487.0,0.013063655234873295,-0.0015339808305725455,-0.38219860196113586
10.0,983490.0,0.013063655234873295,-0.0015339808305725455,-0.38233140110969543
10.0,983493.0,0.013063655234873295,-0.0015339808305725455,-0.38243770599365234
10.0,983497.0,0.013063655234873295,-0.0015339808305725455,-0.38258811831474304
10.0,983510.0,0.013063655234873295,-0.0015339808305725455,-0.3830949366092682
10.0,983514.0,0.013063655234873295,-0.0015339808305725455,-0.3832812011241913
10.0,983518.0,0.013063655234873295,-0.0015339808305725455,-0.38347557187080383
10.0,983522.0,0.013063655234873295,-0.0015339808305725455,-0.38367775082588196
10.0,983525.0,0.013063655234873295,-0.0015339808305725455,-0.383887380361557
10.0,983529.0,0.013063655234873295,-0.0015339808305725455,-0.3841042220592499
10.0,983533.0,0.013063655234873295,-0.0015339808305725455,-0.3842713534832001
10.0,983537.0,0.013063655234873295,-0.0015339808305725455,-0.38450008630752563
10.0,983540.0,0.013063655234873295,-0.0015339808305725455,-0.38473525643348694
10.0,983544.0,0.013063655234873295,-0.0015339808305725455,-0.38491567969322205
10.0,983547.0,0.013063655234873295,-0.0015339808305725455,-0.38516145944595337
10.0,983551.0,0.013063655234873295,-0.0015339808305725455,-0.3854130208492279
10.0,983554.0,0.013063655234873295,-0.0015339808305725455,-0.3856053650379181
10.0,983558.0,0.013063655234873295,-0.0015339808305725455,-0.3858664631843567
10.0,983562.0,0.013063655234873295,-0.0015339808305725455,-0.38606566190719604
10.0,983565.0,0.013063655234873295,-0.0015339808305725455,-0.3863356411457062
10.0,983569.0,0.013063655234873295,-0.0015339808305725455,-0.3866104185581207
10.0,983572.0,0.013063655234873295,-0.0015339808305725455,-0.3868195712566376
10.0,983576.0,0.013063655234873295,-0.0015339808305725455,-0.38710230588912964
10.0,983580.0,0.013063655234873295,-0.0015339808305725455,-0.3873893618583679
10.0,983587.0,0.013063655234873295,-0.0015339808305725455,-0.387827605009079
10.0,983590.0,0.013063655234873295,-0.0015339808305725455,-0.3881247043609619
10.0,983594.0,0.013063655234873295,-0.0015339808305725455,-0.3883499801158905
10.0,983598.0,0.013063655234873295,-0.0015339808305725455,-0.3886534869670868
10.0,983601.0,0.013063655234873295,-0.0015339808305725455,-0.38896048069000244
10.0,983605.0,0.013063655234873295,-0.0015339808305725455,-0.3892708420753479
10.0,983609.0,0.013063655234873295,-0.0015339808305725455,-0.38958439230918884
10.0,983612.0,0.013063655234873295,-0.003067961661145091,-0.12137497216463089
10.0,983616.0,0.013063655234873295,-0.003067961661145091,-0.127738356590271
10.0,983620.0,0.013063655234873295,-0.003067961661145091,-0.1323559433221817
10.0,983623.0,0.013063655234873295,-0.003067961661145091,-0.1383136808872223
10.0,983627.0,0.013063655234873295,-0.003067961661145091,-0.14263753592967987
10.0,983630.0,0.013063655234873295,-0.003067961661145091,-0.14821715652942657
10.0,983634.0,0.013063655234873295,-0.003067961661145091,-0.15226727724075317
10.0,983638.0,0.013063655234873295,-0.003067961661145091,-0.1574944406747818
10.0,983642.0,0.013063655234873295,-0.003067961661145091,-0.16376139223575592
10.0,983647.0,0.013063655234873295,-0.003067961661145091,-0.16974517703056335
10.0,983651.0,0.013063655234873295,-0.003067961661145091,-0.1743377298116684
10.0,983654.0,0.013063655234873295,-0.003067961661145091,-0.1776731312274933
10.0,983660.0,0.013063655234873295,-0.003067961661145091,-0.18303273618221283
10.0,983663.0,0.013063655234873295,-0.003067961661145091,-0.18714801967144012
10.0,983667.0,0.013063655234873295,-0.003067961661145091,-0.19013787806034088
10.0,983670.0,0.013063655234873295,-0.003067961661145091,-0.19400019943714142
10.0,983674.0,0.013063655234873295,-0.003067961661145091,-0.19680693745613098
10.0,983678.0,0.013063655234873295,-0.003067961661145091,-0.20043349266052246
10.0,983681.0,0.013063655234873295,-0.003067961661145091,-0.20393261313438416
10.0,983684.0,0.013063655234873295,-0.003067961661145091,-0.2064763307571411
10.0,983688.0,0.013063655234873295,-0.003067961661145091,-0.20976436138153076
10.0,983692.0,0.013063655234873295,-0.003067961661145091,-0.21215522289276123
10.0,983695.0,0.013063655234873295,-0.003067961661145091,-0.2152465283870697
10.0,983708.0,0.013063655234873295,-0.004601942375302315,0.04081394150853157
10.0,983712.0,0.013063655234873295,-0.004601942375302315,0.03433947265148163
10.0,983715.0,0.013063655234873295,-0.004601942375302315,0.02599148079752922
10.0,983719.0,0.01305954810231924,-0.004601942375302315,0.019287878647446632
10.0,983722.0,0.01305954810231924,-0.004601942375302315,0.013424531556665897
10.0,983727.0,0.01305954810231924,-0.004601942375302315,0.005863232538104057
10.0,983730.0,0.01305954810231924,-0.004601942375302315,-0.0014156256802380085
10.0,983734.0,0.01305954810231924,-0.004601942375302315,-0.006696050055325031
10.0,983738.0,0.01305954810231924,-0.004601942375302315,-0.013507007621228695
10.0,983742.0,0.01305954810231924,-0.004601942375302315,-0.02006503939628601
10.0,983746.0,0.01305954810231924,-0.004601942375302315,-0.027921993285417557
10.0,983750.0,0.01305954810231924,-0.004601942375302315,-0.033946748822927475
10.0,983754.0,0.01305954810231924,-0.004601942375302315,-0.03831915557384491
10.0,983758.0,0.01305954810231924,-0.004601942375302315,-0.04396123066544533
10.0,983761.0,0.01305954810231924,-0.004601942375302315,-0.049396440386772156
10.0,983767.0,0.01305954810231924,-0.004601942375302315,-0.05591188371181488
10.0,983772.0,0.01305954810231924,-0.006135923322290182,0.2005486786365509
10.0,983776.0,0.013055441901087761,-0.006135923322290182,0.1913093775510788
10.0,983780.0,0.013055441901087761,-0.006135923322290182,0.181068554520607
10.0,983784.0,0.013051334768533707,-0.006135923322290182,0.17498663067817688
10.0,983788.0,0.013051334768533707,-0.006135923322290182,0.1653670072555542
10.0,983791.0,0.013047227635979652,-0.006135923322290182,0.15742988884449005
10.0,983795.0,0.013047227635979652,-0.006135923322290182,0.14847621321678162
10.0,983799.0,0.013047227635979652,-0.006135923322290182,0.13985992968082428
10.0,983803.0,0.013047227635979652,-0.006135923322290182,0.13361111283302307
10.0,983807.0,0.013047227635979652,-0.006135923322290182,0.12555357813835144
10.0,983810.0,0.013047227635979652,-0.006135923322290182,0.11779814958572388
10.0,983813.0,0.013047227635979652,-0.006135923322290182,0.11217261850833893
10.0,983818.0,0.013047227635979652,-0.006135923322290182,0.10491745173931122
10.0,983821.0,0.013047227635979652,-0.0076699042692780495,0.36182332038879395
10.0,983825.0,0.013043121434748173,-0.0076699042692780495,0.3505519926548004
10.0,983829.0,0.013030800968408585,-0.0076699042692780495,0.3424128293991089
10.0,983833.0,0.01302258763462305,-0.0076699042692780495,0.33619096875190735
10.0,983837.0,0.013014373369514942,-0.0076699042692780495,0.32727256417274475
10.0,983840.0,0.013002053834497929,-0.0076699042692780495,0.32003068923950195
10.0,983844.0,0.012997946701943874,-0.0076699042692780495,0.310400128364563
10.0,983848.0,0.01299383956938982,-0.0076699042692780495,0.3037605583667755
10.0,983851.0,0.01299383956938982,-0.0076699042692780495,0.29342323541641235
10.0,983855.0,0.01299383956938982,-0.0076699042692780495,0.2834778428077698
10.0,983859.0,0.01299383956938982,-0.0076699042692780495,0.27626675367355347
10.0,983862.0,0.01299383956938982,-0.00920388475060463,0.5354170799255371
10.0,983866.0,0.01299383956938982,-0.00920388475060463,0.5204272866249084
10.0,983869.0,0.01298973336815834,-0.00920388475060463,0.5108943581581116
10.0,983873.0,0.012981519103050232,-0.00920388475060463,0.502983033657074
10.0,983877.0,0.012965092435479164,-0.00920388475060463,0.4945954978466034
10.0,983880.0,0.012948664836585522,-0.00920388475060463,0.48654329776763916
10.0,983884.0,0.012936345301568508,-0.00920388475060463,0.47881272435188293
10.0,983888.0,0.012915811501443386,-0.00920388475060463,0.47457361221313477
10.0,983891.0,0.012903491035103798,-0.00920388475060463,0.4673280417919159
10.0,983896.0,0.012887063436210155,-0.00920388475060463,0.725805401802063
10.0,983908.0,0.012817248702049255,-0.010737866163253784,0.6975144743919373
10.0,983912.0,0.012772073969244957,-0.010737866163253784,0.696943461894989
10.0,983915.0,0.012722793035209179,-0.010737866163253784,0.701607346534729
10.0,983919.0,0.012652977369725704,-0.010737866163253784,0.7088379263877869
10.0,983922.0,0.012570842169225216,-0.010737866163253784,0.716118574142456
10.0,983926.0,0.01247638650238514,-0.010737866163253784,0.7295940518379211
10.0,983930.0,0.01240246370434761,-0.010737866163253784,0.7404105067253113
10.0,983934.0,0.012299794703722,-0.010737866163253784,0.7557687759399414
10.0,983937.0,0.012184805236756802,-0.00920388475060463,0.5061897039413452
10.0,983941.0,0.012098562903702259,-0.00920388475060463,0.5304836630821228
10.0,983944.0,0.011983572505414486,-0.00920388475060463,0.5481560230255127
10.0,983948.0,0.011901437304913998,-0.00920388475060463,0.5683289766311646
10.0,983952.0,0.011782340705394745,-0.00920388475060463,0.5879376530647278
10.0,983959.0,0.011646817438304424,-0.00920388475060463,0.6040929555892944
10.0,983962.0,0.011581108905375004,-0.00920388475060463,0.6157425045967102
10.0,983966.0,0.011498973704874516,-0.00920388475060463,0.6256932020187378
10.0,983970.0,0.011416837573051453,-0.00920388475060463,0.6353373527526855
10.0,983973.0,0.011338808573782444,-0.00920388475060463,0.6410342454910278
10.0,983977.0,0.011277207173407078,-0.00920388475060463,0.6502195596694946
10.0,983980.0,0.011199179105460644,-0.00920388475060463,0.655596137046814
10.0,983984.0,0.011141683906316757,-0.00920388475060463,0.6616800427436829
10.0,983988.0,0.011067762039601803,-0.00920388475060463,0.6668066382408142
10.0,983992.0,0.010997946374118328,-0.00920388475060463,0.6712664365768433
10.0,983995.0,0.010928131639957428,-0.00920388475060463,0.6756095290184021
10.0,983999.0,0.010858315974473953,-0.00920388475060463,0.6798533201217651
10.0,984003.0,0.010800821706652641,-0.00920388475060463,0.684647262096405
10.0,984006.0,0.010722792707383633,-0.00920388475060463,0.6913528442382812
10.0,984010.0,0.010665297508239746,-0.00920388475060463,0.697851836681366
10.0,984014.0,0.010583162307739258,-0.00920388475060463,0.7036230564117432
10.0,984018.0,0.010496919974684715,-0.010737866163253784,0.9763621687889099
10.0,984021.0,0.010431211441755295,-0.010737866163253784,0.980444610118866
10.0,984024.0,0.010328542441129684,-0.010737866163253784,0.9868155121803284
10.0,984028.0,0.010242300108075142,-0.010737866163253784,0.9986658692359924
10.0,984032.0,0.010114990174770355,-0.010737866163253784,1.0168792009353638
10.0,984036.0,0.009967145510017872,-0.00920388475060463,0.774480938911438
10.0,984039.0,0.009798767976462841,-0.00920388475060463,0.8000732660293579
10.0,984043.0,0.009667350910604,-0.00920388475060463,0.8263581991195679
10.0,984047.0,0.009490760043263435,-0.00920388475060463,0.860805869102478
10.0,984050.0,0.00935523584485054,-0.00920388475060463,0.895429790019989
10.0,984053.0,0.009170431643724442,-0.00920388475060463,0.9219670295715332
10.0,984058.0,0.008981519378721714,-0.0076699042692780495,0.6903112530708313
10.0,984061.0,0.008833675645291805,-0.0076699042692780495,0.7316997051239014
10.0,984064.0,0.008648870512843132,-0.0076699042692780495,0.7601373195648193
10.0,984068.0,0.008464065380394459,-0.0076699042692780495,0.796509861946106
10.0,984072.0,0.008332649245858192,-0.0076699042692780495,0.8206191062927246
10.0,984075.0,0.008160164579749107,-0.0076699042692780495,0.8509573936462402
10.0,984079.0,0.008028747513890266,-0.0076699042692780495,0.8802993893623352
10.0,984084.0,0.007811088114976883,-0.006135923322290182,0.6431031227111816
10.0,984089.0,0.00758932251483202,-0.006135923322290182,0.6866773962974548
10.0,984092.0,0.007429158315062523,-0.006135923322290182,0.7145918607711792
10.0,984105.0,0.007022587116807699,-0.006135923322290182,0.7736107707023621
10.0,984109.0,0.0068952771835029125,-0.006135923322290182,0.7881066799163818
10.0,984113.0,0.006772073917090893,-0.006135923322290182,0.7970244884490967
10.0,984117.0,0.006648870650678873,-0.006135923322290182,0.8095043897628784
10.0,984120.0,0.006558521650731564,-0.006135923322290182,0.8203151226043701
10.0,984124.0,0.006443531718105078,-0.006135923322290182,0.8272331953048706
10.0,984127.0,0.006332648918032646,-0.006135923322290182,0.8349069952964783
10.0,984131.0,0.006246406584978104,-0.006135923322290182,0.8450913429260254
10.0,984134.0,0.006123203318566084,-0.006135923322290182,0.8528772592544556
10.0,984138.0,0.006020533852279186,-0.006135923322290182,0.8679178357124329
10.0,984143.0,0.005843942519277334,-0.006135923322290182,0.8897876739501953
10.0,984147.0,0.0056960987858474255,-0.006135923322290182,0.9033164381980896
10.0,984150.0,0.00558110885322094,-0.006135923322290182,0.9222261905670166
10.0,984153.0,0.00542505132034421,-0.006135923322290182,0.9377210736274719
10.0,984157.0,0.005297741387039423,-0.006135923322290182,0.9555469155311584
10.0,984160.0,0.005121150054037571,-0.006135923322290182,0.9808987975120544
10.0,984164.0,0.004977412521839142,-0.006135923322290182,1.0121508836746216
10.0,984168.0,0.004776180721819401,-0.006135923322290182,1.0349138975143433
10.0,984171.0,0.004620123188942671,-0.006135923322290182,1.0670825242996216
10.0,984175.0,0.0044106775894761086,-0.006135923322290182,1.0925582647323608
10.0,984179.0,0.004176591522991657,-0.006135923322290182,1.1322779655456543
10.0,984182.0,0.003913757856935263,-0.004601942375302315,0.9161974787712097
10.0,984187.0,0.0036344968248158693,-0.004601942375302315,0.9736258387565613
10.0,984190.0,0.00342094455845654,-0.004601942375302315,1.0304560661315918
10.0,984193.0,0.003133470192551613,-0.003067961661145091,0.8066015839576721
10.0,984198.0,0.0028459958266466856,-0.003067961661145091,0.8674111366271973
10.0,984201.0,0.0026365502271801233,-0.003067961661145091,0.9234954118728638
10.0,984204.0,0.0023613963276147842,-0.0015339808305725455,0.6960812211036682
10.0,984208.0,0.002094455761834979,-0.0015339808305725455,0.7509485483169556
10.0,984212.0,0.0019096509786322713,-0.0015339808305725455,0.7986389994621277
10.0,984215.0,0.0016673511127009988,-0.0015339808305725455,0.8296701312065125
10.0,984219.0,0.0014948665630072355,-0.0015339808305725455,0.86808180809021
10.0,984223.0,0.0012689938303083181,0.0,0.6278209686279297
10.0,984227.0,0.0010472278809174895,0.0,0.6674467325210571
10.0,984230.0,0.0008911704062484205,0.0,0.7004187703132629
10.0,984234.0,0.0007022587233223021,0.0,0.7197609543800354
10.0,984237.0,0.0005215605488047004,0.0,0.7430905103683472
10.0,984241.0,0.00039425049908459187,0.0,0.7574402093887329
10.0,984244.0,0.0002628336660563946,0.0,0.7769712209701538
10.0,984248.0,9.034907270688564e-05,0.0,0.7919307947158813
10.0,984251.0,-3.285420825704932e-05,0.0,0.8078088164329529
10.0,984254.0,-0.00019301848078612238,0.0,0.8181056380271912
10.0,984258.0,-0.00031211497844196856,0.0,0.8306219577789307
10.0,984262.0,-0.00046817248221486807,0.0,0.8404684066772461
10.0,984265.0,-0.000587268965318799,0.0,0.856063187122345
10.0,984270.0,-0.0007843942730687559,0.0,0.872511088848114
10.0,984275.0,-0.0010266940807923675,0.0,0.8850459456443787
10.0,984279.0,-0.001154004130512476,0.0,0.8999434113502502
10.0,984283.0,-0.0013264886802062392,0.0,0.9125365614891052
10.0,984287.0,-0.001503080129623413,0.0,0.9294029474258423
10.0,984299.0,-0.002090349094942212,0.0,0.9954720139503479
10.0,984302.0,-0.002291581127792597,0.0,1.0180257558822632
10.0,984307.0,-0.0025092402938753366,0.0,1.0452975034713745
10.0,984310.0,-0.0026817249599844217,0.0,1.0757536888122559
10.0,984314.0,-0.002915811026468873,0.0015339808305725455,0.8339401483535767
10.0,984318.0,-0.0031581108924001455,0.0015339808305725455,0.8727068901062012
10.0,984321.0,-0.003338809125125408,0.0015339808305725455,0.9102308750152588
10.0,984325.0,-0.00363860372453928,0.0015339808305725455,0.9452552795410156
10.0,984329.0,-0.003815195057541132,0.0015339808305725455,0.9778249859809875
10.0,984333.0,-0.004049281124025583,0.0015339808305725455,1.0019344091415405
10.0,984337.0,-0.004291580989956856,0.003067961661145091,0.7715844511985779
10.0,984340.0,-0.004472279455512762,0.003067961661145091,0.8086237907409668
10.0,984343.0,-0.004694045055657625,0.003067961661145091,0.8309352397918701
10.0,984348.0,-0.004907597322016954,0.003067961661145091,0.8580989241600037
10.0,984351.0,-0.005063654854893684,0.003067961661145091,0.8831261396408081
10.0,984355.0,-0.005277207586914301,0.003067961661145091,0.9024302959442139
10.0,984358.0,-0.005498973187059164,0.003067961661145091,0.930210292339325
10.0,984362.0,-0.0057166325859725475,0.004601942375302315,0.690409779548645
10.0,984366.0,-0.0058767967857420444,0.004601942375302315,0.7212135791778564
10.0,984369.0,-0.006090349052101374,0.004601942375302315,0.7413318157196045
10.0,984373.0,-0.006242299918085337,0.004601942375302315,0.7596556544303894
10.0,984377.0,-0.006439425051212311,0.004601942375302315,0.7816827893257141
10.0,984380.0,-0.006624230183660984,0.004601942375302315,0.7990715503692627
10.0,984384.0,-0.006755646783858538,0.004601942375302315,0.8120017647743225
10.0,984388.0,-0.006924024783074856,0.004601942375302315,0.8208481073379517
10.0,984391.0,-0.007059548050165176,0.004601942375302315,0.8410377502441406
10.0,984396.0,-0.007338808849453926,0.004601942375302315,0.8605973720550537
10.0,984402.0,-0.007572895381599665,0.004601942375302315,0.8773954510688782
10.0,984405.0,-0.007757700048387051,0.004601942375302315,0.8924502730369568
10.0,984409.0,-0.00790143758058548,0.004601942375302315,0.9098191857337952
10.0,984413.0,-0.00810266938060522,0.004601942375302315,0.9249010682106018
10.0,984416.0,-0.008299794979393482,0.004601942375302315,0.9427568316459656
10.0,984420.0,-0.008451745845377445,0.004601942375302315,0.9571799039840698
10.0,984423.0,-0.008603695780038834,0.006135923322290182,0.7116559743881226
10.0,984427.0,-0.008800821378827095,0.006135923322290182,0.7327198386192322
10.0,984430.0,-0.00894045177847147,0.006135923322290182,0.7450997829437256
10.0,984434.0,-0.009112936444580555,0.006135923322290182,0.755923330783844
10.0,984438.0,-0.009273100644350052,0.006135923322290182,0.7651556730270386
10.0,984441.0,-0.00938398391008377,0.006135923322290182,0.7702121138572693
10.0,984444.0,-0.00953182764351368,0.006135923322290182,0.7739988565444946
10.0,984448.0,-0.00963449664413929,0.006135923322290182,0.7763783931732178
10.0,984452.0,-0.009770020842552185,0.006135923322290182,0.7761965394020081
10.0,984456.0,-0.009905544109642506,0.006135923322290182,0.7774249315261841
10.0,984461.0,-0.010069815441966057,0.004601942375302315,1.0429049730300903
10.0,984464.0,-0.010168378241360188,0.004601942375302315,1.0385894775390625
10.0,984468.0,-0.010312114842236042,0.004601942375302315,1.0372941493988037
10.0,984472.0,-0.01045995857566595,0.004601942375302315,1.0374722480773926
10.0,984475.0,-0.010583162307739258,0.004601942375302315,1.0445729494094849
10.0,984479.0,-0.010763860307633877,0.004601942375302315,1.0556023120880127
10.0,984483.0,-0.010956878773868084,0.004601942375302315,1.067770004272461
10.0,984495.0,-0.011613963171839714,0.006135923322290182,0.8875916004180908
10.0,984499.0,-0.011848049238324165,0.006135923322290182,0.9176223278045654
10.0,984502.0,-0.012069814838469028,0.006135923322290182,0.9382221102714539
10.0,984507.0,-0.012299794703722,0.0076699042692780495,0.6998775005340576
10.0,984510.0,-0.012468172237277031,0.0076699042692780495,0.7322537899017334
10.0,984513.0,-0.012694044969975948,0.0076699042692780495,0.7555424571037292
10.0,984517.0,-0.0128583163022995,0.0076699042692780495,0.7848984599113464
10.0,984520.0,-0.01302669383585453,0.0076699042692780495,0.8070120215415955
10.0,984524.0,-0.013244353234767914,0.0076699042692780495,0.8321653008460999
10.0,984528.0,-0.013457905501127243,0.00920388475060463,0.5851643085479736
10.0,984531.0,-0.01361806970089674,0.00920388475060463,0.6136514544487
10.0,984534.0,-0.013806981965899467,0.00920388475060463,0.6287490129470825
10.0,984538.0,-0.013934291899204254,0.00920388475060463,0.6426002979278564
10.0,984542.0,-0.014082135632634163,0.00920388475060463,0.6467617750167847
10.0,984546.0,-0.014205338433384895,0.00920388475060463,0.6452027559280396
10.0,984549.0,-0.014287474565207958,0.00920388475060463,0.640229344367981
10.0,984552.0,-0.014386037364602089,0.00920388475060463,0.6323556303977966
10.0,984557.0,-0.014472279697656631,0.00920388475060463,0.620115339756012
10.0,984560.0,-0.014529773965477943,0.00920388475060463,0.8742514252662659
10.0,984563.0,-0.014599589630961418,0.0076699042692780495,0.8563907146453857
10.0,984567.0,-0.01465297769755125,0.0076699042692780495,0.8361815214157104
10.0,984570.0,-0.014714579097926617,0.0076699042692780495,0.8236153721809387
10.0,984574.0,-0.014796714298427105,0.0076699042692780495,0.8114886283874512
10.0,984577.0,-0.014862422831356525,0.0076699042692780495,0.79732346534729
10.0,984582.0,-0.01496919896453619,0.0076699042692780495,0.7838265895843506
10.0,984587.0,-0.015071868896484375,0.0076699042692780495,0.7662162780761719
10.0,984590.0,-0.01514579076319933,0.006135923322290182,1.0155909061431885
10.0,984594.0,-0.015199178829789162,0.006135923322290182,0.9943984746932983
10.0,984598.0,-0.015285421162843704,0.006135923322290182,0.9824944138526917
10.0,984601.0,-0.015355235897004604,0.006135923322290182,0.9708529710769653
10.0,984605.0,-0.015466119162738323,0.006135923322290182,0.9638119339942932
10.0,984609.0,-0.015585215762257576,0.006135923322290182,0.9611635804176331
10.0,984612.0,-0.015679672360420227,0.006135923322290182,0.9601283669471741
10.0,984616.0,-0.015806982293725014,0.006135923322290182,0.9591554999351501
10.0,984619.0,-0.015909651294350624,0.006135923322290182,0.9611498713493347
10.0,984623.0,-0.016041068360209465,0.006135923322290182,0.9617124199867249
10.0,984627.0,-0.016180697828531265,0.006135923322290182,0.9652658700942993
10.0,984630.0,-0.01629568822681904,0.006135923322290182,0.974228024482727
10.0,984633.0,-0.016459958627820015,0.006135923322290182,0.9828715324401855
10.0,984637.0,-0.016591375693678856,0.0076699042692780495,0.7343124151229858
10.0,984641.0,-0.01677207462489605,0.0076699042692780495,0.7509812116622925
10.0,984645.0,-0.01697741262614727,0.0076699042692780495,0.7712762355804443
10.0,984651.0,-0.01717453822493553,0.0076699042692780495,0.788267970085144
10.0,984654.0,-0.01728542149066925,0.0076699042692780495,0.7983078360557556
10.0,984660.0,-0.01750718615949154,0.0076699042692780495,0.81058269739151
10.0,984663.0,-0.0176098570227623,0.0076699042692780495,0.8175312876701355
10.0,984667.0,-0.017745379358530045,0.0076699042692780495,0.8206634521484375
10.0,984670.0,-0.017848048359155655,0.00920388475060463,0.563637375831604
10.0,984673.0,-0.01798357255756855,0.00920388475060463,0.5711386203765869
10.0,984677.0,-0.018098562955856323,0.00920388475060463,0.5756057500839233
10.0,984690.0,-0.018369609490036964,0.00920388475060463,0.5654093027114868
10.0,984693.0,-0.01843942515552044,0.0076699042692780495,0.824402391910553
10.0,984697.0,-0.018480492755770683,0.0076699042692780495,0.8053781986236572
10.0,984701.0,-0.018537987023591995,0.0076699042692780495,0.7909955382347107
10.0,984705.0,-0.01859958842396736,0.0076699042692780495,0.7747886180877686
10.0,984708.0,-0.018661191686987877,0.0076699042692780495,0.7593175172805786
10.0,984712.0,-0.018714578822255135,0.0076699042692780495,0.7505273222923279
10.0,984715.0,-0.018763860687613487,0.0076699042692780495,0.7375084757804871
10.0,984719.0,-0.018829569220542908,0.0076699042692780495,0.7251044511795044
10.0,984723.0,-0.018891170620918274,0.0076699042692780495,0.7148350477218628
10.0,984727.0,-0.01895277202129364,0.0076699042692780495,0.702154815196991
10.0,984730.0,-0.018993839621543884,0.0076699042692780495,0.688740074634552
10.0,984733.0,-0.019051333889365196,0.0076699042692780495,0.6784163117408752
10.0,984737.0,-0.01909240335226059,0.0076699042692780495,0.6647531986236572
10.0,984741.0,-0.019141683354973793,0.0076699042692780495,0.6539148092269897
10.0,984744.0,-0.019178645685315132,0.006135923322290182,0.906947910785675
10.0,984748.0,-0.01922381855547428,0.006135923322290182,0.8863826990127563
10.0,984751.0,-0.019273100420832634,0.006135923322290182,0.8725579977035522
10.0,984755.0,-0.019318275153636932,0.006135923322290182,0.8574914336204529
10.0,984760.0,-0.01940041035413742,0.006135923322290182,0.8471283912658691
10.0,984763.0,-0.019457904621958733,0.006135923322290182,0.8399554491043091
10.0,984768.0,-0.019560575485229492,0.006135923322290182,0.8332056403160095
10.0,984773.0,-0.01967145875096321,0.006135923322290182,0.8296392560005188
10.0,984777.0,-0.019757701084017754,0.006135923322290182,0.8274134993553162
10.0,984780.0,-0.01981930248439312,0.006135923322290182,0.8242344856262207
10.0,984783.0,-0.019905544817447662,0.006135923322290182,0.8209959268569946
10.0,984787.0,-0.01996714621782303,0.006135923322290182,0.8169346451759338
10.0,984790.0,-0.02003285475075245,0.006135923322290182,0.8154061436653137
10.0,984794.0,-0.02011909708380699,0.006135923322290182,0.8140084743499756
10.0,984798.0,-0.02020944468677044,0.0076699042692780495,0.5463136434555054
10.0,984801.0,-0.020279260352253914,0.0076699042692780495,0.5516558289527893
10.0,984804.0,-0.020357290282845497,0.0076699042692780495,0.5522759556770325
10.0,984809.0,-0.02041478455066681,0.0076699042692780495,0.5469087362289429
10.0,984812.0,-0.020439425483345985,0.0076699042692780495,0.533837080001831
10.0,984816.0,-0.020459959283471107,0.006135923322290182,0.7798880934715271
10.0,984819.0,-0.020464066416025162,0.006135923322290182,0.758550226688385
10.0,984823.0,-0.020468171685934067,0.006135923322290182,0.7324216365814209
10.0,984827.0,-0.02047227881848812,0.006135923322290182,0.7073525190353394
10.0,984830.0,-0.020476385951042175,0.006135923322290182,0.6895574331283569
10.0,984834.0,-0.02048049308359623,0.006135923322290182,0.6723206639289856
10.0,984837.0,-0.02048049308359623,0.006135923322290182,0.6483762860298157
10.0,984841.0,-0.02048049308359623,0.006135923322290182,0.8938462138175964
10.0,984844.0,-0.02048049308359623,0.004601942375302315,0.8726697564125061
10.0,984848.0,-0.02048049308359623,0.004601942375302315,0.8454307317733765
10.0,984852.0,-0.020484600216150284,0.004601942375302315,0.8270671963691711
10.0,984855.0,-0.020492812618613243,0.004601942375302315,0.8056892156600952
10.0,984859.0,-0.020505134016275406,0.004601942375302315,0.7838623523712158
10.0,984862.0,-0.020513346418738365,0.004601942375302315,0.7687549591064453
10.0,984867.0,-0.02051745355129242,0.004601942375302315,0.7470902800559998
10.0,984870.0,-0.020521560683846474,0.004601942375302315,0.7276520133018494
10.0,984883.0,-0.020542094483971596,0.003067961661145091,0.9191198945045471
10.0,984887.0,-0.020558521151542664,0.003067961661145091,0.9002476334571838
10.0,984890.0,-0.020579054951667786,0.003067961661145091,0.8879550695419312
10.0,984895.0,-0.020603695884346962,0.003067961661145091,0.8687569499015808
10.0,984899.0,-0.020632443949580193,0.003067961661145091,0.8505808115005493
10.0,984904.0,-0.02064887061715126,0.003067961661145091,0.8385475873947144
10.0,984907.0,-0.020665297284722328,0.003067961661145091,0.8230963349342346
10.0,984911.0,-0.020673511549830437,0.003067961661145091,0.8069558143615723
10.0,984915.0,-0.020681723952293396,0.003067961661145091,0.7936201691627502
10.0,984918.0,-0.020689938217401505,0.0015339808305725455,1.0427669286727905
10.0,984922.0,-0.02069404534995556,0.0015339808305725455,1.0199389457702637
10.0,984926.0,-0.020710472017526627,0.0015339808305725455,1.003387451171875
10.0,984930.0,-0.020735112950205803,0.0015339808305725455,0.9931101202964783
10.0,984933.0,-0.02075975388288498,0.0015339808305725455,0.9830683469772339
10.0,984937.0,-0.020804928615689278,0.0015339808305725455,0.9775086641311646
10.0,984940.0,-0.020845996215939522,0.0015339808305725455,0.9735203385353088
10.0,984944.0,-0.020907597616314888,0.0015339808305725455,0.9738078713417053
10.0,984948.0,-0.020981520414352417,0.0015339808305725455,0.9768624305725098
10.0,984952.0,-0.021063655614852905,0.003067961661145091,0.7140724658966064
10.0,984957.0,-0.02117864415049553,0.003067961661145091,0.732589066028595
10.0,984961.0,-0.021268993616104126,0.003067961661145091,0.7490314245223999
10.0,984965.0,-0.021351128816604614,0.003067961661145091,0.7570100426673889
10.0,984969.0,-0.02142094448208809,0.003067961661145091,0.7633735537528992
10.0,984972.0,-0.021466119214892387,0.003067961661145091,0.766922116279602
10.0,984976.0,-0.0215236134827137,0.003067961661145091,0.7677693963050842
10.0,984980.0,-0.021568788215517998,0.003067961661145091,0.7660747766494751
10.0,984983.0,-0.021601643413305283,0.003067961661145091,0.7630751729011536
10.0,984987.0,-0.021638603881001472,0.003067961661145091,0.760290801525116
10.0,984990.0,-0.021659137681126595,0.003067961661145091,0.7536561489105225
10.0,984994.0,-0.021687885746359825,0.003067961661145091,0.748563826084137
10.0,984997.0,-0.021712524816393852,0.003067961661145091,0.7411641478538513
10.0,985001.0,-0.021724846214056015,0.003067961661145091,0.7314265966415405
10.0,985005.0,-0.021741272881627083,0.003067961661145091,0.7221177220344543
10.0,985009.0,-0.021761806681752205,0.003067961661145091,0.7167384028434753
10.0,985012.0,-0.021770020946860313,0.003067961661145091,0.706774890422821
10.0,985016.0,-0.02178644761443138,0.003067961661145091,0.6972197890281677
10.0,985020.0,-0.02179466187953949,0.003067961661145091,0.6880818605422974
10.0,985023.0,-0.021806981414556503,0.003067961661145091,0.6811615228652954
10.0,985027.0,-0.021815195679664612,0.003067961661145091,0.6713958382606506
10.0,985031.0,-0.02182340808212757,0.003067961661145091,0.6650195121765137
10.0,985034.0,-0.021827515214681625,0.003067961661145091,0.6546239256858826
10.0,985038.0,-0.02183162234723568,0.0015339808305725455,0.9131032824516296
10.0,985042.0,-0.021835729479789734,0.0015339808305725455,0.9016788601875305
10.0,985045.0,-0.021839836612343788,0.0015339808305725455,0.8879197835922241
10.0,985049.0,-0.02186037041246891,0.0015339808305725455,0.8787316083908081
10.0,985052.0,-0.02188911661505699,0.0015339808305725455,0.8751387596130371
10.0,985056.0,-0.021930184215307236,0.0015339808305725455,0.8732571601867676
10.0,985060.0,-0.021967146545648575,0.0015339808305725455,0.8755427002906799
10.0,985064.0,-0.022024640813469887,0.0015339808305725455,0.879159152507782
10.0,985068.0,-0.022098561748862267,0.003067961661145091,0.6196192502975464
10.0,985081.0,-0.022328542545437813,0.003067961661145091,0.6636781692504883
10.0,985087.0,-0.022406570613384247,0.003067961661145091,0.6729012131690979
10.0,985090.0,-0.0224558524787426,0.003067961661145091,0.6767271757125854
10.0,985094.0,-0.022488705813884735,0.003067961661145091,0.6790419816970825
10.0,985098.0,-0.02252977341413498,0.003067961661145091,0.681448757648468
10.0,985101.0,-0.02256673574447632,0.003067961661145091,0.6823953986167908
10.0,985104.0,-0.022591376677155495,0.003067961661145091,0.6821157932281494
10.0,985109.0,-0.02262423001229763,0.003067961661145091,0.6818138360977173
10.0,985112.0,-0.022644763812422752,0.003067961661145091,0.6802600622177124
10.0,985116.0,-0.022673511877655983,0.003067961661145091,0.6788350939750671
10.0,985119.0,-0.022694045677781105,0.003067961661145091,0.6774923801422119
10.0,985123.0,-0.022722791880369186,0.003067961661145091,0.6762299537658691
10.0,985127.0,-0.022751539945602417,0.003067961661145091,0.6751713752746582
10.0,985130.0,-0.022780288010835648,0.003067961661145091,0.6740586161613464
10.0,985134.0,-0.02280082181096077,0.003067961661145091,0.6731343269348145
10.0,985138.0,-0.02282956801354885,0.003067961661145091,0.6721749305725098
10.0,985141.0,-0.022850101813673973,0.003067961661145091,0.6716016530990601
10.0,985146.0,-0.022887064144015312,0.003067961661145091,0.6696290969848633
10.0,985151.0,-0.022924024611711502,0.003067961661145091,0.6693241000175476
10.0,985154.0,-0.02294866554439068,0.003067961661145091,0.6686609983444214
10.0,985158.0,-0.0229691993445158,0.003067961661145091,0.6683163046836853
10.0,985162.0,-0.02299794740974903,0.003067961661145091,0.6677762269973755
10.0,985165.0,-0.0230143740773201,0.003067961661145091,0.6662541627883911
10.0,985169.0,-0.023039015009999275,0.003067961661145091,0.6648377776145935
10.0,985173.0,-0.023059548810124397,0.003067961661145091,0.6618353724479675
10.0,985177.0,-0.023075975477695465,0.003067961661145091,0.6580113768577576
10.0,985180.0,-0.023084189742803574,0.003067961661145091,0.6530420184135437
10.0,985183.0,-0.023096509277820587,0.003067961661145091,0.6491531729698181
10.0,985187.0,-0.02310061641037464,0.003067961661145091,0.6419318914413452
10.0,985190.0,-0.023104723542928696,0.003067961661145091,0.6384075284004211
10.0,985194.0,-0.023112935945391655,0.003067961661145091,0.633680522441864
10.0,985197.0,-0.02311704307794571,0.003067961661145091,0.6271693110466003
10.0,985201.0,-0.023121150210499763,0.003067961661145091,0.6228073239326477
10.0,985204.0,-0.023121150210499763,0.003067961661145091,0.6154392957687378
10.0,985208.0,-0.023125257343053818,0.003067961661145091,0.6097198128700256
10.0,985211.0,-0.023125257343053818,0.003067961661145091,0.6045971512794495
10.0,985215.0,-0.023125257343053818,0.003067961661145091,0.5996420979499817
10.0,985219.0,-0.023125257343053818,0.003067961661145091,0.5932875275611877
10.0,985222.0,-0.023129362612962723,0.003067961661145091,0.5885289311408997
10.0,985226.0,-0.023129362612962723,0.003067961661145091,0.5826719403266907
10.0,985230.0,-0.023129362612962723,0.003067961661145091,0.5784490704536438
10.0,985233.0,-0.023129362612962723,0.003067961661145091,0.5730370283126831
10.0,985237.0,-0.023129362612962723,0.003067961661145091,0.5691365003585815
10.0,985240.0,-0.023129362612962723,0.003067961661145091,0.5641393065452576
10.0,985243.0,-0.023129362612962723,0.003067961661145091,0.5605390667915344
10.0,985247.0,-0.023129362612962723,0.003067961661145091,0.5559284687042236
10.0,985251.0,-0.023129362612962723,0.003067961661145091,0.5515269041061401
10.0,985254.0,-0.023129362612962723,0.003067961661145091,0.5483579635620117
10.0,985258.0,-0.023129362612962723,0.003067961661145091,0.5452985763549805
10.0,985261.0,-0.023129362612962723,0.003067961661145091,0.5413841605186462
10.0,985273.0,-0.023129362612962723,0.003067961661145091,0.7991489768028259
10.0,985278.0,-0.023129362612962723,0.0015339808305725455,0.7898746728897095
10.0,985281.0,-0.023129362612962723,0.0015339808305725455,0.7823485136032104
10.0,985284.0,-0.02313757687807083,0.0015339808305725455,0.7772546410560608
10.0,985288.0,-0.023141684010624886,0.0015339808305725455,0.7716144323348999
10.0,985291.0,-0.0231540035456419,0.0015339808305725455,0.7682170867919922
10.0,985295.0,-0.023162217810750008,0.0015339808305725455,0.7643197178840637
10.0,985299.0,-0.023178644478321075,0.0015339808305725455,0.762536883354187
10.0,985302.0,-0.023190965875983238,0.0015339808305725455,0.7602835893630981
10.0,985306.0,-0.023207392543554306,0.0015339808305725455,0.7595217227935791
10.0,985309.0,-0.023223819211125374,0.003067961661145091,0.4939451813697815
10.0,985312.0,-0.02324846014380455,0.003067961661145091,0.498263418674469
10.0,985317.0,-0.023260779678821564,0.003067961661145091,0.5007277727127075
10.0,985320.0,-0.023264886811375618,0.003067961661145091,0.5004637837409973
10.0,985324.0,-0.023264886811375618,0.003067961661145091,0.4992912709712982
10.0,985328.0,-0.023264886811375618,0.003067961661145091,0.4978061318397522
10.0,985331.0,-0.023264886811375618,0.003067961661145091,0.4964069128036499
10.0,985334.0,-0.023264886811375618,0.003067961661145091,0.49541202187538147
10.0,985338.0,-0.023264886811375618,0.003067961661145091,0.49415525794029236
10.0,985342.0,-0.023264886811375618,0.003067961661145091,0.49326348304748535
10.0,985345.0,-0.023264886811375618,0.003067961661145091,0.4921395480632782
10.0,985349.0,-0.023264886811375618,0.003067961661145091,0.4910874664783478
10.0,985352.0,-0.023264886811375618,0.003067961661145091,0.49034377932548523
10.0,985357.0,-0.023264886811375618,0.003067961661145091,0.48941051959991455
10.0,985360.0,-0.023264886811375618,0.003067961661145091,0.4885416030883789
10.0,985364.0,-0.023264886811375618,0.003067961661145091,0.4879305064678192
10.0,985368.0,-0.023264886811375618,0.003067961661145091,0.48716798424720764
10.0,985371.0,-0.023264886811375618,0.003067961661145091,0.4864630103111267
10.0,985374.0,-0.023264886811375618,0.003067961661145091,0.48597070574760437
10.0,985378.0,-0.023264886811375618,0.003067961661145091,0.4853610098361969
10.0,985382.0,-0.023264886811375618,0.003067961661145091,0.48493772745132446
10.0,985385.0,-0.023264886811375618,0.003067961661145091,0.4844169020652771
10.0,985389.0,-0.023264886811375618,0.003067961661145091,0.4839441180229187
10.0,985394.0,-0.023264886811375618,0.003067961661145091,0.4835174083709717
10.0,985399.0,-0.023264886811375618,0.003067961661145091,0.4829599857330322
10.0,985403.0,-0.023264886811375618,0.003067961661145091,0.4826408326625824
10.0,985407.0,-0.023264886811375618,0.003067961661145091,0.482361763715744
10.0,985411.0,-0.023264886811375618,0.003067961661145091,0.48212113976478577
10.0,985415.0,-0.023264886811375618,0.003067961661145091,0.4819650650024414
10.0,985419.0,-0.023264886811375618,0.003067961661145091,0.4817882776260376
10.0,985422.0,-0.023264886811375618,0.003067961661145091,0.48164597153663635
10.0,985426.0,-0.023264886811375618,0.003067961661145091,0.48153671622276306
10.0,985429.0,-0.023264886811375618,0.003067961661145091,0.48147574067115784
10.0,985433.0,-0.023264886811375618,0.003067961661145091,0.48143213987350464
10.0,985437.0,-0.023264886811375618,0.003067961661145091,0.4814000725746155
10.0,985440.0,-0.023264886811375618,0.003067961661145091,0.4813968241214752
10.0,985444.0,-0.023264886811375618,0.003067961661145091,0.4814211428165436
10.0,985448.0,-0.023264886811375618,0.003067961661145091,0.4814569056034088
10.0,985452.0,-0.023264886811375618,0.003067961661145091,0.48152703046798706
10.0,985457.0,-0.023264886811375618,0.003067961661145091,0.4816493093967438
10.0,985469.0,-0.023264886811375618,0.003067961661145091,0.4821349084377289
10.0,985473.0,-0.023264886811375618,0.003067961661145091,0.4822790026664734
10.0,985477.0,-0.023264886811375618,0.003067961661145091,0.48248863220214844
10.0,985480.0,-0.023264886811375618,0.003067961661145091,0.48271751403808594
10.0,985484.0,-0.023264886811375618,0.003067961661145091,0.48296478390693665
10.0,985488.0,-0.023264886811375618,0.003067961661145091,0.4832298755645752
10.0,985492.0,-0.023264886811375618,0.003067961661145091,0.48343992233276367
10.0,985496.0,-0.023264886811375618,0.003067961661145091,0.4837343990802765
10.0,985499.0,-0.023264886811375618,0.003067961661145091,0.4840448200702667
10.0,985503.0,-0.023264886811375618,0.003067961661145091,0.48428767919540405
10.0,985507.0,-0.023264886811375618,0.003067961661145091,0.48462435603141785
10.0,985510.0,-0.023264886811375618,0.003067961661145091,0.48497533798217773
10.0,985514.0,-0.023264886811375618,0.003067961661145091,0.4853399097919464
10.0,985518.0,-0.023264886811375618,0.003067961661145091,0.4856220781803131
10.0,985521.0,-0.023264886811375618,0.003067961661145091,0.4860093295574188
10.0,985524.0,-0.023264886811375618,0.003067961661145091,0.48630785942077637
10.0,985529.0,-0.023264886811375618,0.003067961661145091,0.48671624064445496
10.0,985532.0,-0.023264886811375618,0.003067961661145091,0.48713600635528564
10.0,985536.0,-0.023264886811375618,0.003067961661145091,0.4875667691230774
10.0,985540.0,-0.023264886811375618,0.003067961661145091,0.488008052110672
10.0,985543.0,-0.023264886811375618,0.003067961661145091,0.4883456528186798
10.0,985548.0,-0.023264886811375618,0.003067961661145091,0.48880434036254883
10.0,985551.0,-0.023264886811375618,0.003067961661145091,0.48927247524261475
10.0,985555.0,-0.023264886811375618,0.003067961661145091,0.48962950706481934
10.0,985558.0,-0.023264886811375618,0.003067961661145091,0.4901133179664612
10.0,985562.0,-0.023264886811375618,0.003067961661145091,0.4906054735183716
10.0,985567.0,-0.023264886811375618,0.003067961661145091,0.4911057651042938
10.0,985570.0,-0.023264886811375618,0.003067961661145091,0.49161386489868164
10.0,985574.0,-0.023264886811375618,0.003067961661145091,0.4921294152736664
10.0,985578.0,-0.023264886811375618,0.003067961661145091,0.49252086877822876
10.0,985582.0,-0.023264886811375618,0.003067961661145091,0.4930487871170044
10.0,985587.0,-0.023264886811375618,0.003067961661145091,0.4937182068824768
10.0,985590.0,-0.023264886811375618,0.003067961661145091,0.4942608177661896
10.0,985594.0,-0.023264886811375618,0.003067961661145091,0.49467185139656067
10.0,985597.0,-0.023264886811375618,0.003067961661145091,0.49522504210472107
10.0,985601.0,-0.023264886811375618,0.003067961661145091,0.4957840144634247
10.0,985605.0,-0.023264886811375618,0.003067961661145091,0.49634838104248047
10.0,985609.0,-0.023264886811375618,0.003067961661145091,0.49677515029907227
10.0,985612.0,-0.023264886811375618,0.004601942375302315,0.23345810174942017
10.0,985616.0,-0.023264886811375618,0.004601942375302315,0.23990143835544586
10.0,985620.0,-0.023264886811375618,0.004601942375302315,0.24611839652061462
10.0,985624.0,-0.023264886811375618,0.004601942375302315,0.2506379187107086
10.0,985628.0,-0.023264886811375618,0.004601942375302315,0.2564799189567566
10.0,985632.0,-0.023264886811375618,0.004601942375302315,0.2634982764720917
10.0,985636.0,-0.023264886811375618,0.004601942375302315,0.2688954770565033
10.0,985640.0,-0.023264886811375618,0.004601942375302315,0.2728213965892792
10.0,985645.0,-0.023264886811375618,0.004601942375302315,0.28037309646606445
10.0,985650.0,-0.023264886811375618,0.004601942375302315,0.28637444972991943
10.0,985654.0,-0.023264886811375618,0.004601942375302315,0.29099398851394653
10.0,985658.0,-0.023264886811375618,0.004601942375302315,0.2943568527698517
10.0,985672.0,-0.023264886811375618,0.004601942375302315,0.30897486209869385
10.0,985676.0,-0.023264886811375618,0.004601942375302315,0.3137967586517334
10.0,985680.0,-0.023264886811375618,0.004601942375302315,0.3165964186191559
10.0,985684.0,-0.023264886811375618,0.004601942375302315,0.320224404335022
10.0,985688.0,-0.023264886811375618,0.004601942375302315,0.3237369656562805
10.0,985692.0,-0.023264886811375618,0.004601942375302315,0.3279722034931183
10.0,985696.0,-0.023264886811375618,0.004601942375302315,0.3312413692474365
10.0,985700.0,-0.023264886811375618,0.004601942375302315,0.33362650871276855
10.0,985703.0,-0.023264886811375618,0.006135923322290182,0.07283040881156921
10.0,985707.0,-0.023264886811375618,0.006135923322290182,0.08169539272785187
10.0,985710.0,-0.023260779678821564,0.006135923322290182,0.08678922802209854
10.0,985714.0,-0.023260779678821564,0.006135923322290182,0.0930865928530693
10.0,985717.0,-0.023260779678821564,0.006135923322290182,0.10121716558933258
10.0,985721.0,-0.023260779678821564,0.006135923322290182,0.10905486345291138
10.0,985725.0,-0.023260779678821564,0.006135923322290182,0.11661127209663391
10.0,985729.0,-0.023260779678821564,0.006135923322290182,0.12389744818210602
10.0,985732.0,-0.023260779678821564,0.006135923322290182,0.1291910856962204
10.0,985737.0,-0.023260779678821564,0.006135923322290182,0.1360296607017517
10.0,985740.0,-0.023260779678821564,0.006135923322290182,0.14262624084949493
10.0,985744.0,-0.023260779678821564,0.006135923322290182,0.14742062985897064
10.0,985747.0,-0.023260779678821564,0.006135923322290182,0.1536165028810501
10.0,985751.0,-0.023260779678821564,0.006135923322290182,0.15959571301937103
10.0,985754.0,-0.023260779678821564,0.006135923322290182,0.1639430820941925
10.0,985758.0,-0.023260779678821564,0.006135923322290182,0.16956354677677155
10.0,985762.0,-0.023260779678821564,0.0076699042692780495,-0.09326156973838806
10.0,985766.0,-0.02325667440891266,0.0076699042692780495,-0.08058223128318787
10.0,985771.0,-0.023252567276358604,0.0076699042692780495,-0.06848834455013275
10.0,985775.0,-0.02324846014380455,0.0076699042692780495,-0.05947871506214142
10.0,985779.0,-0.02324846014380455,0.0076699042692780495,-0.0519285649061203
10.0,985782.0,-0.023244353011250496,0.0076699042692780495,-0.04350416362285614
10.0,985786.0,-0.023244353011250496,0.0076699042692780495,-0.034070342779159546
10.0,985790.0,-0.023244353011250496,0.0076699042692780495,-0.0272216834127903
10.0,985793.0,-0.02324024587869644,0.0076699042692780495,-0.019712243229150772
10.0,985797.0,-0.02324024587869644,0.0076699042692780495,-0.011145399883389473
10.0,985800.0,-0.02324024587869644,0.0076699042692780495,-0.004924388602375984
10.0,985804.0,-0.02324024587869644,0.0076699042692780495,-0.2653386890888214
10.0,985808.0,-0.02324024587869644,0.00920388475060463,-0.2549487054347992
10.0,985812.0,-0.02324024587869644,0.00920388475060463,-0.2415497601032257
10.0,985815.0,-0.023232033476233482,0.00920388475060463,-0.23131267726421356
10.0,985819.0,-0.023223819211125374,0.00920388475060463,-0.22146207094192505
10.0,985822.0,-0.02321971207857132,0.00920388475060463,-0.21499888598918915
10.0,985826.0,-0.02321149967610836,0.00920388475060463,-0.20578667521476746
10.0,985830.0,-0.023203285411000252,0.00920388475060463,-0.19843700528144836
10.0,985833.0,-0.023203285411000252,0.00920388475060463,-0.18851405382156372
10.0,985837.0,-0.023199178278446198,0.00920388475060463,-0.18029335141181946
10.0,985840.0,-0.023199178278446198,0.010737866163253784,-0.43659958243370056
10.0,985844.0,-0.023199178278446198,0.010737866163253784,-0.4243914484977722
10.0,985847.0,-0.023190965875983238,0.010737866163253784,-0.4113255739212036
10.0,985851.0,-0.023178644478321075,0.010737866163253784,-0.4027864634990692
10.0,985855.0,-0.0231540035456419,0.010737866163253784,-0.39692437648773193
10.0,985867.0,-0.02306365594267845,0.010737866163253784,-0.3820113241672516
10.0,985871.0,-0.023030800744891167,0.010737866163253784,-0.37947461009025574
10.0,985874.0,-0.0230143740773201,0.010737866163253784,-0.37355849146842957
10.0,985878.0,-0.022989733144640923,0.010737866163253784,-0.3665226995944977
10.0,985882.0,-0.0229691993445158,0.010737866163253784,-0.36175501346588135
10.0,985886.0,-0.022960985079407692,0.012271846644580364,-0.6146673560142517
10.0,985890.0,-0.022952772676944733,0.012271846644580364,-0.5986497402191162
10.0,985894.0,-0.022928131744265556,0.012271846644580364,-0.5872389078140259
10.0,985900.0,-0.022878849878907204,0.012271846644580364,-0.5769760012626648
10.0,985905.0,-0.02283778227865696,0.012271846644580364,-0.5715389847755432
10.0,985909.0,-0.022796714678406715,0.012271846644580364,-0.5692727565765381
10.0,985913.0,-0.022747432813048363,0.012271846644580364,-0.5686535835266113
10.0,985917.0,-0.02269815281033516,0.012271846644580364,-0.5678843855857849
10.0,985920.0,-0.022644763812422752,0.012271846644580364,-0.5685343146324158
10.0,985924.0,-0.022603696212172508,0.012271846644580364,-0.5691835880279541
10.0,985928.0,-0.022546201944351196,0.013805827125906944,-0.8365587592124939
10.0,985932.0,-0.02248459868133068,0.013805827125906944,-0.8355796933174133
10.0,985936.0,-0.022406570613384247,0.013805827125906944,-0.8383944034576416
10.0,985940.0,-0.022312115877866745,0.013805827125906944,-0.8465138077735901
10.0,985943.0,-0.022229978814721107,0.013805827125906944,-0.8597496747970581
10.0,985947.0,-0.02211088314652443,0.012271846644580364,-0.61119544506073
10.0,985950.0,-0.02197946608066559,0.012271846644580364,-0.629930317401886
10.0,985954.0,-0.021876797080039978,0.012271846644580364,-0.655483603477478
10.0,985959.0,-0.02168377861380577,0.012271846644580364,-0.6832594275474548
10.0,985963.0,-0.021585214883089066,0.012271846644580364,-0.7001562714576721
10.0,985967.0,-0.02144969254732132,0.012271846644580364,-0.7233665585517883
10.0,985970.0,-0.0213388092815876,0.012271846644580364,-0.74980628490448
10.0,985974.0,-0.021190965548157692,0.012271846644580364,-0.7690637707710266
10.0,985978.0,-0.021034907549619675,0.012271846644580364,-0.7966585755348206
10.0,985981.0,-0.020915811881422997,0.010737866163253784,-0.5577607750892639
10.0,985985.0,-0.02075153961777687,0.010737866163253784,-0.5836601257324219
10.0,985989.0,-0.020587269216775894,0.010737866163253784,-0.6171530485153198
10.0,985992.0,-0.020464066416025162,0.010737866163253784,-0.6495007872581482
10.0,985996.0,-0.020299794152379036,0.010737866163253784,-0.6793940663337708
10.0,986000.0,-0.020147843286395073,0.010737866163253784,-0.6994733214378357
10.0,986004.0,-0.01999589242041111,0.010737866163253784,-0.7250394225120544
10.0,986008.0,-0.019852155819535255,0.010737866163253784,-0.7470964789390564
10.0,986012.0,-0.019700204953551292,0.010737866163253784,-0.7711093425750732
10.0,986015.0,-0.01958521641790867,0.010737866163253784,-0.7943244576454163
10.0,986019.0,-0.019433265551924706,0.010737866163253784,-0.8181284666061401
10.0,986023.0,-0.019277207553386688,0.00920388475060463,-0.5678925514221191
10.0,986027.0,-0.019125256687402725,0.00920388475060463,-0.5950312614440918
10.0,986031.0,-0.01898152008652687,0.00920388475060463,-0.6185636520385742
10.0,986034.0,-0.01887884922325611,0.00920388475060463,-0.6386712789535522
10.0,986038.0,-0.01874743402004242,0.00920388475060463,-0.6523116230964661
10.0,986041.0,-0.018628336489200592,0.00920388475060463,-0.6659743189811707
10.0,986045.0,-0.018537987023591995,0.00920388475060463,-0.6792203783988953
10.0,986050.0,-0.01837371662259102,0.00920388475060463,-0.6908764243125916
10.0,986054.0,-0.01829979382455349,0.00920388475060463,-0.9651689529418945
10.0,986058.0,-0.018176591023802757,0.010737866163253784,-0.9648382663726807
10.0,986071.0,-0.01779876835644245,0.010737866163253784,-0.996001124382019
10.0,986074.0,-0.01763039082288742,0.010737866163253784,-1.0126898288726807
10.0,986079.0,-0.01744147762656212,0.010737866163253784,-1.04059898853302
10.0,986083.0,-0.01718275062739849,0.010737866163253784,-1.0815613269805908
10.0,986089.0,-0.016895277425646782,0.00920388475060463,-0.8677761554718018
10.0,986092.0,-0.016718685626983643,0.00920388475060463,-0.9137122631072998
10.0,986096.0,-0.016476385295391083,0.00920388475060463,-0.9580949544906616
10.0,986100.0,-0.016238192096352577,0.00920388475060463,-0.9910671710968018
10.0,986103.0,-0.016057495027780533,0.0076699042692780495,-0.7703277468681335
10.0,986107.0,-0.015806982293725014,0.0076699042692780495,-0.8085311055183411
10.0,986110.0,-0.015618070028722286,0.0076699042692780495,-0.857505202293396
10.0,986114.0,-0.015363449230790138,0.0076699042692780495,-0.9061536192893982
10.0,986118.0,-0.015108829364180565,0.006135923322290182,-0.6891364455223083
10.0,986122.0,-0.014841889031231403,0.006135923322290182,-0.731181800365448
10.0,986126.0,-0.014583162032067776,0.006135923322290182,-0.7824462652206421
10.0,986130.0,-0.014336755499243736,0.006135923322290182,-0.8279698491096497
10.0,986133.0,-0.014090348966419697,0.006135923322290182,-0.8719810247421265
10.0,986137.0,-0.013835729099810123,0.004601942375302315,-0.6533355116844177
10.0,986141.0,-0.013646816834807396,0.004601942375302315,-0.701599657535553
10.0,986147.0,-0.013285420835018158,0.004601942375302315,-0.7553373575210571
10.0,986151.0,-0.013055441901087761,0.004601942375302315,-0.8015203475952148
10.0,986154.0,-0.012845995835959911,0.004601942375302315,-0.8237749934196472
10.0,986158.0,-0.012689938768744469,0.003067961661145091,-0.5848309397697449
10.0,986162.0,-0.012492813169956207,0.003067961661145091,-0.615253210067749
10.0,986166.0,-0.012299794703722,0.003067961661145091,-0.6420153379440308
10.0,986170.0,-0.012119096703827381,0.003067961661145091,-0.6595281362533569
10.0,986173.0,-0.011983572505414486,0.003067961661145091,-0.6808964014053345
10.0,986177.0,-0.011815194971859455,0.003067961661145091,-0.697593092918396
10.0,986181.0,-0.011655030772089958,0.003067961661145091,-0.7098321318626404
10.0,986184.0,-0.01154414750635624,0.003067961661145091,-0.7203895449638367
10.0,986188.0,-0.011400410905480385,0.004601942375302315,-0.9952554702758789
10.0,986192.0,-0.01126078050583601,0.004601942375302315,-0.9967100620269775
10.0,986195.0,-0.011154004372656345,0.004601942375302315,-0.9996188282966614
10.0,986199.0,-0.011002053506672382,0.004601942375302315,-1.0066027641296387
10.0,986203.0,-0.010833675973117352,0.004601942375302315,-1.0151268243789673
10.0,986207.0,-0.010657084174454212,0.004601942375302315,-1.0284992456436157
10.0,986210.0,-0.010509240441024303,0.004601942375302315,-1.0482125282287598
10.0,986213.0,-0.010295688174664974,0.004601942375302315,-1.0680190324783325
10.0,986218.0,-0.010065708309412003,0.004601942375302315,-1.0973235368728638
10.0,986221.0,-0.00987679697573185,0.003067961661145091,-0.866836667060852
10.0,986224.0,-0.009613962844014168,0.003067961661145091,-0.8999254703521729
10.0,986229.0,-0.009342915378510952,0.003067961661145091,-0.9454593062400818
10.0,986232.0,-0.009133470244705677,0.003067961661145091,-0.9921777844429016
10.0,986236.0,-0.008858316577970982,0.0015339808305725455,-0.7675932049751282
10.0,986240.0,-0.008570841513574123,0.0015339808305725455,-0.8078305721282959
10.0,986243.0,-0.00834907591342926,0.0015339808305725455,-0.8616930842399597
10.0,986247.0,-0.008061601780354977,0.0015339808305725455,-0.8982359170913696
10.0,986250.0,-0.007848049513995647,0.0015339808305725455,-0.9451313018798828
10.0,986254.0,-0.0075646815821528435,0.0,-0.7142314314842224
10.0,986258.0,-0.007293634582310915,0.0,-0.7604012489318848
10.0,986271.0,-0.006505133584141731,0.0,-0.8793931007385254
10.0,986275.0,-0.006266940385103226,-0.0015339808305725455,-0.6512372493743896
10.0,986280.0,-0.00592607818543911,-0.0015339808305725455,-0.6823093295097351
10.0,986284.0,-0.00577002065256238,-0.0015339808305725455,-0.7070884704589844
10.0,986288.0,-0.0055687883868813515,-0.0015339808305725455,-0.7271333932876587
10.0,986292.0,-0.0053839837200939655,-0.0015339808305725455,-0.7377705574035645
10.0,986295.0,-0.005248459987342358,-0.0015339808305725455,-0.7516503930091858
10.0,986299.0,-0.0050800819881260395,-0.0015339808305725455,-0.7598481178283691
10.0,986303.0,-0.004928131587803364,-0.0015339808305725455,-0.7618817090988159
10.0,986307.0,-0.004776180721819401,-0.0015339808305725455,-0.7659827470779419
10.0,986310.0,-0.004661190789192915,-0.0015339808305725455,-0.7714435458183289
10.0,986314.0,-0.004505133256316185,0.0,-1.0417717695236206
10.0,986318.0,-0.004340862389653921,0.0,-1.0438913106918335
10.0,986321.0,-0.004156057722866535,0.0,-1.0528242588043213
10.0,986325.0,-0.004008213523775339,0.0,-1.0624442100524902
10.0,986329.0,-0.0037864476907998323,-0.0015339808305725455,-0.8146326541900635
10.0,986332.0,-0.0036057494580745697,-0.0015339808305725455,-0.8474296927452087
10.0,986335.0,-0.003363449592143297,-0.0015339808305725455,-0.8710390329360962
10.0,986339.0,-0.0031211499590426683,-0.0015339808305725455,-0.9021310210227966
10.0,986343.0,-0.0029404517263174057,-0.0015339808305725455,-0.9309203028678894
10.0,986347.0,-0.002698151860386133,-0.0015339808305725455,-0.9629016518592834
10.0,986351.0,-0.002443531760945916,-0.0015339808305725455,-0.9865777492523193
10.0,986354.0,-0.002188911661505699,-0.003067961661145091,-0.7497653365135193
10.0,986358.0,-0.0020000000949949026,-0.003067961661145091,-0.7865276336669922
10.0,986362.0,-0.0017330595292150974,-0.003067961661145091,-0.816673994064331
10.0,986365.0,-0.0014784394297748804,-0.003067961661145091,-0.8513237237930298
10.0,986369.0,-0.0012936345301568508,-0.003067961661145091,-0.8808859586715698
10.0,986373.0,-0.0010595482308417559,-0.003067961661145091,-0.9008057713508606
10.0,986377.0,-0.0008172484813258052,-0.004601942375302315,-0.6620229482650757
10.0,986381.0,-0.0005790554569102824,-0.004601942375302315,-0.7011386752128601
10.0,986385.0,-0.00034907597000710666,-0.004601942375302315,-0.7222996354103088
10.0,986389.0,-0.0001314168330281973,-0.004601942375302315,-0.7457666397094727
10.0,986392.0,6.981519254622981e-05,-0.004601942375302315,-0.7671701908111572
10.0,986398.0,0.00031622176175005734,-0.004601942375302315,-0.7827579379081726
10.0,986403.0,0.000546201248653233,-0.004601942375302315,-0.7987501621246338
10.0,986407.0,0.0007227925816550851,-0.004601942375302315,-0.8069884777069092
10.0,986410.0,0.000899383972864598,-0.004601942375302315,-0.8127667903900146
10.0,986414.0,0.001034907647408545,-0.004601942375302315,-0.8208034038543701
10.0,986418.0,0.0012197125470265746,-0.004601942375302315,-0.8304710388183594
10.0,986421.0,0.0014127310132607818,-0.004601942375302315,-0.8435602784156799
10.0,986425.0,0.0015482546295970678,-0.004601942375302315,-0.8501756191253662
10.0,986429.0,0.001741273095831275,-0.004601942375302315,-0.8663785457611084
10.0,986433.0,0.001938398345373571,-0.004601942375302315,-0.876693069934845
10.0,986437.0,0.002135523594915867,-0.004601942375302315,-0.8901820778846741
10.0,986441.0,0.002349075861275196,-0.006135923322290182,-0.6448379755020142
10.0,986444.0,0.0025092402938753366,-0.006135923322290182,-0.6674252152442932
10.0,986448.0,0.0027063654270023108,-0.006135923322290182,-0.6809405088424683
10.0,986451.0,0.0028583162929862738,-0.006135923322290182,-0.6998695135116577
10.0,986454.0,0.003051334759220481,-0.006135923322290182,-0.7113893032073975
10.0,986459.0,0.0032772074919193983,-0.006135923322290182,-0.7257115244865417
10.0,986472.0,0.003774127224460244,-0.006135923322290182,-0.7457599639892578
10.0,986476.0,0.0039260778576135635,-0.006135923322290182,-0.7461410164833069
10.0,986480.0,0.00407392205670476,-0.006135923322290182,-0.7453359961509705
10.0,986484.0,0.0042094457894563675,-0.006135923322290182,-0.7431936264038086
10.0,986488.0,0.004324435256421566,-0.006135923322290182,-0.7334467768669128
10.0,986491.0,0.004439425189048052,-0.006135923322290182,-0.7242530584335327
10.0,986495.0,0.004517453722655773,-0.004601942375302315,-0.9819059371948242
10.0,986499.0,0.004624229855835438,-0.004601942375302315,-0.9650124311447144
10.0,986502.0,0.004714578855782747,-0.004601942375302315,-0.954303503036499
10.0,986506.0,0.004854209255427122,-0.004601942375302315,-0.9508379697799683
10.0,986509.0,0.005010266788303852,-0.004601942375302315,-0.952147901058197
10.0,986513.0,0.005137577187269926,-0.004601942375302315,-0.9571177959442139
10.0,986517.0,0.005305954720824957,-0.004601942375302315,-0.961173415184021
10.0,986520.0,0.005437371786683798,-0.004601942375302315,-0.9688425064086914
10.0,986524.0,0.005622176453471184,-0.004601942375302315,-0.9768892526626587
10.0,986528.0,0.005811088252812624,-0.004601942375302315,-0.9883385300636292
10.0,986531.0,0.00595893245190382,-0.006135923322290182,-0.736840009689331
10.0,986534.0,0.006114989519119263,-0.006135923322290182,-0.7555577754974365
10.0,986538.0,0.006316221784800291,-0.006135923322290182,-0.7745378613471985
10.0,986542.0,0.006513346917927265,-0.006135923322290182,-0.7884426712989807
10.0,986545.0,0.006710472051054239,-0.006135923322290182,-0.8065583109855652
10.0,986550.0,0.006903490982949734,-0.006135923322290182,-0.8228761553764343
10.0,986553.0,0.007092402316629887,-0.006135923322290182,-0.8374618291854858
10.0,986557.0,0.007236139848828316,-0.006135923322290182,-0.8530290126800537
10.0,986560.0,0.007429158315062523,-0.0076699042692780495,-0.5956946611404419
10.0,986564.0,0.007581108715385199,-0.0076699042692780495,-0.6193640232086182
10.0,986568.0,0.007774127181619406,-0.0076699042692780495,-0.6343013048171997
10.0,986572.0,0.007950718514621258,-0.0076699042692780495,-0.6488499045372009
10.0,986575.0,0.00806981511414051,-0.0076699042692780495,-0.65635746717453
10.0,986579.0,0.00821355264633894,-0.0076699042692780495,-0.6597630977630615
10.0,986583.0,0.00834907591342926,-0.0076699042692780495,-0.6592138409614563
10.0,986589.0,0.008542094379663467,-0.0076699042692780495,-0.6574516296386719
10.0,986592.0,0.00862833671271801,-0.0076699042692780495,-0.6520214676856995
10.0,986596.0,0.008739219978451729,-0.0076699042692780495,-0.6442685127258301
10.0,986600.0,0.00883778277784586,-0.0076699042692780495,-0.6367420554161072
10.0,986603.0,0.008903490379452705,-0.0076699042692780495,-0.6231494545936584
10.0,986607.0,0.008985626511275768,-0.006135923322290182,-0.8729159832000732
10.0,986611.0,0.009055441245436668,-0.006135923322290182,-0.8555272817611694
10.0,986614.0,0.009112936444580555,-0.006135923322290182,-0.8354788422584534
10.0,986618.0,0.009195071645081043,-0.006135923322290182,-0.8190116286277771
10.0,986621.0,0.00928542111068964,-0.006135923322290182,-0.807486355304718
10.0,986625.0,0.009359342977404594,-0.006135923322290182,-0.7949625849723816
10.0,986629.0,0.009478439576923847,-0.006135923322290182,-0.7844131588935852
10.0,986633.0,0.009552361443638802,-0.006135923322290182,-0.7744101881980896
10.0,986637.0,0.009642710909247398,-0.006135923322290182,-0.764567494392395
10.0,986640.0,0.009708418510854244,-0.006135923322290182,-0.751535952091217
10.0,986643.0,0.009794660843908787,-0.004601942375302315,-1.0109610557556152
10.0,986649.0,0.009889117442071438,-0.004601942375302315,-0.9842978119850159
10.0,986653.0,0.009991786442697048,-0.004601942375302315,-0.961787223815918
10.0,986658.0,0.010090349242091179,-0.004601942375302315,-0.9500198364257812
10.0,986670.0,0.01050513330847025,-0.004601942375302315,-0.9559928178787231
10.0,986675.0,0.010722792707383633,-0.004601942375302315,-0.9756685495376587
10.0,986679.0,0.010940452106297016,-0.006135923322290182,-0.725862443447113
10.0,986683.0,0.011075975373387337,-0.006135923322290182,-0.7454710602760315
10.0,986687.0,0.011240246705710888,-0.006135923322290182,-0.7568107843399048
10.0,986690.0,0.01135934330523014,-0.006135923322290182,-0.7702509164810181
10.0,986694.0,0.011515400372445583,-0.006135923322290182,-0.7806951403617859
10.0,986698.0,0.011663244105875492,-0.006135923322290182,-0.7873846292495728
10.0,986701.0,0.0118110878393054,-0.006135923322290182,-0.7961652874946594
10.0,986705.0,0.01191786490380764,-0.0076699042692780495,-0.5343947410583496
10.0,986708.0,0.012061601504683495,-0.0076699042692780495,-0.5476128458976746
10.0,986712.0,0.01216837763786316,-0.0076699042692780495,-0.5591435432434082
10.0,986716.0,0.012291581369936466,-0.0076699042692780495,-0.5637248754501343
10.0,986720.0,0.01240246370434761,-0.0076699042692780495,-0.5648006796836853
10.0,986723.0,0.01247638650238514,-0.0076699042692780495,-0.5613948702812195
10.0,986727.0,0.012558521702885628,-0.0076699042692780495,-0.555993378162384
10.0,986730.0,0.01261601597070694,-0.0076699042692780495,-0.5464586615562439
10.0,986734.0,0.01267761830240488,-0.0076699042692780495,-0.536272406578064
10.0,986738.0,0.012731006368994713,-0.006135923322290182,-0.7808541655540466
10.0,986742.0,0.012776181101799011,-0.006135923322290182,-0.7632424235343933
10.0,986745.0,0.012813141569495201,-0.006135923322290182,-0.7424213290214539
10.0,986749.0,0.012882957234978676,-0.006135923322290182,-0.7251576781272888
10.0,986753.0,0.012936345301568508,-0.006135923322290182,-0.7140066623687744
10.0,986757.0,0.013014373369514942,-0.006135923322290182,-0.7047427892684937
10.0,986760.0,0.013100615702569485,-0.006135923322290182,-0.7004566192626953
10.0,986764.0,0.013166324235498905,-0.006135923322290182,-0.695932924747467
10.0,986769.0,0.013277207501232624,-0.006135923322290182,-0.6900470852851868
10.0,986774.0,0.013388090766966343,-0.006135923322290182,-0.6832737326622009
10.0,986778.0,0.013474333100020885,-0.006135923322290182,-0.6784879565238953
10.0,986782.0,0.01355236116796732,-0.006135923322290182,-0.6727654337882996
10.0,986786.0,0.013626283034682274,-0.006135923322290182,-0.6619406938552856
10.0,986790.0,0.013696098700165749,-0.006135923322290182,-0.6555380821228027
10.0,986793.0,0.013745379634201527,-0.006135923322290182,-0.6455873250961304
10.0,986797.0,0.013806981965899467,-0.006135923322290182,-0.6347934007644653
10.0,986800.0,0.013872689567506313,-0.006135923322290182,-0.6280405521392822
10.0,986804.0,0.013921971432864666,-0.006135923322290182,-0.6194320321083069
10.0,986808.0,0.013987679965794086,-0.006135923322290182,-0.613262414932251
10.0,986811.0,0.014036960899829865,-0.006135923322290182,-0.6054044365882874
10.0,986814.0,0.014102669432759285,-0.004601942375302315,-0.8682247400283813
10.0,986818.0,0.014164270833134651,-0.004601942375302315,-0.8536911606788635
10.0,986822.0,0.014213552698493004,-0.004601942375302315,-0.8425079584121704
10.0,986826.0,0.014295687898993492,-0.004601942375302315,-0.835858941078186
10.0,986830.0,0.014381930232048035,-0.004601942375302315,-0.8324767351150513
10.0,986833.0,0.014476385898888111,-0.004601942375302315,-0.8304489850997925
10.0,986837.0,0.014546201564371586,-0.006135923322290182,-0.5603647828102112
10.0,986840.0,0.014636550098657608,-0.006135923322290182,-0.5633304119110107
10.0,986844.0,0.014702258631587029,-0.006135923322290182,-0.5650202035903931
10.0,986848.0,0.014780287630856037,-0.006135923322290182,-0.5639965534210205
10.0,986851.0,0.014850102365016937,-0.006135923322290182,-0.5605410933494568
10.0,986855.0,0.014895277097821236,-0.006135923322290182,-0.5557486414909363
10.0,986868.0,0.015055441297590733,-0.006135923322290182,-0.5223652124404907
10.0,986872.0,0.015084189362823963,-0.004601942375302315,-0.7793595194816589
10.0,986876.0,0.015104723162949085,-0.004601942375302315,-0.7504503726959229
10.0,986880.0,0.015121149830520153,-0.004601942375302315,-0.7330225110054016
10.0,986883.0,0.015137577429413795,-0.004601942375302315,-0.7133072018623352
10.0,986887.0,0.015162217430770397,-0.004601942375302315,-0.6930732727050781
10.0,986891.0,0.015186858363449574,-0.004601942375302315,-0.6801252365112305
10.0,986895.0,0.01521149929612875,-0.004601942375302315,-0.6576590538024902
10.0,986901.0,0.015240246430039406,-0.004601942375302315,-0.6304100751876831
10.0,986904.0,0.015252566896378994,-0.004601942375302315,-0.615400493144989
10.0,986909.0,0.015264887362718582,-0.003067961661145091,-0.8619563579559326
10.0,986912.0,0.015268993563950062,-0.003067961661145091,-0.8366504311561584
10.0,986916.0,0.015285421162843704,-0.003067961661145091,-0.8150314092636108
10.0,986919.0,0.015310061164200306,-0.003067961661145091,-0.8020890951156616
10.0,986923.0,0.015334702096879482,-0.003067961661145091,-0.7872562408447266
10.0,986927.0,0.01537987682968378,-0.003067961661145091,-0.7743847370147705
10.0,986931.0,0.015408623963594437,-0.003067961661145091,-0.7654434442520142
10.0,986934.0,0.015437372028827667,-0.003067961661145091,-0.7535548806190491
10.0,986938.0,0.015482545830309391,-0.003067961661145091,-0.7422096729278564
10.0,986942.0,0.015507186762988567,-0.003067961661145091,-0.7300317287445068
10.0,986946.0,0.015540041029453278,-0.003067961661145091,-0.7183918356895447
10.0,986950.0,0.015572895295917988,-0.003067961661145091,-0.7100023031234741
10.0,986953.0,0.015597536228597164,-0.003067961661145091,-0.6978981494903564
10.0,986957.0,0.01562628336250782,-0.003067961661145091,-0.690190315246582
10.0,986961.0,0.015659136697649956,-0.003067961661145091,-0.6752477288246155
10.0,986965.0,0.015687884762883186,-0.003067961661145091,-0.6646854877471924
10.0,986969.0,0.015712525695562363,-0.003067961661145091,-0.6532739996910095
10.0,986973.0,0.01572895236313343,-0.003067961661145091,-0.6443624496459961
10.0,986977.0,0.015753593295812607,-0.003067961661145091,-0.6338096261024475
10.0,986980.0,0.01577412709593773,-0.0015339808305725455,-0.8876118659973145
10.0,986984.0,0.01579466089606285,-0.0015339808305725455,-0.8752558827400208
10.0,986988.0,0.01583162136375904,-0.0015339808305725455,-0.8643103837966919
10.0,986991.0,0.01586858369410038,-0.0015339808305725455,-0.859207808971405
10.0,986994.0,0.015930185094475746,-0.0015339808305725455,-0.857257604598999
10.0,986998.0,0.015983572229743004,-0.0015339808305725455,-0.8592753410339355
10.0,987002.0,0.016061602160334587,-0.003067961661145091,-0.5960797071456909
10.0,987005.0,0.016143737360835075,-0.003067961661145091,-0.606697678565979
10.0,987009.0,0.016201231628656387,-0.003067961661145091,-0.6156728267669678
10.0,987012.0,0.016271047294139862,-0.003067961661145091,-0.6192293763160706
10.0,987016.0,0.016312114894390106,-0.003067961661145091,-0.6212320327758789
10.0,987020.0,0.016373716294765472,-0.003067960264161229,-20.2541561126709
13.0,987024.0,0.016406571492552757,-0.003067960264161229,-20.208908081054688
13.0,987030.0,0.01583162136375904,-0.0015339752426370978,-20.307279586791992
13.0,987033.0,0.014694045297801495,0.0030679504852741957,-20.720951080322266
13.0,987037.0,0.013466118834912777,0.010737876407802105,-21.475845336914062
13.0,987041.0,0.011318274773657322,0.016873786225914955,-21.981225967407227
13.0,987044.0,0.00942094437777996,0.024543682113289833,-22.974937438964844
13.0,987048.0,0.0065420945174992085,0.03834952041506767,-23.82843589782715
13.0,987052.0,0.0033141684252768755,0.04908738657832146,-24.86034393310547
13.0,987055.0,0.000763860356528312,0.06289321929216385,-26.085973739624023
13.0,987068.0,-0.010624229907989502,0.1089126244187355,-30.09877586364746
13.0,987072.0,-0.013880903832614422,0.11965049058198929,-31.092609405517578
13.0,987075.0,-0.016796713694930077,0.13192234933376312,-32.153953552246094
13.0,987080.0,-0.019310060888528824,0.14419420063495636,-33.33872985839844
13.0,987084.0,-0.021359343081712723,0.1533980816602707,-34.22071075439453
13.0,987089.0,-0.023371662944555283,0.16260196268558502,-34.848636627197266
13.0,987093.0,-0.023889116942882538,0.16720391809940338,-35.29750442504883
13.0,987097.0,-0.024032853543758392,0.16873790323734283,-35.43008804321289
13.0,987101.0,-0.023634497076272964,0.16873790323734283,-35.40434265136719
13.0,987104.0,-0.0230143740773201,0.16720391809940338,-35.272254943847656
13.0,987108.0,-0.02176591381430626,0.16413594782352448,-35.03303909301758
13.0,987111.0,-0.020094456151127815,0.1595340222120285,-34.540565490722656
13.0,987115.0,-0.018587268888950348,0.15493206679821014,-34.00138473510742
13.0,987119.0,-0.016275154426693916,0.1457281857728958,-33.310428619384766
13.0,987123.0,-0.013687885366380215,0.1395922750234604,-32.71262741088867
13.0,987127.0,-0.01088295690715313,0.13038836419582367,-31.97747039794922
13.0,987130.0,-0.00793839804828167,0.12118447571992874,-31.22330093383789
13.0,987134.0,-0.005683778319507837,0.11198059469461441,-30.23114776611328
13.0,987138.0,-0.0026694044936448336,0.10277671366930008,-29.51114273071289
13.0,987142.0,0.00027104723267257214,0.09357283264398575,-28.824569702148438
13.0,987148.0,0.00441889138892293,0.07976699620485306,-27.6511173248291
13.0,987152.0,0.006907597649842501,0.07209710031747818,-27.05453109741211
13.0,987155.0,0.009104723110795021,0.0644272044301033,-26.365345001220703
13.0,987159.0,0.010529774241149426,0.05982525274157524,-26.101600646972656
13.0,987163.0,0.012119096703827381,0.056757282465696335,-25.896690368652344
13.0,987167.0,0.013351129367947578,0.053689341992139816,-25.696117401123047
13.0,987170.0,0.014020534232258797,0.053689341992139816,-25.904037475585938
13.0,987174.0,0.014595482498407364,0.053689341992139816,-25.97817611694336
13.0,987178.0,0.014825462363660336,0.05522329732775688,-26.22629737854004
13.0,987182.0,0.014767967164516449,0.056757282465696335,-26.408565521240234
13.0,987185.0,0.0144887063652277,0.061359237879514694,-27.03240203857422
13.0,987189.0,0.014184804633259773,0.06596115976572037,-27.598003387451172
13.0,987193.0,0.013691991567611694,0.06902913004159927,-27.93077278137207
13.0,987196.0,0.013145790435373783,0.07363108545541763,-28.439807891845703
13.0,987200.0,0.012743326835334301,0.07976699620485306,-29.2142391204834
13.0,987204.0,0.012242299504578114,0.08283496648073196,-29.528127670288086
13.0,987208.0,0.011827515438199043,0.09050486236810684,-30.528730392456055
13.0,987212.0,0.011556467972695827,0.09357283264398575,-30.835975646972656
13.0,987216.0,0.011457905173301697,0.09817475825548172,-31.462642669677734
13.0,987220.0,0.011535934172570705,0.09970874339342117,-31.60619354248047
13.0,987224.0,0.011798768304288387,0.10277671366930008,-32.0848503112793
13.0,987228.0,0.012217659503221512,0.10431069880723953,-32.31435775756836
13.0,987232.0,0.01282546203583479,0.10431069880723953,-32.34701919555664
13.0,987237.0,0.013848049566149712,0.10584468394517899,-32.472110748291016
13.0,987241.0,0.014882956631481647,0.10431069880723953,-32.593170166015625
13.0,987244.0,0.015778234228491783,0.10431069880723953,-32.534812927246094
13.0,987248.0,0.017133470624685287,0.10124272853136063,-32.53623962402344
13.0,987252.0,0.018657084554433823,0.09970874339342117,-32.504302978515625
13.0,987255.0,0.019901437684893608,0.09664080291986465,-32.328006744384766
13.0,987259.0,0.02169199101626873,0.0920388475060463,-31.929744720458984
13.0,987272.0,0.028229979798197746,0.08130098134279251,-31.33110809326172
13.0,987277.0,0.030932238325476646,0.07516507059335709,-30.91216278076172
13.0,987281.0,0.03313346952199936,0.07056311517953873,-30.636930465698242
13.0,987284.0,0.03532238304615021,0.06596115976572037,-30.497634887695312
13.0,987289.0,0.03750307857990265,0.05982525274157524,-29.95005226135254
13.0,987292.0,0.03910882771015167,0.056757282465696335,-29.924848556518555
13.0,987296.0,0.04117864370346069,0.05215535685420036,-29.60355567932129
13.0,987300.0,0.043166324496269226,0.04908738657832146,-29.410877227783203
13.0,987303.0,0.04458316043019295,0.04601941630244255,-29.29924964904785
13.0,987307.0,0.04637782275676727,0.0444854311645031,-29.325166702270508
13.0,987310.0,0.04805338755249977,0.04141749069094658,-29.144800186157227
13.0,987314.0,0.04960574954748154,0.039883505553007126,-29.189855575561523
13.0,987318.0,0.05102669447660446,0.03681553527712822,-28.919313430786133
13.0,987322.0,0.05202053487300873,0.03681553527712822,-29.09556007385254
13.0,987326.0,0.05324435234069824,0.03681553527712822,-29.33266258239746
13.0,987330.0,0.05434907600283623,0.03681553527712822,-29.441268920898438
13.0,987333.0,0.055121149867773056,0.03681553527712822,-29.55908966064453
13.0,987337.0,0.05608624219894409,0.03834952041506767,-29.919099807739258
13.0,987341.0,0.05698151886463165,0.03834952041506767,-29.979736328125
13.0,987345.0,0.05784804746508598,0.039883505553007126,-30.286439895629883
13.0,987349.0,0.05871047079563141,0.04141749069094658,-30.60222816467285
13.0,987352.0,0.059351127594709396,0.04141749069094658,-30.640098571777344
13.0,987356.0,0.06022997945547104,0.04295147582888603,-30.953685760498047
13.0,987361.0,0.06137577071785927,0.0444854311645031,-31.272642135620117
13.0,987364.0,0.06210677698254585,0.0444854311645031,-31.6079044342041
13.0,987368.0,0.06315400451421738,0.04601941630244255,-31.692712783813477
13.0,987372.0,0.0642915815114975,0.04601941630244255,-31.81034278869629
13.0,987376.0,0.06554825603961945,0.04601941630244255,-31.92096519470215
13.0,987379.0,0.06691581010818481,0.04601941630244255,-32.09648132324219
13.0,987383.0,0.068024642765522,0.0444854311645031,-32.04439163208008
13.0,987387.0,0.0696098580956459,0.04295147582888603,-31.96042823791504
13.0,987390.0,0.07086653262376785,0.04141749069094658,-31.97205352783203
13.0,987394.0,0.07265708595514297,0.039883505553007126,-31.93585777282715
13.0,987399.0,0.07551950961351395,0.03681553527712822,-31.918230056762695
13.0,987409.0,0.08017659187316895,0.02761165238916874,-31.202762603759766
13.0,987412.0,0.08179876953363419,0.024543682113289833,-31.09743309020996
13.0,987416.0,0.08400410413742065,0.01994175650179386,-30.73917007446289
13.0,987420.0,0.08622176945209503,0.018407771363854408,-30.807872772216797
13.0,987423.0,0.08789322525262833,0.013805816881358624,-30.454774856567383
13.0,987427.0,0.0900985598564148,0.010737876407802105,-30.250974655151367
13.0,987430.0,0.09172073751688004,0.006135920528322458,-29.874732971191406
13.0,987434.0,0.0938316211104393,0.004601935390383005,-29.750633239746094
13.0,987438.0,0.09587269276380539,0.0015339950332418084,-29.598247528076172
13.0,987442.0,0.09782751649618149,-0.0015339752426370978,-29.685691833496094
13.0,987446.0,0.09968788176774979,-0.004601945634931326,-29.471435546875
13.0,987450.0,0.10144969075918198,-0.006135930772870779,-29.423768997192383
13.0,987453.0,0.10312525928020477,-0.007669915910810232,-29.423566818237305
13.0,987457.0,0.10430800914764404,-0.00920387078076601,-29.384708404541016
13.0,987462.0,0.10615605860948563,-0.010737855918705463,-29.310104370117188
13.0,987467.0,0.10784394294023514,-0.010737855918705463,-29.537071228027344
13.0,987479.0,0.11133880913257599,-0.00920387078076601,-30.04572296142578
13.0,987483.0,0.1123778223991394,-0.00920387078076601,-30.07299041748047
13.0,987487.0,0.11338809132575989,-0.007669915910810232,-30.366703033447266
13.0,987490.0,0.1141396313905716,-0.007669915910810232,-30.38668441772461
13.0,987494.0,0.11514990031719208,-0.006135930772870779,-30.675155639648438
13.0,987498.0,0.11618069559335709,-0.004601945634931326,-30.962894439697266
13.0,987501.0,0.11723203212022781,-0.004601945634931326,-30.98824691772461
13.0,987505.0,0.11832033097743988,-0.003067960264161229,-31.306184768676758
13.0,987510.0,0.11948254704475403,-0.003067960264161229,-31.350387573242188
13.0,987513.0,0.1203901469707489,-0.003067960264161229,-31.42431640625
13.0,987517.0,0.12167146056890488,-0.003067960264161229,-31.523691177368164
13.0,987521.0,0.12303490936756134,-0.003067960264161229,-31.614524841308594
13.0,987524.0,0.12410677969455719,-0.004601945634931326,-31.489551544189453
13.0,987528.0,0.1256180703639984,-0.004601945634931326,-31.661663055419922
13.0,987532.0,0.12720328569412231,-0.006135930772870779,-31.53728485107422
13.0,987536.0,0.1288624256849289,-0.007669915910810232,-31.48261070251465
13.0,987539.0,0.13059137761592865,-0.010737855918705463,-31.183481216430664
13.0,987543.0,0.1319342851638794,-0.010737855918705463,-31.17593002319336
13.0,987547.0,0.13377001881599426,-0.01380582619458437,-31.11406898498535
13.0,987550.0,0.13565503060817719,-0.01687379740178585,-30.86695671081543
13.0,987554.0,0.13709650933742523,-0.01840776763856411,-30.9047794342041
13.0,987558.0,0.1390349119901657,-0.021475737914443016,-30.599597930908203
13.0,987561.0,0.140973299741745,-0.02454369328916073,-30.375778198242188
13.0,987565.0,0.14241889119148254,-0.02607767842710018,-30.340179443359375
13.0,987569.0,0.1443244367837906,-0.029145633801817894,-30.108179092407227
13.0,987572.0,0.1461930125951767,-0.03221360221505165,-29.86518669128418
13.0,987576.0,0.14755646884441376,-0.03374757245182991,-29.873340606689453
13.0,987579.0,0.14932237565517426,-0.036815542727708817,-29.530500411987305
13.0,987584.0,0.15101848542690277,-0.038349512964487076,-29.56080436706543
13.0,987589.0,0.15302258729934692,-0.04141748324036598,-29.28073501586914
13.0,987593.0,0.15452566742897034,-0.04141748324036598,-29.181486129760742
13.0,987597.0,0.1562628298997879,-0.042951468378305435,-29.3212890625
13.0,987601.0,0.15723203122615814,-0.044485438615083694,-29.158615112304688
13.0,987605.0,0.15843942761421204,-0.044485438615083694,-29.236879348754883
13.0,987609.0,0.15955646336078644,-0.044485438615083694,-29.2816162109375
13.0,987612.0,0.16058316826820374,-0.042951468378305435,-29.562461853027344
13.0,987617.0,0.16153182089328766,-0.042951468378305435,-29.554670333862305
13.0,987621.0,0.1624106764793396,-0.04141748324036598,-29.79277229309082
13.0,987624.0,0.16303490102291107,-0.04141748324036598,-29.74432373046875
13.0,987628.0,0.16384394466876984,-0.03988349810242653,-29.953523635864258
13.0,987632.0,0.16462422907352448,-0.038349512964487076,-30.171483993530273
13.0,987635.0,0.1651991754770279,-0.036815542727708817,-30.36574935913086
13.0,987639.0,0.16598357260227203,-0.03528155758976936,-30.56758689880371
13.0,987642.0,0.1667885035276413,-0.03528155758976936,-30.774044036865234
13.0,987648.0,0.16805750131607056,-0.03221360221505165,-30.967527389526367
13.0,987652.0,0.16896508634090424,-0.03221360221505165,-30.94379425048828
13.0,987657.0,0.16993018984794617,-0.030679618939757347,-31.19632339477539
13.0,987660.0,0.170694038271904,-0.030679618939757347,-31.203821182250977
13.0,987666.0,0.17236140370368958,-0.030679618939757347,-31.247344970703125
13.0,987669.0,0.17356057465076447,-0.030679618939757347,-31.308029174804688
13.0,987682.0,0.17756879329681396,-0.03528155758976936,-30.868297576904297
13.0,987687.0,0.1793798804283142,-0.036815542727708817,-30.75521469116211
13.0,987690.0,0.1805010288953781,-0.038349512964487076,-30.657398223876953
13.0,987694.0,0.18202053010463715,-0.03988349810242653,-30.52445411682129
13.0,987698.0,0.183556467294693,-0.04141748324036598,-30.443769454956055
13.0,987702.0,0.18509240448474884,-0.044485438615083694,-30.098392486572266
13.0,987705.0,0.18661601841449738,-0.04601942375302315,-30.019458770751953
13.0,987710.0,0.18810677528381348,-0.0475534088909626,-29.933521270751953
13.0,987713.0,0.18955236673355103,-0.05062136426568031,-29.565244674682617
13.0,987717.0,0.19058726727962494,-0.05062136426568031,-29.67823028564453
13.0,987720.0,0.19159342348575592,-0.05368933454155922,-29.278274536132812
13.0,987724.0,0.1928747445344925,-0.05368933454155922,-29.368545532226562
13.0,987728.0,0.19406570494174957,-0.05522330477833748,-29.21295928955078
13.0,987732.0,0.19517454504966736,-0.05522330477833748,-29.262691497802734
13.0,987735.0,0.1959466189146042,-0.05675728991627693,-29.034364700317383
13.0,987739.0,0.1968952715396881,-0.05522330477833748,-29.315061569213867
13.0,987743.0,0.19776180386543274,-0.05675728991627693,-29.03874969482422
13.0,987747.0,0.19854620099067688,-0.05522330477833748,-29.274633407592773
13.0,987750.0,0.19908829033374786,-0.05522330477833748,-29.22016716003418
13.0,987753.0,0.19976592063903809,-0.05368933454155922,-29.435970306396484
13.0,987757.0,0.20037370920181274,-0.05368933454155922,-29.345428466796875
13.0,987761.0,0.2007926106452942,-0.05062136426568031,-29.77290153503418
13.0,987765.0,0.20133060216903687,-0.05062136426568031,-29.68540382385254
13.0,987769.0,0.20185215771198273,-0.04908737912774086,-29.834043502807617
13.0,987773.0,0.2024804949760437,-0.0475534088909626,-29.944664001464844
13.0,987779.0,0.2031334638595581,-0.04601942375302315,-30.063352584838867
13.0,987782.0,0.20354004204273224,-0.042951468378305435,-30.487363815307617
13.0,987786.0,0.20409034192562103,-0.042951468378305435,-30.379030227661133
13.0,987790.0,0.20469404757022858,-0.04141748324036598,-30.558670043945312
13.0,987793.0,0.20533470809459686,-0.04141748324036598,-30.49876594543457
13.0,987798.0,0.2060123234987259,-0.03988349810242653,-30.70001983642578
13.0,987801.0,0.20655852556228638,-0.03988349810242653,-30.650909423828125
13.0,987804.0,0.2073223888874054,-0.038349512964487076,-30.893054962158203
13.0,987808.0,0.20812320709228516,-0.03988349810242653,-30.601728439331055
13.0,987812.0,0.20877207815647125,-0.03988349810242653,-30.600631713867188
13.0,987816.0,0.20967145264148712,-0.03988349810242653,-30.617443084716797
13.0,987820.0,0.21060369908809662,-0.03988349810242653,-30.637561798095703
13.0,987823.0,0.2113305926322937,-0.04141748324036598,-30.68112564086914
13.0,987827.0,0.21232853829860687,-0.04141748324036598,-30.44904899597168
13.0,987831.0,0.21332648396492004,-0.04141748324036598,-30.503175735473633
13.0,987834.0,0.21409855782985687,-0.042951468378305435,-30.300392150878906
13.0,987838.0,0.2151540070772171,-0.044485438615083694,-30.113380432128906
13.0,987842.0,0.21619302034378052,-0.04601942375302315,-29.919721603393555
13.0,987846.0,0.21723614633083344,-0.04601942375302315,-30.000253677368164
13.0,987850.0,0.21826693415641785,-0.0475534088909626,-29.790802001953125
13.0,987853.0,0.21926899254322052,-0.04908737912774086,-29.59723663330078
13.0,987858.0,0.22023819386959076,-0.05062136426568031,-29.394529342651367
13.0,987861.0,0.2209404557943344,-0.05062136426568031,-29.450220108032227
13.0,987865.0,0.22181108593940735,-0.052155349403619766,-29.215665817260742
13.0,987869.0,0.22264066338539124,-0.052155349403619766,-29.236618041992188
13.0,987881.0,0.22471047937870026,-0.052155349403619766,-29.182552337646484
13.0,987885.0,0.22527310252189636,-0.052155349403619766,-29.124902725219727
13.0,987889.0,0.2257700264453888,-0.05062136426568031,-29.317352294921875
13.0,987893.0,0.22621765732765198,-0.05062136426568031,-29.248077392578125
13.0,987898.0,0.22671867907047272,-0.04908737912774086,-29.35954475402832
13.0,987903.0,0.22715400159358978,-0.0475534088909626,-29.510482788085938
13.0,987908.0,0.2275441437959671,-0.0475534088909626,-29.586292266845703
13.0,987913.0,0.22789321839809418,-0.044485438615083694,-29.678403854370117
13.0,987917.0,0.22823408246040344,-0.042951468378305435,-29.807186126708984
13.0,987921.0,0.22843942046165466,-0.04141748324036598,-29.93755531311035
13.0,987924.0,0.22871047258377075,-0.03988349810242653,-30.102542877197266
13.0,987928.0,0.22899383306503296,-0.03988349810242653,-29.96697998046875
13.0,987932.0,0.229215607047081,-0.038349512964487076,-30.10663604736328
13.0,987936.0,0.22953593730926514,-0.038349512964487076,-30.259862899780273
13.0,987940.0,0.22989322245121002,-0.036815542727708817,-30.180360794067383
13.0,987943.0,0.23027926683425903,-0.03528155758976936,-30.355119705200195
13.0,987948.0,0.23069815337657928,-0.03528155758976936,-30.27052116394043
13.0,987951.0,0.23103080689907074,-0.03374757245182991,-30.46786117553711
13.0,987955.0,0.23151540756225586,-0.03374757245182991,-30.423418045043945
13.0,987960.0,0.23217658698558807,-0.03374757245182991,-30.35993003845215
13.0,987964.0,0.2327597588300705,-0.03374757245182991,-30.342138290405273
13.0,987969.0,0.23354414105415344,-0.03528155758976936,-30.066972732543945
13.0,987973.0,0.23420533537864685,-0.03528155758976936,-30.078298568725586
13.0,987977.0,0.23488706350326538,-0.036815542727708817,-29.828462600708008
13.0,987981.0,0.2355687916278839,-0.036815542727708817,-29.860450744628906
13.0,987984.0,0.23608213663101196,-0.038349512964487076,-29.610164642333984
13.0,987988.0,0.23675154149532318,-0.038349512964487076,-29.63438606262207
13.0,987992.0,0.2374127358198166,-0.038349512964487076,-29.65192413330078
13.0,987996.0,0.23806160688400269,-0.038349512964487076,-29.672767639160156
13.0,988000.0,0.23868994414806366,-0.03988349810242653,-29.423255920410156
13.0,988003.0,0.23914168775081635,-0.03988349810242653,-29.43325424194336
13.0,988008.0,0.23984394967556,-0.04141748324036598,-29.1679630279541
13.0,988011.0,0.24023409187793732,-0.04141748324036598,-29.158702850341797
13.0,988015.0,0.2406940460205078,-0.04141748324036598,-29.128007888793945
13.0,988019.0,0.24110472202301025,-0.04141748324036598,-29.096956253051758
13.0,988023.0,0.24146611988544464,-0.04141748324036598,-29.043344497680664
13.0,988027.0,0.24175770580768585,-0.04141748324036598,-28.968332290649414
13.0,988030.0,0.24194660782814026,-0.03988349810242653,-29.14913558959961
13.0,988034.0,0.24216017127037048,-0.03988349810242653,-29.074420928955078
13.0,988038.0,0.24232853949069977,-0.038349512964487076,-29.23118019104004
13.0,988041.0,0.24246817827224731,-0.038349512964487076,-29.11203956604004
13.0,988045.0,0.24256262183189392,-0.036815542727708817,-29.28810691833496
13.0,988049.0,0.24266119301319122,-0.03528155758976936,-29.422544479370117
13.0,988052.0,0.2427310049533844,-0.03374757245182991,-29.55682945251465
13.0,988056.0,0.24283367395401,-0.03221360221505165,-29.69646644592285
13.0,988060.0,0.24294045567512512,-0.03221360221505165,-29.60060691833496
13.0,988063.0,0.24303491413593292,-0.03221360221505165,-29.751829147338867
13.0,988067.0,0.24317453801631927,-0.029145633801817894,-29.90452003479004
13.0,988071.0,0.24331006407737732,-0.029145633801817894,-29.790645599365234
13.0,988084.0,0.24401232600212097,-0.02607767842710018,-30.02735137939453
13.0,988090.0,0.24435728788375854,-0.02607767842710018,-29.947383880615234
13.0,988093.0,0.24466119706630707,-0.02454369328916073,-30.164466857910156
13.0,988098.0,0.24498151242733002,-0.02607767842710018,-29.8481388092041
13.0,988102.0,0.24532237648963928,-0.02454369328916073,-30.071544647216797
13.0,988107.0,0.24576181173324585,-0.02607767842710018,-29.774160385131836
13.0,988110.0,0.24613963067531586,-0.02607767842710018,-29.75201988220215
13.0,988114.0,0.24651335179805756,-0.02607767842710018,-29.734743118286133
13.0,988119.0,0.24690759181976318,-0.02607767842710018,-29.72553825378418
13.0,988122.0,0.2472895234823227,-0.02607767842710018,-29.713457107543945
13.0,988127.0,0.2476673573255539,-0.02761164866387844,-29.432878494262695
13.0,988131.0,0.2480492740869522,-0.02607767842710018,-29.694686889648438
13.0,988134.0,0.24831622838974,-0.02761164866387844,-29.4128360748291
13.0,988138.0,0.24867761135101318,-0.02761164866387844,-29.406200408935547
13.0,988142.0,0.24903079867362976,-0.02761164866387844,-29.398162841796875
13.0,988145.0,0.24942505359649658,-0.02761164866387844,-29.09698486328125
13.0,988152.0,0.24979877471923828,-0.02761164866387844,-29.335708618164062
13.0,988156.0,0.25004929304122925,-0.029145633801817894,-29.032520294189453
13.0,988160.0,0.2502915859222412,-0.02761164866387844,-28.9940128326416
13.0,988164.0,0.25050511956214905,-0.02761164866387844,-29.230998992919922
13.0,988168.0,0.25067761540412903,-0.02761164866387844,-29.155988693237305
13.0,988172.0,0.25081315636634827,-0.02761164866387844,-29.106464385986328
13.0,988176.0,0.250919908285141,-0.02761164866387844,-29.012104034423828
13.0,988179.0,0.25098150968551636,-0.02607767842710018,-29.214078903198242
13.0,988183.0,0.25101438164711,-0.02607767842710018,-29.144277572631836
13.0,988187.0,0.2510308027267456,-0.02454369328916073,-29.312711715698242
13.0,988190.0,0.2510308027267456,-0.02454369328916073,-29.207122802734375
13.0,988194.0,0.2510308027267456,-0.023009708151221275,-29.36988067626953
13.0,988198.0,0.2510349154472351,-0.023009708151221275,-29.293785095214844
13.0,988202.0,0.2510390281677246,-0.021475737914443016,-29.43382453918457
13.0,988206.0,0.2510472238063812,-0.019941752776503563,-29.60313606262207
13.0,988210.0,0.25105956196784973,-0.01840776763856411,-29.770618438720703
13.0,988214.0,0.25108417868614197,-0.01840776763856411,-29.69916534423828
13.0,988217.0,0.2511293590068817,-0.01840776763856411,-29.6132755279541
13.0,988221.0,0.25117865204811096,-0.01687379740178585,-29.80318260192871
13.0,988225.0,0.25125256180763245,-0.01687379740178585,-29.729150772094727
13.0,988229.0,0.25135111808776855,-0.015339811332523823,-29.933177947998047
13.0,988233.0,0.2514743208885193,-0.015339811332523823,-29.88924217224121
13.0,988237.0,0.25162217020988464,-0.015339811332523823,-29.84025764465332
13.0,988240.0,0.2517987787723541,-0.015339811332523823,-29.803020477294922
13.0,988244.0,0.2519384026527405,-0.015339811332523823,-29.770421981811523
13.0,988248.0,0.2521396279335022,-0.015339811332523823,-29.74765396118164
13.0,988252.0,0.25236138701438904,-0.015339811332523823,-29.735218048095703
13.0,988255.0,0.252533882856369,-0.015339811332523823,-29.722848892211914
13.0,988259.0,0.25276798009872437,-0.015339811332523823,-29.711549758911133
13.0,988263.0,0.2530061602592468,-0.015339811332523823,-29.70261573791504
13.0,988267.0,0.2532525658607483,-0.015339811332523823,-29.698532104492188
13.0,988272.0,0.25357699394226074,-0.01687379740178585,-29.43569564819336
13.0,988277.0,0.2538973391056061,-0.01687379740178585,-29.442623138427734
13.0,988281.0,0.25413963198661804,-0.01687379740178585,-29.442432403564453
13.0,988293.0,0.2547761797904968,-0.01840776763856411,-29.163679122924805
13.0,988297.0,0.2549404501914978,-0.01840776763856411,-29.142881393432617
13.0,988301.0,0.25507187843322754,-0.01840776763856411,-29.115257263183594
13.0,988305.0,0.25518274307250977,-0.01840776763856411,-29.092206954956055
13.0,988309.0,0.25527310371398926,-0.01840776763856411,-29.056669235229492
13.0,988312.0,0.2553223967552185,-0.01840776763856411,-29.014930725097656
13.0,988316.0,0.25537165999412537,-0.01687379740178585,-29.23108673095703
13.0,988320.0,0.2553921937942505,-0.01687379740178585,-29.18630027770996
13.0,988323.0,0.2554004192352295,-0.01687379740178585,-29.127595901489258
13.0,988327.0,0.255404531955719,-0.01687379740178585,-29.082279205322266
13.0,988331.0,0.2554086148738861,-0.015339811332523823,-29.289405822753906
13.0,988334.0,0.2554086148738861,-0.015339811332523823,-29.22800636291504
13.0,988338.0,0.2554086148738861,-0.015339811332523823,-29.16933250427246
13.0,988341.0,0.2554086148738861,-0.01380582619458437,-29.39396095275879
13.0,988345.0,0.2554086148738861,-0.01380582619458437,-29.348590850830078
13.0,988349.0,0.2554168403148651,-0.01380582619458437,-29.293140411376953
13.0,988352.0,0.2554209530353546,-0.012271841056644917,-29.502731323242188
13.0,988356.0,0.2554250657558441,-0.012271841056644917,-29.44635009765625
13.0,988359.0,0.25543737411499023,-0.012271841056644917,-29.406400680541992
13.0,988363.0,0.25545379519462585,-0.010737855918705463,-29.625272750854492
13.0,988367.0,0.2554702162742615,-0.010737855918705463,-29.585187911987305
13.0,988370.0,0.2554948627948761,-0.010737855918705463,-29.539222717285156
13.0,988374.0,0.25553593039512634,-0.010737855918705463,-29.508861541748047
13.0,988378.0,0.2555811107158661,-0.00920387078076601,-29.738983154296875
13.0,988382.0,0.25563859939575195,-0.00920387078076601,-29.700483322143555
13.0,988385.0,0.2557002007961273,-0.00920387078076601,-29.665218353271484
13.0,988389.0,0.2557576894760132,-0.00920387078076601,-29.63706398010254
13.0,988392.0,0.2558480501174927,-0.00920387078076601,-29.620624542236328
13.0,988396.0,0.25592607259750366,-0.00920387078076601,-29.604293823242188
13.0,988400.0,0.2560698091983795,-0.00920387078076601,-29.591716766357422
13.0,988405.0,0.25621354579925537,-0.00920387078076601,-29.577285766601562
13.0,988410.0,0.2563326358795166,-0.010737855918705463,-29.29576301574707
13.0,988414.0,0.2564435303211212,-0.00920387078076601,-29.560056686401367
13.0,988417.0,0.2565420866012573,-0.010737855918705463,-29.28031349182129
13.0,988421.0,0.2566160261631012,-0.010737855918705463,-29.272903442382812
13.0,988425.0,0.2566981613636017,-0.010737855918705463,-29.26244354248047
13.0,988429.0,0.25676384568214417,-0.010737855918705463,-29.245744705200195
13.0,988433.0,0.2568131387233734,-0.010737855918705463,-29.218351364135742
13.0,988437.0,0.25684601068496704,-0.010737855918705463,-29.193519592285156
13.0,988440.0,0.25686654448509216,-0.010737855918705463,-29.174440383911133
13.0,988444.0,0.2568870782852173,-0.00920387078076601,-29.14205551147461
13.0,988448.0,0.2568993866443634,-0.00920387078076601,-29.38936424255371
13.0,988451.0,0.2569034993648529,-0.00920387078076601,-29.354145050048828
13.0,988455.0,0.2569076120853424,-0.00920387078076601,-29.320627212524414
13.0,988460.0,0.256915807723999,-0.00920387078076601,-29.290084838867188
13.0,988464.0,0.2569199204444885,-0.00920387078076601,-29.25202751159668
13.0,988469.0,0.256924033164978,-0.00920387078076601,-29.223548889160156
13.0,988472.0,0.256924033164978,-0.007669915910810232,-29.45905303955078
13.0,988476.0,0.256924033164978,-0.007669915910810232,-29.42622947692871
13.0,988480.0,0.25693222880363464,-0.007669915910810232,-29.39765739440918
13.0,988493.0,0.2569774091243744,-0.007669915910810232,-29.326852798461914
13.0,988497.0,0.2569897472858429,-0.007669915910810232,-29.30483055114746
13.0,988500.0,0.2569979429244995,-0.006135930772870779,-29.546531677246094
13.0,988503.0,0.2570061683654785,-0.006135930772870779,-29.526939392089844
13.0,988507.0,0.25702258944511414,-0.006135930772870779,-29.505115509033203
13.0,988511.0,0.25704312324523926,-0.006135930772870779,-29.48986053466797
13.0,988514.0,0.2570677697658539,-0.006135930772870779,-29.47407341003418
13.0,988518.0,0.2571006119251251,-0.006135930772870779,-29.459264755249023
13.0,988522.0,0.25713756680488586,-0.006135930772870779,-29.450090408325195
13.0,988525.0,0.2571622133255005,-0.006135930772870779,-29.438188552856445
13.0,988529.0,0.25719916820526123,-0.006135930772870779,-29.425737380981445
13.0,988532.0,0.25723204016685486,-0.006135930772870779,-29.416955947875977
13.0,988537.0,0.2572607696056366,-0.006135930772870779,-29.40462303161621
13.0,988540.0,0.2572772204875946,-0.006135930772870779,-29.391780853271484
13.0,988543.0,0.25730183720588684,-0.006135930772870779,-29.382030487060547
13.0,988548.0,0.25731417536735535,-0.006135930772870779,-29.366622924804688
13.0,988551.0,0.25732237100601196,-0.006135930772870779,-29.34912109375
13.0,988554.0,0.25733470916748047,-0.004601945634931326,-29.607072830200195
13.0,988558.0,0.25733882188796997,-0.006135930772870779,-29.317092895507812
13.0,988562.0,0.2573470175266266,-0.004601945634931326,-29.57485008239746
13.0,988566.0,0.2573593556880951,-0.006135930772870779,-29.287128448486328
13.0,988569.0,0.2573675513267517,-0.004601945634931326,-29.546117782592773
13.0,988572.0,0.25738808512687683,-0.006135930772870779,-29.267141342163086
13.0,988576.0,0.25740042328834534,-0.004601945634931326,-29.52552032470703
13.0,988580.0,0.25740861892700195,-0.006135930772870779,-29.243350982666016
13.0,988584.0,0.25741273164749146,-0.004601945634931326,-29.50042724609375
13.0,988589.0,0.25741684436798096,-0.006135930772870779,-29.21875
13.0,988593.0,0.2574250400066376,-0.006135930772870779,-29.20368003845215
13.0,988598.0,0.2574250400066376,-0.004601945634931326,-29.46216583251953
13.0,988602.0,0.2574250400066376,-0.004601945634931326,-29.44839096069336
13.0,988606.0,0.2574291527271271,-0.004601945634931326,-29.433679580688477
13.0,988610.0,0.2574332654476166,-0.004601945634931326,-29.423036575317383
13.0,988614.0,0.2574373781681061,-0.004601945634931326,-29.413122177124023
13.0,988619.0,0.2574373781681061,-0.004601945634931326,-29.402587890625
13.0,988623.0,0.2574373781681061,-0.004601945634931326,-29.39277458190918
13.0,988627.0,0.2574373781681061,-0.004601945634931326,-29.383651733398438
13.0,988631.0,0.2574414908885956,-0.004601945634931326,-29.374483108520508
13.0,988635.0,0.2574414908885956,-0.004601945634931326,-29.366771697998047
13.0,988639.0,0.2574414908885956,-0.004601945634931326,-29.35966682434082
13.0,988643.0,0.2574414908885956,-0.004601945634931326,-29.3531436920166
13.0,988648.0,0.2574414908885956,-0.004601945634931326,-29.347183227539062
13.0,988654.0,0.2574414908885956,-0.004601945634931326,-29.339248657226562
13.0,988659.0,0.2574414908885956,-0.003067960264161229,-29.59591293334961
13.0,988663.0,0.2574496865272522,-0.003067960264161229,-29.58875274658203
13.0,988670.0,0.2574743330478668,-0.003067960264161229,-29.580944061279297
13.0,988675.0,0.25750717520713806,-0.004601945634931326,-29.316633224487305
13.0,988679.0,0.2575359344482422,-0.004601945634931326,-29.322629928588867
13.0,988685.0,0.2575523555278778,-0.004601945634931326,-29.325180053710938
13.0,988697.0,0.2575564682483673,-0.004601945634931326,-29.323108673095703
13.0,988702.0,0.2575564682483673,-0.004601945634931326,-29.32232666015625
13.0,988714.0,0.2575564682483673,-0.004601945634931326,-29.322744369506836
13.0,988719.0,0.2575564682483673,-0.004601945634931326,-29.323904037475586
13.0,988724.0,0.2575564682483673,-0.004601945634931326,-29.32501792907715
13.0,988728.0,0.2575564682483673,-0.004601945634931326,-29.328134536743164
13.0,988733.0,0.2575605809688568,-0.004601945634931326,-29.329776763916016
13.0,988738.0,0.2575605809688568,-0.004601945634931326,-29.332679748535156
13.0,988742.0,0.2575605809688568,-0.004601945634931326,-29.334901809692383
13.0,988747.0,0.2575605809688568,-0.004601945634931326,-29.337339401245117
13.0,988753.0,0.2575605809688568,-0.004601945634931326,-29.342103958129883
13.0,988757.0,0.2575605809688568,-0.006135930772870779,-29.07818031311035
13.0,988762.0,0.2575605809688568,-0.006135930772870779,-29.089628219604492
13.0,988767.0,0.2575605809688568,-0.006135930772870779,-29.100984573364258
13.0,988773.0,0.2575605809688568,-0.006135930772870779,-29.114505767822266
13.0,988777.0,0.2575605809688568,-0.006135930772870779,-29.127912521362305
13.0,988783.0,0.2575605809688568,-0.006135930772870779,-29.136791229248047
13.0,988788.0,0.2575605809688568,-0.006135930772870779,-29.1478271484375
13.0,988793.0,0.2575605809688568,-0.006135930772870779,-29.158796310424805
13.0,988798.0,0.2575605809688568,-0.006135930772870779,-29.169696807861328
13.0,988802.0,0.2575605809688568,-0.006135930772870779,-29.178377151489258
13.0,988807.0,0.2575605809688568,-0.006135930772870779,-29.18701934814453
13.0,988811.0,0.2575605809688568,-0.006135930772870779,-29.197771072387695
13.0,988815.0,0.2575605809688568,-0.006135930772870779,-29.206331253051758
13.0,988820.0,0.2575605809688568,-0.006135930772870779,-29.214860916137695
13.0,988823.0,0.2575605809688568,-0.006135930772870779,-29.223356246948242
13.0,988827.0,0.2575605809688568,-0.006135930772870779,-29.23182487487793
13.0,988831.0,0.2575605809688568,-0.006135930772870779,-29.24026107788086
13.0,988835.0,0.2575605809688568,-0.006135930772870779,-29.248672485351562
13.0,988839.0,0.2575605809688568,-0.006135930772870779,-29.257057189941406
13.0,988843.0,0.2575605809688568,-0.007669915910810232,-29.001523971557617
13.0,988847.0,0.2575605809688568,-0.007669915910810232,-29.015722274780273
13.0,988852.0,0.2575605809688568,-0.007669915910810232,-29.029666900634766
13.0,988856.0,0.2575605809688568,-0.007669915910810232,-29.043365478515625
13.0,988860.0,0.2575605809688568,-0.007669915910810232,-29.06015968322754
13.0,988865.0,0.2575605809688568,-0.007669915910810232,-29.07660484313965
13.0,988869.0,0.2575605809688568,-0.007669915910810232,-29.08951759338379
13.0,988873.0,0.2575605809688568,-0.00920387078076601,-28.832157135009766
13.0,988877.0,0.2575605809688568,-0.00920387078076601,-28.85069465637207
13.0,988880.0,0.2575605809688568,-0.00920387078076601,-28.868803024291992
13.0,988884.0,0.2575605809688568,-0.00920387078076601,-28.886507034301758
13.0,988888.0,0.2575605809688568,-0.00920387078076601,-28.90381622314453
13.0,988892.0,0.2575605809688568,-0.00920387078076601,-28.916547775268555
13.0,988895.0,0.2575605809688568,-0.00920387078076601,-28.933204650878906
13.0,988900.0,0.2575605809688568,-0.00920387078076601,-28.953536987304688
13.0,988905.0,0.2575605809688568,-0.010737855918705463,-28.704893112182617
13.0,988910.0,0.2575605809688568,-0.010737855918705463,-28.731719970703125
13.0,988914.0,0.2575564682483673,-0.010737855918705463,-28.75125503540039
13.0,988918.0,0.2575523555278778,-0.010737855918705463,-28.770282745361328
13.0,988922.0,0.2575523555278778,-0.010737855918705463,-28.790218353271484
13.0,988927.0,0.2575523555278778,-0.010737855918705463,-28.80967140197754
13.0,988930.0,0.2575482428073883,-0.010737855918705463,-28.82733154296875
13.0,988934.0,0.2575482428073883,-0.010737855918705463,-28.845928192138672
13.0,988938.0,0.2575482428073883,-0.010737855918705463,-28.85959243774414
13.0,988942.0,0.2575482428073883,-0.012271841056644917,-28.610536575317383
13.0,988945.0,0.2575482428073883,-0.012271841056644917,-28.63397789001465
13.0,988950.0,0.2575441598892212,-0.012271841056644917,-28.65545654296875
13.0,988953.0,0.2575400471687317,-0.012271841056644917,-28.676389694213867
13.0,988957.0,0.2575400471687317,-0.012271841056644917,-28.698139190673828
13.0,988962.0,0.2575359344482422,-0.012271841056644917,-28.718017578125
13.0,988967.0,0.2575359344482422,-0.01380582619458437,-28.48797035217285
13.0,988971.0,0.2575277090072632,-0.01380582619458437,-28.504627227783203
13.0,988974.0,0.25751540064811707,-0.01380582619458437,-28.525880813598633
13.0,988979.0,0.25749897956848145,-0.01380582619458437,-28.551376342773438
13.0,988983.0,0.25748664140701294,-0.015339811332523823,-28.306058883666992
13.0,988987.0,0.2574784457683563,-0.015339811332523823,-28.332902908325195
13.0,988992.0,0.2574620246887207,-0.015339811332523823,-28.356290817260742
13.0,988995.0,0.2574373781681061,-0.015339811332523823,-28.376379013061523
13.0,989008.0,0.25733470916748047,-0.01687379740178585,-28.17458724975586
13.0,989012.0,0.2572813034057617,-0.01687379740178585,-28.186351776123047
13.0,989016.0,0.2571950852870941,-0.01687379740178585,-28.19658660888672
13.0,989021.0,0.25712525844573975,-0.01687379740178585,-28.205299377441406
13.0,989025.0,0.25705134868621826,-0.01687379740178585,-28.21503448486328
13.0,989030.0,0.25696510076522827,-0.01840776763856411,-27.95813751220703
13.0,989033.0,0.2569034993648529,-0.01840776763856411,-27.975093841552734
13.0,989037.0,0.25685009360313416,-0.01840776763856411,-27.987577438354492
13.0,989041.0,0.25676384568214417,-0.01840776763856411,-27.99340057373047
13.0,989045.0,0.25666528940200806,-0.01840776763856411,-27.99748420715332
13.0,989049.0,0.2565461993217468,-0.01840776763856411,-27.993310928344727
13.0,989053.0,0.25641068816185,-0.01840776763856411,-27.984413146972656
13.0,989057.0,0.2562587261199951,-0.01840776763856411,-27.970661163330078
13.0,989061.0,0.25609034299850464,-0.01840776763856411,-27.952211380004883
13.0,989064.0,0.25591376423835754,-0.01687379740178585,-28.20670509338379
13.0,989069.0,0.25572896003723145,-0.01687379740178585,-28.179689407348633
13.0,989072.0,0.25554826855659485,-0.01687379740178585,-28.15517234802246
13.0,989077.0,0.25537577271461487,-0.01687379740178585,-28.134347915649414
13.0,989080.0,0.25524845719337463,-0.01687379740178585,-28.11578369140625
13.0,989085.0,0.2550184726715088,-0.01687379740178585,-28.1007137298584
13.0,989091.0,0.2548377811908722,-0.01687379740178585,-28.089237213134766
13.0,989096.0,0.25462013483047485,-0.01687379740178585,-28.076173782348633
13.0,989101.0,0.2544722855091095,-0.01687379740178585,-28.06715965270996
13.0,989105.0,0.2542792558670044,-0.01687379740178585,-28.053882598876953
13.0,989110.0,0.2541273236274719,-0.01687379740178585,-28.04277801513672
13.0,989114.0,0.25398358702659607,-0.01687379740178585,-28.038625717163086
13.0,989118.0,0.25384393334388733,-0.01687379740178585,-28.03426170349121
13.0,989121.0,0.2537412643432617,-0.01840776763856411,-27.76630973815918
13.0,989125.0,0.25359752774238586,-0.01840776763856411,-27.765697479248047
13.0,989129.0,0.2534291446208954,-0.01840776763856411,-27.75724220275879
13.0,989133.0,0.2532443404197693,-0.01840776763856411,-27.745201110839844
13.0,989137.0,0.2530513405799866,-0.01840776763856411,-27.73351287841797
13.0,989140.0,0.2528911828994751,-0.01840776763856411,-27.711809158325195
13.0,989144.0,0.25266119837760925,-0.01840776763856411,-27.6856632232666
13.0,989149.0,0.2523408532142639,-0.01840776763856411,-27.652528762817383
13.0,989153.0,0.2519835829734802,-0.01687379740178585,-27.867334365844727
13.0,989158.0,0.25168377161026,-0.01687379740178585,-27.818145751953125
13.0,989161.0,0.25145378708839417,-0.01687379740178585,-27.766803741455078
13.0,989165.0,0.2511293590068817,-0.01687379740178585,-27.726900100708008
13.0,989169.0,0.25079262256622314,-0.015339811332523823,-27.92057991027832
13.0,989173.0,0.2504476308822632,-0.015339811332523823,-27.87399673461914
13.0,989177.0,0.2500985562801361,-0.015339811332523823,-27.81260108947754
13.0,989180.0,0.24984394013881683,-0.01380582619458437,-28.020065307617188
13.0,989184.0,0.24951128661632538,-0.01380582619458437,-27.977718353271484
13.0,989188.0,0.24917864799499512,-0.01380582619458437,-27.921772003173828
13.0,989191.0,0.24885010719299316,-0.012271841056644917,-28.136186599731445
13.0,989195.0,0.24862012267112732,-0.012271841056644917,-28.098976135253906
13.0,989198.0,0.2483244389295578,-0.012271841056644917,-28.05457305908203
13.0,989202.0,0.24811089038848877,-0.012271841056644917,-28.01722526550293
13.0,989207.0,0.24779056012630463,-0.012271841056644917,-27.989315032958984
13.0,989210.0,0.24759753048419952,-0.012271841056644917,-27.961105346679688
13.0,989214.0,0.24733880162239075,-0.012271841056644917,-27.935354232788086
13.0,989218.0,0.24708418548107147,-0.012271841056644917,-27.9160213470459
13.0,989221.0,0.24689117074012756,-0.012271841056644917,-27.889297485351562
13.0,989225.0,0.2465544193983078,-0.010737855918705463,-28.126171112060547
13.0,989229.0,0.24629569053649902,-0.010737855918705463,-28.097013473510742
13.0,989233.0,0.2460985630750656,-0.010737855918705463,-28.068998336791992
13.0,989237.0,0.24585215747356415,-0.010737855918705463,-28.04741096496582
13.0,989241.0,0.2456221729516983,-0.010737855918705463,-28.034788131713867
13.0,989245.0,0.24538809061050415,-0.010737855918705463,-27.743457794189453
13.0,989248.0,0.24515400826931,-0.012271841056644917,-27.73645782470703
13.0,989261.0,0.24438603222370148,-0.012271841056644917,-27.679725646972656
13.0,989265.0,0.24408623576164246,-0.012271841056644917,-27.647464752197266
13.0,989270.0,0.24368788301944733,-0.012271841056644917,-27.61237907409668
13.0,989274.0,0.24326488375663757,-0.012271841056644917,-27.56297492980957
13.0,989279.0,0.24280904233455658,-0.010737855918705463,-27.767589569091797
13.0,989283.0,0.24252155423164368,-0.010737855918705463,-27.711811065673828
13.0,989288.0,0.24204106628894806,-0.010737855918705463,-27.642602920532227
13.0,989293.0,0.24155646562576294,-0.00920387078076601,-27.8389949798584
13.0,989298.0,0.24103900790214539,-0.00920387078076601,-27.773597717285156
13.0,989301.0,0.24073511362075806,-0.00920387078076601,-27.713237762451172
13.0,989305.0,0.2403203248977661,-0.007669915910810232,-27.91626739501953
13.0,989309.0,0.23990555107593536,-0.007669915910810232,-27.853103637695312
13.0,989313.0,0.23949897289276123,-0.007669915910810232,-27.80720329284668
13.0,989317.0,0.23907597362995148,-0.006135930772870779,-28.007822036743164
13.0,989321.0,0.23866941034793854,-0.006135930772870779,-27.94630241394043
13.0,989324.0,0.23837782442569733,-0.006135930772870779,-27.892316818237305
13.0,989328.0,0.23799178004264832,-0.004601945634931326,-28.10834312438965
13.0,989332.0,0.2376180738210678,-0.004601945634931326,-28.060199737548828
13.0,989336.0,0.23727309703826904,-0.004601945634931326,-28.02178955078125
13.0,989340.0,0.2369445562362671,-0.004601945634931326,-27.996923446655273
13.0,989343.0,0.23664475977420807,-0.004601945634931326,-27.974153518676758
13.0,989347.0,0.23635728657245636,-0.004601945634931326,-27.95616912841797
13.0,989351.0,0.23613962531089783,-0.004601945634931326,-27.93886947631836
13.0,989355.0,0.23586036264896393,-0.004601945634931326,-27.924846649169922
13.0,989359.0,0.23557700216770172,-0.004601945634931326,-27.908605575561523
13.0,989363.0,0.2352854162454605,-0.004601945634931326,-27.896146774291992
13.0,989367.0,0.2350020557641983,-0.004601945634931326,-27.88225555419922
13.0,989370.0,0.2347145825624466,-0.004601945634931326,-27.867528915405273
13.0,989374.0,0.23449280858039856,-0.004601945634931326,-27.850629806518555
13.0,989378.0,0.23419301211833954,-0.004601945634931326,-27.832983016967773
13.0,989382.0,0.2338891178369522,-0.004601945634931326,-27.818456649780273
13.0,989385.0,0.23357290029525757,-0.004601945634931326,-27.79656982421875
13.0,989389.0,0.23325666785240173,-0.004601945634931326,-27.775421142578125
13.0,989393.0,0.23301437497138977,-0.004601945634931326,-27.752328872680664
13.0,989398.0,0.23260369896888733,-0.004601945634931326,-27.722932815551758
13.0,989403.0,0.23218891024589539,-0.004601945634931326,-27.692092895507812
13.0,989408.0,0.23175358772277832,-0.004601945634931326,-27.663860321044922
13.0,989412.0,0.23140862584114075,-0.004601945634931326,-27.637914657592773
13.0,989416.0,0.23104722797870636,-0.004601945634931326,-27.600017547607422
13.0,989420.0,0.23058316111564636,-0.004601945634931326,-27.566865921020508
13.0,989424.0,0.23029157519340515,-0.004601945634931326,-27.797931671142578
13.0,989428.0,0.2298808991909027,-0.003067960264161229,-27.747764587402344
13.0,989432.0,0.22945789992809296,-0.003067960264161229,-27.708269119262695
13.0,989435.0,0.2290390133857727,-0.003067960264161229,-27.659893035888672
13.0,989439.0,0.22871868312358856,-0.0015339752426370978,-27.878955841064453
13.0,989443.0,0.228287473320961,-0.0015339752426370978,-27.837135314941406
13.0,989447.0,0.22783984243869781,-0.0015339752426370978,-27.778196334838867
13.0,989450.0,0.22740451991558075,-0.0015339752426370978,-27.725282669067383
13.0,989454.0,0.22696509957313538,9.934107758624577e-09,-27.938262939453125
13.0,989459.0,0.22653387486934662,9.934107758624577e-09,-27.8729305267334
13.0,989472.0,0.22522792220115662,0.0015339950332418084,-28.002450942993164
13.0,989477.0,0.22476385533809662,0.0015339950332418084,-27.960926055908203
13.0,989481.0,0.22439424693584442,0.0015339950332418084,-27.93793296813965
13.0,989484.0,0.22413551807403564,0.0015339950332418084,-27.915313720703125
13.0,989488.0,0.22379465401172638,0.0015339950332418084,-27.893388748168945
13.0,989492.0,0.2234373688697815,0.0015339950332418084,-27.874759674072266
13.0,989496.0,0.22310061752796173,0.0015339950332418084,-27.856857299804688
13.0,989499.0,0.22284600138664246,0.0030679504852741957,-28.100711822509766
13.0,989503.0,0.22248460352420807,0.0030679504852741957,-28.077688217163086
13.0,989507.0,0.2221519500017166,0.0030679504852741957,-28.057292938232422
13.0,989510.0,0.22190965712070465,0.0030679504852741957,-28.04020118713379
13.0,989514.0,0.2215893268585205,0.0030679504852741957,-28.0294246673584
13.0,989518.0,0.2212977409362793,0.0030679504852741957,-28.02391242980957
13.0,989522.0,0.2210184782743454,0.0015339950332418084,-27.75406265258789
13.0,989525.0,0.2207515388727188,0.0015339950332418084,-27.762699127197266
13.0,989529.0,0.2205667346715927,0.0015339950332418084,-27.777612686157227
13.0,989533.0,0.22030800580978394,0.0015339950332418084,-27.78435707092285
13.0,989537.0,0.22003695368766785,0.0015339950332418084,-27.790300369262695
13.0,989540.0,0.21983572840690613,0.0015339950332418084,-27.795944213867188
13.0,989544.0,0.21955236792564392,9.934107758624577e-09,-27.529197692871094
13.0,989548.0,0.2192525714635849,9.934107758624577e-09,-27.531627655029297
13.0,989551.0,0.21894045174121857,9.934107758624577e-09,-27.529321670532227
13.0,989555.0,0.2186899334192276,9.934107758624577e-09,-27.518959045410156
13.0,989559.0,0.2183244377374649,9.934107758624577e-09,-27.496826171875
13.0,989562.0,0.21793429553508759,9.934107758624577e-09,-27.475648880004883
13.0,989566.0,0.21753183007240295,0.0015339950332418084,-27.712398529052734
13.0,989570.0,0.2172073870897293,0.0015339950332418084,-27.665170669555664
13.0,989574.0,0.21675564348697662,0.0015339950332418084,-27.62848472595215
13.0,989578.0,0.21631211042404175,0.0030679504852741957,-27.851194381713867
13.0,989581.0,0.21596303582191467,0.0030679504852741957,-27.792938232421875
13.0,989586.0,0.21538808941841125,0.0030679504852741957,-27.740707397460938
13.0,989590.0,0.21494045853614807,0.004601935390383005,-27.944046020507812
13.0,989594.0,0.2144887000322342,0.004601935390383005,-27.89240074157715
13.0,989599.0,0.21396303176879883,0.004601935390383005,-27.85319709777832
13.0,989603.0,0.2135523557662964,0.006135920528322458,-28.083524703979492
13.0,989607.0,0.21314989030361176,0.006135920528322458,-28.044845581054688
13.0,989610.0,0.21277618408203125,0.006135920528322458,-28.016813278198242
13.0,989614.0,0.21240657567977905,0.006135920528322458,-27.991010665893555
13.0,989618.0,0.2120698094367981,0.006135920528322458,-27.97673225402832
13.0,989622.0,0.21182751655578613,0.006135920528322458,-27.96684455871582
13.0,989626.0,0.21140451729297638,0.006135920528322458,-27.951866149902344
13.0,989630.0,0.21115811169147491,0.006135920528322458,-27.942678451538086
13.0,989634.0,0.21083778142929077,0.007669905666261911,-27.929122924804688
13.0,989638.0,0.21044352650642395,0.007669905666261911,-28.191469192504883
13.0,989643.0,0.21008212864398956,0.006135920528322458,-27.922290802001953
13.0,989648.0,0.209737166762352,0.006135920528322458,-27.9312686920166
13.0,989653.0,0.20941683650016785,0.006135920528322458,-27.947629928588867
13.0,989657.0,0.20922382175922394,0.006135920528322458,-27.959253311157227
13.0,989661.0,0.20897330343723297,0.006135920528322458,-27.97435760498047
13.0,989665.0,0.20873510837554932,0.004601935390383005,-27.738563537597656
13.0,989680.0,0.20783162117004395,0.004601935390383005,-27.79884147644043
13.0,989684.0,0.20756468176841736,0.004601935390383005,-27.805994033813477
13.0,989688.0,0.20729362964630127,0.004601935390383005,-27.815563201904297
13.0,989692.0,0.20701026916503906,0.0030679504852741957,-27.5511531829834
13.0,989696.0,0.20672279596328735,0.0030679504852741957,-27.55938148498535
13.0,989700.0,0.20641478896141052,0.0030679504852741957,-27.56049156188965
13.0,989703.0,0.20616427063941956,0.0030679504852741957,-27.552059173583984
13.0,989707.0,0.20581108331680298,0.0030679504852741957,-27.53712272644043
13.0,989711.0,0.20543326437473297,0.004601935390383005,-27.78519630432129
13.0,989714.0,0.20513346791267395,0.004601935390383005,-27.751890182495117
13.0,989718.0,0.20473511517047882,0.004601935390383005,-27.718324661254883
13.0,989722.0,0.2043326497077942,0.004601935390383005,-27.694517135620117
13.0,989725.0,0.20392197370529175,0.006135920528322458,-27.927024841308594
13.0,989730.0,0.20351539552211761,0.006135920528322458,-27.889083862304688
13.0,989734.0,0.2031252533197403,0.006135920528322458,-27.857725143432617
13.0,989738.0,0.20273511111736298,0.006135920528322458,-27.82737159729004
13.0,989741.0,0.20235729217529297,0.006135920528322458,-27.801982879638672
13.0,989746.0,0.20199589431285858,0.007669905666261911,-28.046613693237305
13.0,989750.0,0.2016386091709137,0.007669905666261911,-28.023405075073242
13.0,989753.0,0.20129363238811493,0.007669905666261911,-28.004905700683594
13.0,989757.0,0.20104311406612396,0.007669905666261911,-27.994089126586914
13.0,989760.0,0.20073510706424713,0.007669905666261911,-27.988494873046875
13.0,989764.0,0.2005092352628708,0.007669905666261911,-27.984289169311523
13.0,989768.0,0.20020534098148346,0.007669905666261911,-27.98183822631836
13.0,989772.0,0.19991786777973175,0.007669905666261911,-27.98264503479004
13.0,989779.0,0.19941683113574982,0.007669905666261911,-27.986297607421875
13.0,989783.0,0.19914579391479492,0.007669905666261911,-27.99152374267578
13.0,989787.0,0.19887885451316833,0.007669905666261911,-27.99863624572754
13.0,989790.0,0.19868993759155273,0.007669905666261911,-28.010711669921875
13.0,989794.0,0.19844764471054077,0.007669905666261911,-28.021757125854492
13.0,989798.0,0.19821354746818542,0.007669905666261911,-28.03814697265625
13.0,989802.0,0.19798357784748077,0.007669905666261911,-28.055187225341797
13.0,989806.0,0.19777823984622955,0.006135920528322458,-27.811111450195312
13.0,989810.0,0.19757699966430664,0.006135920528322458,-27.841876983642578
13.0,989813.0,0.19737577438354492,0.006135920528322458,-27.871416091918945
13.0,989817.0,0.1971704363822937,0.006135920528322458,-27.898422241210938
13.0,989822.0,0.19696098566055298,0.006135920528322458,-27.92301368713379
13.0,989825.0,0.19673922657966614,0.004601935390383005,-27.675704956054688
13.0,989829.0,0.19657084345817566,0.004601935390383005,-27.699121475219727
13.0,989833.0,0.196332648396492,0.004601935390383005,-27.712364196777344
13.0,989837.0,0.19608624279499054,0.004601935390383005,-27.727590560913086
13.0,989840.0,0.19589322805404663,0.004601935390383005,-27.736774444580078
13.0,989844.0,0.19561396539211273,0.004601935390383005,-27.74018096923828
13.0,989848.0,0.19532649219036102,0.004601935390383005,-27.73990821838379
13.0,989852.0,0.1950307935476303,0.004601935390383005,-27.737625122070312
13.0,989855.0,0.19472278654575348,0.004601935390383005,-27.73130226135254
13.0,989859.0,0.19439835846424103,0.004601935390383005,-27.719755172729492
13.0,989863.0,0.19414784014225006,0.004601935390383005,-27.705833435058594
13.0,989867.0,0.193720743060112,0.006135920528322458,-27.95216178894043
13.0,989871.0,0.19346201419830322,0.006135920528322458,-27.929256439208984
13.0,989884.0,0.1924188882112503,0.006135920528322458,-27.889371871948242
13.0,989888.0,0.19210678339004517,0.006135920528322458,-27.876384735107422
13.0,989892.0,0.19180287420749664,0.007669905666261911,-28.135709762573242
13.0,989896.0,0.19143326580524445,0.007669905666261911,-28.12389373779297
13.0,989902.0,0.19103080034255981,0.007669905666261911,-28.123138427734375
13.0,989907.0,0.19072690606117249,0.007669905666261911,-28.131553649902344
13.0,989911.0,0.1905503123998642,0.007669905666261911,-28.142200469970703
13.0,989915.0,0.19034086167812347,0.007669905666261911,-28.15903091430664
13.0,989919.0,0.19013552367687225,0.006135920528322458,-27.904428482055664
13.0,989922.0,0.18995071947574615,0.006135920528322458,-27.934110641479492
13.0,989927.0,0.18978644907474518,0.006135920528322458,-27.96926498413086
13.0,989931.0,0.1896139681339264,0.006135920528322458,-28.000375747680664
13.0,989935.0,0.18944969773292542,0.006135920528322458,-28.040908813476562
13.0,989939.0,0.18928131461143494,0.004601935390383005,-27.805335998535156
13.0,989943.0,0.18910062313079834,0.004601935390383005,-27.82826805114746
13.0,989947.0,0.18890349566936493,0.004601935390383005,-27.858346939086914
13.0,989950.0,0.1886981576681137,0.004601935390383005,-27.87299346923828
13.0,989954.0,0.18853798508644104,0.004601935390383005,-27.888673782348633
13.0,989958.0,0.1883162260055542,0.004601935390383005,-27.89966583251953
13.0,989962.0,0.1880328506231308,0.0030679504852741957,-27.64872169494629
13.0,989968.0,0.1877494901418686,0.0030679504852741957,-27.669227600097656
13.0,989972.0,0.18750308454036713,0.0030679504852741957,-27.676483154296875
13.0,989976.0,0.18723614513874054,0.0030679504852741957,-27.679054260253906
13.0,989980.0,0.18695276975631714,0.004601935390383005,-27.942981719970703
13.0,989983.0,0.18666529655456543,0.004601935390383005,-27.9342098236084
13.0,989987.0,0.18637371063232422,0.004601935390383005,-27.922819137573242
13.0,989991.0,0.1861601620912552,0.004601935390383005,-27.914419174194336
13.0,989995.0,0.1858891099691391,0.004601935390383005,-27.911930084228516
13.0,989998.0,0.18562628328800201,0.004601935390383005,-27.91044807434082
13.0,990002.0,0.18535934388637543,0.004601935390383005,-27.907567977905273
13.0,990007.0,0.18509650230407715,0.004601935390383005,-27.905649185180664
13.0,990011.0,0.18483778834342957,0.004601935390383005,-27.905818939208984
13.0,990014.0,0.18464475870132446,0.004601935390383005,-27.906835556030273
13.0,990018.0,0.1843901425600052,0.004601935390383005,-27.906835556030273
13.0,990022.0,0.18413962423801422,0.004601935390383005,-27.908971786499023
13.0,990026.0,0.18388500809669495,0.004601935390383005,-27.91044044494629
13.0,990030.0,0.18363448977470398,0.004601935390383005,-27.91223907470703
13.0,990034.0,0.1833757758140564,0.004601935390383005,-27.910470962524414
13.0,990038.0,0.1831088364124298,0.004601935390383005,-27.90677261352539
13.0,990042.0,0.18285010755062103,0.004601935390383005,-27.905771255493164
13.0,990045.0,0.18258316814899445,0.004601935390383005,-27.902040481567383
13.0,990049.0,0.18231622874736786,0.006135920528322458,-28.16376495361328
13.0,990053.0,0.18211910128593445,0.006135920528322458,-28.15688133239746
13.0,990057.0,0.18187269568443298,0.006135920528322458,-28.154176712036133
13.0,990061.0,0.18163859844207764,0.006135920528322458,-28.156179428100586
13.0,990064.0,0.18148255348205566,0.006135920528322458,-28.16674041748047
13.0,990068.0,0.18129363656044006,0.004601935390383005,-27.918134689331055
13.0,990072.0,0.18111704289913177,0.004601935390383005,-27.937097549438477
13.0,990075.0,0.18099384009838104,0.004601935390383005,-27.965072631835938
13.0,990079.0,0.18082135915756226,0.004601935390383005,-27.989299774169922
13.0,990092.0,0.1802915781736374,0.0030679504852741957,-27.809099197387695
13.0,990096.0,0.18009445071220398,0.0030679504852741957,-27.84031867980957
13.0,990100.0,0.17996715009212494,0.0030679504852741957,-27.864999771118164
13.0,990104.0,0.17978234589099884,0.0030679504852741957,-27.883333206176758
13.0,990108.0,0.17957700788974762,0.0030679504852741957,-27.895620346069336
13.0,990112.0,0.1793716698884964,0.0030679504852741957,-27.903831481933594
13.0,990115.0,0.17921149730682373,0.0015339950332418084,-27.645641326904297
13.0,990119.0,0.1789897382259369,0.0015339950332418084,-27.655946731567383
13.0,990122.0,0.17875154316425323,0.0015339950332418084,-27.659669876098633
13.0,990127.0,0.17849281430244446,0.0030679504852741957,-27.925493240356445
13.0,990131.0,0.17822176218032837,0.0030679504852741957,-27.91095733642578
13.0,990134.0,0.17794249951839447,0.0030679504852741957,-27.900894165039062
13.0,990138.0,0.17773716151714325,0.0030679504852741957,-27.887794494628906
13.0,990142.0,0.17744968831539154,0.0030679504852741957,-27.87377166748047
13.0,990146.0,0.17717042565345764,0.0030679504852741957,-27.86151123046875
13.0,990151.0,0.17681725323200226,0.0030679504852741957,-27.84398651123047
13.0,990156.0,0.17646406590938568,0.004601935390383005,-28.095046997070312
13.0,990160.0,0.1761930137872696,0.004601935390383005,-28.083648681640625
13.0,990164.0,0.1759301871061325,0.004601935390383005,-28.072450637817383
13.0,990168.0,0.17568378150463104,0.004601935390383005,-28.06692886352539
13.0,990171.0,0.1754579097032547,0.004601935390383005,-28.068235397338867
13.0,990175.0,0.17529773712158203,0.004601935390383005,-28.073440551757812
13.0,990179.0,0.1750965118408203,0.004601935390383005,-28.083717346191406
13.0,990183.0,0.1748993843793869,0.004601935390383005,-28.094907760620117
13.0,990187.0,0.1747227907180786,0.004601935390383005,-28.107357025146484
13.0,990191.0,0.17456263303756714,0.004601935390383005,-28.128284454345703
13.0,990194.0,0.17445585131645203,0.0030679504852741957,-27.886808395385742
13.0,990198.0,0.17432032525539398,0.0030679504852741957,-27.92127227783203
13.0,990202.0,0.17418479919433594,0.0030679504852741957,-27.951732635498047
13.0,990207.0,0.17399589717388153,0.0030679504852741957,-27.977048873901367
13.0,990210.0,0.1738767921924591,0.0030679504852741957,-28.000057220458984
13.0,990214.0,0.17371663451194763,0.0015339950332418084,-27.746257781982422
13.0,990217.0,0.17356057465076447,0.0015339950332418084,-27.77383804321289
13.0,990221.0,0.17344148457050323,0.0015339950332418084,-27.797636032104492
13.0,990225.0,0.17326077818870544,0.0015339950332418084,-27.810861587524414
13.0,990229.0,0.17306776344776154,0.0015339950332418084,-27.823856353759766
13.0,990232.0,0.17291581630706787,0.0015339950332418084,-27.833633422851562
13.0,990236.0,0.17271047830581665,0.0015339950332418084,-27.841670989990234
13.0,990239.0,0.17250102758407593,0.0015339950332418084,-27.845439910888672
13.0,990243.0,0.17233264446258545,0.0015339950332418084,-27.846210479736328
13.0,990247.0,0.1720944494009018,0.0015339950332418084,-27.840200424194336
13.0,990250.0,0.17184394598007202,0.0015339950332418084,-27.835798263549805
13.0,990254.0,0.17165502905845642,0.0015339950332418084,-27.828697204589844
13.0,990258.0,0.17140451073646545,0.0015339950332418084,-27.823163986206055
13.0,990261.0,0.17114579677581787,0.0015339950332418084,-27.81372833251953
13.0,990265.0,0.17095276713371277,0.0015339950332418084,-27.804527282714844
13.0,990269.0,0.170694038271904,0.0015339950332418084,-27.798124313354492
13.0,990273.0,0.17035728693008423,0.0015339950332418084,-27.782886505126953
13.0,990279.0,0.17001642286777496,0.0030679504852741957,-28.025577545166016
13.0,990283.0,0.16974538564682007,0.0030679504852741957,-28.013051986694336
13.0,990295.0,0.16901026666164398,0.0030679504852741957,-27.987340927124023
13.0,990299.0,0.16878028213977814,0.0030679504852741957,-27.984268188476562
13.0,990303.0,0.1685544103384018,0.0030679504852741957,-27.98334503173828
13.0,990307.0,0.16833265125751495,0.0030679504852741957,-27.98298454284668
13.0,990310.0,0.16816426813602448,0.0030679504852741957,-27.981224060058594
13.0,990314.0,0.16794250905513763,0.0030679504852741957,-27.9815731048584
13.0,990318.0,0.1677248477935791,0.0030679504852741957,-27.982393264770508
13.0,990321.0,0.16750718653202057,0.0030679504852741957,-27.983139038085938
13.0,990325.0,0.1673470288515091,0.0030679504852741957,-27.983789443969727
13.0,990329.0,0.16713346540927887,0.0030679504852741957,-27.98702621459961
13.0,990333.0,0.16693224012851715,0.0030679504852741957,-27.99407958984375
13.0,990337.0,0.16673099994659424,0.0030679504852741957,-27.997802734375
13.0,990341.0,0.16652566194534302,0.0030679504852741957,-28.001667022705078
13.0,990345.0,0.1663244366645813,0.0030679504852741957,-28.008241653442383
13.0,990348.0,0.1661273092031479,0.0030679504852741957,-28.012788772583008
13.0,990352.0,0.16597945988178253,0.0030679504852741957,-28.01860809326172
13.0,990357.0,0.16573716700077057,0.0030679504852741957,-28.025487899780273
13.0,990360.0,0.16555236279964447,0.0030679504852741957,-28.03474235534668
13.0,990364.0,0.16541683673858643,0.0030679504852741957,-28.04493522644043
13.0,990368.0,0.1652073860168457,0.0030679504852741957,-28.060049057006836
13.0,990372.0,0.16508829593658447,0.0030679504852741957,-28.077245712280273
13.0,990376.0,0.1649322360754013,0.0015339950332418084,-27.82533073425293
13.0,990380.0,0.16478440165519714,0.0015339950332418084,-27.843860626220703
13.0,990383.0,0.1646406501531601,0.0015339950332418084,-27.86903953552246
13.0,990387.0,0.16452156007289886,0.0015339950332418084,-27.88792610168457
13.0,990391.0,0.1643655002117157,0.0015339950332418084,-27.903276443481445
13.0,990394.0,0.16424229741096497,0.0015339950332418084,-27.919479370117188
13.0,990398.0,0.164078027009964,0.0015339950332418084,-27.933685302734375
13.0,990403.0,0.16386447846889496,0.0015339950332418084,-27.947330474853516
13.0,990408.0,0.16359753906726837,9.934107758624577e-09,-27.69828987121582
13.0,990412.0,0.16347022354602814,9.934107758624577e-09,-27.71530532836914
13.0,990416.0,0.16328132152557373,9.934107758624577e-09,-27.72492790222168
13.0,990420.0,0.16308008134365082,9.934107758624577e-09,-27.729524612426758
13.0,990423.0,0.16286242008209229,9.934107758624577e-09,-27.730487823486328
13.0,990427.0,0.16261601448059082,9.934107758624577e-09,-27.721965789794922
13.0,990431.0,0.1624188870191574,0.0015339950332418084,-27.973758697509766
13.0,990435.0,0.16214784979820251,0.0015339950332418084,-27.951961517333984
13.0,990439.0,0.16188091039657593,0.0015339950332418084,-27.936765670776367
13.0,990442.0,0.16168788075447083,0.0015339950332418084,-27.920185089111328
13.0,990446.0,0.16136755049228668,0.0015339950332418084,-27.905498504638672
13.0,990450.0,0.16117453575134277,0.0015339950332418084,-27.891277313232422
13.0,990454.0,0.160915806889534,0.0030679504852741957,-28.14579200744629
13.0,990457.0,0.1606529802083969,0.0030679504852741957,-28.12377166748047
13.0,990462.0,0.16040246188640594,0.0030679504852741957,-28.103952407836914
13.0,990468.0,0.16005338728427887,0.0030679504852741957,-28.09023094177246
13.0,990471.0,0.15985216200351715,0.0030679504852741957,-28.09005355834961
13.0,990475.0,0.1597084254026413,0.0030679504852741957,-28.092496871948242
13.0,990479.0,0.1595236212015152,0.0030679504852741957,-28.10016632080078
13.0,990483.0,0.15935523808002472,0.0030679504852741957,-28.107376098632812
13.0,990487.0,0.15919096767902374,0.0030679504852741957,-28.118410110473633
13.0,990499.0,0.15875975787639618,0.0015339950332418084,-27.903257369995117
13.0,990503.0,0.15864065289497375,0.0015339950332418084,-27.93250846862793
13.0,990507.0,0.15851745009422302,0.0015339950332418084,-27.965185165405273
13.0,990510.0,0.15839014947414398,0.0015339950332418084,-27.983783721923828
13.0,990514.0,0.15829157829284668,0.0015339950332418084,-27.737533569335938
13.0,990518.0,0.15816427767276764,9.934107758624577e-09,-27.75954246520996
13.0,990522.0,0.1580287516117096,9.934107758624577e-09,-27.784744262695312
13.0,990525.0,0.15788501501083374,9.934107758624577e-09,-27.806303024291992
13.0,990529.0,0.15772484242916107,9.934107758624577e-09,-27.821683883666992
13.0,990533.0,0.15759754180908203,9.934107758624577e-09,-27.832441329956055
13.0,990537.0,0.15741273760795593,9.934107758624577e-09,-27.836854934692383
13.0,990540.0,0.15726900100708008,9.934107758624577e-09,-27.838912963867188
13.0,990544.0,0.15705955028533936,9.934107758624577e-09,-27.83684539794922
13.0,990548.0,0.15685009956359863,9.934107758624577e-09,-27.83563995361328
13.0,990552.0,0.1566365510225296,9.934107758624577e-09,-27.832265853881836
13.0,990555.0,0.15641067922115326,9.934107758624577e-09,-27.824932098388672
13.0,990559.0,0.15623408555984497,9.934107758624577e-09,-27.815128326416016
13.0,990563.0,0.15600000321865082,9.934107758624577e-09,-27.8076171875
13.0,990567.0,0.15574948489665985,9.934107758624577e-09,-27.792957305908203
13.0,990570.0,0.15555647015571594,9.934107758624577e-09,-27.77608299255371
13.0,990574.0,0.15528953075408936,0.0015339950332418084,-28.028345108032227
13.0,990578.0,0.15500615537166595,0.0015339950332418084,-27.99847984313965
13.0,990581.0,0.15480081737041473,0.0015339950332418084,-27.972320556640625
13.0,990587.0,0.1544024646282196,0.0015339950332418084,-27.945838928222656
13.0,990592.0,0.15409445762634277,0.0015339950332418084,-27.927120208740234
13.0,990595.0,0.15385626256465912,0.0030679504852741957,-28.180728912353516
13.0,990599.0,0.15361806750297546,0.0030679504852741957,-28.16337013244629
13.0,990603.0,0.1534537971019745,0.0030679504852741957,-28.154651641845703
13.0,990607.0,0.15324845910072327,0.0030679504852741957,-28.14885902404785
13.0,990611.0,0.15306776762008667,0.0030679504852741957,-28.153934478759766
13.0,990614.0,0.1529158055782318,0.0030679504852741957,-28.163612365722656
13.0,990618.0,0.1528090387582779,0.0030679504852741957,-28.177417755126953
13.0,990622.0,0.15266939997673035,0.0015339950332418084,-27.923709869384766
13.0,990626.0,0.1525420993566513,0.0015339950332418084,-27.953338623046875
13.0,990630.0,0.15240657329559326,0.0015339950332418084,-27.968278884887695
13.0,990633.0,0.15230800211429596,0.0015339950332418084,-27.989303588867188
13.0,990637.0,0.1521724909543991,0.0015339950332418084,-28.00318717956543
13.0,990640.0,0.1520739197731018,0.0015339950332418084,-28.02286148071289
13.0,990644.0,0.15194250643253326,9.934107758624577e-09,-27.77790069580078
13.0,990649.0,0.15177412331104279,9.934107758624577e-09,-27.805139541625977
13.0,990654.0,0.15157699584960938,9.934107758624577e-09,-27.82175636291504
13.0,990658.0,0.1514045149087906,9.934107758624577e-09,-27.82801055908203
13.0,990663.0,0.15116222202777863,9.934107758624577e-09,-27.829986572265625
13.0,990667.0,0.1508542150259018,9.934107758624577e-09,-27.824182510375977
13.0,990673.0,0.15062834322452545,9.934107758624577e-09,-27.815425872802734
13.0,990677.0,0.1503983587026596,9.934107758624577e-09,-27.808032989501953
13.0,990680.0,0.15016427636146545,9.934107758624577e-09,-27.797069549560547
13.0,990684.0,0.14997535943984985,9.934107758624577e-09,-27.77973747253418
13.0,990688.0,0.14971253275871277,9.934107758624577e-09,-27.76030158996582
13.0,990692.0,0.14943736791610718,0.0015339950332418084,-28.00004005432129
13.0,990704.0,0.1486283391714096,0.0015339950332418084,-27.931503295898438
13.0,990708.0,0.14839014410972595,0.0015339950332418084,-27.91395378112793
13.0,990712.0,0.1481560617685318,0.0015339950332418084,-27.906166076660156
13.0,990716.0,0.14792196452617645,0.0030679504852741957,-28.15477180480957
13.0,990719.0,0.147683784365654,0.0030679504852741957,-28.141752243041992
13.0,990723.0,0.14752361178398132,0.0030679504852741957,-28.133373260498047
13.0,990727.0,0.1473264843225479,0.0030679504852741957,-28.129262924194336
13.0,990731.0,0.14714579284191132,0.0030679504852741957,-28.131608963012695
13.0,990734.0,0.14698562026023865,0.0030679504852741957,-28.139501571655273
13.0,990738.0,0.14686653017997742,0.0030679504852741957,-28.148408889770508
13.0,990742.0,0.14672279357910156,0.0030679504852741957,-28.1581974029541
13.0,990745.0,0.14663244783878326,0.0015339950332418084,-27.911623001098633
13.0,990749.0,0.1464887112379074,0.0015339950332418084,-27.939661026000977
13.0,990753.0,0.14640657603740692,0.0015339950332418084,-27.966617584228516
13.0,990757.0,0.1462874710559845,0.0015339950332418084,-27.983806610107422
13.0,990760.0,0.1461930125951767,0.0015339950332418084,-28.00372886657715
13.0,990764.0,0.14605750143527985,0.0015339950332418084,-28.020231246948242
13.0,990768.0,0.1459178626537323,9.934107758624577e-09,-27.770856857299805
13.0,990772.0,0.14577823877334595,9.934107758624577e-09,-27.78513526916504
13.0,990777.0,0.14558111131191254,9.934107758624577e-09,-27.8017635345459
13.0,990781.0,0.14541272819042206,9.934107758624577e-09,-27.812198638916016
13.0,990785.0,0.14522382616996765,9.934107758624577e-09,-27.812929153442383
13.0,990789.0,0.14502669870853424,9.934107758624577e-09,-27.812238693237305
13.0,990793.0,0.14482545852661133,9.934107758624577e-09,-27.810354232788086
13.0,990797.0,0.1446160227060318,9.934107758624577e-09,-27.80561637878418
13.0,990800.0,0.14444763958454132,9.934107758624577e-09,-27.79563331604004
13.0,990804.0,0.14420533180236816,9.934107758624577e-09,-27.78331184387207
13.0,990807.0,0.1439507156610489,9.934107758624577e-09,-27.764680862426758
13.0,990811.0,0.14375358819961548,0.0015339950332418084,-28.012407302856445
13.0,990815.0,0.14347843825817108,0.0015339950332418084,-27.980958938598633
13.0,990819.0,0.14319917559623718,0.0015339950332418084,-27.950592041015625
13.0,990823.0,0.1429322361946106,0.0015339950332418084,-27.932512283325195
13.0,990827.0,0.14267350733280182,0.0015339950332418084,-27.91044044494629
13.0,990831.0,0.14242300391197205,0.0015339950332418084,-27.88753890991211
13.0,990834.0,0.14224229753017426,0.0030679504852741957,-28.14328384399414
13.0,990838.0,0.1420000046491623,0.0030679504852741957,-28.122407913208008
13.0,990842.0,0.14176180958747864,0.0030679504852741957,-28.10889434814453
13.0,990846.0,0.14155235886573792,0.0030679504852741957,-28.09730339050293
13.0,990849.0,0.1413552314043045,0.0030679504852741957,-28.095130920410156
13.0,990853.0,0.14122381806373596,0.0030679504852741957,-28.098522186279297
13.0,990857.0,0.14102669060230255,0.0030679504852741957,-28.107088088989258
13.0,990861.0,0.14091992378234863,0.0030679504852741957,-28.119285583496094
13.0,990865.0,0.1407843977212906,0.0030679504852741957,-28.135000228881836
13.0,990869.0,0.1406160145998001,0.0015339950332418084,-27.884851455688477
13.0,990873.0,0.1405133455991745,0.0015339950332418084,-27.901227951049805
13.0,990877.0,0.14035318791866302,0.0015339950332418084,-27.90939712524414
13.0,990880.0,0.1402258723974228,0.0015339950332418084,-27.916780471801758
13.0,990884.0,0.140053391456604,0.0015339950332418084,-27.9211483001709
13.0,990888.0,0.1398726850748062,0.0015339950332418084,-27.92328453063965
13.0,990891.0,0.1396796703338623,0.0015339950332418084,-27.921985626220703
13.0,990905.0,0.13896098732948303,0.0015339950332418084,-27.903656005859375
13.0,990910.0,0.1387433260679245,0.0015339950332418084,-27.89152717590332
13.0,990914.0,0.13851334154605865,0.0015339950332418084,-27.87894630432129
13.0,990918.0,0.1382792592048645,0.0030679504852741957,-28.135332107543945
13.0,990922.0,0.13804106414318085,0.0030679504852741957,-28.114822387695312
13.0,990925.0,0.1378069818019867,0.0030679504852741957,-28.096338272094727
13.0,990929.0,0.1376345008611679,0.0030679504852741957,-28.081134796142578
13.0,990933.0,0.13742505013942719,0.0030679504852741957,-28.074417114257812
13.0,990937.0,0.13723203539848328,0.0030679504852741957,-28.07059669494629
13.0,990940.0,0.13709239661693573,0.0030679504852741957,-28.069515228271484
13.0,990944.0,0.13691991567611694,0.0030679504852741957,-28.072378158569336
13.0,990948.0,0.13675154745578766,0.0030679504852741957,-28.077796936035156
13.0,990952.0,0.136591374874115,0.0030679504852741957,-28.083053588867188
13.0,990955.0,0.13648049533367157,0.0030679504852741957,-28.093358993530273
13.0,990959.0,0.13634496927261353,0.0015339950332418084,-27.843172073364258
13.0,990964.0,0.13618069887161255,0.0015339950332418084,-27.863697052001953
13.0,990969.0,0.13601231575012207,0.0015339950332418084,-27.886842727661133
13.0,990972.0,0.1358603686094284,0.0015339950332418084,-27.898944854736328
13.0,990976.0,0.13573716580867767,0.0015339950332418084,-27.906551361083984
13.0,990980.0,0.1355687826871872,0.0015339950332418084,-27.91248893737793
13.0,990985.0,0.13536344468593597,0.0015339950332418084,-27.922534942626953
13.0,990989.0,0.1352032870054245,0.0015339950332418084,-27.927478790283203
13.0,990992.0,0.13503490388393402,0.0015339950332418084,-27.93244743347168
13.0,990996.0,0.13490349054336548,0.0015339950332418084,-27.93451690673828
13.0,991000.0,0.13471457362174988,0.0015339950332418084,-27.93229103088379
13.0,991003.0,0.13452567160129547,0.0015339950332418084,-27.930246353149414
13.0,991008.0,0.13433675467967987,0.0015339950332418084,-27.928203582763672
13.0,991011.0,0.13418890535831451,0.0015339950332418084,-27.923511505126953
13.0,991015.0,0.1339876800775528,0.0015339950332418084,-27.918710708618164
13.0,991019.0,0.13379055261611938,0.0015339950332418084,-27.914249420166016
13.0,991023.0,0.13358932733535767,0.0015339950332418084,-27.908527374267578
13.0,991027.0,0.13338808715343475,0.0015339950332418084,-27.902956008911133
13.0,991031.0,0.13317865133285522,0.0015339950332418084,-27.892518997192383
13.0,991035.0,0.1329568773508072,0.0015339950332418084,-27.8829402923584
13.0,991039.0,0.13271868228912354,0.0015339950332418084,-27.86603355407715
13.0,991042.0,0.13247638940811157,0.0015339950332418084,-27.848346710205078
13.0,991046.0,0.1322258710861206,0.0030679504852741957,-28.09392547607422
13.0,991050.0,0.1320410668849945,0.0030679504852741957,-28.07604217529297
13.0,991053.0,0.13180698454380035,0.0030679504852741957,-28.05695343017578
13.0,991057.0,0.13164271414279938,0.0030679504852741957,-28.045166015625
13.0,991060.0,0.13149486482143402,0.0030679504852741957,-28.04056167602539
13.0,991064.0,0.13125257194042206,0.0030679504852741957,-28.03592300415039
13.0,991068.0,0.13105954229831696,0.0030679504852741957,-28.031381607055664
13.0,991072.0,0.1309158056974411,0.0030679504852741957,-28.026933670043945
13.0,991076.0,0.13068583607673645,0.0030679504852741957,-28.026586532592773
13.0,991080.0,0.13056263327598572,0.0030679504852741957,-28.031536102294922
13.0,991084.0,0.13041067123413086,0.0030679504852741957,-28.03911590576172
13.0,991089.0,0.13022586703300476,0.0030679504852741957,-28.051237106323242
13.0,991093.0,0.13004517555236816,0.0030679504852741957,-28.06404685974121
13.0,991097.0,0.12990964949131012,0.0015339950332418084,-27.808305740356445
13.0,991110.0,0.1295236200094223,0.0015339950332418084,-27.867082595825195
13.0,991114.0,0.12937577068805695,0.0015339950332418084,-27.878965377807617
13.0,991118.0,0.12920328974723816,0.0015339950332418084,-27.88233757019043
13.0,991122.0,0.12902258336544037,0.0015339950332418084,-27.88285255432129
13.0,991125.0,0.12884189188480377,0.0015339950332418084,-27.883289337158203
13.0,991129.0,0.12865297496318817,0.0015339950332418084,-27.880962371826172
13.0,991133.0,0.12851335108280182,0.0015339950332418084,-27.879980087280273
13.0,991137.0,0.12832443416118622,0.0015339950332418084,-27.87755012512207
13.0,991140.0,0.12817248702049255,0.0015339950332418084,-27.871238708496094
13.0,991144.0,0.12796714901924133,0.0015339950332418084,-27.86492347717285
13.0,991148.0,0.1277536004781723,0.0015339950332418084,-27.854923248291016
13.0,991152.0,0.1274620145559311,0.0030679504852741957,-28.100221633911133
13.0,991158.0,0.12716221809387207,0.0030679504852741957,-28.066020965576172
13.0,991162.0,0.12693634629249573,0.0030679504852741957,-28.048126220703125
13.0,991166.0,0.12666119635105133,0.0030679504852741957,-28.03350830078125
13.0,991171.0,0.1264558583498001,0.0030679504852741957,-28.02021026611328
13.0,991177.0,0.1261642724275589,0.0030679504852741957,-28.014081954956055
13.0,991180.0,0.12603285908699036,0.0030679504852741957,-28.013839721679688
13.0,991184.0,0.12586036324501038,0.0030679504852741957,-28.015295028686523
13.0,991188.0,0.1256919950246811,0.0030679504852741957,-28.0175724029541
13.0,991191.0,0.12556879222393036,0.0030679504852741957,-28.02103614807129
13.0,991195.0,0.12536345422267914,0.0030679504852741957,-28.024309158325195
13.0,991199.0,0.12519918382167816,0.0030679504852741957,-28.02740478515625
13.0,991203.0,0.12508419156074524,0.0030679504852741957,-28.034339904785156
13.0,991207.0,0.12493634223937988,0.0030679504852741957,-28.04230308532715
13.0,991210.0,0.12482546269893646,0.0030679504852741957,-28.049400329589844
13.0,991214.0,0.12468583136796951,0.0030679504852741957,-28.056272506713867
13.0,991217.0,0.12454209476709366,0.0030679504852741957,-28.06464195251465
13.0,991221.0,0.12443942576646805,0.0030679504852741957,-28.075326919555664
13.0,991225.0,0.12431211769580841,0.0030679504852741957,-28.08540153503418
13.0,991229.0,0.12419712543487549,0.0015339950332418084,-27.833480834960938
13.0,991232.0,0.12409035116434097,0.0015339950332418084,-27.85808563232422
13.0,991236.0,0.12400821596384048,0.0015339950332418084,-27.879024505615234
13.0,991239.0,0.12388090044260025,0.0015339950332418084,-27.891511917114258
13.0,991243.0,0.12377412617206573,0.0015339950332418084,-27.901784896850586
13.0,991247.0,0.12362217903137207,0.0015339950332418084,-27.906871795654297
13.0,991250.0,0.12349486351013184,0.0015339950332418084,-27.90713882446289
13.0,991254.0,0.12331827729940414,0.0015339950332418084,-27.906612396240234
13.0,991258.0,0.12313347309827805,0.0015339950332418084,-27.90275001525879
13.0,991261.0,0.1229938417673111,0.0015339950332418084,-27.897628784179688
13.0,991265.0,0.12279671430587769,0.0015339950332418084,-27.891860961914062
13.0,991268.0,0.12264887243509293,0.0015339950332418084,-27.88300132751465
13.0,991272.0,0.1224435344338417,0.0015339950332418084,-27.87441635131836
13.0,991277.0,0.12219301611185074,0.0015339950332418084,-27.866044998168945
13.0,991281.0,0.12193018198013306,0.0030679504852741957,-28.11610221862793
13.0,991285.0,0.12171252816915512,0.0030679504852741957,-28.097192764282227
13.0,991290.0,0.12149486690759659,0.0030679504852741957,-28.078916549682617
13.0,991293.0,0.12133880704641342,0.0030679504852741957,-28.06524658203125
13.0,991297.0,0.12109650671482086,0.0030679504852741957,-28.056026458740234
13.0,991302.0,0.12090759724378586,0.0030679504852741957,-28.048398971557617
13.0,991314.0,0.12036961317062378,0.0030679504852741957,-28.036048889160156
13.0,991318.0,0.1202053353190422,0.0030679504852741957,-28.038476943969727
13.0,991322.0,0.12004517763853073,0.0030679504852741957,-28.0391845703125
13.0,991326.0,0.11983983218669891,0.0030679504852741957,-28.039806365966797
13.0,991330.0,0.11972484737634659,0.0030679504852741957,-28.044368743896484
13.0,991334.0,0.11957700550556183,0.0030679504852741957,-28.048643112182617
13.0,991338.0,0.11943326145410538,0.0030679504852741957,-28.055429458618164
13.0,991341.0,0.11933059245347977,0.0030679504852741957,-28.06463050842285
13.0,991345.0,0.11919917911291122,0.0030679504852741957,-28.07476043701172
13.0,991349.0,0.11906365305185318,0.0030679504852741957,-28.083147048950195
13.0,991353.0,0.11893634498119354,0.0030679504852741957,-28.091533660888672
13.0,991357.0,0.11881314218044281,0.0030679504852741957,-28.103240966796875
13.0,991360.0,0.11869404464960098,0.0030679504852741957,-28.11581802368164
13.0,991364.0,0.11859137564897537,0.0015339950332418084,-27.864791870117188
13.0,991369.0,0.11850102990865707,0.0015339950332418084,-27.891563415527344
13.0,991372.0,0.11841067671775818,0.0015339950332418084,-27.91731071472168
13.0,991377.0,0.11830800771713257,0.0015339950332418084,-27.938058853149414
13.0,991380.0,0.11822176724672318,0.0015339950332418084,-27.95398712158203
13.0,991384.0,0.11809856444597244,0.0015339950332418084,-27.965293884277344
13.0,991388.0,0.11797124892473221,0.0015339950332418084,-27.973825454711914
13.0,991391.0,0.1178726926445961,0.0015339950332418084,-27.98299789428711
13.0,991395.0,0.11774127185344696,0.0015339950332418084,-27.989625930786133
13.0,991400.0,0.11757700145244598,0.0015339950332418084,-28.000211715698242
13.0,991404.0,0.11741273105144501,9.934107758624577e-09,-27.747846603393555
13.0,991409.0,0.11726078391075134,9.934107758624577e-09,-27.75521469116211
13.0,991413.0,0.11708419024944305,9.934107758624577e-09,-27.753013610839844
13.0,991417.0,0.11688706278800964,0.0015339950332418084,-28.008607864379883
13.0,991420.0,0.11668172478675842,0.0015339950332418084,-27.99202537536621
13.0,991424.0,0.11653798818588257,0.0015339950332418084,-27.980012893676758
13.0,991428.0,0.11632854491472244,0.0015339950332418084,-27.961687088012695
13.0,991432.0,0.11611498892307281,0.0015339950332418084,-27.948339462280273
13.0,991435.0,0.11589732766151428,0.0015339950332418084,-27.929704666137695
13.0,991440.0,0.11567145586013794,0.0015339950332418084,-27.909029006958008
13.0,991443.0,0.11550308018922806,0.0030679504852741957,-28.154258728027344
13.0,991447.0,0.11528541892766953,0.0030679504852741957,-28.131685256958008
13.0,991450.0,0.1150800809264183,0.0030679504852741957,-28.118946075439453
13.0,991454.0,0.11493634432554245,0.0030679504852741957,-28.10826301574707
13.0,991458.0,0.11477207392454147,0.0030679504852741957,-28.10550308227539
13.0,991463.0,0.11458316445350647,0.0030679504852741957,-28.106319427490234
13.0,991468.0,0.11439836025238037,0.0030679504852741957,-28.108362197875977
13.0,991472.0,0.11426283419132233,0.0030679504852741957,-28.113861083984375
13.0,991476.0,0.11412320286035538,0.0030679504852741957,-28.11778450012207
13.0,991480.0,0.11399589478969574,0.0030679504852741957,-28.128435134887695
13.0,991484.0,0.11388500779867172,0.0030679504852741957,-28.138309478759766
13.0,991487.0,0.11378233879804611,0.0030679504852741957,-28.153257369995117
13.0,991491.0,0.11372073739767075,0.0015339950332418084,-27.91039276123047
13.0,991495.0,0.11363860219717026,0.0015339950332418084,-27.9300594329834
13.0,991498.0,0.11354825645685196,0.0015339950332418084,-27.95271873474121
13.0,991502.0,0.11347843706607819,0.0015339950332418084,-27.973190307617188
13.0,991506.0,0.11337576806545258,0.0015339950332418084,-27.990190505981445
13.0,991519.0,0.11304722726345062,9.934107758624577e-09,-27.77471351623535
13.0,991523.0,0.11294455826282501,9.934107758624577e-09,-27.795032501220703
13.0,991527.0,0.11282135546207428,9.934107758624577e-09,-27.80788230895996
13.0,991530.0,0.11267761886119843,9.934107758624577e-09,-27.81353187561035
13.0,991534.0,0.1125585213303566,9.934107758624577e-09,-27.813568115234375
13.0,991538.0,0.11238604038953781,9.934107758624577e-09,-27.809865951538086
13.0,991541.0,0.11219712346792221,9.934107758624577e-09,-27.800561904907227
13.0,991545.0,0.11204928159713745,9.934107758624577e-09,-27.78750991821289
13.0,991549.0,0.11178644746541977,0.0015339950332418084,-28.037582397460938
13.0,991553.0,0.11161807179450989,0.0015339950332418084,-28.011484146118164
13.0,991557.0,0.11139630526304245,0.0015339950332418084,-27.987611770629883
13.0,991560.0,0.11117453873157501,0.0015339950332418084,-27.970897674560547
13.0,991564.0,0.11101437360048294,0.0015339950332418084,-27.951059341430664
13.0,991568.0,0.11080493032932281,0.0030679504852741957,-28.201478958129883
13.0,991572.0,0.11059137433767319,0.0030679504852741957,-28.18160057067871
13.0,991576.0,0.11037371307611465,0.0030679504852741957,-28.156326293945312
13.0,991580.0,0.11017248779535294,0.0030679504852741957,-28.132951736450195
13.0,991583.0,0.10997946560382843,0.0030679504852741957,-28.12152671813965
13.0,991588.0,0.10980287194252014,0.0030679504852741957,-28.108888626098633
13.0,991593.0,0.10959342867136002,0.0030679504852741957,-28.10340118408203
13.0,991597.0,0.10944148153066635,0.0030679504852741957,-28.10207748413086
13.0,991600.0,0.10933059453964233,0.0030679504852741957,-28.103435516357422
13.0,991604.0,0.10919506847858429,0.0030679504852741957,-28.106061935424805
13.0,991608.0,0.10907186567783356,0.0030679504852741957,-28.113855361938477
13.0,991611.0,0.10898973047733307,0.0030679504852741957,-28.125341415405273
13.0,991615.0,0.10887885093688965,0.0030679504852741957,-28.133996963500977
13.0,991618.0,0.10877207666635513,0.0030679504852741957,-28.14600944519043
13.0,991622.0,0.10867351293563843,0.0030679504852741957,-28.160221099853516
13.0,991626.0,0.10859958827495575,0.0030679504852741957,-28.175235748291016
13.0,991630.0,0.10851745307445526,0.0030679504852741957,-28.18912696838379
13.0,991633.0,0.10844352841377258,0.0015339950332418084,-27.94582176208496
13.0,991637.0,0.10839014500379562,0.0015339950332418084,-27.972814559936523
13.0,991640.0,0.10831622034311295,0.0015339950332418084,-27.990711212158203
13.0,991644.0,0.10825872421264648,0.0015339950332418084,-28.014678955078125
13.0,991648.0,0.1081807017326355,0.0015339950332418084,-28.030038833618164
13.0,991653.0,0.10807802528142929,9.934107758624577e-09,-27.78775405883789
13.0,991658.0,0.10797125101089478,9.934107758624577e-09,-27.81730079650879
13.0,991662.0,0.10787268728017807,9.934107758624577e-09,-27.835641860961914
13.0,991665.0,0.10776180773973465,9.934107758624577e-09,-27.849267959594727
13.0,991671.0,0.10757289826869965,9.934107758624577e-09,-27.861419677734375
13.0,991675.0,0.1074414774775505,9.934107758624577e-09,-27.8673152923584
13.0,991680.0,0.10730184614658356,9.934107758624577e-09,-27.87027359008789
13.0,991683.0,0.1071540042757988,9.934107758624577e-09,-27.870399475097656
13.0,991688.0,0.10699794441461563,9.934107758624577e-09,-27.867767333984375
13.0,991692.0,0.10682956874370575,9.934107758624577e-09,-27.861188888549805
13.0,991695.0,0.10665297508239746,9.934107758624577e-09,-27.852127075195312
13.0,991699.0,0.10652566701173782,9.934107758624577e-09,-27.844654083251953
13.0,991703.0,0.10634907335042953,9.934107758624577e-09,-27.838525772094727
13.0,991707.0,0.10617248713970184,9.934107758624577e-09,-27.83013343811035
13.0,991710.0,0.1060328558087349,0.0015339950332418084,-28.08622169494629
13.0,991723.0,0.10546201467514038,0.0015339950332418084,-28.045570373535156
13.0,991727.0,0.10531006008386612,0.0015339950332418084,-28.042421340942383
13.0,991730.0,0.10516632348299026,0.0015339950332418084,-28.04145050048828
13.0,991734.0,0.10505133122205734,0.0015339950332418084,-28.035701751708984
13.0,991738.0,0.10489527881145477,0.0015339950332418084,-28.03010368347168
13.0,991742.0,0.1047351136803627,0.0015339950332418084,-28.025333404541016
13.0,991745.0,0.10458315908908844,0.0015339950332418084,-28.021377563476562
13.0,991749.0,0.10447227954864502,0.0015339950332418084,-28.01885223388672
13.0,991753.0,0.10432854294776917,0.0015339950332418084,-28.01833152770996
13.0,991756.0,0.10418480634689331,0.0015339950332418084,-28.01716423034668
13.0,991760.0,0.1040821373462677,0.0015339950332418084,-28.0186767578125
13.0,991764.0,0.10395071655511856,0.0015339950332418084,-28.020748138427734
13.0,991768.0,0.10382751375436783,0.0015339950332418084,-28.02606964111328
13.0,991771.0,0.10371663421392441,0.0015339950332418084,-28.035171508789062
13.0,991777.0,0.10358110815286636,0.0015339950332418084,-28.047027587890625
13.0,991780.0,0.10345790535211563,0.0015339950332418084,-28.065214157104492
13.0,991786.0,0.103330597281456,9.934107758624577e-09,-27.808504104614258
13.0,991790.0,0.10323203355073929,9.934107758624577e-09,-27.825618743896484
13.0,991794.0,0.1031540036201477,9.934107758624577e-09,-27.838016510009766
13.0,991798.0,0.10303080081939697,9.934107758624577e-09,-27.84726905822754
13.0,991802.0,0.10290349274873734,9.934107758624577e-09,-27.850934982299805
13.0,991805.0,0.10276386141777039,9.934107758624577e-09,-27.852922439575195
13.0,991809.0,0.10266119241714478,9.934107758624577e-09,-27.85614013671875
13.0,991813.0,0.10252156108617783,9.934107758624577e-09,-27.856515884399414
13.0,991817.0,0.10236550122499466,9.934107758624577e-09,-27.85306167602539
13.0,991820.0,0.10224229842424393,9.934107758624577e-09,-27.846771240234375
13.0,991824.0,0.10207392275333405,9.934107758624577e-09,-27.840824127197266
13.0,991828.0,0.10189732909202576,9.934107758624577e-09,-27.830856323242188
13.0,991831.0,0.10171252489089966,0.0015339950332418084,-28.08694839477539
13.0,991835.0,0.10157699882984161,0.0015339950332418084,-28.06892204284668
13.0,991839.0,0.1013839840888977,0.0015339950332418084,-28.050193786621094
13.0,991842.0,0.1011991798877716,0.0015339950332418084,-28.0372314453125
13.0,991847.0,0.10101437568664551,0.0015339950332418084,-28.020917892456055
13.0,991850.0,0.10087884962558746,0.0015339950332418084,-28.006484985351562
13.0,991854.0,0.10070636868476868,0.0015339950332418084,-27.998640060424805
13.0,991858.0,0.1005379855632782,0.0015339950332418084,-27.98891258239746
13.0,991861.0,0.10037371516227722,0.0015339950332418084,-27.98081398010254
13.0,991866.0,0.10020944476127625,0.0015339950332418084,-27.97295570373535
13.0,991869.0,0.10004106909036636,0.0015339950332418084,-27.964008331298828
13.0,991873.0,0.09991786628961563,0.0015339950332418084,-27.955291748046875
13.0,991877.0,0.09974948316812515,0.0015339950332418084,-27.948184967041016
13.0,991881.0,0.09958110749721527,0.0030679504852741957,-28.203989028930664
13.0,991884.0,0.09940451383590698,0.0030679504852741957,-28.191875457763672
13.0,991889.0,0.09922792762517929,0.0030679504852741957,-28.17576789855957
13.0,991893.0,0.09907186776399612,0.0030679504852741957,-28.1668643951416
13.0,991897.0,0.09892402589321136,0.0030679504852741957,-28.160926818847656
13.0,991902.0,0.09875565022230148,0.0030679504852741957,-28.159061431884766
13.0,991908.0,0.09857083857059479,0.0030679504852741957,-28.163570404052734
13.0,991912.0,0.09845995903015137,0.0030679504852741957,-28.1684627532959
13.0,991917.0,0.09832443296909332,0.0030679504852741957,-28.176706314086914
13.0,991929.0,0.09807802736759186,0.0015339950332418084,-27.9692325592041
13.0,991933.0,0.09800411015748978,0.0015339950332418084,-27.99041748046875
13.0,991938.0,0.09790965169668198,0.0015339950332418084,-28.01509666442871
13.0,991942.0,0.09782751649618149,0.0015339950332418084,-27.763418197631836
13.0,991946.0,0.097745381295681,9.934107758624577e-09,-27.78559112548828
13.0,991950.0,0.0976509228348732,9.934107758624577e-09,-27.800174713134766
13.0,991954.0,0.09753593057394028,9.934107758624577e-09,-27.8077392578125
13.0,991957.0,0.09740041196346283,9.934107758624577e-09,-27.810754776000977
13.0,991961.0,0.09728541970252991,9.934107758624577e-09,-27.808263778686523
13.0,991966.0,0.0970882922410965,9.934107758624577e-09,-27.801528930664062
13.0,991971.0,0.09687474370002747,9.934107758624577e-09,-27.792545318603516
13.0,991975.0,0.09668993949890137,0.0015339950332418084,-28.039579391479492
13.0,991979.0,0.09650103002786636,0.0015339950332418084,-28.025638580322266
13.0,991983.0,0.09631621837615967,0.0015339950332418084,-28.008052825927734
13.0,991987.0,0.09614373743534088,0.0015339950332418084,-27.995054244995117
13.0,991990.0,0.09598767757415771,0.0015339950332418084,-27.9877986907959
13.0,991994.0,0.09587269276380539,0.0015339950332418084,-27.980756759643555
13.0,991998.0,0.09570842236280441,0.0015339950332418084,-27.97359848022461
13.0,992001.0,0.09558932483196259,0.0015339950332418084,-27.965641021728516
13.0,992005.0,0.0954209417104721,0.0015339950332418084,-27.955242156982422
13.0,992009.0,0.09525256603956223,0.0015339950332418084,-27.947309494018555
13.0,992012.0,0.09508419036865234,0.0015339950332418084,-27.937484741210938
13.0,992016.0,0.09490759670734406,0.0030679504852741957,-28.193723678588867
13.0,992020.0,0.09477618336677551,0.0030679504852741957,-28.17721176147461
13.0,992024.0,0.09461191296577454,0.0030679504852741957,-28.163911819458008
13.0,992028.0,0.09445585310459137,0.0030679504852741957,-28.156909942626953
13.0,992031.0,0.09431622177362442,0.0030679504852741957,-28.152311325073242
13.0,992036.0,0.09418891370296478,0.0030679504852741957,-28.151832580566406
13.0,992040.0,0.09406571090221405,0.0030679504852741957,-28.152658462524414
13.0,992043.0,0.09397946298122406,0.0030679504852741957,-28.156084060668945
13.0,992047.0,0.09386037290096283,0.0030679504852741957,-28.15803337097168
13.0,992050.0,0.09374538064002991,0.0030679504852741957,-28.160415649414062
13.0,992054.0,0.09365914016962051,0.0015339950332418084,-27.895008087158203
13.0,992058.0,0.0935482531785965,0.0015339950332418084,-27.903072357177734
13.0,992061.0,0.0934620127081871,0.0015339950332418084,-27.911664962768555
13.0,992065.0,0.09334291517734528,0.0015339950332418084,-27.917213439941406
13.0,992069.0,0.09321560710668564,0.0015339950332418084,-27.919811248779297
13.0,992073.0,0.09307187050580978,0.0015339950332418084,-27.918977737426758
13.0,992077.0,0.09292813390493393,0.0015339950332418084,-27.917402267456055
13.0,992080.0,0.09281314164400101,0.0015339950332418084,-27.913175582885742
13.0,992084.0,0.09266119450330734,0.0015339950332418084,-27.909725189208984
13.0,992088.0,0.09250513464212418,0.0030679504852741957,-28.171226501464844
13.0,992092.0,0.09230800718069077,0.0030679504852741957,-28.156557083129883
13.0,992097.0,0.09216427057981491,0.0030679504852741957,-28.147825241088867
13.0,992101.0,0.09202874451875687,0.0030679504852741957,-28.145959854125977
13.0,992105.0,0.09190143644809723,0.0030679504852741957,-28.145597457885742
13.0,992110.0,0.09175769984722137,0.0030679504852741957,-28.148460388183594
13.0,992113.0,0.0916837751865387,0.0030679504852741957,-28.156526565551758
13.0,992117.0,0.09157700091600418,0.0015339950332418084,-27.901182174682617
13.0,992121.0,0.09151950478553772,0.0015339950332418084,-27.91656494140625
13.0,992133.0,0.09130595624446869,0.0015339950332418084,-27.98267936706543
13.0,992137.0,0.0912197157740593,0.0015339950332418084,-27.995473861694336
13.0,992141.0,0.0911293625831604,0.0015339950332418084,-28.00541877746582
13.0,992145.0,0.0910390168428421,0.0015339950332418084,-28.01956558227539
13.0,992149.0,0.09092402458190918,9.934107758624577e-09,-27.77046775817871
13.0,992154.0,0.09083778411149979,9.934107758624577e-09,-27.790475845336914
13.0,992160.0,0.09067761898040771,9.934107758624577e-09,-27.799612045288086
13.0,992164.0,0.09055852144956589,9.934107758624577e-09,-27.806148529052734
13.0,992168.0,0.09042299538850784,9.934107758624577e-09,-27.806581497192383
13.0,992172.0,0.09027515351772308,9.934107758624577e-09,-27.80158805847168
13.0,992176.0,0.09006981551647186,9.934107758624577e-09,-27.791358947753906
13.0,992180.0,0.08993839472532272,0.0015339950332418084,-28.04569435119629
13.0,992184.0,0.08975359052419662,0.0015339950332418084,-28.0296630859375
13.0,992188.0,0.08956878632307053,0.0015339950332418084,-28.009370803833008
13.0,992192.0,0.08939630538225174,0.0015339950332418084,-27.993762969970703
13.0,992195.0,0.08922792971134186,0.0015339950332418084,-27.980012893676758
13.0,992199.0,0.08910061419010162,0.0015339950332418084,-27.966690063476562
13.0,992202.0,0.08893634378910065,0.0015339950332418084,-27.957984924316406
13.0,992207.0,0.08877207338809967,0.0015339950332418084,-27.946691513061523
13.0,992210.0,0.08865297585725784,0.0015339950332418084,-27.937082290649414
13.0,992214.0,0.08849692344665527,0.0030679504852741957,-28.2001953125
13.0,992218.0,0.0883326455950737,0.0030679504852741957,-28.183658599853516
13.0,992221.0,0.08816426992416382,0.0030679504852741957,-28.16636085510254
13.0,992225.0,0.08800821006298065,0.0030679504852741957,-28.15364646911621
13.0,992229.0,0.0878644734621048,0.0030679504852741957,-28.145357131958008
13.0,992233.0,0.0877700224518776,0.0030679504852741957,-28.14366912841797
13.0,992237.0,0.08765092492103577,0.0030679504852741957,-28.143688201904297
13.0,992240.0,0.08756878972053528,0.0030679504852741957,-28.147668838500977
13.0,992244.0,0.08746612071990967,0.0030679504852741957,-28.154151916503906
13.0,992248.0,0.08736755698919296,0.0030679504852741957,-28.157495498657227
13.0,992252.0,0.08727309852838516,0.0030679504852741957,-28.164865493774414
13.0,992255.0,0.0872114971280098,0.0015339950332418084,-27.909210205078125
13.0,992259.0,0.08712936192750931,0.0015339950332418084,-27.925813674926758
13.0,992262.0,0.08704312145709991,0.0015339950332418084,-27.937854766845703
13.0,992267.0,0.08694866299629211,0.0015339950332418084,-27.949352264404297
13.0,992270.0,0.08687474578619003,0.0015339950332418084,-27.96038818359375
13.0,992274.0,0.08677618205547333,0.0015339950332418084,-27.96600341796875
13.0,992279.0,0.0866529792547226,0.0015339950332418084,-27.977203369140625
13.0,992284.0,0.08652566373348236,0.0015339950332418084,-27.98647117614746
13.0,992288.0,0.08642299473285675,0.0015339950332418084,-27.993289947509766
13.0,992291.0,0.08634085953235626,0.0015339950332418084,-27.997146606445312
13.0,992295.0,0.08622997999191284,0.0015339950332418084,-28.000810623168945
13.0,992299.0,0.08611909300088882,0.0015339950332418084,-28.005632400512695
13.0,992303.0,0.08601231873035431,0.0015339950332418084,-28.008438110351562
13.0,992307.0,0.0859055444598198,0.0015339950332418084,-28.012901306152344
13.0,992310.0,0.08583161979913712,0.0015339950332418084,-28.018489837646484
13.0,992314.0,0.0857289507985115,0.0015339950332418084,-28.023542404174805
13.0,992317.0,0.0856262817978859,0.0015339950332418084,-28.028676986694336
13.0,992321.0,0.08555236458778381,0.0015339950332418084,-28.034927368164062
13.0,992326.0,0.08543326705694199,9.934107758624577e-09,-27.776851654052734
13.0,992338.0,0.08511293679475784,9.934107758624577e-09,-27.80226707458496
13.0,992342.0,0.0849815160036087,9.934107758624577e-09,-27.80205726623535
13.0,992346.0,0.08484189212322235,9.934107758624577e-09,-27.799209594726562
13.0,992349.0,0.08468993753194809,9.934107758624577e-09,-27.792335510253906
13.0,992353.0,0.08456673473119736,0.0015339950332418084,-28.052736282348633
13.0,992357.0,0.08439014106988907,0.0015339950332418084,-28.02552032470703
13.0,992360.0,0.08420944213867188,0.0015339950332418084,-28.011131286621094
13.0,992364.0,0.08407392352819443,0.0015339950332418084,-27.990724563598633
13.0,992368.0,0.08390143513679504,0.0015339950332418084,-27.973657608032227
13.0,992372.0,0.08373716473579407,0.0015339950332418084,-27.964576721191406
13.0,992376.0,0.08357289433479309,0.0015339950332418084,-27.947723388671875
13.0,992380.0,0.08341272920370102,0.0030679504852741957,-28.204673767089844
13.0,992383.0,0.08328952640295029,0.0030679504852741957,-28.1873779296875
13.0,992387.0,0.08313757926225662,0.0030679504852741957,-28.173341751098633
13.0,992390.0,0.08300205320119858,0.0030679504852741957,-28.16814422607422
13.0,992394.0,0.08290759474039078,0.0030679504852741957,-28.164100646972656
13.0,992398.0,0.08278850466012955,0.0030679504852741957,-28.16149139404297
13.0,992402.0,0.08267351239919662,0.0030679504852741957,-28.161617279052734
13.0,992408.0,0.08250924199819565,0.0030679504852741957,-28.16105079650879
13.0,992412.0,0.08240246772766113,0.0030679504852741957,-28.162755966186523
13.0,992417.0,0.0822833701968193,0.0030679504852741957,-28.16995620727539
13.0,992422.0,0.0821765884757042,0.0030679504852741957,-28.178943634033203
13.0,992426.0,0.08210267126560211,0.0015339950332418084,-27.929798126220703
13.0,992430.0,0.08203696459531784,0.0015339950332418084,-27.944316864013672
13.0,992433.0,0.08196303993463516,0.0015339950332418084,-27.960357666015625
13.0,992437.0,0.08189733326435089,0.0015339950332418084,-27.97176170349121
13.0,992441.0,0.081806980073452,0.0015339950332418084,-27.97832489013672
13.0,992444.0,0.08170841634273529,0.0015339950332418084,-27.984981536865234
13.0,992449.0,0.08160985261201859,0.0015339950332418084,-27.991352081298828
13.0,992452.0,0.08150718361139297,0.0015339950332418084,-27.996091842651367
13.0,992457.0,0.08141273260116577,0.0015339950332418084,-28.003320693969727
13.0,992460.0,0.0813388079404831,0.0015339950332418084,-28.008899688720703
13.0,992464.0,0.08122381567955017,0.0015339950332418084,-28.01952362060547
13.0,992469.0,0.08113757520914078,0.0015339950332418084,-28.025920867919922
13.0,992474.0,0.08103080093860626,0.0015339950332418084,-28.03704071044922
13.0,992478.0,0.08094045519828796,0.0015339950332418084,-28.043901443481445
13.0,992482.0,0.08085010200738907,0.0015339950332418084,-28.050472259521484
13.0,992485.0,0.08074743300676346,0.0015339950332418084,-28.05275535583496
13.0,992490.0,0.08064476400613785,9.934107758624577e-09,-27.789539337158203
13.0,992493.0,0.08056262880563736,9.934107758624577e-09,-27.79485321044922
13.0,992497.0,0.08044763654470444,9.934107758624577e-09,-27.797672271728516
13.0,992500.0,0.08035318553447723,9.934107758624577e-09,-27.797258377075195
13.0,992504.0,0.080225870013237,9.934107758624577e-09,-27.797250747680664
13.0,992508.0,0.08008623868227005,0.0015339950332418084,-28.0566349029541
13.0,992511.0,0.0799425020813942,0.0015339950332418084,-28.04503631591797
13.0,992515.0,0.07984394580125809,0.0015339950332418084,-28.037805557250977
13.0,992519.0,0.07970841974020004,0.0015339950332418084,-28.029476165771484
13.0,992523.0,0.0795811116695404,0.0015339950332418084,-28.02406883239746
13.0,992527.0,0.07942505180835724,0.0015339950332418084,-28.020132064819336
13.0,992532.0,0.07931005954742432,0.0015339950332418084,-28.018980026245117
13.0,992535.0,0.0791991800069809,0.0015339950332418084,-28.019161224365234
13.0,992539.0,0.07908829301595688,0.0015339950332418084,-28.019290924072266
13.0,992543.0,0.07900205254554749,0.0015339950332418084,-28.018049240112305
13.0,992547.0,0.07888706028461456,0.0015339950332418084,-28.015451431274414
13.0,992550.0,0.07875975221395493,0.0015339950332418084,-28.011859893798828
13.0,992554.0,0.07866530120372772,0.0015339950332418084,-28.00676155090332
13.0,992558.0,0.07853388041257858,0.0015339950332418084,-28.002017974853516
13.0,992562.0,0.07840657234191895,0.0015339950332418084,-27.997196197509766
13.0,992565.0,0.07827926427125931,0.0015339950332418084,-27.992502212524414
13.0,992570.0,0.07815194875001907,0.0015339950332418084,-27.987932205200195
13.0,992573.0,0.07805338501930237,0.0015339950332418084,-27.98213768005371
13.0,992577.0,0.07792197167873383,0.0015339950332418084,-27.9778995513916
13.0,992580.0,0.07779055088758469,0.0015339950332418084,-27.97237777709961
13.0,992584.0,0.07768788188695908,0.0015339950332418084,-27.965696334838867
13.0,992589.0,0.0775195062160492,0.0030679504852741957,-28.22331428527832
13.0,992594.0,0.07735113054513931,0.0030679504852741957,-28.211122512817383
13.0,992598.0,0.07723203301429749,0.0030679504852741957,-28.20468521118164
13.0,992603.0,0.07709650695323944,0.0030679504852741957,-28.201234817504883
13.0,992608.0,0.07697740942239761,0.0030679504852741957,-28.203227996826172
13.0,992611.0,0.07688706368207932,0.0030679504852741957,-28.206323623657227
13.0,992624.0,0.07666119188070297,0.0015339950332418084,-27.97518539428711
13.0,992628.0,0.07657905668020248,0.0015339950332418084,-27.98536491394043
13.0,992632.0,0.07649281620979309,0.0015339950332418084,-27.993789672851562
13.0,992636.0,0.07639835774898529,0.0015339950332418084,-27.999204635620117
13.0,992640.0,0.07629979401826859,0.0015339950332418084,-28.003040313720703
13.0,992643.0,0.07622586935758591,0.0015339950332418084,-28.006696701049805
13.0,992647.0,0.07609856128692627,0.0015339950332418084,-28.008861541748047
13.0,992652.0,0.07599589228630066,0.0015339950332418084,-28.010881423950195
13.0,992657.0,0.07586858421564102,0.0015339950332418084,-28.015708923339844
13.0,992661.0,0.07577412575483322,0.0015339950332418084,-28.018722534179688
13.0,992665.0,0.07567556202411652,0.0015339950332418084,-28.0229434967041
13.0,992669.0,0.07558111101388931,0.0015339950332418084,-28.028257369995117
13.0,992675.0,0.07543737441301346,0.0015339950332418084,-28.030681610107422
13.0,992678.0,0.07533881068229675,0.0015339950332418084,-28.03241729736328
13.0,992682.0,0.07524024695158005,0.0015339950332418084,-28.034626007080078
13.0,992686.0,0.07514168322086334,0.0015339950332418084,-28.036714553833008
13.0,992690.0,0.07507187128067017,0.0015339950332418084,-28.041379928588867
13.0,992694.0,0.07498151808977127,0.0015339950332418084,-28.044057846069336
13.0,992698.0,0.07489938288927078,0.0015339950332418084,-28.051057815551758
13.0,992701.0,0.0748213529586792,0.0015339950332418084,-28.059120178222656
13.0,992705.0,0.07476385682821274,0.0015339950332418084,-28.066837310791016
13.0,992709.0,0.07468993961811066,0.0015339950332418084,-28.076919555664062
13.0,992713.0,0.07462423294782639,0.0015339950332418084,-28.085233688354492
13.0,992717.0,0.07456263154745102,9.934107758624577e-09,-27.831880569458008
13.0,992720.0,0.07451745122671127,9.934107758624577e-09,-27.849384307861328
13.0,992724.0,0.07444353401660919,9.934107758624577e-09,-27.858366012573242
13.0,992728.0,0.0743572860956192,9.934107758624577e-09,-27.86680030822754
13.0,992731.0,0.0742587298154831,9.934107758624577e-09,-27.870861053466797
13.0,992735.0,0.07415194809436798,9.934107758624577e-09,-27.87207794189453
13.0,992740.0,0.07404517382383347,9.934107758624577e-09,-27.873205184936523
13.0,992743.0,0.07396303862333298,9.934107758624577e-09,-27.8729190826416
13.0,992748.0,0.07381930202245712,9.934107758624577e-09,-27.871259689331055
13.0,992751.0,0.07372895628213882,9.934107758624577e-09,-27.866945266723633
13.0,992755.0,0.07360164076089859,9.934107758624577e-09,-27.86139488220215
13.0,992759.0,0.07346612215042114,9.934107758624577e-09,-27.85198974609375
13.0,992763.0,0.07331416755914688,0.0015339950332418084,-28.107162475585938
13.0,992767.0,0.07315400242805481,0.0015339950332418084,-28.08578109741211
13.0,992770.0,0.07303490489721298,0.0015339950332418084,-28.066469192504883
13.0,992774.0,0.07288706302642822,0.0015339950332418084,-28.050472259521484
13.0,992779.0,0.07271458208560944,0.0015339950332418084,-28.039033889770508
13.0,992784.0,0.07254619896411896,0.0015339950332418084,-28.02557945251465
13.0,992788.0,0.07241068035364151,0.0015339950332418084,-28.012653350830078
13.0,992793.0,0.07223819196224213,0.0015339950332418084,-27.997589111328125
13.0,992798.0,0.07205749303102493,0.0030679504852741957,-28.245710372924805
13.0,992802.0,0.07191375643014908,0.0030679504852741957,-28.229297637939453
13.0,992806.0,0.07179465889930725,0.0030679504852741957,-28.22145652770996
13.0,992810.0,0.07168377935886383,0.0030679504852741957,-28.217086791992188
13.0,992814.0,0.07158932089805603,0.0030679504852741957,-28.216325759887695
13.0,992817.0,0.07149486988782883,0.0030679504852741957,-28.215557098388672
13.0,992821.0,0.07142505049705505,0.0030679504852741957,-28.215330123901367
13.0,992833.0,0.07116221636533737,0.0030679504852741957,-28.22028350830078
13.0,992837.0,0.07106365263462067,0.0030679504852741957,-28.224594116210938
13.0,992841.0,0.07101026922464371,0.0030679504852741957,-27.962955474853516
13.0,992845.0,0.07095687836408615,0.0015339950332418084,-27.977462768554688
13.0,992849.0,0.0709076002240181,0.0015339950332418084,-27.99616050720215
13.0,992852.0,0.07085420936346054,0.0015339950332418084,-28.01280975341797
13.0,992856.0,0.07080081850290298,0.0015339950332418084,-28.0288143157959
13.0,992860.0,0.07075564563274384,0.0015339950332418084,-28.041521072387695
13.0,992864.0,0.07069404423236847,0.0015339950332418084,-28.05374526977539
13.0,992868.0,0.0706283375620842,0.0015339950332418084,-28.061603546142578
13.0,992872.0,0.07055851817131042,0.0015339950332418084,-28.07038688659668
13.0,992876.0,0.07048049569129944,0.0015339950332418084,-28.078569412231445
13.0,992880.0,0.07040657103061676,0.0015339950332418084,-28.082998275756836
13.0,992884.0,0.07033264636993408,0.0015339950332418084,-28.089588165283203
13.0,992887.0,0.07026693969964981,9.934107758624577e-09,-27.834686279296875
13.0,992891.0,0.07021766155958176,9.934107758624577e-09,-27.849191665649414
13.0,992895.0,0.07014373689889908,9.934107758624577e-09,-27.85910987854004
13.0,992899.0,0.0700657069683075,9.934107758624577e-09,-27.868614196777344
13.0,992904.0,0.06995893269777298,9.934107758624577e-09,-27.875083923339844
13.0,992910.0,0.06981930136680603,9.934107758624577e-09,-27.880937576293945
13.0,992913.0,0.06974537670612335,9.934107758624577e-09,-27.881481170654297
13.0,992917.0,0.06963449716567993,9.934107758624577e-09,-27.879289627075195
13.0,992922.0,0.06949076056480408,9.934107758624577e-09,-27.873598098754883
13.0,992926.0,0.06936345249414444,9.934107758624577e-09,-27.86623764038086
13.0,992930.0,0.0692361369729042,9.934107758624577e-09,-27.86119842529297
13.0,992933.0,0.06910061836242676,0.0015339950332418084,-28.11693572998047
13.0,992937.0,0.06899794936180115,0.0015339950332418084,-28.105104446411133
13.0,992940.0,0.06889528036117554,0.0015339950332418084,-28.09024429321289
13.0,992944.0,0.0687679648399353,0.0015339950332418084,-28.081756591796875
13.0,992948.0,0.06864476203918457,0.0015339950332418084,-28.071685791015625
13.0,992951.0,0.06855441629886627,0.0015339950332418084,-28.06328582763672
13.0,992955.0,0.06843942403793335,0.0015339950332418084,-28.05817222595215
13.0,992958.0,0.06835318356752396,0.0015339950332418084,-28.051528930664062
13.0,992962.0,0.06824640929698944,0.0015339950332418084,-28.049095153808594
13.0,992967.0,0.06812320649623871,0.0015339950332418084,-28.048046112060547
13.0,992971.0,0.06800821423530579,0.0015339950332418084,-28.049421310424805
13.0,992976.0,0.06792197376489639,0.0015339950332418084,-28.05229949951172
13.0,992980.0,0.0678316205739975,0.0015339950332418084,-28.053691864013672
13.0,992985.0,0.06772074103355408,0.0015339950332418084,-28.055984497070312
13.0,992989.0,0.06762217730283737,0.0015339950332418084,-28.054494857788086
13.0,992992.0,0.0675482526421547,0.0015339950332418084,-28.051671981811523
13.0,992996.0,0.06744147837162018,0.0015339950332418084,-28.048927307128906
13.0,993000.0,0.06733470410108566,0.0015339950332418084,-28.04524803161621
13.0,993003.0,0.06725667417049408,0.0015339950332418084,-28.041337966918945
13.0,993007.0,0.06715400516986847,0.0015339950332418084,-28.040212631225586
13.0,993011.0,0.06705544143915176,0.0015339950332418084,-28.03936767578125
13.0,993014.0,0.06696098297834396,0.0015339950332418084,-28.039575576782227
13.0,993018.0,0.06689527630805969,0.0015339950332418084,-28.041074752807617
13.0,993022.0,0.06680081784725189,0.0015339950332418084,-28.041147232055664
13.0,993034.0,0.0665297731757164,0.0015339950332418084,-28.045391082763672
13.0,993038.0,0.0664394274353981,0.0015339950332418084,-28.046537399291992
13.0,993042.0,0.0663449689745903,0.0015339950332418084,-28.046262741088867
13.0,993045.0,0.0662464052438736,0.0015339950332418084,-28.044618606567383
13.0,993049.0,0.06614784151315689,0.0015339950332418084,-28.0429744720459
13.0,993053.0,0.06607392430305481,0.0015339950332418084,-28.040023803710938
13.0,993057.0,0.06593839824199677,0.0015339950332418084,-28.035810470581055
13.0,993061.0,0.06585215777158737,0.0015339950332418084,-28.030723571777344
13.0,993065.0,0.06573306024074554,0.0015339950332418084,-28.01980972290039
13.0,993069.0,0.06560575217008591,0.0015339950332418084,-28.009521484375
13.0,993073.0,0.06547843664884567,0.0015339950332418084,-28.00235366821289
13.0,993077.0,0.06535112857818604,0.0015339950332418084,-27.989910125732422
13.0,993081.0,0.0652238205075264,0.0030679504852741957,-28.24749183654785
13.0,993085.0,0.06509239971637726,0.0030679504852741957,-28.232501983642578
13.0,993090.0,0.06495276838541031,0.0030679504852741957,-28.223371505737305
13.0,993094.0,0.06483367830514908,0.0030679504852741957,-28.2187442779541
13.0,993099.0,0.0647597536444664,0.0030679504852741957,-28.223575592041016
13.0,993103.0,0.06469815224409103,0.0030679504852741957,-28.22929573059082
13.0,993107.0,0.06464887410402298,0.0015339950332418084,-27.971803665161133
13.0,993110.0,0.06460780650377274,0.0015339950332418084,-27.991024017333984
13.0,993114.0,0.0645790547132492,0.0015339950332418084,-28.010833740234375
13.0,993118.0,0.06453388184309006,0.0015339950332418084,-28.022180557250977
13.0,993121.0,0.06450513005256653,0.0015339950332418084,-28.03944969177246
13.0,993125.0,0.06445995718240738,0.0015339950332418084,-28.054737091064453
13.0,993129.0,0.06441478431224823,0.0015339950332418084,-28.0661678314209
13.0,993132.0,0.06437371671199799,0.0015339950332418084,-28.0817928314209
13.0,993136.0,0.06434497237205505,9.934107758624577e-09,-27.829904556274414
13.0,993140.0,0.06430390477180481,9.934107758624577e-09,-27.845993041992188
13.0,993143.0,0.06427104771137238,9.934107758624577e-09,-27.864482879638672
13.0,993147.0,0.06421355158090591,9.934107758624577e-09,-27.87420654296875
13.0,993150.0,0.06411909312009811,9.934107758624577e-09,-27.883563995361328
13.0,993155.0,0.06400000303983688,9.934107758624577e-09,-27.884313583374023
13.0,993161.0,0.06389733403921127,9.934107758624577e-09,-27.882644653320312
13.0,993166.0,0.06374537944793701,9.934107758624577e-09,-27.87005043029785
13.0,993170.0,0.06361396610736847,9.934107758624577e-09,-27.861967086791992
13.0,993174.0,0.06344558298587799,9.934107758624577e-09,-27.847593307495117
13.0,993179.0,0.06331006437540054,0.0015339950332418084,-28.101634979248047
13.0,993182.0,0.0631786435842514,0.0015339950332418084,-28.086071014404297
13.0,993186.0,0.0630882978439331,0.0015339950332418084,-28.075050354003906
13.0,993190.0,0.06297330558300018,0.0015339950332418084,-28.06801986694336
13.0,993193.0,0.0628952756524086,0.0015339950332418084,-28.06294059753418
13.0,993197.0,0.06279260665178299,0.0015339950332418084,-28.058881759643555
13.0,993200.0,0.06268993765115738,0.0015339950332418084,-28.05405044555664
13.0,993204.0,0.0626160129904747,0.0015339950332418084,-28.05205535888672
13.0,993208.0,0.0625256672501564,0.0015339950332418084,-28.0509090423584
13.0,993212.0,0.06243942677974701,0.0015339950332418084,-28.051618576049805
13.0,993216.0,0.062361396849155426,0.0015339950332418084,-28.0554256439209
13.0,993220.0,0.06228336691856384,0.0015339950332418084,-28.05858612060547
13.0,993224.0,0.062201231718063354,0.0015339950332418084,-28.05984878540039
13.0,993228.0,0.062119096517562866,0.0015339950332418084,-28.061450958251953
13.0,993240.0,0.06184394285082817,0.0015339950332418084,-28.05573844909668
13.0,993244.0,0.061753593385219574,0.0015339950332418084,-28.05561637878418
13.0,993248.0,0.06166735291481018,0.0015339950332418084,-28.055891036987305
13.0,993251.0,0.06160164251923561,0.0015339950332418084,-28.056121826171875
13.0,993255.0,0.06151540204882622,0.0015339950332418084,-28.055908203125
13.0,993259.0,0.061429157853126526,0.0015339950332418084,-28.056047439575195
13.0,993262.0,0.061363451182842255,0.0015339950332418084,-28.05481719970703
13.0,993266.0,0.061268992722034454,0.0015339950332418084,-28.052265167236328
13.0,993270.0,0.06117043271660805,0.0015339950332418084,-28.04939079284668
13.0,993273.0,0.061092402786016464,0.0015339950332418084,-28.044301986694336
13.0,993277.0,0.060989733785390854,0.0015339950332418084,-28.037151336669922
13.0,993282.0,0.06085420772433281,0.0015339950332418084,-28.031917572021484
13.0,993287.0,0.06072279438376427,0.0015339950332418084,-28.02524185180664
13.0,993290.0,0.06061191111803055,0.0015339950332418084,-28.01820945739746
13.0,993294.0,0.06052977591753006,0.0015339950332418084,-28.011390686035156
13.0,993298.0,0.06041478365659714,0.0015339950332418084,-28.00539779663086
13.0,993302.0,0.06029568612575531,0.0015339950332418084,-27.99628257751465
13.0,993306.0,0.06016837805509567,0.0015339950332418084,-27.98478126525879
13.0,993310.0,0.06003696098923683,0.0015339950332418084,-27.972318649291992
13.0,993313.0,0.05993018299341202,0.0030679504852741957,-28.222997665405273
13.0,993317.0,0.05979055538773537,0.0030679504852741957,-28.201486587524414
13.0,993320.0,0.059659138321876526,0.0030679504852741957,-28.19022560119629
13.0,993324.0,0.05956878885626793,0.0030679504852741957,-28.177888870239258
13.0,993328.0,0.059462010860443115,0.0030679504852741957,-28.171300888061523
13.0,993332.0,0.05936755612492561,0.0030679504852741957,-28.167591094970703
13.0,993336.0,0.05927720665931702,0.0030679504852741957,-28.166656494140625
13.0,993339.0,0.05919918045401573,0.0030679504852741957,-28.168291091918945
13.0,993343.0,0.05914989858865738,0.0030679504852741957,-28.172563552856445
13.0,993347.0,0.05908829718828201,0.0030679504852741957,-28.179393768310547
13.0,993350.0,0.05904722958803177,0.0030679504852741957,-28.18863868713379
13.0,993354.0,0.058997947722673416,0.0030679504852741957,-28.19632911682129
13.0,993358.0,0.05895688012242317,0.0030679504852741957,-28.20892333984375
13.0,993361.0,0.05892813205718994,0.0015339950332418084,-27.955472946166992
13.0,993365.0,0.05889938399195671,0.0015339950332418084,-27.978408813476562
13.0,993369.0,0.05887063592672348,0.0015339950332418084,-27.996437072753906
13.0,993373.0,0.058829568326473236,0.0015339950332418084,-28.009174346923828
13.0,993377.0,0.05878850072622299,0.0015339950332418084,-28.024702072143555
13.0,993380.0,0.058755647391080856,0.0015339950332418084,-28.03830909729004
13.0,993384.0,0.05871047079563141,0.0015339950332418084,-28.048507690429688
13.0,993387.0,0.05866529792547226,0.0015339950332418084,-28.061203002929688
13.0,993391.0,0.05862833559513092,0.0015339950332418084,-28.072080612182617
13.0,993395.0,0.05858316272497177,0.0015339950332418084,-28.08131980895996
13.0,993398.0,0.05854620039463043,9.934107758624577e-09,-27.827537536621094
13.0,993403.0,0.05848049372434616,9.934107758624577e-09,-27.841766357421875
13.0,993408.0,0.05837782472372055,9.934107758624577e-09,-27.85474967956543
13.0,993412.0,0.05831211432814598,9.934107758624577e-09,-27.855850219726562
13.0,993416.0,0.05818891152739525,9.934107758624577e-09,-27.854219436645508
13.0,993420.0,0.058110881596803665,9.934107758624577e-09,-27.851259231567383
13.0,993424.0,0.057999998331069946,9.934107758624577e-09,-27.84606170654297
13.0,993427.0,0.05788500979542732,9.934107758624577e-09,-27.83930778503418
13.0,993440.0,0.057523615658283234,0.0015339950332418084,-28.064687728881836
13.0,993444.0,0.05740862339735031,0.0015339950332418084,-28.056283950805664
13.0,993447.0,0.057301849126815796,0.0015339950332418084,-28.048091888427734
13.0,993451.0,0.05719507113099098,0.0015339950332418084,-28.040145874023438
13.0,993455.0,0.05712525546550751,0.0015339950332418084,-28.036468505859375
13.0,993459.0,0.05703490599989891,0.0015339950332418084,-28.03556251525879
13.0,993462.0,0.05694866552948952,0.0015339950332418084,-28.034555435180664
13.0,993467.0,0.05687474459409714,0.0015339950332418084,-28.03908348083496
13.0,993472.0,0.056788500398397446,0.0015339950332418084,-28.043333053588867
13.0,993476.0,0.056714579463005066,0.0015339950332418084,-28.047401428222656
13.0,993479.0,0.056640658527612686,0.0015339950332418084,-28.048643112182617
13.0,993483.0,0.05657905712723732,0.0015339950332418084,-28.04843521118164
13.0,993487.0,0.05649281293153763,0.0015339950332418084,-28.046918869018555
13.0,993490.0,0.05642299726605415,0.0015339950332418084,-28.044055938720703
13.0,993494.0,0.05632443353533745,0.0015339950332418084,-28.0372314453125
13.0,993497.0,0.05622176453471184,0.0015339950332418084,-28.031909942626953
13.0,993501.0,0.05614373832941055,0.0015339950332418084,-28.024106979370117
13.0,993505.0,0.056032855063676834,0.0015339950332418084,-28.016572952270508
13.0,993509.0,0.05592607706785202,0.0015339950332418084,-28.009288787841797
13.0,993513.0,0.055819302797317505,0.0015339950332418084,-28.0033016204834
13.0,993517.0,0.055708419531583786,0.0015339950332418084,-27.995079040527344
13.0,993520.0,0.0556262843310833,0.0030679504852741957,-28.251157760620117
13.0,993523.0,0.05550718680024147,0.0030679504852741957,-28.23990821838379
13.0,993527.0,0.05540451779961586,0.0030679504852741957,-28.229385375976562
13.0,993531.0,0.055334702134132385,0.0030679504852741957,-28.22406005859375
13.0,993534.0,0.05527310073375702,0.0030679504852741957,-28.22074317932129
13.0,993538.0,0.05519917979836464,0.0030679504852741957,-28.220197677612305
13.0,993542.0,0.05512525513768196,0.0030679504852741957,-28.22099494934082
13.0,993546.0,0.055063653737306595,0.0030679504852741957,-28.225765228271484
13.0,993550.0,0.05501026660203934,0.0030679504852741957,-28.22988510131836
13.0,993553.0,0.054973304271698,0.0030679504852741957,-28.236963272094727
13.0,993557.0,0.05492813140153885,0.0015339950332418084,-27.97802734375
13.0,993560.0,0.05489938333630562,0.0015339950332418084,-27.993154525756836
13.0,993564.0,0.054841890931129456,0.0015339950332418084,-27.999422073364258
13.0,993568.0,0.054776180535554886,0.0015339950332418084,-28.005664825439453
13.0,993571.0,0.054718684405088425,0.0015339950332418084,-28.00629997253418
13.0,993575.0,0.05462422966957092,0.0015339950332418084,-28.00407600402832
13.0,993578.0,0.05452566593885422,0.0015339950332418084,-27.999391555786133
13.0,993582.0,0.0544147826731205,0.0015339950332418084,-27.990833282470703
13.0,993586.0,0.054328542202711105,0.0015339950332418084,-27.979843139648438
13.0,993590.0,0.05418069660663605,0.0030679504852741957,-28.2359561920166
13.0,993595.0,0.05403285473585129,0.0030679504852741957,-28.216096878051758
13.0,993599.0,0.053938400000333786,0.0030679504852741957,-28.208566665649414
13.0,993603.0,0.053872689604759216,0.0030679504852741957,-28.20395278930664
13.0,993607.0,0.05379055440425873,0.0030679504852741957,-28.2008113861084
13.0,993610.0,0.05371663346886635,0.0030679504852741957,-28.201202392578125
13.0,993614.0,0.05365913733839989,0.0030679504852741957,-28.2007999420166
13.0,993618.0,0.05359753593802452,0.0030679504852741957,-28.20384407043457
13.0,993621.0,0.05355236306786537,0.0030679504852741957,-28.208654403686523
13.0,993624.0,0.053507186472415924,0.0030679504852741957,-28.21549415588379
13.0,993638.0,0.053425051271915436,0.0015339950332418084,-28.006546020507812
13.0,993642.0,0.053404517471790314,0.0015339950332418084,-28.021406173706055
13.0,993645.0,0.0533880889415741,0.0015339950332418084,-28.0410213470459
13.0,993649.0,0.053367555141448975,0.0015339950332418084,-28.05855941772461
13.0,993652.0,0.05333881080150604,0.0015339950332418084,-28.075464248657227
13.0,993659.0,0.05330595374107361,0.0015339950332418084,-28.100963592529297
13.0,993663.0,0.053285419940948486,9.934107758624577e-09,-27.849166870117188
13.0,993667.0,0.05326899513602257,9.934107758624577e-09,-27.87257957458496
13.0,993670.0,0.05324024707078934,9.934107758624577e-09,-27.89924430847168
13.0,993677.0,0.05321149900555611,9.934107758624577e-09,-27.916757583618164
13.0,993680.0,0.05317043140530586,9.934107758624577e-09,-27.929580688476562
13.0,993684.0,0.05313346907496452,9.934107758624577e-09,-27.939260482788086
13.0,993688.0,0.05308418720960617,9.934107758624577e-09,-27.946271896362305
13.0,993691.0,0.05302669480443001,9.934107758624577e-09,-27.95261573791504
13.0,993695.0,0.052977412939071655,9.934107758624577e-09,-27.956037521362305
13.0,993699.0,0.05288706347346306,9.934107758624577e-09,-27.95661163330078
13.0,993703.0,0.05282546207308769,9.934107758624577e-09,-27.95501136779785
13.0,993707.0,0.052735112607479095,9.934107758624577e-09,-27.95023536682129
13.0,993710.0,0.05265708267688751,9.934107758624577e-09,-27.94159698486328
13.0,993714.0,0.0525544136762619,9.934107758624577e-09,-27.934968948364258
13.0,993718.0,0.05244353041052818,9.934107758624577e-09,-27.924144744873047
13.0,993721.0,0.052361395210027695,9.934107758624577e-09,-27.913677215576172
13.0,993725.0,0.05224640667438507,9.934107758624577e-09,-27.903573989868164
13.0,993728.0,0.05213962867856026,9.934107758624577e-09,-27.896530151367188
13.0,993732.0,0.05202874913811684,0.0015339950332418084,-28.1554012298584
13.0,993736.0,0.05193839967250824,0.0015339950332418084,-28.137407302856445
13.0,993739.0,0.05184805020689964,0.0015339950332418084,-28.123991012573242
13.0,993743.0,0.051737166941165924,0.0015339950332418084,-28.11361312866211
13.0,993747.0,0.05163038894534111,0.0015339950332418084,-28.101093292236328
13.0,993750.0,0.05155646800994873,0.0015339950332418084,-28.091663360595703
13.0,993754.0,0.05146201327443123,0.0015339950332418084,-28.08523178100586
13.0,993758.0,0.05137576907873154,0.0015339950332418084,-28.081201553344727
13.0,993761.0,0.05131416767835617,0.0015339950332418084,-28.079118728637695
13.0,993765.0,0.05124024674296379,0.0015339950332418084,-28.077917098999023
13.0,993769.0,0.051170431077480316,0.0015339950332418084,-28.078563690185547
13.0,993772.0,0.05111704394221306,0.0015339950332418084,-28.079174041748047
13.0,993777.0,0.05103079974651337,0.0015339950332418084,-28.080190658569336
13.0,993782.0,0.05093223974108696,0.0015339950332418084,-28.082439422607422
13.0,993786.0,0.05086652934551239,0.0015339950332418084,-28.084136962890625
13.0,993790.0,0.05081724748015404,0.0015339950332418084,-28.08574867248535
13.0,993794.0,0.050751540809869766,0.0015339950332418084,-28.08690071105957
13.0,993798.0,0.0506858304142952,0.0015339950332418084,-28.08837127685547
13.0,993801.0,0.05062422901391983,0.0015339950332418084,-28.091079711914062
13.0,993805.0,0.05057494714856148,0.0015339950332418084,-28.092350006103516
13.0,993809.0,0.050509240478277206,0.0015339950332418084,-28.093547821044922
13.0,993813.0,0.05044353008270264,0.0015339950332418084,-28.09603500366211
13.0,993817.0,0.05038192868232727,0.0015339950332418084,-28.096805572509766
13.0,993820.0,0.05033675581216812,0.0015339950332418084,-28.09910774230957
13.0,993824.0,0.050275154411792755,0.0015339950332418084,-28.10110855102539
13.0,993828.0,0.050217658281326294,0.0015339950332418084,-28.104572296142578
13.0,993840.0,0.050041068345308304,0.0015339950332418084,-28.112791061401367
13.0,993844.0,0.04997946694493294,0.0015339950332418084,-28.114418029785156
13.0,993848.0,0.04991786554455757,0.0015339950332418084,-28.115964889526367
13.0,993851.0,0.04986858367919922,0.0015339950332418084,-28.11608123779297
13.0,993855.0,0.04980698227882385,0.0015339950332418084,-28.11885643005371
13.0,993859.0,0.04974948614835739,0.0015339950332418084,-28.12017250061035
13.0,993863.0,0.049687884747982025,0.0015339950332418084,-28.1214542388916
13.0,993867.0,0.049630388617515564,0.0015339950332418084,-28.12396812438965
13.0,993870.0,0.04958932101726532,0.0015339950332418084,-28.126373291015625
13.0,993874.0,0.04953182861208916,0.0015339950332418084,-28.128780364990234
13.0,993878.0,0.049482546746730804,0.0015339950332418084,-28.133651733398438
13.0,993881.0,0.04943326488137245,0.0015339950332418084,-28.13833236694336
13.0,993886.0,0.0493880920112133,0.0015339950332418084,-28.144168853759766
13.0,993889.0,0.049351129680871964,0.0015339950332418084,-28.148435592651367
13.0,993893.0,0.04930184781551361,0.0015339950332418084,-28.15253257751465
13.0,993897.0,0.04925667494535446,9.934107758624577e-09,-27.890872955322266
13.0,993902.0,0.04918685927987099,9.934107758624577e-09,-27.897916793823242
13.0,993907.0,0.04908829554915428,9.934107758624577e-09,-27.895959854125977
13.0,993913.0,0.04892813041806221,0.0015339950332418084,-28.147598266601562
13.0,993917.0,0.04880082234740257,0.0015339950332418084,-28.120603561401367
13.0,993921.0,0.04867761954665184,0.0015339950332418084,-28.10683250427246
13.0,993925.0,0.04855441302061081,0.0015339950332418084,-28.088138580322266
13.0,993929.0,0.048439424484968185,0.0015339950332418084,-28.072778701782227
13.0,993933.0,0.04832854121923447,0.0015339950332418084,-28.059261322021484
13.0,993937.0,0.04821765795350075,0.0030679504852741957,-28.311630249023438
13.0,993940.0,0.048102669417858124,0.0030679504852741957,-28.291780471801758
13.0,993948.0,0.047934290021657944,0.0030679504852741957,-28.273927688598633
13.0,993952.0,0.047889117151498795,0.0030679504852741957,-28.27412223815918
13.0,993957.0,0.04783162102103233,0.0030679504852741957,-28.27829933166504
13.0,993961.0,0.0477987676858902,0.0030679504852741957,-28.28961753845215
13.0,993966.0,0.047778233885765076,0.0015339950332418084,-28.03862190246582
13.0,993970.0,0.04777412861585617,0.0015339950332418084,-28.066776275634766
13.0,993976.0,0.04776591435074806,0.0015339950332418084,-28.092275619506836
13.0,993981.0,0.04775359481573105,0.0015339950332418084,-28.10997772216797
13.0,993985.0,0.04774127155542374,0.0015339950332418084,-28.130826950073242
13.0,993990.0,0.04772484675049782,0.0015339950332418084,-28.147075653076172
13.0,993994.0,0.04771663248538971,0.0015339950332418084,-28.1640682220459
13.0,993999.0,0.0477084182202816,9.934107758624577e-09,-27.916675567626953
13.0,994002.0,0.047704312950372696,9.934107758624577e-09,-27.939678192138672
13.0,994007.0,0.04769199341535568,9.934107758624577e-09,-27.959125518798828
13.0,994010.0,0.047675564885139465,9.934107758624577e-09,-27.973844528198242
13.0,994014.0,0.04764271154999733,9.934107758624577e-09,-27.982505798339844
13.0,994018.0,0.047601643949747086,9.934107758624577e-09,-27.990970611572266
13.0,994021.0,0.04756878688931465,9.934107758624577e-09,-27.997787475585938
13.0,994025.0,0.04750308021903038,9.934107758624577e-09,-28.00165557861328
13.0,994030.0,0.04744558408856392,9.934107758624577e-09,-28.00401496887207
13.0,994033.0,0.04737987741827965,9.934107758624577e-09,-28.00362205505371
13.0,994037.0,0.047301847487688065,9.934107758624577e-09,-27.999187469482422
13.0,994042.0,0.04721560701727867,9.934107758624577e-09,-27.992233276367188
13.0,994045.0,0.0471457913517952,9.934107758624577e-09,-27.982824325561523
13.0,994050.0,0.04702669382095337,9.934107758624577e-09,-27.973718643188477
13.0,994053.0,0.04695277288556099,9.934107758624577e-09,-27.963594436645508
13.0,994058.0,0.04683367535471916,0.0015339950332418084,-28.220542907714844
13.0,994061.0,0.04676385968923569,0.0015339950332418084,-28.207786560058594
13.0,994065.0,0.0466858334839344,0.0015339950332418084,-28.202180862426758
13.0,994069.0,0.046632442623376846,0.0015339950332418084,-28.202104568481445
13.0,994073.0,0.046595484018325806,0.0015339950332418084,-28.207077026367188
13.0,994077.0,0.046574950218200684,0.0015339950332418084,-28.217504501342773
13.0,994080.0,0.046566735953092575,0.0015339950332418084,-27.96310806274414
13.0,994084.0,0.046566735953092575,9.934107758624577e-09,-27.979873657226562
13.0,994087.0,0.04656262695789337,9.934107758624577e-09,-28.000173568725586
13.0,994092.0,0.04655030742287636,9.934107758624577e-09,-28.020832061767578
13.0,994096.0,0.046537987887859344,9.934107758624577e-09,-28.036930084228516
13.0,994100.0,0.04652155935764313,9.934107758624577e-09,-28.047611236572266
13.0,994103.0,0.04650513455271721,9.934107758624577e-09,-28.061389923095703
13.0,994107.0,0.0464969202876091,9.934107758624577e-09,-28.075992584228516
13.0,994111.0,0.04648049175739288,9.934107758624577e-09,-28.085588455200195
13.0,994114.0,0.046472277492284775,-0.0015339752426370978,-27.830869674682617
13.0,994118.0,0.04645995795726776,-0.0015339752426370978,-27.85014533996582
13.0,994122.0,0.046435318887233734,-0.0015339752426370978,-27.860414505004883
13.0,994125.0,0.046398356556892395,-0.0015339752426370978,-27.87054443359375
13.0,994129.0,0.04635728895664215,-0.0015339752426370978,-27.874940872192383
13.0,994133.0,0.046287473291158676,-0.0015339752426370978,-27.872411727905273
13.0,994137.0,0.04620533809065819,-0.0015339752426370978,-27.867328643798828
13.0,994140.0,0.04613141715526581,-0.0015339752426370978,-27.857067108154297
13.0,994144.0,0.04602053388953209,9.934107758624577e-09,-28.114009857177734
13.0,994158.0,0.045626282691955566,9.934107758624577e-09,-28.04667854309082
13.0,994162.0,0.04552771896123886,9.934107758624577e-09,-28.033464431762695
13.0,994166.0,0.045429158955812454,9.934107758624577e-09,-28.0162296295166
13.0,994170.0,0.04532238095998764,9.934107758624577e-09,-28.005722045898438
13.0,994173.0,0.04523614048957825,0.0015339950332418084,-28.25245475769043
13.0,994177.0,0.045121148228645325,0.0015339950332418084,-28.235553741455078
13.0,994180.0,0.045039013028144836,0.0015339950332418084,-28.21640968322754
13.0,994183.0,0.04494045302271843,0.0015339950332418084,-28.204504013061523
13.0,994188.0,0.04485831782221794,0.0015339950332418084,-28.19447898864746
13.0,994191.0,0.04478028789162636,0.0015339950332418084,-28.18613052368164
13.0,994195.0,0.044731006026268005,0.0015339950332418084,-28.18207550048828
13.0,994199.0,0.04466940462589264,0.0015339950332418084,-28.179485321044922
13.0,994203.0,0.04460780322551727,0.0015339950332418084,-28.177921295166016
13.0,994207.0,0.04454620182514191,0.0015339950332418084,-28.175460815429688
13.0,994210.0,0.04450102522969246,0.0015339950332418084,-28.17308235168457
13.0,994213.0,0.04443121328949928,0.0015339950332418084,-28.168981552124023
13.0,994218.0,0.04436550289392471,0.0015339950332418084,-28.165470123291016
13.0,994221.0,0.044312115758657455,0.0015339950332418084,-28.159395217895508
13.0,994225.0,0.044238194823265076,0.0015339950332418084,-28.155643463134766
13.0,994228.0,0.0441683791577816,0.0015339950332418084,-28.15123748779297
13.0,994232.0,0.044114988297224045,0.0015339950332418084,-28.145627975463867
13.0,994236.0,0.04404517635703087,0.0015339950332418084,-28.14287757873535
13.0,994239.0,0.04399999976158142,0.0015339950332418084,-28.142208099365234
13.0,994243.0,0.043938398361206055,0.0015339950332418084,-28.141563415527344
13.0,994247.0,0.0438850112259388,0.0015339950332418084,-28.142942428588867
13.0,994250.0,0.04384394362568855,0.0015339950332418084,-28.14425277709961
13.0,994254.0,0.043790552765131,0.0015339950332418084,-28.144845962524414
13.0,994258.0,0.04374127462506294,0.0015339950332418084,-28.147380828857422
13.0,994261.0,0.0437002070248127,0.0015339950332418084,-28.147117614746094
13.0,994264.0,0.04364271089434624,0.0015339950332418084,-28.14759635925293
13.0,994268.0,0.04357700049877167,0.0015339950332418084,-28.144634246826172
13.0,994272.0,0.04352361336350441,0.0015339950332418084,-28.14042091369629
13.0,994277.0,0.04343326389789581,0.0015339950332418084,-28.13434600830078
13.0,994281.0,0.04335934296250343,0.0030679504852741957,-28.392578125
13.0,994287.0,0.043248459696769714,0.0030679504852741957,-28.38170051574707
13.0,994290.0,0.04320739209651947,0.0030679504852741957,-28.377891540527344
13.0,994295.0,0.04315811023116112,0.0030679504852741957,-28.38165283203125
13.0,994299.0,0.0431416854262352,0.0015339950332418084,-28.12447738647461
13.0,994302.0,0.04313347116112709,0.0015339950332418084,-28.137582778930664
13.0,994307.0,0.04312525689601898,0.0015339950332418084,-28.153589248657227
13.0,994310.0,0.04311704263091087,0.0015339950332418084,-28.16767692565918
13.0,994314.0,0.04310472309589386,0.0015339950332418084,-28.178253173828125
13.0,994317.0,0.04308829456567764,0.0015339950332418084,-28.190101623535156
13.0,994321.0,0.04307597503066063,0.0015339950332418084,-28.202871322631836
13.0,994325.0,0.043063655495643616,0.0015339950332418084,-28.215171813964844
13.0,994329.0,0.04305544123053551,0.0015339950332418084,-28.224435806274414
13.0,994332.0,0.0430513359606266,0.0015339950332418084,-28.237268447875977
13.0,994336.0,0.0430472269654274,9.934107758624577e-09,-27.985565185546875
13.0,994339.0,0.043043121695518494,9.934107758624577e-09,-28.000995635986328
13.0,994343.0,0.04303080216050148,9.934107758624577e-09,-28.01688575744629
13.0,994356.0,0.04294455796480179,9.934107758624577e-09,-28.04994010925293
13.0,994360.0,0.04291580989956856,9.934107758624577e-09,-28.055986404418945
13.0,994364.0,0.042874742299318314,9.934107758624577e-09,-28.058687210083008
13.0,994368.0,0.04283367469906807,9.934107758624577e-09,-28.063037872314453
13.0,994371.0,0.04279671609401703,9.934107758624577e-09,-28.064556121826172
13.0,994375.0,0.042747434228658676,9.934107758624577e-09,-28.06565284729004
13.0,994379.0,0.042689938098192215,9.934107758624577e-09,-28.06439208984375
13.0,994383.0,0.04262012243270874,9.934107758624577e-09,-28.05911636352539
13.0,994387.0,0.042550306767225266,9.934107758624577e-09,-28.05404281616211
13.0,994390.0,0.04246817156672478,9.934107758624577e-09,-28.04511833190918
13.0,994394.0,0.042410679161548615,9.934107758624577e-09,-28.037839889526367
13.0,994398.0,0.04232854023575783,9.934107758624577e-09,-28.030811309814453
13.0,994402.0,0.04225461930036545,9.934107758624577e-09,-28.026029586791992
13.0,994407.0,0.042160164564847946,9.934107758624577e-09,-28.01694107055664
13.0,994413.0,0.04206160083413124,9.934107758624577e-09,-28.015165328979492
13.0,994417.0,0.04200410842895508,9.934107758624577e-09,-28.015539169311523
13.0,994420.0,0.04195071756839752,9.934107758624577e-09,-28.01721954345703
13.0,994424.0,0.04190964996814728,9.934107758624577e-09,-28.01881980895996
13.0,994429.0,0.04185626283288002,9.934107758624577e-09,-28.024999618530273
13.0,994433.0,0.04181108996272087,9.934107758624577e-09,-28.02892303466797
13.0,994437.0,0.04176591336727142,9.934107758624577e-09,-28.032102584838867
13.0,994440.0,0.041728951036930084,9.934107758624577e-09,-28.035751342773438
13.0,994444.0,0.04167967289686203,9.934107758624577e-09,-28.036046981811523
13.0,994447.0,0.04162217676639557,9.934107758624577e-09,-28.035505294799805
13.0,994451.0,0.0415605753660202,9.934107758624577e-09,-28.03360939025879
13.0,994455.0,0.041507188230752945,9.934107758624577e-09,-28.029895782470703
13.0,994459.0,0.04143326357007027,0.0015339950332418084,-28.289566040039062
13.0,994462.0,0.041375771164894104,0.0015339950332418084,-28.27813148498535
13.0,994468.0,0.04128542169928551,0.0015339950332418084,-28.270402908325195
13.0,994472.0,0.041236139833927155,0.0015339950332418084,-28.27101707458496
13.0,994477.0,0.04121150076389313,0.0015339950332418084,-28.276287078857422
13.0,994480.0,0.041199177503585815,0.0015339950332418084,-28.284027099609375
13.0,994484.0,0.0411868579685688,9.934107758624577e-09,-28.030277252197266
13.0,994488.0,0.0411868579685688,9.934107758624577e-09,-28.048585891723633
13.0,994492.0,0.04117453843355179,9.934107758624577e-09,-28.057844161987305
13.0,994495.0,0.041162218898534775,9.934107758624577e-09,-28.069787979125977
13.0,994499.0,0.04114168509840965,9.934107758624577e-09,-28.079944610595703
13.0,994502.0,0.04112115129828453,9.934107758624577e-09,-28.086971282958984
13.0,994507.0,0.04110061749815941,9.934107758624577e-09,-28.096494674682617
13.0,994510.0,0.0410882942378521,9.934107758624577e-09,-28.10700798034668
13.0,994514.0,0.041067760437726974,9.934107758624577e-09,-28.115816116333008
13.0,994518.0,0.041051335632801056,9.934107758624577e-09,-28.123201370239258
13.0,994521.0,0.04103490710258484,9.934107758624577e-09,-28.132736206054688
13.0,994525.0,0.04102669283747673,-0.0015339752426370978,-27.874101638793945
13.0,994529.0,0.04101437330245972,-0.0015339752426370978,-27.890308380126953
13.0,994532.0,0.0410020537674427,-0.0015339752426370978,-27.904550552368164
13.0,994536.0,0.04097741097211838,-0.0015339752426370978,-27.914270401000977
13.0,994539.0,0.04094045236706734,-0.0015339752426370978,-27.918956756591797
13.0,994543.0,0.0409075990319252,-0.0015339752426370978,-27.921409606933594
13.0,994547.0,0.040854208171367645,-0.0015339752426370978,-27.921077728271484
13.0,994559.0,0.040611907839775085,-0.0015339752426370978,-27.89796257019043
13.0,994563.0,0.040517453104257584,-0.0015339752426370978,-27.883697509765625
13.0,994567.0,0.04041067883372307,9.934107758624577e-09,-28.133819580078125
13.0,994571.0,0.04031211510300636,9.934107758624577e-09,-28.120403289794922
13.0,994574.0,0.04024229943752289,9.934107758624577e-09,-28.105751037597656
13.0,994578.0,0.0401601642370224,9.934107758624577e-09,-28.095617294311523
13.0,994582.0,0.04009445756673813,9.934107758624577e-09,-28.091257095336914
13.0,994585.0,0.040045175701379776,9.934107758624577e-09,-28.08561897277832
13.0,994590.0,0.03996714577078819,9.934107758624577e-09,-28.080141067504883
13.0,994596.0,0.03986447677016258,9.934107758624577e-09,-28.07222557067871
13.0,994600.0,0.039786446839571,9.934107758624577e-09,-28.06319236755371
13.0,994603.0,0.039700206369161606,9.934107758624577e-09,-28.051795959472656
13.0,994607.0,0.039605747908353806,9.934107758624577e-09,-28.03812599182129
13.0,994611.0,0.03953593596816063,9.934107758624577e-09,-28.024917602539062
13.0,994615.0,0.039437372237443924,9.934107758624577e-09,-28.014314651489258
13.0,994619.0,0.03934291750192642,0.0015339950332418084,-28.26380157470703
13.0,994623.0,0.039252568036317825,0.0015339950332418084,-28.25077247619629
13.0,994627.0,0.03917864337563515,0.0015339950332418084,-28.240161895751953
13.0,994630.0,0.039121150970458984,0.0015339950332418084,-28.235280990600586
13.0,994634.0,0.03908829391002655,0.0015339950332418084,-28.234580993652344
13.0,994638.0,0.039047226309776306,0.0015339950332418084,-28.237918853759766
13.0,994642.0,0.039018481969833374,0.0015339950332418084,-28.24114418029785
13.0,994646.0,0.03898973390460014,0.0015339950332418084,-28.246906280517578
13.0,994650.0,0.03896509110927582,0.0015339950332418084,-28.250411987304688
13.0,994654.0,0.038944557309150696,9.934107758624577e-09,-27.992233276367188
13.0,994659.0,0.03892813250422478,9.934107758624577e-09,-28.01065444946289
13.0,994663.0,0.038907598704099655,9.934107758624577e-09,-28.021038055419922
13.0,994667.0,0.03887474164366722,9.934107758624577e-09,-28.028364181518555
13.0,994670.0,0.03883367404341698,9.934107758624577e-09,-28.030986785888672
13.0,994677.0,0.03875153884291649,9.934107758624577e-09,-28.030668258666992
13.0,994680.0,0.03870636597275734,9.934107758624577e-09,-28.029565811157227
13.0,994684.0,0.03864476457238197,9.934107758624577e-09,-28.026737213134766
13.0,994688.0,0.0385749489068985,9.934107758624577e-09,-28.021709442138672
13.0,994691.0,0.038505133241415024,9.934107758624577e-09,-28.016841888427734
13.0,994695.0,0.038451746106147766,9.934107758624577e-09,-28.01079559326172
13.0,994699.0,0.038377825170755386,9.934107758624577e-09,-28.00494384765625
13.0,994703.0,0.0382956862449646,9.934107758624577e-09,-27.998672485351562
13.0,994707.0,0.03821355104446411,9.934107758624577e-09,-27.990550994873047
13.0,994710.0,0.038151949644088745,0.0015339950332418084,-28.246734619140625
13.0,994714.0,0.03806160017848015,0.0015339950332418084,-28.235239028930664
13.0,994718.0,0.037975359708070755,0.0015339950332418084,-28.220849990844727
13.0,994721.0,0.03791375830769539,0.0015339950332418084,-28.208288192749023
13.0,994725.0,0.0378275141119957,0.0015339950332418084,-28.194822311401367
13.0,994729.0,0.03774948790669441,0.0015339950332418084,-28.18450164794922
13.0,994733.0,0.037667352706193924,0.0015339950332418084,-28.175992965698242
13.0,994737.0,0.03758932277560234,0.0015339950332418084,-28.16633415222168
13.0,994740.0,0.03753593564033508,0.0015339950332418084,-28.159669876098633
13.0,994744.0,0.03746611997485161,0.0015339950332418084,-28.154483795166016
13.0,994747.0,0.03740451857447624,0.0015339950332418084,-28.15091323852539
13.0,994751.0,0.037359341979026794,0.0015339950332418084,-28.14742660522461
13.0,994763.0,0.03719507157802582,0.0015339950332418084,-28.14542579650879
13.0,994767.0,0.03714168444275856,0.0015339950332418084,-28.144760131835938
13.0,994771.0,0.03709240257740021,0.0015339950332418084,-28.1452579498291
13.0,994774.0,0.03705133497714996,0.0015339950332418084,-28.144556045532227
13.0,994779.0,0.036985624581575394,0.0015339950332418084,-28.144012451171875
13.0,994784.0,0.03691991791129112,0.0015339950332418084,-28.143465042114258
13.0,994788.0,0.036866530776023865,0.0015339950332418084,-28.14277458190918
13.0,994792.0,0.03681313991546631,0.0015339950332418084,-28.141910552978516
13.0,994796.0,0.036763861775398254,0.0015339950332418084,-28.142717361450195
13.0,994799.0,0.0367145799100399,0.0015339950332418084,-28.14319610595703
13.0,994803.0,0.03667761757969856,0.0015339950332418084,-28.14362335205078
13.0,994807.0,0.03663244470953941,0.0015339950332418084,-28.14552116394043
13.0,994810.0,0.03659958764910698,0.0015339950332418084,-28.147315979003906
13.0,994814.0,0.036558520048856735,0.0015339950332418084,-28.150346755981445
13.0,994818.0,0.036521561443805695,0.0015339950332418084,-28.15456199645996
13.0,994821.0,0.036492813378572464,0.0015339950332418084,-28.161344528198242
13.0,994825.0,0.03647227957844734,0.0015339950332418084,-28.167858123779297
13.0,994829.0,0.03645174577832222,0.0015339950332418084,-28.178125381469727
13.0,994832.0,0.036435317248106,0.0015339950332418084,-28.185575485229492
13.0,994837.0,0.03642299771308899,9.934107758624577e-09,-27.928083419799805
13.0,994840.0,0.03642299771308899,9.934107758624577e-09,-27.947330474853516
13.0,994844.0,0.03641478344798088,9.934107758624577e-09,-27.960956573486328
13.0,994847.0,0.03639835864305496,9.934107758624577e-09,-27.97498321533203
13.0,994851.0,0.03637371584773064,9.934107758624577e-09,-27.985815048217773
13.0,994855.0,0.03634907677769661,9.934107758624577e-09,-27.99164390563965
13.0,994858.0,0.03631211444735527,9.934107758624577e-09,-27.997817993164062
13.0,994862.0,0.03628747537732124,9.934107758624577e-09,-28.00372314453125
13.0,994866.0,0.036246407777071,9.934107758624577e-09,-28.00940704345703
13.0,994870.0,0.03620944544672966,9.934107758624577e-09,-28.013187408447266
13.0,994873.0,0.03617248311638832,9.934107758624577e-09,-28.014488220214844
13.0,994877.0,0.03612320497632027,9.934107758624577e-09,-28.01542091369629
13.0,994880.0,0.03608213737607002,9.934107758624577e-09,-28.0152587890625
13.0,994884.0,0.03602053225040436,9.934107758624577e-09,-28.011079788208008
13.0,994888.0,0.03595482558012009,9.934107758624577e-09,-28.00567054748535
13.0,994892.0,0.0358767956495285,9.934107758624577e-09,-27.997772216796875
13.0,994896.0,0.035794660449028015,9.934107758624577e-09,-27.988800048828125
13.0,994899.0,0.03570841997861862,9.934107758624577e-09,-27.980937957763672
13.0,994903.0,0.03563860431313515,9.934107758624577e-09,-27.969863891601562
13.0,994908.0,0.03552361577749252,0.0015339950332418084,-28.224716186523438
13.0,994913.0,0.035412732511758804,0.0015339950332418084,-28.201833724975586
13.0,994917.0,0.035338807851076126,0.0015339950332418084,-28.19487190246582
13.0,994920.0,0.03529774025082588,0.0015339950332418084,-28.19165802001953
13.0,994924.0,0.03525256738066673,0.0015339950332418084,-28.19167137145996
13.0,994928.0,0.035215605050325394,0.0015339950332418084,-28.193910598754883
13.0,994932.0,0.03518275171518326,0.0015339950332418084,-28.197376251220703
13.0,994935.0,0.035162217915058136,0.0015339950332418084,-28.203380584716797
13.0,994939.0,0.03513757884502411,0.0015339950332418084,-28.20917510986328
13.0,994942.0,0.03511704131960869,9.934107758624577e-09,-27.945602416992188
13.0,994947.0,0.035096507519483566,9.934107758624577e-09,-27.95838737487793
13.0,994950.0,0.03507186844944954,9.934107758624577e-09,-27.96930503845215
13.0,994963.0,0.0349445603787899,9.934107758624577e-09,-27.983226776123047
13.0,994968.0,0.03487884998321533,9.934107758624577e-09,-27.983816146850586
13.0,994972.0,0.034817248582839966,9.934107758624577e-09,-27.982160568237305
13.0,994976.0,0.0347556471824646,9.934107758624577e-09,-27.980066299438477
13.0,994981.0,0.03468172624707222,9.934107758624577e-09,-27.978010177612305
13.0,994986.0,0.03460369631648064,9.934107758624577e-09,-27.9743595123291
13.0,994989.0,0.03453798592090607,9.934107758624577e-09,-27.971904754638672
13.0,994993.0,0.03449281305074692,9.934107758624577e-09,-27.970844268798828
13.0,994996.0,0.03442299738526344,9.934107758624577e-09,-27.966350555419922
13.0,995000.0,0.03437371551990509,0.0015339950332418084,-28.227195739746094
13.0,995004.0,0.03429979458451271,0.0015339950332418084,-28.21786880493164
13.0,995008.0,0.03423408791422844,0.0015339950332418084,-28.209369659423828
13.0,995011.0,0.034172482788562775,0.0015339950332418084,-28.202484130859375
13.0,995015.0,0.03413141518831253,0.0015339950332418084,-28.198532104492188
13.0,995019.0,0.034082137048244476,0.0015339950332418084,-28.1966609954834
13.0,995022.0,0.03404517471790314,0.0015339950332418084,-28.194231033325195
13.0,995027.0,0.033995892852544785,0.0015339950332418084,-28.195894241333008
13.0,995030.0,0.033967144787311554,0.0015339950332418084,-28.197498321533203
13.0,995034.0,0.03393839672207832,0.0015339950332418084,-28.20099449157715
13.0,995038.0,0.033913757652044296,0.0015339950332418084,-28.206405639648438
13.0,995041.0,0.03390143811702728,9.934107758624577e-09,-27.94582748413086
13.0,995044.0,0.033885009586811066,9.934107758624577e-09,-27.95609474182129
13.0,995048.0,0.03387679532170296,9.934107758624577e-09,-27.971994400024414
13.0,995052.0,0.03386037051677704,9.934107758624577e-09,-27.98016357421875
13.0,995055.0,0.03384394198656082,9.934107758624577e-09,-27.989803314208984
13.0,995059.0,0.03380287438631058,9.934107758624577e-09,-27.996414184570312
13.0,995063.0,0.03377823531627655,9.934107758624577e-09,-28.001201629638672
13.0,995067.0,0.03374127298593521,9.934107758624577e-09,-28.00604248046875
13.0,995070.0,0.03371252492070198,9.934107758624577e-09,-28.009334564208984
13.0,995074.0,0.033671457320451736,9.934107758624577e-09,-28.01238250732422
13.0,995077.0,0.03363038972020149,9.934107758624577e-09,-28.01542091369629
13.0,995081.0,0.03359342738986015,9.934107758624577e-09,-28.017000198364258
13.0,995084.0,0.033548254519701004,9.934107758624577e-09,-28.017112731933594
13.0,995088.0,0.03351540118455887,9.934107758624577e-09,-28.018569946289062
13.0,995093.0,0.0334496907889843,9.934107758624577e-09,-28.017292022705078
13.0,995098.0,0.03337576985359192,9.934107758624577e-09,-28.012042999267578
13.0,995102.0,0.03331006318330765,9.934107758624577e-09,-28.008193969726562
13.0,995106.0,0.03323613852262497,9.934107758624577e-09,-27.997976303100586
13.0,995110.0,0.03315400332212448,9.934107758624577e-09,-27.986621856689453
13.0,995114.0,0.03305954858660698,9.934107758624577e-09,-27.97667694091797
13.0,995118.0,0.03296509385108948,9.934107758624577e-09,-27.963367462158203
13.0,995121.0,0.03288295865058899,9.934107758624577e-09,-27.946510314941406
13.0,995124.0,0.03277207538485527,0.0015339950332418084,-28.197628021240234
13.0,995128.0,0.03265297785401344,0.0015339950332418084,-28.17191505432129
13.0,995132.0,0.03257494792342186,0.0015339950332418084,-28.152446746826172
13.0,995136.0,0.03248049318790436,0.0015339950332418084,-28.137662887573242
13.0,995140.0,0.032394248992204666,0.0015339950332418084,-28.127593994140625
13.0,995143.0,0.032328542321920395,0.0015339950332418084,-28.11499786376953
13.0,995147.0,0.0322381928563118,0.0015339950332418084,-28.10151481628418
13.0,995150.0,0.0321478433907032,0.0015339950332418084,-28.09102439880371
13.0,995163.0,0.031880903989076614,0.0030679504852741957,-28.304563522338867
13.0,995167.0,0.031815193593502045,0.0030679504852741957,-28.298507690429688
13.0,995171.0,0.031770020723342896,0.0030679504852741957,-28.298006057739258
13.0,995174.0,0.03174948692321777,0.0030679504852741957,-28.302318572998047
13.0,995178.0,0.031733058393001556,0.0030679504852741957,-28.31101417541504
13.0,995182.0,0.031733058393001556,0.0030679504852741957,-28.320335388183594
13.0,995186.0,0.031733058393001556,0.0015339950332418084,-28.065452575683594
13.0,995189.0,0.031733058393001556,0.0015339950332418084,-28.08302116394043
13.0,995193.0,0.03172895312309265,0.0015339950332418084,-28.097259521484375
13.0,995197.0,0.03171663358807564,0.0015339950332418084,-28.106904983520508
13.0,995200.0,0.031712524592876434,0.0015339950332418084,-28.120237350463867
13.0,995204.0,0.03170020505785942,0.0015339950332418084,-28.129236221313477
13.0,995208.0,0.03169199079275131,0.0015339950332418084,-28.1417293548584
13.0,995211.0,0.03168788552284241,0.0015339950332418084,-28.155107498168945
13.0,995215.0,0.031683776527643204,0.0015339950332418084,-28.164491653442383
13.0,995219.0,0.0316796712577343,0.0015339950332418084,-28.177038192749023
13.0,995222.0,0.0316796712577343,9.934107758624577e-09,-27.923542022705078
13.0,995227.0,0.0316796712577343,9.934107758624577e-09,-27.94245147705078
13.0,995230.0,0.031675565987825394,9.934107758624577e-09,-27.957979202270508
13.0,995234.0,0.03165913745760918,9.934107758624577e-09,-27.97024917602539
13.0,995238.0,0.031638603657484055,9.934107758624577e-09,-27.97780418395996
13.0,995241.0,0.031609855592250824,9.934107758624577e-09,-27.985300064086914
13.0,995245.0,0.0315852165222168,9.934107758624577e-09,-27.991174697875977
13.0,995249.0,0.03155236318707466,9.934107758624577e-09,-27.99542808532715
13.0,995252.0,0.03152361512184143,9.934107758624577e-09,-27.998199462890625
13.0,995256.0,0.03147843852639198,9.934107758624577e-09,-27.999521255493164
13.0,995260.0,0.03142915666103363,9.934107758624577e-09,-27.99944305419922
13.0,995264.0,0.03137576952576637,9.934107758624577e-09,-27.99802017211914
13.0,995268.0,0.0313100628554821,9.934107758624577e-09,-27.992618560791016
13.0,995271.0,0.03126078099012375,9.934107758624577e-09,-27.986032485961914
13.0,995274.0,0.03118685819208622,9.934107758624577e-09,-27.980911254882812
13.0,995280.0,0.031088296324014664,9.934107758624577e-09,-27.969552993774414
13.0,995285.0,0.030977413058280945,9.934107758624577e-09,-28.22072982788086
13.0,995289.0,0.030887063592672348,0.0015339950332418084,-28.202770233154297
13.0,995292.0,0.030800821259617805,0.0015339950332418084,-28.190393447875977
13.0,995297.0,0.03072279319167137,0.0015339950332418084,-28.177509307861328
13.0,995300.0,0.03067351132631302,0.0015339950332418084,-28.170433044433594
13.0,995304.0,0.030616017058491707,0.0015339950332418084,-28.165607452392578
13.0,995308.0,0.030566735193133354,0.0015339950332418084,-28.162927627563477
13.0,995311.0,0.030529774725437164,0.0015339950332418084,-28.158973693847656
13.0,995315.0,0.03048049286007881,0.0015339950332418084,-28.15846824645996
13.0,995318.0,0.03043121099472046,0.0015339950332418084,-28.156003952026367
13.0,995322.0,0.03039425052702427,0.0015339950332418084,-28.153627395629883
13.0,995327.0,0.030340861529111862,0.0015339950332418084,-28.154003143310547
13.0,995330.0,0.03031211532652378,0.0015339950332418084,-28.155683517456055
13.0,995334.0,0.03027515485882759,0.0015339950332418084,-28.156545639038086
13.0,995337.0,0.03024640679359436,0.0015339950332418084,-28.160768508911133
13.0,995341.0,0.03022587299346924,0.0015339950332418084,-28.16482925415039
13.0,995345.0,0.030197124928236008,0.0015339950332418084,-28.1680965423584
13.0,995348.0,0.030176591128110886,0.0015339950332418084,-28.17452049255371
13.0,995361.0,0.030139630660414696,0.0015339950332418084,-28.203289031982422
13.0,995365.0,0.03013552352786064,0.0015339950332418084,-28.21086311340332
13.0,995369.0,0.03013552352786064,9.934107758624577e-09,-27.957012176513672
13.0,995372.0,0.03013552352786064,9.934107758624577e-09,-27.972707748413086
13.0,995376.0,0.030119096860289574,9.934107758624577e-09,-27.985151290893555
13.0,995380.0,0.03009856306016445,9.934107758624577e-09,-27.99446678161621
13.0,995384.0,0.030082136392593384,9.934107758624577e-09,-28.0020694732666
13.0,995388.0,0.030053388327360153,9.934107758624577e-09,-28.008058547973633
13.0,995392.0,0.03002053312957287,9.934107758624577e-09,-28.011384963989258
13.0,995395.0,0.02999589405953884,9.934107758624577e-09,-28.015663146972656
13.0,995399.0,0.029963038861751556,9.934107758624577e-09,-28.01976776123047
13.0,995404.0,0.029921971261501312,9.934107758624577e-09,-28.023706436157227
13.0,995410.0,0.02987268939614296,9.934107758624577e-09,-28.029315948486328
13.0,995414.0,0.02983572892844677,9.934107758624577e-09,-28.031524658203125
13.0,995418.0,0.029802875593304634,9.934107758624577e-09,-28.03497886657715
13.0,995421.0,0.029778234660625458,9.934107758624577e-09,-28.038293838500977
13.0,995425.0,0.02974127233028412,9.934107758624577e-09,-28.039348602294922
13.0,995429.0,0.02970431186258793,9.934107758624577e-09,-28.04114532470703
13.0,995432.0,0.029671458527445793,9.934107758624577e-09,-28.04153060913086
13.0,995436.0,0.02963039092719555,9.934107758624577e-09,-28.0405330657959
13.0,995439.0,0.029581109061837196,9.934107758624577e-09,-28.038793563842773
13.0,995442.0,0.029544148594141006,9.934107758624577e-09,-28.03706932067871
13.0,995447.0,0.0294907595962286,9.934107758624577e-09,-28.03351402282715
13.0,995450.0,0.029449691995978355,9.934107758624577e-09,-28.028728485107422
13.0,995454.0,0.02938809059560299,9.934107758624577e-09,-28.02458953857422
13.0,995457.0,0.02932238206267357,9.934107758624577e-09,-28.01742935180664
13.0,995461.0,0.029273100197315216,9.934107758624577e-09,-28.010507583618164
13.0,995465.0,0.02920328453183174,9.934107758624577e-09,-28.004135131835938
13.0,995469.0,0.029133470728993416,9.934107758624577e-09,-27.994733810424805
13.0,995474.0,0.029047228395938873,0.0015339950332418084,-28.25263023376465
13.0,995478.0,0.028973305597901344,0.0015339950332418084,-28.23810386657715
13.0,995482.0,0.028911704197525978,0.0015339950332418084,-28.22945213317871
13.0,995486.0,0.02886652946472168,0.0015339950332418084,-28.225099563598633
13.0,995490.0,0.028833676129579544,0.0015339950332418084,-28.226306915283203
13.0,995493.0,0.028817247599363327,0.0015339950332418084,-28.230093002319336
13.0,995497.0,0.02880082093179226,0.0015339950332418084,-28.235055923461914
13.0,995500.0,0.0287926085293293,9.934107758624577e-09,-27.972900390625
13.0,995505.0,0.028788501396775246,9.934107758624577e-09,-27.987518310546875
13.0,995508.0,0.028780287131667137,9.934107758624577e-09,-28.000221252441406
13.0,995512.0,0.028772074729204178,9.934107758624577e-09,-28.01111602783203
13.0,995517.0,0.028743326663970947,9.934107758624577e-09,-28.017610549926758
13.0,995520.0,0.028722792863845825,9.934107758624577e-09,-28.023853302001953
13.0,995523.0,0.028694044798612595,9.934107758624577e-09,-28.02635955810547
13.0,995527.0,0.028657084330916405,9.934107758624577e-09,-28.028228759765625
13.0,995531.0,0.028628336265683174,9.934107758624577e-09,-28.028682708740234
13.0,995534.0,0.02859548293054104,9.934107758624577e-09,-28.028335571289062
13.0,995538.0,0.02854209393262863,9.934107758624577e-09,-28.024761199951172
13.0,995542.0,0.02848459966480732,9.934107758624577e-09,-28.020469665527344
13.0,995545.0,0.0284188911318779,9.934107758624577e-09,-28.01312828063965
13.0,995549.0,0.02836550399661064,9.934107758624577e-09,-28.00335693359375
13.0,995561.0,0.028119096532464027,0.0015339950332418084,-28.22625160217285
13.0,995565.0,0.02803696133196354,0.0015339950332418084,-28.215099334716797
13.0,995569.0,0.02797125279903412,0.0015339950332418084,-28.204269409179688
13.0,995572.0,0.02792607806622982,0.0015339950332418084,-28.196504592895508
13.0,995576.0,0.027880903333425522,0.0015339950332418084,-28.193004608154297
13.0,995580.0,0.027839835733175278,0.0015339950332418084,-28.19212532043457
13.0,995583.0,0.0278151948004961,0.0015339950332418084,-28.192779541015625
13.0,995587.0,0.02778644673526287,0.0015339950332418084,-28.194732666015625
13.0,995591.0,0.02775770053267479,0.0015339950332418084,-28.196622848510742
13.0,995597.0,0.027716632932424545,0.0015339950332418084,-28.199874877929688
13.0,995600.0,0.027696099132299423,0.0015339950332418084,-28.20290184020996
13.0,995604.0,0.0276755653321743,0.0015339950332418084,-28.205801010131836
13.0,995608.0,0.02765503153204918,0.0015339950332418084,-28.209915161132812
13.0,995611.0,0.027634497731924057,0.0015339950332418084,-28.213869094848633
13.0,995615.0,0.027622176334261894,0.0015339950332418084,-28.217756271362305
13.0,995619.0,0.027605749666690826,0.0015339950332418084,-28.2227725982666
13.0,995622.0,0.027593428269028664,0.0015339950332418084,-28.227603912353516
13.0,995626.0,0.02758110873401165,9.934107758624577e-09,-27.969711303710938
13.0,995629.0,0.027568789198994637,9.934107758624577e-09,-27.978816986083984
13.0,995633.0,0.027548255398869514,9.934107758624577e-09,-27.984758377075195
13.0,995637.0,0.02751540020108223,9.934107758624577e-09,-27.989107131958008
13.0,995640.0,0.02747022546827793,9.934107758624577e-09,-27.98824119567871
13.0,995644.0,0.027429157868027687,9.934107758624577e-09,-27.984403610229492
13.0,995648.0,0.02736755646765232,9.934107758624577e-09,-27.979372024536133
13.0,995652.0,0.027297740802168846,0.0015339950332418084,-28.231372833251953
13.0,995658.0,0.027174538001418114,0.0015339950332418084,-28.214061737060547
13.0,995663.0,0.027121149003505707,0.0015339950332418084,-28.208417892456055
13.0,995667.0,0.027080081403255463,0.0015339950332418084,-28.20558738708496
13.0,995670.0,0.02705133520066738,0.0015339950332418084,-28.20685386657715
13.0,995674.0,0.02703080140054226,0.0015339950332418084,-28.21065902709961
13.0,995680.0,0.02700205333530903,0.0015339950332418084,-28.21571922302246
13.0,995684.0,0.026989733800292015,0.0015339950332418084,-28.220746994018555
13.0,995688.0,0.026977412402629852,0.0015339950332418084,-28.226778030395508
13.0,995691.0,0.026973305270075798,9.934107758624577e-09,-27.96680450439453
13.0,995695.0,0.026969200000166893,9.934107758624577e-09,-27.977182388305664
13.0,995698.0,0.02696509286761284,9.934107758624577e-09,-27.99100685119629
13.0,995702.0,0.026952771469950676,9.934107758624577e-09,-28.00030517578125
13.0,995706.0,0.0269281305372715,9.934107758624577e-09,-28.005233764648438
13.0,995710.0,0.026895277202129364,9.934107758624577e-09,-28.007280349731445
13.0,995713.0,0.026850102469325066,9.934107758624577e-09,-28.0070743560791
13.0,995717.0,0.026796715334057808,9.934107758624577e-09,-28.00369644165039
13.0,995721.0,0.0267433263361454,9.934107758624577e-09,-27.995067596435547
13.0,995725.0,0.026644764468073845,9.934107758624577e-09,-27.982709884643555
13.0,995729.0,0.026579055935144424,0.0015339950332418084,-28.231964111328125
13.0,995733.0,0.02648049220442772,0.0015339950332418084,-28.21489715576172
13.0,995737.0,0.026394249871373177,0.0015339950332418084,-28.19686508178711
13.0,995740.0,0.02633264847099781,0.0015339950332418084,-28.180803298950195
13.0,995744.0,0.026254620403051376,0.0015339950332418084,-28.17047119140625
13.0,995748.0,0.0261848047375679,0.0015339950332418084,-28.15934944152832
13.0,995751.0,0.02613552287220955,0.0015339950332418084,-28.149944305419922
13.0,995764.0,0.02595071867108345,0.0030679504852741957,-28.395809173583984
13.0,995768.0,0.025901436805725098,0.0030679504852741957,-28.388166427612305
13.0,995772.0,0.025868583470582962,0.0030679504852741957,-28.385623931884766
13.0,995775.0,0.02584804967045784,0.0030679504852741957,-28.3863582611084
13.0,995779.0,0.02583983540534973,0.0015339950332418084,-28.12569236755371
13.0,995784.0,0.02583983540534973,0.0015339950332418084,-28.138832092285156
13.0,995789.0,0.025823408737778664,0.0015339950332418084,-28.14923667907715
13.0,995792.0,0.025815194472670555,0.0015339950332418084,-28.157470703125
13.0,995797.0,0.02579055353999138,0.0015339950332418084,-28.16275405883789
13.0,995800.0,0.02577412687242031,0.0015339950332418084,-28.16648292541504
13.0,995804.0,0.025749485939741135,0.0015339950332418084,-28.169841766357422
13.0,995808.0,0.025724846869707108,0.0015339950332418084,-28.17329216003418
13.0,995811.0,0.025704311206936836,0.0015339950332418084,-28.176620483398438
13.0,995815.0,0.02567967213690281,0.0015339950332418084,-28.17835235595703
13.0,995819.0,0.025655031204223633,0.0015339950332418084,-28.18147850036621
13.0,995822.0,0.02563449740409851,0.0015339950332418084,-28.184484481811523
13.0,995826.0,0.025609856471419334,0.0015339950332418084,-28.18737030029297
13.0,995830.0,0.025589322671294212,0.0015339950332418084,-28.190122604370117
13.0,995833.0,0.025572896003723145,0.0015339950332418084,-28.194110870361328
13.0,995837.0,0.025552362203598022,0.0015339950332418084,-28.19928741455078
13.0,995841.0,0.02554004080593586,0.0015339950332418084,-28.20304298400879
13.0,995845.0,0.0255318284034729,0.0015339950332418084,-28.210561752319336
13.0,995849.0,0.025523614138364792,0.0015339950332418084,-28.217817306518555
13.0,995852.0,0.025519507005810738,0.0015339950332418084,-28.226139068603516
13.0,995857.0,0.025515399873256683,0.0015339950332418084,-28.234140396118164
13.0,995860.0,0.025515399873256683,0.0015339950332418084,-28.24319839477539
13.0,995864.0,0.025515399873256683,0.0015339950332418084,-28.251928329467773
13.0,995868.0,0.025515399873256683,0.0015339950332418084,-28.26034164428711
13.0,995872.0,0.025515399873256683,0.0015339950332418084,-28.266456604003906
13.0,995875.0,0.025515399873256683,9.934107758624577e-09,-28.01046371459961
13.0,995879.0,0.02551129274070263,9.934107758624577e-09,-28.022600173950195
13.0,995882.0,0.02550308033823967,9.934107758624577e-09,-28.02973175048828
13.0,995886.0,0.025490758940577507,9.934107758624577e-09,-28.038488388061523
13.0,995890.0,0.025478439405560493,9.934107758624577e-09,-28.043825149536133
13.0,995894.0,0.02545790560543537,9.934107758624577e-09,-28.049388885498047
13.0,995898.0,0.025433264672756195,9.934107758624577e-09,-28.05337905883789
13.0,995901.0,0.025416838005185127,9.934107758624577e-09,-28.05855941772461
13.0,995906.0,0.025388089939951897,9.934107758624577e-09,-28.06241798400879
13.0,995911.0,0.025351129472255707,9.934107758624577e-09,-28.067415237426758
13.0,995915.0,0.02532648853957653,9.934107758624577e-09,-28.07071304321289
13.0,995919.0,0.02530595473945141,9.934107758624577e-09,-28.073884963989258
13.0,995923.0,0.025281313806772232,9.934107758624577e-09,-28.07550048828125
13.0,995927.0,0.02526078000664711,9.934107758624577e-09,-28.079811096191406
13.0,995931.0,0.025236139073967934,9.934107758624577e-09,-28.082624435424805
13.0,995934.0,0.025219712406396866,9.934107758624577e-09,-28.086660385131836
13.0,995938.0,0.025199178606271744,9.934107758624577e-09,-28.090539932250977
13.0,995942.0,0.025182751938700676,9.934107758624577e-09,-28.094356536865234
13.0,995945.0,0.025162218138575554,9.934107758624577e-09,-28.097957611083984
13.0,995950.0,0.025145791471004486,9.934107758624577e-09,-28.10390853881836
13.0,995953.0,0.02512936294078827,9.934107758624577e-09,-28.107343673706055
13.0,995966.0,0.025096509605646133,9.934107758624577e-09,-28.127626419067383
13.0,995971.0,0.025088295340538025,9.934107758624577e-09,-28.13397979736328
13.0,995976.0,0.025080082938075066,9.934107758624577e-09,-28.14307975769043
13.0,995980.0,0.025071868672966957,9.934107758624577e-09,-28.14812469482422
13.0,995984.0,0.02506365440785885,9.934107758624577e-09,-28.153736114501953
13.0,995988.0,0.025059549137949944,9.934107758624577e-09,-28.160486221313477
13.0,995991.0,0.02505544200539589,9.934107758624577e-09,-28.167011260986328
13.0,995995.0,0.025051334872841835,9.934107758624577e-09,-28.173301696777344
13.0,995999.0,0.02504722774028778,9.934107758624577e-09,-28.17936897277832
13.0,996003.0,0.02504722774028778,9.934107758624577e-09,-28.18478012084961
13.0,996007.0,0.025043120607733727,9.934107758624577e-09,-28.190454483032227
13.0,996010.0,0.025039013475179672,9.934107758624577e-09,-28.195890426635742
13.0,996014.0,0.025039013475179672,9.934107758624577e-09,-28.202495574951172
13.0,996018.0,0.025039013475179672,9.934107758624577e-09,-28.20886993408203
13.0,996022.0,0.025039013475179672,9.934107758624577e-09,-28.21502113342285
13.0,996026.0,0.025034908205270767,9.934107758624577e-09,-28.219633102416992
13.0,996030.0,0.025034908205270767,-0.0015339752426370978,-27.957073211669922
13.0,996033.0,0.025034908205270767,-0.0015339752426370978,-27.968692779541016
13.0,996037.0,0.025022586807608604,-0.0015339752426370978,-27.975868225097656
13.0,996041.0,0.02501026727259159,-0.0015339752426370978,-27.980087280273438
13.0,996045.0,0.02498151920735836,-0.0015339752426370978,-27.981468200683594
13.0,996048.0,0.02494455873966217,-0.0015339752426370978,-27.980119705200195
13.0,996052.0,0.024911703541874886,-0.0015339752426370978,-27.976137161254883
13.0,996056.0,0.024854209274053574,9.934107758624577e-09,-28.2321720123291
13.0,996060.0,0.024788500741124153,9.934107758624577e-09,-28.218698501586914
13.0,996063.0,0.024743326008319855,9.934107758624577e-09,-28.20441436767578
13.0,996067.0,0.02468172460794449,9.934107758624577e-09,-28.191991806030273
13.0,996070.0,0.024632442742586136,9.934107758624577e-09,-28.184974670410156
13.0,996075.0,0.024587269872426987,9.934107758624577e-09,-28.17724609375
13.0,996078.0,0.024546200409531593,9.934107758624577e-09,-28.171140670776367
13.0,996082.0,0.024517454206943512,9.934107758624577e-09,-28.166597366333008
13.0,996086.0,0.024484599009156227,9.934107758624577e-09,-28.16354751586914
13.0,996089.0,0.02445174567401409,9.934107758624577e-09,-28.161331176757812
13.0,996094.0,0.024427104741334915,9.934107758624577e-09,-28.161130905151367
13.0,996099.0,0.024406570941209793,9.934107758624577e-09,-28.164236068725586
13.0,996103.0,0.024390144273638725,9.934107758624577e-09,-28.16661834716797
13.0,996107.0,0.024381930008530617,9.934107758624577e-09,-28.17157554626465
13.0,996110.0,0.024377822875976562,9.934107758624577e-09,-28.17771339416504
13.0,996114.0,0.024373715743422508,9.934107758624577e-09,-28.181819915771484
13.0,996118.0,0.024373715743422508,9.934107758624577e-09,-28.188926696777344
13.0,996121.0,0.024373715743422508,9.934107758624577e-09,-28.19577980041504
13.0,996125.0,0.024373715743422508,9.934107758624577e-09,-28.202394485473633
13.0,996129.0,0.024369610473513603,9.934107758624577e-09,-28.205869674682617
13.0,996132.0,0.024369610473513603,9.934107758624577e-09,-28.212129592895508
13.0,996137.0,0.024369610473513603,9.934107758624577e-09,-28.218172073364258
13.0,996140.0,0.024369610473513603,9.934107758624577e-09,-28.22400665283203
13.0,996144.0,0.024369610473513603,9.934107758624577e-09,-28.229639053344727
13.0,996148.0,0.024369610473513603,9.934107758624577e-09,-28.235076904296875
13.0,996152.0,0.024369610473513603,9.934107758624577e-09,-28.239036560058594
13.0,996157.0,0.024369610473513603,9.934107758624577e-09,-28.245407104492188
13.0,996169.0,0.024369610473513603,-0.0015339752426370978,-28.001609802246094
13.0,996174.0,0.024361396208405495,-0.0015339752426370978,-28.011486053466797
13.0,996178.0,0.024353181943297386,-0.0015339752426370978,-28.01956558227539
13.0,996182.0,0.024344969540834427,-0.0015339752426370978,-28.025310516357422
13.0,996186.0,0.024332648143172264,-0.0015339752426370978,-28.030500411987305
13.0,996189.0,0.02432032860815525,-0.0015339752426370978,-28.035490036010742
13.0,996193.0,0.024312114343047142,-0.0015339752426370978,-28.039451599121094
13.0,996197.0,0.02429979480803013,-0.0015339752426370978,-28.04413414001465
13.0,996200.0,0.02429158054292202,-0.0015339752426370978,-28.04998016357422
13.0,996204.0,0.02428336814045906,-0.0015339752426370978,-28.053544998168945
13.0,996208.0,0.024279261007905006,-0.0015339752426370978,-28.060380935668945
13.0,996211.0,0.024275153875350952,-0.0015339752426370978,-28.066972732543945
13.0,996215.0,0.024271046742796898,-0.0015339752426370978,-28.07143211364746
13.0,996218.0,0.024266939610242844,-0.0015339752426370978,-28.077638626098633
13.0,996222.0,0.02426283434033394,-0.0015339752426370978,-28.083614349365234
13.0,996226.0,0.02426283434033394,-0.0015339752426370978,-28.090707778930664
13.0,996230.0,0.02426283434033394,-0.0015339752426370978,-28.095863342285156
13.0,996234.0,0.02426283434033394,-0.0015339752426370978,-28.102523803710938
13.0,996238.0,0.024258727207779884,-0.0015339752426370978,-28.10763168334961
13.0,996242.0,0.024258727207779884,-0.0015339752426370978,-28.11388397216797
13.0,996246.0,0.024258727207779884,-0.0015339752426370978,-28.12139129638672
13.0,996250.0,0.024258727207779884,-0.0015339752426370978,-28.125741958618164
13.0,996253.0,0.024258727207779884,-0.0015339752426370978,-28.131362915039062
13.0,996257.0,0.024258727207779884,-0.0015339752426370978,-28.135452270507812
13.0,996260.0,0.024258727207779884,-0.0015339752426370978,-28.140743255615234
13.0,996264.0,0.024258727207779884,-0.0015339752426370978,-28.144594192504883
13.0,996268.0,0.024258727207779884,-0.0015339752426370978,-28.149574279785156
13.0,996271.0,0.024258727207779884,-0.003067960264161229,-27.887474060058594
13.0,996274.0,0.02425462007522583,-0.003067960264161229,-27.894134521484375
13.0,996280.0,0.02424640581011772,-0.003067960264161229,-27.904376983642578
13.0,996285.0,0.024229979142546654,-0.003067960264161229,-27.9126033782959
13.0,996289.0,0.024213552474975586,-0.003067960264161229,-27.916963577270508
13.0,996292.0,0.024193018674850464,-0.003067960264161229,-27.918785095214844
13.0,996297.0,0.024172484874725342,-0.003067960264161229,-27.921567916870117
13.0,996300.0,0.024156058207154274,-0.003067960264161229,-27.92291259765625
13.0,996304.0,0.024127310141921043,-0.003067960264161229,-27.922849655151367
13.0,996308.0,0.024098562076687813,-0.003067960264161229,-27.923137664794922
13.0,996311.0,0.024073921144008636,-0.003067960264161229,-27.921737670898438
13.0,996315.0,0.0240410678088665,-0.003067960264161229,-27.92071533203125
13.0,996318.0,0.02401231974363327,-0.003067960264161229,-27.916715621948242
13.0,996322.0,0.023967145010828972,-0.0015339752426370978,-28.178516387939453
13.0,996326.0,0.02391786500811577,-0.0015339752426370978,-28.164520263671875
13.0,996329.0,0.023876797407865524,-0.0015339752426370978,-28.156967163085938
13.0,996333.0,0.023848049342632294,-0.0015339752426370978,-28.150955200195312
13.0,996337.0,0.02381519414484501,-0.0015339752426370978,-28.144983291625977
13.0,996340.0,0.023794660344719887,-0.0015339752426370978,-28.141921997070312
13.0,996345.0,0.023765914142131805,-0.0015339752426370978,-28.13897705078125
13.0,996348.0,0.023745380342006683,-0.0015339752426370978,-28.137468338012695
13.0,996352.0,0.02373305894434452,-0.0015339752426370978,-28.138717651367188
13.0,996356.0,0.023720739409327507,-0.0015339752426370978,-28.13857650756836
13.0,996368.0,0.023683778941631317,-0.0015339752426370978,-28.142108917236328
13.0,996372.0,0.02367556467652321,-0.0015339752426370978,-27.876096725463867
13.0,996376.0,0.0236673504114151,-0.003067960264161229,-27.88584327697754
13.0,996379.0,0.02365913800895214,-0.003067960264161229,-27.89124298095703
13.0,996383.0,0.02363860420882702,-0.003067960264161229,-27.89240264892578
13.0,996387.0,0.023605749011039734,-0.003067960264161229,-27.890825271606445
13.0,996390.0,0.0235728956758976,-0.003067960264161229,-27.88799476623535
13.0,996394.0,0.023515399545431137,-0.003067960264161229,-27.881216049194336
13.0,996398.0,0.02345379814505577,-0.0015339752426370978,-28.133289337158203
13.0,996402.0,0.023383984342217445,-0.0015339752426370978,-28.119871139526367
13.0,996407.0,0.02331416867673397,-0.0015339752426370978,-28.102134704589844
13.0,996413.0,0.023244353011250496,-0.0015339752426370978,-28.091625213623047
13.0,996417.0,0.023207392543554306,-0.0015339752426370978,-28.086488723754883
13.0,996420.0,0.023170432075858116,-0.0015339752426370978,-28.08153533935547
13.0,996424.0,0.023141684010624886,-0.0015339752426370978,-28.076759338378906
13.0,996428.0,0.023104723542928696,-0.0015339752426370978,-28.072154998779297
13.0,996432.0,0.02306365594267845,-0.0015339752426370978,-28.06638526916504
13.0,996436.0,0.023022586479783058,-0.0015339752426370978,-28.06151008605957
13.0,996440.0,0.02297741360962391,-0.0015339752426370978,-28.052770614624023
13.0,996444.0,0.022928131744265556,-0.0015339752426370978,-28.046916961669922
13.0,996448.0,0.022878849878907204,-0.0015339752426370978,-28.03750228881836
13.0,996452.0,0.02282956801354885,-0.0015339752426370978,-28.032052993774414
13.0,996455.0,0.022776180878281593,-0.0015339752426370978,-28.02367401123047
13.0,996459.0,0.02271868661046028,-0.0015339752426370978,-28.01424789428711
13.0,996463.0,0.022677617147564888,-0.0015339752426370978,-28.008056640625
13.0,996467.0,0.022620122879743576,-0.0015339752426370978,-27.996322631835938
13.0,996472.0,0.022542094811797142,-0.0015339752426370978,-27.986488342285156
13.0,996476.0,0.022468172013759613,-0.0015339752426370978,-27.97568130493164
13.0,996480.0,0.0224106777459383,-0.0015339752426370978,-27.9679012298584
13.0,996484.0,0.022365503013134003,-0.0015339752426370978,-27.960407257080078
13.0,996488.0,0.022295687347650528,9.934107758624577e-09,-28.217058181762695
13.0,996492.0,0.022254619747400284,9.934107758624577e-09,-28.204179763793945
13.0,996496.0,0.02220533788204193,9.934107758624577e-09,-28.197113037109375
13.0,996500.0,0.02216837741434574,9.934107758624577e-09,-28.19266700744629
13.0,996503.0,0.02214784361422062,9.934107758624577e-09,-28.191362380981445
13.0,996507.0,0.022127309814095497,9.934107758624577e-09,-28.191450119018555
13.0,996510.0,0.022106776013970375,-0.0015339752426370978,-27.922739028930664
13.0,996514.0,0.022090349346399307,-0.0015339752426370978,-27.930213928222656
13.0,996518.0,0.022069815546274185,-0.0015339752426370978,-27.9360408782959
13.0,996522.0,0.02204517461359501,-0.0015339752426370978,-27.936296463012695
13.0,996526.0,0.02199999988079071,-0.0015339752426370978,-27.932491302490234
13.0,996530.0,0.021938398480415344,-0.0015339752426370978,-27.927043914794922
13.0,996533.0,0.021872689947485924,-0.0015339752426370978,-27.918224334716797
13.0,996538.0,0.021798767149448395,9.934107758624577e-09,-28.17240333557129
13.0,996541.0,0.02173716574907303,9.934107758624577e-09,-28.15298080444336
13.0,996545.0,0.021642711013555527,9.934107758624577e-09,-28.13693618774414
13.0,996549.0,0.021593429148197174,9.934107758624577e-09,-28.125478744506836
13.0,996553.0,0.021540040150284767,9.934107758624577e-09,-28.118824005126953
13.0,996557.0,0.021498972550034523,9.934107758624577e-09,-28.114665985107422
13.0,996560.0,0.021474333480000496,9.934107758624577e-09,-28.113319396972656
13.0,996573.0,0.02140451781451702,9.934107758624577e-09,-28.121225357055664
13.0,996577.0,0.02139219641685486,9.934107758624577e-09,-28.12627410888672
13.0,996580.0,0.0213839840143919,9.934107758624577e-09,-28.132478713989258
13.0,996584.0,0.021379876881837845,-0.0015339752426370978,-27.87440299987793
13.0,996589.0,0.02137576974928379,-0.0015339752426370978,-27.88737678527832
13.0,996593.0,0.021359343081712723,-0.0015339752426370978,-27.896570205688477
13.0,996599.0,0.021314168348908424,-0.0015339752426370978,-27.901321411132812
13.0,996602.0,0.02128131501376629,-0.0015339752426370978,-27.89987564086914
13.0,996606.0,0.021232033148407936,-0.0015339752426370978,-27.895769119262695
13.0,996609.0,0.021166324615478516,-0.0015339752426370978,-27.8897647857666
13.0,996613.0,0.021108830347657204,-0.0015339752426370978,-27.877954483032227
13.0,996617.0,0.021014373749494553,-0.0015339752426370978,-27.85987663269043
13.0,996620.0,0.020903490483760834,9.934107758624577e-09,-28.10808753967285
13.0,996624.0,0.020809035748243332,9.934107758624577e-09,-28.075927734375
13.0,996628.0,0.020689938217401505,9.934107758624577e-09,-28.047565460205078
13.0,996632.0,0.020570842549204826,9.934107758624577e-09,-28.027973175048828
13.0,996635.0,0.020468171685934067,9.934107758624577e-09,-28.00666618347168
13.0,996639.0,0.020373716950416565,0.0015339950332418084,-28.257232666015625
13.0,996643.0,0.02030390128493309,0.0015339950332418084,-28.23525047302246
13.0,996647.0,0.020217658951878548,0.0015339950332418084,-28.219951629638672
13.0,996650.0,0.020143738016486168,0.0015339950332418084,-28.204627990722656
13.0,996655.0,0.020065708085894585,0.0015339950332418084,-28.189315795898438
13.0,996661.0,0.020008213818073273,0.0015339950332418084,-28.184436798095703
13.0,996665.0,0.01996714621782303,0.0015339950332418084,-28.181060791015625
13.0,996669.0,0.019934291020035744,0.0015339950332418084,-28.18044090270996
13.0,996672.0,0.019917864352464676,0.0015339950332418084,-28.182491302490234
13.0,996676.0,0.0198932234197855,0.0015339950332418084,-28.188091278076172
13.0,996682.0,0.019872689619660378,0.0015339950332418084,-28.192771911621094
13.0,996686.0,0.019864477217197418,0.0015339950332418084,-28.200725555419922
13.0,996690.0,0.019860370084643364,9.934107758624577e-09,-27.94082260131836
13.0,996694.0,0.01985626295208931,9.934107758624577e-09,-27.95452117919922
13.0,996697.0,0.019843943417072296,9.934107758624577e-09,-27.965009689331055
13.0,996701.0,0.01981930248439312,9.934107758624577e-09,-27.97109031677246
13.0,996705.0,0.019786447286605835,9.934107758624577e-09,-27.97425079345703
13.0,996709.0,0.019757701084017754,9.934107758624577e-09,-27.974584579467773
13.0,996713.0,0.019712526351213455,9.934107758624577e-09,-27.973535537719727
13.0,996717.0,0.019663244485855103,9.934107758624577e-09,-27.97117805480957
13.0,996721.0,0.019609855487942696,9.934107758624577e-09,-27.968103408813477
13.0,996724.0,0.019572895020246506,9.934107758624577e-09,-27.965892791748047
13.0,996728.0,0.019507186487317085,9.934107758624577e-09,-27.96240997314453
13.0,996732.0,0.01946611888706684,9.934107758624577e-09,-27.959501266479492
13.0,996735.0,0.01941683702170849,9.934107758624577e-09,-27.957517623901367
13.0,996739.0,0.019375769421458244,9.934107758624577e-09,-27.95290184020996
13.0,996742.0,0.019314168021082878,9.934107758624577e-09,-27.948854446411133
13.0,996747.0,0.019248459488153458,9.934107758624577e-09,-27.941822052001953
13.0,996750.0,0.019190965220332146,0.0015339950332418084,-28.200780868530273
13.0,996754.0,0.01911293715238571,0.0015339950332418084,-28.187297821044922
13.0,996757.0,0.01902669481933117,0.0015339950332418084,-28.16855239868164
13.0,996761.0,0.018973305821418762,0.0015339950332418084,-28.154443740844727
13.0,996765.0,0.018903490155935287,0.0015339950332418084,-28.144866943359375
13.0,996778.0,0.018763860687613487,0.0015339950332418084,-28.136228561401367
13.0,996782.0,0.018731005489826202,0.0015339950332418084,-28.13665008544922
13.0,996787.0,0.018689937889575958,0.0015339950332418084,-28.13968276977539
13.0,996791.0,0.01867351122200489,0.0015339950332418084,-28.145200729370117
13.0,996795.0,0.018665296956896782,0.0015339950332418084,-28.151845932006836
13.0,996799.0,0.018657084554433823,0.0015339950332418084,-28.158348083496094
13.0,996802.0,0.01865297742187977,9.934107758624577e-09,-27.898719787597656
13.0,996807.0,0.01865297742187977,9.934107758624577e-09,-27.91458511352539
13.0,996810.0,0.01864476315677166,9.934107758624577e-09,-27.925817489624023
13.0,996814.0,0.018628336489200592,9.934107758624577e-09,-27.932964324951172
13.0,996817.0,0.018603695556521416,9.934107758624577e-09,-27.939477920532227
13.0,996821.0,0.01857905462384224,9.934107758624577e-09,-27.943065643310547
13.0,996825.0,0.01854209415614605,9.934107758624577e-09,-27.94515037536621
13.0,996829.0,0.01850513368844986,9.934107758624577e-09,-27.946313858032227
13.0,996832.0,0.018472278490662575,9.934107758624577e-09,-27.945568084716797
13.0,996836.0,0.01842299848794937,9.934107758624577e-09,-27.9434757232666
13.0,996840.0,0.018369609490036964,9.934107758624577e-09,-27.938753128051758
13.0,996844.0,0.018308008089661598,9.934107758624577e-09,-27.934619903564453
13.0,996847.0,0.018242299556732178,9.934107758624577e-09,-27.927488327026367
13.0,996852.0,0.018172483891248703,9.934107758624577e-09,-27.919219970703125
13.0,996855.0,0.018098562955856323,9.934107758624577e-09,-27.909900665283203
13.0,996859.0,0.018016427755355835,0.0015339950332418084,-28.16665267944336
13.0,996863.0,0.01795482635498047,0.0015339950332418084,-28.1492919921875
13.0,996867.0,0.01787268929183483,0.0015339950332418084,-28.132551193237305
13.0,996872.0,0.017790554091334343,0.0015339950332418084,-28.123069763183594
13.0,996875.0,0.017745379358530045,0.0015339950332418084,-28.1192684173584
13.0,996879.0,0.017716633155941963,0.0015339950332418084,-28.119609832763672
13.0,996882.0,0.017691992223262787,0.0015339950332418084,-28.12116241455078
13.0,996887.0,0.01767556555569172,0.0015339950332418084,-28.1267147064209
13.0,996890.0,0.01766735129058361,0.0015339950332418084,-28.134733200073242
13.0,996894.0,0.017663244158029556,0.0015339950332418084,-28.14379119873047
13.0,996898.0,0.017659137025475502,9.934107758624577e-09,-27.881563186645508
13.0,996901.0,0.017659137025475502,9.934107758624577e-09,-27.897411346435547
13.0,996905.0,0.017655029892921448,9.934107758624577e-09,-27.911298751831055
13.0,996910.0,0.01763860322535038,9.934107758624577e-09,-27.924266815185547
13.0,996915.0,0.017613962292671204,9.934107758624577e-09,-27.932626724243164
13.0,996919.0,0.017589323222637177,9.934107758624577e-09,-27.937129974365234
13.0,996923.0,0.017560575157403946,9.934107758624577e-09,-27.940723419189453
13.0,996927.0,0.017523614689707756,9.934107758624577e-09,-27.942909240722656
13.0,996931.0,0.017482547089457512,9.934107758624577e-09,-27.94227409362793
13.0,996935.0,0.01743326522409916,9.934107758624577e-09,-27.938995361328125
13.0,996939.0,0.017375769093632698,9.934107758624577e-09,-27.932430267333984
13.0,996943.0,0.017310062423348427,9.934107758624577e-09,-27.926637649536133
13.0,996947.0,0.017232032492756844,9.934107758624577e-09,-27.915122985839844
13.0,996951.0,0.017141683027148247,9.934107758624577e-09,-27.89997100830078
13.0,996954.0,0.017047228291630745,0.0015339950332418084,-28.1508846282959
13.0,996958.0,0.01696919836103916,0.0015339950332418084,-28.12677574157715
13.0,996962.0,0.016870636492967606,0.0015339950332418084,-28.110286712646484
13.0,996966.0,0.016776179894804955,0.0015339950332418084,-28.081233978271484
13.0,996970.0,0.016673510894179344,0.0015339950332418084,-28.07128143310547
13.0,996984.0,0.01643531769514084,0.0015339950332418084,-28.031084060668945
13.0,996988.0,0.016336755827069283,0.0030679504852741957,-28.287555694580078
13.0,996992.0,0.016275154426693916,0.0030679504852741957,-28.268600463867188
13.0,996996.0,0.016197124496102333,0.0030679504852741957,-28.256166458129883
13.0,997000.0,0.016135523095726967,0.0030679504852741957,-28.245004653930664
13.0,997003.0,0.016098562628030777,0.0030679504852741957,-28.239585876464844
13.0,997008.0,0.016057495027780533,0.0030679504852741957,-28.238372802734375
13.0,997011.0,0.01603696122765541,0.0030679504852741957,-28.238492965698242
13.0,997015.0,0.016012320294976234,0.0030679504852741957,-28.241270065307617
13.0,997019.0,0.01600000075995922,0.0030679504852741957,-28.246601104736328
10.0,997022.0,0.015991786494851112,0.003067961661145091,-8.615859031677246
10.0,997027.0,0.016098562628030777,0.0015339808305725455,-8.39287281036377
10.0,997030.0,0.01660369522869587,0.0,-8.381872177124023
10.0,997033.0,0.01777002029120922,-0.003067961661145091,-8.159440040588379
10.0,997038.0,0.019507186487317085,-0.010737866163253784,-7.316664695739746
10.0,997041.0,0.021798767149448395,-0.019941750913858414,-6.574663162231445
10.0,997045.0,0.024517454206943512,-0.030679617077112198,-5.626261234283447
10.0,997049.0,0.027605749666690826,-0.04295146465301514,-4.540156841278076
10.0,997053.0,0.030102670192718506,-0.05368933081626892,-3.5243875980377197
10.0,997057.0,0.03358110785484314,-0.06749515980482101,-2.3183178901672363
10.0,997060.0,0.03625461831688881,-0.0782330259680748,-1.1556086540222168
10.0,997064.0,0.03981519490480423,-0.09357283264398575,0.27398407459259033
10.0,997068.0,0.04324435442686081,-0.10737866163253784,1.2327628135681152
10.0,997072.0,0.04646817222237587,-0.12118448317050934,2.4756784439086914
10.0,997075.0,0.04937576875090599,-0.13345633447170258,3.5425949096679688
10.0,997080.0,0.05186447501182556,-0.1457281857728958,4.736573219299316
10.0,997083.0,0.053425051271915436,-0.1533980816602707,5.271265983581543
10.0,997087.0,0.05532648786902428,-0.16106799244880676,5.989480018615723
10.0,997091.0,0.056024640798568726,-0.16566993296146393,6.360611915588379
10.0,997096.0,0.05643121153116226,-0.16873788833618164,6.660388946533203
10.0,997101.0,0.05593429133296013,-0.1702718734741211,6.6559343338012695
10.0,997105.0,0.05498151853680611,-0.1672039031982422,6.523049354553223
10.0,997109.0,0.05354825407266617,-0.16413594782352448,6.307263374328613
10.0,997113.0,0.051700204610824585,-0.15800002217292786,5.561704635620117
10.0,997117.0,0.04887884855270386,-0.14879614114761353,4.839060306549072
10.0,997121.0,0.04695277288556099,-0.1426602154970169,4.224207878112793
10.0,997125.0,0.044180698692798615,-0.13345633447170258,3.420588970184326
10.0,997129.0,0.04121971130371094,-0.12425244599580765,2.681058883666992
10.0,997132.0,0.03816837817430496,-0.11351457983255386,1.7435483932495117
10.0,997136.0,0.035088296979665756,-0.10431069880723953,1.0469202995300293
10.0,997140.0,0.032057493925094604,-0.09357283264398575,0.07119133323431015
10.0,997144.0,0.029149897396564484,-0.08436894416809082,-0.6674354076385498
10.0,997148.0,0.026431212201714516,-0.07516506314277649,-1.4622282981872559
10.0,997152.0,0.024546200409531593,-0.07056311517953873,-1.7022476196289062
10.0,997155.0,0.022303901612758636,-0.06289321184158325,-2.376772880554199
10.0,997160.0,0.019971253350377083,-0.05675728991627693,-2.770500421524048
10.0,997165.0,0.01852566748857498,-0.05368933081626892,-2.8175129890441895
10.0,997169.0,0.017466118559241295,-0.05062136799097061,-3.157301902770996
10.0,997172.0,0.016924025490880013,-0.052155349403619766,-2.737382173538208
10.0,997176.0,0.01652156002819538,-0.052155349403619766,-2.710179567337036
10.0,997189.0,0.017075974494218826,-0.06289321184158325,-1.3074638843536377
10.0,997192.0,0.017437372356653214,-0.06749515980482101,-0.7722423076629639
10.0,997196.0,0.018110882490873337,-0.07209710031747818,-0.26414433121681213
10.0,997200.0,0.018517453223466873,-0.07669904083013535,0.505170464515686
10.0,997204.0,0.019022587686777115,-0.08130098134279251,1.0109487771987915
10.0,997208.0,0.019441477954387665,-0.08743690699338913,1.608148217201233
10.0,997211.0,0.019663244485855103,-0.09050486981868744,1.899346947669983
10.0,997215.0,0.019815195351839066,-0.0951068103313446,2.553873062133789
10.0,997218.0,0.019778234884142876,-0.09664079546928406,2.6675422191619873
10.0,997222.0,0.019634496420621872,-0.09970875084400177,3.12227201461792
10.0,997226.0,0.019301848486065865,-0.10124273598194122,3.3250911235809326
10.0,997230.0,0.018780287355184555,-0.10277671366930008,3.583314895629883
10.0,997233.0,0.018090348690748215,-0.10277671366930008,3.6259093284606934
10.0,997237.0,0.017207391560077667,-0.10431069880723953,3.9943721294403076
10.0,997241.0,0.016422998160123825,-0.10277671366930008,3.887641191482544
10.0,997245.0,0.015199178829789162,-0.10277671366930008,4.04994010925293
10.0,997248.0,0.01379466149955988,-0.09970875084400177,3.7817420959472656
10.0,997252.0,0.012632443569600582,-0.09664079546928406,3.565490961074829
10.0,997256.0,0.010932237841188908,-0.0951068103313446,3.675380229949951
10.0,997259.0,0.009084189310669899,-0.0920388475060463,3.450103759765625
10.0,997263.0,0.007613962981849909,-0.08897088468074799,3.2501392364501953
10.0,997267.0,0.005548254586756229,-0.08436894416809082,2.9270286560058594
10.0,997270.0,0.0033963038586080074,-0.07976700365543365,2.6350855827331543
10.0,997274.0,0.0017371663125231862,-0.07516506314277649,2.3620057106018066
10.0,997278.0,-0.0005133470403961837,-0.07056311517953873,2.1037955284118652
10.0,997282.0,-0.003338809125125408,-0.0644271969795227,1.5806177854537964
10.0,997288.0,-0.006135523784905672,-0.05675728991627693,1.0479965209960938
10.0,997292.0,-0.008324434980750084,-0.05522330850362778,1.0324602127075195
10.0,997297.0,-0.01094866544008255,-0.04908738657832146,0.7233060598373413
10.0,997300.0,-0.012455851770937443,-0.0475534051656723,0.6484066247940063
10.0,997304.0,-0.014357289299368858,-0.04295146465301514,0.26430004835128784
10.0,997308.0,-0.01613963022828102,-0.03988350182771683,0.28346148133277893
10.0,997311.0,-0.01778644695878029,-0.03681553900241852,0.09137757122516632
10.0,997315.0,-0.018940452486276627,-0.03681553900241852,0.320024698972702
10.0,997318.0,-0.020344968885183334,-0.03528155758976936,0.30889275670051575
10.0,997322.0,-0.021314168348908424,-0.03528155758976936,0.5193710327148438
10.0,997326.0,-0.022501027211546898,-0.03374757990241051,0.419094055891037
10.0,997330.0,-0.023577002808451653,-0.03528155758976936,0.7872406840324402
10.0,997333.0,-0.024332648143172264,-0.03374757990241051,0.8965402245521545
10.0,997337.0,-0.025264887139201164,-0.03528155758976936,0.9523900151252747
10.0,997340.0,-0.025905543938279152,-0.03681553900241852,1.2744191884994507
10.0,997344.0,-0.0267433263361454,-0.03834952041506767,1.5754374265670776
10.0,997348.0,-0.027531826868653297,-0.03988350182771683,1.8613699674606323
10.0,997352.0,-0.028332648798823357,-0.03988350182771683,1.8721107244491577
10.0,997355.0,-0.02917453832924366,-0.04295146465301514,2.438293218612671
10.0,997359.0,-0.029831621795892715,-0.04295146465301514,2.4689781665802
10.0,997363.0,-0.03075975365936756,-0.04448544234037399,2.775810480117798
10.0,997367.0,-0.0317741259932518,-0.04448544234037399,2.8438613414764404
10.0,997370.0,-0.03259137645363808,-0.04601942375302315,3.206860065460205
10.0,997374.0,-0.03377412632107735,-0.04448544234037399,3.026153564453125
10.0,997387.0,-0.03843942657113075,-0.04295146465301514,3.3823342323303223
10.0,997390.0,-0.040147844702005386,-0.04141748324036598,3.39213228225708
10.0,997394.0,-0.04151129350066185,-0.03834952041506767,3.1678550243377686
10.0,997398.0,-0.043416839092969894,-0.03681553900241852,3.251718521118164
10.0,997402.0,-0.04543737322092056,-0.03374757990241051,2.9980623722076416
10.0,997405.0,-0.047544147819280624,-0.030679617077112198,2.8686881065368652
10.0,997411.0,-0.050275154411792755,-0.026077674701809883,2.602104425430298
10.0,997415.0,-0.05308418720960617,-0.02147573232650757,2.359551429748535
10.0,997419.0,-0.0547885000705719,-0.016873789951205254,2.017707586288452
10.0,997423.0,-0.05708008259534836,-0.013805827125906944,1.8300565481185913
10.0,997427.0,-0.05936345085501671,-0.00920388475060463,1.4926490783691406
10.0,997430.0,-0.061613962054252625,-0.004601942375302315,1.1440176963806152
10.0,997434.0,-0.06326077878475189,-0.003067961661145091,1.3151404857635498
10.0,997438.0,-0.06539219617843628,0.0015339808305725455,0.8184349536895752
10.0,997441.0,-0.06743326783180237,0.003067961661145091,0.9407963752746582
10.0,997446.0,-0.06937166303396225,0.0076699042692780495,0.5729110240936279
10.0,997450.0,-0.07119917869567871,0.00920388475060463,0.5371239185333252
10.0,997454.0,-0.07291170209646225,0.010737866163253784,0.5467010736465454
10.0,997458.0,-0.07451745122671127,0.012271846644580364,0.5172498226165771
10.0,997461.0,-0.07564271241426468,0.013805827125906944,0.4520723521709442
10.0,997465.0,-0.07704722881317139,0.013805827125906944,0.5757780075073242
10.0,997470.0,-0.0786406546831131,0.013805827125906944,0.7341092228889465
10.0,997475.0,-0.08007392287254333,0.013805827125906944,0.8479288816452026
10.0,997479.0,-0.08114168047904968,0.012271846644580364,1.1574280261993408
10.0,997483.0,-0.08213963359594345,0.012271846644580364,1.1723618507385254
10.0,997487.0,-0.08310061693191528,0.010737866163253784,1.4465335607528687
10.0,997490.0,-0.08380287140607834,0.00920388475060463,1.710736870765686
10.0,997493.0,-0.08472689986228943,0.0076699042692780495,1.9664510488510132
10.0,997497.0,-0.08565913885831833,0.006135923322290182,2.223109722137451
10.0,997501.0,-0.08639014512300491,0.006135923322290182,2.2201695442199707
10.0,997505.0,-0.08738398551940918,0.004601942375302315,2.7605178356170654
10.0,997509.0,-0.0884312093257904,0.004601942375302315,2.510798931121826
10.0,997513.0,-0.08955647051334381,0.0015339808305725455,3.07983136177063
10.0,997517.0,-0.0907597541809082,0.003067961661145091,2.8715527057647705
10.0,997520.0,-0.09173716604709625,0.0015339808305725455,2.9669861793518066
10.0,997524.0,-0.09313347190618515,0.004601942375302315,2.794050455093384
10.0,997528.0,-0.09461601823568344,0.003067961661145091,3.2128071784973145
10.0,997532.0,-0.09619712829589844,0.006135923322290182,2.8574178218841553
10.0,997535.0,-0.09788501262664795,0.0076699042692780495,2.806051015853882
10.0,997539.0,-0.09964681416749954,0.00920388475060463,2.781499147415161
10.0,997543.0,-0.10103080421686172,0.010737866163253784,2.7138166427612305
10.0,997547.0,-0.10293634235858917,0.013805827125906944,2.5451693534851074
10.0,997552.0,-0.10537576675415039,0.01840776950120926,2.0485925674438477
10.0,997555.0,-0.10737577080726624,0.019941750913858414,2.106123447418213
10.0,997559.0,-0.10887885093688965,0.02454369328916073,1.6314376592636108
10.0,997563.0,-0.11089527606964111,0.026077674701809883,1.6160451173782349
10.0,997567.0,-0.11289528012275696,0.029145635664463043,1.4110755920410156
10.0,997570.0,-0.11436960846185684,0.030679617077112198,1.192777156829834
10.0,997574.0,-0.11629979312419891,0.03528155758976936,0.9661660194396973
10.0,997578.0,-0.11816427111625671,0.03834952041506767,0.7132241725921631
10.0,997591.0,-0.12361396104097366,0.04295146465301514,0.6411653757095337
10.0,997596.0,-0.12576180696487427,0.04448544234037399,0.5622144937515259
10.0,997602.0,-0.12735934555530548,0.0475534051656723,0.15117321908473969
10.0,997606.0,-0.12852567434310913,0.04601942375302315,0.49733343720436096
10.0,997610.0,-0.12959343194961548,0.04601942375302315,0.5230421423912048
10.0,997614.0,-0.13057084381580353,0.04448544234037399,0.5150318741798401
10.0,997618.0,-0.1314743310213089,0.04448544234037399,1.024303913116455
10.0,997622.0,-0.13230390846729279,0.04295146465301514,0.9822222590446472
10.0,997627.0,-0.13327720761299133,0.03988350182771683,1.432849645614624
10.0,997631.0,-0.13401642441749573,0.03988350182771683,1.3487311601638794
10.0,997635.0,-0.13475154340267181,0.03834952041506767,1.5054892301559448
10.0,997639.0,-0.13549897074699402,0.03681553900241852,1.9602395296096802
10.0,997643.0,-0.13625872135162354,0.03528155758976936,1.8969937562942505
10.0,997647.0,-0.1370595544576645,0.03221359848976135,2.364832878112793
10.0,997650.0,-0.137897327542305,0.03374757990241051,2.0341849327087402
10.0,997654.0,-0.13879671692848206,0.03221359848976135,2.2479963302612305
10.0,997661.0,-0.1405256688594818,0.030679617077112198,2.5118627548217773
10.0,997666.0,-0.14161396026611328,0.030679617077112198,2.5424365997314453
10.0,997670.0,-0.14277617633342743,0.030679617077112198,2.5793933868408203
10.0,997675.0,-0.1443490833044052,0.030679617077112198,2.680276870727539
10.0,997681.0,-0.14636960625648499,0.03374757990241051,2.3080124855041504
10.0,997686.0,-0.1485379934310913,0.03681553900241852,1.9911963939666748
10.0,997691.0,-0.15003284811973572,0.03834952041506767,1.933354377746582
10.0,997695.0,-0.15195071697235107,0.03988350182771683,1.8484424352645874
10.0,997700.0,-0.15349897742271423,0.04295146465301514,1.5480345487594604
10.0,997705.0,-0.15544968843460083,0.04448544234037399,1.520904779434204
10.0,997709.0,-0.15736344456672668,0.0475534051656723,1.176061749458313
10.0,997714.0,-0.1588706374168396,0.05062136799097061,0.8692772388458252
10.0,997718.0,-0.16032853722572327,0.05062136799097061,1.0363658666610718
10.0,997722.0,-0.16171252727508545,0.05368933081626892,0.6098812818527222
10.0,997726.0,-0.16303901374340057,0.05522330850362778,0.5034738183021545
10.0,997730.0,-0.1642669439315796,0.05675728991627693,0.3117452561855316
10.0,997733.0,-0.16542504727840424,0.05675728991627693,0.392629474401474
10.0,997738.0,-0.16647228598594666,0.05675728991627693,0.44192707538604736
10.0,997741.0,-0.16720329225063324,0.058291271328926086,0.19406268000602722
10.0,997745.0,-0.16811087727546692,0.05675728991627693,0.46137112379074097
10.0,997749.0,-0.16891580820083618,0.05675728991627693,0.4361879527568817
10.0,997752.0,-0.16947022080421448,0.05522330850362778,0.6540976762771606
10.0,997756.0,-0.17016427218914032,0.05522330850362778,0.5804963111877441
10.0,997759.0,-0.17078439891338348,0.05368933081626892,0.7816179394721985
10.0,997763.0,-0.17121560871601105,0.05368933081626892,0.6758698225021362
10.0,997767.0,-0.17174948751926422,0.05062136799097061,1.0914539098739624
10.0,997770.0,-0.17211909592151642,0.05062136799097061,0.9887892007827759
10.0,997774.0,-0.17260369658470154,0.04908738657832146,1.1578949689865112
10.0,997777.0,-0.17306776344776154,0.0475534051656723,1.2829701900482178
10.0,997781.0,-0.1734209507703781,0.04448544234037399,1.649489164352417
10.0,997786.0,-0.17429979145526886,0.04295146465301514,1.7266027927398682
10.0,997792.0,-0.17485010623931885,0.04295146465301514,1.6412770748138428
10.0,997795.0,-0.17544147372245789,0.03988350182771683,2.0805578231811523
10.0,997799.0,-0.17606981098651886,0.04141748324036598,1.7238188982009888
10.0,997812.0,-0.17827926576137543,0.03834952041506767,1.8396079540252686
10.0,997816.0,-0.17912524938583374,0.03834952041506767,2.1068155765533447
10.0,997820.0,-0.18003696203231812,0.03988350182771683,1.847760796546936
10.0,997823.0,-0.18075154721736908,0.03834952041506767,2.150683641433716
10.0,997827.0,-0.18174949288368225,0.04141748324036598,1.661512851715088
10.0,997831.0,-0.18279260396957397,0.03988350182771683,1.982184648513794
10.0,997834.0,-0.18359753489494324,0.04295146465301514,1.5191559791564941
10.0,997838.0,-0.1846735179424286,0.04295146465301514,1.6043781042099
10.0,997842.0,-0.18577823042869568,0.04601942375302315,1.1360808610916138
10.0,997845.0,-0.18687884509563446,0.04448544234037399,1.500920057296753
10.0,997849.0,-0.18769609928131104,0.0475534051656723,1.0572482347488403
10.0,997852.0,-0.1887761801481247,0.0475534051656723,1.1267836093902588
10.0,997857.0,-0.1898110955953598,0.05062136799097061,0.6725330352783203
10.0,997860.0,-0.19056673347949982,0.04908738657832146,0.7456676363945007
10.0,997864.0,-0.19153593480587006,0.052155349403619766,0.527080774307251
10.0,997867.0,-0.19244763255119324,0.052155349403619766,0.5775145888328552
10.0,997871.0,-0.19309240579605103,0.05368933081626892,0.34335869550704956
10.0,997875.0,-0.19388911128044128,0.05368933081626892,0.35343271493911743
10.0,997879.0,-0.19459548592567444,0.05368933081626892,0.3394261598587036
10.0,997883.0,-0.1952238231897354,0.05368933081626892,0.3112650513648987
10.0,997887.0,-0.1957700252532959,0.05368933081626892,0.25222301483154297
10.0,997891.0,-0.19625051319599152,0.05368933081626892,0.17046427726745605
10.0,997895.0,-0.19667351245880127,0.05062136799097061,0.5847590565681458
10.0,997899.0,-0.19703900814056396,0.05062136799097061,0.4638574719429016
10.0,997903.0,-0.1973675638437271,0.04908738657832146,0.6347670555114746
10.0,997908.0,-0.1977330595254898,0.0475534051656723,0.7329154014587402
10.0,997919.0,-0.1984845995903015,0.04448544234037399,0.870542585849762
10.0,997923.0,-0.1987556517124176,0.04141748324036598,1.231331706047058
10.0,997928.0,-0.1991129368543625,0.04141748324036598,1.0949095487594604
10.0,997933.0,-0.1994907557964325,0.03834952041506767,1.4650408029556274
10.0,997937.0,-0.19981929659843445,0.03681553900241852,1.6131685972213745
10.0,997941.0,-0.20018069446086884,0.03681553900241852,1.475549340248108
10.0,997945.0,-0.20058315992355347,0.03528155758976936,1.654134750366211
10.0,997949.0,-0.20101848244667053,0.03528155758976936,1.5722626447677612
10.0,997953.0,-0.20149075984954834,0.03528155758976936,1.503194808959961
10.0,997957.0,-0.20214784145355225,0.03374757990241051,1.7280346155166626
10.0,997961.0,-0.20272278785705566,0.03528155758976936,1.4274567365646362
10.0,997966.0,-0.20333470404148102,0.03374757990241051,1.677384614944458
10.0,997971.0,-0.20413140952587128,0.03528155758976936,1.4077308177947998
10.0,997976.0,-0.20498152077198029,0.03681553900241852,1.1545137166976929
10.0,997981.0,-0.2060246467590332,0.03681553900241852,1.1815431118011475
10.0,997987.0,-0.20691169798374176,0.03681553900241852,1.222060203552246
10.0,997990.0,-0.20743326842784882,0.03988350182771683,0.7118464112281799
10.0,997994.0,-0.20811909437179565,0.03834952041506767,1.0044729709625244
10.0,997998.0,-0.20878849923610687,0.04141748324036598,0.4919557571411133
10.0,998001.0,-0.209273099899292,0.03988350182771683,0.7815332412719727
10.0,998004.0,-0.20988911390304565,0.04295146465301514,0.25469905138015747
10.0,998008.0,-0.21045996248722076,0.04141748324036598,0.5281013250350952
10.0,998012.0,-0.21084189414978027,0.04295146465301514,0.24403581023216248
10.0,998025.0,-0.21213552355766296,0.04295146465301514,0.0719309002161026
10.0,998029.0,-0.21240246295928955,0.03988350182771683,0.5204663872718811
10.0,998033.0,-0.2126283347606659,0.04141748324036598,0.17416368424892426
10.0,998037.0,-0.2128254622220993,0.03834952041506767,0.6056115031242371
10.0,998040.0,-0.21294866502285004,0.03834952041506767,0.4852796196937561
10.0,998044.0,-0.2130965143442154,0.03681553900241852,0.6623656153678894
10.0,998048.0,-0.21321149170398712,0.03681553900241852,0.5303857326507568
10.0,998051.0,-0.2132977396249771,0.03374757990241051,0.934841513633728
10.0,998055.0,-0.21340040862560272,0.03528155758976936,0.5652636885643005
10.0,998059.0,-0.21350719034671783,0.03221359848976135,0.969369113445282
10.0,998062.0,-0.21361395716667175,0.03221359848976135,0.837722897529602
10.0,998067.0,-0.21373715996742249,0.030679617077112198,0.9778109788894653
10.0,998071.0,-0.21388089656829834,0.029145635664463043,1.370855450630188
10.0,998077.0,-0.21413962543010712,0.02761165425181389,1.236385703086853
10.0,998080.0,-0.21433265507221222,0.026077674701809883,1.4031919240951538
10.0,998084.0,-0.2145010232925415,0.026077674701809883,1.3181183338165283
10.0,998088.0,-0.21475975215435028,0.026077674701809883,1.2595860958099365
10.0,998092.0,-0.2150554358959198,0.02454369328916073,1.467950463294983
10.0,998097.0,-0.21547433733940125,0.026077674701809883,1.1288822889328003
10.0,998102.0,-0.21593429148197174,0.02454369328916073,1.0885341167449951
10.0,998106.0,-0.21632033586502075,0.02454369328916073,1.3353291749954224
10.0,998110.0,-0.2167227864265442,0.026077674701809883,1.0491575002670288
10.0,998114.0,-0.21713757514953613,0.02454369328916073,1.3110218048095703
10.0,998118.0,-0.2175728976726532,0.026077674701809883,1.0364840030670166
10.0,998122.0,-0.21799999475479126,0.02454369328916073,1.3017091751098633
10.0,998125.0,-0.21843531727790833,0.02761165425181389,0.7652202844619751
10.0,998129.0,-0.21875564754009247,0.026077674701809883,1.035114049911499
10.0,998133.0,-0.2191704362630844,0.029145635664463043,0.49654632806777954
10.0,998137.0,-0.21956878900527954,0.02761165425181389,0.7629286646842957
10.0,998140.0,-0.21984393894672394,0.029145635664463043,0.48413336277008057
10.0,998144.0,-0.22020123898983002,0.02761165425181389,0.4679785668849945
10.0,998148.0,-0.22051745653152466,0.029145635664463043,0.4510936439037323
10.0,998151.0,-0.2207392156124115,0.029145635664463043,0.4186652898788452
10.0,998156.0,-0.22113758325576782,0.02761165425181389,0.6417416334152222
10.0,998161.0,-0.22136345505714417,0.029145635664463043,0.31362929940223694
10.0,998164.0,-0.22156468033790588,0.02761165425181389,0.5404067635536194
10.0,998169.0,-0.22172485291957855,0.02761165425181389,0.458843469619751
10.0,998173.0,-0.2218603640794754,0.02761165425181389,0.4008817672729492
10.0,998177.0,-0.22196714580059052,0.026077674701809883,0.5712413787841797
10.0,998180.0,-0.2220410704612732,0.026077674701809883,0.504748523235321
10.0,998184.0,-0.222127303481102,0.02454369328916073,0.7104242444038391
10.0,998188.0,-0.22221355140209198,0.02454369328916073,0.623424232006073
10.0,998191.0,-0.22227104008197784,0.023009711876511574,0.8060128688812256
10.0,998195.0,-0.22235319018363953,0.023009711876511574,0.7405351400375366
10.0,998198.0,-0.222427099943161,0.02147573232650757,0.9238179326057434
10.0,998202.0,-0.22248460352420807,0.023009711876511574,0.5692517757415771
10.0,998206.0,-0.22257083654403687,0.019941750913858414,1.026368260383606
10.0,998209.0,-0.22265297174453735,0.02147573232650757,0.6952667832374573
10.0,998213.0,-0.22272279858589172,0.019941750913858414,1.1581846475601196
10.0,998217.0,-0.22281724214553833,0.019941750913858414,0.8284187912940979
10.0,998229.0,-0.2231745421886444,0.016873789951205254,1.1489672660827637
10.0,998232.0,-0.22328953444957733,0.016873789951205254,1.1115728616714478
10.0,998236.0,-0.22346611320972443,0.016873789951205254,1.076512336730957
10.0,998239.0,-0.2236386090517044,0.016873789951205254,1.0309191942214966
10.0,998243.0,-0.22378644347190857,0.015339808538556099,1.271151065826416
10.0,998247.0,-0.2239917814731598,0.016873789951205254,0.9700735211372375
10.0,998250.0,-0.22416427731513977,0.016873789951205254,0.945542573928833
10.0,998253.0,-0.22440657019615173,0.016873789951205254,0.9332402348518372
10.0,998257.0,-0.224661186337471,0.016873789951205254,0.9192677736282349
10.0,998261.0,-0.22486242651939392,0.016873789951205254,0.9163674116134644
10.0,998264.0,-0.22513757646083832,0.016873789951205254,0.9141615033149719
10.0,998268.0,-0.22533880174160004,0.016873789951205254,0.9141967296600342
10.0,998272.0,-0.22560985386371613,0.016873789951205254,0.9128511548042297
10.0,998275.0,-0.22588090598583221,0.01840776950120926,0.6468749642372131
10.0,998279.0,-0.22608213126659393,0.01840776950120926,0.6469407081604004
10.0,998283.0,-0.22640657424926758,0.01840776950120926,0.6509659886360168
10.0,998289.0,-0.22668583691120148,0.019941750913858414,0.3730789124965668
10.0,998292.0,-0.22683778405189514,0.01840776950120926,0.6269114017486572
10.0,998296.0,-0.22700205445289612,0.019941750913858414,0.33963432908058167
10.0,998299.0,-0.22714167833328247,0.01840776950120926,0.5769341588020325
10.0,998303.0,-0.22722381353378296,0.019941750913858414,0.2685212194919586
10.0,998307.0,-0.22730594873428345,0.01840776950120926,0.48788273334503174
10.0,998310.0,-0.227359339594841,0.01840776950120926,0.4474891126155853
10.0,998314.0,-0.22739219665527344,0.016873789951205254,0.38462942838668823
10.0,998318.0,-0.22741684317588806,0.01840776950120926,0.3393022418022156
10.0,998321.0,-0.22743326425552368,0.016873789951205254,0.541516900062561
10.0,998325.0,-0.2274414747953415,0.016873789951205254,0.7438396215438843
10.0,998329.0,-0.2274537980556488,0.015339808538556099,0.6912626624107361
10.0,998332.0,-0.2274620085954666,0.015339808538556099,0.6259429454803467
10.0,998336.0,-0.22747433185577393,0.015339808538556099,0.5601093769073486
10.0,998339.0,-0.22748665511608124,0.013805827125906944,0.7820106148719788
10.0,998343.0,-0.22750307619571686,0.013805827125906944,0.7193988561630249
10.0,998347.0,-0.22752360999584198,0.012271846644580364,0.9264860153198242
10.0,998350.0,-0.2275400459766388,0.013805827125906944,0.6120792031288147
10.0,998354.0,-0.22757700085639954,0.012271846644580364,1.0975456237792969
10.0,998358.0,-0.2276262789964676,0.012271846644580364,0.7887905240058899
10.0,998361.0,-0.22767145931720734,0.010737866163253784,1.0121551752090454
10.0,998364.0,-0.2277371734380722,0.012271846644580364,0.7088819742202759
10.0,998368.0,-0.2278151959180832,0.010737866163253784,0.9398162961006165
10.0,998372.0,-0.22787268459796906,0.010737866163253784,0.9011297225952148
10.0,998376.0,-0.22795893251895905,0.00920388475060463,1.13392174243927
10.0,998379.0,-0.22804518043994904,0.010737866163253784,0.8398867845535278
10.0,998383.0,-0.22811909019947052,0.00920388475060463,1.0863796472549438
10.0,998387.0,-0.22821766138076782,0.010737866163253784,0.7875456809997559
10.0,998391.0,-0.22833265364170074,0.00920388475060463,1.0279611349105835
10.0,998394.0,-0.22845585644245148,0.010737866163253784,0.7475969791412354
10.0,998398.0,-0.2285585254430771,0.00920388475060463,1.0016367435455322
10.0,998402.0,-0.22871868312358856,0.00920388475060463,0.9886218309402466
10.0,998408.0,-0.22887885570526123,0.010737866163253784,0.7013824582099915
10.0,998413.0,-0.2290390133857727,0.00920388475060463,0.9555590152740479
10.0,998425.0,-0.2293962985277176,0.00920388475060463,0.9170404672622681
10.0,998430.0,-0.22955235838890076,0.010737866163253784,0.6388994455337524
10.0,998433.0,-0.22965502738952637,0.00920388475060463,0.63548344373703
10.0,998437.0,-0.2297823429107666,0.010737866163253784,0.6321074366569519
10.0,998440.0,-0.2298726886510849,0.010737866163253784,0.6258957982063293
10.0,998444.0,-0.2299753576517105,0.012271846644580364,0.348196804523468
10.0,998448.0,-0.2300616055727005,0.010737866163253784,0.6025477051734924
10.0,998451.0,-0.23011088371276855,0.010737866163253784,0.5827460289001465
10.0,998455.0,-0.23016837239265442,0.010737866163253784,0.5647878050804138
10.0,998458.0,-0.23020534217357635,0.010737866163253784,0.5361746549606323
10.0,998462.0,-0.23022587597370148,0.00920388475060463,0.5032877922058105
10.0,998466.0,-0.2302464097738266,0.010737866163253784,0.739496648311615
10.0,998471.0,-0.23026694357395172,0.010737866163253784,0.4269261360168457
10.0,998476.0,-0.23028747737407684,0.00920388475060463,0.6540260314941406
10.0,998480.0,-0.23029157519340515,0.00920388475060463,0.617382287979126
10.0,998484.0,-0.23029568791389465,0.0076699042692780495,0.8567587733268738
10.0,998488.0,-0.23030389845371246,0.0076699042692780495,0.8230348229408264
10.0,998492.0,-0.23031622171401978,0.0076699042692780495,0.7876982092857361
10.0,998496.0,-0.2303326427936554,0.006135923322290182,1.0238398313522339
10.0,998500.0,-0.23035317659378052,0.0076699042692780495,0.7214892506599426
10.0,998504.0,-0.23039014637470245,0.006135923322290182,0.9644853472709656
10.0,998508.0,-0.2304271012544632,0.0076699042692780495,0.9348486661911011
10.0,998512.0,-0.23048460483551025,0.006135923322290182,0.9159432649612427
10.0,998517.0,-0.23056262731552124,0.006135923322290182,0.8972162008285522
10.0,998520.0,-0.23063655197620392,0.006135923322290182,0.8893548250198364
10.0,998524.0,-0.23069815337657928,0.006135923322290182,0.8813348412513733
10.0,998529.0,-0.2308049350976944,0.006135923322290182,0.8753354549407959
10.0,998533.0,-0.2308952808380127,0.006135923322290182,0.8712779879570007
10.0,998537.0,-0.2309815138578415,0.006135923322290182,0.8664416670799255
10.0,998540.0,-0.23105134069919586,0.006135923322290182,0.8648513555526733
10.0,998544.0,-0.23114578425884247,0.006135923322290182,0.8650811314582825
10.0,998548.0,-0.23125667870044708,0.006135923322290182,0.869682788848877
10.0,998552.0,-0.2313716560602188,0.006135923322290182,0.8786872625350952
10.0,998556.0,-0.23149897158145905,0.0076699042692780495,0.6175816655158997
10.0,998560.0,-0.2316344976425171,0.006135923322290182,0.9078273773193359
10.0,998564.0,-0.23176181316375732,0.0076699042692780495,0.6495495438575745
10.0,998567.0,-0.23187269270420074,0.0076699042692780495,0.6601224541664124
10.0,998571.0,-0.23194250464439392,0.00920388475060463,0.3970469534397125
10.0,998575.0,-0.2320246398448944,0.0076699042692780495,0.6669849753379822
10.0,998579.0,-0.23208624124526978,0.00920388475060463,0.6651813387870789
10.0,998583.0,-0.23213551938533783,0.0076699042692780495,0.3867669105529785
10.0,998587.0,-0.23216426372528076,0.0076699042692780495,0.6484326124191284
10.0,998591.0,-0.2321930229663849,0.00920388475060463,0.3630286157131195
10.0,998596.0,-0.23221765458583832,0.0076699042692780495,0.6132732033729553
10.0,998601.0,-0.23222176730632782,0.0076699042692780495,0.5896407961845398
10.0,998604.0,-0.23222588002681732,0.0076699042692780495,0.5758715867996216
10.0,998609.0,-0.23222588002681732,0.0076699042692780495,0.5519551038742065
10.0,998613.0,-0.23222588002681732,0.0076699042692780495,0.5383778214454651
10.0,998617.0,-0.23222997784614563,0.006135923322290182,0.7893691062927246
10.0,998620.0,-0.23222997784614563,0.0076699042692780495,0.5016605854034424
10.0,998633.0,-0.23224641382694244,0.006135923322290182,0.7161419987678528
10.0,998637.0,-0.23226283490657806,0.006135923322290182,0.7031760215759277
10.0,998641.0,-0.23227515816688538,0.006135923322290182,0.6896876692771912
10.0,998644.0,-0.2322874814271927,0.006135923322290182,0.946796178817749
10.0,998648.0,-0.2322997897863388,0.006135923322290182,0.6634323000907898
10.0,998652.0,-0.23231622576713562,0.004601942375302315,0.9229925274848938
10.0,998655.0,-0.23232854902744293,0.004601942375302315,0.9077739715576172
10.0,998660.0,-0.23236139118671417,0.004601942375302315,0.8974922895431519
10.0,998664.0,-0.2323983609676361,0.004601942375302315,0.8886438012123108
10.0,998668.0,-0.23243942856788635,0.004601942375302315,0.8856565952301025
10.0,998672.0,-0.2324887067079544,0.004601942375302315,0.8838783502578735
10.0,998675.0,-0.23253798484802246,0.004601942375302315,0.8825047612190247
10.0,998681.0,-0.23260779678821564,0.004601942375302315,0.883795976638794
10.0,998685.0,-0.2326653003692627,0.006135923322290182,0.6191450357437134
10.0,998689.0,-0.23272278904914856,0.004601942375302315,0.8913402557373047
10.0,998693.0,-0.23277617990970612,0.006135923322290182,0.6285552382469177
10.0,998697.0,-0.23283366858959198,0.006135923322290182,0.6371622085571289
10.0,998700.0,-0.23287063837051392,0.006135923322290182,0.6390884518623352
10.0,998704.0,-0.23289526998996735,0.006135923322290182,0.6399149298667908
10.0,998708.0,-0.23292402923107147,0.006135923322290182,0.6393948197364807
10.0,998711.0,-0.2329445630311966,0.006135923322290182,0.6367851495742798
10.0,998715.0,-0.2329568862915039,0.006135923322290182,0.6340745687484741
10.0,998719.0,-0.23296919465065002,0.006135923322290182,0.6294954419136047
10.0,998722.0,-0.23297742009162903,0.006135923322290182,0.62539142370224
10.0,998726.0,-0.23298563063144684,0.006135923322290182,0.6204186677932739
10.0,998730.0,-0.23299384117126465,0.006135923322290182,0.6163400411605835
10.0,998733.0,-0.23299384117126465,0.006135923322290182,0.6108927726745605
10.0,998737.0,-0.23299795389175415,0.006135923322290182,0.6061105728149414
10.0,998741.0,-0.23300205171108246,0.006135923322290182,0.6001013517379761
10.0,998745.0,-0.23300205171108246,0.006135923322290182,0.5947726368904114
10.0,998749.0,-0.23300616443157196,0.006135923322290182,0.5912741422653198
10.0,998752.0,-0.23300616443157196,0.006135923322290182,0.587912380695343
10.0,998757.0,-0.23300616443157196,0.006135923322290182,0.5838261842727661
10.0,998761.0,-0.23300616443157196,0.006135923322290182,0.5793300867080688
10.0,998766.0,-0.23300616443157196,0.004601942375302315,0.8423952460289001
10.0,998769.0,-0.23301026225090027,0.006135923322290182,0.5718080401420593
10.0,998773.0,-0.23301026225090027,0.004601942375302315,0.8334222435951233
10.0,998777.0,-0.23301437497138977,0.004601942375302315,0.8288673162460327
10.0,998782.0,-0.2330307960510254,0.004601942375302315,0.8250489234924316
10.0,998787.0,-0.23306776583194733,0.004601942375302315,0.8268963694572449
10.0,998792.0,-0.23310062289237976,0.004601942375302315,0.8335361480712891
10.0,998796.0,-0.23315399885177612,0.004601942375302315,0.8405707478523254
10.0,998800.0,-0.23318685591220856,0.004601942375302315,0.8503440618515015
10.0,998803.0,-0.2332402467727661,0.006135923322290182,0.5907047986984253
10.0,998807.0,-0.23330184817314148,0.006135923322290182,0.6103659272193909
10.0,998811.0,-0.23333880305290222,0.006135923322290182,0.6255847811698914
10.0,998814.0,-0.23337987065315247,0.006135923322290182,0.6341383457183838
10.0,998818.0,-0.2334127277135849,0.006135923322290182,0.6436521410942078
10.0,998822.0,-0.2334291636943817,0.006135923322290182,0.6490886211395264
10.0,998826.0,-0.23344969749450684,0.006135923322290182,0.6532588005065918
10.0,998839.0,-0.23347432911396027,0.006135923322290182,0.6586093902587891
10.0,998843.0,-0.23347844183444977,0.006135923322290182,0.6596227884292603
10.0,998847.0,-0.23347844183444977,0.006135923322290182,0.6595565676689148
10.0,998851.0,-0.23348253965377808,0.006135923322290182,0.6610967516899109
10.0,998855.0,-0.23348253965377808,0.0076699042692780495,0.3961353600025177
10.0,998859.0,-0.23348253965377808,0.0076699042692780495,0.40109577775001526
10.0,998862.0,-0.23348253965377808,0.0076699042692780495,0.40772318840026855
10.0,998866.0,-0.23348253965377808,0.0076699042692780495,0.4143654704093933
10.0,998870.0,-0.23348253965377808,0.0076699042692780495,0.4193565547466278
10.0,998873.0,-0.23348253965377808,0.0076699042692780495,0.4260235130786896
10.0,998877.0,-0.23348253965377808,0.0076699042692780495,0.4310324192047119
10.0,998880.0,-0.23348253965377808,0.0076699042692780495,0.4377222955226898
10.0,998884.0,-0.23348253965377808,0.0076699042692780495,0.44274795055389404
10.0,998888.0,-0.23348253965377808,0.0076699042692780495,0.4494591951370239
10.0,998891.0,-0.23348253965377808,0.0076699042692780495,0.4561821222305298
10.0,998894.0,-0.23348253965377808,0.0076699042692780495,0.461231529712677
10.0,998898.0,-0.23348253965377808,0.0076699042692780495,0.467973530292511
10.0,998902.0,-0.23348253965377808,0.0076699042692780495,0.47303691506385803
10.0,998905.0,-0.23348253965377808,0.0076699042692780495,0.47979679703712463
10.0,998910.0,-0.23348253965377808,0.0076699042692780495,0.4882602393627167
10.0,998915.0,-0.23348253965377808,0.0076699042692780495,0.4950413107872009
10.0,998919.0,-0.23348253965377808,0.0076699042692780495,0.5035300850868225
10.0,998922.0,-0.23348253965377808,0.0076699042692780495,0.5086296796798706
10.0,998927.0,-0.23348253965377808,0.0076699042692780495,0.5154362320899963
10.0,998930.0,-0.23348253965377808,0.0076699042692780495,0.5222505331039429
10.0,998934.0,-0.23348253965377808,0.0076699042692780495,0.5290724635124207
10.0,998938.0,-0.23348253965377808,0.0076699042692780495,0.5341936349868774
10.0,998941.0,-0.23348253965377808,0.0076699042692780495,0.5410279631614685
10.0,998944.0,-0.23348253965377808,0.0076699042692780495,0.5461581349372864
10.0,998948.0,-0.23348253965377808,0.0076699042692780495,0.5530040264129639
10.0,998952.0,-0.23348253965377808,0.0076699042692780495,0.5581426024436951
10.0,998955.0,-0.23348253965377808,0.00920388475060463,0.29808667302131653
10.0,998959.0,-0.23348253965377808,0.00920388475060463,0.31093332171440125
10.0,998962.0,-0.23348253965377808,0.00920388475060463,0.32041680812835693
10.0,998966.0,-0.23348253965377808,0.00920388475060463,0.3328664302825928
10.0,998971.0,-0.23348253965377808,0.00920388475060463,0.3451016843318939
10.0,998976.0,-0.23348253965377808,0.00920388475060463,0.36010685563087463
10.0,998979.0,-0.23348253965377808,0.00920388475060463,0.3718898296356201
10.0,998982.0,-0.23348253965377808,0.00920388475060463,0.38060295581817627
10.0,998986.0,-0.23348253965377808,0.010737866163253784,0.12666717171669006
10.0,998990.0,-0.23348253965377808,0.010737866163253784,0.14387428760528564
10.0,998994.0,-0.23348253965377808,0.010737866163253784,0.1565149873495102
10.0,998998.0,-0.23348253965377808,0.010737866163253784,0.1730288863182068
10.0,999001.0,-0.23348253965377808,0.010737866163253784,0.18916821479797363
10.0,999005.0,-0.23348253965377808,0.010737866163253784,0.2049475908279419
10.0,999009.0,-0.23348253965377808,0.010737866163253784,0.22038115561008453
10.0,999012.0,-0.23348253965377808,0.010737866163253784,0.23173773288726807
10.0,999016.0,-0.23348253965377808,0.012271846644580364,-0.017291691154241562
10.0,999020.0,-0.23348253965377808,0.012271846644580364,-0.001929023303091526
10.0,999023.0,-0.23347844183444977,0.012271846644580364,0.01677335426211357
10.0,999036.0,-0.23347023129463196,0.012271846644580364,0.07599642872810364
10.0,999040.0,-0.23347023129463196,0.012271846644580364,0.09410253167152405
10.0,999044.0,-0.23347023129463196,0.013805827125906944,-0.1579999029636383
10.0,999048.0,-0.23347023129463196,0.013805827125906944,-0.13472367823123932
10.0,999051.0,-0.23346611857414246,0.013805827125906944,-0.1134212538599968
10.0,999054.0,-0.23345790803432465,0.013805827125906944,-0.09950070083141327
10.0,999058.0,-0.23345379531383514,0.013805827125906944,-0.07912002503871918
10.0,999062.0,-0.23344969749450684,0.013805827125906944,-0.06450856477022171
10.0,999065.0,-0.23344558477401733,0.013805827125906944,-0.04502146318554878
10.0,999069.0,-0.23344558477401733,0.013805827125906944,-0.024710634723305702
10.0,999072.0,-0.23344558477401733,0.015339808538556099,-0.27673548460006714
10.0,999076.0,-0.23344558477401733,0.015339808538556099,-0.2513446509838104
10.0,999080.0,-0.23344147205352783,0.015339808538556099,-0.23412354290485382
10.0,999083.0,-0.23343326151371002,0.015339808538556099,-0.21393433213233948
10.0,999087.0,-0.2334209382534027,0.015339808538556099,-0.19881990551948547
10.0,999090.0,-0.2334127277135849,0.015339808538556099,-0.17956337332725525
10.0,999093.0,-0.2334045171737671,0.016873789951205254,-0.43069183826446533
10.0,999098.0,-0.2334004044532776,0.016873789951205254,-0.398104190826416
10.0,999103.0,-0.23337987065315247,0.016873789951205254,-0.3760805130004883
10.0,999107.0,-0.23335933685302734,0.016873789951205254,-0.35600948333740234
10.0,999110.0,-0.23333880305290222,0.016873789951205254,-0.33915045857429504
10.0,999114.0,-0.2333141714334488,0.01840776950120926,-0.5904935002326965
10.0,999118.0,-0.23328542709350586,0.01840776950120926,-0.5685012340545654
10.0,999121.0,-0.23326078057289124,0.01840776950120926,-0.5498233437538147
10.0,999124.0,-0.23321150243282318,0.01840776950120926,-0.5391517281532288
10.0,999128.0,-0.23315811157226562,0.01840776950120926,-0.5265830755233765
10.0,999132.0,-0.23311293125152588,0.019941750913858414,-0.785406768321991
10.0,999136.0,-0.23305544257164001,0.019941750913858414,-0.7720677852630615
10.0,999139.0,-0.23300205171108246,0.019941750913858414,-0.7596200108528137
10.0,999143.0,-0.23291991651058197,0.019941750913858414,-0.7548443078994751
10.0,999147.0,-0.23282136023044586,0.019941750913858414,-0.7521091103553772
10.0,999150.0,-0.23273099958896637,0.019941750913858414,-0.7560092806816101
10.0,999153.0,-0.23260369896888733,0.019941750913858414,-0.7617691159248352
10.0,999159.0,-0.23242299258708954,0.019941750913858414,-0.7792460918426514
10.0,999162.0,-0.2323080152273178,0.019941750913858414,-0.7908535599708557
10.0,999166.0,-0.23214784264564514,0.019941750913858414,-0.8061925768852234
10.0,999170.0,-0.23198357224464417,0.019941750913858414,-0.8235207200050354
10.0,999173.0,-0.23180697858333588,0.019941750913858414,-0.8376951217651367
10.0,999177.0,-0.23162628710269928,0.019941750913858414,-0.8576658368110657
10.0,999181.0,-0.23143737018108368,0.01840776950120926,-0.6125472784042358
10.0,999187.0,-0.23116222023963928,0.01840776950120926,-0.6497711539268494
10.0,999191.0,-0.2309979498386383,0.01840776950120926,-0.6670792698860168
10.0,999195.0,-0.23087474703788757,0.01840776950120926,-0.6822784543037415
10.0,999200.0,-0.23068994283676147,0.01840776950120926,-0.6928015947341919
10.0,999204.0,-0.23054620623588562,0.01840776950120926,-0.7014763355255127
10.0,999208.0,-0.23041477799415588,0.01840776950120926,-0.7067199945449829
10.0,999212.0,-0.23028336465358734,0.01840776950120926,-0.7096602320671082
10.0,999217.0,-0.23012320697307587,0.01840776950120926,-0.7128887176513672
10.0,999220.0,-0.22999179363250732,0.019941750913858414,-0.9832088351249695
10.0,999226.0,-0.22982341051101685,0.019941750913858414,-0.9816654920578003
10.0,999232.0,-0.2295852154493332,0.019941750913858414,-0.9932335019111633
10.0,999236.0,-0.22936755418777466,0.019941750913858414,-1.0031168460845947
10.0,999240.0,-0.2292279303073883,0.019941750913858414,-1.017906665802002
10.0,999244.0,-0.2290308028459549,0.019941750913858414,-1.036118507385254
10.0,999248.0,-0.22880902886390686,0.019941750913858414,-1.0615804195404053
10.0,999252.0,-0.2285708487033844,0.019941750913858414,-1.0927455425262451
10.0,999256.0,-0.22830800712108612,0.019941750913858414,-1.1293764114379883
10.0,999260.0,-0.22802874445915222,0.019941750913858414,-1.1589449644088745
10.0,999263.0,-0.22780698537826538,0.01840776950120926,-0.9398791790008545
10.0,999267.0,-0.22749075293540955,0.01840776950120926,-0.9811685085296631
10.0,999270.0,-0.22724846005439758,0.01840776950120926,-1.0366395711898804
10.0,999274.0,-0.22691991925239563,0.01840776950120926,-1.0778999328613281
10.0,999278.0,-0.22658316791057587,0.016873789951205254,-0.8668993711471558
10.0,999282.0,-0.2262299805879593,0.016873789951205254,-0.9486718773841858
10.0,999286.0,-0.22570019960403442,0.016873789951205254,-1.0253617763519287
10.0,999291.0,-0.22544558346271515,0.015339808538556099,-0.8137730360031128
10.0,999294.0,-0.22510471940040588,0.015339808538556099,-0.8581075668334961
10.0,999299.0,-0.2247597575187683,0.015339808538556099,-0.9170718193054199
10.0,999302.0,-0.22450102865695953,0.015339808538556099,-0.9738694429397583
10.0,999306.0,-0.22416427731513977,0.013805827125906944,-0.7591779232025146
10.0,999309.0,-0.22383162379264832,0.013805827125906944,-0.8007805347442627
10.0,999313.0,-0.22358521819114685,0.013805827125906944,-0.8526726365089417
10.0,999317.0,-0.2232607752084732,0.013805827125906944,-0.8890058994293213
10.0,999320.0,-0.22301848232746124,0.013805827125906944,-0.936330258846283
10.0,999324.0,-0.2226940393447876,0.012271846644580364,-0.716517984867096
10.0,999328.0,-0.22227515280246735,0.012271846644580364,-0.7703468799591064
10.0,999332.0,-0.2220369577407837,0.012271846644580364,-0.815508246421814
10.0,999336.0,-0.22172895073890686,0.012271846644580364,-0.8563625812530518
10.0,999339.0,-0.2214948683977127,0.012271846644580364,-0.88702392578125
10.0,999342.0,-0.22118686139583588,0.010737866163253784,-0.6470561623573303
10.0,999347.0,-0.22088295221328735,0.010737866163253784,-0.6889564394950867
10.0,999350.0,-0.220657080411911,0.010737866163253784,-0.72795569896698
10.0,999354.0,-0.2203696072101593,0.010737866163253784,-0.7525672912597656
10.0,999358.0,-0.2200985699892044,0.010737866163253784,-0.7798694968223572
10.0,999361.0,-0.2199055403470993,0.010737866163253784,-0.8008227944374084
10.0,999364.0,-0.21965503692626953,0.010737866163253784,-0.8153459429740906
10.0,999368.0,-0.21940863132476807,0.010737866163253784,-0.8323185443878174
10.0,999372.0,-0.21922381222248077,0.010737866163253784,-0.8486663103103638
10.0,999376.0,-0.2189774066209793,0.010737866163253784,-0.860525906085968
10.0,999379.0,-0.2187967151403427,0.010737866163253784,-0.8745058178901672
10.0,999382.0,-0.21854619681835175,0.012271846644580364,-1.1523971557617188
10.0,999387.0,-0.21829569339752197,0.012271846644580364,-1.1621530055999756
10.0,999391.0,-0.21802464127540588,0.012271846644580364,-1.1782405376434326
10.0,999394.0,-0.21780286729335785,0.012271846644580364,-1.2031404972076416
10.0,999398.0,-0.2174784392118454,0.012271846644580364,-1.237862229347229
10.0,999402.0,-0.21712936460971832,0.012271846644580364,-1.2674463987350464
10.0,999405.0,-0.2167474329471588,0.010737866163253784,-1.0505664348602295
10.0,999410.0,-0.21634496748447418,0.010737866163253784,-1.1251578330993652
10.0,999415.0,-0.21581929922103882,0.010737866163253784,-1.2057965993881226
10.0,999428.0,-0.21437372267246246,0.0076699042692780495,-0.9008066058158875
10.0,999432.0,-0.2139342874288559,0.0076699042692780495,-0.9706233143806458
10.0,999436.0,-0.21349486708641052,0.0076699042692780495,-1.0365924835205078
10.0,999439.0,-0.21307598054409027,0.006135923322290182,-0.8144581913948059
10.0,999443.0,-0.21275565028190613,0.006135923322290182,-0.8798633217811584
10.0,999447.0,-0.2123449742794037,0.006135923322290182,-0.9362620711326599
10.0,999450.0,-0.21204517781734467,0.006135923322290182,-0.9755971431732178
10.0,999454.0,-0.21163859963417053,0.004601942375302315,-0.7498223781585693
10.0,999458.0,-0.2112402468919754,0.004601942375302315,-0.8047233819961548
10.0,999462.0,-0.21084189414978027,0.004601942375302315,-0.8576943874359131
10.0,999465.0,-0.21055442094802856,0.004601942375302315,-0.9034660458564758
10.0,999470.0,-0.21009035408496857,0.003067961661145091,-0.6902587413787842
10.0,999476.0,-0.2095523625612259,0.003067961661145091,-0.7481366395950317
10.0,999480.0,-0.20921149849891663,0.003067961661145091,-0.7726117372512817
10.0,999483.0,-0.20889528095722198,0.003067961661145091,-0.7966695427894592
10.0,999487.0,-0.20859958231449127,0.003067961661145091,-0.8132174015045166
10.0,999491.0,-0.20838193595409393,0.003067961661145091,-0.8265714049339294
10.0,999494.0,-0.20809856057167053,0.003067961661145091,-0.8356319069862366
10.0,999498.0,-0.2078850120306015,0.003067961661145091,-0.8469446897506714
10.0,999502.0,-0.2076057493686676,0.003067961661145091,-0.8542010188102722
10.0,999505.0,-0.20733880996704102,0.003067961661145091,-0.8596044778823853
10.0,999509.0,-0.2071375697851181,0.003067961661145091,-0.8648611307144165
10.0,999512.0,-0.20687474310398102,0.004601942375302315,-1.1346392631530762
10.0,999516.0,-0.20661601424217224,0.004601942375302315,-1.1310776472091675
10.0,999520.0,-0.20641067624092102,0.004601942375302315,-1.1330952644348145
10.0,999524.0,-0.2061149924993515,0.004601942375302315,-1.144466757774353
10.0,999528.0,-0.20579877495765686,0.004601942375302315,-1.160867691040039
10.0,999532.0,-0.2054579108953476,0.004601942375302315,-1.1788675785064697
10.0,999535.0,-0.205190971493721,0.004601942375302315,-1.206223726272583
10.0,999539.0,-0.204718679189682,0.004601942375302315,-1.2407112121582031
10.0,999543.0,-0.20441889762878418,0.004601942375302315,-1.2807340621948242
10.0,999547.0,-0.20399589836597443,0.003067961661145091,-1.0505433082580566
10.0,999550.0,-0.20366735756397247,0.003067961661145091,-1.1060256958007812
10.0,999554.0,-0.2032279223203659,0.003067961661145091,-1.146038293838501
10.0,999558.0,-0.20278850197792053,0.0015339808305725455,-0.9298160672187805
10.0,999561.0,-0.20244352519512177,0.0015339808305725455,-0.9916342496871948
10.0,999564.0,-0.20199178159236908,0.0015339808305725455,-1.0362776517868042
10.0,999568.0,-0.20153594017028809,0.0015339808305725455,-1.0944793224334717
10.0,999572.0,-0.20119096338748932,0.0,-0.8852753639221191
10.0,999576.0,-0.20073921978473663,0.0,-0.9455146789550781
10.0,999580.0,-0.20028336346149445,0.0,-0.9890105724334717
10.0,999583.0,-0.19994249939918518,-0.0015339808305725455,-0.780465841293335
10.0,999587.0,-0.1994989663362503,-0.0015339808305725455,-0.8357886075973511
10.0,999591.0,-0.19907186925411224,-0.0015339808305725455,-0.8730345964431763
10.0,999594.0,-0.1987515389919281,-0.003067961661145091,-0.6514137983322144
10.0,999599.0,-0.19824230670928955,-0.003067961661145091,-0.6973901987075806
10.0,999604.0,-0.19774948060512543,-0.003067961661145091,-0.7476587891578674
10.0,999607.0,-0.19739630818367004,-0.003067961661145091,-0.77300626039505
10.0,999611.0,-0.19714167714118958,-0.003067961661145091,-0.7922202944755554
10.0,999614.0,-0.19681313633918762,-0.003067961661145091,-0.8042398691177368
10.0,999627.0,-0.19589322805404663,-0.003067961661145091,-0.8286678194999695
10.0,999631.0,-0.19560985267162323,-0.003067961661145091,-0.8292763233184814
10.0,999634.0,-0.1953963041305542,-0.003067961661145091,-0.831068754196167
10.0,999638.0,-0.1951088309288025,-0.003067961661145091,-0.8315752148628235
10.0,999642.0,-0.19482135772705078,-0.003067961661145091,-0.8335075378417969
10.0,999646.0,-0.19453798234462738,-0.003067961661145091,-0.8354812860488892
10.0,999650.0,-0.19425462186336517,-0.003067961661145091,-0.8349749445915222
10.0,999653.0,-0.19404107332229614,-0.003067961661145091,-0.8357623219490051
10.0,999657.0,-0.19376590847969055,-0.0015339808305725455,-1.099445104598999
10.0,999661.0,-0.19341273605823517,-0.0015339808305725455,-1.0930602550506592
10.0,999666.0,-0.19310472905635834,-0.0015339808305725455,-1.0977938175201416
10.0,999670.0,-0.1927802860736847,-0.0015339808305725455,-1.1079716682434082
10.0,999673.0,-0.19244353473186493,-0.0015339808305725455,-1.1181384325027466
10.0,999678.0,-0.19209855794906616,-0.0015339808305725455,-1.1331733465194702
10.0,999683.0,-0.19165092706680298,-0.0015339808305725455,-1.1629712581634521
10.0,999687.0,-0.19128131866455078,-0.003067961661145091,-0.910258948802948
10.0,999690.0,-0.19099384546279907,-0.003067961661145091,-0.9430046081542969
10.0,999694.0,-0.19060370326042175,-0.003067961661145091,-0.9760305881500244
10.0,999698.0,-0.19021765887737274,-0.003067961661145091,-0.998434841632843
10.0,999702.0,-0.18983572721481323,-0.003067961661145091,-1.0270427465438843
10.0,999706.0,-0.18944969773292542,-0.003067961661145091,-1.0638748407363892
10.0,999709.0,-0.1891581118106842,-0.003067961661145091,-1.0855566263198853
10.0,999713.0,-0.18875153362751007,-0.004601942375302315,-0.8554127812385559
10.0,999717.0,-0.18823818862438202,-0.004601942375302315,-0.8954679369926453
10.0,999721.0,-0.1879301816225052,-0.004601942375302315,-0.9342200756072998
10.0,999724.0,-0.18751950562000275,-0.004601942375302315,-0.9624601602554321
10.0,999729.0,-0.1871088296175003,-0.006135923322290182,-0.7336606979370117
10.0,999732.0,-0.18680493533611298,-0.006135923322290182,-0.7723166346549988
10.0,999736.0,-0.18641889095306396,-0.006135923322290182,-0.8030380010604858
10.0,999739.0,-0.18613962829113007,-0.006135923322290182,-0.8217604160308838
10.0,999743.0,-0.18577823042869568,-0.006135923322290182,-0.5744737982749939
10.0,999747.0,-0.1854332685470581,-0.0076699042692780495,-0.5914607644081116
10.0,999751.0,-0.18509650230407715,-0.0076699042692780495,-0.6108388304710388
10.0,999754.0,-0.1848665326833725,-0.0076699042692780495,-0.6189414858818054
10.0,999758.0,-0.1845790594816208,-0.0076699042692780495,-0.6188557744026184
10.0,999762.0,-0.1843162178993225,-0.0076699042692780495,-0.6122150421142578
10.0,999766.0,-0.18407392501831055,-0.006135923322290182,-0.8690400719642639
10.0,999769.0,-0.1838357299566269,-0.006135923322290182,-0.854447066783905
10.0,999773.0,-0.1836673468351364,-0.006135923322290182,-0.8326188325881958
10.0,999777.0,-0.18343737721443176,-0.006135923322290182,-0.8178318738937378
10.0,999780.0,-0.18320327997207642,-0.006135923322290182,-0.8002033829689026
10.0,999785.0,-0.18296098709106445,-0.006135923322290182,-0.7828959226608276
10.0,999790.0,-0.18265298008918762,-0.004601942375302315,-1.0332971811294556
10.0,999794.0,-0.18240246176719666,-0.004601942375302315,-1.0216032266616821
10.0,999798.0,-0.18213963508605957,-0.004601942375302315,-1.0102092027664185
10.0,999801.0,-0.18186037242412567,-0.004601942375302315,-1.0046812295913696
10.0,999805.0,-0.18163450062274933,-0.004601942375302315,-1.0061430931091309
10.0,999808.0,-0.1813347041606903,-0.004601942375302315,-1.0077018737792969
10.0,999812.0,-0.18110471963882446,-0.004601942375302315,-1.0120213031768799
10.0,999816.0,-0.18079261481761932,-0.004601942375302315,-1.0176748037338257
10.0,999829.0,-0.1797371655702591,-0.004601942375302315,-1.0513893365859985
10.0,999833.0,-0.17938809096813202,-0.006135923322290182,-0.8026926517486572
10.0,999837.0,-0.17894455790519714,-0.006135923322290182,-0.8263835310935974
10.0,999841.0,-0.17868994176387787,-0.006135923322290182,-0.8453634977340698
10.0,999845.0,-0.1783490777015686,-0.006135923322290182,-0.8637979626655579
10.0,999849.0,-0.17793428897857666,-0.006135923322290182,-0.8776903748512268
10.0,999853.0,-0.1776878833770752,-0.006135923322290182,-0.8878726363182068
10.0,999857.0,-0.17735113203525543,-0.006135923322290182,-0.907058835029602
10.0,999861.0,-0.1770308017730713,-0.006135923322290182,-0.9171602129936218
10.0,999865.0,-0.17670226097106934,-0.0076699042692780495,-0.6643086075782776
10.0,999869.0,-0.17637372016906738,-0.0076699042692780495,-0.682470440864563
10.0,999872.0,-0.17605748772621155,-0.0076699042692780495,-0.6917204260826111
10.0,999877.0,-0.17576180398464203,-0.0076699042692780495,-0.6984230279922485
10.0,999880.0,-0.175548255443573,-0.0076699042692780495,-0.6996421217918396
10.0,999884.0,-0.1752813160419464,-0.0076699042692780495,-0.6979281306266785
10.0,999888.0,-0.17503079771995544,-0.0076699042692780495,-0.6900463104248047
10.0,999892.0,-0.1747967153787613,-0.0076699042692780495,-0.6772210001945496
10.0,999895.0,-0.1746242344379425,-0.0076699042692780495,-0.6636502742767334
10.0,999899.0,-0.17440246045589447,-0.0076699042692780495,-0.6466563940048218
10.0,999903.0,-0.17419302463531494,-0.006135923322290182,-0.8989488482475281
10.0,999907.0,-0.17399178445339203,-0.006135923322290182,-0.8719632029533386
10.0,999912.0,-0.17373716831207275,-0.006135923322290182,-0.8408154249191284
10.0,999917.0,-0.17347843945026398,-0.006135923322290182,-0.8125913143157959
10.0,999921.0,-0.17327310144901276,-0.006135923322290182,-0.7857973575592041
10.0,999925.0,-0.17306365072727203,-0.004601942375302315,-1.0391178131103516
10.0,999929.0,-0.172850102186203,-0.004601942375302315,-1.0154075622558594
10.0,999932.0,-0.17262423038482666,-0.004601942375302315,-0.9967154264450073
10.0,999937.0,-0.1723819375038147,-0.004601942375302315,-0.9841756820678711
10.0,999940.0,-0.1721848100423813,-0.004601942375302315,-0.9788910150527954
10.0,999944.0,-0.1719137579202652,-0.004601942375302315,-0.9793116450309753
10.0,999948.0,-0.1716262847185135,-0.004601942375302315,-0.9811545014381409
10.0,999952.0,-0.17133881151676178,-0.004601942375302315,-0.9842584729194641
10.0,999956.0,-0.17103490233421326,-0.006135923322290182,-0.7272139191627502
10.0,999960.0,-0.17071868479251862,-0.006135923322290182,-0.7414125204086304
10.0,999963.0,-0.17040656507015228,-0.006135923322290182,-0.7580524682998657
10.0,999967.0,-0.17017248272895813,-0.006135923322290182,-0.7728563547134399
10.0,999970.0,-0.1698726862668991,-0.006135923322290182,-0.7820112109184265
10.0,999975.0,-0.1695934236049652,-0.006135923322290182,-0.7868271470069885
10.0,999980.0,-0.16926488280296326,-0.006135923322290182,-0.7859997153282166
10.0,999984.0,-0.16900615394115448,-0.006135923322290182,-0.7843544483184814
10.0,999987.0,-0.1687556505203247,-0.006135923322290182,-0.7800966501235962
10.0,999991.0,-0.1685708463191986,-0.006135923322290182,-0.7734424471855164
10.0,999995.0,-0.16833265125751495,-0.006135923322290182,-0.7658120393753052
10.0,999999.0,-0.1680944561958313,-0.006135923322290182,-0.7585789561271667
10.0,1000002.0,-0.16786037385463715,-0.006135923322290182,-0.752733588218689
10.0,1000007.0,-0.1676345020532608,-0.006135923322290182,-0.7421456575393677
10.0,1000010.0,-0.16747023165225983,-0.006135923322290182,-0.7307349443435669
10.0,1000014.0,-0.1672484576702118,-0.006135923322290182,-0.7218581438064575
10.0,1000017.0,-0.16703079640865326,-0.006135923322290182,-0.7100355625152588
10.0,1000021.0,-0.16687063872814178,-0.006135923322290182,-0.6974000334739685
10.0,1000034.0,-0.1662299782037735,-0.004601942375302315,-0.9001685976982117
10.0,1000038.0,-0.1660492867231369,-0.004601942375302315,-0.8818186521530151
10.0,1000041.0,-0.16590143740177155,-0.004601942375302315,-0.8618072271347046
10.0,1000045.0,-0.16570430994033813,-0.004601942375302315,-0.8473473191261292
10.0,1000048.0,-0.16549897193908691,-0.004601942375302315,-0.8314545750617981
10.0,1000052.0,-0.16534291207790375,-0.004601942375302315,-0.8175857067108154
10.0,1000056.0,-0.16512936353683472,-0.004601942375302315,-0.8069902658462524
10.0,1000060.0,-0.16490760445594788,-0.004601942375302315,-0.7996763586997986
10.0,1000063.0,-0.1647474318742752,-0.004601942375302315,-0.7885600924491882
10.0,1000067.0,-0.16453798115253448,-0.004601942375302315,-0.7792211174964905
10.0,1000070.0,-0.16433264315128326,-0.004601942375302315,-0.7663283348083496
10.0,1000074.0,-0.1641848087310791,-0.003067961661145091,-1.0182451009750366
10.0,1000078.0,-0.1639958918094635,-0.004601942375302315,-0.7348322868347168
10.0,1000081.0,-0.1638110876083374,-0.003067961661145091,-0.9810357689857483
10.0,1000085.0,-0.1636262834072113,-0.003067961661145091,-0.9582232236862183
10.0,1000089.0,-0.16347022354602814,-0.003067961661145091,-0.9430063962936401
10.0,1000092.0,-0.1632607877254486,-0.003067961661145091,-0.9340376853942871
10.0,1000098.0,-0.16298562288284302,-0.003067961661145091,-0.9196847677230835
10.0,1000103.0,-0.16271047294139862,-0.003067961661145091,-0.9115343689918518
10.0,1000107.0,-0.16248048841953278,-0.003067961661145091,-0.9064837098121643
10.0,1000110.0,-0.1623121201992035,-0.003067961661145091,-0.9003856778144836
10.0,1000114.0,-0.16209034621715546,-0.003067961661145091,-0.8943437933921814
10.0,1000118.0,-0.1618603765964508,-0.003067961661145091,-0.8901766538619995
10.0,1000121.0,-0.16168378293514252,-0.003067961661145091,-0.8875987529754639
10.0,1000125.0,-0.161379873752594,-0.003067961661145091,-0.8892282247543335
10.0,1000129.0,-0.16112937033176422,-0.003067961661145091,-0.8922291398048401
10.0,1000133.0,-0.16094866394996643,-0.003067961661145091,-0.8925809264183044
10.0,1000137.0,-0.1606324464082718,-0.003067961661145091,-0.8970109224319458
10.0,1000141.0,-0.16043943166732788,-0.003067961661145091,-0.9027299880981445
10.0,1000144.0,-0.1601807028055191,-0.003067961661145091,-0.9066227078437805
10.0,1000148.0,-0.15991376340389252,-0.003067961661145091,-0.9148516058921814
10.0,1000152.0,-0.1597084254026413,-0.003067961661145091,-0.9225599765777588
10.0,1000155.0,-0.15949897468090057,-0.004601942375302315,-0.6705178618431091
10.0,1000160.0,-0.15908418595790863,-0.004601942375302315,-0.6908250451087952
10.0,1000166.0,-0.1587638556957245,-0.004601942375302315,-0.7038212418556213
10.0,1000170.0,-0.15852566063404083,-0.004601942375302315,-0.7054609656333923
10.0,1000173.0,-0.15836139023303986,-0.004601942375302315,-0.7018527388572693
10.0,1000177.0,-0.15815605223178864,-0.004601942375302315,-0.6956085562705994
10.0,1000180.0,-0.15795893967151642,-0.004601942375302315,-0.6858305335044861
10.0,1000184.0,-0.15781518816947937,-0.004601942375302315,-0.6751665472984314
10.0,1000188.0,-0.15761807560920715,-0.004601942375302315,-0.6684733033180237
10.0,1000191.0,-0.1574784368276596,-0.004601942375302315,-0.6572474837303162
10.0,1000194.0,-0.157297745347023,-0.004601942375302315,-0.6457662582397461
10.0,1000198.0,-0.15713347494602203,-0.004601942375302315,-0.627424955368042
10.0,1000202.0,-0.1570143699645996,-0.004601942375302315,-0.6085171103477478
10.0,1000206.0,-0.15686242282390594,-0.003067961661145091,-0.8519121408462524
10.0,1000209.0,-0.1567227989435196,-0.003067961661145091,-0.8300415277481079
10.0,1000213.0,-0.1566242277622223,-0.003067961661145091,-0.8061323761940002
10.0,1000217.0,-0.1564599573612213,-0.003067961661145091,-0.7678150534629822
10.0,1000221.0,-0.1563572883605957,-0.0015339808305725455,-1.009607195854187
10.0,1000234.0,-0.15583983063697815,-0.0015339808305725455,-0.9381762742996216
10.0,1000238.0,-0.15563449263572693,-0.0015339808305725455,-0.9307729005813599
10.0,1000241.0,-0.1554209440946579,-0.0015339808305725455,-0.9263742566108704
10.0,1000245.0,-0.15519918501377106,-0.0015339808305725455,-0.9248848557472229
10.0,1000249.0,-0.15501847863197327,-0.0015339808305725455,-0.9302473068237305
10.0,1000252.0,-0.1547720730304718,-0.0015339808305725455,-0.9352031350135803
10.0,1000257.0,-0.15451745688915253,-0.0015339808305725455,-0.9443688988685608
10.0,1000260.0,-0.15431621670722961,-0.003067961661145091,-0.688858151435852
10.0,1000264.0,-0.15404106676578522,-0.003067961661145091,-0.705905020236969
10.0,1000268.0,-0.15376180410385132,-0.003067961661145091,-0.7279684543609619
10.0,1000271.0,-0.1535646766424179,-0.003067961661145091,-0.7439680099487305
10.0,1000275.0,-0.15331006050109863,-0.003067961661145091,-0.7554731965065002
10.0,1000279.0,-0.15306776762008667,-0.003067961661145091,-0.7626175880432129
10.0,1000282.0,-0.15278029441833496,-0.003067961661145091,-0.7669225335121155
10.0,1000287.0,-0.15251334011554718,-0.003067961661145091,-0.7655573487281799
10.0,1000292.0,-0.1523572951555252,-0.003067961661145091,-0.7619237303733826
10.0,1000296.0,-0.152151957154274,-0.004601942375302315,-0.4915652871131897
10.0,1000299.0,-0.15194661915302277,-0.003067961661145091,-0.7612247467041016
10.0,1000303.0,-0.1517987698316574,-0.004601942375302315,-0.48836860060691833
10.0,1000307.0,-0.1516098529100418,-0.003067961661145091,-0.7500786185264587
10.0,1000310.0,-0.15143325924873352,-0.003067961661145091,-0.7406333684921265
10.0,1000314.0,-0.15130595862865448,-0.003067961661145091,-0.7262741923332214
10.0,1000318.0,-0.151137575507164,-0.003067961661145091,-0.7124857306480408
10.0,1000322.0,-0.15097330510616302,-0.003067961661145091,-0.7015244960784912
10.0,1000326.0,-0.15077617764472961,-0.003067961661145091,-0.6813147664070129
10.0,1000330.0,-0.15062834322452545,-0.003067961661145091,-0.6626837253570557
10.0,1000335.0,-0.1504763811826706,-0.003067961661145091,-0.646113395690918
10.0,1000339.0,-0.15032854676246643,-0.003067961661145091,-0.6288767457008362
10.0,1000343.0,-0.15018069744110107,-0.003067961661145091,-0.6123256087303162
10.0,1000347.0,-0.15003696084022522,-0.0015339808305725455,-0.85831218957901
10.0,1000351.0,-0.14990554749965668,-0.0015339808305725455,-0.8318970799446106
10.0,1000355.0,-0.14977823197841644,-0.0015339808305725455,-0.8051890134811401
10.0,1000359.0,-0.1496427059173584,-0.0015339808305725455,-0.7835118174552917
10.0,1000363.0,-0.14949487149715424,-0.0015339808305725455,-0.7698289155960083
10.0,1000367.0,-0.14933469891548157,-0.0015339808305725455,-0.7532449960708618
10.0,1000371.0,-0.1491704285144806,-0.0015339808305725455,-0.7444975972175598
10.0,1000374.0,-0.14905133843421936,-0.0015339808305725455,-0.731911838054657
10.0,1000378.0,-0.1488911658525467,0.0,-0.9852396249771118
10.0,1000382.0,-0.14873510599136353,0.0,-0.9703861474990845
10.0,1000386.0,-0.14856262505054474,0.0,-0.9575186967849731
10.0,1000389.0,-0.14837372303009033,0.0,-0.9505254626274109
10.0,1000393.0,-0.14822176098823547,0.0,-0.9492238163948059
10.0,1000397.0,-0.14801232516765594,0.0,-0.9493681192398071
10.0,1000400.0,-0.1477946639060974,0.0,-0.95186847448349
10.0,1000404.0,-0.14762628078460693,0.0,-0.9560607075691223
10.0,1000409.0,-0.14734701812267303,-0.0015339808305725455,-0.6962799429893494
10.0,1000414.0,-0.14706365764141083,-0.0015339808305725455,-0.7092972993850708
10.0,1000418.0,-0.14680492877960205,-0.0015339808305725455,-0.7134804725646973
10.0,1000422.0,-0.1466611921787262,-0.0015339808305725455,-0.7132198214530945
10.0,1000426.0,-0.1464804857969284,-0.0015339808305725455,-0.7070869207382202
10.0,1000438.0,-0.1460041105747223,-0.0015339808305725455,-0.6781049966812134
10.0,1000442.0,-0.14586037397384644,0.0,-0.9306302070617676
10.0,1000446.0,-0.1457289457321167,0.0,-0.9023593664169312
10.0,1000450.0,-0.14558932185173035,0.0,-0.8865804672241211
10.0,1000453.0,-0.1454455852508545,0.0,-0.8684729933738708
10.0,1000459.0,-0.1452607810497284,0.0,-0.8485281467437744
10.0,1000462.0,-0.14514990150928497,0.0,-0.8332887291908264
10.0,1000466.0,-0.14500205218791962,0.0,-0.8200095295906067
10.0,1000470.0,-0.14483778178691864,0.0,-0.8091312646865845
10.0,1000475.0,-0.14462833106517792,0.0,-0.8028476238250732
10.0,1000480.0,-0.14440657198429108,0.0,-0.7988651990890503
10.0,1000484.0,-0.1442258656024933,0.0,-0.796423077583313
10.0,1000488.0,-0.14403696358203888,0.0,-0.7981434464454651
10.0,1000492.0,-0.14383983612060547,0.0,-0.8004364371299744
10.0,1000495.0,-0.1436919867992401,0.0,-0.803446352481842
10.0,1000499.0,-0.1434948593378067,0.0,-0.8050498366355896
10.0,1000502.0,-0.1433018445968628,0.0,-0.8072767853736877
10.0,1000507.0,-0.14310471713542938,0.0,-0.8102030158042908
10.0,1000510.0,-0.14295276999473572,0.0,-0.8157564997673035
10.0,1000514.0,-0.1427474319934845,0.0,-0.8191573023796082
10.0,1000518.0,-0.14253798127174377,0.0,-0.8258278369903564
10.0,1000521.0,-0.14233675599098206,0.0,-0.8296552896499634
10.0,1000524.0,-0.1421889066696167,0.0,-0.831467866897583
10.0,1000528.0,-0.14204107224941254,0.0,-0.8338615298271179
10.0,1000532.0,-0.14184804260730743,0.0,-0.8342853784561157
10.0,1000535.0,-0.14170020818710327,0.0,-0.8366826772689819
10.0,1000539.0,-0.14151129126548767,0.0,-0.835043728351593
10.0,1000543.0,-0.14133059978485107,0.0,-0.8328803181648254
10.0,1000547.0,-0.14114579558372498,0.0,-0.8308449387550354
10.0,1000550.0,-0.14096099138259888,0.0,-0.8302528262138367
10.0,1000554.0,-0.14081725478172302,0.0,-0.8317793011665344
10.0,1000558.0,-0.1406201273202896,0.0,-0.8339164853096008
10.0,1000561.0,-0.14047639071941376,0.0,-0.8340510725975037
10.0,1000564.0,-0.14028747379779816,0.0,-0.8348692655563354
10.0,1000568.0,-0.1401437371969223,0.0,-0.8364313840866089
10.0,1000572.0,-0.1399548202753067,0.0,-0.8359277844429016
10.0,1000575.0,-0.1397618055343628,0.0,-0.8375372290611267
10.0,1000579.0,-0.13961806893348694,0.0,-0.8378239274024963
10.0,1000583.0,-0.13942915201187134,0.0,-0.8387528657913208
10.0,1000587.0,-0.13922381401062012,0.0,-0.8444883823394775
10.0,1000590.0,-0.1390102654695511,0.0,-0.8527305722236633
10.0,1000594.0,-0.1388418823480606,0.0,-0.8647603392601013
10.0,1000598.0,-0.1385626345872879,-0.0015339808305725455,-0.6081558465957642
10.0,1000603.0,-0.13833265006542206,-0.0015339808305725455,-0.6314060688018799
10.0,1000607.0,-0.1381026655435562,-0.0015339808305725455,-0.6448962092399597
10.0,1000610.0,-0.13793839514255524,-0.0015339808305725455,-0.6583423614501953
10.0,1000614.0,-0.1377289593219757,-0.0015339808305725455,-0.6657813191413879
10.0,1000617.0,-0.1375318318605423,-0.0015339808305725455,-0.6718930602073669
10.0,1000621.0,-0.13739219307899475,-0.0015339808305725455,-0.6751797199249268
10.0,1000624.0,-0.13719917833805084,-0.0015339808305725455,-0.6782640814781189
10.0,1000637.0,-0.13662832975387573,-0.0015339808305725455,-0.6745297908782959
10.0,1000642.0,-0.13646817207336426,-0.0015339808305725455,-0.6686291098594666
10.0,1000645.0,-0.1363121122121811,-0.0015339808305725455,-0.6616531014442444
10.0,1000649.0,-0.13620123267173767,-0.0015339808305725455,-0.6523020267486572
10.0,1000653.0,-0.13606570661067963,-0.0015339808305725455,-0.6415196061134338
10.0,1000657.0,-0.1359425038099289,0.0,-0.8888264894485474
10.0,1000661.0,-0.13583572208881378,0.0,-0.8557567000389099
10.0,1000667.0,-0.1356591433286667,0.0,-0.828263521194458
10.0,1000670.0,-0.1355687826871872,0.0,-0.8088340759277344
10.0,1000674.0,-0.13543736934661865,0.0,-0.7967580556869507
10.0,1000678.0,-0.1353100687265396,0.0015339808305725455,-1.0483330488204956
10.0,1000681.0,-0.1352114975452423,0.0015339808305725455,-1.0185996294021606
10.0,1000687.0,-0.1350020468235016,0.0015339808305725455,-1.0064064264297485
10.0,1000690.0,-0.13488295674324036,0.0015339808305725455,-0.9951552748680115
10.0,1000694.0,-0.13471457362174988,0.0015339808305725455,-0.9917352199554443
10.0,1000698.0,-0.13452567160129547,0.0015339808305725455,-0.9918520450592041
10.0,1000701.0,-0.13437782227993011,0.0015339808305725455,-0.9946873784065247
10.0,1000705.0,-0.1341724842786789,0.0015339808305725455,-1.0014970302581787
10.0,1000709.0,-0.13395482301712036,0.0015339808305725455,-1.0088557004928589
10.0,1000712.0,-0.13378645479679108,0.0,-0.7522056102752686
10.0,1000716.0,-0.13354003429412842,0.0,-0.777708888053894
10.0,1000719.0,-0.133351132273674,0.0,-0.7979426383972168
10.0,1000722.0,-0.13310061395168304,0.0,-0.8149774670600891
10.0,1000726.0,-0.13284599781036377,0.0,-0.839702844619751
10.0,1000730.0,-0.13265708088874817,0.0,-0.8570483326911926
10.0,1000733.0,-0.13246406614780426,-0.0015339808305725455,-0.6148232221603394
10.0,1000737.0,-0.13219301402568817,-0.0015339808305725455,-0.6409910917282104
10.0,1000740.0,-0.13200411200523376,-0.0015339808305725455,-0.667232871055603
10.0,1000744.0,-0.1317618042230606,-0.0015339808305725455,-0.6839991211891174
10.0,1000747.0,-0.13152360916137695,-0.0015339808305725455,-0.7047949433326721
10.0,1000751.0,-0.13135524094104767,-0.0015339808305725455,-0.7209111452102661
10.0,1000754.0,-0.1311868578195572,-0.0015339808305725455,-0.7309746146202087
10.0,1000758.0,-0.13097330927848816,-0.003067961661145091,-0.47254395484924316
10.0,1000761.0,-0.130817249417305,-0.003067961661145091,-0.48685434460639954
10.0,1000765.0,-0.1306283324956894,-0.003067961661145091,-0.4925774931907654
10.0,1000768.0,-0.13046817481517792,-0.003067961661145091,-0.4915316104888916
10.0,1000772.0,-0.13037371635437012,-0.0015339808305725455,-0.7454432249069214
10.0,1000776.0,-0.130266934633255,-0.0015339808305725455,-0.7189342975616455
10.0,1000780.0,-0.1301807016134262,-0.0015339808305725455,-0.6970421671867371
10.0,1000783.0,-0.13011498749256134,-0.0015339808305725455,-0.6683891415596008
10.0,1000788.0,-0.13000822067260742,0.0,-0.9092820882797241
10.0,1000793.0,-0.1299014389514923,0.0,-0.8684245944023132
10.0,1000797.0,-0.1298069804906845,0.0,-0.840087890625
10.0,1000800.0,-0.12972484529018402,0.0,-0.8181501030921936
10.0,1000803.0,-0.1296098530292511,0.0,-0.8032679557800293
10.0,1000807.0,-0.1295153945684433,0.0015339808305725455,-1.0536822080612183
10.0,1000810.0,-0.12939219176769257,0.0015339808305725455,-1.0378837585449219
10.0,1000814.0,-0.12928542494773865,0.0015339808305725455,-1.0266038179397583
10.0,1000818.0,-0.12912936508655548,0.0015339808305725455,-1.01656973361969
10.0,1000821.0,-0.12899795174598694,0.0015339808305725455,-1.013646125793457
10.0,1000834.0,-0.12832443416118622,0.0015339808305725455,-1.0370266437530518
10.0,1000838.0,-0.12808623909950256,0.0,-0.789833664894104
10.0,1000841.0,-0.12789733707904816,0.0,-0.8158641457557678
10.0,1000844.0,-0.1276468187570572,0.0,-0.8351471424102783
10.0,1000848.0,-0.1274579018354416,0.0,-0.8596647381782532
10.0,1000852.0,-0.12720739841461182,0.0,-0.877856433391571
10.0,1000855.0,-0.12701848149299622,-0.0015339808305725455,-0.6338586211204529
10.0,1000859.0,-0.12676386535167694,-0.0015339808305725455,-0.6635420918464661
10.0,1000862.0,-0.12650513648986816,-0.0015339808305725455,-0.6858013272285461
10.0,1000866.0,-0.12632033228874207,-0.0015339808305725455,-0.7110334038734436
10.0,1000869.0,-0.12613962590694427,-0.0015339808305725455,-0.7280611991882324
10.0,1000872.0,-0.12590143084526062,-0.0015339808305725455,-0.7433311343193054
10.0,1000877.0,-0.12567555904388428,-0.0015339808305725455,-0.759964644908905
10.0,1000880.0,-0.125507190823555,-0.003067961661145091,-0.5094747543334961
10.0,1000883.0,-0.12530185282230377,-0.003067961661145091,-0.5213385820388794
10.0,1000887.0,-0.12515400350093842,-0.003067961661145091,-0.5318002700805664
10.0,1000890.0,-0.12502259016036987,-0.003067961661145091,-0.5350770354270935
10.0,1000894.0,-0.1248665302991867,-0.003067961661145091,-0.530440092086792
10.0,1000898.0,-0.12473510950803757,-0.003067961661145091,-0.5217325091362
10.0,1000901.0,-0.12464886903762817,-0.0015339808305725455,-0.7723296880722046
10.0,1000904.0,-0.12455030530691147,-0.0015339808305725455,-0.7517817616462708
10.0,1000909.0,-0.12442299723625183,-0.0015339808305725455,-0.7224306464195251
10.0,1000913.0,-0.12434907257556915,-0.0015339808305725455,-0.6944684982299805
10.0,1000919.0,-0.12418069690465927,-0.0015339808305725455,-0.67733234167099
10.0,1000922.0,-0.12409856170415878,0.0,-0.9249249696731567
10.0,1000926.0,-0.12398768216371536,0.0,-0.9018909931182861
10.0,1000929.0,-0.12389732897281647,0.0,-0.8888914585113525
10.0,1000932.0,-0.12377002090215683,0.0,-0.8762835264205933
10.0,1000936.0,-0.12363038957118988,0.0,-0.8645272254943848
10.0,1000940.0,-0.12351951003074646,0.0,-0.8559180498123169
10.0,1000943.0,-0.1233634501695633,0.0,-0.8523808717727661
10.0,1000947.0,-0.12323614209890366,0.0,-0.8510085344314575
10.0,1000951.0,-0.12306365370750427,0.0,-0.8517174124717712
10.0,1000954.0,-0.12293224036693573,0.0,-0.8531554341316223
10.0,1000958.0,-0.12275564670562744,0.0,-0.8546150326728821
10.0,1000961.0,-0.12257494777441025,0.0,-0.8567129373550415
10.0,1000965.0,-0.1224353164434433,0.0,-0.862162709236145
10.0,1000969.0,-0.12223819643259048,0.0,-0.8681814074516296
10.0,1000972.0,-0.12208624184131622,0.0,-0.8806037902832031
10.0,1000977.0,-0.12182751297950745,0.0,-0.8938952088356018
10.0,1000982.0,-0.12155646830797195,0.0,-0.9103354811668396
10.0,1000986.0,-0.12126077711582184,0.0,-0.9302754402160645
10.0,1000990.0,-0.12107597291469574,-0.0015339808305725455,-0.678357720375061
10.0,1000993.0,-0.12088295817375183,-0.0015339808305725455,-0.7098310589790344
10.0,1000997.0,-0.12062422931194305,-0.0015339808305725455,-0.7402251958847046
10.0,1001000.0,-0.12043121457099915,-0.0015339808305725455,-0.760669469833374
10.0,1001003.0,-0.12018480151891708,-0.0015339808305725455,-0.7792585492134094
10.0,1001007.0,-0.11999999731779099,-0.003067961661145091,-0.536409318447113
10.0,1001010.0,-0.11981929838657379,-0.003067961661145091,-0.5571158528327942
10.0,1001014.0,-0.11958521604537964,-0.003067961661145091,-0.5745928883552551
10.0,1001027.0,-0.1189897358417511,-0.003067961661145091,-0.5971352458000183
10.0,1001030.0,-0.11888295412063599,-0.003067961661145091,-0.5910478830337524
10.0,1001033.0,-0.11874332278966904,-0.003067961661145091,-0.5849907994270325
10.0,1001037.0,-0.11864065378904343,-0.003067961661145091,-0.5767478942871094
10.0,1001040.0,-0.11854620277881622,-0.003067961661145091,-0.5684607028961182
10.0,1001044.0,-0.11842299997806549,-0.0015339808305725455,-0.8275285959243774
10.0,1001048.0,-0.11831621825695038,-0.0015339808305725455,-0.8049749135971069
10.0,1001051.0,-0.11823819577693939,-0.0015339808305725455,-0.7819543480873108
10.0,1001054.0,-0.11813141405582428,-0.0015339808305725455,-0.7669626474380493
10.0,1001058.0,-0.11804927885532379,-0.0015339808305725455,-0.7481045126914978
10.0,1001061.0,-0.11793018132448196,-0.0015339808305725455,-0.7367976307868958
10.0,1001065.0,-0.11783983558416367,-0.0015339808305725455,-0.7258155345916748
10.0,1001069.0,-0.11771252751350403,-0.0015339808305725455,-0.7139196991920471
10.0,1001072.0,-0.1175852119922638,-0.0015339808305725455,-0.702509880065918
10.0,1001076.0,-0.1174989715218544,0.0,-0.9527902007102966
10.0,1001080.0,-0.11737987399101257,0.0,-0.9375008344650269
10.0,1001083.0,-0.11728542298078537,0.0,-0.921821117401123
10.0,1001087.0,-0.11715400218963623,0.0,-0.9081175923347473
10.0,1001090.0,-0.11704722791910172,0.0,-0.9022404551506042
10.0,1001094.0,-0.11688706278800964,0.0,-0.90058833360672
10.0,1001097.0,-0.11671046912670135,0.0,-0.9033790826797485
10.0,1001102.0,-0.11651745438575745,0.0,-0.911988377571106
10.0,1001107.0,-0.11625872552394867,0.0,-0.9263937473297119
10.0,1001110.0,-0.1160985603928566,0.0,-0.9391010999679565
10.0,1001113.0,-0.11586858332157135,0.0,-0.95285964012146
10.0,1001117.0,-0.11569198966026306,-0.0015339808305725455,-0.7079688310623169
10.0,1001120.0,-0.11551129072904587,-0.0015339808305725455,-0.7293870449066162
10.0,1001124.0,-0.1152607798576355,-0.0015339808305725455,-0.7502366304397583
10.0,1001128.0,-0.11501847952604294,-0.0015339808305725455,-0.7758920788764954
10.0,1001131.0,-0.11483778059482574,-0.0015339808305725455,-0.7942530512809753
10.0,1001134.0,-0.11465297639369965,-0.003067961661145091,-0.5528783798217773
10.0,1001138.0,-0.11441067606210709,-0.003067961661145091,-0.5746325254440308
10.0,1001142.0,-0.11417248100042343,-0.003067961661145091,-0.6018744111061096
10.0,1001145.0,-0.11400821059942245,-0.003067961661145091,-0.6215154528617859
10.0,1001149.0,-0.11380287259817123,-0.003067961661145091,-0.6351778507232666
10.0,1001152.0,-0.11361806839704514,-0.003067961661145091,-0.6401110887527466
10.0,1001156.0,-0.11345379799604416,-0.003067961661145091,-0.6411504149436951
10.0,1001161.0,-0.11327309906482697,-0.003067961661145091,-0.6345192790031433
10.0,1001167.0,-0.11310472339391708,-0.003067961661145091,-0.6242838501930237
10.0,1001170.0,-0.11301437020301819,-0.003067961661145091,-0.6127796173095703
10.0,1001173.0,-0.11289116740226746,-0.003067961661145091,-0.6037807464599609
10.0,1001177.0,-0.11278028786182404,-0.003067961661145091,-0.5890792608261108
10.0,1001181.0,-0.11269815266132355,-0.003067961661145091,-0.5736154913902283
10.0,1001184.0,-0.11262422800064087,-0.003067961661145091,-0.5590575337409973
10.0,1001188.0,-0.11253798753023148,-0.0015339808305725455,-0.8021063804626465
10.0,1001191.0,-0.1124640628695488,-0.0015339808305725455,-0.7801124453544617
10.0,1001195.0,-0.11240246146917343,-0.0015339808305725455,-0.7535627484321594
10.0,1001199.0,-0.11231622099876404,-0.0015339808305725455,-0.7293688654899597
10.0,1001202.0,-0.11224640905857086,-0.0015339808305725455,-0.7148510217666626
10.0,1001206.0,-0.11214784532785416,-0.0015339808305725455,-0.6961476802825928
10.0,1001219.0,-0.11179055273532867,0.0,-0.9085171222686768
10.0,1001223.0,-0.11165503412485123,0.0,-0.8987475633621216
10.0,1001227.0,-0.11150718480348587,0.0,-0.8934031128883362
10.0,1001230.0,-0.11138808727264404,0.0,-0.8923319578170776
10.0,1001234.0,-0.11121150106191635,0.0,-0.89662766456604
10.0,1001238.0,-0.11101847887039185,0.0,-0.9062665700912476
10.0,1001241.0,-0.11087063699960709,0.0,-0.9183014035224915
10.0,1001244.0,-0.11071457713842392,0.0,-0.9274099469184875
10.0,1001248.0,-0.1105051338672638,-0.0015339808305725455,-0.6720877289772034
10.0,1001251.0,-0.11034086346626282,-0.0015339808305725455,-0.695789635181427
10.0,1001254.0,-0.11011499166488647,-0.0015339808305725455,-0.7136912941932678
10.0,1001258.0,-0.109946608543396,-0.0015339808305725455,-0.7359621524810791
10.0,1001262.0,-0.10973306000232697,-0.0015339808305725455,-0.7548215985298157
10.0,1001266.0,-0.10952772200107574,-0.0015339808305725455,-0.7704280018806458
10.0,1001269.0,-0.10937166213989258,-0.0015339808305725455,-0.7811248898506165
10.0,1001273.0,-0.10916632413864136,-0.0015339808305725455,-0.7929146885871887
10.0,1001277.0,-0.10895688086748123,-0.003067961661145091,-0.5447463989257812
10.0,1001280.0,-0.10880082100629807,-0.003067961661145091,-0.5631420612335205
10.0,1001283.0,-0.10857494920492172,-0.003067961661145091,-0.5742496848106384
10.0,1001290.0,-0.1083696112036705,-0.003067961661145091,-0.5809589624404907
10.0,1001293.0,-0.10825461894273758,-0.003067961661145091,-0.5822302103042603
10.0,1001297.0,-0.10811088234186172,-0.003067961661145091,-0.5794752240180969
10.0,1001300.0,-0.10801642388105392,-0.003067961661145091,-0.5741490125656128
10.0,1001303.0,-0.1079014390707016,-0.003067961661145091,-0.564954936504364
10.0,1001307.0,-0.10782340914011002,-0.003067961661145091,-0.5508941411972046
10.0,1001310.0,-0.10775770246982574,-0.003067961661145091,-0.5356889963150024
10.0,1001313.0,-0.10768377780914307,-0.0015339808305725455,-0.7866690158843994
10.0,1001317.0,-0.10763038694858551,-0.0015339808305725455,-0.7576541900634766
10.0,1001320.0,-0.10756878554821014,-0.0015339808305725455,-0.7342837452888489
10.0,1001324.0,-0.10751129686832428,-0.0015339808305725455,-0.7085921764373779
10.0,1001328.0,-0.1074332669377327,-0.0015339808305725455,-0.6865629553794861
10.0,1001331.0,-0.1073429137468338,-0.0015339808305725455,-0.6732819676399231
10.0,1001335.0,-0.10727720707654953,0.0,-0.920849084854126
10.0,1001339.0,-0.10719096660614014,0.0,-0.9026445746421814
10.0,1001342.0,-0.10711704194545746,0.0,-0.882774829864502
10.0,1001346.0,-0.10700616240501404,0.0,-0.8690289258956909
10.0,1001349.0,-0.10691991448402405,0.0,-0.8590954542160034
10.0,1001353.0,-0.10679260641336441,0.0,-0.8534822463989258
10.0,1001357.0,-0.10665297508239746,0.0,-0.8489717245101929
10.0,1001360.0,-0.10654209554195404,0.0,-0.847342848777771
10.0,1001363.0,-0.10638193041086197,0.0,-0.8502276539802551
10.0,1001367.0,-0.10625872761011124,0.0,-0.8540051579475403
10.0,1001370.0,-0.1061355248093605,0.0,-0.8581433296203613
10.0,1001374.0,-0.10596303641796112,0.0,-0.862194299697876
10.0,1001377.0,-0.10583572834730148,0.0,-0.8670244216918945
10.0,1001381.0,-0.1056591346859932,0.0,-0.8757612109184265
10.0,1001385.0,-0.1054743304848671,0.0,-0.8855903744697571
10.0,1001388.0,-0.10528131574392319,-0.0015339808305725455,-0.6273428201675415
10.0,1001392.0,-0.10512115061283112,-0.0015339808305725455,-0.6459016799926758
10.0,1001395.0,-0.10496098548173904,-0.0015339808305725455,-0.6685374975204468
10.0,1001408.0,-0.10432032495737076,-0.0015339808305725455,-0.7229830026626587
10.0,1001412.0,-0.10413552075624466,-0.0015339808305725455,-0.7350600957870483
10.0,1001418.0,-0.10386858135461807,-0.003067961661145091,-0.4838038384914398
10.0,1001422.0,-0.10368377715349197,-0.003067961661145091,-0.4971027374267578
10.0,1001425.0,-0.10355236381292343,-0.003067961661145091,-0.5098588466644287
10.0,1001429.0,-0.10339219868183136,-0.003067961661145091,-0.5181955099105835
10.0,1001432.0,-0.1032443568110466,-0.003067961661145091,-0.5199054479598999
10.0,1001436.0,-0.10311704128980637,-0.003067961661145091,-0.5172621607780457
10.0,1001440.0,-0.10303490608930588,-0.003067961661145091,-0.5080497860908508
10.0,1001443.0,-0.1029609888792038,-0.003067961661145091,-0.49803227186203003
10.0,1001447.0,-0.10287885367870331,-0.003067961661145091,-0.7500041723251343
10.0,1001451.0,-0.10280492901802063,-0.0015339808305725455,-0.7308380603790283
10.0,1001454.0,-0.10275975614786148,-0.0015339808305725455,-0.7016776204109192
10.0,1001458.0,-0.10269815474748611,-0.0015339808305725455,-0.6762872934341431
10.0,1001461.0,-0.10262833535671234,-0.0015339808305725455,-0.6592200994491577
10.0,1001465.0,-0.10257905721664429,-0.0015339808305725455,-0.6367895603179932
10.0,1001469.0,-0.1024969220161438,0.0,-0.8794091939926147
10.0,1001474.0,-0.10243532061576843,0.0,-0.8500429391860962
10.0,1001479.0,-0.10234496742486954,0.0,-0.8192533254623413
10.0,1001482.0,-0.10228747129440308,0.0,-0.7975539565086365
10.0,1001486.0,-0.10220123082399368,0.0,-0.7841730713844299
10.0,1001489.0,-0.10213962942361832,0.0,-0.766491711139679
10.0,1001493.0,-0.10204928368330002,0.0015339808305725455,-1.0194066762924194
10.0,1001497.0,-0.10195071995258331,0.0015339808305725455,-1.0009559392929077
10.0,1001500.0,-0.10186036676168442,0.0015339808305725455,-0.9912763833999634
10.0,1001504.0,-0.10172484815120697,0.0015339808305725455,-0.9876384139060974
10.0,1001508.0,-0.1015646830201149,0.0015339808305725455,-0.9905736446380615
10.0,1001511.0,-0.10138808935880661,0.0015339808305725455,-0.9988154172897339
10.0,1001515.0,-0.10125256329774857,0.0015339808305725455,-0.7410528063774109
10.0,1001519.0,-0.10105544328689575,0.0,-0.7564208507537842
10.0,1001522.0,-0.10089117288589478,0.0,-0.7829887270927429
10.0,1001526.0,-0.10067761689424515,0.0,-0.8073213696479797
10.0,1001530.0,-0.10046406835317612,0.0,-0.8250328302383423
10.0,1001533.0,-0.10030800849199295,0.0,-0.8452563285827637
10.0,1001537.0,-0.10011088103055954,-0.0015339808305725455,-0.5895441770553589
10.0,1001540.0,-0.09995482861995697,-0.0015339808305725455,-0.6161012053489685
10.0,1001543.0,-0.09974948316812515,-0.0015339808305725455,-0.6337254047393799
10.0,1001547.0,-0.09955646842718124,-0.0015339808305725455,-0.6534000635147095
10.0,1001551.0,-0.0994168370962143,-0.0015339808305725455,-0.6660460233688354
10.0,1001554.0,-0.09928131103515625,-0.0015339808305725455,-0.6806533932685852
10.0,1001558.0,-0.09910472482442856,-0.0015339808305725455,-0.689952552318573
10.0,1001562.0,-0.09892813116312027,-0.0015339808305725455,-0.7024359703063965
10.0,1001566.0,-0.09875975549221039,-0.003067961661145091,-0.4469226896762848
10.0,1001569.0,-0.09859548509120941,-0.003067961661145091,-0.4572576880455017
10.0,1001573.0,-0.09848049283027649,-0.003067961661145091,-0.4652678966522217
10.0,1001577.0,-0.09835318475961685,-0.003067961661145091,-0.4657617211341858
10.0,1001580.0,-0.09826693683862686,-0.003067961661145091,-0.4615119397640228
10.0,1001583.0,-0.09817248582839966,-0.0015339808305725455,-0.7209942936897278
10.0,1001587.0,-0.09810677915811539,-0.0015339808305725455,-0.7032132744789124
10.0,1001590.0,-0.09801642596721649,-0.0015339808305725455,-0.6920256018638611
10.0,1001603.0,-0.09773716330528259,-0.0015339808305725455,-0.6476988792419434
10.0,1001608.0,-0.09763038903474808,-0.0015339808305725455,-0.62750643491745
10.0,1001612.0,-0.09754825383424759,-0.0015339808305725455,-0.6120497584342957
10.0,1001616.0,-0.09747432917356491,0.0,-0.8616271018981934
10.0,1001620.0,-0.09740862250328064,0.0,-0.8423789739608765
10.0,1001623.0,-0.09735523909330368,0.0,-0.8202401995658875
10.0,1001627.0,-0.0972772091627121,0.0,-0.8003051280975342
10.0,1001631.0,-0.0971868559718132,0.0,-0.7851168513298035
10.0,1001634.0,-0.09711704403162003,0.0,-0.7761372923851013
10.0,1001638.0,-0.09702258557081223,0.0,-0.7660869359970093
10.0,1001641.0,-0.09694866836071014,0.0,-0.7535716891288757
10.0,1001644.0,-0.09687884896993637,0.0,-0.744178056716919
10.0,1001649.0,-0.09676796942949295,0.0015339808305725455,-0.9966002702713013
10.0,1001652.0,-0.09670225530862808,0.0015339808305725455,-0.9782249927520752
10.0,1001656.0,-0.09659958630800247,0.0015339808305725455,-0.9682651162147522
10.0,1001661.0,-0.09645174443721771,0.0015339808305725455,-0.9581111669540405
10.0,1001666.0,-0.09626694023609161,0.0015339808305725455,-0.9609723687171936
10.0,1001670.0,-0.09610266983509064,0.0015339808305725455,-0.970876157283783
10.0,1001674.0,-0.09591376036405563,0.0015339808305725455,-0.9828016757965088
10.0,1001678.0,-0.09571663290262222,0.0,-0.7346472144126892
10.0,1001681.0,-0.09555646777153015,0.0,-0.7626054286956787
10.0,1001687.0,-0.09525667130947113,0.0,-0.7947855591773987
10.0,1001690.0,-0.09510882943868637,0.0,-0.8102811574935913
10.0,1001694.0,-0.09491581469774246,0.0,-0.8240576386451721
10.0,1001698.0,-0.09473100304603577,-0.0015339808305725455,-0.5727607607841492
10.0,1001701.0,-0.09459958970546722,-0.0015339808305725455,-0.5911676287651062
10.0,1001705.0,-0.09442710131406784,-0.0015339808305725455,-0.6062684059143066
10.0,1001709.0,-0.09426694363355637,-0.0015339808305725455,-0.6168463230133057
10.0,1001712.0,-0.09415605664253235,-0.0015339808305725455,-0.6225414276123047
10.0,1001716.0,-0.0940164253115654,-0.0015339808305725455,-0.6259161233901978
10.0,1001720.0,-0.09388911724090576,-0.0015339808305725455,-0.6260476112365723
10.0,1001723.0,-0.09379877150058746,-0.0015339808305725455,-0.6240224838256836
10.0,1001727.0,-0.09367967396974564,-0.0015339808305725455,-0.6221106052398682
10.0,1001730.0,-0.09358932077884674,-0.0015339808305725455,-0.6210962533950806
10.0,1001734.0,-0.09347022324800491,-0.0015339808305725455,-0.6201348900794983
10.0,1001737.0,-0.09335112571716309,-0.0015339808305725455,-0.6184749603271484
10.0,1001741.0,-0.09326488524675369,-0.0015339808305725455,-0.6155818104743958
10.0,1001745.0,-0.09315400570631027,-0.0015339808305725455,-0.6101465821266174
10.0,1001749.0,-0.09305133670568466,-0.0015339808305725455,-0.6055622100830078
10.0,1001752.0,-0.09297330677509308,-0.0015339808305725455,-0.597868025302887
10.0,1001756.0,-0.09285831451416016,-0.0015339808305725455,-0.5891683101654053
10.0,1001760.0,-0.09279671311378479,0.0,-0.8422044515609741
10.0,1001764.0,-0.0927145779132843,0.0,-0.8287844657897949
10.0,1001768.0,-0.0926201269030571,0.0,-0.8155276775360107
10.0,1001771.0,-0.09253798425197601,0.0,-0.8081490397453308
10.0,1001775.0,-0.09241889417171478,0.0,-0.8037472367286682
10.0,1001779.0,-0.09228747338056564,0.0,-0.8049548268318176
10.0,1001782.0,-0.09218480437994003,0.0,-0.8061044812202454
10.0,1001787.0,-0.09200000017881393,0.0,-0.8152230381965637
10.0,1001792.0,-0.09179876744747162,0.0,-0.8266791105270386
10.0,1001805.0,-0.09125667065382004,-0.0015339808305725455,-0.5920277237892151
10.0,1001809.0,-0.09110061824321747,-0.0015339808305725455,-0.604250431060791
10.0,1001813.0,-0.09096098691225052,-0.0015339808305725455,-0.6080398559570312
10.0,1001817.0,-0.0908459946513176,-0.0015339808305725455,-0.6064171195030212
10.0,1001820.0,-0.09076796472072601,-0.0015339808305725455,-0.6012364625930786
10.0,1001824.0,-0.09066940099000931,-0.0015339808305725455,-0.5962164402008057
10.0,1001828.0,-0.0905749499797821,-0.0015339808305725455,-0.5884069204330444
10.0,1001831.0,-0.0904804915189743,0.0,-0.8478400707244873
10.0,1001835.0,-0.09041889011859894,0.0,-0.8320276141166687
10.0,1001838.0,-0.09032443165779114,0.0,-0.8222559094429016
10.0,1001842.0,-0.09024640917778015,0.0,-0.812789797782898
10.0,1001846.0,-0.09013962745666504,0.0,-0.8063993453979492
10.0,1001850.0,-0.09002053737640381,0.0,-0.8041266798973083
10.0,1001853.0,-0.08993018418550491,0.0,-0.8007861971855164
10.0,1001857.0,-0.08980698138475418,0.0,-0.8000641465187073
10.0,1001860.0,-0.08967145532369614,0.0,-0.8023170828819275
10.0,1001864.0,-0.08956468105316162,0.0,-0.8058691620826721
10.0,1001868.0,-0.08942094445228577,0.0,-0.8120179176330566
10.0,1001871.0,-0.08931006491184235,0.0,-0.8165177702903748
10.0,1001874.0,-0.08916221559047699,0.0,-0.8209278583526611
10.0,1001878.0,-0.08905544131994247,-0.0015339808305725455,-0.5584364533424377
10.0,1001882.0,-0.08890759944915771,-0.0015339808305725455,-0.5671860575675964
10.0,1001885.0,-0.08879260718822479,-0.0015339808305725455,-0.578505277633667
10.0,1001889.0,-0.08865297585725784,-0.0015339808305725455,-0.5867751240730286
10.0,1001892.0,-0.0885174572467804,-0.0015339808305725455,-0.5921441316604614
10.0,1001896.0,-0.08839424699544907,-0.0015339808305725455,-0.594643235206604
10.0,1001900.0,-0.08830390125513077,-0.0015339808305725455,-0.5957412123680115
10.0,1001904.0,-0.08819302171468735,0.0,-0.8626740574836731
10.0,1001908.0,-0.08809856325387955,0.0,-0.8497866988182068
10.0,1001911.0,-0.08802463859319687,0.0,-0.8387880921363831
10.0,1001918.0,-0.08781930059194565,0.0,-0.8337678909301758
10.0,1001922.0,-0.0876796692609787,0.0,-0.8382033705711365
10.0,1001926.0,-0.08753182739019394,0.0,-0.8438505530357361
10.0,1001929.0,-0.08741683512926102,-0.0015339808305725455,-0.5839370489120483
10.0,1001933.0,-0.08725666999816895,-0.0015339808305725455,-0.6005577445030212
10.0,1001937.0,-0.08706365525722504,-0.0015339808305725455,-0.6125867962837219
10.0,1001941.0,-0.08694866299629211,-0.0015339808305725455,-0.6242373585700989
10.0,1001944.0,-0.0868377834558487,-0.0015339808305725455,-0.6317219138145447
10.0,1001948.0,-0.08669815212488174,-0.0015339808305725455,-0.6374091506004333
10.0,1001952.0,-0.0865626260638237,-0.0015339808305725455,-0.6418954133987427
10.0,1001955.0,-0.0864681750535965,-0.0015339808305725455,-0.6446165442466736
10.0,1001959.0,-0.08634907752275467,-0.0015339808305725455,-0.6432788968086243
10.0,1001962.0,-0.08623819053173065,-0.0015339808305725455,-0.6409790515899658
10.0,1001967.0,-0.08613141626119614,-0.0015339808305725455,-0.637145459651947
10.0,1001970.0,-0.08604928106069565,-0.0015339808305725455,-0.6348453760147095
10.0,1001974.0,-0.08594250679016113,-0.0015339808305725455,-0.6299954652786255
10.0,1001979.0,-0.08579877018928528,-0.0015339808305725455,-0.621222198009491
10.0,1001983.0,-0.0857289507985115,-0.0015339808305725455,-0.615642786026001
10.0,1001987.0,-0.08564271032810211,-0.0015339808305725455,-0.6062382459640503
10.0,1001990.0,-0.08558521419763565,-0.0015339808305725455,-0.5945588946342468
10.0,1002003.0,-0.08536755293607712,0.0,-0.7981436848640442
10.0,1002007.0,-0.08529774099588394,0.0,-0.7820295691490173
10.0,1002011.0,-0.08521971106529236,0.0,-0.7710288166999817
10.0,1002014.0,-0.08513757586479187,0.0,-0.7586265206336975
10.0,1002018.0,-0.08508007973432541,0.0,-0.7453933954238892
10.0,1002022.0,-0.08499383926391602,0.0015339808305725455,-1.00223708152771
10.0,1002025.0,-0.08490759879350662,0.0015339808305725455,-0.9907667636871338
10.0,1002030.0,-0.08481314033269882,0.0015339808305725455,-0.9782705307006836
10.0,1002033.0,-0.08472689986228943,0.0015339808305725455,-0.9729447364807129
10.0,1002037.0,-0.08459959179162979,0.0015339808305725455,-0.9731452465057373
10.0,1002040.0,-0.08445174247026443,0.0015339808305725455,-0.9788161516189575
10.0,1002044.0,-0.0843285396695137,0.0015339808305725455,-0.989676833152771
10.0,1002048.0,-0.08415195345878601,0.0,-0.7362391352653503
10.0,1002051.0,-0.08400410413742065,0.0,-0.7630101442337036
10.0,1002054.0,-0.08381108939647675,0.0,-0.7811420559883118
10.0,1002058.0,-0.0836714580655098,0.0,-0.8023651838302612
10.0,1002062.0,-0.0834866538643837,0.0,-0.8181429505348206
10.0,1002066.0,-0.0833059549331665,0.0,-0.8413642048835754
10.0,1002069.0,-0.0831211507320404,-0.0015339808305725455,-0.5892807841300964
10.0,1002073.0,-0.08297741413116455,-0.0015339808305725455,-0.6166844367980957
10.0,1002077.0,-0.08279260993003845,-0.0015339808305725455,-0.6391265392303467
10.0,1002081.0,-0.08262012153863907,-0.0015339808305725455,-0.6527683734893799
10.0,1002084.0,-0.08249691873788834,-0.0015339808305725455,-0.6686182022094727
10.0,1002088.0,-0.08233675360679626,-0.0015339808305725455,-0.6788489818572998
10.0,1002091.0,-0.08221765607595444,-0.0015339808305725455,-0.6925496459007263
10.0,1002094.0,-0.08205338567495346,-0.0015339808305725455,-0.7035269737243652
10.0,1002099.0,-0.08189733326435089,-0.0015339808305725455,-0.7185784578323364
10.0,1002104.0,-0.08170020580291748,-0.003067961661145091,-0.4627256691455841
10.0,1002108.0,-0.08154825121164322,-0.003067961661145091,-0.4780837595462799
10.0,1002111.0,-0.08141273260116577,-0.003067961661145091,-0.48757365345954895
10.0,1002115.0,-0.08132649213075638,-0.003067961661145091,-0.4894554615020752
10.0,1002118.0,-0.08122381567955017,-0.003067961661145091,-0.48790600895881653
10.0,1002122.0,-0.0811581090092659,-0.003067961661145091,-0.4831208884716034
10.0,1002126.0,-0.08108007907867432,-0.003067961661145091,-0.7390140295028687
10.0,1002129.0,-0.08103080093860626,-0.0015339808305725455,-0.724819540977478
10.0,1002132.0,-0.08096509426832199,-0.0015339808305725455,-0.7110351324081421
10.0,1002136.0,-0.08089527487754822,-0.0015339808305725455,-0.6946344971656799
10.0,1002140.0,-0.08084189146757126,-0.0015339808305725455,-0.6802089810371399
10.0,1002144.0,-0.08076386153697968,-0.0015339808305725455,-0.6704270243644714
10.0,1002148.0,-0.08068172633647919,-0.0015339808305725455,-0.6595987677574158
10.0,1002151.0,-0.0806036964058876,-0.0015339808305725455,-0.6478828191757202
10.0,1002155.0,-0.08054209500551224,-0.0015339808305725455,-0.6379459500312805
10.0,1002159.0,-0.08045995980501175,-0.0015339808305725455,-0.6270504593849182
10.0,1002163.0,-0.08036550134420395,0.0,-0.8850303292274475
10.0,1002169.0,-0.08027515560388565,0.0,-0.8626741766929626
10.0,1002172.0,-0.0802217647433281,0.0,-0.8461407423019409
10.0,1002177.0,-0.08011499047279358,0.0,-0.8342322707176208
10.0,1002180.0,-0.0800451710820198,0.0,-0.8255146145820618
10.0,1002184.0,-0.0799466148018837,0.0,-0.8202070593833923
10.0,1002187.0,-0.0798521563410759,0.0,-0.8120564818382263
10.0,1002200.0,-0.07954825460910797,0.0,-0.7961696982383728
10.0,1002204.0,-0.07942505180835724,0.0,-0.7983423471450806
10.0,1002208.0,-0.0793018490076065,0.0,-0.8019221425056458
10.0,1002211.0,-0.07917042821645737,0.0,-0.805564820766449
10.0,1002215.0,-0.07906775921583176,0.0,-0.8116282224655151
10.0,1002219.0,-0.07893224060535431,0.0,-0.8164277076721191
10.0,1002222.0,-0.0788336768746376,0.0,-0.82087242603302
10.0,1002226.0,-0.07869815081357956,0.0,-0.827880859375
10.0,1002229.0,-0.0785544142127037,0.0,-0.833688497543335
10.0,1002233.0,-0.07843942195177078,0.0,-0.8420316576957703
10.0,1002237.0,-0.07828336954116821,0.0,-0.8537457585334778
10.0,1002240.0,-0.07816837728023529,-0.0015339808305725455,-0.5997273325920105
10.0,1002244.0,-0.07801643013954163,-0.0015339808305725455,-0.6104679107666016
10.0,1002248.0,-0.07788090407848358,-0.0015339808305725455,-0.6203433275222778
10.0,1002251.0,-0.07779055088758469,-0.0015339808305725455,-0.6245655417442322
10.0,1002254.0,-0.07767146080732346,-0.0015339808305725455,-0.6279838681221008
10.0,1002258.0,-0.07758932560682297,-0.0015339808305725455,-0.6279947757720947
10.0,1002262.0,-0.07748254388570786,-0.0015339808305725455,-0.6286853551864624
10.0,1002265.0,-0.07740451395511627,-0.0015339808305725455,-0.6287347674369812
10.0,1002269.0,-0.07730184495449066,-0.0015339808305725455,-0.6261593699455261
10.0,1002272.0,-0.07720328867435455,-0.0015339808305725455,-0.6243022084236145
10.0,1002276.0,-0.07711293548345566,-0.0015339808305725455,-0.6192532181739807
10.0,1002280.0,-0.07704722881317139,-0.0015339808305725455,-0.6149336695671082
10.0,1002283.0,-0.07698562741279602,-0.0015339808305725455,-0.6076202392578125
10.0,1002288.0,-0.07689116895198822,0.0,-0.8587575554847717
10.0,1002293.0,-0.07679671794176102,0.0,-0.8450415134429932
10.0,1002297.0,-0.07671047002077103,0.0,-0.834547758102417
10.0,1002300.0,-0.07663244009017944,0.0,-0.8311815857887268
10.0,1002304.0,-0.07651745527982712,0.0,-0.8307780623435974
10.0,1002307.0,-0.07639835774898529,0.0,-0.8316171169281006
10.0,1002311.0,-0.07629979401826859,0.0,-0.8364952802658081
10.0,1002314.0,-0.07616838067770004,0.0,-0.8400695323944092
10.0,1002318.0,-0.07606571167707443,0.0,-0.847420334815979
10.0,1002321.0,-0.07592196762561798,0.0,-0.8534711599349976
10.0,1002325.0,-0.07580698281526566,-0.0015339808305725455,-0.5951467156410217
10.0,1002328.0,-0.07563860714435577,-0.0015339808305725455,-0.6171924471855164
10.0,1002332.0,-0.07551539689302444,-0.0015339808305725455,-0.6371316909790039
10.0,1002336.0,-0.07535523921251297,-0.0015339808305725455,-0.650294303894043
10.0,1002339.0,-0.07524845749139786,-0.0015339808305725455,-0.6610805988311768
10.0,1002343.0,-0.07512114942073822,-0.0015339808305725455,-0.665583610534668
10.0,1002347.0,-0.07500205188989639,-0.0015339808305725455,-0.6692050695419312
10.0,1002350.0,-0.074915811419487,-0.0015339808305725455,-0.6714186668395996
10.0,1002354.0,-0.07480492442846298,-0.0015339808305725455,-0.67172771692276
10.0,1002358.0,-0.07469404488801956,-0.0015339808305725455,-0.6725958585739136
10.0,1002361.0,-0.07461601495742798,-0.0015339808305725455,-0.6721451878547668
10.0,1002364.0,-0.07451334595680237,-0.0015339808305725455,-0.6698237061500549
10.0,1002368.0,-0.07444353401660919,-0.0015339808305725455,-0.6655195355415344
10.0,1002372.0,-0.0743531808257103,-0.0015339808305725455,-0.6607449650764465
10.0,1002375.0,-0.07429568469524384,-0.0015339808305725455,-0.6501455307006836
10.0,1002379.0,-0.07422997802495956,-0.0015339808305725455,-0.6359496116638184
10.0,1002391.0,-0.07409034669399261,0.0,-0.8447937965393066
10.0,1002395.0,-0.07405749708414078,0.0,-0.824609100818634
10.0,1002399.0,-0.07401231676340103,0.0,-0.8026154041290283
10.0,1002402.0,-0.07397536188364029,0.0,-0.7841260433197021
10.0,1002406.0,-0.07391376048326492,0.0,-0.7690176367759705
10.0,1002411.0,-0.07382340729236603,0.0,-0.7565836310386658
10.0,1002416.0,-0.07369609922170639,0.0,-0.7487568855285645
10.0,1002421.0,-0.0736057460308075,0.0,-0.7426841259002686
10.0,1002424.0,-0.07353593409061432,0.0,-0.740252673625946
10.0,1002428.0,-0.07344147562980652,0.0,-0.7389459609985352
10.0,1002432.0,-0.07334291934967041,0.0,-0.7380194664001465
10.0,1002436.0,-0.0732443556189537,0.0,-0.7365816235542297
10.0,1002439.0,-0.07317043095827103,0.0,-0.73577481508255
10.0,1002442.0,-0.07307186722755432,0.0,-0.7350130677223206
10.0,1002447.0,-0.07296919822692871,0.0,-0.7353910207748413
10.0,1002450.0,-0.07289116829633713,0.0,-0.7371346354484558
10.0,1002454.0,-0.07278439402580261,0.0,-0.7388648986816406
10.0,1002458.0,-0.0726776197552681,0.0,-0.7394664287567139
10.0,1002461.0,-0.07259548455476761,0.0,-0.7424989342689514
10.0,1002464.0,-0.07248459756374359,0.0,-0.7443944215774536
10.0,1002468.0,-0.07240656763315201,0.0,-0.7459960579872131
10.0,1002472.0,-0.07229979336261749,0.0,-0.7465046644210815
10.0,1002477.0,-0.07216838002204895,0.0,-0.7478237748146057
10.0,1002481.0,-0.0720328539609909,0.0,-0.7504763007164001
10.0,1002485.0,-0.07194250822067261,0.0,-0.7573710083961487
10.0,1002489.0,-0.07181519269943237,0.0,-0.765400767326355
10.0,1002492.0,-0.07171662896871567,0.0,-0.7722548842430115
10.0,1002496.0,-0.07154825329780579,0.0,-0.7824864387512207
10.0,1002500.0,-0.07144968956708908,0.0,-0.7924043536186218
10.0,1002503.0,-0.07131005823612213,0.0,-0.7999758720397949
10.0,1002508.0,-0.07117043435573578,0.0,-0.810675859451294
10.0,1002511.0,-0.07101437449455261,0.0,-0.8263897895812988
10.0,1002515.0,-0.07088706642389297,0.0,-0.8455930352210999
10.0,1002519.0,-0.0707186833024025,-0.0015339808305725455,-0.5929850339889526
10.0,1002522.0,-0.07058726996183395,-0.0015339808305725455,-0.6197369694709778
10.0,1002527.0,-0.07038193196058273,-0.0015339808305725455,-0.6402071714401245
10.0,1002530.0,-0.07027515769004822,-0.0015339808305725455,-0.6546332240104675
10.0,1002534.0,-0.07013141363859177,-0.0015339808305725455,-0.6647971272468567
10.0,1002538.0,-0.06999178975820541,-0.0015339808305725455,-0.6770555377006531
10.0,1002541.0,-0.0698850080370903,-0.0015339808305725455,-0.6902768611907959
10.0,1002544.0,-0.06974127143621445,-0.0015339808305725455,-0.6995768547058105
10.0,1002549.0,-0.0696098580956459,-0.003067961661145091,-0.4396151006221771
10.0,1002552.0,-0.0695153996348381,-0.003067961661145091,-0.4512141942977905
10.0,1002556.0,-0.06940040737390518,-0.003067961661145091,-0.4583958089351654
10.0,1002559.0,-0.06930595636367798,-0.003067961661145091,-0.4592893421649933
10.0,1002563.0,-0.06924435496330261,-0.003067961661145091,-0.4574766159057617
10.0,1002567.0,-0.06917043030261993,-0.003067961661145091,-0.4524611532688141
10.0,1002570.0,-0.06912525743246078,-0.003067961661145091,-0.7107617855072021
10.0,1002574.0,-0.06907597184181213,-0.0015339808305725455,-0.6922717094421387
10.0,1002578.0,-0.06902669370174408,-0.0015339808305725455,-0.6788889765739441
10.0,1002590.0,-0.06887063384056091,-0.0015339808305725455,-0.6316856145858765
10.0,1002594.0,-0.06881725043058395,-0.0015339808305725455,-0.6175722479820251
10.0,1002598.0,-0.06877618283033371,-0.0015339808305725455,-0.595041036605835
10.0,1002602.0,-0.06874332576990128,0.0,-0.8396735191345215
10.0,1002607.0,-0.06870636343955994,0.0,-0.8064618110656738
10.0,1002611.0,-0.06868172436952591,0.0,-0.7831496000289917
10.0,1002614.0,-0.06864886730909348,0.0,-0.7662460207939148
10.0,1002618.0,-0.06862012296915054,0.0,-0.7457764744758606
10.0,1002622.0,-0.0685831606388092,0.0,-0.7312870025634766
10.0,1002625.0,-0.06855031102895737,0.0015339808305725455,-0.9761964082717896
10.0,1002629.0,-0.06851745396852493,0.0015339808305725455,-0.9505681395530701
10.0,1002633.0,-0.0684845969080925,0.0015339808305725455,-0.9299238920211792
10.0,1002637.0,-0.06842710822820663,0.0015339808305725455,-0.9186629056930542
10.0,1002640.0,-0.06837782263755798,0.0015339808305725455,-0.9072675108909607
10.0,1002643.0,-0.06829158216714859,0.0015339808305725455,-0.9033805727958679
10.0,1002647.0,-0.06819712370634079,0.0015339808305725455,-0.9006309509277344
10.0,1002651.0,-0.0681149885058403,0.0015339808305725455,-0.9033692479133606
10.0,1002654.0,-0.06799589097499847,0.0015339808305725455,-0.9077261090278625
10.0,1002658.0,-0.06789732724428177,0.0015339808305725455,-0.9169543981552124
10.0,1002663.0,-0.06771663576364517,0.0015339808305725455,-0.9347706437110901
10.0,1002668.0,-0.06752361357212067,0.0,-0.6889492273330688
10.0,1002672.0,-0.06735113263130188,0.0,-0.709991991519928
10.0,1002675.0,-0.06721560657024384,0.0,-0.7389523386955261
10.0,1002679.0,-0.06703901290893555,0.0,-0.764238178730011
10.0,1002682.0,-0.06687063723802567,0.0,-0.7819679975509644
10.0,1002688.0,-0.06663244217634201,-0.0015339808305725455,-0.5468881726264954
10.0,1002692.0,-0.06651334464550018,-0.0015339808305725455,-0.5702676773071289
10.0,1002696.0,-0.06636139750480652,-0.0015339808305725455,-0.5865824818611145
10.0,1002699.0,-0.06622176617383957,-0.0015339808305725455,-0.6032406687736511
10.0,1002703.0,-0.06611909717321396,-0.0015339808305725455,-0.6179787516593933
10.0,1002707.0,-0.06598767638206482,-0.0015339808305725455,-0.6277006268501282
10.0,1002710.0,-0.06589322537183762,-0.0015339808305725455,-0.6376163363456726
10.0,1002714.0,-0.06577412784099579,-0.0015339808305725455,-0.6441672444343567
10.0,1002717.0,-0.06565503031015396,-0.0015339808305725455,-0.6522140502929688
10.0,1002720.0,-0.06556057184934616,-0.0015339808305725455,-0.6597773432731628
10.0,1002724.0,-0.06547022610902786,-0.0015339808305725455,-0.40025216341018677
10.0,1002728.0,-0.06534291803836823,-0.003067961661145091,-0.4162690043449402
10.0,1002731.0,-0.0652238205075264,-0.003067961661145091,-0.42489030957221985
10.0,1002735.0,-0.06515400111675262,-0.003067961661145091,-0.42790836095809937
10.0,1002738.0,-0.06507186591625214,-0.003067961661145091,-0.42823755741119385
10.0,1002742.0,-0.06502258777618408,-0.003067961661145091,-0.42448848485946655
10.0,1002745.0,-0.06496919691562653,-0.003067961661145091,-0.41563794016838074
10.0,1002749.0,-0.0649404525756836,-0.0015339808305725455,-0.6671696901321411
10.0,1002753.0,-0.06491170078516006,-0.0015339808305725455,-0.6502970457077026
10.0,1002757.0,-0.06487885117530823,-0.0015339808305725455,-0.6303486824035645
10.0,1002760.0,-0.0648542121052742,-0.0015339808305725455,-0.6111395359039307
10.0,1002763.0,-0.06482135504484177,-0.0015339808305725455,-0.5972055792808533
10.0,1002767.0,-0.06478028744459152,-0.0015339808305725455,-0.5819108486175537
10.0,1002770.0,-0.06475154310464859,-0.0015339808305725455,-0.5701586604118347
10.0,1002774.0,-0.06472279131412506,-0.0015339808305725455,-0.8229963183403015
10.0,1002788.0,-0.06452566385269165,0.0,-0.7716938853263855
10.0,1002794.0,-0.06441478431224823,0.0,-0.7689257860183716
10.0,1002798.0,-0.06432032585144043,0.0,-0.7687168121337891
10.0,1002801.0,-0.06424230337142944,0.0,-0.7725458741188049
10.0,1002805.0,-0.06413141638040543,0.0,-0.7776198387145996
10.0,1002809.0,-0.0640164241194725,0.0,-0.7823374271392822
10.0,1002812.0,-0.06393018364906311,0.0,-0.7898169159889221
10.0,1002816.0,-0.06377823650836945,-0.0015339808305725455,-0.5331822037696838
10.0,1002820.0,-0.06368788331747055,-0.0015339808305725455,-0.5460617542266846
10.0,1002823.0,-0.06357700377702713,-0.0015339808305725455,-0.5530866980552673
10.0,1002827.0,-0.06348254531621933,-0.0015339808305725455,-0.5572730302810669
10.0,1002830.0,-0.06342504918575287,-0.0015339808305725455,-0.5559694766998291
10.0,1002834.0,-0.06336755305528641,-0.0015339808305725455,-0.5480561256408691
10.0,1002839.0,-0.06332238018512726,-0.0015339808305725455,-0.5364437103271484
10.0,1002842.0,-0.06330184638500214,-0.0015339808305725455,-0.5185779929161072
10.0,1002846.0,-0.06328541785478592,0.0,-0.7612460851669312
10.0,1002850.0,-0.06328131258487701,0.0,-0.7397413849830627
10.0,1002853.0,-0.0632731020450592,0.0,-0.7142486572265625
10.0,1002857.0,-0.06326077878475189,0.0,-0.6954255104064941
10.0,1002860.0,-0.06325667351484299,0.0,-0.6702426671981812
10.0,1002864.0,-0.06324435025453568,0.0,-0.6526305675506592
10.0,1002867.0,-0.06324024498462677,0.0015339808305725455,-0.8915588855743408
10.0,1002871.0,-0.06323203444480896,0.0015339808305725455,-0.8643306493759155
10.0,1002874.0,-0.06321150064468384,0.0015339808305725455,-0.8469237089157104
10.0,1002878.0,-0.06319096684455872,0.0015339808305725455,-0.8267208933830261
10.0,1002882.0,-0.06315810978412628,0.0015339808305725455,-0.8130587935447693
10.0,1002885.0,-0.06312526017427444,0.0015339808305725455,-0.7994461059570312
10.0,1002889.0,-0.0630800798535347,0.0015339808305725455,-0.7850193977355957
10.0,1002892.0,-0.06303901225328445,0.003067961661145091,-1.0421425104141235
10.0,1002897.0,-0.0629938393831253,0.003067961661145091,-1.023987889289856
10.0,1002900.0,-0.06295687705278397,0.003067961661145091,-1.0092161893844604
10.0,1002904.0,-0.06288706511259079,0.003067961661145091,-1.0028750896453857
10.0,1002908.0,-0.0628049299120903,0.003067961661145091,-0.9982979893684387
10.0,1002911.0,-0.06267350912094116,0.003067961661145091,-1.0021889209747314
10.0,1002916.0,-0.06254620105028152,0.003067961661145091,-1.0124305486679077
10.0,1002922.0,-0.06236550211906433,0.0015339808305725455,-0.7747722864151001
10.0,1002926.0,-0.06220533698797226,0.0015339808305725455,-0.798996090888977
10.0,1002930.0,-0.06204928085207939,0.0015339808305725455,-0.8173022866249084
10.0,1002934.0,-0.06189732998609543,0.0015339808305725455,-0.838749349117279
10.0,1002937.0,-0.06174948811531067,0.0015339808305725455,-0.85811847448349
10.0,1002943.0,-0.06155236065387726,0.0,-0.6215004324913025
10.0,1002947.0,-0.06139630451798439,0.0,-0.6478005647659302
10.0,1002950.0,-0.061289526522159576,0.0,-0.6691884994506836
10.0,1002954.0,-0.06115400418639183,0.0,-0.6817246675491333
10.0,1002957.0,-0.0610308013856411,0.0,-0.6952519416809082
10.0,1002961.0,-0.060936346650123596,0.0,-0.7083231806755066
10.0,1002964.0,-0.06080903485417366,0.0,-0.7198626399040222
10.0,1002968.0,-0.06068583205342293,-0.0015339808305725455,-0.4682407081127167
10.0,1002972.0,-0.060591377317905426,-0.0015339808305725455,-0.4872879981994629
10.0,1002985.0,-0.06027104705572128,-0.0015339808305725455,-0.511245608329773
10.0,1002989.0,-0.06020123139023781,-0.0015339808305725455,-0.5087730884552002
10.0,1002992.0,-0.06013962998986244,-0.0015339808305725455,-0.5056465268135071
10.0,1002997.0,-0.06009034812450409,-0.0015339808305725455,-0.49805748462677
10.0,1003001.0,-0.06004517525434494,-0.0015339808305725455,-0.4894123077392578
10.0,1003004.0,-0.06001642718911171,-0.0015339808305725455,-0.47976142168045044
10.0,1003008.0,-0.05997946485877037,0.0,-0.7376584410667419
10.0,1003011.0,-0.05995072051882744,0.0,-0.72137051820755
10.0,1003014.0,-0.05990554392337799,0.0,-0.7125874161720276
10.0,1003018.0,-0.05986447632312775,0.0,-0.703957200050354
10.0,1003022.0,-0.059798769652843475,0.0,-0.6997116208076477
10.0,1003025.0,-0.05972073972225189,0.0,-0.6982607245445251
10.0,1003029.0,-0.059638604521751404,0.0,-0.6982335448265076
10.0,1003033.0,-0.05957700312137604,0.0,-0.6982329487800598
10.0,1003037.0,-0.059490758925676346,0.0,-0.6995770335197449
10.0,1003040.0,-0.059425052255392075,0.0,-0.7009255290031433
10.0,1003043.0,-0.059342917054891586,0.0,-0.7009129524230957
10.0,1003047.0,-0.059256672859191895,0.0,-0.7022419571876526
10.0,1003051.0,-0.05919096618890762,0.0,-0.7035520076751709
10.0,1003054.0,-0.059125255793333054,0.0,-0.7062162160873413
10.0,1003058.0,-0.05903080105781555,0.0,-0.710134744644165
10.0,1003062.0,-0.05892813205718994,0.0,-0.7153599262237549
10.0,1003065.0,-0.05885010212659836,0.0,-0.7230227589607239
10.0,1003069.0,-0.05873921886086464,-0.0015339808305725455,-0.4678713381290436
10.0,1003073.0,-0.058624230325222015,-0.0015339808305725455,-0.4796735942363739
10.0,1003077.0,-0.05852566659450531,-0.0015339808305725455,-0.4895811975002289
10.0,1003080.0,-0.058464065194129944,-0.0015339808305725455,-0.49244454503059387
10.0,1003084.0,-0.05839424952864647,-0.0015339808305725455,-0.4928589463233948
10.0,1003087.0,-0.05834086239337921,-0.0015339808305725455,-0.4876224100589752
10.0,1003091.0,-0.05831211432814598,-0.0015339808305725455,-0.47722890973091125
10.0,1003094.0,-0.05828336626291275,0.0,-0.7357848882675171
10.0,1003098.0,-0.05827104672789574,0.0,-0.7079704403877258
10.0,1003103.0,-0.058250512927770615,0.0,-0.6919034123420715
10.0,1003108.0,-0.05822997912764549,0.0,-0.6661176681518555
10.0,1003111.0,-0.058213550597429276,0.0,-0.6476778984069824
10.0,1003114.0,-0.05819712579250336,0.0,-0.6359808444976807
10.0,1003118.0,-0.05817248299717903,0.0,-0.6186701059341431
10.0,1003121.0,-0.05815194919705391,0.0,-0.6064389944076538
10.0,1003125.0,-0.05813552439212799,0.0015339808305725455,-0.8630049228668213
10.0,1003129.0,-0.058119095861911774,0.0015339808305725455,-0.8398321866989136
10.0,1003132.0,-0.05809856206178665,0.0015339808305725455,-0.821552574634552
10.0,1003136.0,-0.05806160345673561,0.0015339808305725455,-0.8106426000595093
10.0,1003139.0,-0.05802874639630318,0.0015339808305725455,-0.7987987399101257
10.0,1003143.0,-0.057971253991127014,0.0015339808305725455,-0.7939016819000244
10.0,1003147.0,-0.057905543595552444,0.0015339808305725455,-0.7893855571746826
10.0,1003150.0,-0.05785215646028519,0.0015339808305725455,-0.7877318263053894
10.0,1003154.0,-0.057774126529693604,0.0015339808305725455,-0.7872204184532166
10.0,1003158.0,-0.057691991329193115,0.0015339808305725455,-0.7883654832839966
10.0,1003161.0,-0.05763038992881775,0.0015339808305725455,-0.7894966006278992
10.0,1003165.0,-0.057523615658283234,0.0015339808305725455,-0.7919694781303406
10.0,1003178.0,-0.05726899206638336,0.0015339808305725455,-0.7993508577346802
10.0,1003182.0,-0.057178646326065063,0.0015339808305725455,-0.8013567328453064
10.0,1003185.0,-0.05710061639547348,0.0015339808305725455,-0.8088705539703369
10.0,1003189.0,-0.05699794739484787,0.0015339808305725455,-0.8174987435340881
10.0,1003193.0,-0.05688295513391495,0.0015339808305725455,-0.8257932662963867
10.0,1003197.0,-0.05676386132836342,0.0,-0.5709625482559204
10.0,1003200.0,-0.05666940286755562,0.0,-0.5913050770759583
10.0,1003204.0,-0.056537989526987076,0.0,-0.6070929765701294
10.0,1003207.0,-0.05641889199614525,0.0,-0.6234940886497498
10.0,1003211.0,-0.05633675679564476,0.0,-0.6352978944778442
10.0,1003214.0,-0.05623408779501915,0.0,-0.6432099938392639
10.0,1003218.0,-0.056156057864427567,0.0,-0.6530138254165649
10.0,1003221.0,-0.056053388863801956,0.0,-0.6604771614074707
10.0,1003225.0,-0.05594661086797714,0.0,-0.6710339784622192
10.0,1003229.0,-0.05586858466267586,0.0,-0.6812490820884705
10.0,1003232.0,-0.05576591193675995,0.0,-0.6866738796234131
10.0,1003236.0,-0.05569609999656677,-0.0015339808305725455,-0.42848125100135803
10.0,1003240.0,-0.05560985580086708,-0.0015339808305725455,-0.4340333938598633
10.0,1003243.0,-0.05556468293070793,-0.0015339808305725455,-0.4331648647785187
10.0,1003247.0,-0.05552361533045769,0.0,-0.6925550699234009
10.0,1003250.0,-0.055503081530332565,0.0,-0.6789026260375977
10.0,1003254.0,-0.05549075827002525,0.0,-0.6629598140716553
10.0,1003258.0,-0.05547022446990013,0.0,-0.6454918384552002
10.0,1003261.0,-0.05545790493488312,0.0,-0.6287079453468323
10.0,1003264.0,-0.0554414801299572,0.0,-0.6155073046684265
10.0,1003269.0,-0.055416837334632874,0.0,-0.599793553352356
10.0,1003274.0,-0.055392198264598846,0.0,-0.5766352415084839
10.0,1003278.0,-0.055371664464473724,0.0015339808305725455,-0.8262515664100647
10.0,1003282.0,-0.05535523593425751,0.0015339808305725455,-0.8066589832305908
10.0,1003286.0,-0.055297739803791046,0.0015339808305725455,-0.790847659111023
10.0,1003293.0,-0.05522792786359787,0.0015339808305725455,-0.7824375033378601
10.0,1003298.0,-0.055129364132881165,0.0015339808305725455,-0.7837491035461426
10.0,1003301.0,-0.05504311993718147,0.0015339808305725455,-0.7872011065483093
10.0,1003305.0,-0.05496919900178909,0.0015339808305725455,-0.7927338480949402
10.0,1003308.0,-0.05489116907119751,0.0015339808305725455,-0.802589476108551
10.0,1003312.0,-0.05478028580546379,0.0015339808305725455,-0.810419499874115
10.0,1003315.0,-0.05468583106994629,0.0015339808305725455,-0.8250176310539246
10.0,1003319.0,-0.05456262826919556,0.0,-0.5735551714897156
10.0,1003323.0,-0.05442710593342781,0.0,-0.5984881520271301
10.0,1003327.0,-0.05428747460246086,0.0,-0.6159381866455078
10.0,1003330.0,-0.054188910871744156,0.0,-0.6367080807685852
10.0,1003334.0,-0.054057493805885315,0.0,-0.6518095135688782
10.0,1003338.0,-0.053926076740026474,0.0,-0.671332597732544
10.0,1003341.0,-0.05383162200450897,-0.0015339808305725455,-0.4190611243247986
10.0,1003344.0,-0.05370841920375824,-0.0015339808305725455,-0.43605664372444153
10.0,1003348.0,-0.05362217500805855,-0.0015339808305725455,-0.4544476270675659
10.0,1003352.0,-0.05352361500263214,-0.0015339808305725455,-0.4624300003051758
10.0,1003355.0,-0.05345790460705757,-0.0015339808305725455,-0.47051912546157837
10.0,1003359.0,-0.05338398367166519,-0.0015339808305725455,-0.4729827046394348
10.0,1003362.0,-0.053322382271289825,-0.0015339808305725455,-0.4724433720111847
10.0,1003366.0,-0.053264886140823364,-0.0015339808305725455,-0.47085535526275635
10.0,1003370.0,-0.053227927535772324,-0.0015339808305725455,-0.46531879901885986
10.0,1003373.0,-0.05318685993552208,-0.0015339808305725455,-0.4609704911708832
10.0,1003378.0,-0.053145792335271835,-0.0015339808305725455,-0.45447760820388794
10.0,1003381.0,-0.05312114953994751,-0.0015339808305725455,-0.7140132188796997
10.0,1003384.0,-0.05309651046991348,0.0,-0.7016341686248779
10.0,1003388.0,-0.05307186767458916,0.0,-0.6861289143562317
10.0,1003392.0,-0.053034909069538116,0.0,-0.6772496104240417
10.0,1003395.0,-0.05300205200910568,0.0,-0.6666815280914307
10.0,1003398.0,-0.05295687913894653,0.0,-0.6610362529754639
10.0,1003402.0,-0.05291581153869629,0.0,-0.6564405560493469
10.0,1003406.0,-0.052845995873212814,0.0,-0.6507012248039246
10.0,1003410.0,-0.05280492827296257,0.0,-0.644850492477417
10.0,1003415.0,-0.052739217877388,0.0,-0.6382341980934143
10.0,1003421.0,-0.052661191672086716,0.0,-0.6316315531730652
10.0,1003424.0,-0.05262422934174538,0.0,-0.625535249710083
10.0,1003428.0,-0.052574947476387024,0.0,-0.6183207631111145
10.0,1003432.0,-0.052529774606227875,0.0,-0.6141139268875122
10.0,1003435.0,-0.052492812275886536,0.0,-0.6073414087295532
10.0,1003439.0,-0.052447639405727386,0.0,-0.603452742099762
10.0,1003442.0,-0.052418891340494156,0.0,-0.5957841277122498
10.0,1003446.0,-0.05237371847033501,0.0,-0.5897250175476074
10.0,1003450.0,-0.052332647144794464,0.0,-0.5836586952209473
10.0,1003453.0,-0.05230390280485153,0.0015339808305725455,-0.8392616510391235
10.0,1003457.0,-0.05226694047451019,0.0015339808305725455,-0.8291792273521423
10.0,1003460.0,-0.052229978144168854,0.0015339808305725455,-0.8211067914962769
10.0,1003464.0,-0.05217248573899269,0.0015339808305725455,-0.8155858516693115
10.0,1003468.0,-0.05210677534341812,0.0015339808305725455,-0.8120487332344055
10.0,1003471.0,-0.052053388208150864,0.0015339808305725455,-0.8099874258041382
10.0,1003476.0,-0.05195893347263336,0.0015339808305725455,-0.8107277154922485
10.0,1003481.0,-0.05186447501182556,0.0015339808305725455,-0.8106788396835327
10.0,1003493.0,-0.05163860321044922,0.0015339808305725455,-0.811016857624054
10.0,1003497.0,-0.051552362740039825,0.0,-0.5455809831619263
10.0,1003500.0,-0.051486652344465256,0.0,-0.5564411282539368
10.0,1003504.0,-0.05139630287885666,0.0,-0.5636471509933472
10.0,1003508.0,-0.05131416767835617,0.0,-0.5743768811225891
10.0,1003512.0,-0.05123203247785568,0.0,-0.5784177780151367
10.0,1003516.0,-0.0511581115424633,0.0,-0.5845035910606384
10.0,1003520.0,-0.05108419060707092,0.0,-0.587314248085022
10.0,1003524.0,-0.05101437494158745,0.0,-0.589705228805542
10.0,1003527.0,-0.05094866454601288,0.0,-0.5910242795944214
10.0,1003531.0,-0.05090349167585373,0.0,-0.5906358361244202
10.0,1003534.0,-0.050862424075603485,0.0,-0.5892732739448547
10.0,1003538.0,-0.05080903321504593,0.0,-0.5862785577774048
10.0,1003541.0,-0.05077617987990379,0.0,-0.5810790061950684
10.0,1003544.0,-0.050731007009744644,0.0,-0.5769798159599304
10.0,1003548.0,-0.050702258944511414,0.0,-0.5694754123687744
10.0,1003552.0,-0.05066940560936928,0.0,-0.5630191564559937
10.0,1003555.0,-0.050648871809244156,0.0015339808305725455,-0.8202733397483826
10.0,1003559.0,-0.05062422901391983,0.0015339808305725455,-0.803655743598938
10.0,1003562.0,-0.050591375678777695,0.0015339808305725455,-0.7936084866523743
10.0,1003567.0,-0.05055030807852745,0.0015339808305725455,-0.7833313941955566
10.0,1003570.0,-0.050509240478277206,0.0015339808305725455,-0.7774538397789001
10.0,1003574.0,-0.05044763907790184,0.0015339808305725455,-0.776228129863739
10.0,1003577.0,-0.05038192868232727,0.0015339808305725455,-0.7746684551239014
10.0,1003581.0,-0.05032443627715111,0.0015339808305725455,-0.7762371897697449
10.0,1003584.0,-0.05026694014668465,0.0015339808305725455,-0.7773963212966919
10.0,1003588.0,-0.05018891021609306,0.0015339808305725455,-0.7812129259109497
10.0,1003591.0,-0.050106775015592575,0.0015339808305725455,-0.7840026617050171
10.0,1003595.0,-0.050041068345308304,0.0015339808305725455,-0.7889717817306519
10.0,1003600.0,-0.04992607980966568,0.0015339808305725455,-0.7964645624160767
10.0,1003603.0,-0.049827516078948975,0.0,-0.542144775390625
10.0,1003609.0,-0.04969199001789093,0.0,-0.5616855621337891
10.0,1003613.0,-0.0495687872171402,0.0,-0.5818417072296143
10.0,1003617.0,-0.049453798681497574,0.0,-0.5954910516738892
10.0,1003620.0,-0.04936344921588898,0.0,-0.6144627332687378
10.0,1003623.0,-0.04924846068024635,0.0,-0.6272523403167725
10.0,1003627.0,-0.04913346841931343,0.0,-0.6437889337539673
10.0,1003631.0,-0.04904722794890404,0.0,-0.6597539782524109
10.0,1003634.0,-0.04896509274840355,0.0,-0.6700244545936584
10.0,1003638.0,-0.048850104212760925,-0.0015339808305725455,-0.4129280149936676
10.0,1003641.0,-0.04876796528697014,-0.0015339808305725455,-0.43231284618377686
10.0,1003644.0,-0.048681724816560745,-0.0015339808305725455,-0.44741126894950867
10.0,1003648.0,-0.048579055815935135,-0.0015339808305725455,-0.4615708589553833
10.0,1003652.0,-0.04848870635032654,-0.0015339808305725455,-0.46917709708213806
10.0,1003655.0,-0.04843121021986008,-0.0015339808305725455,-0.4745306372642517
10.0,1003659.0,-0.048365503549575806,-0.0015339808305725455,-0.4757012724876404
10.0,1003662.0,-0.04832443594932556,-0.0015339808305725455,-0.4741705060005188
10.0,1003668.0,-0.048262834548950195,-0.0015339808305725455,-0.4653617739677429
10.0,1003672.0,-0.048234086483716965,-0.0015339808305725455,-0.45487549901008606
10.0,1003676.0,-0.04821355268359184,-0.0015339808305725455,-0.44207796454429626
10.0,1003690.0,-0.04818890988826752,0.0,-0.6499015688896179
10.0,1003694.0,-0.0481724850833416,0.0,-0.633795440196991
10.0,1003698.0,-0.04815605655312538,0.0,-0.6182881593704224
10.0,1003701.0,-0.04813963174819946,0.0,-0.6046732068061829
10.0,1003705.0,-0.048123203217983246,0.0,-0.5938003063201904
10.0,1003708.0,-0.048102669417858124,0.0,-0.5810904502868652
10.0,1003712.0,-0.04809034988284111,0.0015339808305725455,-0.8329252600669861
10.0,1003716.0,-0.04807392135262489,0.0015339808305725455,-0.8186172246932983
10.0,1003719.0,-0.048049282282590866,0.0015339808305725455,-0.8055264949798584
10.0,1003722.0,-0.04801231995224953,0.0015339808305725455,-0.7973833084106445
10.0,1003727.0,-0.047963038086891174,0.0015339808305725455,-0.7904404997825623
10.0,1003730.0,-0.04790965095162392,0.0015339808305725455,-0.7904408574104309
10.0,1003734.0,-0.04783162102103233,0.0015339808305725455,-0.7934946417808533
10.0,1003738.0,-0.04773716628551483,0.0015339808305725455,-0.8015046715736389
10.0,1003741.0,-0.04765913635492325,0.0015339808305725455,-0.8132626414299011
10.0,1003744.0,-0.047572895884513855,0.0015339808305725455,-0.8238192796707153
10.0,1003748.0,-0.04744969308376312,0.0,-0.5761057734489441
10.0,1003752.0,-0.04731416702270508,0.0,-0.5957702994346619
10.0,1003755.0,-0.047219712287187576,0.0,-0.6180707812309265
10.0,1003759.0,-0.047096509486436844,0.0,-0.636929988861084
10.0,1003763.0,-0.04698973149061203,0.0,-0.6497746109962463
10.0,1003767.0,-0.04689117148518562,0.0,-0.6581171154975891
10.0,1003770.0,-0.046817246824502945,0.0,-0.6675586700439453
10.0,1003774.0,-0.04673100635409355,0.0,-0.672755241394043
10.0,1003777.0,-0.04666529595851898,-0.0015339808305725455,-0.4121426045894623
10.0,1003781.0,-0.046583160758018494,-0.0015339808305725455,-0.4228841960430145
10.0,1003784.0,-0.046529773622751236,-0.0015339808305725455,-0.4266701936721802
10.0,1003789.0,-0.04646817222237587,-0.0015339808305725455,-0.42342430353164673
10.0,1003792.0,-0.04643942415714264,0.0,-0.679114043712616
10.0,1003798.0,-0.04643942415714264,0.0,-0.6571716070175171
10.0,1003801.0,-0.04643120989203453,0.0,-0.6387007832527161
10.0,1003804.0,-0.04642299935221672,0.0,-0.6259646415710449
10.0,1003808.0,-0.04641067609190941,0.0,-0.6099788546562195
10.0,1003812.0,-0.0464024655520916,0.0,-0.5980544090270996
10.0,1003815.0,-0.046398356556892395,0.0,-0.5804353356361389
10.0,1003819.0,-0.04639425128698349,0.0,-0.5679723620414734
10.0,1003822.0,-0.04639425128698349,0.0015339808305725455,-0.8155149817466736
10.0,1003826.0,-0.046390142291784286,0.0015339808305725455,-0.7994317412376404
10.0,1003829.0,-0.04637782275676727,0.0015339808305725455,-0.7809311747550964
10.0,1003833.0,-0.04636550322175026,0.0015339808305725455,-0.7685028910636902
10.0,1003836.0,-0.04633675515651703,0.0015339808305725455,-0.7564911842346191
10.0,1003840.0,-0.046312116086483,0.0015339808305725455,-0.7462630867958069
10.0,1003844.0,-0.04627925902605057,0.0015339808305725455,-0.7388484477996826
10.0,1003848.0,-0.04624640569090843,0.0015339808305725455,-0.7292895913124084
10.0,1003851.0,-0.046221766620874405,0.0015339808305725455,-0.7200922966003418
10.0,1003854.0,-0.04619712382555008,0.0015339808305725455,-0.7134230732917786
10.0,1003858.0,-0.04616016522049904,0.0015339808305725455,-0.7061686515808105
10.0,1003862.0,-0.0461273118853569,0.0015339808305725455,-0.699897050857544
10.0,1003866.0,-0.046090349555015564,0.003067961661145091,-0.960067629814148
10.0,1003869.0,-0.04606160148978233,0.003067961661145091,-0.9475973844528198
10.0,1003882.0,-0.04582341015338898,0.0015339808305725455,-0.6889230012893677
10.0,1003886.0,-0.04570431262254715,0.0015339808305725455,-0.7047449946403503
10.0,1003889.0,-0.045589324086904526,0.0015339808305725455,-0.7233936190605164
10.0,1003892.0,-0.045503079891204834,0.0015339808305725455,-0.7369533777236938
10.0,1003896.0,-0.04538809135556221,0.0015339808305725455,-0.7544822692871094
10.0,1003900.0,-0.04530595615506172,0.0015339808305725455,-0.7687332034111023
10.0,1003903.0,-0.045223820954561234,0.0015339808305725455,-0.779760479927063
10.0,1003907.0,-0.04511704295873642,0.0015339808305725455,-0.7944933772087097
10.0,1003910.0,-0.04503490775823593,0.0,-0.5379731059074402
10.0,1003915.0,-0.04489117115736008,0.0,-0.5591710805892944
10.0,1003920.0,-0.04475153982639313,0.0,-0.5868511199951172
10.0,1003924.0,-0.04464887082576752,0.0,-0.5988268852233887
10.0,1003927.0,-0.044554416090250015,0.0,-0.6111847162246704
10.0,1003931.0,-0.044488705694675446,0.0,-0.6204689741134644
10.0,1003934.0,-0.04441067576408386,0.0,-0.6248581409454346
10.0,1003938.0,-0.04433675482869148,0.0,-0.6296555995941162
10.0,1003942.0,-0.04429158195853233,0.0,-0.6303091049194336
10.0,1003946.0,-0.04422998055815697,0.0,-0.6304560899734497
10.0,1003950.0,-0.04417658969759941,0.0,-0.6284306049346924
10.0,1003953.0,-0.04413552209734917,0.0,-0.6278389692306519
10.0,1003957.0,-0.044078029692173004,0.0,-0.6259453296661377
10.0,1003960.0,-0.04403696209192276,0.0,-0.6249242424964905
10.0,1003964.0,-0.0439794659614563,0.0,-0.6244992613792419
10.0,1003968.0,-0.04392196983098984,0.0,-0.6248852610588074
10.0,1003971.0,-0.04387679696083069,0.0,-0.624495267868042
10.0,1003976.0,-0.043806981295347214,0.0,-0.6247368454933167
10.0,1003981.0,-0.04373716562986374,0.0,-0.6230649352073669
10.0,1003984.0,-0.043696098029613495,0.0,-0.6214719414710999
10.0,1003988.0,-0.04364271089434624,0.0,-0.6199668645858765
10.0,1003992.0,-0.04359753429889679,0.0,-0.6165198683738708
10.0,1003995.0,-0.04356057569384575,0.0,-0.6152244806289673
10.0,1003999.0,-0.04350718855857849,0.0,-0.6126506924629211
10.0,1004002.0,-0.04347022622823715,0.0,-0.6107916235923767
10.0,1004006.0,-0.043416839092969894,0.0,-0.6097384691238403
10.0,1004010.0,-0.04335934296250343,0.0,-0.6106669306755066
10.0,1004013.0,-0.04331827536225319,0.0,-0.6110031008720398
10.0,1004017.0,-0.04325667396187782,0.0,-0.6119323372840881
10.0,1004021.0,-0.04319507256150246,0.0,-0.6135839819908142
10.0,1004024.0,-0.0431416854262352,0.0,-0.6178679466247559
10.0,1004028.0,-0.04306776076555252,0.0,-0.6246908903121948
10.0,1004031.0,-0.042989734560251236,0.0,-0.6293182969093323
10.0,1004035.0,-0.04292813315987587,0.0,-0.6370959281921387
10.0,1004039.0,-0.04284599423408508,0.0,-0.6446167230606079
10.0,1004043.0,-0.042763859033584595,0.0,-0.6500935554504395
10.0,1004047.0,-0.042681723833084106,0.0,-0.6571868062019348
10.0,1004050.0,-0.042624231427907944,0.0,-0.6627057790756226
10.0,1004053.0,-0.04254620149731636,0.0,-0.666400671005249
10.0,1004057.0,-0.0424887053668499,0.0,-0.6702900528907776
10.0,1004060.0,-0.04241478443145752,-0.0015339808305725455,-0.40690067410469055
10.0,1004064.0,-0.04236139729619026,-0.0015339808305725455,-0.4165777266025543
10.0,1004077.0,-0.042205337435007095,0.0,-0.6790857911109924
10.0,1004081.0,-0.04218891263008118,0.0,-0.6638771295547485
10.0,1004084.0,-0.04217248409986496,0.0,-0.6541962623596191
10.0,1004088.0,-0.04214784502983093,0.0,-0.6439372897148132
10.0,1004092.0,-0.042110882699489594,0.0,-0.6388665437698364
10.0,1004095.0,-0.04208213463425636,0.0,-0.633234977722168
10.0,1004100.0,-0.0420246422290802,0.0,-0.6271414756774902
10.0,1004103.0,-0.04197946563363075,0.0,-0.6240121126174927
10.0,1004109.0,-0.041917864233255386,0.0,-0.6216310858726501
10.0,1004112.0,-0.041868582367897034,0.0,-0.619914174079895
10.0,1004116.0,-0.04183162376284599,0.0,-0.618252694606781
10.0,1004119.0,-0.041794661432504654,0.0,-0.6147693395614624
10.0,1004122.0,-0.04175359383225441,0.0,-0.6119157075881958
10.0,1004127.0,-0.04170841723680496,0.0,-0.6087024211883545
10.0,1004130.0,-0.04167556390166283,0.0,-0.604277491569519
10.0,1004133.0,-0.041638605296611786,0.0,-0.6004227995872498
10.0,1004137.0,-0.04161396250128746,0.0,-0.5936617851257324
10.0,1004140.0,-0.04158932343125343,0.0,-0.5887590050697327
10.0,1004144.0,-0.0415605753660202,0.0,-0.5811096429824829
10.0,1004148.0,-0.04153593257069588,0.0,-0.5738785862922668
10.0,1004151.0,-0.04151950776576996,0.0,-0.5640859603881836
10.0,1004154.0,-0.041498973965644836,0.0,-0.5573161244392395
10.0,1004158.0,-0.04148665443062782,0.0015339808305725455,-0.8107072710990906
10.0,1004161.0,-0.04147433117032051,0.0015339808305725455,-0.7973220944404602
10.0,1004166.0,-0.04144558683037758,0.0015339808305725455,-0.782044529914856
10.0,1004170.0,-0.04140041023492813,0.0015339808305725455,-0.7751671075820923
10.0,1004174.0,-0.041367556899785995,0.0015339808305725455,-0.7712721824645996
10.0,1004178.0,-0.041310060769319534,0.0015339808305725455,-0.7701900005340576
10.0,1004183.0,-0.041227925568819046,0.0015339808305725455,-0.7718343734741211
10.0,1004187.0,-0.04114989563822746,0.0015339808305725455,-0.7774614691734314
10.0,1004190.0,-0.0410924032330513,0.0015339808305725455,-0.7829235196113586
10.0,1004193.0,-0.04101026803255081,0.0015339808305725455,-0.7879030108451843
10.0,1004197.0,-0.04093223810195923,0.0015339808305725455,-0.7930028438568115
10.0,1004201.0,-0.04087474197149277,0.0,-0.5340694785118103
10.0,1004204.0,-0.04080492630600929,0.0,-0.5390803217887878
10.0,1004208.0,-0.04076385870575905,0.0,-0.5415451526641846
10.0,1004212.0,-0.04072690010070801,0.0,-0.5383177399635315
10.0,1004215.0,-0.04071047157049179,0.0,-0.5301394462585449
10.0,1004219.0,-0.04070225730538368,0.0015339808305725455,-0.7838260531425476
10.0,1004222.0,-0.04070225730538368,0.0015339808305725455,-0.7687076330184937
10.0,1004226.0,-0.04069815203547478,0.0015339808305725455,-0.7505459785461426
10.0,1004229.0,-0.04069404676556587,0.0015339808305725455,-0.7390422821044922
10.0,1004233.0,-0.040685832500457764,0.0015339808305725455,-0.7265169620513916
10.0,1004237.0,-0.040677618235349655,0.0015339808305725455,-0.7081860899925232
10.0,1004240.0,-0.04066940397024155,0.0015339808305725455,-0.6965208053588867
10.0,1004243.0,-0.04066529870033264,0.0015339808305725455,-0.6851899027824402
10.0,1004247.0,-0.04066529870033264,0.0015339808305725455,-0.6687691807746887
10.0,1004251.0,-0.04066118970513344,0.003067961661145091,-0.9212037324905396
10.0,1004254.0,-0.04066118970513344,0.003067961661145091,-0.9051694869995117
10.0,1004258.0,-0.04065708443522453,0.003067961661145091,-0.8909266591072083
10.0,1004270.0,-0.04058726876974106,0.003067961661145091,-0.8527459502220154
10.0,1004274.0,-0.04055441543459892,0.003067961661145091,-0.8447316288948059
10.0,1004278.0,-0.04051334783434868,0.003067961661145091,-0.841609537601471
10.0,1004281.0,-0.04048049449920654,0.003067961661145091,-0.8380475044250488
10.0,1004284.0,-0.04043121263384819,0.003067961661145091,-0.8364744186401367
10.0,1004289.0,-0.04037371650338173,0.003067961661145091,-0.8366457223892212
10.0,1004293.0,-0.04029158130288124,0.003067961661145091,-0.8413410186767578
10.0,1004298.0,-0.04021355137228966,0.003067961661145091,-0.8485746383666992
10.0,1004301.0,-0.040147844702005386,0.003067961661145091,-0.8595749139785767
10.0,1004304.0,-0.04007392376661301,0.003067961661145091,-0.8695854544639587
10.0,1004308.0,-0.03996714577078819,0.003067961661145091,-0.8865646123886108
10.0,1004311.0,-0.03985215723514557,0.0015339808305725455,-0.631462037563324
10.0,1004315.0,-0.039753593504428864,0.0015339808305725455,-0.6614694595336914
10.0,1004319.0,-0.039613962173461914,0.0015339808305725455,-0.6903982162475586
10.0,1004323.0,-0.03948254510760307,0.0015339808305725455,-0.710410475730896
10.0,1004327.0,-0.039355237036943436,0.0015339808305725455,-0.7412480115890503
10.0,1004330.0,-0.03923613950610161,0.0015339808305725455,-0.7558872699737549
10.0,1004334.0,-0.03914579004049301,0.0,-0.5122533440589905
10.0,1004338.0,-0.03903080150485039,0.0,-0.5304021239280701
10.0,1004341.0,-0.03896098583936691,0.0,-0.5458014607429504
10.0,1004345.0,-0.038878850638866425,0.0,-0.5549722909927368
10.0,1004349.0,-0.038813140243291855,0.0,-0.5617175102233887
10.0,1004352.0,-0.038776181638240814,0.0,-0.5624275207519531
10.0,1004356.0,-0.03872689977288246,0.0,-0.5631377100944519
10.0,1004360.0,-0.03869815170764923,0.0,-0.5573606491088867
10.0,1004363.0,-0.03867761790752411,0.0,-0.550468921661377
10.0,1004367.0,-0.03865708410739899,0.0,-0.5425024628639221
10.0,1004370.0,-0.03864476457238197,0.0,-0.5343629121780396
10.0,1004374.0,-0.038636550307273865,0.0,-0.5264590382575989
10.0,1004378.0,-0.03863244503736496,0.0015339808305725455,-0.7809457778930664
10.0,1004381.0,-0.03863244503736496,0.0015339808305725455,-0.761642336845398
10.0,1004385.0,-0.03862423077225685,0.0015339808305725455,-0.7503093481063843
10.0,1004388.0,-0.03860369697213173,0.0015339808305725455,-0.7388460040092468
10.0,1004392.0,-0.03858726844191551,0.0015339808305725455,-0.7308670282363892
10.0,1004395.0,-0.03856673464179039,0.0015339808305725455,-0.7228087782859802
10.0,1004399.0,-0.038533881306648254,0.0015339808305725455,-0.7179599404335022
10.0,1004402.0,-0.038505133241415024,0.0015339808305725455,-0.7143996953964233
10.0,1004406.0,-0.03844763711094856,0.0015339808305725455,-0.7123278379440308
10.0,1004410.0,-0.03841067850589752,0.0015339808305725455,-0.7130199074745178
10.0,1004414.0,-0.038349077105522156,0.0015339808305725455,-0.7163779735565186
10.0,1004420.0,-0.038246408104896545,0.0015339808305725455,-0.723414421081543
10.0,1004423.0,-0.03816427290439606,0.0015339808305725455,-0.7331064343452454
10.0,1004427.0,-0.03807392343878746,0.0015339808305725455,-0.7451695799827576
10.0,1004431.0,-0.038004107773303986,0.0015339808305725455,-0.7546117305755615
10.0,1004434.0,-0.0379260778427124,0.0015339808305725455,-0.7699350118637085
10.0,1004438.0,-0.03781930357217789,0.0015339808305725455,-0.7827565670013428
10.0,1004441.0,-0.037733059376478195,0.0,-0.5340302586555481
10.0,1004445.0,-0.03760575130581856,0.0,-0.5617916584014893
10.0,1004449.0,-0.03746611997485161,0.0,-0.592548131942749
10.0,1004452.0,-0.03733470290899277,0.0,-0.6128954291343689
10.0,1004465.0,-0.0369938388466835,-0.0015339808305725455,-0.411353200674057
10.0,1004469.0,-0.036895278841257095,-0.0015339808305725455,-0.42798930406570435
10.0,1004473.0,-0.03681724891066551,-0.0015339808305725455,-0.4367097020149231
10.0,1004478.0,-0.03674332797527313,-0.0015339808305725455,-0.44361811876296997
10.0,1004482.0,-0.036689937114715576,-0.0015339808305725455,-0.4435665011405945
10.0,1004487.0,-0.036661192774772644,-0.0015339808305725455,-0.4390096068382263
10.0,1004490.0,-0.03663654997944832,-0.0015339808305725455,-0.4346249997615814
10.0,1004494.0,-0.036616016179323196,-0.0015339808305725455,-0.429767906665802
10.0,1004497.0,-0.036595482379198074,0.0,-0.6915110349655151
10.0,1004501.0,-0.03658316284418106,0.0,-0.6776785850524902
10.0,1004504.0,-0.03657084330916405,0.0,-0.6663156151771545
10.0,1004508.0,-0.03653798624873161,0.0,-0.6587783694267273
10.0,1004512.0,-0.036513347178697586,0.0,-0.6533175110816956
10.0,1004515.0,-0.03648049384355545,0.0,-0.6503021121025085
10.0,1004519.0,-0.036427102982997894,0.0,-0.6514347791671753
10.0,1004522.0,-0.03636961057782173,0.0,-0.6516036987304688
10.0,1004527.0,-0.03630390018224716,0.0,-0.6554036736488342
10.0,1004530.0,-0.03625461831688881,0.0,-0.6581694483757019
10.0,1004533.0,-0.036205340176820755,0.0,-0.661761462688446
10.0,1004537.0,-0.036139629781246185,0.0,-0.6643869280815125
10.0,1004540.0,-0.03608624264597893,0.0,-0.6691297888755798
10.0,1004544.0,-0.03602053225040436,0.0,-0.6715890765190125
10.0,1004548.0,-0.03595072031021118,0.0,-0.6761286854743958
10.0,1004551.0,-0.03590143844485283,0.0,-0.6791902780532837
10.0,1004555.0,-0.03583983704447746,0.0,-0.680087685585022
10.0,1004559.0,-0.03577412664890289,0.0,-0.6837814450263977
10.0,1004562.0,-0.035728953778743744,0.0,-0.6846082806587219
10.0,1004566.0,-0.03566735237836838,0.0,-0.6861463785171509
10.0,1004569.0,-0.03560164198279381,-0.0015339808305725455,-0.42136234045028687
10.0,1004573.0,-0.03554825484752655,-0.0015339808305725455,-0.43143826723098755
10.0,1004577.0,-0.03549075871706009,-0.0015339808305725455,-0.4350699186325073
10.0,1004580.0,-0.03544558584690094,-0.0015339808305725455,-0.43664416670799255
10.0,1004584.0,-0.03542505204677582,-0.0015339808305725455,-0.431491881608963
10.0,1004588.0,-0.035412732511758804,0.0,-0.6897854208946228
10.0,1004591.0,-0.0354086235165596,0.0,-0.6724675297737122
10.0,1004595.0,-0.03540040925145149,0.0,-0.6584923267364502
10.0,1004598.0,-0.03538808971643448,0.0,-0.6480281949043274
10.0,1004603.0,-0.03537166491150856,0.0,-0.6334359049797058
10.0,1004608.0,-0.03534291684627533,0.0,-0.6208550333976746
10.0,1004612.0,-0.03533470258116722,0.0,-0.6088277101516724
10.0,1004616.0,-0.03532238304615021,0.0,-0.5972245335578918
10.0,1004620.0,-0.035310059785842896,0.0,-0.5884737372398376
10.0,1004623.0,-0.03530595451593399,0.0,-0.5786350965499878
10.0,1004627.0,-0.03530595451593399,0.0015339808305725455,-0.8310540914535522
10.0,1004630.0,-0.03530595451593399,0.0015339808305725455,-0.8111057877540588
10.0,1004634.0,-0.03529774025082588,0.0015339808305725455,-0.7993208765983582
10.0,1004638.0,-0.03528131544589996,0.0015339808305725455,-0.7859066724777222
10.0,1004641.0,-0.035264886915683746,0.0015339808305725455,-0.7743430137634277
10.0,1004645.0,-0.03524024784564972,0.0015339808305725455,-0.7676210999488831
10.0,1004648.0,-0.0352197140455246,0.0015339808305725455,-0.7594167590141296
10.0,1004661.0,-0.03513757884502411,0.0015339808305725455,-0.7313730716705322
10.0,1004665.0,-0.03510883077979088,0.0015339808305725455,-0.721880316734314
10.0,1004670.0,-0.03508418798446655,0.0015339808305725455,-0.711509644985199
10.0,1004673.0,-0.035067763179540634,0.0015339808305725455,-0.7039178609848022
10.0,1004677.0,-0.03505133464932442,0.0015339808305725455,-0.6941270232200623
10.0,1004681.0,-0.035039015114307404,0.003067961661145091,-0.9500945210456848
10.0,1004684.0,-0.035022586584091187,0.003067961661145091,-0.9387889504432678
10.0,1004690.0,-0.034993838518857956,0.003067961661145091,-0.9211679697036743
10.0,1004693.0,-0.034956879913806915,0.003067961661145091,-0.9160687327384949
10.0,1004697.0,-0.03490348905324936,0.003067961661145091,-0.91441810131073
10.0,1004701.0,-0.034854210913181305,0.003067961661145091,-0.9168590903282166
10.0,1004704.0,-0.03480082005262375,0.003067961661145091,-0.9213508367538452
10.0,1004708.0,-0.034714579582214355,0.003067961661145091,-0.9316425323486328
10.0,1004712.0,-0.034611910581588745,0.0015339808305725455,-0.6815503239631653
10.0,1004716.0,-0.03448870778083801,0.0015339808305725455,-0.7075735926628113
10.0,1004720.0,-0.03436550125479698,0.0015339808305725455,-0.7271688580513
10.0,1004723.0,-0.03427104651927948,0.0015339808305725455,-0.7515870332717896
10.0,1004727.0,-0.03415194898843765,0.0015339808305725455,-0.7686889171600342
10.0,1004730.0,-0.03403696045279503,0.0015339808305725455,-0.7889970541000366
10.0,1004734.0,-0.033950719982385635,0.0,-0.5447134971618652
10.0,1004738.0,-0.03383572772145271,0.0,-0.5695120096206665
10.0,1004741.0,-0.0337289534509182,0.0,-0.5848599076271057
10.0,1004745.0,-0.03363038972020149,0.0,-0.6028934717178345
10.0,1004749.0,-0.03356057405471802,0.0,-0.6175976395606995
10.0,1004752.0,-0.033474333584308624,0.0,-0.627648651599884
10.0,1004756.0,-0.03341273218393326,0.0,-0.6374927759170532
10.0,1004760.0,-0.03334291651844978,0.0,-0.6443299651145935
10.0,1004764.0,-0.03327310085296631,0.0,-0.6496468782424927
10.0,1004767.0,-0.03320739045739174,-0.0015339808305725455,-0.38632065057754517
10.0,1004771.0,-0.03316221758723259,-0.0015339808305725455,-0.3946366012096405
10.0,1004775.0,-0.03310883045196533,-0.0015339808305725455,-0.4000037908554077
10.0,1004778.0,-0.0330800823867321,-0.0015339808305725455,-0.39978599548339844
10.0,1004782.0,-0.03305954858660698,0.0,-0.6623526215553284
10.0,1004785.0,-0.033055443316698074,0.0,-0.6469932794570923
10.0,1004790.0,-0.033047229051589966,0.0,-0.6309451460838318
10.0,1004795.0,-0.03303080052137375,0.0,-0.6169465780258179
10.0,1004799.0,-0.03301026672124863,0.0,-0.6086279153823853
10.0,1004802.0,-0.03299794718623161,0.0,-0.6015938520431519
10.0,1004806.0,-0.032981518656015396,0.0,-0.5925201773643494
10.0,1004810.0,-0.032960984855890274,0.0,-0.585128664970398
10.0,1004813.0,-0.03294866532087326,0.0,-0.5787554979324341
10.0,1004817.0,-0.03293223679065704,0.0,-0.5725620985031128
10.0,1004820.0,-0.032915811985731125,0.0,-0.5658901929855347
10.0,1004824.0,-0.032895278185606,0.0,-0.5613989233970642
10.0,1004828.0,-0.03287474438548088,0.0015339808305725455,-0.8220803737640381
10.0,1004831.0,-0.03285421058535576,0.0015339808305725455,-0.8114162087440491
10.0,1004835.0,-0.032821353524923325,0.0015339808305725455,-0.8065345883369446
10.0,1004838.0,-0.03276796638965607,0.0015339808305725455,-0.8063555359840393
10.0,1004842.0,-0.03271457925438881,0.0015339808305725455,-0.8124001026153564
10.0,1004846.0,-0.03262833505868912,0.0,-0.5551713109016418
10.0,1004859.0,-0.03230390325188637,0.0,-0.6173786520957947
10.0,1004862.0,-0.03223408758640289,0.0,-0.6277681589126587
10.0,1004867.0,-0.03213552385568619,0.0,-0.6380651593208313
10.0,1004870.0,-0.03207392245531082,0.0,-0.6493676900863647
10.0,1004874.0,-0.03199589252471924,0.0,-0.6562619209289551
10.0,1004878.0,-0.03191375732421875,0.0,-0.666950523853302
10.0,1004881.0,-0.031843941658735275,-0.0015339808305725455,-0.41149505972862244
10.0,1004884.0,-0.03174948692321777,-0.0015339808305725455,-0.42752784490585327
10.0,1004888.0,-0.03167145699262619,-0.0015339808305725455,-0.44958174228668213
10.0,1004892.0,-0.0315852165222168,-0.0015339808305725455,-0.4605543613433838
10.0,1004895.0,-0.031507186591625214,-0.0015339808305725455,-0.47340744733810425
10.0,1004899.0,-0.031462013721466064,-0.0015339808305725455,-0.47912049293518066
10.0,1004902.0,-0.03142915666103363,-0.0015339808305725455,-0.47992944717407227
10.0,1004906.0,-0.031388089060783386,-0.0015339808305725455,-0.47875016927719116
10.0,1004910.0,-0.03136344999074936,-0.0015339808305725455,-0.4742136597633362
10.0,1004915.0,-0.03134291619062424,-0.0015339808305725455,-0.4646819829940796
10.0,1004920.0,-0.03133470192551613,-0.0015339808305725455,-0.448567271232605
10.0,1004923.0,-0.03133470192551613,-0.0015339808305725455,-0.4394984245300293
10.0,1004928.0,-0.03133470192551613,0.0,-0.6916823983192444
10.0,1004931.0,-0.03133470192551613,0.0,-0.6758897304534912
10.0,1004934.0,-0.031322382390499115,0.0,-0.6661115288734436
10.0,1004938.0,-0.031314168125391006,0.0,-0.6539505124092102
10.0,1004942.0,-0.03129773959517479,0.0,-0.6435660123825073
10.0,1004947.0,-0.03127310052514076,0.0,-0.6348918676376343
10.0,1004950.0,-0.031256671994924545,0.0,-0.6265475153923035
10.0,1004954.0,-0.031236140057444572,0.0,-0.6208348274230957
10.0,1004957.0,-0.031219713389873505,0.0,-0.6117056608200073
10.0,1004961.0,-0.031207391992211342,0.0,-0.6028955578804016
10.0,1004965.0,-0.031190965324640274,0.0,-0.5944391489028931
10.0,1004968.0,-0.03117864392697811,0.0,-0.5869625806808472
10.0,1004972.0,-0.031170431524515152,0.0015339808305725455,-0.8446810841560364
10.0,1004976.0,-0.03115811012685299,0.0015339808305725455,-0.8331713676452637
10.0,1004980.0,-0.03114168345928192,0.0015339808305725455,-0.8169475197792053
10.0,1004985.0,-0.031100615859031677,0.0015339808305725455,-0.8111976385116577
10.0,1004988.0,-0.03105544112622738,0.0015339808305725455,-0.8083442449569702
10.0,1004992.0,-0.03100205399096012,0.0015339808305725455,-0.8149733543395996
10.0,1004995.0,-0.030919918790459633,0.0015339808305725455,-0.8218349814414978
10.0,1004999.0,-0.030850103124976158,0.0015339808305725455,-0.834736168384552
10.0,1005002.0,-0.030743326991796494,0.0,-0.5824140310287476
10.0,1005007.0,-0.030624229460954666,0.0,-0.6083636283874512
10.0,1005010.0,-0.030542094260454178,0.0,-0.6307249665260315
10.0,1005013.0,-0.030435318127274513,0.0,-0.6452937126159668
10.0,1005017.0,-0.030340861529111862,0.0,-0.6610056757926941
10.0,1005021.0,-0.030271047726273537,0.0,-0.6721110939979553
10.0,1005024.0,-0.030205339193344116,-0.0015339808305725455,-0.4173281490802765
10.0,1005028.0,-0.030119096860289574,-0.0015339808305725455,-0.4363758862018585
10.0,1005031.0,-0.03003285452723503,-0.0015339808305725455,-0.44820141792297363
10.0,1005035.0,-0.029979465529322624,-0.0015339808305725455,-0.4594636559486389
10.0,1005040.0,-0.0299096517264843,-0.0015339808305725455,-0.4649830460548401
10.0,1005043.0,-0.029880903661251068,-0.0015339808305725455,-0.4652983546257019
10.0,1005055.0,-0.02983572892844677,-0.0015339808305725455,-0.44150519371032715
10.0,1005059.0,-0.02983572892844677,-0.0015339808305725455,-0.4303361475467682
10.0,1005063.0,-0.02983572892844677,0.0,-0.6834625005722046
10.0,1005067.0,-0.02983572892844677,0.0,-0.6672221422195435
10.0,1005070.0,-0.02982751466333866,0.0,-0.6581141352653503
10.0,1005073.0,-0.029815195128321648,0.0,-0.6506189703941345
10.0,1005077.0,-0.02980698086321354,0.0,-0.6396383047103882
10.0,1005080.0,-0.02979055419564247,0.0,-0.6326684951782227
10.0,1005084.0,-0.029778234660625458,0.0,-0.6236822605133057
10.0,1005088.0,-0.029765913262963295,0.0,-0.6137046813964844
10.0,1005091.0,-0.029749486595392227,0.0,-0.6074690818786621
10.0,1005095.0,-0.029745379462838173,0.0,-0.5967674851417542
10.0,1005099.0,-0.029737167060375214,0.0,-0.5832769870758057
10.0,1005104.0,-0.02973305992782116,0.0,-0.5738632678985596
10.0,1005108.0,-0.02973305992782116,0.0015339808305725455,-0.8256595134735107
10.0,1005112.0,-0.02973305992782116,0.0015339808305725455,-0.8080782294273376
10.0,1005115.0,-0.029728952795267105,0.0015339808305725455,-0.7966560125350952
10.0,1005120.0,-0.029712526127696037,0.0015339808305725455,-0.785508394241333
10.0,1005123.0,-0.029700204730033875,0.0015339808305725455,-0.7761401534080505
10.0,1005127.0,-0.029675563797354698,0.0015339808305725455,-0.7696727514266968
10.0,1005130.0,-0.02965092472732067,0.0015339808305725455,-0.7649041414260864
10.0,1005134.0,-0.02962217666208744,0.0015339808305725455,-0.7601239085197449
10.0,1005137.0,-0.02958521619439125,0.0015339808305725455,-0.7570779919624329
10.0,1005141.0,-0.02955646812915802,0.0015339808305725455,-0.754162609577179
10.0,1005144.0,-0.02952772006392479,0.0015339808305725455,-0.7537317276000977
10.0,1005148.0,-0.02948254533112049,0.0015339808305725455,-0.753657341003418
10.0,1005152.0,-0.029437372460961342,0.0015339808305725455,-0.7532789707183838
10.0,1005155.0,-0.02938809059560299,0.0015339808305725455,-0.7545748949050903
10.0,1005159.0,-0.0293511301279068,0.0015339808305725455,-0.7572000026702881
10.0,1005162.0,-0.029297741129994392,0.0015339808305725455,-0.7580990791320801
10.0,1005167.0,-0.02924024686217308,0.0015339808305725455,-0.7635748982429504
10.0,1005171.0,-0.029162216931581497,0.0015339808305725455,-0.7686145901679993
10.0,1005175.0,-0.029112936928868294,0.0015339808305725455,-0.7748140692710876
10.0,1005179.0,-0.02904312126338482,0.0,-0.5150536894798279
10.0,1005182.0,-0.02896098606288433,0.0,-0.5279409289360046
10.0,1005187.0,-0.028878850862383842,0.0,-0.5445876121520996
10.0,1005190.0,-0.02882135473191738,0.0,-0.5579580068588257
10.0,1005193.0,-0.02875564619898796,0.0,-0.565645694732666
10.0,1005197.0,-0.028710471466183662,0.0,-0.5729157328605652
10.0,1005201.0,-0.02866119146347046,0.0,-0.5759305357933044
10.0,1005205.0,-0.02862422913312912,0.0,-0.5761733651161194
10.0,1005208.0,-0.028591375797986984,0.0,-0.5753630995750427
10.0,1005212.0,-0.028574949130415916,0.0,-0.5718939900398254
10.0,1005215.0,-0.02855852246284485,0.0,-0.5656393766403198
10.0,1005219.0,-0.02855030819773674,0.0,-0.5569316744804382
10.0,1005223.0,-0.028546201065182686,0.0,-0.5472003221511841
10.0,1005227.0,-0.028546201065182686,0.0,-0.5391417145729065
10.0,1005230.0,-0.028546201065182686,0.0015339808305725455,-0.7956510782241821
10.0,1005234.0,-0.028546201065182686,0.0015339808305725455,-0.7835857272148132
10.0,1005237.0,-0.02854209393262863,0.0015339808305725455,-0.7693677544593811
10.0,1005250.0,-0.028488706797361374,0.0015339808305725455,-0.7428241968154907
10.0,1005254.0,-0.028464065864682198,0.0015339808305725455,-0.7368379831314087
10.0,1005258.0,-0.02843942493200302,0.0015339808305725455,-0.731083869934082
10.0,1005262.0,-0.02841067686676979,0.0015339808305725455,-0.7268593907356262
10.0,1005265.0,-0.02838193066418171,0.0015339808305725455,-0.7228142023086548
10.0,1005270.0,-0.028349075466394424,0.0015339808305725455,-0.7202733755111694
10.0,1005273.0,-0.02831622213125229,0.0015339808305725455,-0.7178382873535156
10.0,1005277.0,-0.028287474066019058,0.0015339808305725455,-0.7168363928794861
10.0,1005280.0,-0.028246406465768814,0.0015339808305725455,-0.7177901268005371
10.0,1005284.0,-0.028209445998072624,0.0015339808305725455,-0.7208336591720581
10.0,1005290.0,-0.028127310797572136,0.0015339808305725455,-0.7278860211372375
10.0,1005294.0,-0.02806570753455162,0.0015339808305725455,-0.7339640855789185
10.0,1005299.0,-0.027983572334051132,0.0015339808305725455,-0.7456612586975098
10.0,1005302.0,-0.027909651398658752,0.0015339808305725455,-0.7539758086204529
10.0,1005307.0,-0.027835728600621223,0.0015339808305725455,-0.7638404965400696
10.0,1005310.0,-0.02777823433279991,0.0015339808305725455,-0.7747036814689636
10.0,1005313.0,-0.027700206264853477,0.0015339808305725455,-0.7822787761688232
10.0,1005317.0,-0.02764681726694107,0.0,-0.5259702801704407
10.0,1005320.0,-0.02758110873401165,0.0,-0.534903347492218
10.0,1005324.0,-0.02754414826631546,0.0,-0.539568305015564
10.0,1005328.0,-0.027503080666065216,0.0,-0.542923629283905
10.0,1005331.0,-0.027486652135849,0.0,-0.5394730567932129
10.0,1005334.0,-0.027474332600831985,0.0,-0.5359673500061035
10.0,1005338.0,-0.027462013065814972,0.0,-0.5287566781044006
10.0,1005341.0,-0.027457905933260918,0.0015339808305725455,-0.7882408499717712
10.0,1005345.0,-0.027457905933260918,0.0015339808305725455,-0.7729198336601257
10.0,1005349.0,-0.02744969166815281,0.0015339808305725455,-0.7644913792610168
10.0,1005352.0,-0.027437372133135796,0.0015339808305725455,-0.7554068565368652
10.0,1005355.0,-0.027420945465564728,0.0015339808305725455,-0.7488207221031189
10.0,1005359.0,-0.027400409802794456,0.0015339808305725455,-0.7443369626998901
10.0,1005362.0,-0.02736755646765232,0.0015339808305725455,-0.7421037554740906
10.0,1005366.0,-0.027342915534973145,0.0015339808305725455,-0.7405905723571777
10.0,1005369.0,-0.027293633669614792,0.0015339808305725455,-0.7425116300582886
10.0,1005373.0,-0.027256673201918602,0.0015339808305725455,-0.7463629245758057
10.0,1005377.0,-0.02719096466898918,0.0015339808305725455,-0.752181351184845
10.0,1005380.0,-0.02713347040116787,0.0015339808305725455,-0.7637413144111633
10.0,1005383.0,-0.02705133520066738,0.0015339808305725455,-0.7731461524963379
10.0,1005387.0,-0.026977412402629852,0.0015339808305725455,-0.7906603217124939
10.0,1005391.0,-0.026878850534558296,0.0,-0.5364859700202942
10.0,1005395.0,-0.026776181533932686,0.0,-0.560275673866272
10.0,1005398.0,-0.02668583206832409,0.0,-0.5791919827461243
10.0,1005402.0,-0.026628335937857628,0.0,-0.5934486985206604
10.0,1005405.0,-0.026562629267573357,0.0,-0.5994395017623901
10.0,1005409.0,-0.026517454534769058,0.0,-0.6063017249107361
10.0,1005413.0,-0.02646406553685665,0.0,-0.6106328368186951
10.0,1005418.0,-0.02639835700392723,0.0,-0.6167239546775818
10.0,1005422.0,-0.02632443606853485,0.0,-0.6252407431602478
10.0,1005426.0,-0.026279261335730553,0.0,-0.6325974464416504
10.0,1005429.0,-0.026209445670247078,0.0,-0.6402855515480042
10.0,1005433.0,-0.026131417602300644,0.0,-0.6524814963340759
10.0,1005446.0,-0.025860369205474854,-0.0015339808305725455,-0.4367595314979553
10.0,1005450.0,-0.025815194472670555,-0.0015339808305725455,-0.4460190534591675
10.0,1005454.0,-0.02577412687242031,-0.0015339808305725455,-0.448055237531662
10.0,1005457.0,-0.025749485939741135,-0.0015339808305725455,-0.446225643157959
10.0,1005461.0,-0.02574538066983223,-0.0015339808305725455,-0.4377884268760681
10.0,1005464.0,-0.02574538066983223,-0.0015339808305725455,-0.43066951632499695
10.0,1005469.0,-0.02574538066983223,0.0,-0.6899253726005554
10.0,1005472.0,-0.02574538066983223,0.0,-0.6750218868255615
10.0,1005475.0,-0.02573716640472412,0.0,-0.6598347425460815
10.0,1005480.0,-0.025728952139616013,0.0,-0.6487202048301697
10.0,1005486.0,-0.025724846869707108,0.0,-0.6366796493530273
10.0,1005490.0,-0.025720739737153053,0.0,-0.6251005530357361
10.0,1005493.0,-0.025720739737153053,0.0,-0.613976776599884
10.0,1005497.0,-0.025716632604599,0.0,-0.6048847436904907
10.0,1005500.0,-0.025716632604599,0.0,-0.5931541323661804
10.0,1005504.0,-0.025716632604599,0.0,-0.581855297088623
10.0,1005508.0,-0.025716632604599,0.0015339808305725455,-0.840566873550415
10.0,1005512.0,-0.025716632604599,0.0015339808305725455,-0.8239992260932922
10.0,1005515.0,-0.02570841833949089,0.0015339808305725455,-0.8107157945632935
10.0,1005519.0,-0.025696098804473877,0.0015339808305725455,-0.7992657423019409
10.0,1005522.0,-0.025683777406811714,0.0015339808305725455,-0.7919867038726807
10.0,1005527.0,-0.025659138336777687,0.0015339808305725455,-0.7852802276611328
10.0,1005530.0,-0.02564270980656147,0.0015339808305725455,-0.7775070667266846
10.0,1005533.0,-0.025618070736527443,0.0015339808305725455,-0.773537278175354
10.0,1005537.0,-0.025593429803848267,0.0015339808305725455,-0.7702286839485168
10.0,1005541.0,-0.025560574606060982,0.0015339808305725455,-0.767839252948761
10.0,1005544.0,-0.0255318284034729,0.0015339808305725455,-0.7674455046653748
10.0,1005548.0,-0.025486653670668602,0.0015339808305725455,-0.7678446769714355
10.0,1005551.0,-0.025445586070418358,0.0015339808305725455,-0.7728479504585266
10.0,1005554.0,-0.025383982807397842,0.0015339808305725455,-0.7771708965301514
10.0,1005558.0,-0.025310061872005463,0.0015339808305725455,-0.7872130870819092
10.0,1005562.0,-0.025240246206521988,0.0015339808305725455,-0.7992244958877563
10.0,1005565.0,-0.025166325271129608,0.0015339808305725455,-0.8165656924247742
10.0,1005569.0,-0.02505544200539589,0.0,-0.5745985507965088
10.0,1005572.0,-0.024932237342000008,0.0,-0.5964236259460449
10.0,1005576.0,-0.024837782606482506,0.0,-0.6254876255989075
10.0,1005580.0,-0.02471868507564068,0.0,-0.6508399248123169
10.0,1005583.0,-0.024611908942461014,0.0,-0.6679419279098511
10.0,1005587.0,-0.024509239941835403,-0.0015339808305725455,-0.4209163784980774
10.0,1005591.0,-0.024435319006443024,-0.0015339808305725455,-0.44476839900016785
10.0,1005594.0,-0.024369610473513603,-0.0015339808305725455,-0.4580692648887634
10.0,1005598.0,-0.024295687675476074,-0.0015339808305725455,-0.4725799262523651
10.0,1005602.0,-0.024234086275100708,-0.0015339808305725455,-0.47988808155059814
10.0,1005608.0,-0.024176592007279396,-0.0015339808305725455,-0.48165467381477356
10.0,1005611.0,-0.024156058207154274,-0.0015339808305725455,-0.4792838394641876
10.0,1005615.0,-0.024139629676938057,-0.0015339808305725455,-0.47557228803634644
10.0,1005619.0,-0.024135524407029152,-0.0015339808305725455,-0.4667811095714569
10.0,1005622.0,-0.024135524407029152,-0.0015339808305725455,-0.4569701850414276
10.0,1005626.0,-0.024135524407029152,-0.0015339808305725455,-0.44751736521720886
10.0,1005630.0,-0.024135524407029152,-0.0015339808305725455,-0.4406541883945465
10.0,1005642.0,-0.024127310141921043,0.0,-0.6693977117538452
10.0,1005645.0,-0.02411499060690403,0.0,-0.6619846224784851
10.0,1005649.0,-0.02410677634179592,0.0,-0.6528770923614502
10.0,1005653.0,-0.02409445494413376,0.0,-0.6459365487098694
10.0,1005656.0,-0.0240862425416708,0.0,-0.6360805034637451
10.0,1005660.0,-0.02407802827656269,0.0,-0.6295917630195618
10.0,1005664.0,-0.02406981587409973,0.0,-0.6174166202545166
10.0,1005669.0,-0.024065708741545677,0.0,-0.604475736618042
10.0,1005673.0,-0.024061601608991623,0.0,-0.5948247313499451
10.0,1005677.0,-0.024061601608991623,0.0,-0.5868186354637146
10.0,1005681.0,-0.024061601608991623,0.0015339808305725455,-0.8363667130470276
10.0,1005684.0,-0.024061601608991623,0.0015339808305725455,-0.8259161710739136
10.0,1005688.0,-0.02404928207397461,0.0015339808305725455,-0.8171061873435974
10.0,1005693.0,-0.024024641141295433,0.0015339808305725455,-0.8042077422142029
10.0,1005697.0,-0.023995893076062202,0.0015339808305725455,-0.8013883829116821
10.0,1005700.0,-0.023971252143383026,0.0015339808305725455,-0.7977687120437622
10.0,1005704.0,-0.023934291675686836,0.0015339808305725455,-0.7965109944343567
10.0,1005708.0,-0.02390143647789955,0.0015339808305725455,-0.793109118938446
10.0,1005711.0,-0.023876797407865524,0.0015339808305725455,-0.7912077307701111
10.0,1005714.0,-0.023839835077524185,0.0015339808305725455,-0.7888210415840149
10.0,1005719.0,-0.023802874609827995,0.0015339808305725455,-0.7871138453483582
10.0,1005722.0,-0.02377823367714882,0.0015339808305725455,-0.7841351628303528
10.0,1005726.0,-0.023745380342006683,0.0015339808305725455,-0.7812861800193787
10.0,1005730.0,-0.023708418011665344,0.0015339808305725455,-0.7805863618850708
10.0,1005733.0,-0.023683778941631317,0.0015339808305725455,-0.7779022455215454
10.0,1005737.0,-0.023646816611289978,0.0015339808305725455,-0.7773098349571228
10.0,1005740.0,-0.023613963276147842,0.0015339808305725455,-0.7787978053092957
10.0,1005744.0,-0.023568788543343544,0.0015339808305725455,-0.7795642614364624
10.0,1005748.0,-0.02351950667798519,0.0015339808305725455,-0.7823400497436523
10.0,1005751.0,-0.023474331945180893,0.0015339808305725455,-0.7890549898147583
10.0,1005754.0,-0.02342505194246769,0.0015339808305725455,-0.7949507832527161
10.0,1005758.0,-0.023355236276984215,0.0,-0.5398893356323242
10.0,1005761.0,-0.02327720820903778,0.0,-0.5525423884391785
10.0,1005765.0,-0.023227926343679428,0.0,-0.5621587634086609
10.0,1005769.0,-0.023170432075858116,0.0,-0.5719213485717773
10.0,1005772.0,-0.02313757687807083,0.0,-0.5759578943252563
10.0,1005776.0,-0.02310061641037464,0.0,-0.5785263180732727
10.0,1005780.0,-0.02307186834514141,0.0,-0.5780733227729797
10.0,1005783.0,-0.02305133454501629,0.0,-0.5765758156776428
10.0,1005787.0,-0.023030800744891167,0.0,-0.5738210082054138
10.0,1005791.0,-0.0230143740773201,0.0,-0.5698294043540955
10.0,1005795.0,-0.02299794740974903,0.0,-0.560128390789032
10.0,1005801.0,-0.022989733144640923,0.0,-0.5539574027061462
10.0,1005804.0,-0.02298562601208687,0.0015339808305725455,-0.8142095804214478
10.0,1005808.0,-0.02298562601208687,0.0015339808305725455,-0.8012209534645081
10.0,1005812.0,-0.0229691993445158,0.0015339808305725455,-0.7948095202445984
10.0,1005815.0,-0.022952772676944733,0.0015339808305725455,-0.7878930568695068
10.0,1005819.0,-0.022924024611711502,0.0015339808305725455,-0.7859010100364685
10.0,1005822.0,-0.022899383679032326,0.0015339808305725455,-0.7847028374671936
10.0,1005826.0,-0.022845996543765068,0.0015339808305725455,-0.7849003076553345
10.0,1005839.0,-0.022702258080244064,0.0015339808305725455,-0.7940923571586609
10.0,1005842.0,-0.022640656679868698,0.0015339808305725455,-0.7987614274024963
10.0,1005847.0,-0.022583162412047386,0.0015339808305725455,-0.8039167523384094
10.0,1005851.0,-0.022517453879117966,0.0,-0.5461799502372742
10.0,1005854.0,-0.02246406488120556,0.0,-0.5608313083648682
10.0,1005858.0,-0.022406570613384247,0.0,-0.5677860975265503
10.0,1005861.0,-0.022365503013134003,0.0,-0.5749711394309998
10.0,1005864.0,-0.022340862080454826,0.0,-0.576181173324585
10.0,1005868.0,-0.022312115877866745,0.0,-0.5750812888145447
10.0,1005872.0,-0.022295687347650528,0.0,-0.5722821950912476
10.0,1005875.0,-0.02228747494518757,0.0,-0.5659863948822021
10.0,1005879.0,-0.022283367812633514,0.0,-0.558591902256012
10.0,1005882.0,-0.022283367812633514,0.0015339808305725455,-0.820667564868927
10.0,1005886.0,-0.022283367812633514,0.0015339808305725455,-0.806398868560791
10.0,1005890.0,-0.02227926068007946,0.0015339808305725455,-0.7953523993492126
10.0,1005893.0,-0.022266941145062447,0.0015339808305725455,-0.7893482446670532
10.0,1005897.0,-0.022246407344937325,0.0015339808305725455,-0.7848742008209229
10.0,1005900.0,-0.022225873544812202,0.0015339808305725455,-0.7799903154373169
10.0,1005903.0,-0.022197125479578972,0.0015339808305725455,-0.7784709334373474
10.0,1005907.0,-0.022172484546899796,0.0015339808305725455,-0.7765273451805115
10.0,1005911.0,-0.022135524079203606,0.0015339808305725455,-0.7764712572097778
10.0,1005915.0,-0.022098561748862267,0.0015339808305725455,-0.7755204439163208
10.0,1005921.0,-0.0220369603484869,0.0015339808305725455,-0.778186559677124
10.0,1005924.0,-0.022004107013344765,0.0015339808305725455,-0.7794959545135498
10.0,1005928.0,-0.021958932280540466,0.0015339808305725455,-0.7816517949104309
10.0,1005932.0,-0.021913757547736168,0.0015339808305725455,-0.7828829288482666
10.0,1005935.0,-0.021880904212594032,0.0015339808305725455,-0.7849308848381042
10.0,1005939.0,-0.02183162234723568,0.0015339808305725455,-0.7874443531036377
10.0,1005942.0,-0.021790554746985435,0.0015339808305725455,-0.7920529842376709
10.0,1005946.0,-0.02173716574907303,0.0015339808305725455,-0.7957587242126465
10.0,1005950.0,-0.021675564348697662,0.0015339808305725455,-0.8027949333190918
10.0,1005954.0,-0.021601643413305283,0.0,-0.5451365113258362
10.0,1005958.0,-0.021511293947696686,0.0,-0.5669806003570557
10.0,1005961.0,-0.02142094448208809,0.0,-0.5880236625671387
10.0,1005964.0,-0.02135523594915867,0.0,-0.6026408076286316
10.0,1005968.0,-0.021268993616104126,0.0,-0.6210924983024597
10.0,1005972.0,-0.021211499348282814,0.0,-0.6321467161178589
10.0,1005975.0,-0.021158110350370407,0.0,-0.6455615758895874
10.0,1005980.0,-0.021063655614852905,0.0,-0.6610139012336731
10.0,1005985.0,-0.020981520414352417,0.0,-0.6731444001197815
10.0,1005989.0,-0.020915811881422997,0.0,-0.6801763772964478
10.0,1005992.0,-0.020866530016064644,-0.0015339808305725455,-0.42538654804229736
10.0,1005995.0,-0.020800821483135223,-0.0015339808305725455,-0.4364330768585205
10.0,1005999.0,-0.020755646750330925,-0.0015339808305725455,-0.4493579864501953
10.0,1006002.0,-0.020702259615063667,-0.0015339808305725455,-0.4557320773601532
10.0,1006006.0,-0.020673511549830437,-0.0015339808305725455,-0.4599519670009613
10.0,1006010.0,-0.020636551082134247,-0.0015339808305725455,-0.46334823966026306
10.0,1006013.0,-0.020607803016901016,-0.0015339808305725455,-0.46594947576522827
10.0,1006017.0,-0.020579054951667786,-0.0015339808305725455,-0.4671328067779541
10.0,1006020.0,-0.020562628284096718,-0.0015339808305725455,-0.4676743745803833
10.0,1006033.0,-0.02050102688372135,-0.0015339808305725455,-0.4606630206108093
10.0,1006037.0,-0.02048870548605919,0.0,-0.7201710343360901
10.0,1006040.0,-0.02048049308359623,0.0,-0.7125722169876099
10.0,1006044.0,-0.020468171685934067,0.0,-0.7045877575874329
10.0,1006048.0,-0.02044353261590004,0.0,-0.7009067535400391
10.0,1006051.0,-0.0204065702855587,0.0,-0.7006064057350159
10.0,1006055.0,-0.020373716950416565,0.0,-0.7024694681167603
10.0,1006059.0,-0.020324435085058212,0.0,-0.7069633603096008
10.0,1006062.0,-0.0202669408172369,0.0,-0.7105782628059387
10.0,1006067.0,-0.02020944468677044,0.0,-0.716156542301178
10.0,1006070.0,-0.02016427181661129,-0.0015339808305725455,-0.457485169172287
10.0,1006073.0,-0.020102668553590775,-0.0015339808305725455,-0.4665205478668213
10.0,1006077.0,-0.020065708085894585,-0.0015339808305725455,-0.4732736051082611
10.0,1006080.0,-0.02004106715321541,-0.0015339808305725455,-0.4738207757472992
10.0,1006084.0,-0.020020533353090286,-0.0015339808305725455,-0.47301456332206726
10.0,1006087.0,-0.020016426220536232,0.0,-0.7346421480178833
10.0,1006091.0,-0.020016426220536232,0.0,-0.7206977009773254
10.0,1006094.0,-0.020016426220536232,0.0,-0.7119402885437012
10.0,1006098.0,-0.020008213818073273,0.0,-0.7015401721000671
10.0,1006102.0,-0.019991787150502205,0.0,-0.6960058212280273
10.0,1006107.0,-0.01996714621782303,0.0,-0.6884958744049072
10.0,1006111.0,-0.019942505285143852,0.0,-0.6813298463821411
10.0,1006115.0,-0.01992197148501873,0.0,-0.6774434447288513
10.0,1006119.0,-0.019897330552339554,0.0,-0.6750717759132385
10.0,1006122.0,-0.019876796752214432,0.0,-0.6730337142944336
10.0,1006126.0,-0.019843943417072296,0.0,-0.6721848249435425
10.0,1006130.0,-0.019806981086730957,0.0,-0.6729365587234497
10.0,1006133.0,-0.01977412775158882,0.0,-0.6747990250587463
10.0,1006137.0,-0.019728953018784523,0.0,-0.6781793832778931
10.0,1006140.0,-0.019691992551088333,0.0,-0.6825631856918335
10.0,1006143.0,-0.019634496420621872,0.0,-0.6884472966194153
10.0,1006147.0,-0.01957700215280056,0.0,-0.695198118686676
10.0,1006151.0,-0.019515400752425194,0.0,-0.7030483484268188
10.0,1006155.0,-0.019470226019620895,0.0,-0.7084259986877441
10.0,1006158.0,-0.019412731751799583,-0.0015339808305725455,-0.4476003348827362
10.0,1006162.0,-0.01937166415154934,-0.0015339808305725455,-0.45946672558784485
10.0,1006167.0,-0.019318275153636932,-0.0015339808305725455,-0.4650343060493469
10.0,1006171.0,-0.019293634220957756,-0.0015339808305725455,-0.46424758434295654
10.0,1006174.0,-0.019289527088403702,-0.0015339808305725455,-0.4586477279663086
10.0,1006178.0,-0.019289527088403702,0.0,-0.7183317542076111
10.0,1006182.0,-0.019289527088403702,0.0,-0.7085723876953125
10.0,1006185.0,-0.019289527088403702,0.0,-0.6973440051078796
10.0,1006189.0,-0.019281314685940742,0.0,-0.6895245909690857
10.0,1006192.0,-0.019273100420832634,0.0,-0.681679368019104
10.0,1006196.0,-0.019264886155724525,0.0,-0.6728036999702454
10.0,1006200.0,-0.019256673753261566,0.0,-0.6656884551048279
10.0,1006203.0,-0.019248459488153458,0.0,-0.6573943495750427
10.0,1006207.0,-0.019244352355599403,0.0,-0.6480831503868103
10.0,1006210.0,-0.0192402470856905,0.0,-0.641657292842865
10.0,1006214.0,-0.019236139953136444,0.0,-0.6329243779182434
10.0,1006227.0,-0.01923203282058239,0.0,-0.6038509607315063
10.0,1006231.0,-0.01923203282058239,0.0,-0.5952022075653076
10.0,1006235.0,-0.01923203282058239,0.0015339808305725455,-0.8558376431465149
10.0,1006238.0,-0.01923203282058239,0.0015339808305725455,-0.8417532444000244
10.0,1006242.0,-0.019227925688028336,0.0015339808305725455,-0.83287113904953
10.0,1006245.0,-0.019215606153011322,0.0015339808305725455,-0.8236491680145264
10.0,1006250.0,-0.0191950723528862,0.0015339808305725455,-0.8174811601638794
10.0,1006254.0,-0.019170431420207024,0.0015339808305725455,-0.8129136562347412
10.0,1006258.0,-0.019145790487527847,0.0015339808305725455,-0.8085088729858398
10.0,1006262.0,-0.01911293715238571,0.0015339808305725455,-0.8069586157798767
10.0,1006265.0,-0.01908418908715248,0.0015339808305725455,-0.8068180680274963
10.0,1006269.0,-0.01904722861945629,0.0015339808305725455,-0.8067046999931335
10.0,1006272.0,-0.019006161019206047,0.0015339808305725455,-0.8083083033561707
10.0,1006277.0,-0.018956879153847694,0.0015339808305725455,-0.81219881772995
10.0,1006281.0,-0.018903490155935287,0.0015339808305725455,-0.8173163533210754
10.0,1006284.0,-0.018854210153222084,0.0,-0.5623886585235596
10.0,1006288.0,-0.01878439448773861,0.0,-0.5782508850097656
10.0,1006293.0,-0.01870225928723812,0.0,-0.5922200679779053
10.0,1006298.0,-0.0186365507543087,0.0,-0.6036669611930847
10.0,1006301.0,-0.018603695556521416,0.0,-0.6100536584854126
10.0,1006305.0,-0.01856262795627117,0.0,-0.6135470867156982
10.0,1006309.0,-0.018529774621129036,0.0,-0.6150892972946167
10.0,1006312.0,-0.018513347953557968,0.0,-0.6144284009933472
10.0,1006316.0,-0.018492812290787697,0.0,-0.6119317412376404
10.0,1006319.0,-0.018480492755770683,0.0,-0.6087154746055603
10.0,1006323.0,-0.01846817322075367,0.0,-0.6050423383712769
10.0,1006326.0,-0.01845995895564556,0.0,-0.5994035005569458
10.0,1006330.0,-0.018455851823091507,0.0,-0.5926439166069031
10.0,1006333.0,-0.018451744690537453,0.0,-0.5880911946296692
10.0,1006337.0,-0.018451744690537453,0.0,-0.5804184079170227
10.0,1006340.0,-0.018451744690537453,0.0,-0.5748485326766968
10.0,1006344.0,-0.018451744690537453,0.0,-0.5676593780517578
10.0,1006348.0,-0.018451744690537453,0.0015339808305725455,-0.8293522000312805
10.0,1006352.0,-0.018451744690537453,0.0015339808305725455,-0.8166298270225525
10.0,1006355.0,-0.018443532288074493,0.0015339808305725455,-0.8070601224899292
10.0,1006359.0,-0.01843121089041233,0.0015339808305725455,-0.8021386861801147
10.0,1006362.0,-0.018414784222841263,0.0015339808305725455,-0.7971441149711609
10.0,1006366.0,-0.01839425042271614,0.0015339808305725455,-0.7936926484107971
10.0,1006369.0,-0.01837371662259102,0.0015339808305725455,-0.7918734550476074
10.0,1006373.0,-0.018340863287448883,0.0015339808305725455,-0.7914449572563171
10.0,1006377.0,-0.018308008089661598,0.0015339808305725455,-0.7909103631973267
10.0,1006380.0,-0.018283367156982422,0.0015339808305725455,-0.7904143929481506
10.0,1006383.0,-0.018250513821840286,0.0015339808305725455,-0.7900674939155579
10.0,1006387.0,-0.018221765756607056,0.0015339808305725455,-0.7909560799598694
10.0,1006390.0,-0.018184805288910866,0.0015339808305725455,-0.7919512391090393
10.0,1006394.0,-0.018156057223677635,0.0015339808305725455,-0.7928069233894348
10.0,1006398.0,-0.018119096755981445,0.0015339808305725455,-0.7950082421302795
10.0,1006402.0,-0.0180780291557312,0.0015339808305725455,-0.7959481477737427
10.0,1006405.0,-0.018045173957943916,0.0015339808305725455,-0.799403190612793
10.0,1006410.0,-0.01797536015510559,0.0,-0.5383496880531311
10.0,1006423.0,-0.01778644695878029,0.0,-0.5823380351066589
10.0,1006428.0,-0.017728952690958977,0.0,-0.5899162292480469
10.0,1006431.0,-0.01769609935581684,0.0,-0.5958986282348633
10.0,1006435.0,-0.017659137025475502,0.0,-0.5995749831199646
10.0,1006438.0,-0.01763039082288742,0.0,-0.6038817763328552
10.0,1006442.0,-0.017597535625100136,0.0,-0.6067239046096802
10.0,1006445.0,-0.017564682289958,0.0,-0.6087946891784668
10.0,1006449.0,-0.01753593422472477,0.0,-0.6101340055465698
10.0,1006453.0,-0.017511293292045593,0.0,-0.6121248006820679
10.0,1006457.0,-0.017486652359366417,0.0,-0.6120303273200989
10.0,1006461.0,-0.01746201142668724,0.0,-0.6119365692138672
10.0,1006464.0,-0.017445584759116173,0.0,-0.6105247735977173
10.0,1006468.0,-0.01742505095899105,0.0,-0.609160840511322
10.0,1006472.0,-0.01740451715886593,0.0,-0.6078549027442932
10.0,1006476.0,-0.01738809049129486,0.0,-0.6052858829498291
10.0,1006480.0,-0.01736755669116974,0.0,-0.6028174757957458
10.0,1006485.0,-0.017355235293507576,0.0,-0.5985243916511536
10.0,1006489.0,-0.017342915758490562,0.0,-0.593630313873291
10.0,1006493.0,-0.017334701493382454,0.0,-0.5889184474945068
10.0,1006497.0,-0.017326489090919495,0.0,-0.5843812823295593
10.0,1006500.0,-0.017326489090919495,0.0,-0.5804394483566284
10.0,1006503.0,-0.01732238195836544,0.0015339808305725455,-0.842164158821106
10.0,1006507.0,-0.01732238195836544,0.0015339808305725455,-0.8308390974998474
10.0,1006511.0,-0.017310062423348427,0.0015339808305725455,-0.8243056535720825
10.0,1006514.0,-0.01729363389313221,0.0015339808305725455,-0.8203299641609192
10.0,1006518.0,-0.017260780557990074,0.0015339808305725455,-0.8194718360900879
10.0,1006521.0,-0.017232032492756844,0.0015339808305725455,-0.821082353591919
10.0,1006524.0,-0.017199179157614708,0.0015339808305725455,-0.822933554649353
10.0,1006529.0,-0.017137577757239342,0.0015339808305725455,-0.8271108269691467
10.0,1006532.0,-0.017096510156989098,0.0015339808305725455,-0.8338378071784973
10.0,1006535.0,-0.017034906893968582,0.0,-0.5709779262542725
10.0,1006539.0,-0.01698562689125538,0.0,-0.5873814225196838
10.0,1006542.0,-0.01691170409321785,0.0,-0.599623441696167
10.0,1006546.0,-0.016850102692842484,0.0,-0.6123267412185669
10.0,1006550.0,-0.016804927960038185,0.0,-0.6245719790458679
10.0,1006554.0,-0.016751540824770927,0.0,-0.6304569840431213
10.0,1006558.0,-0.01670636609196663,0.0,-0.6367371678352356
10.0,1006561.0,-0.016673510894179344,0.0,-0.6414494514465332
10.0,1006564.0,-0.01664065755903721,0.0,-0.6428760290145874
10.0,1006569.0,-0.01660369522869587,0.0,-0.6460491418838501
10.0,1006572.0,-0.016583161428570747,0.0,-0.6464598774909973
10.0,1006576.0,-0.016554415225982666,0.0,-0.6455270648002625
10.0,1006580.0,-0.01652977429330349,0.0,-0.6455389857292175
10.0,1006583.0,-0.016513347625732422,0.0,-0.6420009732246399
10.0,1006587.0,-0.01650102622807026,0.0,-0.6386033296585083
10.0,1006590.0,-0.016488706693053246,0.0,-0.636142909526825
10.0,1006593.0,-0.016476385295391083,0.0,-0.6324133276939392
10.0,1006597.0,-0.016468172892928123,0.0,-0.6267147660255432
10.0,1006601.0,-0.01646406576037407,0.0,-0.6212319731712341
10.0,1006606.0,-0.01645585149526596,0.0,-0.6126712560653687
10.0,1006618.0,-0.016451746225357056,0.0,-0.5918667912483215
10.0,1006622.0,-0.016451746225357056,0.0015339808305725455,-0.8503949046134949
10.0,1006626.0,-0.016447639092803,0.0015339808305725455,-0.8423007130622864
10.0,1006629.0,-0.016439424827694893,0.0015339808305725455,-0.8327693939208984
10.0,1006633.0,-0.01642710529267788,0.0015339808305725455,-0.8262532949447632
10.0,1006637.0,-0.016406571492552757,0.0015339808305725455,-0.8213253617286682
10.0,1006641.0,-0.01638193055987358,0.0015339808305725455,-0.8192712664604187
10.0,1006644.0,-0.016357289627194405,0.0015339808305725455,-0.8188058733940125
10.0,1006648.0,-0.01632443442940712,0.0015339808305725455,-0.818390429019928
10.0,1006652.0,-0.01628747396171093,0.0015339808305725455,-0.8191960453987122
10.0,1006655.0,-0.016246406361460686,0.0015339808305725455,-0.821326494216919
10.0,1006660.0,-0.016201231628656387,0.0015339808305725455,-0.8247464895248413
10.0,1006664.0,-0.01614784449338913,0.0015339808305725455,-0.8318542838096619
10.0,1006669.0,-0.016069814562797546,0.0,-0.5731950402259827
10.0,1006673.0,-0.01600000075995922,0.0,-0.5951590538024902
10.0,1006677.0,-0.015930185094475746,0.0,-0.6062357425689697
10.0,1006680.0,-0.015880903229117393,0.0,-0.6219030618667603
10.0,1006683.0,-0.01581108756363392,0.0,-0.6322693824768066
10.0,1006687.0,-0.01576591283082962,0.0,-0.6443361639976501
10.0,1006692.0,-0.01566324383020401,0.0,-0.6618186235427856
10.0,1006696.0,-0.015597536228597164,0.0,-0.6741889119148254
10.0,1006700.0,-0.015531827695667744,0.0,-0.6861454248428345
10.0,1006704.0,-0.015482545830309391,0.0,-0.6948339343070984
10.0,1006708.0,-0.015416838228702545,-0.0015339808305725455,-0.43762505054473877
10.0,1006711.0,-0.01534702256321907,-0.0015339808305725455,-0.45584502816200256
10.0,1006714.0,-0.015297741629183292,-0.0015339808305725455,-0.4680628776550293
10.0,1006718.0,-0.01524845976382494,-0.0015339808305725455,-0.4784931242465973
10.0,1006722.0,-0.01521560549736023,-0.0015339808305725455,-0.4847448170185089
10.0,1006725.0,-0.01518275123089552,-0.0015339808305725455,-0.4892743229866028
10.0,1006730.0,-0.015154004096984863,-0.0015339808305725455,-0.492316335439682
10.0,1006733.0,-0.015129363164305687,-0.0015339808305725455,-0.49392464756965637
10.0,1006737.0,-0.015117042697966099,-0.0015339808305725455,-0.49307337403297424
10.0,1006740.0,-0.015100616030395031,-0.0015339808305725455,-0.49332213401794434
10.0,1006743.0,-0.015084189362823963,-0.0015339808305725455,-0.4924947917461395
10.0,1006747.0,-0.015075975097715855,-0.0015339808305725455,-0.4900890588760376
10.0,1006750.0,-0.01506776176393032,-0.0015339808305725455,-0.488014280796051
10.0,1006754.0,-0.015055441297590733,-0.0015339808305725455,-0.4844355583190918
10.0,1006758.0,-0.015051335096359253,-0.0015339808305725455,-0.4811890125274658
10.0,1006761.0,-0.015051335096359253,-0.0015339808305725455,-0.47520145773887634
10.0,1006764.0,-0.015051335096359253,0.0,-0.7362484335899353
10.0,1006768.0,-0.015047227963805199,0.0,-0.7260435819625854
10.0,1006772.0,-0.01503490749746561,0.0,-0.7202451825141907
10.0,1006776.0,-0.015014373697340488,0.0,-0.7173509001731873
10.0,1006780.0,-0.014981519430875778,0.0,-0.7172779440879822
10.0,1006783.0,-0.014948665164411068,0.0,-0.7212203741073608
10.0,1006787.0,-0.01489938423037529,0.0,-0.7263751029968262
10.0,1006792.0,-0.014829568564891815,-0.0015339808305725455,-0.46560847759246826
10.0,1006796.0,-0.014751540496945381,-0.0015339808305725455,-0.49214911460876465
10.0,1006801.0,-0.014681724831461906,-0.0015339808305725455,-0.49956661462783813
10.0,1006804.0,-0.01465297769755125,-0.0015339808305725455,-0.5041013956069946
10.0,1006817.0,-0.014603695832192898,-0.0015339808305725455,-0.4999288320541382
10.0,1006821.0,-0.014599589630961418,-0.0015339808305725455,-0.4950748383998871
10.0,1006824.0,-0.014599589630961418,-0.0015339808305725455,-0.4888111650943756
10.0,1006828.0,-0.014599589630961418,-0.0015339808305725455,-0.484264612197876
10.0,1006832.0,-0.014599589630961418,0.0,-0.7468433976173401
10.0,1006835.0,-0.014599589630961418,0.0,-0.7351450324058533
10.0,1006839.0,-0.014595482498407364,0.0,-0.7252213358879089
10.0,1006842.0,-0.014583162032067776,0.0,-0.7210543155670166
10.0,1006846.0,-0.014574948698282242,0.0,-0.7143736481666565
10.0,1006850.0,-0.01455441489815712,0.0,-0.7118713855743408
10.0,1006853.0,-0.014529773965477943,0.0,-0.7095378637313843
10.0,1006857.0,-0.014505133032798767,0.0,-0.7073089480400085
10.0,1006861.0,-0.014484599232673645,0.0,-0.7065235376358032
10.0,1006865.0,-0.014455852098762989,0.0,-0.7057989239692688
10.0,1006869.0,-0.014427104964852333,0.0,-0.7049455642700195
10.0,1006872.0,-0.014402464032173157,0.0,-0.7056438326835632
10.0,1006875.0,-0.014381930232048035,0.0,-0.7048214673995972
10.0,1006879.0,-0.014349075965583324,0.0,-0.7055595517158508
10.0,1006883.0,-0.014316221699118614,0.0,-0.7061090469360352
10.0,1006887.0,-0.014279261231422424,-0.0015339808305725455,-0.4442763924598694
10.0,1006890.0,-0.014246406964957714,-0.0015339808305725455,-0.45347750186920166
10.0,1006893.0,-0.014225872233510017,-0.0015339808305725455,-0.4568127989768982
10.0,1006897.0,-0.014205338433384895,-0.0015339808305725455,-0.4573722779750824
10.0,1006900.0,-0.014193018898367882,-0.0015339808305725455,-0.458094984292984
10.0,1006904.0,-0.014184804633259773,-0.0015339808305725455,-0.4559467136859894
10.0,1006908.0,-0.014180698432028294,-0.0015339808305725455,-0.45271629095077515
10.0,1006911.0,-0.01417659129947424,0.0,-0.7134922742843628
10.0,1006915.0,-0.014172484166920185,0.0,-0.7034744620323181
10.0,1006922.0,-0.01413963083177805,0.0,-0.7008150219917297
10.0,1006926.0,-0.01410677656531334,0.0,-0.7031621932983398
10.0,1006930.0,-0.01406160183250904,0.0,-0.7081068754196167
10.0,1006934.0,-0.014008213765919209,-0.0015339808305725455,-0.4471572935581207
10.0,1006938.0,-0.013950718566775322,-0.0015339808305725455,-0.4617363214492798
10.0,1006941.0,-0.013913758099079132,-0.0015339808305725455,-0.4731200933456421
10.0,1006945.0,-0.013872689567506313,-0.0015339808305725455,-0.4786931276321411
10.0,1006948.0,-0.013848049566149712,-0.0015339808305725455,-0.48277151584625244
10.0,1006952.0,-0.01382751576602459,-0.0015339808305725455,-0.4840594232082367
10.0,1006955.0,-0.013815195299685001,-0.0015339808305725455,-0.4839481711387634
10.0,1006959.0,-0.013802874833345413,-0.0015339808305725455,-0.4811706244945526
10.0,1006963.0,-0.013798767700791359,-0.0015339808305725455,-0.4784809350967407
10.0,1006966.0,-0.01379466149955988,-0.0015339808305725455,-0.4745863676071167
10.0,1006970.0,-0.01379466149955988,-0.0015339808305725455,-0.46949121356010437
10.0,1006974.0,-0.01379466149955988,-0.0015339808305725455,-0.465791255235672
10.0,1006978.0,-0.01379466149955988,-0.0015339808305725455,-0.46101415157318115
10.0,1006982.0,-0.01379466149955988,-0.0015339808305725455,-0.45640894770622253
10.0,1006987.0,-0.01379466149955988,0.0,-0.7182554006576538
10.0,1006990.0,-0.013790554367005825,0.0,-0.7118625640869141
10.0,1006995.0,-0.013790554367005825,0.0,-0.7007720470428467
10.0,1006999.0,-0.013778233900666237,0.0,-0.6962487101554871
10.0,1007002.0,-0.013765913434326649,0.0,-0.6935449838638306
10.0,1007014.0,-0.013679671101272106,0.0,-0.6935601830482483
10.0,1007018.0,-0.013646816834807396,-0.0015339808305725455,-0.4311228394508362
10.0,1007021.0,-0.013622176833450794,-0.0015339808305725455,-0.43840721249580383
10.0,1007025.0,-0.013601643033325672,-0.0015339808305725455,-0.4400809109210968
10.0,1007029.0,-0.013589322566986084,-0.0015339808305725455,-0.4399521052837372
10.0,1007032.0,-0.013589322566986084,-0.0015339808305725455,-0.43713968992233276
10.0,1007035.0,-0.013589322566986084,-0.0015339808305725455,-0.4335051476955414
10.0,1007039.0,-0.013589322566986084,-0.0015339808305725455,-0.42999783158302307
10.0,1007042.0,-0.013589322566986084,0.0,-0.6958943605422974
10.0,1007046.0,-0.013589322566986084,0.0,-0.6865530610084534
10.0,1007050.0,-0.01358521543443203,0.0,-0.6789068579673767
10.0,1007054.0,-0.013577002100646496,0.0,-0.6750373840332031
10.0,1007058.0,-0.013564681634306908,0.0,-0.670493483543396
10.0,1007061.0,-0.01354825496673584,0.0,-0.667470395565033
10.0,1007064.0,-0.013535934500396252,0.0,-0.6652841567993164
10.0,1007069.0,-0.01351540070027113,0.0,-0.6638162136077881
10.0,1007072.0,-0.013503080233931541,0.0,-0.6624272465705872
10.0,1007075.0,-0.013478439301252365,0.0,-0.6617618203163147
10.0,1007080.0,-0.013457905501127243,0.0,-0.6604583859443665
10.0,1007083.0,-0.013441478833556175,0.0,-0.6605585217475891
10.0,1007087.0,-0.013416837900876999,-0.0015339808305725455,-0.39151257276535034
10.0,1007091.0,-0.013392196968197823,-0.0015339808305725455,-0.3976745009422302
10.0,1007094.0,-0.013379876501858234,-0.0015339808305725455,-0.40092146396636963
10.0,1007098.0,-0.0133716631680727,-0.0015339808305725455,-0.4006075859069824
10.0,1007101.0,-0.0133716631680727,-0.0015339808305725455,-0.39841270446777344
10.0,1007106.0,-0.0133716631680727,-0.0015339808305725455,-0.3957682251930237
10.0,1007110.0,-0.0133716631680727,0.0,-0.6621751189231873
10.0,1007114.0,-0.0133716631680727,0.0,-0.654155433177948
10.0,1007118.0,-0.013367556035518646,0.0,-0.6496937274932861
10.0,1007121.0,-0.013363449834287167,0.0,-0.6448292136192322
10.0,1007124.0,-0.013351129367947578,0.0,-0.6419532895088196
10.0,1007129.0,-0.01333470270037651,0.0,-0.6400477290153503
10.0,1007132.0,-0.013322382234036922,0.0,-0.6382216811180115
10.0,1007136.0,-0.01330595463514328,0.0,-0.6364715099334717
10.0,1007139.0,-0.013285420835018158,0.0,-0.6365624070167542
10.0,1007143.0,-0.01327310036867857,-0.0015339808305725455,-0.3668549060821533
10.0,1007147.0,-0.013252566568553448,-0.0015339808305725455,-0.3725985288619995
10.0,1007150.0,-0.01324024610221386,-0.0015339808305725455,-0.37545114755630493
10.0,1007154.0,-0.01324024610221386,-0.0015339808305725455,-0.37419795989990234
10.0,1007158.0,-0.01324024610221386,-0.0015339808305725455,-0.3732803463935852
10.0,1007161.0,-0.01324024610221386,-0.0015339808305725455,-0.372085303068161
10.0,1007167.0,-0.01324024610221386,0.0,-0.6372640132904053
10.0,1007170.0,-0.01324024610221386,0.0,-0.6319116950035095
10.0,1007173.0,-0.01323613990098238,0.0,-0.6280646324157715
10.0,1007178.0,-0.013227925635874271,0.0,-0.6239921450614929
10.0,1007181.0,-0.013223819434642792,0.0,-0.6200742125511169
10.0,1007185.0,-0.013215606100857258,0.0,-0.6165528893470764
10.0,1007188.0,-0.01320739183574915,0.0,-0.6129159331321716
10.0,1007192.0,-0.01320328563451767,0.0,-0.6095978021621704
10.0,1007195.0,-0.013199178501963615,0.0,-0.6048793196678162
10.0,1007208.0,-0.013186858035624027,0.0,-0.5903328657150269
10.0,1007212.0,-0.013182751834392548,0.0,-0.5863268375396729
10.0,1007215.0,-0.013182751834392548,0.0,-0.5824077129364014
10.0,1007219.0,-0.013178644701838493,0.0,-0.5787044167518616
10.0,1007223.0,-0.013178644701838493,0.0,-0.5737809538841248
10.0,1007227.0,-0.013178644701838493,0.0,-0.570205807685852
10.0,1007230.0,-0.013178644701838493,0.0,-0.565589964389801
10.0,1007233.0,-0.013178644701838493,0.0,-0.562237560749054
10.0,1007237.0,-0.013178644701838493,0.0,-0.5579084157943726
10.0,1007240.0,-0.013174537569284439,0.0,-0.5560944676399231
10.0,1007243.0,-0.013174537569284439,0.0,-0.552998423576355
10.0,1007248.0,-0.013174537569284439,0.0,-0.5489992499351501
10.0,1007251.0,-0.013174537569284439,0.0,-0.5451421141624451
10.0,1007254.0,-0.013174537569284439,0.0,-0.5423390865325928
10.0,1007258.0,-0.013174537569284439,0.0,-0.5396104454994202
10.0,1007261.0,-0.013174537569284439,0.0,-0.5360842943191528
10.0,1007264.0,-0.013174537569284439,0.0,-0.5335209369659424
10.0,1007268.0,-0.013174537569284439,0.0,-0.5302074551582336
10.0,1007272.0,-0.013174537569284439,0.0,-0.527798056602478
10.0,1007275.0,-0.013174537569284439,0.0,-0.5246828198432922
10.0,1007279.0,-0.013174537569284439,0.0,-0.5216747522354126
10.0,1007283.0,-0.013174537569284439,0.0,-0.5194865465164185
10.0,1007287.0,-0.013174537569284439,0.0,-0.5166559815406799
10.0,1007292.0,-0.013174537569284439,0.0,-0.5132522583007812
10.0,1007295.0,-0.013174537569284439,0.0,-0.510632336139679
10.0,1007299.0,-0.013174537569284439,0.0,-0.5081000328063965
10.0,1007303.0,-0.013174537569284439,0.0,-0.5056519508361816
10.0,1007307.0,-0.013174537569284439,0.0,-0.5038691759109497
10.0,1007310.0,-0.013174537569284439,0.0,-0.5015605092048645
10.0,1007313.0,-0.013174537569284439,0.0,-0.4998787045478821
10.0,1007317.0,-0.013174537569284439,0.0,-0.4977000057697296
10.0,1007320.0,-0.013174537569284439,0.0,-0.49611228704452515
10.0,1007324.0,-0.013174537569284439,0.0,-0.49456292390823364
10.0,1007328.0,-0.013174537569284439,0.0,-0.4920627772808075
10.0,1007332.0,-0.01317043136805296,0.0,-0.4919409155845642
10.0,1007335.0,-0.01317043136805296,0.0,-0.4900100827217102
10.0,1007339.0,-0.01317043136805296,0.0,-0.48860180377960205
10.0,1007343.0,-0.01317043136805296,0.0,-0.48677530884742737
10.0,1007346.0,-0.01317043136805296,0.0,-0.4850052297115326
10.0,1007350.0,-0.01317043136805296,0.0,-0.48328927159309387
10.0,1007353.0,-0.01317043136805296,0.0,-0.48203662037849426
10.0,1007359.0,-0.01317043136805296,0.0,-0.48001155257225037
10.0,1007363.0,-0.01317043136805296,0.0,-0.4784456789493561
10.0,1007367.0,-0.01317043136805296,0.0,-0.47692596912384033
10.0,1007370.0,-0.01317043136805296,0.0,-0.4754505455493927
10.0,1007374.0,-0.01317043136805296,0.0,-0.4740177392959595
10.0,1007379.0,-0.01317043136805296,0.0,-0.4726257920265198
10.0,1007382.0,-0.01317043136805296,0.0,-0.47127315402030945
10.0,1007387.0,-0.01317043136805296,0.0,-0.46995821595191956
10.0,1007391.0,-0.01317043136805296,0.0,-0.4686795473098755
10.0,1007403.0,-0.01317043136805296,0.0,-0.4650469720363617
10.0,1007407.0,-0.01317043136805296,-0.0015339808305725455,-0.1967046856880188
10.0,1007411.0,-0.01317043136805296,-0.0015339808305725455,-0.2003796100616455
10.0,1007418.0,-0.01317043136805296,-0.0015339808305725455,-0.2096121907234192
10.0,1007424.0,-0.01317043136805296,-0.0015339808305725455,-0.21498547494411469
10.0,1007428.0,-0.01317043136805296,-0.0015339808305725455,-0.21907635033130646
10.0,1007431.0,-0.01317043136805296,-0.0015339808305725455,-0.222990483045578
10.0,1007435.0,-0.01317043136805296,-0.0015339808305725455,-0.22673480212688446
10.0,1007439.0,-0.01317043136805296,-0.0015339808305725455,-0.23031602799892426
10.0,1007443.0,-0.01317043136805296,-0.0015339808305725455,-0.2328987717628479
10.0,1007447.0,-0.01317043136805296,-0.0015339808305725455,-0.23620986938476562
10.0,1007450.0,-0.01317043136805296,-0.0015339808305725455,-0.23937493562698364
10.0,1007454.0,-0.01317043136805296,-0.0015339808305725455,-0.2416563481092453
10.0,1007458.0,-0.01317043136805296,-0.0015339808305725455,-0.2445795238018036
10.0,1007461.0,-0.01317043136805296,-0.0015339808305725455,-0.24737198650836945
10.0,1007464.0,-0.01317043136805296,-0.0015339808305725455,-0.24938364326953888
10.0,1007468.0,-0.01317043136805296,-0.0015339808305725455,-0.25195953249931335
10.0,1007472.0,-0.01317043136805296,-0.0015339808305725455,-0.25381436944007874
10.0,1007475.0,-0.01317043136805296,-0.0015339808305725455,-0.25618845224380493
10.0,1007479.0,-0.01317043136805296,-0.0015339808305725455,-0.2590031325817108
10.0,1007484.0,-0.01317043136805296,-0.0015339808305725455,-0.2606135606765747
10.0,1007488.0,-0.01317043136805296,-0.0015339808305725455,-0.26317259669303894
10.0,1007492.0,-0.01317043136805296,-0.0015339808305725455,-0.26463574171066284
10.0,1007496.0,-0.01317043136805296,-0.0015339808305725455,-0.26695898175239563
10.0,1007499.0,-0.01317043136805296,-0.0015339808305725455,-0.26828619837760925
10.0,1007502.0,-0.01317043136805296,-0.0015339808305725455,-0.2695651948451996
10.0,1007506.0,-0.01317043136805296,-0.0015339808305725455,-0.27119794487953186
10.0,1007510.0,-0.01317043136805296,-0.0015339808305725455,-0.2727508246898651
10.0,1007513.0,-0.01317043136805296,-0.0015339808305725455,-0.2738649249076843
10.0,1007517.0,-0.01317043136805296,-0.0015339808305725455,-0.2752854824066162
10.0,1007521.0,-0.01317043136805296,-0.0015339808305725455,-0.27630379796028137
10.0,1007524.0,-0.01317043136805296,-0.0015339808305725455,-0.2776009738445282
10.0,1007528.0,-0.01317043136805296,-0.0015339808305725455,-0.27883151173591614
10.0,1007531.0,-0.01317043136805296,-0.0015339808305725455,-0.2797122299671173
10.0,1007534.0,-0.01317043136805296,-0.0015339808305725455,-0.2805579900741577
10.0,1007538.0,-0.01317043136805296,-0.0015339808305725455,-0.28163307905197144
10.0,1007542.0,-0.01317043136805296,-0.0015339808305725455,-0.2824012339115143
10.0,1007545.0,-0.01317043136805296,-0.0015339808305725455,-0.28337645530700684
10.0,1007549.0,-0.01317043136805296,-0.0015339808305725455,-0.2842976748943329
10.0,1007553.0,-0.01317043136805296,-0.0015339808305725455,-0.2849544286727905
10.0,1007557.0,-0.01317043136805296,-0.0015339808305725455,-0.2857862412929535
10.0,1007560.0,-0.01317043136805296,-0.0015339808305725455,-0.28656965494155884
10.0,1007563.0,-0.01317043136805296,-0.0015339808305725455,-0.28712669014930725
10.0,1007567.0,-0.01317043136805296,-0.0015339808305725455,-0.28783008456230164
10.0,1007571.0,-0.01317043136805296,-0.0015339808305725455,-0.2884901762008667
10.0,1007574.0,-0.01317043136805296,-0.0015339808305725455,-0.2889578938484192
10.0,1007578.0,-0.01317043136805296,-0.0015339808305725455,-0.28954631090164185
10.0,1007582.0,-0.01317043136805296,-0.0015339808305725455,-0.2900959849357605
10.0,1007586.0,-0.01317043136805296,-0.0015339808305725455,-0.29060840606689453
10.0,1007590.0,-0.01317043136805296,-0.0015339808305725455,-0.29096919298171997
10.0,1007602.0,-0.01317043136805296,-0.0015339808305725455,-0.29240402579307556
10.0,1007608.0,-0.01317043136805296,-0.0015339808305725455,-0.2928241491317749
10.0,1007612.0,-0.01317043136805296,-0.0015339808305725455,-0.29305461049079895
10.0,1007615.0,-0.01317043136805296,-0.0015339808305725455,-0.2933376133441925
10.0,1007620.0,-0.01317043136805296,-0.0015339808305725455,-0.2935938835144043
10.0,1007623.0,-0.01317043136805296,-0.0015339808305725455,-0.2938244938850403
10.0,1007627.0,-0.01317043136805296,-0.0015339808305725455,-0.29403045773506165
10.0,1007630.0,-0.01317043136805296,-0.0015339808305725455,-0.2941693067550659
10.0,1007633.0,-0.01317043136805296,-0.0015339808305725455,-0.2942952811717987
10.0,1007637.0,-0.01317043136805296,-0.0015339808305725455,-0.2944437563419342
10.0,1007640.0,-0.01317043136805296,-0.0015339808305725455,-0.29454103112220764
10.0,1007644.0,-0.01317043136805296,-0.0015339808305725455,-0.2946266233921051
10.0,1007647.0,-0.01317043136805296,-0.0015339808305725455,-0.29472312331199646
10.0,1007651.0,-0.01317043136805296,-0.003067961661145091,-0.026353662833571434
10.0,1007654.0,-0.01317043136805296,-0.003067961661145091,-0.03095533512532711
10.0,1007658.0,-0.01317043136805296,-0.003067961661145091,-0.03686537221074104
10.0,1007662.0,-0.013174537569284439,-0.003067961661145091,-0.03980365768074989
10.0,1007665.0,-0.013174537569284439,-0.003067961661145091,-0.04667804762721062
10.0,1007670.0,-0.013174537569284439,-0.003067961661145091,-0.05319134518504143
10.0,1007675.0,-0.013174537569284439,-0.003067961661145091,-0.05815385654568672
10.0,1007679.0,-0.013174537569284439,-0.003067961661145091,-0.06290523707866669
10.0,1007683.0,-0.013174537569284439,-0.003067961661145091,-0.06745385378599167
10.0,1007687.0,-0.013174537569284439,-0.003067961661145091,-0.07073701918125153
10.0,1007690.0,-0.013174537569284439,-0.003067961661145091,-0.0769876018166542
10.0,1007696.0,-0.013174537569284439,-0.003067961661145091,-0.08093065768480301
10.0,1007700.0,-0.013178644701838493,-0.003067961661145091,-0.08338401466608047
10.0,1007704.0,-0.013178644701838493,-0.003067961661145091,-0.086140476167202
10.0,1007708.0,-0.013178644701838493,-0.003067961661145091,-0.08967521786689758
10.0,1007711.0,-0.013178644701838493,-0.003067961661145091,-0.09305506944656372
10.0,1007714.0,-0.013178644701838493,-0.003067961661145091,-0.09549198299646378
10.0,1007718.0,-0.013178644701838493,-0.003067961661145091,-0.09861539304256439
10.0,1007722.0,-0.013178644701838493,-0.003067961661145091,-0.10086663067340851
10.0,1007725.0,-0.013178644701838493,-0.003067961661145091,-0.10375098139047623
10.0,1007729.0,-0.013178644701838493,-0.003067961661145091,-0.10650608688592911
10.0,1007733.0,-0.013178644701838493,-0.003067961661145091,-0.10849068313837051
10.0,1007737.0,-0.013178644701838493,-0.003067961661145091,-0.11103177070617676
10.0,1007740.0,-0.013178644701838493,-0.003067961661145091,-0.11345713585615158
10.0,1007743.0,-0.013178644701838493,-0.003067961661145091,-0.11520297825336456
10.0,1007748.0,-0.013178644701838493,-0.003067961661145091,-0.11743674427270889
10.0,1007751.0,-0.013178644701838493,-0.003067961661145091,-0.11956688016653061
10.0,1007754.0,-0.013178644701838493,-0.003067961661145091,-0.12109898775815964
10.0,1007758.0,-0.013178644701838493,-0.003067961661145091,-0.1225767582654953
10.0,1007761.0,-0.013178644701838493,-0.004601942375302315,0.1394250988960266
10.0,1007765.0,-0.013178644701838493,-0.004601942375302315,0.13176144659519196
10.0,1007769.0,-0.013182751834392548,-0.004601942375302315,0.12575839459896088
10.0,1007772.0,-0.013182751834392548,-0.004601942375302315,0.12176857888698578
10.0,1007777.0,-0.013186858035624027,-0.004601942375302315,0.11485348641872406
10.0,1007780.0,-0.013190965168178082,-0.004601942375302315,0.10956952720880508
10.0,1007784.0,-0.013190965168178082,-0.004601942375302315,0.10474522411823273
10.0,1007788.0,-0.013190965168178082,-0.004601942375302315,0.09854868054389954
10.0,1007800.0,-0.013190965168178082,-0.004601942375302315,0.08147700875997543
10.0,1007803.0,-0.013195072300732136,-0.004601942375302315,0.07759071886539459
10.0,1007807.0,-0.013195072300732136,-0.004601942375302315,0.07254724204540253
10.0,1007811.0,-0.013195072300732136,-0.004601942375302315,0.06890574842691422
10.0,1007815.0,-0.013195072300732136,-0.004601942375302315,0.0630948469042778
10.0,1007818.0,-0.013195072300732136,-0.004601942375302315,0.059757623821496964
10.0,1007822.0,-0.013195072300732136,-0.004601942375302315,0.055475346744060516
10.0,1007825.0,-0.013195072300732136,-0.004601942375302315,0.052385009825229645
10.0,1007830.0,-0.013195072300732136,-0.006135923322290182,0.31533321738243103
10.0,1007833.0,-0.013195072300732136,-0.006135923322290182,0.3055565059185028
10.0,1007837.0,-0.013199178501963615,-0.006135923322290182,0.29886654019355774
10.0,1007840.0,-0.01320739183574915,-0.006135923322290182,0.29335862398147583
10.0,1007844.0,-0.013215606100857258,-0.006135923322290182,0.28935810923576355
10.0,1007848.0,-0.013223819434642792,-0.006135923322290182,0.2833459973335266
10.0,1007852.0,-0.013232032768428326,-0.006135923322290182,0.2775964140892029
10.0,1007855.0,-0.01323613990098238,-0.006135923322290182,0.27075615525245667
10.0,1007858.0,-0.01324024610221386,-0.006135923322290182,0.266154021024704
10.0,1007862.0,-0.01324024610221386,-0.006135923322290182,0.25848323106765747
10.0,1007866.0,-0.01324024610221386,-0.006135923322290182,0.2511304020881653
10.0,1007870.0,-0.013244353234767914,-0.006135923322290182,0.24541376531124115
10.0,1007874.0,-0.013244353234767914,-0.006135923322290182,0.2402854561805725
10.0,1007878.0,-0.013244353234767914,-0.006135923322290182,0.2336975783109665
10.0,1007881.0,-0.013244353234767914,-0.0076699042692780495,0.49583157896995544
10.0,1007884.0,-0.013244353234767914,-0.0076699042692780495,0.48671504855155945
10.0,1007888.0,-0.013244353234767914,-0.0076699042692780495,0.4749932587146759
10.0,1007892.0,-0.013252566568553448,-0.0076699042692780495,0.4692023694515228
10.0,1007895.0,-0.013260779902338982,-0.0076699042692780495,0.4622129499912262
10.0,1007899.0,-0.013277207501232624,-0.0076699042692780495,0.4568726122379303
10.0,1007902.0,-0.013289527967572212,-0.0076699042692780495,0.4543842375278473
10.0,1007907.0,-0.013314167968928814,-0.0076699042692780495,0.4494192898273468
10.0,1007910.0,-0.013330595567822456,-0.0076699042692780495,0.44601690769195557
10.0,1007914.0,-0.013351129367947578,-0.0076699042692780495,0.4439201056957245
10.0,1007919.0,-0.013375770300626755,-0.0076699042692780495,0.43867596983909607
10.0,1007924.0,-0.013396304100751877,-0.0076699042692780495,0.4334835410118103
10.0,1007928.0,-0.013412730768322945,-0.0076699042692780495,0.4295538067817688
10.0,1007932.0,-0.013429158367216587,-0.0076699042692780495,0.4267318546772003
10.0,1007935.0,-0.013441478833556175,-0.0076699042692780495,0.4231303930282593
10.0,1007939.0,-0.013453798368573189,-0.00920388475060463,0.6861037015914917
10.0,1007942.0,-0.013466118834912777,-0.00920388475060463,0.6755179762840271
10.0,1007947.0,-0.013490759767591953,-0.00920388475060463,0.6686169505119324
10.0,1007952.0,-0.013535934500396252,-0.00920388475060463,0.6668692827224731
10.0,1007955.0,-0.01358521543443203,-0.00920388475060463,0.6692675948143005
10.0,1007959.0,-0.013630390167236328,-0.00920388475060463,0.6743090748786926
10.0,1007962.0,-0.013675564900040627,-0.00920388475060463,0.681376576423645
10.0,1007966.0,-0.013745379634201527,-0.00920388475060463,0.6887653470039368
10.0,1007970.0,-0.013819301500916481,-0.00920388475060463,0.6968642473220825
10.0,1007974.0,-0.013893223367631435,-0.00920388475060463,0.706506609916687
10.0,1007977.0,-0.013971252366900444,-0.00920388475060463,0.7172180414199829
10.0,1007982.0,-0.014049281366169453,-0.00920388475060463,0.727618396282196
10.0,1007994.0,-0.014279261231422424,-0.00920388475060463,0.7557908892631531
10.0,1007998.0,-0.014361396431922913,-0.00920388475060463,0.7664300799369812
10.0,1008001.0,-0.014427104964852333,-0.0076699042692780495,0.5155740976333618
10.0,1008004.0,-0.014517453499138355,-0.0076699042692780495,0.5288261771202087
10.0,1008008.0,-0.014595482498407364,-0.0076699042692780495,0.5428556799888611
10.0,1008012.0,-0.014648870564997196,-0.0076699042692780495,0.5537704825401306
10.0,1008016.0,-0.014710471965372562,-0.0076699042692780495,0.5594037175178528
10.0,1008019.0,-0.014747433364391327,-0.0076699042692780495,0.5618143677711487
10.0,1008022.0,-0.014788500964641571,-0.00920388475060463,0.8286669254302979
10.0,1008027.0,-0.014825462363660336,-0.00920388475060463,0.8224523067474365
10.0,1008030.0,-0.014858316630125046,-0.00920388475060463,0.8192546367645264
10.0,1008033.0,-0.014907597564160824,-0.00920388475060463,0.8180053234100342
10.0,1008037.0,-0.014944558963179588,-0.00920388475060463,0.8177875876426697
10.0,1008041.0,-0.015006160363554955,-0.00920388475060463,0.8203222751617432
10.0,1008048.0,-0.015108829364180565,-0.00920388475060463,0.8231050968170166
10.0,1008052.0,-0.015170430764555931,-0.00920388475060463,0.8256783485412598
10.0,1008056.0,-0.015232033096253872,-0.00920388475060463,0.828242838382721
10.0,1008060.0,-0.015297741629183292,-0.00920388475060463,0.8321297764778137
10.0,1008064.0,-0.015367556363344193,-0.00920388475060463,0.8363513946533203
10.0,1008068.0,-0.015445585362613201,-0.00920388475060463,0.8463587760925293
10.0,1008072.0,-0.01552772056311369,-0.00920388475060463,0.8530099391937256
10.0,1008077.0,-0.01563449762761593,-0.00920388475060463,0.8651497960090637
10.0,1008081.0,-0.015724845230579376,-0.00920388475060463,0.8761625289916992
10.0,1008084.0,-0.01582340896129608,-0.00920388475060463,0.8895443081855774
10.0,1008089.0,-0.015926077961921692,-0.00920388475060463,0.9038916826248169
10.0,1008092.0,-0.016028746962547302,-0.00920388475060463,0.9178046584129333
10.0,1008097.0,-0.016143737360835075,-0.00920388475060463,0.9353179335594177
10.0,1008100.0,-0.016238192096352577,-0.00920388475060463,0.9563281536102295
10.0,1008104.0,-0.016377823427319527,-0.00920388475060463,0.9753467440605164
10.0,1008109.0,-0.016570841893553734,-0.00920388475060463,1.0186829566955566
10.0,1008114.0,-0.01679260842502117,-0.00920388475060463,1.0544133186340332
10.0,1008118.0,-0.01697741262614727,-0.00920388475060463,1.1001079082489014
10.0,1008122.0,-0.01718275062739849,-0.0076699042692780495,0.8632698059082031
10.0,1008125.0,-0.017400410026311874,-0.0076699042692780495,0.9133685827255249
10.0,1008130.0,-0.01763039082288742,-0.0076699042692780495,0.9657825231552124
10.0,1008133.0,-0.01779876835644245,-0.0076699042692780495,1.0151113271713257
10.0,1008137.0,-0.01802874729037285,-0.006135923322290182,0.7835691571235657
10.0,1008140.0,-0.018205339089035988,-0.006135923322290182,0.8387259840965271
10.0,1008143.0,-0.01843942515552044,-0.006135923322290182,0.8791828155517578
10.0,1008147.0,-0.018677618354558945,-0.006135923322290182,0.9324265122413635
10.0,1008151.0,-0.018854210153222084,-0.004601942375302315,0.7186493277549744
10.0,1008154.0,-0.01908418908715248,-0.004601942375302315,0.7585629224777222
10.0,1008158.0,-0.019244352355599403,-0.004601942375302315,0.8048591613769531
10.0,1008162.0,-0.019453799352049828,-0.004601942375302315,0.837210476398468
10.0,1008165.0,-0.01960575021803379,-0.003067961661145091,0.6099536418914795
10.0,1008170.0,-0.0198480486869812,-0.003067961661145091,0.6516242027282715
10.0,1008174.0,-0.020016426220536232,-0.003067961661145091,0.6900886297225952
10.0,1008178.0,-0.020168377086520195,-0.003067961661145091,0.7157680988311768
10.0,1008181.0,-0.0203121155500412,-0.003067961661145091,0.7321495413780212
10.0,1008185.0,-0.020410677418112755,-0.003067961661145091,0.748505175113678
10.0,1008198.0,-0.02074332721531391,-0.003067961661145091,0.7702103853225708
10.0,1008202.0,-0.0208254624158144,-0.003067961661145091,0.7696735858917236
10.0,1008206.0,-0.02089938335120678,-0.004601942375302315,1.034859299659729
10.0,1008209.0,-0.020969199016690254,-0.004601942375302315,1.028498888015747
10.0,1008213.0,-0.02103080041706562,-0.004601942375302315,1.0239897966384888
10.0,1008217.0,-0.021121149882674217,-0.004601942375302315,1.023481011390686
10.0,1008220.0,-0.021203285083174706,-0.004601942375302315,1.0287624597549438
10.0,1008224.0,-0.021326487883925438,-0.004601942375302315,1.0393428802490234
10.0,1008228.0,-0.02145790494978428,-0.004601942375302315,1.0481241941452026
10.0,1008231.0,-0.02159753628075123,-0.004601942375302315,1.0622644424438477
10.0,1008235.0,-0.02174948714673519,-0.004601942375302315,1.0800591707229614
10.0,1008239.0,-0.02186858281493187,-0.004601942375302315,1.1000479459762573
10.0,1008243.0,-0.022049281746149063,-0.004601942375302315,1.1210317611694336
10.0,1008247.0,-0.022254619747400284,-0.004601942375302315,1.1545151472091675
10.0,1008250.0,-0.02241889201104641,-0.003067961661145091,0.928263783454895
10.0,1008253.0,-0.02266119047999382,-0.003067961661145091,0.9649502038955688
10.0,1008258.0,-0.02291170507669449,-0.003067961661145091,1.015578031539917
10.0,1008261.0,-0.023162217810750008,-0.003067961661145091,1.0645285844802856
10.0,1008265.0,-0.023355236276984215,-0.0015339808305725455,0.836469829082489
10.0,1008269.0,-0.023626282811164856,-0.0015339808305725455,0.8952208161354065
10.0,1008272.0,-0.023823408409953117,-0.0015339808305725455,0.9493274688720703
10.0,1008276.0,-0.024090349674224854,0.0,0.7360792756080627
10.0,1008280.0,-0.02436550334095955,0.0,0.7826943397521973
10.0,1008283.0,-0.02462833747267723,0.0,0.8376510739326477
10.0,1008287.0,-0.024817248806357384,0.0015339808305725455,0.6196936368942261
10.0,1008290.0,-0.02506365440785885,0.0015339808305725455,0.6576590538024902
10.0,1008295.0,-0.02528952807188034,0.0015339808305725455,0.7117214202880859
10.0,1008300.0,-0.025585215538740158,0.0015339808305725455,0.7516596913337708
10.0,1008304.0,-0.025720739737153053,0.0015339808305725455,0.7782254219055176
10.0,1008308.0,-0.02589322440326214,0.0015339808305725455,0.7949385046958923
10.0,1008311.0,-0.026073921471834183,0.0015339808305725455,0.8202250599861145
10.0,1008315.0,-0.026197126135230064,0.0015339808305725455,0.8394176959991455
10.0,1008319.0,-0.026349075138568878,0.0015339808305725455,0.8494360446929932
10.0,1008322.0,-0.02646406553685665,0.0015339808305725455,0.8655034899711609
10.0,1008326.0,-0.0266036968678236,0.0015339808305725455,0.8754636645317078
10.0,1008329.0,-0.026735112071037292,0.0015339808305725455,0.8808112144470215
10.0,1008333.0,-0.02684599533677101,0.0015339808305725455,0.8901371955871582
10.0,1008337.0,-0.026989733800292015,0.0015339808305725455,0.900984525680542
10.0,1008340.0,-0.02710472233593464,0.0015339808305725455,0.9142836928367615
10.0,1008344.0,-0.027260780334472656,0.0015339808305725455,0.9257385730743408
10.0,1008348.0,-0.027408624067902565,0.0015339808305725455,0.9371162056922913
10.0,1008351.0,-0.027568789198994637,0.003067961661145091,0.6883957982063293
10.0,1008354.0,-0.027696099132299423,0.003067961661145091,0.7062860727310181
10.0,1008358.0,-0.027819301933050156,0.003067961661145091,0.7263867855072021
10.0,1008362.0,-0.027983572334051132,0.003067961661145091,0.7434667944908142
10.0,1008365.0,-0.028098562732338905,0.003067961661145091,0.758492112159729
10.0,1008369.0,-0.0282340869307518,0.003067961661145091,0.7691331505775452
10.0,1008372.0,-0.028340863063931465,0.003067961661145091,0.7786480784416199
10.0,1008376.0,-0.02847638539969921,0.003067961661145091,0.7888469099998474
10.0,1008380.0,-0.028611909598112106,0.003067961661145091,0.7967110872268677
10.0,1008392.0,-0.02903490699827671,0.003067961661145091,0.8341264128684998
10.0,1008395.0,-0.02917453832924366,0.003067961661145091,0.8412744402885437
10.0,1008399.0,-0.029273100197315216,0.003067961661145091,0.850208580493927
10.0,1008403.0,-0.029420943930745125,0.003067961661145091,0.8598154783248901
10.0,1008407.0,-0.029572894796729088,0.003067961661145091,0.8737013936042786
10.0,1008410.0,-0.029691992327570915,0.003067961661145091,0.8885902166366577
10.0,1008414.0,-0.029856262728571892,0.003067961661145091,0.9028847813606262
10.0,1008419.0,-0.030065707862377167,0.003067961661145091,0.9251849055290222
10.0,1008429.0,-0.030501026660203934,0.003067961661145091,0.9793753027915955
10.0,1008433.0,-0.030689937993884087,0.003067961661145091,1.002208948135376
10.0,1008437.0,-0.030887063592672348,0.003067961661145091,1.0209215879440308
10.0,1008440.0,-0.031030800193548203,0.003067961661145091,1.043920636177063
10.0,1008443.0,-0.031232032924890518,0.004601942375302315,0.796184241771698
10.0,1008447.0,-0.03144558519124985,0.004601942375302315,0.8306666612625122
10.0,1008451.0,-0.03165092319250107,0.004601942375302315,0.8613998293876648
10.0,1008455.0,-0.03180287405848503,0.004601942375302315,0.8831661939620972
10.0,1008458.0,-0.031946610659360886,0.004601942375302315,0.9069821834564209
10.0,1008462.0,-0.032123204320669174,0.004601942375302315,0.9210531711578369
10.0,1008465.0,-0.03225872665643692,0.004601942375302315,0.9411685466766357
10.0,1008470.0,-0.03248459845781326,0.004601942375302315,0.9607473015785217
10.0,1008473.0,-0.03262422978878021,0.004601942375302315,0.7127087116241455
10.0,1008477.0,-0.03280903398990631,0.006135923322290182,0.7325460314750671
10.0,1008481.0,-0.03303901478648186,0.006135923322290182,0.7637377381324768
10.0,1008487.0,-0.03325667232275009,0.006135923322290182,0.7898387908935547
10.0,1008490.0,-0.03338398411870003,0.006135923322290182,0.8082021474838257
10.0,1008493.0,-0.033548254519701004,0.006135923322290182,0.8206462264060974
10.0,1008498.0,-0.03371252492070198,0.006135923322290182,0.8368745446205139
10.0,1008501.0,-0.03383162245154381,0.006135923322290182,0.8500049710273743
10.0,1008504.0,-0.033950719982385635,0.006135923322290182,0.8603391051292419
10.0,1008508.0,-0.03411088138818741,0.006135923322290182,0.8742908239364624
10.0,1008512.0,-0.03427104651927948,0.006135923322290182,0.8855679631233215
10.0,1008515.0,-0.034398358315229416,0.006135923322290182,0.9016258716583252
10.0,1008519.0,-0.0345667339861393,0.0076699042692780495,0.6532447338104248
10.0,1008522.0,-0.03469815105199814,0.0076699042692780495,0.6695204377174377
10.0,1008527.0,-0.03490348905324936,0.0076699042692780495,0.6889064908027649
10.0,1008530.0,-0.03501848131418228,0.0076699042692780495,0.7051080465316772
10.0,1008533.0,-0.03517453745007515,0.0076699042692780495,0.716309130191803
10.0,1008537.0,-0.03528952598571777,0.0076699042692780495,0.7291334867477417
10.0,1008541.0,-0.035433266311883926,0.0076699042692780495,0.738573431968689
10.0,1008544.0,-0.03554004058241844,0.0076699042692780495,0.749575674533844
10.0,1008548.0,-0.03567556291818619,0.0076699042692780495,0.7546663284301758
10.0,1008551.0,-0.03577002137899399,0.0076699042692780495,0.7600668668746948
10.0,1008554.0,-0.03586447611451149,0.0076699042692780495,0.7637653350830078
10.0,1008558.0,-0.03598767891526222,0.0076699042692780495,0.7678186297416687
10.0,1008561.0,-0.036110881716012955,0.0076699042692780495,0.7701991200447083
10.0,1008565.0,-0.03620123118162155,0.0076699042692780495,0.7716105580329895
10.0,1008568.0,-0.036308009177446365,0.0076699042692780495,0.7714361548423767
10.0,1008572.0,-0.03638603538274765,0.0076699042692780495,0.7691435813903809
10.0,1008576.0,-0.03648049384355545,0.0076699042692780495,0.7644223570823669
10.0,1008579.0,-0.03654620051383972,0.0076699042692780495,0.7580908536911011
10.0,1008592.0,-0.036792606115341187,0.0076699042692780495,0.9942629933357239
10.0,1008596.0,-0.036858316510915756,0.006135923322290182,0.9765524864196777
10.0,1008600.0,-0.03693634644150734,0.006135923322290182,0.967850923538208
10.0,1008603.0,-0.03700205311179161,0.006135923322290182,0.959445059299469
10.0,1008608.0,-0.03713347017765045,0.006135923322290182,0.9582880735397339
10.0,1008613.0,-0.03728952631354332,0.006135923322290182,0.9627673029899597
10.0,1008617.0,-0.03742094337940216,0.006135923322290182,0.9670984745025635
10.0,1008620.0,-0.03752361238002777,0.006135923322290182,0.9755277037620544
10.0,1008623.0,-0.037659138441085815,0.0076699042692780495,0.7113104462623596
10.0,1008627.0,-0.037761807441711426,0.0076699042692780495,0.7243077754974365
10.0,1008630.0,-0.037901438772678375,0.0076699042692780495,0.7355280518531799
10.0,1008634.0,-0.03802874684333801,0.0076699042692780495,0.7452690601348877
10.0,1008638.0,-0.038114991039037704,0.0076699042692780495,0.7494661211967468
10.0,1008642.0,-0.038217660039663315,0.0076699042692780495,0.7509463429450989
10.0,1008645.0,-0.03831211477518082,0.0076699042692780495,0.7498915195465088
10.0,1008649.0,-0.03839835897088051,0.0076699042692780495,0.7463648915290833
10.0,1008653.0,-0.038459960371255875,0.0076699042692780495,0.7404397130012512
10.0,1008657.0,-0.038533881306648254,0.0076699042692780495,0.7349017262458801
10.0,1008661.0,-0.03861191123723984,0.0076699042692780495,0.7297341227531433
10.0,1008664.0,-0.03868993744254112,0.0076699042692780495,0.725730836391449
10.0,1008669.0,-0.038796715438365936,0.0076699042692780495,0.7230901122093201
10.0,1008673.0,-0.03890348970890045,0.0076699042692780495,0.7207974791526794
10.0,1008678.0,-0.03898973390460014,0.006135923322290182,0.9848835468292236
10.0,1008682.0,-0.039055440574884415,0.0076699042692780495,0.7124461531639099
10.0,1008686.0,-0.03915400430560112,0.0076699042692780495,0.7140688896179199
10.0,1008690.0,-0.03925667330622673,0.0076699042692780495,0.7179873585700989
10.0,1008695.0,-0.03938809037208557,0.0076699042692780495,0.7270745038986206
10.0,1008699.0,-0.03948665410280228,0.0076699042692780495,0.7290571331977844
10.0,1008702.0,-0.039585214108228683,0.0076699042692780495,0.7315922379493713
10.0,1008707.0,-0.039679672569036484,0.0076699042692780495,0.7336596250534058
10.0,1008710.0,-0.039745379239320755,0.0076699042692780495,0.7331317067146301
10.0,1008713.0,-0.03983162343502045,0.0076699042692780495,0.7331783771514893
10.0,1008717.0,-0.03988911584019661,0.0076699042692780495,0.7289068698883057
10.0,1008720.0,-0.039958931505680084,0.0076699042692780495,0.7252508997917175
10.0,1008724.0,-0.04000821337103844,0.0076699042692780495,0.7188801765441895
10.0,1008728.0,-0.0400657095015049,0.0076699042692780495,0.7116643190383911
10.0,1008731.0,-0.04010266810655594,0.0076699042692780495,0.7006928324699402
10.0,1008734.0,-0.04013963043689728,0.0076699042692780495,0.6928186416625977
10.0,1008738.0,-0.04018069803714752,0.006135923322290182,0.9472073316574097
10.0,1008742.0,-0.04021355137228966,0.006135923322290182,0.9315297603607178
10.0,1008745.0,-0.04024229943752289,0.006135923322290182,0.9141114950180054
10.0,1008749.0,-0.040287476032972336,0.006135923322290182,0.9001753330230713
10.0,1008752.0,-0.0403490774333477,0.006135923322290182,0.8928268551826477
10.0,1008756.0,-0.04040246456861496,0.006135923322290182,0.8879239559173584
10.0,1008759.0,-0.04048459976911545,0.006135923322290182,0.8864821791648865
10.0,1008763.0,-0.04055030643939972,0.006135923322290182,0.8864967823028564
10.0,1008767.0,-0.04066118970513344,0.006135923322290182,0.8942337036132812
10.0,1008770.0,-0.040751539170742035,0.006135923322290182,0.6374303698539734
10.0,1008774.0,-0.04088706523180008,0.0076699042692780495,0.6602049469947815
10.0,1008778.0,-0.04102669283747673,0.0076699042692780495,0.676135778427124
10.0,1008790.0,-0.04138398543000221,0.0076699042692780495,0.7193435430526733
10.0,1008794.0,-0.04148254543542862,0.0076699042692780495,0.7268579602241516
10.0,1008799.0,-0.04158932343125343,0.00920388475060463,0.4618220329284668
10.0,1008802.0,-0.04167145863175392,0.00920388475060463,0.46766695380210876
10.0,1008806.0,-0.041728951036930084,0.00920388475060463,0.472622811794281
10.0,1008810.0,-0.04178234189748764,0.00920388475060463,0.4702781140804291
10.0,1008813.0,-0.04181108996272087,0.00920388475060463,0.4653785228729248
10.0,1008817.0,-0.04183162376284599,0.00920388475060463,0.4533312916755676
10.0,1008821.0,-0.0418357290327549,0.0076699042692780495,0.7003875374794006
10.0,1008824.0,-0.0418357290327549,0.0076699042692780495,0.678442656993866
10.0,1008828.0,-0.04184394329786301,0.0076699042692780495,0.6629245281219482
10.0,1008831.0,-0.04184804856777191,0.0076699042692780495,0.6438838243484497
10.0,1008835.0,-0.04185626283288002,0.0076699042692780495,0.6294549703598022
10.0,1008838.0,-0.041860368102788925,0.0076699042692780495,0.6104785799980164
10.0,1008842.0,-0.04186447709798813,0.0076699042692780495,0.5923178791999817
10.0,1008846.0,-0.04186447709798813,0.0076699042692780495,0.5781919360160828
10.0,1008849.0,-0.04186447709798813,0.0076699042692780495,0.5600512027740479
10.0,1008853.0,-0.04186447709798813,0.006135923322290182,0.813861608505249
10.0,1008857.0,-0.04186447709798813,0.006135923322290182,0.7855023741722107
10.0,1008860.0,-0.041868582367897034,0.006135923322290182,0.7705381512641907
10.0,1008863.0,-0.04187679663300514,0.006135923322290182,0.7573938369750977
10.0,1008867.0,-0.04188501089811325,0.006135923322290182,0.7409674525260925
10.0,1008870.0,-0.041897330433130264,0.006135923322290182,0.7287731766700745
10.0,1008874.0,-0.04190964996814728,0.006135923322290182,0.718331515789032
10.0,1008877.0,-0.041917864233255386,0.006135923322290182,0.7022772431373596
10.0,1008881.0,-0.041926078498363495,0.006135923322290182,0.691364049911499
10.0,1008884.0,-0.0419301837682724,0.006135923322290182,0.6764915585517883
10.0,1008888.0,-0.0419342927634716,0.006135923322290182,0.6637383103370667
10.0,1008891.0,-0.04193839803338051,0.006135923322290182,0.6486829519271851
10.0,1008894.0,-0.04193839803338051,0.006135923322290182,0.6368247866630554
10.0,1008898.0,-0.04193839803338051,0.006135923322290182,0.6216033697128296
10.0,1008902.0,-0.04194250330328941,0.006135923322290182,0.6119452714920044
10.0,1008905.0,-0.04194250330328941,0.004601942375302315,0.8616865277290344
10.0,1008909.0,-0.04194250330328941,0.004601942375302315,0.8436354398727417
10.0,1008913.0,-0.041954826563596725,0.004601942375302315,0.8322781324386597
10.0,1008918.0,-0.04197536036372185,0.004601942375302315,0.8163701891899109
10.0,1008921.0,-0.04199589416384697,0.004601942375302315,0.805342435836792
10.0,1008927.0,-0.042036961764097214,0.004601942375302315,0.797798752784729
10.0,1008932.0,-0.04206981509923935,0.004601942375302315,0.7879008650779724
10.0,1008936.0,-0.04209856316447258,0.004601942375302315,0.7786149382591248
10.0,1008939.0,-0.0421190969645977,0.004601942375302315,0.7735883593559265
10.0,1008943.0,-0.04214784502983093,0.004601942375302315,0.7701140642166138
10.0,1008947.0,-0.04217659309506416,0.004601942375302315,0.7644007205963135
10.0,1008950.0,-0.04219301789999008,0.004601942375302315,0.7576534152030945
10.0,1008954.0,-0.04222176596522331,0.004601942375302315,0.7534832954406738
10.0,1008958.0,-0.04224640503525734,0.004601942375302315,0.7472960352897644
10.0,1008961.0,-0.04226693883538246,0.004601942375302315,0.7427762746810913
10.0,1008965.0,-0.04229568690061569,0.004601942375302315,0.7392311096191406
10.0,1008968.0,-0.042316220700740814,0.006135923322290182,0.46994301676750183
10.0,1008972.0,-0.04234086349606514,0.006135923322290182,0.47117936611175537
10.0,1008984.0,-0.04235318303108215,0.006135923322290182,0.71781986951828
10.0,1008989.0,-0.04235318303108215,0.004601942375302315,0.7055762410163879
10.0,1008992.0,-0.04235728830099106,0.004601942375302315,0.6980867385864258
10.0,1008996.0,-0.04236550256609917,0.004601942375302315,0.6893752217292786
10.0,1009000.0,-0.042373716831207275,0.004601942375302315,0.6837878227233887
10.0,1009003.0,-0.04237782210111618,0.004601942375302315,0.6757717728614807
10.0,1009007.0,-0.04238603636622429,0.004601942375302315,0.6693379878997803
10.0,1009010.0,-0.04239014536142349,0.004601942375302315,0.6619938611984253
10.0,1009014.0,-0.0423983559012413,0.004601942375302315,0.6560467481613159
10.0,1009017.0,-0.042402464896440506,0.004601942375302315,0.6479863524436951
10.0,1009021.0,-0.04240657016634941,0.004601942375302315,0.6402974128723145
10.0,1009025.0,-0.042410679161548615,0.004601942375302315,0.6329677700996399
10.0,1009029.0,-0.042410679161548615,0.004601942375302315,0.6246384978294373
10.0,1009032.0,-0.042410679161548615,0.004601942375302315,0.6186406016349792
10.0,1009037.0,-0.04241478443145752,0.004601942375302315,0.6122938394546509
10.0,1009040.0,-0.04241478443145752,0.004601942375302315,0.6049219965934753
10.0,1009043.0,-0.04241478443145752,0.004601942375302315,0.5996174812316895
10.0,1009047.0,-0.04241478443145752,0.004601942375302315,0.5928328633308411
10.0,1009051.0,-0.04241478443145752,0.004601942375302315,0.587953507900238
10.0,1009054.0,-0.04241478443145752,0.004601942375302315,0.5817162394523621
10.0,1009058.0,-0.04241478443145752,0.004601942375302315,0.5772331953048706
10.0,1009061.0,-0.04241478443145752,0.004601942375302315,0.571506142616272
10.0,1009064.0,-0.04241478443145752,0.004601942375302315,0.5673924684524536
10.0,1009068.0,-0.04241478443145752,0.004601942375302315,0.562140941619873
10.0,1009072.0,-0.04241478443145752,0.004601942375302315,0.5571465492248535
10.0,1009075.0,-0.04241478443145752,0.004601942375302315,0.5535632371902466
10.0,1009079.0,-0.04241478443145752,0.004601942375302315,0.5489944815635681
10.0,1009082.0,-0.04241478443145752,0.006135923322290182,0.2788068354129791
10.0,1009086.0,-0.04241478443145752,0.006135923322290182,0.2806190252304077
10.0,1009090.0,-0.04241478443145752,0.006135923322290182,0.2824099659919739
10.0,1009093.0,-0.04241478443145752,0.006135923322290182,0.28373968601226807
10.0,1009098.0,-0.04241478443145752,0.006135923322290182,0.2854953408241272
10.0,1009101.0,-0.04241478443145752,0.006135923322290182,0.287231981754303
10.0,1009104.0,-0.04241478443145752,0.006135923322290182,0.2889503538608551
10.0,1009109.0,-0.04241478443145752,0.006135923322290182,0.29107365012168884
10.0,1009114.0,-0.04241478443145752,0.006135923322290182,0.2927534282207489
10.0,1009118.0,-0.04241478443145752,0.006135923322290182,0.2940027415752411
10.0,1009121.0,-0.04241478443145752,0.006135923322290182,0.29565486311912537
10.0,1009124.0,-0.04241478443145752,0.006135923322290182,0.29688408970832825
10.0,1009129.0,-0.04241478443145752,0.006135923322290182,0.29851043224334717
10.0,1009132.0,-0.04241478443145752,0.006135923322290182,0.30012282729148865
10.0,1009136.0,-0.04241478443145752,0.006135923322290182,0.30172181129455566
10.0,1009139.0,-0.04241478443145752,0.006135923322290182,0.3029126226902008
10.0,1009143.0,-0.04241478443145752,0.006135923322290182,0.3040963411331177
10.0,1009146.0,-0.04241478443145752,0.006135923322290182,0.3056641221046448
10.0,1009150.0,-0.04241478443145752,0.006135923322290182,0.30683234333992004
10.0,1009153.0,-0.04241478443145752,0.006135923322290182,0.30838000774383545
10.0,1009157.0,-0.04241478443145752,0.006135923322290182,0.3099169433116913
10.0,1009160.0,-0.04241478443145752,0.006135923322290182,0.3110627233982086
10.0,1009164.0,-0.04241478443145752,0.006135923322290182,0.3122028410434723
10.0,1009177.0,-0.04241478443145752,0.006135923322290182,0.317452996969223
10.0,1009181.0,-0.04241478443145752,0.006135923322290182,0.31893327832221985
10.0,1009185.0,-0.04241478443145752,0.0076699042692780495,0.056514672935009
10.0,1009189.0,-0.04241478443145752,0.0076699042692780495,0.06384382396936417
10.0,1009192.0,-0.04241478443145752,0.0076699042692780495,0.06918355077505112
10.0,1009196.0,-0.04241478443145752,0.0076699042692780495,0.07439305633306503
10.0,1009199.0,-0.042410679161548615,0.0076699042692780495,0.0798247754573822
10.0,1009202.0,-0.042410679161548615,0.0076699042692780495,0.08478051424026489
10.0,1009206.0,-0.042410679161548615,0.0076699042692780495,0.0912039652466774
10.0,1009210.0,-0.042410679161548615,0.0076699042692780495,0.09588790684938431
10.0,1009213.0,-0.042410679161548615,0.0076699042692780495,0.1019614189863205
10.0,1009217.0,-0.042410679161548615,0.0076699042692780495,0.10784579068422318
10.0,1009221.0,-0.04240657016634941,0.0076699042692780495,0.1107833981513977
10.0,1009224.0,-0.04240657016634941,0.0076699042692780495,0.11640281975269318
10.0,1009228.0,-0.04240657016634941,0.0076699042692780495,0.12050467729568481
10.0,1009231.0,-0.04240657016634941,0.0076699042692780495,0.12582877278327942
10.0,1009234.0,-0.04240657016634941,0.00920388475060463,-0.1387297809123993
10.0,1009238.0,-0.04240657016634941,0.00920388475060463,-0.12763647735118866
10.0,1009242.0,-0.04240657016634941,0.00920388475060463,-0.11957121640443802
10.0,1009245.0,-0.042402464896440506,0.00920388475060463,-0.1118314266204834
10.0,1009249.0,-0.0423942506313324,0.00920388475060463,-0.10435512661933899
10.0,1009253.0,-0.04238603636622429,0.00920388475060463,-0.09824854880571365
10.0,1009257.0,-0.042381931096315384,0.00920388475060463,-0.08989217877388
10.0,1009260.0,-0.042381931096315384,0.00920388475060463,-0.08047749102115631
10.0,1009264.0,-0.042381931096315384,0.00920388475060463,-0.0736277773976326
10.0,1009267.0,-0.042381931096315384,0.00920388475060463,-0.06476636976003647
10.0,1009271.0,-0.042381931096315384,0.010737866163253784,-0.32465067505836487
10.0,1009275.0,-0.04237782210111618,0.010737866163253784,-0.3152056038379669
10.0,1009278.0,-0.04237782210111618,0.010737866163253784,-0.30122554302215576
10.0,1009282.0,-0.04236961156129837,0.010737866163253784,-0.29375526309013367
10.0,1009285.0,-0.04236139729619026,0.010737866163253784,-0.2845727503299713
10.0,1009289.0,-0.042344968765974045,0.010737866163253784,-0.27703386545181274
10.0,1009292.0,-0.04232854023575783,0.010737866163253784,-0.2684207260608673
10.0,1009297.0,-0.042316220700740814,0.010737866163253784,-0.25839462876319885
10.0,1009302.0,-0.042299795895814896,0.010737866163253784,-0.25042471289634705
10.0,1009306.0,-0.04229158163070679,0.010737866163253784,-0.24274718761444092
10.0,1009310.0,-0.04228336736559868,0.012271846644580364,-0.5008836984634399
10.0,1009314.0,-0.042279262095689774,0.012271846644580364,-0.4851395785808563
10.0,1009317.0,-0.042262833565473557,0.012271846644580364,-0.4739767014980316
10.0,1009321.0,-0.042242299765348434,0.012271846644580364,-0.46724027395248413
10.0,1009324.0,-0.04221766069531441,0.012271846644580364,-0.46335479617118835
10.0,1009328.0,-0.04217659309506416,0.012271846644580364,-0.4623624086380005
10.0,1009332.0,-0.04212731122970581,0.012271846644580364,-0.46274447441101074
10.0,1009335.0,-0.04206981509923935,0.012271846644580364,-0.4657130241394043
10.0,1009340.0,-0.04200821369886398,0.012271846644580364,-0.4700070321559906
10.0,1009344.0,-0.04194250330328941,0.012271846644580364,-0.4754883646965027
10.0,1009348.0,-0.04187679663300514,0.012271846644580364,-0.48078247904777527
10.0,1009351.0,-0.04181108996272087,0.012271846644580364,-0.48589810729026794
10.0,1009355.0,-0.041757699102163315,0.012271846644580364,-0.49097853899002075
10.0,1009358.0,-0.04170841723680496,0.012271846644580364,-0.4957502782344818
10.0,1009371.0,-0.041507188230752945,0.012271846644580364,-0.5063509345054626
10.0,1009375.0,-0.04144558683037758,0.012271846644580364,-0.5082314014434814
10.0,1009379.0,-0.04138809069991112,0.012271846644580364,-0.5097706317901611
10.0,1009382.0,-0.04134291410446167,0.013805827125906944,-0.779525101184845
10.0,1009386.0,-0.04128542169928551,0.013805827125906944,-0.7749786376953125
10.0,1009390.0,-0.04121971130371094,0.013805827125906944,-0.7737056016921997
10.0,1009393.0,-0.04115810990333557,0.013805827125906944,-0.7765165567398071
10.0,1009397.0,-0.04106365516781807,0.013805827125906944,-0.7841964364051819
10.0,1009400.0,-0.040985625237226486,0.013805827125906944,-0.7943135499954224
10.0,1009404.0,-0.04087885096669197,0.013805827125906944,-0.8033631443977356
10.0,1009408.0,-0.04077207297086716,0.013805827125906944,-0.8142080307006836
10.0,1009412.0,-0.04066118970513344,0.013805827125906944,-0.826049268245697
10.0,1009415.0,-0.04057905450463295,0.013805827125906944,-0.8361542224884033
10.0,1009420.0,-0.0404394268989563,0.013805827125906944,-0.8516694903373718
10.0,1009426.0,-0.040250513702631,0.013805827125906944,-0.8761414885520935
10.0,1009430.0,-0.0400698147714138,0.012271846644580364,-0.6341110467910767
10.0,1009434.0,-0.03994661197066307,0.012271846644580364,-0.66645348072052
10.0,1009438.0,-0.039782341569662094,0.012271846644580364,-0.6899711489677429
10.0,1009441.0,-0.03965502977371216,0.012271846644580364,-0.7230525612831116
10.0,1009444.0,-0.03952361270785332,0.012271846644580364,-0.7464410066604614
10.0,1009448.0,-0.039355237036943436,0.012271846644580364,-0.7762347459793091
10.0,1009452.0,-0.039186857640743256,0.012271846644580364,-0.8050131797790527
10.0,1009455.0,-0.039018481969833374,0.012271846644580364,-0.8262813091278076
10.0,1009459.0,-0.03889527544379234,0.010737866163253784,-0.5879955887794495
10.0,1009462.0,-0.03872279077768326,0.010737866163253784,-0.6125150918960571
10.0,1009467.0,-0.03855852037668228,0.010737866163253784,-0.6424351930618286
10.0,1009470.0,-0.03844353184103966,0.010737866163253784,-0.6673253774642944
10.0,1009473.0,-0.038291580975055695,0.010737866163253784,-0.6857692003250122
10.0,1009477.0,-0.03817659243941307,0.010737866163253784,-0.7091836333274841
10.0,1009481.0,-0.037975359708070755,0.010737866163253784,-0.7358312606811523
10.0,1009487.0,-0.03776591271162033,0.010737866163253784,-0.7754777073860168
10.0,1009490.0,-0.03758932277560234,0.010737866163253784,-0.7979029417037964
10.0,1009494.0,-0.03744969144463539,0.010737866163253784,-0.8282667398452759
10.0,1009498.0,-0.03725256770849228,0.010737866163253784,-0.8547429442405701
10.0,1009501.0,-0.03710472211241722,0.010737866163253784,-0.6201117038726807
10.0,1009504.0,-0.03694866597652435,0.00920388475060463,-0.6496055722236633
10.0,1009508.0,-0.03674332797527313,0.00920388475060463,-0.6886283159255981
10.0,1009512.0,-0.03653798624873161,0.00920388475060463,-0.7276625037193298
10.0,1009515.0,-0.036381930112838745,0.00920388475060463,-0.755744218826294
10.0,1009519.0,-0.036176592111587524,0.00920388475060463,-0.7911819219589233
10.0,1009523.0,-0.035971254110336304,0.00920388475060463,-0.8162959218025208
10.0,1009527.0,-0.03576180711388588,0.0076699042692780495,-0.5915977358818054
10.0,1009530.0,-0.03555646911263466,0.0076699042692780495,-0.6208762526512146
10.0,1009534.0,-0.03540040925145149,0.0076699042692780495,-0.6493929028511047
10.0,1009538.0,-0.03520328551530838,0.0076699042692780495,-0.682735800743103
10.0,1009541.0,-0.035067763179540634,0.0076699042692780495,-0.708259105682373
10.0,1009544.0,-0.034899383783340454,0.0076699042692780495,-0.7251887917518616
10.0,1009548.0,-0.03478028625249863,0.0076699042692780495,-0.7440125942230225
10.0,1009552.0,-0.03461601585149765,0.0076699042692780495,-0.758745014667511
10.0,1009555.0,-0.03449281305074692,0.0076699042692780495,-0.7731293439865112
10.0,1009567.0,-0.03397946432232857,0.0076699042692780495,-0.8394373655319214
10.0,1009571.0,-0.03380287438631058,0.0076699042692780495,-0.8600541353225708
10.0,1009575.0,-0.033622175455093384,0.0076699042692780495,-0.8760910630226135
10.0,1009578.0,-0.033474333584308624,0.0076699042692780495,-0.9022384881973267
10.0,1009582.0,-0.03327310085296631,0.0076699042692780495,-0.9226452112197876
10.0,1009586.0,-0.033063653856515884,0.0076699042692780495,-0.9586934447288513
10.0,1009589.0,-0.03284599632024765,0.0076699042692780495,-0.9817841649055481
10.0,1009593.0,-0.03266940265893936,0.0076699042692780495,-1.0083348751068115
10.0,1009596.0,-0.03241478279232979,0.006135923322290182,-0.7850890159606934
10.0,1009600.0,-0.03221355378627777,0.006135923322290182,-0.8356143832206726
10.0,1009603.0,-0.031946610659360886,0.006135923322290182,-0.8703661561012268
10.0,1009608.0,-0.03167145699262619,0.006135923322290182,-0.9193638563156128
10.0,1009613.0,-0.03131827339529991,0.004601942375302315,-0.715924859046936
10.0,1009617.0,-0.03103901445865631,0.004601942375302315,-0.768482506275177
10.0,1009620.0,-0.030829569324851036,0.004601942375302315,-0.8192713856697083
10.0,1009623.0,-0.030550308525562286,0.004601942375302315,-0.8562439680099487
10.0,1009627.0,-0.030344968661665916,0.003067961661145091,-0.6343136429786682
10.0,1009630.0,-0.030073922127485275,0.003067961661145091,-0.6710720658302307
10.0,1009634.0,-0.029860369861125946,0.003067961661145091,-0.722172737121582
10.0,1009638.0,-0.029597535729408264,0.003067961661145091,-0.7553583979606628
10.0,1009641.0,-0.02940862439572811,0.003067961661145091,-0.7943131327629089
10.0,1009644.0,-0.029223820194602013,0.003067961661145091,-0.8217025399208069
10.0,1009648.0,-0.028981519863009453,0.0015339808305725455,-0.5904538631439209
10.0,1009652.0,-0.028743326663970947,0.0015339808305725455,-0.6181395053863525
10.0,1009655.0,-0.028566734865307808,0.0015339808305725455,-0.6535349488258362
10.0,1009659.0,-0.02835318259894848,0.0015339808305725455,-0.6784214377403259
10.0,1009662.0,-0.028156057000160217,0.0015339808305725455,-0.6945856809616089
10.0,1009666.0,-0.02800821326673031,0.0015339808305725455,-0.7193673849105835
10.0,1009671.0,-0.02768377773463726,0.0015339808305725455,-0.739256739616394
10.0,1009677.0,-0.027511293068528175,0.0015339808305725455,-0.7509412169456482
10.0,1009680.0,-0.02739630453288555,0.0015339808305725455,-0.7570055723190308
10.0,1009684.0,-0.027232032269239426,0.0015339808305725455,-0.7635149359703064
10.0,1009687.0,-0.02710472233593464,0.0015339808305725455,-0.7747260928153992
10.0,1009690.0,-0.026932237669825554,0.0015339808305725455,-0.7822793126106262
10.0,1009697.0,-0.026665298268198967,0.003067961661145091,-1.0694266557693481
10.0,1009700.0,-0.026496920734643936,0.003067961661145091,-1.0723694562911987
10.0,1009704.0,-0.02636139653623104,0.003067961661145091,-1.0820847749710083
10.0,1009708.0,-0.026143737137317657,0.003067961661145091,-1.0965983867645264
10.0,1009711.0,-0.025967145338654518,0.0015339808305725455,-0.8577002286911011
10.0,1009714.0,-0.025704311206936836,0.0015339808305725455,-0.886548638343811
10.0,1009718.0,-0.025507187470793724,0.0015339808305725455,-0.9239083528518677
10.0,1009722.0,-0.025248460471630096,0.0015339808305725455,-0.9587903618812561
10.0,1009726.0,-0.024969199672341347,0.0015339808305725455,-1.0005667209625244
10.0,1009730.0,-0.024685831740498543,0.0015339808305725455,-1.0313498973846436
10.0,1009733.0,-0.024464065209031105,0.0,-0.8109439611434937
10.0,1009737.0,-0.02416016347706318,0.0,-0.8497412800788879
10.0,1009740.0,-0.023942505940794945,0.0,-0.8937368392944336
10.0,1009744.0,-0.02365913800895214,0.0,-0.925162136554718
10.0,1009747.0,-0.023383984342217445,-0.0015339808305725455,-0.6988610625267029
10.0,1009751.0,-0.02318275161087513,-0.0015339808305725455,-0.7384661436080933
10.0,1009764.0,-0.02239014394581318,-0.0015339808305725455,-0.8263838291168213
10.0,1009768.0,-0.02216837741434574,-0.0015339808305725455,-0.8473482131958008
10.0,1009771.0,-0.021954825147986412,-0.0015339808305725455,-0.865067183971405
10.0,1009775.0,-0.02179466187953949,-0.0015339808305725455,-0.8823206424713135
10.0,1009779.0,-0.021527720615267754,-0.0015339808305725455,-0.8991270661354065
10.0,1009783.0,-0.021359343081712723,-0.0015339808305725455,-0.9141477942466736
10.0,1009787.0,-0.021129364147782326,-0.003067961661145091,-0.6753097772598267
10.0,1009791.0,-0.02089117094874382,-0.003067961661145091,-0.7044849991798401
10.0,1009795.0,-0.020599588751792908,-0.003067961661145091,-0.7314680218696594
10.0,1009801.0,-0.0203121155500412,-0.003067961661145091,-0.7623952031135559
10.0,1009805.0,-0.020086241886019707,-0.003067961661145091,-0.7895169854164124
10.0,1009809.0,-0.019868582487106323,-0.003067961661145091,-0.8086513876914978
10.0,1009812.0,-0.01965092495083809,-0.003067961661145091,-0.8230008482933044
10.0,1009816.0,-0.01948254555463791,-0.003067961661145091,-0.8425809741020203
10.0,1009820.0,-0.019264886155724525,-0.003067961661145091,-0.8589369058609009
10.0,1009823.0,-0.019059548154473305,-0.003067961661145091,-0.8696072101593018
10.0,1009827.0,-0.018903490155935287,-0.003067961661145091,-0.8839994668960571
10.0,1009830.0,-0.018743326887488365,-0.004601942375302315,-0.6301909685134888
10.0,1009834.0,-0.018529774621129036,-0.004601942375302315,-0.646030843257904
10.0,1009837.0,-0.018332649022340775,-0.004601942375302315,-0.6612452864646912
10.0,1009841.0,-0.01819712482392788,-0.004601942375302315,-0.6707420349121094
10.0,1009845.0,-0.018032854422926903,-0.004601942375302315,-0.6733947992324829
10.0,1009849.0,-0.017876796424388885,-0.003067961661145091,-0.9391619563102722
10.0,1009852.0,-0.01776180788874626,-0.003067961661145091,-0.9334062933921814
10.0,1009856.0,-0.017597535625100136,-0.003067961661145091,-0.9333637952804565
10.0,1009860.0,-0.01742505095899105,-0.003067961661145091,-0.93513423204422
10.0,1009863.0,-0.017281314358115196,-0.003067961661145091,-0.9433968663215637
10.0,1009867.0,-0.017084188759326935,-0.003067961661145091,-0.9505226612091064
10.0,1009870.0,-0.016932237893342972,-0.003067961661145091,-0.961230456829071
10.0,1009873.0,-0.016718685626983643,-0.003067961661145091,-0.9734785556793213
10.0,1009878.0,-0.016496919095516205,-0.003067961661145091,-0.990380585193634
10.0,1009881.0,-0.01633264869451523,-0.004601942375302315,-0.7429746389389038
10.0,1009884.0,-0.016160164028406143,-0.004601942375302315,-0.7601456642150879
10.0,1009888.0,-0.01594250462949276,-0.004601942375302315,-0.7802413702011108
10.0,1009891.0,-0.01572895236313343,-0.004601942375302315,-0.7939597368240356
10.0,1009894.0,-0.015564681962132454,-0.004601942375302315,-0.8087368011474609
10.0,1009899.0,-0.015351129695773125,-0.004601942375302315,-0.8262093663215637
10.0,1009902.0,-0.015190965496003628,-0.004601942375302315,-0.8445892333984375
10.0,1009906.0,-0.01496919896453619,-0.004601942375302315,-0.8583934903144836
10.0,1009909.0,-0.01480082143098116,-0.004601942375302315,-0.8785984516143799
10.0,1009912.0,-0.014570841565728188,-0.004601942375302315,-0.8943993449211121
10.0,1009917.0,-0.014336755499243736,-0.006135923322290182,-0.650929868221283
10.0,1009921.0,-0.01410677656531334,-0.006135923322290182,-0.6831805109977722
10.0,1009926.0,-0.013823408633470535,-0.006135923322290182,-0.7115717530250549
10.0,1009930.0,-0.013609856367111206,-0.006135923322290182,-0.7257227301597595
10.0,1009933.0,-0.01340451743453741,-0.006135923322290182,-0.7414656281471252
10.0,1009937.0,-0.013256673701107502,-0.006135923322290182,-0.7541592717170715
10.0,1009940.0,-0.013063655234873295,-0.006135923322290182,-0.7621415853500366
10.0,1009944.0,-0.01292402483522892,-0.006135923322290182,-0.7690219283103943
10.0,1009948.0,-0.012755646370351315,-0.006135923322290182,-0.7714675664901733
10.0,1009960.0,-0.012312115170061588,-0.006135923322290182,-0.7600524425506592
10.0,1009963.0,-0.01220123190432787,-0.006135923322290182,-0.7565596103668213
10.0,1009967.0,-0.01202053390443325,-0.006135923322290182,-0.7540006637573242
10.0,1009971.0,-0.011905544437468052,-0.006135923322290182,-0.7530261278152466
10.0,1009975.0,-0.011757699772715569,-0.006135923322290182,-0.7514390349388123
10.0,1009979.0,-0.01160985603928566,-0.006135923322290182,-0.7495285868644714
10.0,1009983.0,-0.011470225639641285,-0.006135923322290182,-0.7434759736061096
10.0,1009988.0,-0.011301848106086254,-0.004601942375302315,-1.0035405158996582
10.0,1009992.0,-0.011170431040227413,-0.004601942375302315,-0.9944047927856445
10.0,1009995.0,-0.011071868240833282,-0.004601942375302315,-0.9827847480773926
10.0,1009999.0,-0.010932237841188908,-0.004601942375302315,-0.9771444201469421
10.0,1010002.0,-0.010821355506777763,-0.004601942375302315,-0.973160982131958
10.0,1010006.0,-0.010661191307008266,-0.004601942375302315,-0.9721800684928894
10.0,1010009.0,-0.010533880442380905,-0.004601942375302315,-0.9739255905151367
10.0,1010013.0,-0.010353182442486286,-0.004601942375302315,-0.9797698855400085
10.0,1010017.0,-0.0101560577750206,-0.004601942375302315,-0.9910408854484558
10.0,1010021.0,-0.00994250550866127,-0.006135923322290182,-0.7405176162719727
10.0,1010024.0,-0.009774127043783665,-0.006135923322290182,-0.7651664018630981
10.0,1010028.0,-0.009556468576192856,-0.006135923322290182,-0.7877456545829773
10.0,1010031.0,-0.009342915378510952,-0.006135923322290182,-0.8032674789428711
10.0,1010035.0,-0.009182751178741455,-0.006135923322290182,-0.8234409093856812
10.0,1010038.0,-0.008981519378721714,-0.006135923322290182,-0.8342000246047974
10.0,1010042.0,-0.008829568512737751,-0.006135923322290182,-0.8495687246322632
10.0,1010046.0,-0.00862833671271801,-0.0076699042692780495,-0.596130907535553
10.0,1010050.0,-0.008427104912698269,-0.0076699042692780495,-0.616838812828064
10.0,1010053.0,-0.008229979313910007,-0.0076699042692780495,-0.6309621930122375
10.0,1010057.0,-0.008090348914265633,-0.0076699042692780495,-0.6453312635421753
10.0,1010061.0,-0.007913758046925068,-0.0076699042692780495,-0.6535273194313049
10.0,1010064.0,-0.007757700048387051,-0.0076699042692780495,-0.6580214500427246
10.0,1010068.0,-0.007618069648742676,-0.0076699042692780495,-0.657170295715332
10.0,1010072.0,-0.007519507315009832,-0.0076699042692780495,-0.652495801448822
10.0,1010075.0,-0.00740041071549058,-0.0076699042692780495,-0.6475297212600708
10.0,1010079.0,-0.007318275049328804,-0.0076699042692780495,-0.6368050575256348
10.0,1010083.0,-0.007219712715595961,-0.0076699042692780495,-0.6239619851112366
10.0,1010087.0,-0.007129363249987364,-0.0076699042692780495,-0.61204993724823
10.0,1010090.0,-0.0070718685165047646,-0.006135923322290182,-0.8562232255935669
10.0,1010093.0,-0.007010267116129398,-0.006135923322290182,-0.8342311382293701
10.0,1010098.0,-0.006944558583199978,-0.006135923322290182,-0.8077604174613953
10.0,1010101.0,-0.0068993838503956795,-0.006135923322290182,-0.7872860431671143
10.0,1010104.0,-0.006850102450698614,-0.006135923322290182,-0.7568234205245972
10.0,1010109.0,-0.006767967250198126,-0.004601942375302315,-0.9948780536651611
10.0,1010114.0,-0.00668583158403635,-0.004601942375302315,-0.9669095873832703
10.0,1010118.0,-0.006607803050428629,-0.004601942375302315,-0.9507350325584412
10.0,1010121.0,-0.0065379878506064415,-0.004601942375302315,-0.934023380279541
10.0,1010125.0,-0.006431211717426777,-0.004601942375302315,-0.9247796535491943
10.0,1010128.0,-0.006295687984675169,-0.004601942375302315,-0.9235180616378784
10.0,1010132.0,-0.006147843785583973,-0.004601942375302315,-0.9255980849266052
10.0,1010136.0,-0.005991786252707243,-0.004601942375302315,-0.9304539561271667
10.0,1010140.0,-0.0058726901188492775,-0.004601942375302315,-0.9366193413734436
10.0,1010144.0,-0.005708418786525726,-0.004601942375302315,-0.9440716505050659
10.0,1010157.0,-0.005100615788251162,-0.006135923322290182,-0.7240466475486755
10.0,1010161.0,-0.004985626321285963,-0.006135923322290182,-0.7304909825325012
10.0,1010164.0,-0.0048747435212135315,-0.006135923322290182,-0.7358229756355286
10.0,1010168.0,-0.004735113121569157,-0.006135923322290182,-0.7394724488258362
10.0,1010172.0,-0.004595482721924782,-0.006135923322290182,-0.7450923323631287
10.0,1010178.0,-0.0043860371224582195,-0.006135923322290182,-0.751021683216095
10.0,1010182.0,-0.00424229959025979,-0.006135923322290182,-0.7546678781509399
10.0,1010185.0,-0.00413963058963418,-0.006135923322290182,-0.7586130499839783
10.0,1010189.0,-0.004000000189989805,-0.006135923322290182,-0.7612237930297852
10.0,1010192.0,-0.0038603695575147867,-0.006135923322290182,-0.7648811936378479
10.0,1010196.0,-0.003757700091227889,-0.006135923322290182,-0.7688615918159485
10.0,1010199.0,-0.0036509239580482244,-0.0076699042692780495,-0.5042678117752075
10.0,1010202.0,-0.00351540045812726,-0.0076699042692780495,-0.5111075043678284
10.0,1010206.0,-0.003425051225349307,-0.0076699042692780495,-0.514258623123169
10.0,1010209.0,-0.003322381991893053,-0.0076699042692780495,-0.5116097331047058
10.0,1010213.0,-0.003260780358687043,-0.0076699042692780495,-0.5015982985496521
10.0,1010217.0,-0.0031991787254810333,-0.006135923322290182,-0.7569586038589478
10.0,1010220.0,-0.0031622175592929125,-0.006135923322290182,-0.7326030731201172
10.0,1010224.0,-0.0031211499590426683,-0.006135923322290182,-0.7123281359672546
10.0,1010227.0,-0.003088295692577958,-0.006135923322290182,-0.6884883642196655
10.0,1010231.0,-0.0030431211926043034,-0.006135923322290182,-0.6656634211540222
10.0,1010234.0,-0.003006160259246826,-0.006135923322290182,-0.650164008140564
10.0,1010238.0,-0.002956878859549761,-0.006135923322290182,-0.6351568102836609
10.0,1010241.0,-0.0029199179261922836,-0.006135923322290182,-0.6158873438835144
10.0,1010244.0,-0.0028665298596024513,-0.004601942375302315,-0.8686970472335815
10.0,1010248.0,-0.0028254620265215635,-0.004601942375302315,-0.8475361466407776
10.0,1010251.0,-0.002755646826699376,-0.004601942375302315,-0.8356277346611023
10.0,1010255.0,-0.002698151860386133,-0.004601942375302315,-0.8226012587547302
10.0,1010259.0,-0.0026119097601622343,-0.004601942375302315,-0.8128290176391602
10.0,1010263.0,-0.002521560527384281,-0.004601942375302315,-0.8075034618377686
10.0,1010267.0,-0.002427104627713561,-0.004601942375302315,-0.8011715412139893
10.0,1010271.0,-0.0023326489608734846,-0.004601942375302315,-0.795212984085083
10.0,1010274.0,-0.002262833761051297,-0.004601942375302315,-0.7896131277084351
10.0,1010278.0,-0.002172484528273344,-0.004601942375302315,-0.7839486002922058
10.0,1010281.0,-0.0021026693284511566,-0.004601942375302315,-0.7776266932487488
10.0,1010284.0,-0.00200821366161108,-0.004601942375302315,-0.775143563747406
10.0,1010289.0,-0.0019096509786322713,-0.004601942375302315,-0.7720617055892944
10.0,1010292.0,-0.0018069815123453736,-0.004601942375302315,-0.7712147235870361
10.0,1010298.0,-0.0016386037459596992,-0.004601942375302315,-0.7732171416282654
10.0,1010302.0,-0.001527720713056624,-0.004601942375302315,-0.7746442556381226
10.0,1010306.0,-0.001425051363185048,-0.004601942375302315,-0.7734736204147339
10.0,1010310.0,-0.0013470225967466831,-0.004601942375302315,-0.7730350494384766
10.0,1010314.0,-0.001252566697075963,-0.004601942375302315,-0.769494354724884
10.0,1010317.0,-0.0011581109138205647,-0.006135923322290182,-0.49773526191711426
10.0,1010321.0,-0.0010841889306902885,-0.006135923322290182,-0.50205397605896
10.0,1010324.0,-0.0009856262477114797,-0.006135923322290182,-0.5052464008331299
10.0,1010329.0,-0.000899383972864598,-0.006135923322290182,-0.5054345726966858
10.0,1010332.0,-0.000841889122966677,-0.006135923322290182,-0.5017141699790955
10.0,1010336.0,-0.0007843942730687559,-0.006135923322290182,-0.4915503263473511
10.0,1010340.0,-0.0007392197148874402,-0.006135923322290182,-0.48188433051109314
10.0,1010352.0,-0.0006611909484490752,-0.004601942375302315,-0.6770199537277222
10.0,1010356.0,-0.0006365503068082035,-0.004601942375302315,-0.6566720008850098
10.0,1010359.0,-0.0006078028818592429,-0.004601942375302315,-0.6416425108909607
10.0,1010363.0,-0.000587268965318799,-0.004601942375302315,-0.6270776987075806
10.0,1010367.0,-0.0005626283236779273,-0.004601942375302315,-0.6074495315551758
10.0,1010370.0,-0.0005420944653451443,-0.003067961661145091,-0.8555245399475098
10.0,1010373.0,-0.0005215605488047004,-0.003067961661145091,-0.8367314338684082
10.0,1010377.0,-0.0005051334737800062,-0.003067961661145091,-0.8134776949882507
10.0,1010380.0,-0.00048049280303530395,-0.003067961661145091,-0.798656165599823
10.0,1010383.0,-0.0004435318405739963,-0.003067961661145091,-0.7856522798538208
10.0,1010388.0,-0.00039835728239268064,-0.003067961661145091,-0.771158754825592
10.0,1010391.0,-0.00036139629082754254,-0.003067961661145091,-0.7586336135864258
10.0,1010395.0,-0.00030800822423771024,-0.003067961661145091,-0.7509589791297913
10.0,1010398.0,-0.00026694044936448336,-0.003067961661145091,-0.7406814694404602
10.0,1010401.0,-0.00021355236822273582,-0.003067961661145091,-0.7336136102676392
10.0,1010405.0,-0.0001642710412852466,-0.003067961661145091,-0.7267951965332031
10.0,1010409.0,-0.00010266940807923675,-0.003067961661145091,-0.7203078866004944
10.0,1010412.0,-4.106776032131165e-05,-0.003067961661145091,-0.7166807651519775
10.0,1010417.0,2.464065619278699e-05,-0.003067961661145091,-0.710972785949707
10.0,1010422.0,0.00010266940807923675,-0.003067961661145091,-0.7033352851867676
10.0,1010427.0,0.00018480492872186005,-0.003067961661145091,-0.6981207132339478
10.0,1010431.0,0.00024229979317169636,-0.003067961661145091,-0.6940724849700928
10.0,1010434.0,0.0002874743368010968,-0.003067961661145091,-0.6880219578742981
10.0,1010438.0,0.00034086243249475956,-0.003067961661145091,-0.6830247640609741
10.0,1010441.0,0.0003737166407518089,-0.003067961661145091,-0.6735249161720276
10.0,1010444.0,0.0004188911698292941,-0.003067961661145091,-0.6663516759872437
10.0,1010448.0,0.00044763859477825463,-0.003067961661145091,-0.6549301743507385
10.0,1010452.0,0.00048049280303530395,-0.003067961661145091,-0.6426733136177063
10.0,1010455.0,0.000509240257088095,-0.003067961661145091,-0.6324944496154785
10.0,1010459.0,0.0005256673321127892,-0.003067961661145091,-0.6171825528144836
10.0,1010463.0,0.0005420944653451443,-0.0015339808305725455,-0.8651952743530273
10.0,1010467.0,0.0005503080319613218,-0.0015339808305725455,-0.8478209376335144
10.0,1010470.0,0.0005585215403698385,-0.0015339808305725455,-0.8259353637695312
10.0,1010474.0,0.0005790554569102824,-0.0015339808305725455,-0.8124449253082275
10.0,1010477.0,0.0006036960985511541,-0.0015339808305725455,-0.7959939241409302
10.0,1010481.0,0.0006283367401920259,-0.0015339808305725455,-0.7797089219093323
10.0,1010487.0,0.0006899383733980358,-0.0015339808305725455,-0.7656161189079285
10.0,1010491.0,0.0007186858565546572,-0.0015339808305725455,-0.756507396697998
10.0,1010494.0,0.0007515400648117065,-0.0015339808305725455,-0.7506200671195984
10.0,1010498.0,0.0007967145647853613,-0.0015339808305725455,-0.7435362935066223
10.0,1010501.0,0.0008501026895828545,-0.0015339808305725455,-0.7407804131507874
10.0,1010505.0,0.0009117043227888644,-0.0015339808305725455,-0.7395383715629578
10.0,1010509.0,0.000977412681095302,-0.0015339808305725455,-0.7397761940956116
10.0,1010513.0,0.0010308008641004562,-0.0015339808305725455,-0.7413293123245239
10.0,1010517.0,0.0011129362974315882,-0.0015339808305725455,-0.7469542026519775
10.0,1010520.0,0.001174537930637598,-0.0015339808305725455,-0.7538135647773743
10.0,1010524.0,0.0012689938303083181,-0.0015339808305725455,-0.7605269551277161
10.0,1010527.0,0.0013593429466709495,-0.0015339808305725455,-0.7683616876602173
10.0,1010531.0,0.0014291581464931369,-0.003067961661145091,-0.5119355916976929
10.0,1010534.0,0.0014989733463153243,-0.003067961661145091,-0.5226396322250366
10.0,1010547.0,0.0017371663125231862,-0.003067961661145091,-0.5418169498443604
10.0,1010550.0,0.0017864475958049297,-0.003067961661145091,-0.541165292263031
10.0,1010554.0,0.00181930186226964,-0.003067961661145091,-0.5390498638153076
10.0,1010558.0,0.001860369578935206,-0.003067961661145091,-0.5358599424362183
10.0,1010561.0,0.0018891170620918274,-0.003067961661145091,-0.5313488245010376
10.0,1010564.0,0.001917864428833127,-0.003067961661145091,-0.5257646441459656
10.0,1010568.0,0.001938398345373571,-0.003067961661145091,-0.5190630555152893
10.0,1010572.0,0.001958932261914015,-0.003067961661145091,-0.5112180709838867
10.0,1010576.0,0.00197535939514637,-0.003067961661145091,-0.49868497252464294
10.0,1010579.0,0.0019835729617625475,-0.003067961661145091,-0.49013569951057434
10.0,1010583.0,0.0019876796286553144,-0.003067961661145091,-0.47916316986083984
10.0,1010587.0,0.001991786528378725,-0.0015339808305725455,-0.7348059415817261
10.0,1010590.0,0.001991786528378725,-0.0015339808305725455,-0.7151504755020142
10.0,1010594.0,0.0020000000949949026,-0.0015339808305725455,-0.7036064863204956
10.0,1010598.0,0.002012320328503847,-0.0015339808305725455,-0.6892235279083252
10.0,1010601.0,0.0020287474617362022,-0.0015339808305725455,-0.6780621409416199
10.0,1010605.0,0.00206981529481709,-0.0015339808305725455,-0.6684600114822388
10.0,1010610.0,0.002090349094942212,-0.0015339808305725455,-0.6608901619911194
10.0,1010615.0,0.002135523594915867,-0.0015339808305725455,-0.6562280654907227
10.0,1010619.0,0.0021765914279967546,-0.0015339808305725455,-0.6519142985343933
10.0,1010623.0,0.002213552361354232,-0.0015339808305725455,-0.6491530537605286
10.0,1010627.0,0.0022587268613278866,-0.0015339808305725455,-0.6478639245033264
10.0,1010630.0,0.002291581127792597,-0.0015339808305725455,-0.6466829180717468
10.0,1010634.0,0.0023367556277662516,-0.0015339808305725455,-0.6455345153808594
10.0,1010638.0,0.002386037027463317,-0.0015339808305725455,-0.6458876729011536
10.0,1010641.0,0.0024188910610973835,-0.0015339808305725455,-0.6436153650283813
10.0,1010644.0,0.0024517453275620937,-0.0015339808305725455,-0.6440194249153137
10.0,1010649.0,0.0025092402938753366,-0.0015339808305725455,-0.6432756185531616
10.0,1010652.0,0.002550307894125581,-0.0015339808305725455,-0.6412635445594788
10.0,1010657.0,0.002599589293822646,-0.003067961661145091,-0.37361085414886475
10.0,1010660.0,0.0026324435602873564,-0.003067961661145091,-0.37913787364959717
10.0,1010664.0,0.002677618060261011,-0.003067961661145091,-0.3831619620323181
10.0,1010668.0,0.0027063654270023108,-0.003067961661145091,-0.3827742636203766
10.0,1010672.0,0.002722792560234666,-0.003067961661145091,-0.37638717889785767
10.0,1010678.0,0.0027268994599580765,-0.003067961661145091,-0.36413806676864624
10.0,1010682.0,0.0027268994599580765,-0.0015339808305725455,-0.6245468258857727
10.0,1010685.0,0.0027268994599580765,-0.0015339808305725455,-0.6101931929588318
10.0,1010689.0,0.002735113026574254,-0.0015339808305725455,-0.6004253625869751
10.0,1010692.0,0.0027474332600831985,-0.0015339808305725455,-0.5930367708206177
10.0,1010698.0,0.0027679670602083206,-0.0015339808305725455,-0.5834254622459412
10.0,1010701.0,0.0027802875265479088,-0.0015339808305725455,-0.5774580240249634
10.0,1010704.0,0.002800821326673031,-0.0015339808305725455,-0.5721347332000732
10.0,1010708.0,0.002813141793012619,-0.0015339808305725455,-0.5653024911880493
10.0,1010711.0,0.002833675593137741,-0.0015339808305725455,-0.5617016553878784
10.0,1010715.0,0.0028459958266466856,-0.0015339808305725455,-0.5553261637687683
10.0,1010719.0,0.0028583162929862738,-0.0015339808305725455,-0.5478821992874146
10.0,1010722.0,0.002874743426218629,-0.0015339808305725455,-0.543516218662262
10.0,1010726.0,0.0028829569928348064,-0.0015339808305725455,-0.5352424383163452
10.0,1010730.0,0.0028911703266203403,-0.0015339808305725455,-0.5272957682609558
10.0,1010733.0,0.002895277226343751,-0.0015339808305725455,-0.520876407623291
10.0,1010746.0,0.0029075974598526955,-0.0015339808305725455,-0.49352315068244934
10.0,1010750.0,0.0029075974598526955,-0.0015339808305725455,-0.4846058189868927
10.0,1010754.0,0.0029075974598526955,-0.0015339808305725455,-0.47815144062042236
10.0,1010757.0,0.0029075974598526955,-0.0015339808305725455,-0.4698457717895508
10.0,1010761.0,0.0029075974598526955,-0.0015339808305725455,-0.46187078952789307
10.0,1010765.0,0.0029075974598526955,-0.0015339808305725455,-0.45421352982521057
10.0,1010769.0,0.0029075974598526955,-0.0015339808305725455,-0.4468614161014557
10.0,1010772.0,0.0029075974598526955,-0.0015339808305725455,-0.44154036045074463
10.0,1010777.0,0.0029075974598526955,-0.0015339808305725455,-0.4346936345100403
10.0,1010780.0,0.0029075974598526955,-0.0015339808305725455,-0.42812013626098633
10.0,1010784.0,0.0029075974598526955,-0.0015339808305725455,-0.4233627915382385
10.0,1010788.0,0.0029075974598526955,-0.0015339808305725455,-0.41724178194999695
10.0,1010791.0,0.0029075974598526955,-0.0015339808305725455,-0.4113653898239136
10.0,1010794.0,0.0029075974598526955,-0.0015339808305725455,-0.40711283683776855
10.0,1010799.0,0.0029075974598526955,-0.0015339808305725455,-0.4003083407878876
10.0,1010804.0,0.0029075974598526955,0.0,-0.6635561585426331
10.0,1010808.0,0.0029075974598526955,0.0,-0.6498315334320068
10.0,1010812.0,0.002911704359576106,0.0,-0.640672504901886
10.0,1010816.0,0.0029199179261922836,0.0,-0.6332259178161621
10.0,1010820.0,0.0029240245930850506,0.0,-0.6260982155799866
10.0,1010823.0,0.002932238159701228,0.0,-0.6202777624130249
10.0,1010827.0,0.0029404517263174057,0.0,-0.6136813163757324
10.0,1010831.0,0.0029445586260408163,0.0,-0.6073581576347351
10.0,1010835.0,0.00295277195982635,0.0,-0.6021078824996948
10.0,1010839.0,0.0029609855264425278,0.0,-0.5962497591972351
10.0,1010842.0,0.0029650924261659384,0.0,-0.5892928242683411
10.0,1010846.0,0.002973305992782116,0.0,-0.5839616060256958
10.0,1010850.0,0.002977412659674883,0.0,-0.577522873878479
10.0,1010853.0,0.0029815195593982935,0.0,-0.5732099413871765
10.0,1010857.0,0.0029815195593982935,0.0,-0.5676755905151367
10.0,1010860.0,0.0029815195593982935,0.0,-0.561909556388855
10.0,1010863.0,0.0029856262262910604,0.0,-0.5567192435264587
10.0,1010867.0,0.0029856262262910604,0.0,-0.5500408411026001
10.0,1010870.0,0.0029856262262910604,0.0,-0.545207679271698
10.0,1010874.0,0.0029856262262910604,0.0,-0.5389891266822815
10.0,1010878.0,0.0029856262262910604,0.0,-0.53448885679245
10.0,1010881.0,0.0029856262262910604,0.0,-0.5286988019943237
10.0,1010885.0,0.0029856262262910604,0.0,-0.5244957804679871
10.0,1010889.0,0.002989733126014471,0.0,-0.5191115736961365
10.0,1010893.0,0.002989733126014471,0.0,-0.5152154564857483
10.0,1010896.0,0.002989733126014471,0.0,-0.5102030634880066
10.0,1010900.0,0.002989733126014471,0.0,-0.5053917765617371
10.0,1010904.0,0.002989733126014471,0.0,-0.5019104480743408
10.0,1010908.0,0.002989733126014471,0.0,-0.49743208289146423
10.0,1010911.0,0.002989733126014471,0.0,-0.4931337237358093
10.0,1010914.0,0.002989733126014471,0.0,-0.49002382159233093
10.0,1010919.0,0.002989733126014471,0.0,-0.48504891991615295
10.0,1010923.0,0.002989733126014471,0.0,-0.4812490940093994
10.0,1010928.0,0.002989733126014471,0.0,-0.4776025712490082
10.0,1010932.0,0.002989733126014471,0.0,-0.47325074672698975
10.0,1010945.0,0.002989733126014471,0.0,-0.4629332721233368
10.0,1010949.0,0.002989733126014471,0.0,-0.46002787351608276
10.0,1010953.0,0.002989733126014471,0.0,-0.45792651176452637
10.0,1010957.0,0.002989733126014471,0.0,-0.4552246034145355
10.0,1010960.0,0.002989733126014471,-0.0015339808305725455,-0.1872386783361435
10.0,1010963.0,0.002989733126014471,-0.0015339808305725455,-0.18982969224452972
10.0,1010967.0,0.002989733126014471,-0.0015339808305725455,-0.19316823780536652
10.0,1010971.0,0.002989733126014471,-0.0015339808305725455,-0.19558779895305634
10.0,1010974.0,0.002989733126014471,-0.0015339808305725455,-0.19870559871196747
10.0,1010978.0,0.002989733126014471,-0.0015339808305725455,-0.20096538960933685
10.0,1010981.0,0.002989733126014471,-0.0015339808305725455,-0.20387746393680573
10.0,1010986.0,0.002989733126014471,-0.0015339808305725455,-0.20736171305179596
10.0,1010990.0,0.002989733126014471,-0.0015339808305725455,-0.2093723863363266
10.0,1010993.0,0.002989733126014471,-0.0015339808305725455,-0.21196378767490387
10.0,1010997.0,0.002989733126014471,-0.0015339808305725455,-0.2138424515724182
10.0,1011000.0,0.002989733126014471,-0.0015339808305725455,-0.21626392006874084
10.0,1011003.0,0.002989733126014471,-0.0015339808305725455,-0.2180195152759552
10.0,1011007.0,0.002989733126014471,-0.0015339808305725455,-0.22028256952762604
10.0,1011010.0,0.002989733126014471,-0.0015339808305725455,-0.22192347049713135
10.0,1011014.0,0.002989733126014471,-0.0015339808305725455,-0.22403888404369354
10.0,1011018.0,0.002989733126014471,-0.0015339808305725455,-0.22557289898395538
10.0,1011021.0,0.002989733126014471,-0.0015339808305725455,-0.2275506854057312
10.0,1011024.0,0.002989733126014471,-0.0015339808305725455,-0.2289850264787674
10.0,1011028.0,0.002989733126014471,-0.0015339808305725455,-0.23083455860614777
10.0,1011032.0,0.002989733126014471,-0.0015339808305725455,-0.23261472582817078
10.0,1011035.0,0.002989733126014471,-0.0015339808305725455,-0.23390600085258484
10.0,1011039.0,0.002989733126014471,-0.0015339808305725455,-0.23557135462760925
10.0,1011042.0,0.002989733126014471,-0.0015339808305725455,-0.23677948117256165
10.0,1011046.0,0.002989733126014471,-0.0015339808305725455,-0.23833778500556946
10.0,1011050.0,0.002989733126014471,-0.0015339808305725455,-0.23983821272850037
10.0,1011053.0,0.002989733126014471,-0.0015339808305725455,-0.24092692136764526
10.0,1011057.0,0.002989733126014471,-0.0015339808305725455,-0.2419852912425995
10.0,1011060.0,0.002989733126014471,-0.0015339808305725455,-0.2433508187532425
10.0,1011064.0,0.002989733126014471,-0.0015339808305725455,-0.2443418800830841
10.0,1011068.0,0.002989733126014471,-0.0015339808305725455,-0.2456207573413849
10.0,1011071.0,0.002989733126014471,-0.0015339808305725455,-0.24685272574424744
10.0,1011075.0,0.002989733126014471,-0.0015339808305725455,-0.24803973734378815
10.0,1011079.0,0.002989733126014471,-0.0015339808305725455,-0.2491835057735443
10.0,1011082.0,0.002989733126014471,-0.0015339808305725455,-0.25001394748687744
10.0,1011087.0,0.002989733126014471,-0.0015339808305725455,-0.25108611583709717
10.0,1011090.0,0.002989733126014471,-0.0015339808305725455,-0.2521195113658905
10.0,1011094.0,0.002989733126014471,-0.0015339808305725455,-0.252870112657547
10.0,1011097.0,0.002989733126014471,-0.0015339808305725455,-0.2538394331932068
10.0,1011101.0,0.002989733126014471,-0.0015339808305725455,-0.2547740936279297
10.0,1011105.0,0.002989733126014471,-0.0015339808305725455,-0.2554531693458557
10.0,1011110.0,0.002989733126014471,-0.0015339808305725455,-0.256544828414917
10.0,1011114.0,0.002989733126014471,-0.0015339808305725455,-0.2575884759426117
10.0,1011118.0,0.002989733126014471,-0.0015339808305725455,-0.25819262862205505
10.0,1011121.0,0.002989733126014471,-0.0015339808305725455,-0.2589734196662903
10.0,1011124.0,0.002989733126014471,-0.0015339808305725455,-0.2595410943031311
10.0,1011137.0,0.002989733126014471,-0.0015339808305725455,-0.2618348002433777
10.0,1011141.0,0.002989733126014471,-0.0015339808305725455,-0.26248976588249207
10.0,1011144.0,0.002989733126014471,-0.0015339808305725455,-0.2629663050174713
10.0,1011148.0,0.002989733126014471,-0.003067961661145091,0.005015942268073559
10.0,1011152.0,0.002989733126014471,-0.003067961661145091,-0.0016294557135552168
10.0,1011155.0,0.0029856262262910604,-0.003067961661145091,-0.006661253981292248
10.0,1011159.0,0.0029856262262910604,-0.003067961661145091,-0.01284857653081417
10.0,1011162.0,0.0029856262262910604,-0.003067961661145091,-0.017330894246697426
10.0,1011167.0,0.0029856262262910604,-0.003067961661145091,-0.023103993386030197
10.0,1011171.0,0.0029856262262910604,-0.003067961661145091,-0.030006470158696175
10.0,1011174.0,0.0029856262262910604,-0.003067961661145091,-0.03657611832022667
10.0,1011180.0,0.0029856262262910604,-0.003067961661145091,-0.04036499559879303
10.0,1011183.0,0.0029815195593982935,-0.003067961661145091,-0.04392671585083008
10.0,1011187.0,0.0029815195593982935,-0.003067961661145091,-0.04749816656112671
10.0,1011190.0,0.0029815195593982935,-0.003067961661145091,-0.052098702639341354
10.0,1011194.0,0.0029815195593982935,-0.003067961661145091,-0.055432066321372986
10.0,1011198.0,0.0029815195593982935,-0.003067961661145091,-0.059726182371377945
10.0,1011201.0,0.0029815195593982935,-0.003067961661145091,-0.06385457515716553
10.0,1011204.0,0.0029815195593982935,-0.003067961661145091,-0.0668460801243782
10.0,1011208.0,0.0029815195593982935,-0.003067961661145091,-0.07070010900497437
10.0,1011211.0,0.0029815195593982935,-0.003067961661145091,-0.07349292933940887
10.0,1011215.0,0.0029815195593982935,-0.003067961661145091,-0.07709117978811264
10.0,1011219.0,0.0029815195593982935,-0.003067961661145091,-0.07969886064529419
10.0,1011222.0,0.0029815195593982935,-0.003067961661145091,-0.08305873721837997
10.0,1011227.0,0.0029815195593982935,-0.003067961661145091,-0.08628975600004196
10.0,1011230.0,0.0029815195593982935,-0.004601942375302315,0.17751562595367432
10.0,1011234.0,0.0029815195593982935,-0.004601942375302315,0.1685432493686676
10.0,1011238.0,0.0029815195593982935,-0.004601942375302315,0.1620444506406784
10.0,1011241.0,0.002977412659674883,-0.004601942375302315,0.15500634908676147
10.0,1011244.0,0.002973305992782116,-0.004601942375302315,0.1502516120672226
10.0,1011248.0,0.002973305992782116,-0.004601942375302315,0.14235109090805054
10.0,1011252.0,0.0029691990930587053,-0.004601942375302315,0.13797137141227722
10.0,1011255.0,0.0029691990930587053,-0.004601942375302315,0.13055354356765747
10.0,1011259.0,0.0029691990930587053,-0.004601942375302315,0.12342455238103867
10.0,1011263.0,0.0029691990930587053,-0.004601942375302315,0.11826042085886002
10.0,1011267.0,0.0029650924261659384,-0.004601942375302315,0.11295260488986969
10.0,1011270.0,0.0029650924261659384,-0.004601942375302315,0.10651247203350067
10.0,1011274.0,0.0029650924261659384,-0.004601942375302315,0.10184714198112488
10.0,1011278.0,0.0029650924261659384,-0.004601942375302315,0.09583847969770432
10.0,1011281.0,0.0029650924261659384,-0.004601942375302315,0.09006309509277344
10.0,1011284.0,0.0029650924261659384,-0.004601942375302315,0.08587907254695892
10.0,1011288.0,0.0029650924261659384,-0.004601942375302315,0.08048994094133377
10.0,1011292.0,0.0029650924261659384,-0.004601942375302315,0.07658561319112778
10.0,1011296.0,0.0029650924261659384,-0.006135923322290182,0.33422064781188965
10.0,1011302.0,0.0029609855264425278,-0.006135923322290182,0.32231447100639343
10.0,1011305.0,0.00295277195982635,-0.006135923322290182,0.3148183822631836
10.0,1011310.0,0.0029445586260408163,-0.006135923322290182,0.30761176347732544
10.0,1011313.0,0.0029363450594246387,-0.006135923322290182,0.30203893780708313
10.0,1011317.0,0.002928131492808461,-0.006135923322290182,0.2963402271270752
10.0,1011320.0,0.0029240245930850506,-0.006135923322290182,0.288551390171051
10.0,1011333.0,0.0029199179261922836,-0.006135923322290182,0.26243188977241516
10.0,1011337.0,0.0029199179261922836,-0.006135923322290182,0.2565525770187378
10.0,1011340.0,0.0029199179261922836,-0.006135923322290182,0.24898119270801544
10.0,1011344.0,0.0029199179261922836,-0.0076699042692780495,0.5088908076286316
10.0,1011348.0,0.0029199179261922836,-0.0076699042692780495,0.4959036707878113
10.0,1011351.0,0.002915811026468873,-0.0076699042692780495,0.48611077666282654
10.0,1011354.0,0.0029034907929599285,-0.0076699042692780495,0.4796868860721588
10.0,1011358.0,0.0028911703266203403,-0.0076699042692780495,0.4732086956501007
10.0,1011361.0,0.0028829569928348064,-0.0076699042692780495,0.46718597412109375
10.0,1011364.0,0.0028665298596024513,-0.0076699042692780495,0.4626906216144562
10.0,1011368.0,0.002854209393262863,-0.0076699042692780495,0.4569184184074402
10.0,1011372.0,0.002837782260030508,-0.0076699042692780495,0.4527498781681061
10.0,1011375.0,0.0028295686934143305,-0.0076699042692780495,0.44472429156303406
10.0,1011379.0,0.002821355126798153,-0.0076699042692780495,0.43699735403060913
10.0,1011383.0,0.002813141793012619,-0.0076699042692780495,0.4320967495441437
10.0,1011387.0,0.002813141793012619,-0.0076699042692780495,0.4222319424152374
10.0,1011390.0,0.0028090348932892084,-0.00920388475060463,0.6794651746749878
10.0,1011394.0,0.0028090348932892084,-0.00920388475060463,0.6680985689163208
10.0,1011397.0,0.002796714659780264,-0.00920388475060463,0.6574804186820984
10.0,1011401.0,0.0027843941934406757,-0.00920388475060463,0.6499784588813782
10.0,1011405.0,0.002759753493592143,-0.00920388475060463,0.6427813172340393
10.0,1011409.0,0.002735113026574254,-0.00920388475060463,0.6392463445663452
10.0,1011413.0,0.0027063654270023108,-0.00920388475060463,0.635165810585022
10.0,1011417.0,0.002673511393368244,-0.00920388475060463,0.6326327919960022
10.0,1011420.0,0.0026488706935197115,-0.00920388475060463,0.6310008764266968
10.0,1011424.0,0.002599589293822646,-0.00920388475060463,0.6306330561637878
10.0,1011430.0,0.002546201227232814,-0.00920388475060463,0.6326402425765991
10.0,1011433.0,0.0024928131606429815,-0.00920388475060463,0.6363094449043274
10.0,1011437.0,0.0024312115274369717,-0.00920388475060463,0.6433388590812683
10.0,1011440.0,0.0023819301277399063,-0.00920388475060463,0.6494783759117126
10.0,1011444.0,0.002328542061150074,-0.00920388475060463,0.6587919592857361
10.0,1011448.0,0.0022587268613278866,-0.00920388475060463,0.6659205555915833
10.0,1011451.0,0.0022012321278452873,-0.00920388475060463,0.6760494709014893
10.0,1011455.0,0.0021273100282996893,-0.00920388475060463,0.6872215867042542
10.0,1011458.0,0.0020492812618613243,-0.00920388475060463,0.6950311064720154
10.0,1011462.0,0.001991786528378725,-0.00920388475060463,0.7056151032447815
10.0,1011466.0,0.0019137576455250382,-0.00920388475060463,0.7158862948417664
10.0,1011469.0,0.0018521560123190284,-0.00920388475060463,0.7243775129318237
10.0,1011473.0,0.0017700205789878964,-0.00920388475060463,0.7326716184616089
10.0,1011477.0,0.0016878850292414427,-0.00920388475060463,0.7434338331222534
10.0,1011480.0,0.0016180698294192553,-0.00920388475060463,0.7565312385559082
10.0,1011484.0,0.001503080129623413,-0.00920388475060463,0.7705631852149963
10.0,1011489.0,0.0014004106633365154,-0.00920388475060463,0.790488064289093
10.0,1011493.0,0.0012936345301568508,-0.00920388475060463,0.803942859172821
10.0,1011497.0,0.0011827514972537756,-0.00920388475060463,0.8218297958374023
10.0,1011500.0,0.0010965092806145549,-0.00920388475060463,0.8358708620071411
10.0,1011503.0,0.0010102669475600123,-0.00920388475060463,0.8540670275688171
10.0,1011507.0,0.0008911704062484205,-0.00920388475060463,0.8730151653289795
10.0,1011510.0,0.0007720739231444895,-0.00920388475060463,0.8871815204620361
10.0,1011514.0,0.0006776180816814303,-0.00920388475060463,0.9077749848365784
10.0,1011527.0,0.00016016427252907306,-0.0076699042692780495,0.7461877465248108
10.0,1011531.0,-1.2320328096393496e-05,-0.0076699042692780495,0.784611701965332
10.0,1011534.0,-0.00018480492872186005,-0.0076699042692780495,0.8108994364738464
10.0,1011538.0,-0.00031211497844196856,-0.0076699042692780495,0.8444801568984985
10.0,1011541.0,-0.00047638604883104563,-0.0076699042692780495,0.8679172396659851
10.0,1011545.0,-0.0006036960985511541,-0.006135923322290182,0.6326804161071777
10.0,1011549.0,-0.0007761807064525783,-0.006135923322290182,0.6619318723678589
10.0,1011552.0,-0.000899383972864598,-0.006135923322290182,0.6962127089500427
10.0,1011556.0,-0.0010595482308417559,-0.006135923322290182,0.7266690135002136
10.0,1011559.0,-0.0012032854137942195,-0.006135923322290182,0.7454980611801147
10.0,1011563.0,-0.0013018480967730284,-0.006135923322290182,0.7611802220344543
10.0,1011567.0,-0.0014373717131093144,-0.006135923322290182,0.7828637957572937
10.0,1011570.0,-0.0015400410629808903,-0.006135923322290182,0.8051895499229431
10.0,1011573.0,-0.0016796714626252651,-0.006135923322290182,0.820786714553833
10.0,1011577.0,-0.0018234086455777287,-0.006135923322290182,0.8432460427284241
10.0,1011581.0,-0.0019260779954493046,-0.006135923322290182,0.8636656999588013
10.0,1011584.0,-0.0020287474617362022,-0.006135923322290182,0.8778951168060303
10.0,1011588.0,-0.002172484528273344,-0.006135923322290182,0.8985903263092041
10.0,1011592.0,-0.0023203284945338964,-0.004601942375302315,0.6462501883506775
10.0,1011595.0,-0.0024353181943297386,-0.004601942375302315,0.6758697628974915
10.0,1011599.0,-0.002599589293822646,-0.004601942375302315,0.7071638107299805
10.0,1011602.0,-0.0027515399269759655,-0.004601942375302315,0.725926399230957
10.0,1011606.0,-0.002854209393262863,-0.004601942375302315,0.7462221384048462
10.0,1011612.0,-0.0030431211926043034,-0.004601942375302315,0.7663516998291016
10.0,1011615.0,-0.003133470192551613,-0.004601942375302315,0.7814111709594727
10.0,1011619.0,-0.0032566734589636326,-0.004601942375302315,0.7960544228553772
10.0,1011622.0,-0.003383983625099063,-0.004601942375302315,0.8074231743812561
10.0,1011627.0,-0.00351540045812726,-0.004601942375302315,0.8239615559577942
10.0,1011630.0,-0.0036139630246907473,-0.004601942375302315,0.840011715888977
10.0,1011634.0,-0.0037412731908261776,-0.004601942375302315,0.850385308265686
10.0,1011637.0,-0.003876796690747142,-0.004601942375302315,0.867030680179596
10.0,1011641.0,-0.003975359257310629,-0.004601942375302315,0.8818458914756775
10.0,1011645.0,-0.00410677632316947,-0.004601942375302315,0.896229088306427
10.0,1011649.0,-0.004246406722813845,-0.004601942375302315,0.9094374775886536
10.0,1011652.0,-0.0043901437893509865,-0.004601942375302315,0.9270597696304321
10.0,1011656.0,-0.004533880855888128,-0.004601942375302315,0.9441670775413513
10.0,1011660.0,-0.00464476365596056,-0.004601942375302315,0.9576653838157654
10.0,1011663.0,-0.004796714521944523,-0.004601942375302315,0.9765586256980896
10.0,1011667.0,-0.004915811121463776,-0.004601942375302315,0.9975708723068237
10.0,1011672.0,-0.005133470054715872,-0.004601942375302315,1.023290753364563
10.0,1011677.0,-0.005379876587539911,-0.004601942375302315,1.0626875162124634
10.0,1011680.0,-0.0055441479198634624,-0.004601942375302315,1.0997254848480225
10.0,1011684.0,-0.00577002065256238,-0.003067961661145091,0.8643532395362854
10.0,1011687.0,-0.006008213385939598,-0.003067961661145091,0.9118599891662598
10.0,1011691.0,-0.006197125185281038,-0.003067961661145091,0.9617710709571838
10.0,1011694.0,-0.006443531718105078,-0.003067961661145091,0.9971203804016113
10.0,1011700.0,-0.006755646783858538,-0.0015339808305725455,0.7915169596672058
10.0,1011703.0,-0.006940451916307211,-0.0015339808305725455,0.8412466049194336
10.0,1011707.0,-0.007190965116024017,-0.0015339808305725455,0.8906663060188293
10.0,1011710.0,-0.007441478315740824,-0.0015339808305725455,0.9269735217094421
10.0,1011723.0,-0.00818069837987423,0.0,0.8162973523139954
10.0,1011727.0,-0.008406571112573147,0.0,0.854333758354187
10.0,1011730.0,-0.008620123378932476,0.0015339808305725455,0.6146581172943115
10.0,1011734.0,-0.008772074244916439,0.0015339808305725455,0.6499078273773193
10.0,1011738.0,-0.008956878446042538,0.0015339808305725455,0.6705540418624878
10.0,1011741.0,-0.009088295511901379,0.0015339808305725455,0.6946509480476379
10.0,1011744.0,-0.009248459711670876,0.0015339808305725455,0.7088916301727295
10.0,1011749.0,-0.009400410577654839,0.0015339808305725455,0.7251959443092346
10.0,1011752.0,-0.009507186710834503,0.0015339808305725455,0.7370359301567078
10.0,1011756.0,-0.009638603776693344,0.0015339808305725455,0.7459161281585693
10.0,1011759.0,-0.00976591370999813,0.0015339808305725455,0.7511152029037476
10.0,1011763.0,-0.009860369376838207,0.0015339808305725455,0.756264865398407
10.0,1011767.0,-0.009983573108911514,0.0015339808305725455,0.7621427178382874
10.0,1011770.0,-0.010073921643197536,0.0015339808305725455,0.7665947079658508
10.0,1011773.0,-0.01018891204148531,0.0,1.03431236743927
10.0,1011777.0,-0.010271047241985798,0.0,1.030168890953064
10.0,1011780.0,-0.01039014384150505,0.0,1.0296202898025513
10.0,1011784.0,-0.010488706640899181,0.0,1.0326178073883057
10.0,1011788.0,-0.010628337040543556,0.0,1.0375993251800537
10.0,1011791.0,-0.010751539841294289,0.0,1.051288366317749
10.0,1011794.0,-0.010977412573993206,0.0,1.0713528394699097
10.0,1011799.0,-0.011178644374012947,0.0,1.1117373704910278
10.0,1011804.0,-0.011457905173301697,0.0015339808305725455,0.866810142993927
10.0,1011809.0,-0.011700205504894257,0.0015339808305725455,0.909188985824585
10.0,1011812.0,-0.01188911683857441,0.0015339808305725455,0.9528542160987854
10.0,1011816.0,-0.012139630503952503,0.0015339808305725455,0.9951048493385315
10.0,1011819.0,-0.012328541837632656,0.003067961661145091,0.7577999234199524
10.0,1011822.0,-0.012583162635564804,0.003067961661145091,0.7941084504127502
10.0,1011827.0,-0.012850102968513966,0.003067961661145091,0.8442679643630981
10.0,1011830.0,-0.013051334768533707,0.003067961661145091,0.89276522397995
10.0,1011833.0,-0.013318275101482868,0.004601942375302315,0.6615213751792908
10.0,1011837.0,-0.01351950690150261,0.004601942375302315,0.7119256258010864
10.0,1011840.0,-0.013704312033951283,0.004601942375302315,0.7446091175079346
10.0,1011844.0,-0.013938398100435734,0.004601942375302315,0.7724829912185669
10.0,1011848.0,-0.014156057499349117,0.004601942375302315,0.804606556892395
10.0,1011851.0,-0.014303901232779026,0.004601942375302315,0.8277109861373901
10.0,1011854.0,-0.014492813497781754,0.006135923322290182,0.5773581266403198
10.0,1011858.0,-0.014632443897426128,0.006135923322290182,0.6040028929710388
10.0,1011862.0,-0.014809034764766693,0.006135923322290182,0.6187444925308228
10.0,1011866.0,-0.014960985630750656,0.006135923322290182,0.6337247490882874
10.0,1011870.0,-0.015088295564055443,0.006135923322290182,0.6371510028839111
10.0,1011873.0,-0.015166324563324451,0.006135923322290182,0.6341332197189331
10.0,1011877.0,-0.015256673097610474,0.004601942375302315,0.8952868580818176
10.0,1011880.0,-0.015310061164200306,0.004601942375302315,0.8775383830070496
10.0,1011884.0,-0.01537987682968378,0.004601942375302315,0.8592658042907715
10.0,1011888.0,-0.01545790582895279,0.004601942375302315,0.8477681279182434
10.0,1011891.0,-0.015519507229328156,0.004601942375302315,0.8334921002388
10.0,1011894.0,-0.015597536228597164,0.004601942375302315,0.8242509365081787
10.0,1011898.0,-0.015659136697649956,0.004601942375302315,0.8124583959579468
10.0,1011902.0,-0.01573716662824154,0.003067961661145091,1.0680482387542725
10.0,1011914.0,-0.015995893627405167,0.003067961661145091,1.0234800577163696
10.0,1011918.0,-0.01611088216304779,0.003067961661145091,1.020598292350769
10.0,1011922.0,-0.01624229922890663,0.003067961661145091,1.0228368043899536
10.0,1011928.0,-0.016468172892928123,0.003067961661145091,1.0345956087112427
10.0,1011932.0,-0.01664065755903721,0.003067961661145091,1.0540603399276733
10.0,1011936.0,-0.01682956889271736,0.003067961661145091,1.0753484964370728
10.0,1011939.0,-0.017030801624059677,0.003067961661145091,1.0932872295379639
10.0,1011943.0,-0.017186857759952545,0.003067961661145091,1.118842363357544
10.0,1011947.0,-0.017408624291419983,0.004601942375302315,0.875811755657196
10.0,1011950.0,-0.01763860322535038,0.004601942375302315,0.9125629663467407
10.0,1011954.0,-0.017802875488996506,0.004601942375302315,0.9454920887947083
10.0,1011958.0,-0.01802874729037285,0.004601942375302315,0.9701964855194092
10.0,1011962.0,-0.018250513821840286,0.004601942375302315,1.0013766288757324
10.0,1011965.0,-0.01847638562321663,0.006135923322290182,0.767554521560669
10.0,1011969.0,-0.018657084554433823,0.006135923322290182,0.8094503879547119
10.0,1011972.0,-0.018833676353096962,0.006135923322290182,0.8356112241744995
10.0,1011977.0,-0.019108830019831657,0.006135923322290182,0.868671178817749
10.0,1011980.0,-0.019273100420832634,0.0076699042692780495,0.6339945197105408
10.0,1011985.0,-0.019535934552550316,0.0076699042692780495,0.6670383214950562
10.0,1011990.0,-0.01977412775158882,0.0076699042692780495,0.6992217302322388
10.0,1011993.0,-0.019901437684893608,0.0076699042692780495,0.7155406475067139
10.0,1011997.0,-0.02005338855087757,0.0076699042692780495,0.7248449325561523
10.0,1012000.0,-0.02016427181661129,0.0076699042692780495,0.7352229952812195
10.0,1012004.0,-0.02030390128493309,0.0076699042692780495,0.740184485912323
10.0,1012007.0,-0.02043531835079193,0.0076699042692780495,0.7449558973312378
10.0,1012011.0,-0.020525667816400528,0.0076699042692780495,0.7456934452056885
10.0,1012014.0,-0.020603695884346962,0.0076699042692780495,0.7413161396980286
10.0,1012018.0,-0.020698152482509613,0.0076699042692780495,0.7357948422431946
10.0,1012021.0,-0.02075975388288498,0.0076699042692780495,0.7252583503723145
10.0,1012024.0,-0.02083367481827736,0.0076699042692780495,0.7150248885154724
10.0,1012028.0,-0.02088295668363571,0.0076699042692780495,0.6988117694854736
10.0,1012032.0,-0.020940450951457024,0.0076699042692780495,0.6868152022361755
10.0,1012035.0,-0.020981520414352417,0.0076699042692780495,0.6692365407943726
10.0,1012039.0,-0.021026693284511566,0.006135923322290182,0.9226464629173279
10.0,1012042.0,-0.02105954848229885,0.006135923322290182,0.8964149951934814
10.0,1012046.0,-0.02110472321510315,0.006135923322290182,0.8739901185035706
10.0,1012050.0,-0.021158110350370407,0.006135923322290182,0.8591516613960266
10.0,1012053.0,-0.021203285083174706,0.006135923322290182,0.8423650860786438
10.0,1012057.0,-0.021268993616104126,0.006135923322290182,0.8312791585922241
10.0,1012060.0,-0.02131827548146248,0.006135923322290182,0.8170999884605408
10.0,1012063.0,-0.0213839840143919,0.006135923322290182,0.8069026470184326
10.0,1012067.0,-0.021433264017105103,0.004601942375302315,1.0623142719268799
10.0,1012070.0,-0.021490760147571564,0.004601942375302315,1.0457030534744263
10.0,1012074.0,-0.021531827747821808,0.004601942375302315,1.0253034830093384
10.0,1012078.0,-0.021601643413305283,0.004601942375302315,1.0139442682266235
10.0,1012081.0,-0.021679671481251717,0.004601942375302315,1.001653790473938
10.0,1012085.0,-0.021745380014181137,0.004601942375302315,0.9939970970153809
10.0,1012089.0,-0.021848049014806747,0.004601942375302315,0.9921126961708069
10.0,1012092.0,-0.02193429134786129,0.004601942375302315,0.9942112565040588
10.0,1012096.0,-0.02206570841372013,0.004601942375302315,1.001966953277588
10.0,1012109.0,-0.022603696212172508,0.006135923322290182,0.7988786101341248
10.0,1012112.0,-0.022825462743639946,0.006135923322290182,0.8240938782691956
10.0,1012118.0,-0.023002052679657936,0.006135923322290182,0.8485559225082397
10.0,1012121.0,-0.023129362612962723,0.006135923322290182,0.8696100115776062
10.0,1012124.0,-0.023297742009162903,0.0076699042692780495,0.6199525594711304
10.0,1012128.0,-0.02342505194246769,0.0076699042692780495,0.6458867788314819
10.0,1012132.0,-0.023577002808451653,0.0076699042692780495,0.6597857475280762
10.0,1012136.0,-0.023716632276773453,0.0076699042692780495,0.6751604080200195
10.0,1012139.0,-0.02381519414484501,0.0076699042692780495,0.6874651312828064
10.0,1012142.0,-0.023942505940794945,0.0076699042692780495,0.6951520442962646
10.0,1012146.0,-0.0240410678088665,0.0076699042692780495,0.707003653049469
10.0,1012149.0,-0.024168377742171288,0.0076699042692780495,0.7143781185150146
10.0,1012153.0,-0.02425462007522583,0.00920388475060463,0.45202502608299255
10.0,1012157.0,-0.024369610473513603,0.00920388475060463,0.4640261232852936
10.0,1012160.0,-0.02443942427635193,0.00920388475060463,0.4676755964756012
10.0,1012164.0,-0.024509239941835403,0.00920388475060463,0.4643844664096832
10.0,1012168.0,-0.024558521807193756,0.00920388475060463,0.4548832178115845
10.0,1012172.0,-0.024587269872426987,0.0076699042692780495,0.6968896389007568
10.0,1012178.0,-0.02460780367255211,0.0076699042692780495,0.6662341356277466
10.0,1012181.0,-0.024624230340123177,0.0076699042692780495,0.642849862575531
10.0,1012185.0,-0.02463654987514019,0.0076699042692780495,0.6204360723495483
10.0,1012189.0,-0.024657083675265312,0.0076699042692780495,0.6002733707427979
10.0,1012193.0,-0.02467351220548153,0.0076699042692780495,0.5847168564796448
10.0,1012196.0,-0.024685831740498543,0.006135923322290182,0.8288087844848633
10.0,1012200.0,-0.02469404600560665,0.006135923322290182,0.8086116909980774
10.0,1012203.0,-0.024706365540623665,0.006135923322290182,0.7844396829605103
10.0,1012207.0,-0.024726899340748787,0.006135923322290182,0.7682947516441345
10.0,1012210.0,-0.024751540273427963,0.006135923322290182,0.749770998954773
10.0,1012214.0,-0.024780288338661194,0.006135923322290182,0.7333959341049194
10.0,1012218.0,-0.02481314167380333,0.006135923322290182,0.7177356481552124
10.0,1012221.0,-0.02484188973903656,0.006135923322290182,0.705111563205719
10.0,1012224.0,-0.024862423539161682,0.006135923322290182,0.6928731203079224
10.0,1012229.0,-0.02488706447184086,0.004601942375302315,0.9416804909706116
10.0,1012232.0,-0.02490759827196598,0.004601942375302315,0.9212373495101929
10.0,1012236.0,-0.024940451607108116,0.004601942375302315,0.9074805974960327
10.0,1012239.0,-0.0249733068048954,0.004601942375302315,0.8938494920730591
10.0,1012242.0,-0.025022586807608604,0.004601942375302315,0.8850376605987549
10.0,1012246.0,-0.025067761540412903,0.004601942375302315,0.8764349222183228
10.0,1012249.0,-0.025108829140663147,0.004601942375302315,0.8709513545036316
10.0,1012252.0,-0.025170430541038513,0.004601942375302315,0.8656893372535706
10.0,1012257.0,-0.02523203194141388,0.004601942375302315,0.8594571352005005
10.0,1012260.0,-0.025277206674218178,0.004601942375302315,0.8522323369979858
10.0,1012263.0,-0.02533470280468464,0.004601942375302315,0.8477380871772766
10.0,1012267.0,-0.025396304205060005,0.004601942375302315,0.8424823880195618
10.0,1012271.0,-0.02543737180531025,0.004601942375302315,0.8348762392997742
10.0,1012274.0,-0.02549486607313156,0.004601942375302315,0.8310936689376831
10.0,1012278.0,-0.025544147938489914,0.004601942375302315,0.8281135559082031
10.0,1012281.0,-0.025609856471419334,0.004601942375302315,0.8260283470153809
10.0,1012285.0,-0.025667350739240646,0.004601942375302315,0.8274446129798889
10.0,1012289.0,-0.02575359307229519,0.004601942375302315,0.8309072852134705
10.0,1012302.0,-0.02606981433928013,0.006135923322290182,0.5983941555023193
10.0,1012306.0,-0.02611909620463848,0.006135923322290182,0.6009358167648315
10.0,1012309.0,-0.026168378069996834,0.006135923322290182,0.5974955558776855
10.0,1012313.0,-0.02619301900267601,0.006135923322290182,0.5895746946334839
10.0,1012317.0,-0.026213552802801132,0.006135923322290182,0.5798576474189758
10.0,1012320.0,-0.02622176520526409,0.006135923322290182,0.5646945834159851
10.0,1012324.0,-0.02622176520526409,0.006135923322290182,0.5475207567214966
10.0,1012328.0,-0.02622176520526409,0.004601942375302315,0.7979673147201538
10.0,1012332.0,-0.02622176520526409,0.004601942375302315,0.7815548181533813
10.0,1012335.0,-0.02622176520526409,0.004601942375302315,0.7604544758796692
10.0,1012339.0,-0.0262299794703722,0.004601942375302315,0.7478833794593811
10.0,1012342.0,-0.026234086602926254,0.004601942375302315,0.7295171618461609
10.0,1012346.0,-0.02623819373548031,0.004601942375302315,0.7119104862213135
10.0,1012350.0,-0.026242299005389214,0.004601942375302315,0.6995167136192322
10.0,1012353.0,-0.026242299005389214,0.004601942375302315,0.6818134188652039
10.0,1012357.0,-0.026242299005389214,0.004601942375302315,0.669015645980835
10.0,1012360.0,-0.026246406137943268,0.004601942375302315,0.6538873910903931
10.0,1012364.0,-0.026246406137943268,0.004601942375302315,0.6419637799263
10.0,1012368.0,-0.026246406137943268,0.004601942375302315,0.6266419291496277
10.0,1012371.0,-0.026246406137943268,0.003067961661145091,0.8758453130722046
10.0,1012374.0,-0.026246406137943268,0.003067961661145091,0.8608106970787048
10.0,1012378.0,-0.026250513270497322,0.003067961661145091,0.8441703915596008
10.0,1012381.0,-0.02625872753560543,0.003067961661145091,0.8314680457115173
10.0,1012385.0,-0.02626693993806839,0.003067961661145091,0.8160282373428345
10.0,1012389.0,-0.0262751542031765,0.003067961661145091,0.8012383580207825
10.0,1012393.0,-0.026283368468284607,0.003067961661145091,0.7912374138832092
10.0,1012397.0,-0.026287473738193512,0.003067961661145091,0.7761915326118469
10.0,1012400.0,-0.026287473738193512,0.003067961661145091,0.7643004655838013
10.0,1012403.0,-0.026287473738193512,0.003067961661145091,0.7490205764770508
10.0,1012407.0,-0.026291580870747566,0.003067961661145091,0.7356926202774048
10.0,1012410.0,-0.026291580870747566,0.003067961661145091,0.7250726819038391
10.0,1012414.0,-0.026291580870747566,0.003067961661145091,0.7114289402961731
10.0,1012418.0,-0.026291580870747566,0.003067961661145091,0.7015705108642578
10.0,1012423.0,-0.026291580870747566,0.0015339808305725455,0.9496884346008301
10.0,1012428.0,-0.026291580870747566,0.0015339808305725455,0.9288346171379089
10.0,1012432.0,-0.026299795135855675,0.0015339808305725455,0.9145385026931763
10.0,1012436.0,-0.02631211467087269,0.0015339808305725455,0.9048792123794556
10.0,1012439.0,-0.026328541338443756,0.0015339808305725455,0.8942505121231079
10.0,1012443.0,-0.026344969868659973,0.0015339808305725455,0.8879441618919373
10.0,1012446.0,-0.026369608938694,0.0015339808305725455,0.880774974822998
10.0,1012450.0,-0.02639014460146427,0.0015339808305725455,0.876290500164032
10.0,1012453.0,-0.0264147836714983,0.0015339808305725455,0.8723395466804504
10.0,1012457.0,-0.026447638869285583,0.0015339808305725455,0.8695259094238281
10.0,1012460.0,-0.026476386934518814,0.0015339808305725455,0.8686400651931763
10.0,1012463.0,-0.026521559804677963,0.0015339808305725455,0.8687232732772827
10.0,1012467.0,-0.026570841670036316,0.003067961661145091,0.6022407412528992
10.0,1012471.0,-0.02661190927028656,0.003067961661145091,0.6096096038818359
10.0,1012474.0,-0.02665708400309086,0.003067961661145091,0.6214194893836975
10.0,1012478.0,-0.026710473001003265,0.003067961661145091,0.628865659236908
10.0,1012481.0,-0.026755647733807564,0.003067961661145091,0.632962167263031
10.0,1012494.0,-0.026866529136896133,0.003067961661145091,0.6411898732185364
10.0,1012498.0,-0.02689117006957531,0.003067961661145091,0.6411215662956238
10.0,1012501.0,-0.026911703869700432,0.003067961661145091,0.6415467262268066
10.0,1012504.0,-0.026936344802379608,0.003067961661145091,0.6402361392974854
10.0,1012508.0,-0.02694866620004177,0.003067961661145091,0.6368014216423035
10.0,1012512.0,-0.02696509286761284,0.003067961661145091,0.6321990489959717
10.0,1012516.0,-0.026973305270075798,0.003067961661145091,0.6278365254402161
10.0,1012520.0,-0.026981519535183907,0.003067961661145091,0.6210191249847412
10.0,1012523.0,-0.02698562666773796,0.003067961661145091,0.6164353489875793
10.0,1012527.0,-0.02698562666773796,0.003067961661145091,0.6088019609451294
10.0,1012531.0,-0.026989733800292015,0.003067961661145091,0.6046513915061951
10.0,1012534.0,-0.026989733800292015,0.003067961661145091,0.5975432395935059
10.0,1012538.0,-0.026989733800292015,0.003067961661145091,0.5924175977706909
10.0,1012541.0,-0.026989733800292015,0.003067961661145091,0.5858472585678101
10.0,1012544.0,-0.026989733800292015,0.003067961661145091,0.5811110138893127
10.0,1012548.0,-0.026989733800292015,0.003067961661145091,0.5750420689582825
10.0,1012551.0,-0.026989733800292015,0.003067961661145091,0.5706688761711121
10.0,1012555.0,-0.026989733800292015,0.003067961661145091,0.5650672316551208
10.0,1012559.0,-0.026989733800292015,0.003067961661145091,0.5610323548316956
10.0,1012562.0,-0.026989733800292015,0.0015339808305725455,0.819756805896759
10.0,1012566.0,-0.026989733800292015,0.0015339808305725455,0.8103160858154297
10.0,1012569.0,-0.026997946202754974,0.0015339808305725455,0.803839385509491
10.0,1012573.0,-0.027006160467863083,0.0015339808305725455,0.7989199161529541
10.0,1012577.0,-0.027018480002880096,0.0015339808305725455,0.7930737733840942
10.0,1012580.0,-0.02703080140054226,0.0015339808305725455,0.7888237833976746
10.0,1012583.0,-0.027047228068113327,0.0015339808305725455,0.78578120470047
10.0,1012587.0,-0.02705954760313034,0.0015339808305725455,0.7819092869758606
10.0,1012590.0,-0.027071869000792503,0.0015339808305725455,0.7791405320167542
10.0,1012594.0,-0.02708829566836357,0.0015339808305725455,0.7764827013015747
10.0,1012597.0,-0.02710472233593464,0.0015339808305725455,0.7731069922447205
10.0,1012601.0,-0.027112936601042747,0.0015339808305725455,0.7685980200767517
10.0,1012604.0,-0.02712525613605976,0.0015339808305725455,0.7650141716003418
10.0,1012608.0,-0.02713347040116787,0.0015339808305725455,0.7608807682991028
10.0,1012613.0,-0.027145789936184883,0.0015339808305725455,0.7556378245353699
10.0,1012618.0,-0.02715400420129299,0.0015339808305725455,0.7487649321556091
10.0,1012621.0,-0.027158111333847046,0.0015339808305725455,0.742749035358429
10.0,1012624.0,-0.027158111333847046,0.0015339808305725455,0.7387609481811523
10.0,1012628.0,-0.0271622184664011,0.0015339808305725455,0.7318622469902039
10.0,1012631.0,-0.027166323736310005,0.0015339808305725455,0.7282307147979736
10.0,1012635.0,-0.027166323736310005,0.0015339808305725455,0.7218080759048462
10.0,1012639.0,-0.027166323736310005,0.0015339808305725455,0.7171788811683655
10.0,1012642.0,-0.027166323736310005,0.0015339808305725455,0.711247980594635
10.0,1012646.0,-0.027166323736310005,0.0015339808305725455,0.7055829167366028
10.0,1012650.0,-0.027166323736310005,0.0015339808305725455,0.7015021443367004
10.0,1012653.0,-0.027166323736310005,0.0015339808305725455,0.6962773203849792
10.0,1012657.0,-0.027166323736310005,0.0015339808305725455,0.6912903189659119
10.0,1012660.0,-0.027166323736310005,0.0015339808305725455,0.6877006888389587
10.0,1012663.0,-0.027166323736310005,0.0015339808305725455,0.6842358112335205
10.0,1012667.0,-0.027166323736310005,0.0015339808305725455,0.6798036694526672
10.0,1012670.0,-0.027166323736310005,0.0015339808305725455,0.6755783557891846
10.0,1012684.0,-0.027166323736310005,0.0015339808305725455,0.6631774306297302
10.0,1012688.0,-0.027166323736310005,0.0015339808305725455,0.6605861783027649
10.0,1012691.0,-0.027166323736310005,0.0015339808305725455,0.6572785973548889
10.0,1012695.0,-0.027166323736310005,0.0015339808305725455,0.6541334986686707
10.0,1012698.0,-0.027166323736310005,0.0015339808305725455,0.6504208445549011
10.0,1012704.0,-0.027166323736310005,0.0015339808305725455,0.6476181745529175
10.0,1012708.0,-0.027166323736310005,0.0015339808305725455,0.6456100344657898
10.0,1012711.0,-0.027166323736310005,0.0015339808305725455,0.6430532336235046
10.0,1012715.0,-0.027166323736310005,0.0015339808305725455,0.6412230134010315
10.0,1012719.0,-0.027166323736310005,0.0015339808305725455,0.6388952136039734
10.0,1012722.0,-0.027166323736310005,0.0015339808305725455,0.6366912722587585
10.0,1012726.0,-0.027166323736310005,0.0015339808305725455,0.6346062421798706
10.0,1012729.0,-0.027166323736310005,0.0015339808305725455,0.6331177353858948
10.0,1012732.0,-0.027166323736310005,0.0015339808305725455,0.6316915154457092
10.0,1012736.0,-0.027166323736310005,0.0015339808305725455,0.6298838257789612
10.0,1012740.0,-0.027166323736310005,0.0015339808305725455,0.6285960674285889
10.0,1012743.0,-0.027166323736310005,0.0015339808305725455,0.6269665360450745
10.0,1012747.0,-0.027166323736310005,0.0015339808305725455,0.6258078813552856
10.0,1012750.0,-0.027166323736310005,0.0015339808305725455,0.6243443489074707
10.0,1012754.0,-0.027166323736310005,0.0015339808305725455,0.6233058571815491
10.0,1012758.0,-0.027166323736310005,0.0015339808305725455,0.6219971776008606
10.0,1012761.0,-0.027166323736310005,0.0015339808305725455,0.6207721829414368
10.0,1012764.0,-0.027166323736310005,0.0015339808305725455,0.6199063658714294
10.0,1012768.0,-0.027166323736310005,0.0015339808305725455,0.6188199520111084
10.0,1012771.0,-0.027166323736310005,0.0015339808305725455,0.6180544495582581
10.0,1012775.0,-0.027166323736310005,0.0015339808305725455,0.6170972585678101
10.0,1012779.0,-0.027166323736310005,0.0015339808305725455,0.6162098050117493
10.0,1012782.0,-0.02717043086886406,0.0015339808305725455,0.6169192790985107
10.0,1012786.0,-0.02717043086886406,0.0015339808305725455,0.6161000728607178
10.0,1012790.0,-0.02717043086886406,0.0015339808305725455,0.6155280470848083
10.0,1012794.0,-0.02717043086886406,0.0015339808305725455,0.6148198246955872
10.0,1012799.0,-0.02717043086886406,0.0015339808305725455,0.6140187382698059
10.0,1012803.0,-0.02717043086886406,0.0015339808305725455,0.6133067607879639
10.0,1012807.0,-0.02717043086886406,0.0015339808305725455,0.6127985119819641
10.0,1012811.0,-0.02717043086886406,0.0015339808305725455,0.6123424172401428
10.0,1012815.0,-0.02717043086886406,0.0015339808305725455,0.6120333075523376
10.0,1012818.0,-0.02717043086886406,0.0015339808305725455,0.6116635203361511
10.0,1012821.0,-0.02717043086886406,0.003067961661145091,0.34602290391921997
10.0,1012825.0,-0.02717043086886406,0.003067961661145091,0.35165783762931824
10.0,1012829.0,-0.02717043086886406,0.003067961661145091,0.3571028411388397
10.0,1012832.0,-0.02717043086886406,0.003067961661145091,0.36106646060943604
10.0,1012836.0,-0.02717043086886406,0.003067961661145091,0.36619699001312256
10.0,1012839.0,-0.02717043086886406,0.003067961661145091,0.3699329197406769
10.0,1012843.0,-0.02717043086886406,0.003067961661145091,0.37357601523399353
10.0,1012847.0,-0.02717043086886406,0.003067961661145091,0.37829384207725525
10.0,1012850.0,-0.02717043086886406,0.003067961661145091,0.38285791873931885
10.0,1012854.0,-0.02717043086886406,0.003067961661145091,0.3861836791038513
10.0,1012857.0,-0.02717043086886406,0.003067961661145091,0.39049312472343445
10.0,1012860.0,-0.02717043086886406,0.003067961661145091,0.39363452792167664
10.0,1012864.0,-0.02717043086886406,0.003067961661145091,0.39670076966285706
10.0,1012877.0,-0.02717043086886406,0.003067961661145091,0.4100801348686218
10.0,1012881.0,-0.02717043086886406,0.003067961661145091,0.4136405885219574
10.0,1012884.0,-0.02717043086886406,0.003067961661145091,0.41623973846435547
10.0,1012888.0,-0.02717043086886406,0.003067961661145091,0.41961371898651123
10.0,1012892.0,-0.02717043086886406,0.003067961661145091,0.42207783460617065
10.0,1012895.0,-0.02717043086886406,0.003067961661145091,0.4252779483795166
10.0,1012899.0,-0.02717043086886406,0.003067961661145091,0.4276162087917328
10.0,1012902.0,-0.02717043086886406,0.003067961661145091,0.4306543469429016
10.0,1012906.0,-0.02717043086886406,0.003067961661145091,0.4336048662662506
10.0,1012909.0,-0.02717043086886406,0.003067961661145091,0.43576234579086304
10.0,1012913.0,-0.02717043086886406,0.003067961661145091,0.43856775760650635
10.0,1012917.0,-0.02717043086886406,0.003067961661145091,0.4412948191165924
10.0,1012920.0,-0.02717043086886406,0.003067961661145091,0.44329047203063965
10.0,1012925.0,-0.02717043086886406,0.003067961661145091,0.44652581214904785
10.0,1012930.0,-0.02717043086886406,0.003067961661145091,0.4496525526046753
10.0,1012934.0,-0.02717043086886406,0.003067961661145091,0.45207929611206055
10.0,1012938.0,-0.02717043086886406,0.003067961661145091,0.45385754108428955
10.0,1012941.0,-0.02717043086886406,0.003067961661145091,0.4561748206615448
10.0,1012944.0,-0.02717043086886406,0.003067961661145091,0.45787379145622253
10.0,1012948.0,-0.02717043086886406,0.003067961661145091,0.46008896827697754
10.0,1012952.0,-0.02717043086886406,0.003067961661145091,0.46171408891677856
10.0,1012955.0,-0.02717043086886406,0.003067961661145091,0.46383416652679443
10.0,1012960.0,-0.02717043086886406,0.003067961661145091,0.4664122462272644
