State,Step,X,Theta,U
2.0,37929.0,-0.7843942642211914,0.03988350182771683,37.404666900634766
2.0,37933.0,-0.7843942642211914,0.06289321184158325,37.404666900634766
2.0,37937.0,-0.7843942642211914,0.07976700365543365,37.404666900634766
2.0,37940.0,-0.7843942642211914,0.10277671366930008,37.404666900634766
2.0,37945.0,-0.7843942642211914,0.12732040882110596,37.404666900634766
2.0,37948.0,-0.7843942642211914,0.15033012628555298,37.404666900634766
2.0,37952.0,-0.7843942642211914,0.1733398288488388,37.404666900634766
2.0,37956.0,-0.7843942642211914,0.19634954631328583,37.404666900634766
2.0,37962.0,-0.7843942642211914,0.22702915966510773,37.404666900634766
2.0,37966.0,-0.7843942642211914,0.25617480278015137,37.404666900634766
2.0,37970.0,-0.7843942642211914,0.28071850538253784,37.404666900634766
2.0,37974.0,-0.7843942642211914,0.2991262674331665,37.404666900634766
2.0,37977.0,-0.7843942642211914,0.323669970035553,37.404666900634766
2.0,37981.0,-0.7843942642211914,0.34821364283561707,37.404666900634766
2.0,37985.0,-0.7843942642211914,0.3666214048862457,37.404666900634766
2.0,37988.0,-0.7843942642211914,0.3911651074886322,37.404666900634766
2.0,37992.0,-0.7843942642211914,0.41724279522895813,37.404666900634766
2.0,37996.0,-0.7843942642211914,0.4356505572795868,37.404666900634766
2.0,37999.0,-0.7843942642211914,0.46172821521759033,37.404666900634766
2.0,38003.0,-0.7843942642211914,0.48780590295791626,37.404666900634766
2.0,38007.0,-0.7843942642211914,0.5077476501464844,37.404666900634766
2.0,38010.0,-0.7843942642211914,0.5338253378868103,37.404666900634766
2.0,38014.0,-0.7843942642211914,0.5537670850753784,37.404666900634766
2.0,38017.0,-0.7843942642211914,0.5813787579536438,37.404666900634766
2.0,38022.0,-0.7843942642211914,0.6151263117790222,37.404666900634766
2.0,38025.0,-0.7843942642211914,0.6427379846572876,37.404666900634766
2.0,38030.0,-0.7843942642211914,0.6703495979309082,37.404666900634766
2.0,38034.0,-0.7843942642211914,0.699495255947113,37.404666900634766
2.0,38037.0,-0.7843942642211914,0.7209709882736206,37.404666900634766
2.0,38041.0,-0.7843942642211914,0.7501166462898254,37.404666900634766
2.0,38045.0,-0.7843942642211914,0.7731263637542725,37.404666900634766
2.0,38048.0,-0.7843942642211914,0.8022719621658325,37.404666900634766
2.0,38052.0,-0.7843942642211914,0.8252816796302795,37.404666900634766
2.0,38055.0,-0.7843942642211914,0.8574953079223633,37.404666900634766
2.0,38059.0,-0.7843942642211914,0.8805050253868103,37.404666900634766
2.0,38063.0,-0.7843942642211914,0.9111846089363098,37.404666900634766
2.0,38066.0,-0.7843942642211914,0.9433982372283936,37.404666900634766
2.0,38070.0,-0.7843942642211914,0.9679418802261353,37.404666900634766
2.0,38073.0,-0.7843942642211914,1.0016894340515137,37.404666900634766
2.0,38077.0,-0.7843942642211914,1.026233196258545,37.404666900634766
2.0,38081.0,-0.7843942642211914,1.0615147352218628,37.404666900634766
2.0,38084.0,-0.7843942642211914,1.0952622890472412,37.404666900634766
2.0,38087.0,-0.7843942642211914,1.121340036392212,37.404666900634766
2.0,38092.0,-0.7843942642211914,1.1566215753555298,37.404666900634766
2.0,38095.0,-0.7843942642211914,1.1842331886291504,37.404666900634766
2.0,38098.0,-0.7843942642211914,1.2210487127304077,37.404666900634766
2.0,38111.0,-0.7843942642211914,1.3437671661376953,37.404666900634766
2.0,38115.0,-0.7843942642211914,1.372912883758545,37.404666900634766
2.0,38118.0,-0.7843942642211914,1.4127963781356812,37.404666900634766
2.0,38123.0,-0.7843942642211914,1.4526798725128174,37.404666900634766
2.0,38126.0,-0.7843942642211914,1.494097352027893,37.404666900634766
2.0,38130.0,-0.7843942642211914,1.5247769355773926,37.404666900634766
2.0,38133.0,-0.7843942642211914,1.5661944150924683,37.404666900634766
2.0,38137.0,-0.7843942642211914,1.5984079837799072,37.404666900634766
2.0,38141.0,-0.7843942642211914,1.6413594484329224,37.404666900634766
2.0,38145.0,-0.7843942642211914,1.6965827941894531,37.404666900634766
2.0,38151.0,-0.7843942642211914,1.7518061399459839,37.404666900634766
2.0,38154.0,-0.7843942642211914,1.7962915897369385,37.404666900634766
2.0,38158.0,-0.7843942642211914,1.8315731287002563,37.404666900634766
2.0,38162.0,-0.7843942642211914,1.8775925636291504,37.404666900634766
2.0,38165.0,-0.7843942642211914,1.9128741025924683,37.404666900634766
2.0,38168.0,-0.7843942642211914,1.9604275226593018,37.404666900634766
2.0,38172.0,-0.7843942642211914,2.0079808235168457,37.404666900634766
2.0,38176.0,-0.7843942642211914,2.043262481689453,37.404666900634766
2.0,38180.0,-0.7843942642211914,2.0923497676849365,37.404666900634766
2.0,38183.0,-0.7843942642211914,2.141437292098999,37.404666900634766
2.0,38187.0,-0.7843942642211914,2.1797866821289062,37.404666900634766
2.0,38191.0,-0.7843942642211914,2.230408191680908,37.404666900634766
2.0,38194.0,-0.7843942642211914,2.281029462814331,37.404666900634766
2.0,38198.0,-0.7843942642211914,2.3193790912628174,37.404666900634766
2.0,38202.0,-0.7843942642211914,2.3700003623962402,37.404666900634766
2.0,38205.0,-0.7843942642211914,2.409883975982666,37.404666900634766
2.0,38208.0,-0.7843942642211914,2.4620392322540283,37.404666900634766
2.0,38213.0,-0.7843942642211914,2.5280003547668457,37.404666900634766
2.0,38218.0,-0.7843942642211914,2.580155849456787,37.404666900634766
2.0,38222.0,-0.7843942642211914,2.633845090866089,37.404666900634766
2.0,38225.0,-0.7843942642211914,2.6737287044525146,37.404666900634766
2.0,38228.0,-0.7843942642211914,2.728951930999756,37.404666900634766
2.0,38232.0,-0.7843942642211914,2.7688353061676025,37.404666900634766
2.0,38235.0,-0.7843942642211914,2.8102529048919678,37.404666900634766
2.0,38238.0,-0.7843942642211914,2.8639421463012695,37.404666900634766
2.0,38243.0,-0.7843942642211914,2.91916561126709,37.404666900634766
2.0,38246.0,-0.7843942642211914,2.9728548526763916,37.404666900634766
2.0,38250.0,-0.7843942642211914,3.0142722129821777,37.404666900634766
2.0,38253.0,-0.7843942642211914,3.069495677947998,37.404666900634766
2.0,38257.0,-0.7843942642211914,3.110913038253784,37.404666900634766
2.0,38260.0,-0.7843942642211914,-3.117048978805542,37.404666900634766
2.0,38264.0,-0.7843942642211914,-3.0633597373962402,37.404666900634766
2.0,38268.0,-0.7843942642211914,-3.021942138671875,37.404666900634766
2.0,38272.0,-0.7843942642211914,-2.966718912124634,37.404666900634766
2.0,38275.0,-0.7843942642211914,-2.9253015518188477,37.404666900634766
2.0,38279.0,-0.7843942642211914,-2.871612071990967,37.404666900634766
2.0,38283.0,-0.7843942642211914,-2.8163888454437256,37.404666900634766
2.0,38286.0,-0.7843942642211914,-2.7626993656158447,37.404666900634766
2.0,38289.0,-0.7843942642211914,-2.722815990447998,37.404666900634766
2.0,38293.0,-0.7843942642211914,-2.6691267490386963,37.404666900634766
2.0,38306.0,-0.7843942642211914,-2.5095925331115723,37.404666900634766
2.0,38309.0,-0.7843942642211914,-2.45743727684021,37.404666900634766
2.0,38313.0,-0.7843942642211914,-2.4052820205688477,37.404666900634766
2.0,38317.0,-0.7843942642211914,-2.3669323921203613,37.404666900634766
2.0,38320.0,-0.7843942642211914,-2.314777135848999,37.404666900634766
2.0,38324.0,-0.7843942642211914,-2.277961492538452,37.404666900634766
2.0,38327.0,-0.7843942642211914,-2.2273402214050293,37.404666900634766
2.0,38333.0,-0.7843942642211914,-2.165980815887451,37.404666900634766
2.0,38336.0,-0.7843942642211914,-2.1168935298919678,37.404666900634766
2.0,38341.0,-0.7843942642211914,-2.0555343627929688,37.404666900634766
2.0,38345.0,-0.7843942642211914,-2.0202527046203613,37.404666900634766
2.0,38349.0,-0.7843942642211914,-1.9604275226593018,37.404666900634766
2.0,38353.0,-0.7843942642211914,-1.9251459836959839,37.404666900634766
2.0,38357.0,-0.7843942642211914,-1.8791265487670898,37.404666900634766
2.0,38361.0,-0.7843942642211914,-1.8331071138381958,37.404666900634766
2.0,38364.0,-0.7843942642211914,-1.7886216640472412,37.404666900634766
2.0,38367.0,-0.7843942642211914,-1.7548741102218628,37.404666900634766
2.0,38371.0,-0.7843942642211914,-1.7226604223251343,37.404666900634766
2.0,38374.0,-0.7843942642211914,-1.6797089576721191,37.404666900634766
2.0,38377.0,-0.7843942642211914,-1.6474953889846802,37.404666900634766
2.0,38382.0,-0.7843942642211914,-1.604543924331665,37.404666900634766
2.0,38385.0,-0.7843942642211914,-1.5738643407821655,37.404666900634766
2.0,38389.0,-0.7843942642211914,-1.5324468612670898,37.404666900634766
2.0,38393.0,-0.7843942642211914,-1.4925633668899536,37.404666900634766
2.0,38396.0,-0.7843942642211914,-1.4526798725128174,37.404666900634766
2.0,38399.0,-0.7843942642211914,-1.4235341548919678,37.404666900634766
2.0,38404.0,-0.7843942642211914,-1.3836506605148315,37.404666900634766
2.0,38407.0,-0.7843942642211914,-1.3453011512756348,37.404666900634766
2.0,38411.0,-0.7843942642211914,-1.3176895380020142,37.404666900634766
2.0,38414.0,-0.7843942642211914,-1.2808740139007568,37.404666900634766
2.0,38418.0,-0.7843942642211914,-1.2532622814178467,37.404666900634766
2.0,38422.0,-0.7843942642211914,-1.2179807424545288,37.404666900634766
2.0,38425.0,-0.7843942642211914,-1.1919031143188477,37.404666900634766
2.0,38428.0,-0.7843942642211914,-1.1566215753555298,37.404666900634766
2.0,38432.0,-0.7843942642211914,-1.130543828010559,37.404666900634766
2.0,38435.0,-0.7843942642211914,-1.0967962741851807,37.404666900634766
2.0,38439.0,-0.7843942642211914,-1.072252631187439,37.404666900634766
2.0,38443.0,-0.7843942642211914,-1.0385050773620605,37.404666900634766
2.0,38446.0,-0.7843942642211914,-1.0139613151550293,37.404666900634766
2.0,38449.0,-0.7843942642211914,-0.9832817316055298,37.404666900634766
2.0,38453.0,-0.7843942642211914,-0.951068103313446,37.404666900634766
2.0,38457.0,-0.7843942642211914,-0.928058385848999,37.404666900634766
2.0,38462.0,-0.7843942642211914,-0.882038950920105,37.404666900634766
2.0,38467.0,-0.7843942642211914,-0.8452234268188477,37.404666900634766
2.0,38471.0,-0.7843942642211914,-0.8237476944923401,37.404666900634766
2.0,38475.0,-0.7843942642211914,-0.79460209608078,37.404666900634766
2.0,38478.0,-0.7843942642211914,-0.7731263637542725,37.404666900634766
2.0,38482.0,-0.7843942642211914,-0.7455146908760071,37.404666900634766
2.0,38485.0,-0.7843942642211914,-0.7179030179977417,37.404666900634766
2.0,38488.0,-0.7843942642211914,-0.6841554641723633,37.404666900634766
2.0,38503.0,-0.7843942642211914,-0.6059224009513855,37.404666900634766
2.0,38507.0,-0.7843942642211914,-0.5798447728157043,37.404666900634766
2.0,38511.0,-0.7843942642211914,-0.5491651296615601,37.404666900634766
2.0,38515.0,-0.7843942642211914,-0.5307573676109314,37.404666900634766
2.0,38518.0,-0.7843942642211914,-0.5123496055603027,37.404666900634766
2.0,38522.0,-0.7843942642211914,-0.48780590295791626,37.404666900634766
2.0,38526.0,-0.7843942642211914,-0.4586602747440338,37.404666900634766
2.0,38530.0,-0.7843942642211914,-0.43411657214164734,37.404666900634766
2.0,38534.0,-0.7843942642211914,-0.4111068546772003,37.404666900634766
2.0,38537.0,-0.7843942642211914,-0.3942330777645111,37.404666900634766
2.0,38542.0,-0.7843942642211914,-0.3712233603000641,37.404666900634766
2.0,38545.0,-0.7843942642211914,-0.34821364283561707,37.404666900634766
2.0,38549.0,-0.7843942642211914,-0.3267379105091095,37.404666900634766
2.0,38553.0,-0.7843942642211914,-0.3037281930446625,37.404666900634766
2.0,38557.0,-0.7843942642211914,-0.28685441613197327,37.404666900634766
2.0,38560.0,-0.7843942642211914,-0.2653786838054657,37.404666900634766
2.0,38564.0,-0.7843942642211914,-0.2485048919916153,37.404666900634766
2.0,38567.0,-0.7843942642211914,-0.22702915966510773,37.404666900634766
2.0,38571.0,-0.7843942642211914,-0.21168935298919678,37.404666900634766
2.0,38574.0,-0.7843942642211914,-0.1902136206626892,37.404666900634766
2.0,38577.0,-0.7843942642211914,-0.17487381398677826,37.404666900634766
2.0,38582.0,-0.7843942642211914,-0.1533980816602707,37.404666900634766
2.0,38585.0,-0.7843942642211914,-0.13192234933376312,37.404666900634766
2.0,38588.0,-0.7843942642211914,-0.11658254265785217,37.404666900634766
2.0,38592.0,-0.7843942642211914,-0.0951068103313446,37.404666900634766
2.0,38595.0,-0.7843942642211914,-0.07976700365543365,37.404666900634766
2.0,38599.0,-0.7843942642211914,-0.05982525274157524,37.404666900634766
2.0,38603.0,-0.7843942642211914,-0.04448544234037399,37.404666900634766
2.0,38606.0,-0.7843942642211914,-0.023009711876511574,37.404666900634766
2.0,38610.0,-0.7843942642211914,-0.003067961661145091,37.404666900634766
2.0,38614.0,-0.7843942642211914,0.01840776950120926,37.404666900634766
2.0,38617.0,-0.7843942642211914,0.03374757990241051,37.404666900634766
2.0,38621.0,-0.7843942642211914,0.05368933081626892,37.404666900634766
2.0,38625.0,-0.7843942642211914,0.07056311517953873,37.404666900634766
2.0,38628.0,-0.7843942642211914,0.08590292930603027,37.404666900634766
2.0,38632.0,-0.7843942642211914,0.10584467649459839,37.404666900634766
2.0,38635.0,-0.7843942642211914,0.12732040882110596,37.404666900634766
2.0,38639.0,-0.7843942642211914,0.14879614114761353,37.404666900634766
2.0,38643.0,-0.7843942642211914,0.16873788833618164,37.404666900634766
2.0,38647.0,-0.7843942642211914,0.1902136206626892,37.404666900634766
2.0,38652.0,-0.7843942642211914,0.21168935298919678,37.404666900634766
2.0,38655.0,-0.7843942642211914,0.23316508531570435,37.404666900634766
2.0,38659.0,-0.7843942642211914,0.2485048919916153,37.404666900634766
2.0,38663.0,-0.7843942642211914,0.2715145945549011,37.404666900634766
2.0,38666.0,-0.7843942642211914,0.2929903268814087,37.404666900634766
2.0,38669.0,-0.7843942642211914,0.3098641335964203,37.404666900634766
2.0,38673.0,-0.7843942642211914,0.33133986592292786,37.404666900634766
2.0,1.0,-0.7843942642211914,0.34821364283561707,37.404666900634766
2.0,1.0,-0.7843942642211914,0.3712233603000641,37.404666900634766
2.0,1.0,-0.7843942642211914,0.39269909262657166,37.404666900634766
2.0,1.0,-0.7843942642211914,0.4632622003555298,37.404666900634766
2.0,1.0,-0.7843942642211914,0.4862719178199768,37.404666900634766
2.0,1.0,-0.7843819260597229,0.5108156204223633,37.404666900634766
2.0,1.0,-0.7842751741409302,0.5353593230247498,37.404666900634766
2.0,1.0,-0.7840821146965027,0.5583690404891968,37.404666900634766
2.0,1.0,-0.78380286693573,0.5829127430915833,37.404666900634766
2.0,1.0,-0.7834291458129883,0.607456386089325,37.404666900634766
2.0,1.0,-0.7831088304519653,0.6320000886917114,37.404666900634766
2.0,1.0,-0.7826160192489624,0.6504078507423401,37.404666900634766
2.0,1.0,-0.782213568687439,0.6734175682067871,37.404666900634766
2.0,1.0,-0.7816221714019775,0.6933593153953552,37.404666900634766
2.0,1.0,-0.7811458110809326,0.7117670774459839,37.404666900634766
2.0,1.0,-0.7804722785949707,0.7363107800483704,37.404666900634766
2.0,1.0,-0.7797495126724243,0.7623884677886963,37.404666900634766
2.0,1.0,-0.7791745662689209,0.7869321703910828,37.404666900634766
2.0,1.0,-0.7783696055412292,0.8130098581314087,37.404666900634766
2.0,1.0,-0.7775195240974426,0.8329516053199768,37.404666900634766
2.0,1.0,-0.77663654088974,0.8590292930603027,37.404666900634766
2.0,1.0,-0.7757125496864319,0.8866409063339233,37.404666900634766
2.0,1.0,-0.7750020623207092,0.9142525792121887,37.404666900634766
2.0,1.0,-0.7740205526351929,0.9357283115386963,37.404666900634766
2.0,1.0,-0.77326899766922,0.9633399844169617,37.404666900634766
2.0,1.0,-0.7722423076629639,0.9848157167434692,37.404666900634766
2.0,1.0,-0.7711909413337708,1.0139613151550293,37.404666900634766
2.0,1.0,-0.7703901529312134,1.0431069135665894,37.404666900634766
2.0,1.0,-0.7693018317222595,1.0661166906356812,37.404666900634766
2.0,1.0,-0.7684682011604309,1.0967962741851807,37.404666900634766
2.0,4.0,-0.7673346996307373,1.1198060512542725,37.404666900634766
2.0,7.0,-0.766180694103241,1.150485634803772,37.404666900634766
2.0,11.0,-0.7652977705001831,1.1734952926635742,37.404666900634766
2.0,15.0,-0.764098584651947,1.2057089805603027,37.404666900634766
2.0,19.0,-0.7628829479217529,1.2394565343856812,37.404666900634766
2.0,22.0,-0.7619548439979553,1.2716701030731201,37.404666900634766
2.0,26.0,-0.760698139667511,1.2977477312088013,37.404666900634766
2.0,30.0,-0.7594332695007324,1.3314954042434692,37.404666900634766
2.0,33.0,-0.7584681510925293,1.366776943206787,37.404666900634766
2.0,36.0,-0.7571704387664795,1.3928545713424683,37.404666900634766
2.0,40.0,-0.7555277347564697,1.4388740062713623,37.404666900634766
2.0,45.0,-0.7545338869094849,1.4756895303726196,37.404666900634766
2.0,49.0,-0.7532073855400085,1.5033012628555298,37.404666900634766
2.0,53.0,-0.751864492893219,1.540116786956787,37.404666900634766
2.0,57.0,-0.7505092620849609,1.58920419216156,37.404666900634766
2.0,61.0,-0.7491293549537659,1.6275537014007568,37.404666900634766
2.0,64.0,-0.7477412819862366,1.6582332849502563,37.404666900634766
2.0,68.0,-0.7466899156570435,1.6873788833618164,37.404666900634766
2.0,72.0,-0.7452690005302429,1.728796362876892,37.404666900634766
2.0,75.0,-0.7442012429237366,1.7594760656356812,37.404666900634766
2.0,79.0,-0.742755651473999,1.8024275302886963,37.404666900634766
2.0,82.0,-0.7416673302650452,1.843845009803772,37.404666900634766
2.0,86.0,-0.7402012348175049,1.876058578491211,37.404666900634766
2.0,98.0,-0.7353634238243103,2.0202527046203613,37.404666900634766
2.0,102.0,-0.734225869178772,2.0540003776550293,37.404666900634766
2.0,105.0,-0.7327063679695129,2.100019693374634,37.404666900634766
2.0,110.0,-0.7311704158782959,2.147573232650757,37.404666900634766
2.0,114.0,-0.7296262979507446,2.195126533508301,37.404666900634766
2.0,117.0,-0.7284640669822693,2.2411460876464844,37.404666900634766
2.0,121.0,-0.72690349817276,2.277961492538452,37.404666900634766
2.0,124.0,-0.7257289290428162,2.325515031814575,37.404666900634766
2.0,128.0,-0.7241519689559937,2.362330436706543,37.404666900634766
2.0,131.0,-0.7225749492645264,2.4114179611206055,37.404666900634766
2.0,135.0,-0.7213798761367798,2.4497673511505127,37.404666900634766
2.0,138.0,-0.7197946906089783,2.498854875564575,37.404666900634766
2.0,142.0,-0.7185913920402527,2.5372042655944824,37.404666900634766
2.0,145.0,-0.7173880934715271,2.5878257751464844,37.404666900634766
2.0,149.0,-0.7157782316207886,2.6384470462799072,37.404666900634766
2.0,152.0,-0.714160144329071,2.6767964363098145,37.404666900634766
2.0,156.0,-0.7125421166419983,2.728951930999756,37.404666900634766
2.0,160.0,-0.7113264799118042,2.767301321029663,37.404666900634766
2.0,163.0,-0.7097002267837524,2.8194568157196045,37.404666900634766
2.0,168.0,-0.7080862522125244,2.885417938232422,37.404666900634766
2.0,173.0,-0.706061601638794,2.9498450756073,37.404666900634766
2.0,177.0,-0.7044599652290344,3.002000570297241,37.404666900634766
2.0,181.0,-0.7028542160987854,3.055689811706543,37.404666900634766
2.0,184.0,-0.7012566924095154,3.0940394401550293,37.404666900634766
2.0,188.0,-0.7000492811203003,-3.1354568004608154,37.404666900634766
2.0,191.0,-0.6984476447105408,-3.097107410430908,37.404666900634766
2.0,195.0,-0.6972402334213257,-3.0572237968444824,37.404666900634766
2.0,199.0,-0.6956385970115662,-3.00506854057312,37.404666900634766
2.0,202.0,-0.6944311857223511,-2.9651849269866943,37.404666900634766
2.0,205.0,-0.692833662033081,-2.913029670715332,37.404666900634766
2.0,209.0,-0.691236138343811,-2.8608741760253906,37.404666900634766
2.0,213.0,-0.6900492906570435,-2.8225247859954834,37.404666900634766
2.0,216.0,-0.6888624429702759,-2.770369291305542,37.404666900634766
2.0,220.0,-0.6872895359992981,-2.7320199012756348,37.404666900634766
2.0,223.0,-0.6861190795898438,-2.681398391723633,37.404666900634766
2.0,226.0,-0.6845585107803345,-2.6430490016937256,37.404666900634766
2.0,232.0,-0.6826159954071045,-2.5786218643188477,37.404666900634766
2.0,235.0,-0.680677592754364,-2.5172624588012695,37.404666900634766
2.0,240.0,-0.6791252493858337,-2.4666411876678467,37.404666900634766
2.0,244.0,-0.6779671311378479,-2.4298255443573,37.404666900634766
2.0,248.0,-0.6764106750488281,-2.3807382583618164,37.404666900634766
2.0,251.0,-0.6748706102371216,-2.3331849575042725,37.404666900634766
2.0,255.0,-0.6737125515937805,-2.2963693141937256,37.404666900634766
2.0,259.0,-0.672180712223053,-2.2488160133361816,37.404666900634766
2.0,262.0,-0.6710349321365356,-2.213534355163574,37.404666900634766
2.0,266.0,-0.6695113182067871,-2.1675148010253906,37.404666900634766
2.0,270.0,-0.6679958701133728,-2.1199615001678467,37.404666900634766
2.0,274.0,-0.6664845943450928,-2.0754761695861816,37.404666900634766
2.0,277.0,-0.6649733185768127,-2.029456615447998,37.404666900634766
2.0,281.0,-0.6634660959243774,-1.986505150794983,37.404666900634766
2.0,294.0,-0.6589404344558716,-1.856116771697998,37.404666900634766
2.0,298.0,-0.6574414968490601,-1.813165307044983,37.404666900634766
2.0,301.0,-0.656320333480835,-1.7732818126678467,37.404666900634766
2.0,304.0,-0.6548172235488892,-1.7426022291183472,37.404666900634766
2.0,308.0,-0.6536920070648193,-1.7011847496032715,37.404666900634766
2.0,311.0,-0.652193009853363,-1.6720391511917114,37.404666900634766
2.0,315.0,-0.6510759592056274,-1.6321556568145752,37.404666900634766
2.0,319.0,-0.6495687961578369,-1.5938060283660889,37.404666900634766
2.0,322.0,-0.6484435200691223,-1.5661944150924683,37.404666900634766
2.0,325.0,-0.6469404697418213,-1.5370488166809082,37.404666900634766
2.0,329.0,-0.6454373598098755,-1.5002332925796509,37.404666900634766
2.0,333.0,-0.6443080306053162,-1.4741555452346802,37.404666900634766
2.0,336.0,-0.6431745290756226,-1.4373400211334229,37.404666900634766
2.0,340.0,-0.6416714787483215,-1.4112623929977417,37.404666900634766
2.0,343.0,-0.6405379772186279,-1.3759808540344238,37.404666900634766
2.0,347.0,-0.6390308141708374,-1.3514370918273926,37.404666900634766
2.0,350.0,-0.6375194787979126,-1.3176895380020142,37.404666900634766
2.0,355.0,-0.6356344819068909,-1.2762720584869385,37.404666900634766
2.0,360.0,-0.6341232061386108,-1.2440584897994995,37.404666900634766
2.0,363.0,-0.6329856514930725,-1.2195147275924683,37.404666900634766
2.0,366.0,-0.631462037563324,-1.1888351440429688,37.404666900634766
2.0,370.0,-0.6303203105926514,-1.1581555604934692,37.404666900634766
2.0,374.0,-0.6287925839424133,-1.136679768562317,37.404666900634766
2.0,377.0,-0.6276426911354065,-1.1060001850128174,37.404666900634766
2.0,382.0,-0.6257248520851135,-1.0768545866012573,37.404666900634766
2.0,385.0,-0.6245708465576172,-1.0569127798080444,37.404666900634766
2.0,389.0,-0.6230390071868896,-1.0277671813964844,37.404666900634766
2.0,392.0,-0.6218850016593933,-1.0078253746032715,37.404666900634766
2.0,396.0,-0.6203531622886658,-0.9802137613296509,37.404666900634766
2.0,400.0,-0.618813157081604,-0.954136073589325,37.404666900634766
2.0,403.0,-0.6176632642745972,-0.928058385848999,37.404666900634766
2.0,406.0,-0.6161108613014221,-0.9096506237983704,37.404666900634766
2.0,411.0,-0.6145667433738708,-0.8835729360580444,37.404666900634766
2.0,414.0,-0.613392174243927,-0.8605632185935974,37.404666900634766
2.0,418.0,-0.6118357181549072,-0.8421554565429688,37.404666900634766
2.0,422.0,-0.6102628111839294,-0.8130098581314087,37.404666900634766
2.0,427.0,-0.6082997918128967,-0.7884661555290222,37.404666900634766
2.0,430.0,-0.6067227721214294,-0.7669904232025146,37.404666900634766
2.0,434.0,-0.6055441498756409,-0.7501166462898254,37.404666900634766
2.0,437.0,-0.6039671301841736,-0.7286409139633179,37.404666900634766
2.0,441.0,-0.6027926206588745,-0.7071651816368103,37.404666900634766
2.0,444.0,-0.6012156009674072,-0.6918253302574158,37.404666900634766
2.0,449.0,-0.5996385812759399,-0.6703495979309082,37.404666900634766
2.0,452.0,-0.5980533957481384,-0.6504078507423401,37.404666900634766
2.0,456.0,-0.5964681506156921,-0.630466103553772,37.404666900634766
2.0,460.0,-0.5952649116516113,-0.6120583415031433,37.404666900634766
2.0,463.0,-0.593663215637207,-0.5967185497283936,37.404666900634766
2.0,467.0,-0.5920534133911133,-0.5783107876777649,37.404666900634766
2.0,471.0,-0.5908418893814087,-0.5599030256271362,37.404666900634766
2.0,474.0,-0.5896344780921936,-0.5460971593856812,37.404666900634766
2.0,487.0,-0.5843819379806519,-0.4893398880958557,37.404666900634766
2.0,491.0,-0.5827597379684448,-0.4770680367946625,37.404666900634766
2.0,494.0,-0.581540048122406,-0.46019425988197327,37.404666900634766
2.0,498.0,-0.57990962266922,-0.44792240858078003,37.404666900634766
2.0,502.0,-0.5782792568206787,-0.4325825870037079,37.404666900634766
2.0,505.0,-0.5770513415336609,-0.41724279522895813,37.404666900634766
2.0,509.0,-0.5754127502441406,-0.4049709439277649,37.404666900634766
2.0,512.0,-0.5741807222366333,-0.38963112235069275,37.404666900634766
2.0,517.0,-0.5721355080604553,-0.374291330575943,37.404666900634766
2.0,520.0,-0.5704928040504456,-0.3604854941368103,37.404666900634766
2.0,524.0,-0.5692607760429382,-0.34821364283561707,37.404666900634766
2.0,527.0,-0.5680328607559204,-0.3344078063964844,37.404666900634766
2.0,531.0,-0.5663901567459106,-0.3206019997596741,37.404666900634766
2.0,534.0,-0.5647433400154114,-0.3098641335964203,37.404666900634766
2.0,539.0,-0.5630924105644226,-0.2960582971572876,37.404666900634766
2.0,543.0,-0.5614455938339233,-0.2791845202445984,37.404666900634766
2.0,548.0,-0.5593798756599426,-0.2653786838054657,37.404666900634766
2.0,552.0,-0.5577207207679749,-0.25310683250427246,37.404666900634766
2.0,555.0,-0.5560697913169861,-0.23930101096630096,37.404666900634766
2.0,560.0,-0.5544188618659973,-0.22702915966510773,37.404666900634766
2.0,563.0,-0.5531786680221558,-0.21629129350185394,37.404666900634766
2.0,566.0,-0.551527738571167,-0.2040194571018219,37.404666900634766
2.0,570.0,-0.5502915978431702,-0.19174760580062866,37.404666900634766
2.0,573.0,-0.5486406683921814,-0.18254372477531433,37.404666900634766
2.0,577.0,-0.5473963022232056,-0.1733398288488388,37.404666900634766
2.0,581.0,-0.5457371473312378,-0.16106799244880676,37.404666900634766
2.0,584.0,-0.5444928407669067,-0.15186409652233124,37.404666900634766
2.0,588.0,-0.5428295731544495,-0.13805827498435974,37.404666900634766
2.0,592.0,-0.5411663055419922,-0.1288543939590454,37.404666900634766
2.0,596.0,-0.5395113229751587,-0.11658254265785217,37.404666900634766
2.0,600.0,-0.5378603935241699,-0.10431069880723953,37.404666900634766
2.0,603.0,-0.5366160273551941,-0.09357283264398575,37.404666900634766
2.0,606.0,-0.5349692106246948,-0.08436894416809082,37.404666900634766
2.0,610.0,-0.533724844455719,-0.07363107800483704,37.404666900634766
2.0,613.0,-0.5320698022842407,-0.0644271969795227,37.404666900634766
2.0,617.0,-0.5308254361152649,-0.05675728991627693,37.404666900634766
2.0,621.0,-0.5291581153869629,-0.04448544234037399,37.404666900634766
2.0,624.0,-0.5279055237770081,-0.03374757990241051,37.404666900634766
2.0,628.0,-0.526238203048706,-0.02147573232650757,37.404666900634766
2.0,631.0,-0.5245585441589355,-0.013805827125906944,37.404666900634766
2.0,635.0,-0.5233018398284912,-0.004601942375302315,37.404666900634766
2.0,639.0,-0.5216304063796997,0.006135923322290182,37.404666900634766
2.0,642.0,-0.5203778147697449,0.015339808538556099,37.404666900634766
2.0,646.0,-0.5187022686004639,0.026077674701809883,37.404666900634766
2.0,650.0,-0.5170348882675171,0.03834952041506767,37.404666900634766
2.0,653.0,-0.5157864689826965,0.04908738657832146,37.404666900634766
2.0,656.0,-0.5141190886497498,0.058291271328926086,37.404666900634766
2.0,660.0,-0.5124476552009583,0.06902913749217987,37.404666900634766
2.0,664.0,-0.5111950635910034,0.0782330259680748,37.404666900634766
2.0,670.0,-0.5086817145347595,0.09817477315664291,37.404666900634766
2.0,683.0,-0.5032238364219666,0.13345633447170258,37.404666900634766
2.0,687.0,-0.5015482306480408,0.14726215600967407,37.404666900634766
2.0,691.0,-0.49988090991973877,0.16106799244880676,37.404666900634766
2.0,695.0,-0.4982094466686249,0.16873788833618164,37.404666900634766
2.0,701.0,-0.4956919848918915,0.1871456652879715,37.404666900634766
2.0,705.0,-0.4940164387226105,0.19941750168800354,37.404666900634766
2.0,709.0,-0.4923408627510071,0.21168935298919678,37.404666900634766
2.0,712.0,-0.4906612038612366,0.22549518942832947,37.404666900634766
2.0,716.0,-0.4894004166126251,0.23316508531570435,37.404666900634766
2.0,720.0,-0.48772484064102173,0.24697090685367584,37.404666900634766
2.0,723.0,-0.4864681661128998,0.2592427730560303,37.404666900634766
2.0,727.0,-0.4847967028617859,0.2761165499687195,37.404666900634766
2.0,733.0,-0.48188090324401855,0.2929903268814087,37.404666900634766
2.0,737.0,-0.4806283414363861,0.30526217818260193,37.404666900634766
2.0,741.0,-0.4789527654647827,0.3160000443458557,37.404666900634766
2.0,745.0,-0.4772813022136688,0.3298058807849884,37.404666900634766
2.0,749.0,-0.4756016433238983,0.34514567255973816,37.404666900634766
2.0,752.0,-0.4739260673522949,0.3574175238609314,37.404666900634766
2.0,756.0,-0.47266530990600586,0.37275734543800354,37.404666900634766
2.0,760.0,-0.47099384665489197,0.3834952116012573,37.404666900634766
2.0,763.0,-0.46974948048591614,0.3988350033760071,37.404666900634766
2.0,767.0,-0.46808212995529175,0.40957286953926086,37.404666900634766
2.0,771.0,-0.466431200504303,0.42951464653015137,37.404666900634766
2.0,774.0,-0.4647720754146576,0.44025251269340515,37.404666900634766
2.0,779.0,-0.4631129503250122,0.45712628960609436,37.404666900634766
2.0,782.0,-0.4618685841560364,0.4693981409072876,37.404666900634766
2.0,785.0,-0.460209459066391,0.4862719178199768,37.404666900634766
2.0,790.0,-0.4585503041744232,0.5016117095947266,37.404666900634766
2.0,793.0,-0.4573018550872803,0.52001953125,37.404666900634766
2.0,796.0,-0.4556509256362915,0.5322913527488708,37.404666900634766
2.0,800.0,-0.4544188976287842,0.5506991147994995,37.404666900634766
2.0,804.0,-0.4527720808982849,0.5629709362983704,37.404666900634766
2.0,807.0,-0.45112937688827515,0.5813787579536438,37.404666900634766
2.0,811.0,-0.449494868516922,0.5997865200042725,37.404666900634766
2.0,815.0,-0.4482710361480713,0.6151263117790222,37.404666900634766
2.0,819.0,-0.4466283321380615,0.6335340738296509,37.404666900634766
2.0,823.0,-0.44499385356903076,0.653475821018219,37.404666900634766
2.0,826.0,-0.44376590847969055,0.6734175682067871,37.404666900634766
2.0,830.0,-0.4421273171901703,0.6933593153953552,37.404666900634766
2.0,834.0,-0.44048869609832764,0.7086991667747498,37.404666900634766
2.0,837.0,-0.4388542175292969,0.7301748991012573,37.404666900634766
2.0,841.0,-0.43763038516044617,0.7516506314277649,37.404666900634766
2.0,844.0,-0.43640658259391785,0.7685244083404541,37.404666900634766
2.0,848.0,-0.4347802996635437,0.7900001406669617,37.404666900634766
2.0,852.0,-0.43315809965133667,0.8068739175796509,37.404666900634766
2.0,856.0,-0.43154004216194153,0.8298836350440979,37.404666900634766
2.0,861.0,-0.42951950430870056,0.8590292930603027,37.404666900634766
2.0,864.0,-0.42829978466033936,0.8835729360580444,37.404666900634766
2.0,868.0,-0.4266776144504547,0.9019807577133179,37.404666900634766
2.0,871.0,-0.425462007522583,0.9265244007110596,37.404666900634766
2.0,883.0,-0.42056262493133545,0.9986215233802795,37.404666900634766
2.0,887.0,-0.4189363420009613,1.0246992111206055,37.404666900634766
2.0,891.0,-0.41731005907058716,1.052310824394226,37.404666900634766
2.0,894.0,-0.4156878888607025,1.0799225568771362,37.404666900634766
2.0,898.0,-0.41405749320983887,1.1090681552886963,37.404666900634766
2.0,902.0,-0.41283777356147766,1.1382137537002563,37.404666900634766
2.0,905.0,-0.411207377910614,1.1596895456314087,37.404666900634766
2.0,910.0,-0.40957289934158325,1.1903691291809082,37.404666900634766
2.0,913.0,-0.4079342782497406,1.2210487127304077,37.404666900634766
2.0,918.0,-0.40629157423973083,1.2517284154891968,37.404666900634766
2.0,922.0,-0.4042340815067291,1.2931458950042725,37.404666900634766
2.0,926.0,-0.4029979407787323,1.3161555528640747,37.404666900634766
2.0,930.0,-0.4013429284095764,1.3499031066894531,37.404666900634766
2.0,933.0,-0.39969199895858765,1.3836506605148315,37.404666900634766
2.0,937.0,-0.3984517455101013,1.4081944227218628,37.404666900634766
2.0,940.0,-0.39678850769996643,1.4434759616851807,37.404666900634766
2.0,944.0,-0.3955400288105011,1.4695535898208618,37.404666900634766
2.0,947.0,-0.3938685953617096,1.5048352479934692,37.404666900634766
2.0,951.0,-0.39260780811309814,1.5416507720947266,37.404666900634766
2.0,955.0,-0.39092403650283813,1.5692623853683472,37.404666900634766
2.0,959.0,-0.3892320394515991,1.607611894607544,37.404666900634766
2.0,962.0,-0.38796302676200867,1.6444274187088013,37.404666900634766
2.0,966.0,-0.38626694679260254,1.6751071214675903,37.404666900634766
2.0,970.0,-0.3845626413822174,1.713456630706787,37.404666900634766
2.0,973.0,-0.38328543305397034,1.7533401250839233,37.404666900634766
2.0,977.0,-0.3815770149230957,1.7840197086334229,37.404666900634766
2.0,980.0,-0.3802874684333801,1.8254371881484985,37.404666900634766
2.0,984.0,-0.37855440378189087,1.856116771697998,37.404666900634766
2.0,988.0,-0.37638604640960693,1.90827214717865,37.404666900634766
2.0,992.0,-0.37507596611976624,1.9404857158660889,37.404666900634766
2.0,995.0,-0.3737659156322479,1.983437180519104,37.404666900634766
2.0,999.0,-0.37201231718063354,2.015650749206543,37.404666900634766
2.0,1002.0,-0.37025871872901917,2.060136318206787,37.404666900634766
2.0,1006.0,-0.36894044280052185,2.104621648788452,37.404666900634766
2.0,1010.0,-0.36718684434890747,2.1399033069610596,37.404666900634766
2.0,1013.0,-0.36586448550224304,2.1843886375427246,37.404666900634766
2.0,1016.0,-0.36410266160964966,2.219670295715332,37.404666900634766
2.0,1020.0,-0.3627720773220062,2.2656896114349365,37.404666900634766
2.0,1024.0,-0.3609979450702667,2.300971269607544,37.404666900634766
2.0,1027.0,-0.3592156171798706,2.348524570465088,37.404666900634766
2.0,1031.0,-0.35787680745124817,2.396078109741211,37.404666900634766
2.0,1034.0,-0.35653388500213623,2.4328935146331787,37.404666900634766
2.0,1038.0,-0.3547433316707611,2.481981039047241,37.404666900634766
2.0,1042.0,-0.3529609739780426,2.5172624588012695,37.404666900634766
2.0,1046.0,-0.3507310152053833,2.580155849456787,37.404666900634766
2.0,1051.0,-0.3485051393508911,2.641515016555786,37.404666900634766
2.0,1055.0,-0.3471663296222687,2.6798644065856934,37.404666900634766
2.0,1059.0,-0.34538397192955017,2.728951930999756,37.404666900634766
2.0,1062.0,-0.3440410792827606,2.7795732021331787,37.404666900634766
2.0,1066.0,-0.3422505259513855,2.817922830581665,37.404666900634766
2.0,1078.0,-0.33643120527267456,2.9835927486419678,37.404666900634766
2.0,1082.0,-0.3350882828235626,3.0234761238098145,37.404666900634766
2.0,1085.0,-0.3333059549331665,3.0740976333618164,37.404666900634766
2.0,1090.0,-0.331531822681427,3.1247189044952393,37.404666900634766
2.0,1093.0,-0.33020123839378357,-3.120116949081421,37.404666900634766
2.0,1097.0,-0.32843121886253357,-3.0679616928100586,37.404666900634766
2.0,1101.0,-0.32666119933128357,-3.00506854057312,37.404666900634766
2.0,1105.0,-0.3248993754386902,-2.966718912124634,37.404666900634766
2.0,1109.0,-0.3231457769870758,-2.9145636558532715,37.404666900634766
2.0,1112.0,-0.321831613779068,-2.865476131439209,37.404666900634766
2.0,1116.0,-0.3200862407684326,-2.8271267414093018,37.404666900634766
2.0,1120.0,-0.31834906339645386,-2.7765052318573,37.404666900634766
2.0,1123.0,-0.3166201114654541,-2.725883960723877,37.404666900634766
2.0,1127.0,-0.3153264820575714,-2.68906831741333,37.404666900634766
2.0,1131.0,-0.3136139512062073,-2.6384470462799072,37.404666900634766
2.0,1134.0,-0.3123285472393036,-2.590893507003784,37.404666900634766
2.0,1138.0,-0.31062424182891846,-2.5402722358703613,37.404666900634766
2.0,1141.0,-0.30892401933670044,-2.504990577697754,37.404666900634766
2.0,1145.0,-0.30765092372894287,-2.468175172805786,37.404666900634766
2.0,1149.0,-0.30595892667770386,-2.420621633529663,37.404666900634766
2.0,1152.0,-0.30427515506744385,-2.373068332672119,37.404666900634766
2.0,1156.0,-0.3030184805393219,-2.3270490169525146,37.404666900634766
2.0,1160.0,-0.301355242729187,-2.2917673587799072,37.404666900634766
2.0,1163.0,-0.3001067638397217,-2.2457480430603027,37.404666900634766
2.0,1166.0,-0.297634482383728,-2.178252696990967,37.404666900634766
2.0,1172.0,-0.2955811023712158,-2.1322333812713623,37.404666900634766
2.0,1177.0,-0.294353187084198,-2.0892817974090576,37.404666900634766
2.0,1181.0,-0.29271867871284485,-2.0555343627929688,37.404666900634766
2.0,1184.0,-0.29149487614631653,-2.012582778930664,37.404666900634766
2.0,1188.0,-0.28945791721343994,-1.9696314334869385,37.404666900634766
2.0,1192.0,-0.28824231028556824,-1.9389517307281494,37.404666900634766
2.0,1196.0,-0.2866283357143402,-1.8960002660751343,37.404666900634766
2.0,1200.0,-0.2850225865840912,-1.856116771697998,37.404666900634766
2.0,1203.0,-0.2838192880153656,-1.8162332773208618,37.404666900634766
2.0,1207.0,-0.2822299897670746,-1.7870876789093018,37.404666900634766
2.0,1211.0,-0.2806406617164612,-1.7472041845321655,37.404666900634766
2.0,1214.0,-0.2794497013092041,-1.7088546752929688,37.404666900634766
2.0,1218.0,-0.2778685688972473,-1.6797089576721191,37.404666900634766
2.0,1222.0,-0.2762792706489563,-1.6428934335708618,37.404666900634766
2.0,1225.0,-0.27509650588035583,-1.6152818202972412,37.404666900634766
2.0,1230.0,-0.273104727268219,-1.5692623853683472,37.404666900634766
2.0,1233.0,-0.27112525701522827,-1.5247769355773926,37.404666900634766
2.0,1238.0,-0.26954004168510437,-1.4910293817520142,37.404666900634766
2.0,1242.0,-0.2683572769165039,-1.4649516344070435,37.404666900634766
2.0,1246.0,-0.266780287027359,-1.431204080581665,37.404666900634766
2.0,1250.0,-0.2652073800563812,-1.398990511894226,37.404666900634766
2.0,1253.0,-0.26402875781059265,-1.3744468688964844,37.404666900634766
2.0,1257.0,-0.26245996356010437,-1.3422331809997559,37.404666900634766
2.0,1260.0,-0.2612690031528473,-1.3115535974502563,37.404666900634766
2.0,1264.0,-0.25969198346138,-1.288543939590454,37.404666900634766
2.0,1276.0,-0.2549322247505188,-1.1919031143188477,37.404666900634766
2.0,1280.0,-0.2533347010612488,-1.164291501045227,37.404666900634766
2.0,1284.0,-0.2517453730106354,-1.1443496942520142,37.404666900634766
2.0,1288.0,-0.25015196204185486,-1.1167380809783936,37.404666900634766
2.0,1292.0,-0.24855852127075195,-1.0906603336334229,37.404666900634766
2.0,1295.0,-0.24736756086349487,-1.0707186460494995,37.404666900634766
2.0,1299.0,-0.24576590955257416,-1.0446408987045288,37.404666900634766
2.0,1302.0,-0.24456262588500977,-1.026233196258545,37.404666900634766
2.0,1306.0,-0.2425585240125656,-0.9955535531044006,37.404666900634766
2.0,1310.0,-0.2413470298051834,-0.9710098505020142,37.404666900634766
2.0,1314.0,-0.23972895741462708,-0.954136073589325,37.404666900634766
2.0,1317.0,-0.23810267448425293,-0.9311263561248779,37.404666900634766
2.0,1321.0,-0.23688295483589172,-0.9096506237983704,37.404666900634766
2.0,1324.0,-0.23525667190551758,-0.8927768468856812,37.404666900634766
2.0,1328.0,-0.23402874171733856,-0.8713011145591736,37.404666900634766
2.0,1331.0,-0.2323983609676361,-0.8544273376464844,37.404666900634766
2.0,1334.0,-0.2311786413192749,-0.8390874862670898,37.404666900634766
2.0,1339.0,-0.22954826056957245,-0.8191457390785217,37.404666900634766
2.0,1342.0,-0.22832033038139343,-0.803805947303772,37.404666900634766
2.0,1346.0,-0.22668172419071198,-0.7838642001152039,37.404666900634766
2.0,1349.0,-0.2250390201807022,-0.7654564380645752,37.404666900634766
2.0,1355.0,-0.2229815125465393,-0.7424467206001282,37.404666900634766
2.0,1359.0,-0.22133059799671173,-0.7240389585494995,37.404666900634766
2.0,1362.0,-0.2200944572687149,-0.7071651816368103,37.404666900634766
2.0,1366.0,-0.21844764053821564,-0.6902913451194763,37.404666900634766
2.0,1370.0,-0.21680082380771637,-0.676485538482666,37.404666900634766
2.0,1373.0,-0.2151581048965454,-0.6611457467079163,37.404666900634766
2.0,1376.0,-0.2139301896095276,-0.6488738656044006,37.404666900634766
2.0,1380.0,-0.21269404888153076,-0.6335340738296509,37.404666900634766
2.0,1384.0,-0.2110472321510315,-0.6166602969169617,37.404666900634766
2.0,1388.0,-0.20940041542053223,-0.6059224009513855,37.404666900634766
2.0,1391.0,-0.20774537324905396,-0.5905826091766357,37.404666900634766
2.0,1395.0,-0.20650924742221832,-0.5798447728157043,37.404666900634766
2.0,1399.0,-0.20485010743141174,-0.5660389065742493,37.404666900634766
2.0,1402.0,-0.20361396670341492,-0.5553010702133179,37.404666900634766
2.0,1405.0,-0.20197536051273346,-0.5414952039718628,37.404666900634766
2.0,1409.0,-0.20074333250522614,-0.5292233824729919,37.404666900634766
2.0,1412.0,-0.19910882413387299,-0.5184855461120605,37.404666900634766
2.0,1416.0,-0.19788911938667297,-0.5092816352844238,37.404666900634766
2.0,1421.0,-0.19584804773330688,-0.4939418137073517,37.404666900634766
2.0,1425.0,-0.19421765208244324,-0.48166999220848083,37.404666900634766
2.0,1429.0,-0.19258315861225128,-0.4693981409072876,37.404666900634766
2.0,1432.0,-0.19095277786254883,-0.4586602747440338,37.404666900634766
2.0,1436.0,-0.1897248476743698,-0.4463884234428406,37.404666900634766
2.0,1440.0,-0.18808212876319885,-0.4387185275554657,37.404666900634766
2.0,1443.0,-0.18686242401599884,-0.4279806613922119,37.404666900634766
2.0,1446.0,-0.18522381782531738,-0.42031073570251465,37.404666900634766
2.0,1451.0,-0.18359753489494324,-0.40957286953926086,37.404666900634766
2.0,1454.0,-0.18237783014774323,-0.40036898851394653,37.404666900634766
2.0,1457.0,-0.1807556450366974,-0.39269909262657166,37.404666900634766
2.0,1470.0,-0.17590144276618958,-0.3635534644126892,37.404666900634766
2.0,1473.0,-0.17427925765514374,-0.35588353872299194,37.404666900634766
2.0,1477.0,-0.17305544018745422,-0.3466796576976776,37.404666900634766
2.0,1481.0,-0.17142504453659058,-0.3374757766723633,37.404666900634766
2.0,1484.0,-0.17020122706890106,-0.33133986592292786,37.404666900634766
2.0,1488.0,-0.1685667335987091,-0.323669970035553,37.404666900634766
2.0,1492.0,-0.16693633794784546,-0.31753402948379517,37.404666900634766
2.0,1495.0,-0.16571252048015594,-0.31139811873435974,37.404666900634766
2.0,1499.0,-0.1640862375497818,-0.3037281930446625,37.404666900634766
2.0,1502.0,-0.1628747433423996,-0.2991262674331665,37.404666900634766
2.0,1506.0,-0.16124024987220764,-0.2914563715457916,37.404666900634766
2.0,1510.0,-0.1596139669418335,-0.28378644585609436,37.404666900634766
2.0,1514.0,-0.15798357129096985,-0.27765053510665894,37.404666900634766
2.0,1517.0,-0.15675564110279083,-0.26998063921928406,37.404666900634766
2.0,1521.0,-0.15512114763259888,-0.2653786838054657,37.404666900634766
2.0,1525.0,-0.15348254144191742,-0.2592427730560303,37.404666900634766
2.0,1529.0,-0.15184804797172546,-0.25310683250427246,37.404666900634766
2.0,1532.0,-0.150209441781044,-0.24697090685367584,37.404666900634766
2.0,1536.0,-0.14897741377353668,-0.24083499610424042,37.404666900634766
2.0,1540.0,-0.14734292030334473,-0.2346990704536438,37.404666900634766
2.0,1545.0,-0.14529773592948914,-0.22856314480304718,37.404666900634766
2.0,1550.0,-0.14324435591697693,-0.22242721915245056,37.404666900634766
2.0,1553.0,-0.14160574972629547,-0.2178252786397934,37.404666900634766
2.0,1557.0,-0.14036960899829865,-0.21322333812713623,37.404666900634766
2.0,1561.0,-0.1387310028076172,-0.20862139761447906,37.404666900634766
2.0,1564.0,-0.13749486207962036,-0.2040194571018219,37.404666900634766
2.0,1568.0,-0.1358562558889389,-0.19941750168800354,37.404666900634766
2.0,1571.0,-0.13422176241874695,-0.19481556117534637,37.404666900634766
2.0,1575.0,-0.13299384713172913,-0.19174760580062866,37.404666900634766
2.0,1579.0,-0.13136345148086548,-0.1871456652879715,37.404666900634766
2.0,1582.0,-0.13013963401317596,-0.1840776950120926,37.404666900634766
2.0,1585.0,-0.1285010278224945,-0.17947575449943542,37.404666900634766
2.0,1589.0,-0.12686653435230255,-0.17487381398677826,37.404666900634766
2.0,1593.0,-0.1252238154411316,-0.17180585861206055,37.404666900634766
2.0,1597.0,-0.12399178743362427,-0.16873788833618164,37.404666900634766
2.0,1601.0,-0.12235318124294281,-0.16413594782352448,37.404666900634766
2.0,1604.0,-0.12111704051494598,-0.16106799244880676,37.404666900634766
2.0,1608.0,-0.11947844177484512,-0.1564660519361496,37.404666900634766
2.0,1612.0,-0.11785215884447098,-0.15493206679821014,37.404666900634766
2.0,1615.0,-0.11622176319360733,-0.15033012628555298,37.404666900634766
2.0,1619.0,-0.11459959298372269,-0.14726215600967407,37.404666900634766
2.0,1623.0,-0.11338398605585098,-0.14419420063495636,37.404666900634766
2.0,1626.0,-0.11177001893520355,-0.14112623035907745,37.404666900634766
2.0,1631.0,-0.11014784127473831,-0.13805827498435974,37.404666900634766
2.0,1634.0,-0.1089322417974472,-0.13499031960964203,37.404666900634766
2.0,1638.0,-0.10731006413698196,-0.13345633447170258,37.404666900634766
2.0,1641.0,-0.10609035193920135,-0.13038836419582367,37.404666900634766
2.0,1644.0,-0.10486652702093124,-0.1288543939590454,37.404666900634766
2.0,1648.0,-0.1032361388206482,-0.1257864236831665,37.404666900634766
2.0,1651.0,-0.10160985589027405,-0.12425244599580765,37.404666900634766
2.0,1664.0,-0.09674332290887833,-0.11504856497049332,37.404666900634766
2.0,1668.0,-0.09512936323881149,-0.11351457983255386,37.404666900634766
2.0,1673.0,-0.09269404411315918,-0.1089126393198967,37.404666900634766
2.0,1678.0,-0.0906652957201004,-0.10737866163253784,37.404666900634766
2.0,1682.0,-0.08944147825241089,-0.10584467649459839,37.404666900634766
2.0,1685.0,-0.08821766078472137,-0.10431069880723953,37.404666900634766
2.0,1689.0,-0.08658315986394882,-0.10124273598194122,37.404666900634766
2.0,1692.0,-0.0853552371263504,-0.09970875084400177,37.404666900634766
2.0,1695.0,-0.08371663093566895,-0.09817477315664291,37.404666900634766
2.0,1699.0,-0.08126899600028992,-0.0951068103313446,37.404666900634766
2.0,1705.0,-0.0800451710820198,-0.0951068103313446,37.404666900634766
2.0,1709.0,-0.07841888815164566,-0.0920388475060463,37.404666900634766
2.0,1712.0,-0.07719507068395615,-0.09050486981868744,37.404666900634766
2.0,1716.0,-0.07556057721376419,-0.08897088468074799,37.404666900634766
2.0,1719.0,-0.07393018156290054,-0.08897088468074799,37.404666900634766
2.0,1723.0,-0.07270225882530212,-0.08743690699338913,37.404666900634766
2.0,1727.0,-0.07106776535511017,-0.08590292930603027,37.404666900634766
2.0,1732.0,-0.06902669370174408,-0.08436894416809082,37.404666900634766
2.0,1737.0,-0.0669938400387764,-0.08283496648073196,37.404666900634766
2.0,1741.0,-0.06536345183849335,-0.08130098134279251,37.404666900634766
2.0,1744.0,-0.0637412741780281,-0.07976700365543365,37.404666900634766
2.0,1749.0,-0.062119096517562866,-0.0782330259680748,37.404666900634766
2.0,1752.0,-0.06089938431978226,-0.0782330259680748,37.404666900634766
2.0,1755.0,-0.05927310138940811,-0.07669904083013535,37.404666900634766
2.0,1760.0,-0.05765092372894287,-0.07516506314277649,37.404666900634766
2.0,1763.0,-0.05642710626125336,-0.07516506314277649,37.404666900634766
2.0,1766.0,-0.05521149933338165,-0.07363107800483704,37.404666900634766
2.0,1770.0,-0.053581107407808304,-0.07363107800483704,37.404666900634766
2.0,1773.0,-0.05195482447743416,-0.07209710031747818,37.404666900634766
2.0,1777.0,-0.05033675581216812,-0.07209710031747818,37.404666900634766
2.0,1781.0,-0.048718687146902084,-0.07056311517953873,37.404666900634766
2.0,1785.0,-0.047507185488939285,-0.07056311517953873,37.404666900634766
2.0,1789.0,-0.04589733108878136,-0.06902913749217987,37.404666900634766
2.0,1793.0,-0.044283367693424225,-0.06902913749217987,37.404666900634766
2.0,1796.0,-0.04307597503066063,-0.06749515980482101,37.404666900634766
2.0,1800.0,-0.04145790636539459,-0.06749515980482101,37.404666900634766
2.0,1803.0,-0.03984394297003746,-0.06749515980482101,37.404666900634766
2.0,1807.0,-0.038628336042165756,-0.06749515980482101,37.404666900634766
2.0,1811.0,-0.03701026737689972,-0.06596117466688156,37.404666900634766
2.0,1814.0,-0.03579876944422722,-0.06596117466688156,37.404666900634766
2.0,1818.0,-0.03418480604887009,-0.06596117466688156,37.404666900634766
2.0,1822.0,-0.03256673365831375,-0.06596117466688156,37.404666900634766
2.0,1825.0,-0.03136344999074936,-0.0644271969795227,37.404666900634766
2.0,1829.0,-0.02975359372794628,-0.0644271969795227,37.404666900634766
2.0,1833.0,-0.028143737465143204,-0.0644271969795227,37.404666900634766
2.0,1837.0,-0.026533881202340126,-0.0644271969795227,37.404666900634766
2.0,1840.0,-0.02532648853957653,-0.0644271969795227,37.404666900634766
2.0,1844.0,-0.023708418011665344,-0.0644271969795227,37.404666900634766
2.0,1848.0,-0.022090349346399307,-0.0644271969795227,37.404666900634766
2.0,1851.0,-0.020464066416025162,-0.0644271969795227,37.404666900634766
2.0,1864.0,-0.015597536228597164,-0.0644271969795227,37.404666900634766
2.0,1868.0,-0.013983572833240032,-0.0644271969795227,37.404666900634766
2.0,1871.0,-0.012373716570436954,-0.0644271969795227,37.404666900634766
2.0,1875.0,-0.011166324838995934,-0.0644271969795227,37.404666900634766
2.0,1879.0,-0.009556468576192856,-0.0644271969795227,37.404666900634766
2.0,1882.0,-0.00834907591342926,-0.0644271969795227,37.404666900634766
2.0,1885.0,-0.0067392196506261826,-0.0644271969795227,37.404666900634766
2.0,1889.0,-0.005125256720930338,-0.06596117466688156,37.404666900634766
2.0,1893.0,-0.003909650724381208,-0.06596117466688156,37.404666900634766
2.0,1896.0,-0.002291581127792597,-0.06596117466688156,37.404666900634766
2.0,1900.0,-0.0010800821473821998,-0.06596117466688156,37.404666900634766
5.0,1904.0,0.0005379876820370555,-0.06749515980482101,37.404666900634766
10.0,1907.0,0.002151950728148222,-0.06749515980482101,2.5984296798706055
10.0,1911.0,0.003285421058535576,-0.06749515980482101,2.215946674346924
10.0,1914.0,0.0042135524563491344,-0.06749515980482101,2.013896942138672
10.0,1919.0,0.005396303720772266,-0.0644271969795227,1.2750918865203857
10.0,1924.0,0.00608213571831584,-0.05982525274157524,0.4496850371360779
10.0,1928.0,0.006435318384319544,-0.05522330850362778,-0.30199605226516724
10.0,1932.0,0.006648870650678873,-0.052155349403619766,-0.7552297115325928
10.0,1935.0,0.006747433450073004,-0.0475534051656723,-1.6882030963897705
10.0,1939.0,0.006903490982949734,-0.04295146465301514,-2.1130480766296387
10.0,1942.0,0.007043121382594109,-0.03681553900241852,-3.0387942790985107
10.0,1945.0,0.007297741249203682,-0.03374757990241051,-3.4727540016174316
10.0,1949.0,0.0077207391150295734,-0.029145635664463043,-4.182199001312256
10.0,1953.0,0.00814784411340952,-0.02761165425181389,-4.406803607940674
10.0,1956.0,0.008689938113093376,-0.02454369328916073,-4.937204837799072
10.0,1960.0,0.009642710909247398,-0.023009711876511574,-5.252679347991943
10.0,1963.0,0.010529774241149426,-0.02147573232650757,-5.653736591339111
10.0,1967.0,0.011975359171628952,-0.02147573232650757,-5.608613967895508
10.0,1971.0,0.013745379634201527,-0.023009711876511574,-5.846831321716309
10.0,1974.0,0.015289527364075184,-0.026077674701809883,-5.716557025909424
10.0,1978.0,0.017618069425225258,-0.029145635664463043,-5.551080703735352
10.0,1981.0,0.019564682617783546,-0.03374757990241051,-5.325740337371826
10.0,1985.0,0.022402463480830193,-0.03834952041506767,-5.014108180999756
10.0,1989.0,0.025490758940577507,-0.04601942375302315,-4.404630661010742
10.0,1992.0,0.02795482613146305,-0.052155349403619766,-3.871075391769409
10.0,1996.0,0.031396303325891495,-0.05982525274157524,-3.445507287979126
10.0,2000.0,0.034956879913806915,-0.06902913749217987,-2.735041618347168
10.0,2003.0,0.03767145797610283,-0.07669904083013535,-1.7812888622283936
10.0,2006.0,0.04129774123430252,-0.08590292930603027,-1.4060944318771362
10.0,2010.0,0.04398768022656441,-0.0951068103313446,-0.7161090970039368
10.0,2014.0,0.047507185488939285,-0.10277671366930008,-0.04922311753034592
10.0,2017.0,0.05005338788032532,-0.1089126393198967,0.4324526786804199
10.0,2021.0,0.05328131467103958,-0.11658254265785217,0.9748700261116028
10.0,2025.0,0.05627104640007019,-0.12425244599580765,1.5017298460006714
10.0,2029.0,0.05898973345756531,-0.13038836419582367,1.920741319656372
10.0,2032.0,0.06083367392420769,-0.13499031960964203,2.1685400009155273
10.0,2035.0,0.0629938393831253,-0.13805827498435974,2.360832929611206
10.0,2040.0,0.06480492651462555,-0.14112623035907745,2.540151834487915
10.0,2044.0,0.0662464052438736,-0.1426602154970169,2.5357961654663086
10.0,2057.0,0.06855852156877518,-0.13805827498435974,1.58965265750885
10.0,2061.0,0.06865708529949188,-0.13499031960964203,1.2976465225219727
10.0,2064.0,0.06861191242933273,-0.13038836419582367,0.9858971834182739
10.0,2068.0,0.06843942403793335,-0.12732040882110596,0.5130016803741455
10.0,2071.0,0.068213552236557,-0.12118448317050934,-0.031336233019828796
10.0,2075.0,0.06804107129573822,-0.11811652034521103,-0.30292627215385437
10.0,2079.0,0.0678398385643959,-0.11351457983255386,-0.7598260641098022
10.0,2082.0,0.06772484630346298,-0.11044661700725555,-1.2309120893478394
10.0,2085.0,0.0676509216427803,-0.10584467649459839,-1.535569667816162
10.0,2089.0,0.06768788397312164,-0.10277671366930008,-1.792107105255127
10.0,2093.0,0.06778234243392944,-0.09970875084400177,-2.1395275592803955
10.0,2096.0,0.06791786104440689,-0.09817477315664291,-2.174549102783203
10.0,2100.0,0.06818480789661407,-0.09664079546928406,-2.51057767868042
10.0,2103.0,0.06845174729824066,-0.0951068103313446,-2.3822121620178223
10.0,2106.0,0.06891170144081116,-0.09357283264398575,-2.5461905002593994
10.0,2110.0,0.06948254257440567,-0.09357283264398575,-2.4410970211029053
10.0,2114.0,0.069983571767807,-0.0920388475060463,-2.6395585536956787
10.0,2118.0,0.07074332982301712,-0.0920388475060463,-2.6128268241882324
10.0,2121.0,0.07161395996809006,-0.0920388475060463,-2.6096885204315186
10.0,2125.0,0.07233265042304993,-0.09357283264398575,-2.3626883029937744
10.0,2129.0,0.07338809221982956,-0.09357283264398575,-2.4270691871643066
10.0,2132.0,0.07423819601535797,-0.09664079546928406,-1.987532138824463
10.0,2135.0,0.07544147968292236,-0.09817477315664291,-1.8131778240203857
10.0,2139.0,0.07669815421104431,-0.09970875084400177,-1.6896933317184448
10.0,2142.0,0.07766324281692505,-0.10124273598194122,-1.5399338006973267
10.0,2146.0,0.0786365494132042,-0.10431069880723953,-1.1689245700836182
10.0,2150.0,0.07993429154157639,-0.10584467649459839,-0.8020962476730347
10.0,2154.0,0.08121560513973236,-0.1089126393198967,-0.6608446836471558
10.0,2157.0,0.08213552087545395,-0.11198060214519501,-0.2780270576477051
10.0,2161.0,0.0832977443933487,-0.11351457983255386,-0.14700451493263245
10.0,2164.0,0.08437782526016235,-0.11504856497049332,0.03477793186903
10.0,2170.0,0.08556468039751053,-0.11811652034521103,0.45262405276298523
10.0,2174.0,0.08657494932413101,-0.11965050548315048,0.6864719986915588
10.0,2179.0,0.08719506859779358,-0.11965050548315048,0.7024914026260376
10.0,2182.0,0.08757700026035309,-0.11965050548315048,0.759818434715271
10.0,2186.0,0.08795072138309479,-0.11965050548315048,0.8333889842033386
10.0,2190.0,0.08818069845438004,-0.11811652034521103,0.7002221941947937
10.0,2193.0,0.08827104419469833,-0.11658254265785217,0.6074843406677246
10.0,2197.0,0.08829157799482346,-0.11658254265785217,0.7638847827911377
10.0,2200.0,0.0882464051246643,-0.11351457983255386,0.45598599314689636
10.0,2204.0,0.0881519541144371,-0.11198060214519501,0.4270223379135132
10.0,2208.0,0.08804106712341309,-0.11044661700725555,0.40041133761405945
10.0,2211.0,0.08795482665300369,-0.1089126393198967,0.31187283992767334
10.0,2215.0,0.08785215765237808,-0.10737866163253784,0.2185347080230713
10.0,2219.0,0.08776180446147919,-0.10584467649459839,0.17838792502880096
10.0,2222.0,0.08770020306110382,-0.10431069880723953,0.1341404914855957
10.0,2225.0,0.08763449639081955,-0.10277671366930008,0.02489188313484192
10.0,2231.0,0.0875893235206604,-0.10124273598194122,0.009056903421878815
10.0,2236.0,0.08757289499044418,-0.09970875084400177,-0.019553467631340027
10.0,2240.0,0.08757289499044418,-0.09970875084400177,0.1643083393573761
10.0,2252.0,0.08757289499044418,-0.09664079546928406,0.1552809327840805
10.0,2256.0,0.08757289499044418,-0.0951068103313446,0.09667423367500305
10.0,2260.0,0.08757289499044418,-0.0951068103313446,0.2211577445268631
10.0,2264.0,0.08757289499044418,-0.09357283264398575,0.11286667734384537
10.0,2268.0,0.08757289499044418,-0.09357283264398575,0.3115888833999634
10.0,2271.0,0.08757289499044418,-0.09357283264398575,0.4260382652282715
10.0,2275.0,0.08757289499044418,-0.09357283264398575,0.5370298027992249
10.0,2279.0,0.08756878972053528,-0.0920388475060463,0.4157772660255432
10.0,2282.0,0.08756468445062637,-0.0920388475060463,0.560040295124054
10.0,2285.0,0.08756057173013687,-0.0920388475060463,0.6647607684135437
10.0,2289.0,0.08755236119031906,-0.0920388475060463,0.8017151355743408
10.0,2292.0,0.08753593266010284,-0.0920388475060463,0.9045181274414062
10.0,2295.0,0.08750308305025101,-0.0920388475060463,1.0055701732635498
10.0,2299.0,0.08744148164987564,-0.0920388475060463,1.1449872255325317
10.0,2303.0,0.08737988024950027,-0.09050486981868744,1.0200055837631226
10.0,2307.0,0.08726078271865845,-0.09050486981868744,1.1770257949829102
10.0,2310.0,0.08711293339729309,-0.09050486981868744,1.2947702407836914
10.0,2314.0,0.08697741478681564,-0.09050486981868744,1.417115569114685
10.0,2317.0,0.08676796406507492,-0.08897088468074799,1.3171859979629517
10.0,2322.0,0.08651334792375565,-0.08897088468074799,1.4984102249145508
10.0,2325.0,0.0862874761223793,-0.08743690699338913,1.4218323230743408
10.0,2329.0,0.08594661206007004,-0.08743690699338913,1.5757399797439575
10.0,2332.0,0.08565913885831833,-0.08590292930603027,1.5174740552902222
10.0,2336.0,0.08525256812572479,-0.08590292930603027,1.6816941499710083
10.0,2340.0,0.0847926065325737,-0.08436894416809082,1.642334222793579
10.0,2343.0,0.0844229981303215,-0.08283496648073196,1.612486481666565
10.0,2346.0,0.08390554785728455,-0.08130098134279251,1.5266180038452148
10.0,2351.0,0.08333881199359894,-0.07976700365543365,1.5128588676452637
10.0,2354.0,0.08289527893066406,-0.0782330259680748,1.5065481662750244
10.0,2359.0,0.08194661140441895,-0.07669904083013535,1.577894687652588
10.0,2363.0,0.08126077800989151,-0.07516506314277649,1.5938559770584106
10.0,2367.0,0.08056673407554626,-0.07209710031747818,1.3396152257919312
10.0,2371.0,0.08002053201198578,-0.07056311517953873,1.3645466566085815
10.0,2375.0,0.07927309721708298,-0.06902913749217987,1.3186393976211548
10.0,2379.0,0.07853388041257858,-0.06749515980482101,1.340889573097229
10.0,2382.0,0.07796303927898407,-0.06596117466688156,1.099636435508728
10.0,2385.0,0.07720328867435455,-0.06289321184158325,1.0494399070739746
10.0,2390.0,0.07646406441926956,-0.061359234154224396,1.0648784637451172
10.0,2393.0,0.07589732855558395,-0.05982525274157524,1.0813497304916382
10.0,2396.0,0.07515811175107956,-0.058291271328926086,1.0192925930023193
10.0,2400.0,0.07461601495742798,-0.05675728991627693,1.019386887550354
10.0,2404.0,0.07390554249286652,-0.05522330850362778,0.9480205774307251
10.0,2407.0,0.07338809221982956,-0.05368933081626892,0.9294503927230835
10.0,2411.0,0.07256262749433517,-0.052155349403619766,0.8985044956207275
10.0,2415.0,0.07207392156124115,-0.052155349403619766,1.0741374492645264
10.0,2420.0,0.0712813138961792,-0.05062136799097061,1.0867055654525757
10.0,2424.0,0.07051334530115128,-0.04908738657832146,1.084646463394165
10.0,2429.0,0.06991786509752274,-0.0475534051656723,1.0168207883834839
10.0,2432.0,0.0693264901638031,-0.0475534051656723,1.2149252891540527
10.0,2436.0,0.06888706237077713,-0.04601942375302315,1.1375908851623535
10.0,2449.0,0.06696920096874237,-0.04448544234037399,1.4715148210525513
10.0,2452.0,0.06636960804462433,-0.04295146465301514,1.3358389139175415
10.0,2456.0,0.06590554118156433,-0.04295146465301514,1.5223091840744019
10.0,2460.0,0.06527309864759445,-0.04295146465301514,1.6591016054153442
10.0,2463.0,0.06462834030389786,-0.04141748324036598,1.576814889907837
10.0,2467.0,0.06411909312009811,-0.04141748324036598,1.7698495388031006
10.0,2471.0,0.06342504918575287,-0.03988350182771683,1.646546721458435
10.0,2474.0,0.06269815564155579,-0.03834952041506767,1.5799134969711304
10.0,2479.0,0.061930183321237564,-0.03834952041506767,1.7939743995666504
10.0,2482.0,0.06134291738271713,-0.03681553900241852,1.7432676553726196
10.0,2486.0,0.060525666922330856,-0.03528155758976936,1.6422358751296997
10.0,2490.0,0.05967967212200165,-0.03374757990241051,1.6041662693023682
10.0,2493.0,0.05902669578790665,-0.03374757990241051,1.5747259855270386
10.0,2497.0,0.058119095861911774,-0.03221359848976135,1.7603747844696045
10.0,2500.0,0.057420942932367325,-0.029145635664463043,1.4754867553710938
10.0,2504.0,0.056480493396520615,-0.029145635664463043,1.6666653156280518
10.0,2507.0,0.055519506335258484,-0.026077674701809883,1.3876127004623413
10.0,2511.0,0.0547926090657711,-0.02454369328916073,1.3796837329864502
10.0,2514.0,0.05406981334090233,-0.023009711876511574,1.3026542663574219
10.0,2518.0,0.053108830004930496,-0.02147573232650757,1.2253235578536987
10.0,2521.0,0.05238603800535202,-0.019941750913858414,1.2102783918380737
10.0,2525.0,0.05144147947430611,-0.01840776950120926,1.1262418031692505
10.0,2529.0,0.05052156001329422,-0.016873789951205254,1.15071439743042
10.0,2532.0,0.04984394088387489,-0.015339808538556099,1.0538263320922852
10.0,2535.0,0.048960987478494644,-0.013805827125906944,0.9487464427947998
10.0,2539.0,0.048102669417858124,-0.013805827125906944,1.160161018371582
10.0,2544.0,0.04707187041640282,-0.010737866163253784,0.8696001172065735
10.0,2548.0,0.04628336802124977,-0.010737866163253784,1.0544812679290771
10.0,2552.0,0.04571663215756416,-0.00920388475060463,0.9540262222290039
10.0,2555.0,0.04498562589287758,-0.00920388475060463,1.0739376544952393
10.0,2559.0,0.044459957629442215,-0.0076699042692780495,0.9523121118545532
10.0,2562.0,0.04377412796020508,-0.0076699042692780495,1.059191346168518
10.0,2566.0,0.043277207762002945,-0.0076699042692780495,1.1898640394210815
10.0,2570.0,0.04262833669781685,-0.0076699042692780495,1.3107903003692627
10.0,2574.0,0.04198767989873886,-0.0076699042692780495,1.3978101015090942
10.0,2578.0,0.04134702309966087,-0.0076699042692780495,1.5104998350143433
10.0,2581.0,0.04068993777036667,-0.006135923322290182,1.3609585762023926
10.0,2585.0,0.040193017572164536,-0.006135923322290182,1.47871994972229
10.0,2589.0,0.03952772170305252,-0.006135923322290182,1.5952939987182617
10.0,2592.0,0.039018481969833374,-0.004601942375302315,1.4140921831130981
10.0,2596.0,0.038336753845214844,-0.004601942375302315,1.505084753036499
10.0,2600.0,0.037630390375852585,-0.004601942375302315,1.6300723552703857
10.0,2603.0,0.0370882973074913,-0.004601942375302315,1.7576125860214233
10.0,2607.0,0.03634907677769661,-0.003067961661145091,1.5881352424621582
10.0,2610.0,0.03557700291275978,-0.003067961661145091,1.728982925415039
10.0,2614.0,0.03498151898384094,-0.0015339808305725455,1.6079500913619995
10.0,2617.0,0.034172482788562775,-0.0015339808305725455,1.7221291065216064
10.0,2622.0,0.03334291651844978,0.0,1.6104882955551147
10.0,2625.0,0.03271457925438881,0.0015339808305725455,1.5008395910263062
10.0,2629.0,0.0318644754588604,0.0015339808305725455,1.6227532625198364
10.0,2641.0,0.029227925464510918,0.006135923322290182,1.3682905435562134
10.0,2645.0,0.028340863063931465,0.0076699042692780495,1.2281216382980347
10.0,2649.0,0.027453798800706863,0.00920388475060463,1.1297285556793213
10.0,2652.0,0.026591375470161438,0.00920388475060463,1.2921332120895386
10.0,2656.0,0.025946611538529396,0.010737866163253784,1.1839189529418945
10.0,2660.0,0.025100616738200188,0.012271846644580364,1.0326361656188965
10.0,2663.0,0.024476386606693268,0.013805827125906944,0.9134251475334167
10.0,2667.0,0.0236673504114151,0.013805827125906944,1.0206323862075806
10.0,2673.0,0.022505134344100952,0.015339808538556099,0.9782547950744629
10.0,2677.0,0.021770020946860313,0.016873789951205254,0.823471188545227
10.0,2681.0,0.021071868017315865,0.016873789951205254,0.902030348777771
10.0,2684.0,0.020570842549204826,0.016873789951205254,0.9940626621246338
10.0,2688.0,0.01992197148501873,0.01840776950120926,0.811326265335083
10.0,2692.0,0.019301848486065865,0.01840776950120926,0.8696455955505371
10.0,2695.0,0.018854210153222084,0.01840776950120926,0.9212720990180969
10.0,2699.0,0.018287474289536476,0.01840776950120926,0.9785327911376953
10.0,2704.0,0.017605749890208244,0.01840776950120926,1.049462080001831
10.0,2708.0,0.017084188759326935,0.01840776950120926,1.0785741806030273
10.0,2711.0,0.01669815182685852,0.01840776950120926,1.1143500804901123
10.0,2715.0,0.016197124496102333,0.01840776950120926,1.1369497776031494
10.0,2719.0,0.015704311430454254,0.01840776950120926,1.1647876501083374
10.0,2722.0,0.015330595895648003,0.01840776950120926,1.1934374570846558
10.0,2726.0,0.01483367569744587,0.01840776950120926,1.214894413948059
10.0,2729.0,0.014332649298012257,0.01840776950120926,1.5250954627990723
10.0,2734.0,0.01368377823382616,0.016873789951205254,1.5567156076431274
10.0,2739.0,0.01313757710158825,0.016873789951205254,1.5957623720169067
10.0,2743.0,0.012562627904117107,0.01840776950120926,1.361024022102356
10.0,2746.0,0.012119096703827381,0.01840776950120926,1.416428804397583
10.0,2750.0,0.011503079906105995,0.01840776950120926,1.4823800325393677
10.0,2754.0,0.010870636440813541,0.01840776950120926,1.5464435815811157
10.0,2757.0,0.010229979641735554,0.019941750913858414,1.3292657136917114
10.0,2761.0,0.009728952310979366,0.019941750913858414,1.4095618724822998
10.0,2765.0,0.009051335044205189,0.019941750913858414,1.4705510139465332
10.0,2769.0,0.008373716846108437,0.02147573232650757,1.2854725122451782
10.0,2772.0,0.007839836180210114,0.023009711876511574,1.110090970993042
10.0,2775.0,0.007141683716326952,0.023009711876511574,1.178894281387329
10.0,2779.0,0.006451745517551899,0.023009711876511574,1.2664246559143066
10.0,2783.0,0.005930184852331877,0.02454369328916073,1.0662862062454224
10.0,2786.0,0.00542505132034421,0.02454369328916073,1.1470805406570435
10.0,2790.0,0.004780287388712168,0.026077674701809883,0.9549582600593567
10.0,2794.0,0.004131416790187359,0.026077674701809883,1.0135351419448853
10.0,2797.0,0.00351540045812726,0.026077674701809883,1.0810421705245972
10.0,2801.0,0.003067761892452836,0.02761165425181389,0.8730528950691223
10.0,2805.0,0.0024928131606429815,0.02761165425181389,0.9120437502861023
10.0,2809.0,0.001954825362190604,0.029145635664463043,0.6856862902641296
10.0,2812.0,0.001564681762829423,0.029145635664463043,0.7259407043457031
10.0,2816.0,0.0010595482308417559,0.029145635664463043,0.7497657537460327
10.0,2819.0,0.0005995893152430654,0.029145635664463043,0.7685052156448364
10.0,2823.0,0.00026694044936448336,0.029145635664463043,0.7803714871406555
10.0,2826.0,-0.0001437371684005484,0.029145635664463043,0.7809337377548218
10.0,2839.0,-0.0012197125470265746,0.029145635664463043,0.7357761859893799
10.0,2842.0,-0.0015400410629808903,0.02761165425181389,0.9829069972038269
10.0,2846.0,-0.0017659137956798077,0.02761165425181389,0.9480001926422119
10.0,2850.0,-0.0020657083950936794,0.02761165425181389,0.9148461222648621
10.0,2853.0,-0.0023613963276147842,0.026077674701809883,1.1585252285003662
10.0,2859.0,-0.0027310061268508434,0.026077674701809883,1.1118029356002808
10.0,2863.0,-0.003034907625988126,0.026077674701809883,1.0719496011734009
10.0,2867.0,-0.0033511293586343527,0.026077674701809883,1.0467036962509155
10.0,2870.0,-0.0036878851242363453,0.02454369328916073,1.2987675666809082
10.0,2874.0,-0.003946612123399973,0.02454369328916073,1.2823991775512695
10.0,2878.0,-0.004303901456296444,0.02454369328916073,1.2665222883224487
10.0,2882.0,-0.004661190789192915,0.02454369328916073,1.2563362121582031
10.0,2885.0,-0.004948665387928486,0.02454369328916073,1.2520753145217896
10.0,2889.0,-0.005342915654182434,0.02454369328916073,1.2502762079238892
10.0,2893.0,-0.0057412730529904366,0.02454369328916073,1.250945806503296
10.0,2896.0,-0.0060533881187438965,0.02454369328916073,1.2571346759796143
10.0,2900.0,-0.0064640655182302,0.026077674701809883,0.9953455924987793
10.0,2904.0,-0.0068952771835029125,0.026077674701809883,1.010626196861267
10.0,2907.0,-0.007330595515668392,0.026077674701809883,1.0298491716384888
10.0,2911.0,-0.007646817248314619,0.026077674701809883,1.0448702573776245
10.0,2914.0,-0.00806981511414051,0.026077674701809883,1.0557523965835571
10.0,2919.0,-0.008583161979913712,0.026077674701809883,1.0693687200546265
10.0,2923.0,-0.008997946977615356,0.02761165425181389,0.8163110613822937
10.0,2927.0,-0.009404517710208893,0.02761165425181389,0.8318883180618286
10.0,2932.0,-0.009794660843908787,0.02761165425181389,0.8420195579528809
10.0,2935.0,-0.01007802877575159,0.02761165425181389,0.846876323223114
10.0,2939.0,-0.01042710430920124,0.02761165425181389,0.8436616659164429
10.0,2942.0,-0.010759753175079823,0.029145635664463043,0.5674494504928589
10.0,2946.0,-0.011006159707903862,0.02761165425181389,0.8306645750999451
10.0,2950.0,-0.011305955238640308,0.029145635664463043,0.5425593852996826
10.0,2953.0,-0.01157700177282095,0.02761165425181389,0.7955553531646729
10.0,2957.0,-0.011774127371609211,0.029145635664463043,0.49877098202705383
10.0,2961.0,-0.012008213438093662,0.02761165425181389,0.733767032623291
10.0,2965.0,-0.012217659503221512,0.02761165425181389,0.7021070122718811
10.0,2969.0,-0.01239835750311613,0.02761165425181389,0.6526678800582886
10.0,2972.0,-0.012529774568974972,0.02761165425181389,0.6041033864021301
10.0,2976.0,-0.012702258303761482,0.026077674701809883,0.8204017281532288
10.0,2980.0,-0.0128583163022995,0.026077674701809883,0.7768434882164001
10.0,2983.0,-0.013006160035729408,0.026077674701809883,0.7191659212112427
10.0,2987.0,-0.013112936168909073,0.026077674701809883,0.6762014627456665
10.0,2990.0,-0.013215606100857258,0.02454369328916073,0.8826992511749268
10.0,2994.0,-0.013351129367947578,0.02454369328916073,0.8371691703796387
10.0,2997.0,-0.013486652635037899,0.023009711876511574,1.0452075004577637
10.0,3001.0,-0.013589322566986084,0.023009711876511574,0.9859020709991455
10.0,3004.0,-0.013733059167861938,0.023009711876511574,0.9437961578369141
10.0,3008.0,-0.013843942433595657,0.023009711876511574,0.8884101510047913
10.0,3012.0,-0.013991786167025566,0.02147573232650757,1.1177215576171875
10.0,3015.0,-0.014110882766544819,0.023009711876511574,1.0687947273254395
10.0,3019.0,-0.014287474565207958,0.02147573232650757,1.0362294912338257
10.0,3022.0,-0.014431211166083813,0.02147573232650757,0.9985320568084717
10.0,3035.0,-0.015108829364180565,0.02147573232650757,0.9110178351402283
10.0,3039.0,-0.015322381630539894,0.019941750913858414,1.1454999446868896
10.0,3043.0,-0.015531827695667744,0.02147573232650757,0.8465926051139832
10.0,3048.0,-0.015798768028616905,0.02147573232650757,0.8217527270317078
10.0,3053.0,-0.01605338789522648,0.019941750913858414,1.0656574964523315
10.0,3056.0,-0.016209445893764496,0.02147573232650757,0.7722133994102478
10.0,3060.0,-0.016406571492552757,0.019941750913858414,1.0157233476638794
10.0,3063.0,-0.01659548282623291,0.02147573232650757,0.7263463139533997
10.0,3067.0,-0.016731007024645805,0.019941750913858414,0.9747955203056335
10.0,3070.0,-0.016899384558200836,0.02147573232650757,0.6737699508666992
10.0,3074.0,-0.017026694491505623,0.019941750913858414,0.9214105010032654
10.0,3077.0,-0.017141683027148247,0.02147573232650757,0.6160519123077393
10.0,3081.0,-0.017277207225561142,0.019941750913858414,0.8453799486160278
10.0,3084.0,-0.017408624291419983,0.019941750913858414,0.812558650970459
10.0,3089.0,-0.01752771995961666,0.019941750913858414,0.7682253122329712
10.0,3092.0,-0.017618069425225258,0.019941750913858414,0.7258042693138123
10.0,3096.0,-0.017728952690958977,0.019941750913858414,0.682570219039917
10.0,3100.0,-0.017839835956692696,0.019941750913858414,0.6510191559791565
10.0,3103.0,-0.01791786402463913,0.019941750913858414,0.6083040833473206
10.0,3106.0,-0.018016427755355835,0.019941750913858414,0.5764696002006531
10.0,3110.0,-0.018110882490873337,0.01840776950120926,0.7996511459350586
10.0,3114.0,-0.018176591023802757,0.01840776950120926,0.7537170648574829
10.0,3118.0,-0.018266940489411354,0.01840776950120926,0.7199144959449768
10.0,3121.0,-0.01832854188978672,0.01840776950120926,0.6729533672332764
10.0,3124.0,-0.018390143290162086,0.01840776950120926,0.6390307545661926
10.0,3128.0,-0.01846817322075367,0.01840776950120926,0.5941263437271118
10.0,3131.0,-0.018537987023591995,0.016873789951205254,0.825584352016449
10.0,3135.0,-0.018583161756396294,0.01840776950120926,0.77577143907547
10.0,3139.0,-0.01864476315677166,0.016873789951205254,0.7371389269828796
10.0,3142.0,-0.018685830757021904,0.016873789951205254,0.6852286458015442
10.0,3145.0,-0.018743326887488365,0.016873789951205254,0.6493922472000122
10.0,3149.0,-0.018788501620292664,0.016873789951205254,0.6037834882736206
10.0,3153.0,-0.018845995888113976,0.015339808538556099,0.834543764591217
10.0,3156.0,-0.018891170620918274,0.015339808538556099,0.7863482236862183
10.0,3160.0,-0.018965091556310654,0.015339808538556099,0.7552042007446289
10.0,3163.0,-0.01903490722179413,0.015339808538556099,0.7129920721054077
10.0,3167.0,-0.019096508622169495,0.015339808538556099,0.6855157613754272
10.0,3170.0,-0.01915811002254486,0.015339808538556099,0.640333354473114
10.0,3182.0,-0.0193798765540123,0.013805827125906944,0.7943653464317322
10.0,3187.0,-0.019441477954387665,0.013805827125906944,0.7531027793884277
10.0,3190.0,-0.019507186487317085,0.013805827125906944,0.7148946523666382
10.0,3194.0,-0.01954825408756733,0.013805827125906944,0.6742780208587646
10.0,3198.0,-0.019601643085479736,0.013805827125906944,0.6452673673629761
10.0,3201.0,-0.01964271068572998,0.012271846644580364,0.8744492530822754
10.0,3205.0,-0.01968788541853428,0.013805827125906944,0.5719072222709656
10.0,3209.0,-0.01974537968635559,0.012271846644580364,0.8039857745170593
10.0,3212.0,-0.019806981086730957,0.012271846644580364,0.7674588561058044
10.0,3216.0,-0.019860370084643364,0.012271846644580364,0.7365106344223022
10.0,3220.0,-0.019938398152589798,0.012271846644580364,0.7148297429084778
10.0,3224.0,-0.020020533353090286,0.012271846644580364,0.6888049244880676
10.0,3236.0,-0.020254619419574738,0.012271846644580364,0.6012548208236694
10.0,3242.0,-0.020353183150291443,0.012271846644580364,0.5735374093055725
10.0,3246.0,-0.0204065702855587,0.012271846644580364,0.5443367958068848
10.0,3250.0,-0.020455852150917053,0.012271846644580364,0.5150333642959595
10.0,3254.0,-0.02048870548605919,0.012271846644580364,0.4816443920135498
10.0,3257.0,-0.02050924114882946,0.012271846644580364,0.44694942235946655
10.0,3261.0,-0.020521560683846474,0.012271846644580364,0.40831589698791504
10.0,3264.0,-0.020525667816400528,0.012271846644580364,0.379700243473053
10.0,3268.0,-0.020525667816400528,0.012271846644580364,0.34112417697906494
10.0,3272.0,-0.020525667816400528,0.010737866163253784,0.5710050463676453
10.0,3276.0,-0.020525667816400528,0.010737866163253784,0.5396974682807922
10.0,3280.0,-0.020525667816400528,0.010737866163253784,0.4994170069694519
10.0,3283.0,-0.020525667816400528,0.010737866163253784,0.46074798703193665
10.0,3286.0,-0.020525667816400528,0.010737866163253784,0.43276551365852356
10.0,3290.0,-0.020525667816400528,0.010737866163253784,0.3967653810977936
10.0,3294.0,-0.020525667816400528,0.00920388475060463,0.6291208267211914
10.0,3298.0,-0.020525667816400528,0.00920388475060463,0.5996048450469971
10.0,3301.0,-0.020525667816400528,0.00920388475060463,0.5629859566688538
10.0,3304.0,-0.020529774948954582,0.00920388475060463,0.5354700684547424
10.0,3308.0,-0.020533880218863487,0.00920388475060463,0.5013887882232666
10.0,3312.0,-0.020533880218863487,0.00920388475060463,0.4757381081581116
10.0,3316.0,-0.020533880218863487,0.00920388475060463,0.44273966550827026
10.0,3320.0,-0.020533880218863487,0.00920388475060463,0.4110657274723053
10.0,3324.0,-0.020533880218863487,0.0076699042692780495,0.6445547342300415
10.0,3327.0,-0.02053798735141754,0.0076699042692780495,0.6108657121658325
10.0,3331.0,-0.02053798735141754,0.0076699042692780495,0.5785335302352905
10.0,3334.0,-0.020542094483971596,0.0076699042692780495,0.554121196269989
10.0,3338.0,-0.02054620161652565,0.0076699042692780495,0.5240479111671448
10.0,3341.0,-0.02054620161652565,0.0076699042692780495,0.5012897253036499
10.0,3344.0,-0.02054620161652565,0.0076699042692780495,0.47922125458717346
10.0,3349.0,-0.02054620161652565,0.0076699042692780495,0.45083409547805786
10.0,3352.0,-0.02054620161652565,0.0076699042692780495,0.423589825630188
10.0,3355.0,-0.02054620161652565,0.0076699042692780495,0.40387946367263794
10.0,3360.0,-0.02054620161652565,0.0076699042692780495,0.37235143780708313
10.0,3365.0,-0.02054620161652565,0.0076699042692780495,0.34827253222465515
10.0,3369.0,-0.02054620161652565,0.0076699042692780495,0.31953778862953186
10.0,3372.0,-0.02054620161652565,0.0076699042692780495,0.3029956817626953
10.0,3376.0,-0.02054620161652565,0.0076699042692780495,0.2817225456237793
10.0,3380.0,-0.02054620161652565,0.0076699042692780495,0.2663356065750122
10.0,3383.0,-0.02054620161652565,0.0076699042692780495,0.24654965102672577
10.0,3387.0,-0.02054620161652565,0.006135923322290182,0.4944802522659302
10.0,3391.0,-0.02054620161652565,0.006135923322290182,0.4702863097190857
10.0,3394.0,-0.02054620161652565,0.006135923322290182,0.45278459787368774
10.0,3398.0,-0.02054620161652565,0.006135923322290182,0.43027612566947937
10.0,3402.0,-0.02054620161652565,0.006135923322290182,0.41399481892585754
10.0,3405.0,-0.02054620161652565,0.006135923322290182,0.3930574059486389
10.0,3410.0,-0.02054620161652565,0.006135923322290182,0.37296929955482483
10.0,3413.0,-0.02054620161652565,0.006135923322290182,0.3536970615386963
10.0,3416.0,-0.02054620161652565,0.006135923322290182,0.33975887298583984
10.0,3421.0,-0.02054620161652565,0.006135923322290182,0.31747275590896606
10.0,3434.0,-0.02054620161652565,0.006135923322290182,0.2684915065765381
10.0,3438.0,-0.02054620161652565,0.006135923322290182,0.2498265504837036
10.0,3441.0,-0.02054620161652565,0.006135923322290182,0.23908784985542297
10.0,3445.0,-0.02054620161652565,0.006135923322290182,0.2252853512763977
10.0,3449.0,-0.02054620161652565,0.006135923322290182,0.2153075933456421
10.0,3452.0,-0.02054620161652565,0.006135923322290182,0.2024846374988556
10.0,3456.0,-0.02054620161652565,0.006135923322290182,0.19019123911857605
10.0,3460.0,-0.02054620161652565,0.006135923322290182,0.18130610883235931
10.0,3463.0,-0.02054620161652565,0.006135923322290182,0.16988977789878845
10.0,3466.0,-0.02054620161652565,0.006135923322290182,0.16163967549800873
10.0,3471.0,-0.02054620161652565,0.006135923322290182,0.15104077756404877
10.0,3474.0,-0.02054620161652565,0.006135923322290182,0.14088380336761475
10.0,3478.0,-0.02054620161652565,0.006135923322290182,0.13354559242725372
10.0,3481.0,-0.020542094483971596,0.006135923322290182,0.12280160188674927
10.0,3484.0,-0.020542094483971596,0.006135923322290182,0.11602868139743805
10.0,3489.0,-0.020542094483971596,0.006135923322290182,0.10733131319284439
10.0,3492.0,-0.020542094483971596,0.006135923322290182,0.0990009531378746
10.0,3495.0,-0.020542094483971596,0.006135923322290182,0.09298530966043472
10.0,3499.0,-0.020542094483971596,0.006135923322290182,0.0852627232670784
10.0,3502.0,-0.020542094483971596,0.006135923322290182,0.07968711853027344
10.0,3506.0,-0.020542094483971596,0.006135923322290182,0.07429084926843643
10.0,3510.0,-0.020542094483971596,0.006135923322290182,0.0673656314611435
10.0,3513.0,-0.020542094483971596,0.006135923322290182,0.06073755770921707
10.0,3517.0,-0.020542094483971596,0.006135923322290182,0.0559544563293457
10.0,3520.0,-0.02053798735141754,0.0076699042692780495,-0.21539095044136047
10.0,3524.0,-0.02053798735141754,0.0076699042692780495,-0.21534888446331024
10.0,3528.0,-0.020529774948954582,0.0076699042692780495,-0.21930089592933655
10.0,3532.0,-0.020513346418738365,0.0076699042692780495,-0.22315937280654907
10.0,3535.0,-0.02050102688372135,0.0076699042692780495,-0.22690021991729736
10.0,3539.0,-0.020484600216150284,0.0076699042692780495,-0.23171213269233704
10.0,3542.0,-0.02047227881848812,0.0076699042692780495,-0.23633073270320892
10.0,3547.0,-0.020455852150917053,0.0076699042692780495,-0.24051137268543243
10.0,3552.0,-0.02044353261590004,0.0076699042692780495,-0.242106094956398
10.0,3555.0,-0.020439425483345985,0.0076699042692780495,-0.24226897954940796
10.0,3559.0,-0.02043531835079193,0.0076699042692780495,-0.24239420890808105
10.0,3563.0,-0.020431211218237877,0.0076699042692780495,-0.24250738322734833
10.0,3566.0,-0.020431211218237877,0.0076699042692780495,-0.2415740042924881
10.0,3571.0,-0.020427104085683823,0.0076699042692780495,-0.241682231426239
10.0,3574.0,-0.020427104085683823,0.0076699042692780495,-0.2404361069202423
10.0,3578.0,-0.020427104085683823,0.0076699042692780495,-0.2392149418592453
10.0,3582.0,-0.020422998815774918,0.0076699042692780495,-0.23965731263160706
10.0,3585.0,-0.020422998815774918,0.0076699042692780495,-0.2384294867515564
10.0,3589.0,-0.020422998815774918,0.0076699042692780495,-0.2375245988368988
10.0,3593.0,-0.020422998815774918,0.0076699042692780495,-0.2363385707139969
10.0,3596.0,-0.020422998815774918,0.0076699042692780495,-0.23517516255378723
10.0,3600.0,-0.020422998815774918,0.0076699042692780495,-0.23403342068195343
10.0,3604.0,-0.020422998815774918,0.00920388475060463,-0.49815842509269714
10.0,3608.0,-0.020418891683220863,0.00920388475060463,-0.49114418029785156
10.0,3611.0,-0.020410677418112755,0.00920388475060463,-0.48872360587120056
10.0,3615.0,-0.020394250750541687,0.00920388475060463,-0.488739550113678
10.0,3627.0,-0.020291581749916077,0.00920388475060463,-0.503110945224762
10.0,3631.0,-0.020246407017111778,0.00920388475060463,-0.5119708180427551
10.0,3634.0,-0.020197125151753426,0.00920388475060463,-0.5184090733528137
10.0,3640.0,-0.020131416618824005,0.00920388475060463,-0.5301176905632019
10.0,3644.0,-0.020082134753465652,0.00920388475060463,-0.5380259156227112
10.0,3648.0,-0.02002464048564434,0.00920388475060463,-0.5483320951461792
10.0,3652.0,-0.019971253350377083,0.00920388475060463,-0.5600570440292358
10.0,3656.0,-0.01991375721991062,0.00920388475060463,-0.5665712952613831
10.0,3660.0,-0.019852155819535255,0.00920388475060463,-0.5772168040275574
10.0,3664.0,-0.019794661551713943,0.00920388475060463,-0.5861750841140747
10.0,3668.0,-0.019737165421247482,0.00920388475060463,-0.5990414619445801
10.0,3673.0,-0.019663244485855103,0.00920388475060463,-0.6112593412399292
10.0,3678.0,-0.019544146955013275,0.00920388475060463,-0.6256212592124939
10.0,3684.0,-0.01946611888706684,0.00920388475060463,-0.639619767665863
10.0,3688.0,-0.019375769421458244,0.00920388475060463,-0.662103533744812
10.0,3692.0,-0.019277207553386688,0.00920388475060463,-0.676724374294281
10.0,3695.0,-0.019170431420207024,0.00920388475060463,-0.6982923746109009
10.0,3700.0,-0.019059548154473305,0.00920388475060463,-0.7204481363296509
10.0,3705.0,-0.018882956355810165,0.0076699042692780495,-0.4871627688407898
10.0,3710.0,-0.018759753555059433,0.0076699042692780495,-0.5174257159233093
10.0,3713.0,-0.018669404089450836,0.0076699042692780495,-0.5452799201011658
10.0,3716.0,-0.018554415553808212,0.0076699042692780495,-0.5645259618759155
10.0,3720.0,-0.01846817322075367,0.0076699042692780495,-0.5880488753318787
10.0,3724.0,-0.018361397087574005,0.0076699042692780495,-0.6048327088356018
10.0,3727.0,-0.018258726224303246,0.0076699042692780495,-0.6243017911911011
10.0,3731.0,-0.01818069815635681,0.0076699042692780495,-0.6430939435958862
10.0,3735.0,-0.018061602488160133,0.0076699042692780495,-0.6585742831230164
10.0,3740.0,-0.017942504957318306,0.0076699042692780495,-0.677544355392456
10.0,3744.0,-0.017876796424388885,0.0076699042692780495,-0.6892167329788208
10.0,3747.0,-0.01778644695878029,0.0076699042692780495,-0.6994065642356873
10.0,3751.0,-0.017716633155941963,0.0076699042692780495,-0.7130553722381592
10.0,3754.0,-0.017618069425225258,0.0076699042692780495,-0.7240270972251892
10.0,3758.0,-0.017515400424599648,0.0076699042692780495,-0.7395473122596741
10.0,3762.0,-0.017429158091545105,0.006135923322290182,-0.4901180565357208
10.0,3765.0,-0.017314167693257332,0.006135923322290182,-0.5085218548774719
10.0,3770.0,-0.017199179157614708,0.006135923322290182,-0.5322920680046082
10.0,3773.0,-0.017121149227023125,0.006135923322290182,-0.5512403249740601
10.0,3776.0,-0.017047228291630745,0.006135923322290182,-0.5626799464225769
10.0,3780.0,-0.01694045215845108,0.006135923322290182,-0.5752569437026978
10.0,3784.0,-0.016878850758075714,0.006135923322290182,-0.5861038565635681
10.0,3788.0,-0.01679260842502117,0.0076699042692780495,-0.8633158802986145
10.0,3791.0,-0.01673511229455471,0.0076699042692780495,-0.8664822578430176
10.0,3794.0,-0.016636550426483154,0.0076699042692780495,-0.8736401796340942
10.0,3799.0,-0.01652156002819538,0.0076699042692780495,-0.8882576823234558
10.0,3802.0,-0.016422998160123825,0.0076699042692780495,-0.9077666401863098
10.0,3806.0,-0.01627926155924797,0.0076699042692780495,-0.9260128140449524
10.0,3809.0,-0.016160164028406143,0.006135923322290182,-0.6882767677307129
10.0,3813.0,-0.015991786494851112,0.006135923322290182,-0.7236054539680481
10.0,3816.0,-0.01586036942899227,0.006135923322290182,-0.7509693503379822
10.0,3820.0,-0.015687884762883186,0.006135923322290182,-0.7854768633842468
10.0,3833.0,-0.01511293649673462,0.004601942375302315,-0.6331326961517334
10.0,3836.0,-0.014977412298321724,0.004601942375302315,-0.6618592143058777
10.0,3840.0,-0.014804928563535213,0.004601942375302315,-0.6871603727340698
10.0,3843.0,-0.014673511497676373,0.004601942375302315,-0.7207744121551514
10.0,3846.0,-0.014509240165352821,0.004601942375302315,-0.7432337403297424
10.0,3850.0,-0.014353183098137379,0.004601942375302315,-0.7696062326431274
10.0,3854.0,-0.014238192699849606,0.004601942375302315,-0.7881617546081543
10.0,3858.0,-0.014094456098973751,0.003067961661145091,-0.5507991313934326
10.0,3863.0,-0.013934291899204254,0.003067961661145091,-0.5753830671310425
10.0,3866.0,-0.013848049566149712,0.003067961661145091,-0.5872569680213928
10.0,3870.0,-0.013741273432970047,0.003067961661145091,-0.5986328721046448
10.0,3874.0,-0.013638603501021862,0.003067961661145091,-0.607269287109375
10.0,3877.0,-0.013564681634306908,0.003067961661145091,-0.6167165637016296
10.0,3881.0,-0.013470225967466831,0.004601942375302315,-0.8929986357688904
10.0,3884.0,-0.013379876501858234,0.004601942375302315,-0.8925065398216248
10.0,3889.0,-0.013285420835018158,0.004601942375302315,-0.8941864967346191
10.0,3892.0,-0.013211498968303204,0.004601942375302315,-0.8985850811004639
10.0,3895.0,-0.013100615702569485,0.004601942375302315,-0.9035189747810364
10.0,3899.0,-0.013002053834497929,0.004601942375302315,-0.9137318730354309
10.0,3902.0,-0.012899383902549744,0.004601942375302315,-0.9296913743019104
10.0,3906.0,-0.01274743303656578,0.004601942375302315,-0.9447088837623596
10.0,3910.0,-0.01257905550301075,0.004601942375302315,-0.9690942764282227
10.0,3913.0,-0.012447638437151909,0.004601942375302315,-0.9953820705413818
10.0,3916.0,-0.01226694043725729,0.003067961661145091,-0.7501463294029236
10.0,3922.0,-0.012012320570647717,0.003067961661145091,-0.7993859648704529
10.0,3926.0,-0.011753593571484089,0.003067961661145091,-0.8479050993919373
10.0,3931.0,-0.01154004130512476,0.003067961661145091,-0.8970521688461304
10.0,3934.0,-0.01132648903876543,0.003067961661145091,-0.9255606532096863
10.0,3938.0,-0.01116221770644188,0.0015339808305725455,-0.6893223524093628
10.0,3941.0,-0.010989733040332794,0.0015339808305725455,-0.7379034161567688
10.0,3944.0,-0.010755646973848343,0.0015339808305725455,-0.7722359895706177
10.0,3949.0,-0.010529774241149426,0.0015339808305725455,-0.8153460621833801
10.0,3952.0,-0.010316221974790096,0.0,-0.5860524773597717
10.0,3956.0,-0.010151950642466545,0.0,-0.6193374395370483
10.0,3959.0,-0.009934291243553162,0.0,-0.6619386076927185
10.0,3963.0,-0.009774127043783665,0.0,-0.7004149556159973
10.0,3966.0,-0.009622176177799702,0.0,-0.7267653346061707
10.0,3970.0,-0.009425051510334015,0.0,-0.759124755859375
10.0,3973.0,-0.009240246377885342,-0.0015339808305725455,-0.513281524181366
10.0,3977.0,-0.009104723110795021,-0.0015339808305725455,-0.5459108352661133
10.0,3980.0,-0.008932238444685936,-0.0015339808305725455,-0.5646142363548279
10.0,3984.0,-0.008817248046398163,-0.0015339808305725455,-0.5848433971405029
10.0,3987.0,-0.008681724779307842,-0.0015339808305725455,-0.594582200050354
10.0,3991.0,-0.008591375313699245,-0.0015339808305725455,-0.6018650531768799
10.0,3994.0,-0.008488706313073635,-0.0015339808305725455,-0.604552686214447
10.0,3998.0,-0.00841478444635868,-0.0015339808305725455,-0.6049923300743103
10.0,4001.0,-0.00834907591342926,-0.0015339808305725455,-0.6037145853042603
10.0,4004.0,-0.008266940712928772,-0.0015339808305725455,-0.601186215877533
10.0,4009.0,-0.008184804581105709,-0.0015339808305725455,-0.5980103611946106
10.0,4012.0,-0.00810266938060522,0.0,-0.8619619011878967
10.0,4025.0,-0.007819301448762417,0.0,-0.8489391803741455
10.0,4029.0,-0.007700205314904451,0.0,-0.8550980687141418
10.0,4033.0,-0.007572895381599665,0.0,-0.8598183393478394
10.0,4036.0,-0.007441478315740824,0.0,-0.8678033947944641
10.0,4040.0,-0.007334702182561159,0.0,-0.8796529769897461
10.0,4044.0,-0.007178644649684429,0.0,-0.892033576965332
10.0,4049.0,-0.006969199050217867,0.0,-0.9156267046928406
10.0,4053.0,-0.0067392196506261826,0.0,-0.9450331926345825
10.0,4057.0,-0.006603695917874575,0.0,-0.9680246114730835
10.0,4061.0,-0.0064065707847476006,-0.0015339808305725455,-0.720909595489502
10.0,4064.0,-0.006242299918085337,-0.0015339808305725455,-0.7592719197273254
10.0,4068.0,-0.006020533852279186,-0.0015339808305725455,-0.7990409135818481
10.0,4072.0,-0.005798767786473036,-0.0015339808305725455,-0.8263372778892517
10.0,4075.0,-0.005634496919810772,-0.0015339808305725455,-0.8612380027770996
10.0,4079.0,-0.005416837986558676,-0.0015339808305725455,-0.896388053894043
10.0,4082.0,-0.005240246187895536,-0.003067961661145091,-0.6599656343460083
10.0,4086.0,-0.005006160121411085,-0.003067961661145091,-0.6926878094673157
10.0,4090.0,-0.004784394055604935,-0.003067961661145091,-0.7306150794029236
10.0,4095.0,-0.004525667522102594,-0.003067961661145091,-0.777256429195404
10.0,4099.0,-0.004324435256421566,-0.004601942375302315,-0.5306217670440674
10.0,4102.0,-0.004172484390437603,-0.004601942375302315,-0.5645190477371216
10.0,4106.0,-0.003979465924203396,-0.004601942375302315,-0.586862325668335
10.0,4110.0,-0.0038069814909249544,-0.004601942375302315,-0.6095764636993408
10.0,4113.0,-0.003642710391432047,-0.004601942375302315,-0.6289505362510681
10.0,4117.0,-0.0035318275913596153,-0.004601942375302315,-0.6410530209541321
10.0,4121.0,-0.003404517425224185,-0.004601942375302315,-0.6455646753311157
10.0,4124.0,-0.003310061525553465,-0.004601942375302315,-0.6506152153015137
10.0,4128.0,-0.0031991787254810333,-0.004601942375302315,-0.6502643823623657
10.0,4131.0,-0.0031006159260869026,-0.004601942375302315,-0.6480878591537476
10.0,4135.0,-0.003034907625988126,-0.004601942375302315,-0.6427136659622192
10.0,4139.0,-0.00295277195982635,-0.004601942375302315,-0.6355467438697815
10.0,4142.0,-0.0029034907929599285,-0.004601942375302315,-0.622817873954773
10.0,4145.0,-0.002854209393262863,-0.004601942375302315,-0.613651692867279
10.0,4149.0,-0.0027926077600568533,-0.004601942375302315,-0.5992328524589539
10.0,4152.0,-0.002735113026574254,-0.004601942375302315,-0.5895172357559204
10.0,4156.0,-0.0026899382937699556,-0.003067961661145091,-0.8414259552955627
10.0,4160.0,-0.0026283366605639458,-0.003067961661145091,-0.8280274271965027
10.0,4164.0,-0.002550307894125581,-0.003067961661145091,-0.8166524171829224
10.0,4167.0,-0.0024599588941782713,-0.003067961661145091,-0.8098096251487732
10.0,4171.0,-0.0023531827609986067,-0.003067961661145091,-0.8091036677360535
10.0,4176.0,-0.0022381930612027645,-0.003067961661145091,-0.8126493692398071
10.0,4182.0,-0.002057494828477502,-0.003067961661145091,-0.8157845139503479
10.0,4185.0,-0.0019671458285301924,-0.003067961661145091,-0.8202686905860901
10.0,4189.0,-0.001835728995501995,-0.003067961661145091,-0.8273849487304688
10.0,4192.0,-0.0017289527459070086,-0.003067961661145091,-0.8366699814796448
10.0,4195.0,-0.0015770019963383675,-0.003067961661145091,-0.8471346497535706
10.0,4199.0,-0.0014579055132344365,-0.003067961661145091,-0.8616415858268738
10.0,4203.0,-0.0012977413134649396,-0.003067961661145091,-0.878438413143158
10.0,4207.0,-0.001133470213972032,-0.003067961661145091,-0.8947829604148865
10.0,4220.0,-0.0005626283236779273,-0.004601942375302315,-0.7054959535598755
10.0,4224.0,-0.000381930178264156,-0.004601942375302315,-0.7241958379745483
10.0,4227.0,-0.00020944558491464704,-0.004601942375302315,-0.7457777857780457
10.0,4232.0,-3.696098428918049e-05,-0.004601942375302315,-0.7667422890663147
10.0,4237.0,0.0001683778245933354,-0.006135923322290182,-0.5233614444732666
10.0,4241.0,0.0003737166407518089,-0.006135923322290182,-0.551937997341156
10.0,4245.0,0.00048049280303530395,-0.006135923322290182,-0.5660065412521362
10.0,4249.0,0.0006119096651673317,-0.006135923322290182,-0.5756735801696777
10.0,4252.0,0.0007145790732465684,-0.006135923322290182,-0.5757381319999695
10.0,4256.0,0.0007843942730687559,-0.006135923322290182,-0.5745837688446045
10.0,4260.0,0.0008665297646075487,-0.006135923322290182,-0.5694515109062195
10.0,4263.0,0.0009363449644297361,-0.006135923322290182,-0.5606967806816101
10.0,4266.0,0.0009815194644033909,-0.006135923322290182,-0.5520777702331543
10.0,4271.0,0.0010390144307166338,-0.006135923322290182,-0.5401443243026733
10.0,4274.0,0.0010800821473821998,-0.006135923322290182,-0.5274209976196289
10.0,4278.0,0.0011293634306639433,-0.006135923322290182,-0.5139339566230774
10.0,4282.0,0.001174537930637598,-0.004601942375302315,-0.7697664499282837
10.0,4285.0,0.0012032854137942195,-0.004601942375302315,-0.748691737651825
10.0,4289.0,0.001252566697075963,-0.004601942375302315,-0.7354806065559387
10.0,4292.0,0.0012936345301568508,-0.004601942375302315,-0.7198707461357117
10.0,4295.0,0.001351129380054772,-0.004601942375302315,-0.7102861404418945
10.0,4299.0,0.0014168377965688705,-0.004601942375302315,-0.6997959613800049
10.0,4303.0,0.0014784394297748804,-0.004601942375302315,-0.688469648361206
10.0,4307.0,0.001527720713056624,-0.004601942375302315,-0.6789968609809875
10.0,4311.0,0.0015934291295707226,-0.004601942375302315,-0.6686233282089233
10.0,4315.0,0.0016509239794686437,-0.004601942375302315,-0.6608408689498901
10.0,4319.0,0.0017084189457818866,-0.004601942375302315,-0.6499848961830139
10.0,4322.0,0.0017494866624474525,-0.003067961661145091,-0.9021879434585571
10.0,4326.0,0.001798767945729196,-0.003067961661145091,-0.8883460760116577
10.0,4329.0,0.0018644763622432947,-0.003067961661145091,-0.8759297132492065
10.0,4333.0,0.001917864428833127,-0.003067961661145091,-0.8667584657669067
10.0,4336.0,0.0020041067618876696,-0.003067961661145091,-0.8635356426239014
10.0,4340.0,0.0020780288614332676,-0.003067961661145091,-0.8630474805831909
10.0,4344.0,0.0021806980948895216,-0.003067961661145091,-0.8641294240951538
10.0,4347.0,0.0022587268613278866,-0.003067961661145091,-0.8665222525596619
10.0,4351.0,0.002402464160695672,-0.003067961661145091,-0.8716146349906921
10.0,4355.0,0.002488706260919571,-0.003067961661145091,-0.8766483664512634
10.0,4360.0,0.0026694044936448336,-0.003067961661145091,-0.8855118155479431
10.0,4365.0,0.0027926077600568533,-0.003067961661145091,-0.8941866755485535
10.0,4369.0,0.002915811026468873,-0.004601942375302315,-0.6389760971069336
10.0,4372.0,0.0030431211926043034,-0.004601942375302315,-0.6494328379631042
10.0,4376.0,0.003133470192551613,-0.004601942375302315,-0.6621555089950562
10.0,4380.0,0.0032525667920708656,-0.004601942375302315,-0.669453501701355
10.0,4384.0,0.003363449592143297,-0.004601942375302315,-0.6776183247566223
10.0,4387.0,0.0034702259581536055,-0.004601942375302315,-0.6842690706253052
10.0,4391.0,0.0035482547245919704,-0.004601942375302315,-0.6894482374191284
10.0,4394.0,0.0036468172911554575,-0.004601942375302315,-0.692289412021637
10.0,4398.0,0.003737166291102767,-0.004601942375302315,-0.693393349647522
10.0,4402.0,0.0038069814909249544,-0.004601942375302315,-0.6945434808731079
10.0,4405.0,0.003893223823979497,-0.004601942375302315,-0.694788932800293
10.0,4418.0,0.004156057722866535,-0.004601942375302315,-0.6893657445907593
10.0,4423.0,0.004217659123241901,-0.004601942375302315,-0.6803626418113708
10.0,4428.0,0.004283367656171322,-0.004601942375302315,-0.6666143536567688
10.0,4432.0,0.004324435256421566,-0.004601942375302315,-0.6560415029525757
10.0,4435.0,0.004353182855993509,-0.004601942375302315,-0.6420287489891052
10.0,4439.0,0.004381929989904165,-0.004601942375302315,-0.6246255040168762
10.0,4442.0,0.004402464255690575,-0.004601942375302315,-0.61136394739151
10.0,4446.0,0.0044147842563688755,-0.004601942375302315,-0.5911985635757446
10.0,4450.0,0.004422998055815697,-0.004601942375302315,-0.5718602538108826
10.0,4454.0,0.004427104722708464,-0.004601942375302315,-0.5548543334007263
10.0,4457.0,0.004427104722708464,-0.003067961661145091,-0.7998801469802856
10.0,4461.0,0.004427104722708464,-0.003067961661145091,-0.7728768587112427
10.0,4465.0,0.004431211389601231,-0.003067961661145091,-0.7546592354774475
10.0,4469.0,0.004443531855940819,-0.003067961661145091,-0.7334568500518799
10.0,4472.0,0.004451745189726353,-0.003067961661145091,-0.7117668986320496
10.0,4475.0,0.004459958989173174,-0.003067961661145091,-0.6967407464981079
10.0,4479.0,0.004464065656065941,-0.0015339808305725455,-0.9419329762458801
10.0,4482.0,0.004468172322958708,-0.0015339808305725455,-0.9208359122276306
10.0,4486.0,0.004480492789298296,-0.0015339808305725455,-0.899030327796936
10.0,4490.0,0.004501026589423418,-0.0015339808305725455,-0.8846136927604675
10.0,4493.0,0.00452156038954854,-0.0015339808305725455,-0.8683134913444519
10.0,4496.0,0.0045626284554600716,-0.0015339808305725455,-0.8602295517921448
10.0,4500.0,0.004595482721924782,-0.0015339808305725455,-0.8503218293190002
10.0,4504.0,0.004648870788514614,-0.0015339808305725455,-0.845512330532074
10.0,4507.0,0.0047227926552295685,-0.0015339808305725455,-0.845639169216156
10.0,4511.0,0.004784394055604935,-0.0015339808305725455,-0.8485300540924072
10.0,4514.0,0.0048747435212135315,-0.0015339808305725455,-0.853390634059906
10.0,4518.0,0.00495687872171402,-0.0015339808305725455,-0.8655348420143127
10.0,4521.0,0.005043121054768562,-0.0015339808305725455,-0.8754228949546814
10.0,4524.0,0.005166324321180582,-0.0015339808305725455,-0.8877853155136108
10.0,4529.0,0.00530184805393219,-0.003067961661145091,-0.6400636434555054
10.0,4532.0,0.005404517520219088,-0.003067961661145091,-0.6646406650543213
10.0,4535.0,0.005507186986505985,-0.003067961661145091,-0.6828671097755432
10.0,4539.0,0.005638603586703539,-0.003067961661145091,-0.6993187665939331
10.0,4542.0,0.005733059719204903,-0.003067961661145091,-0.717968225479126
10.0,4546.0,0.005889117252081633,-0.004601942375302315,-0.47347959876060486
10.0,4552.0,0.006045174319297075,-0.004601942375302315,-0.5031659603118896
10.0,4556.0,0.006156057585030794,-0.004601942375302315,-0.5214976668357849
10.0,4559.0,0.0062546199187636375,-0.004601942375302315,-0.5352314710617065
10.0,4564.0,0.006336755584925413,-0.004601942375302315,-0.5432035326957703
10.0,4567.0,0.0064065707847476006,-0.004601942375302315,-0.5469756722450256
10.0,4571.0,0.006447638384997845,-0.004601942375302315,-0.5453435778617859
10.0,4574.0,0.006488706450909376,-0.004601942375302315,-0.5405207872390747
10.0,4578.0,0.006517453584820032,-0.004601942375302315,-0.5338961482048035
10.0,4581.0,0.0065420945174992085,-0.004601942375302315,-0.5254545211791992
10.0,4585.0,0.006558521650731564,-0.004601942375302315,-0.514165997505188
10.0,4589.0,0.006574948783963919,-0.004601942375302315,-0.5050113797187805
10.0,4592.0,0.006579055450856686,-0.004601942375302315,-0.4905892312526703
10.0,4596.0,0.006583162117749453,-0.004601942375302315,-0.4781348407268524
10.0,4600.0,0.006583162117749453,-0.004601942375302315,-0.4621092975139618
10.0,4612.0,0.0065872687846422195,-0.003067961661145091,-0.6799918413162231
10.0,4615.0,0.006595482584089041,-0.003067961661145091,-0.663280189037323
10.0,4619.0,0.006603695917874575,-0.003067961661145091,-0.6518447399139404
10.0,4622.0,0.006616016384214163,-0.003067961661145091,-0.6389251351356506
10.0,4626.0,0.006632443517446518,-0.003067961661145091,-0.6295889616012573
10.0,4630.0,0.006648870650678873,-0.003067961661145091,-0.617594838142395
10.0,4633.0,0.006665297783911228,-0.003067961661145091,-0.6061011552810669
10.0,4637.0,0.006677618250250816,-0.003067961661145091,-0.5950881242752075
10.0,4641.0,0.006689938250929117,-0.003067961661145091,-0.5832061171531677
10.0,4644.0,0.006702258717268705,-0.003067961661145091,-0.5742651224136353
10.0,4649.0,0.0067145791836082935,-0.0015339808305725455,-0.827120840549469
10.0,4652.0,0.0067227925173938274,-0.0015339808305725455,-0.8106906414031982
10.0,4655.0,0.0067392196506261826,-0.0015339808305725455,-0.8011549711227417
10.0,4659.0,0.006767967250198126,-0.0015339808305725455,-0.7946081757545471
10.0,4662.0,0.006796714384108782,-0.0015339808305725455,-0.7889205813407898
10.0,4666.0,0.006845995783805847,-0.0015339808305725455,-0.7875196933746338
10.0,4671.0,0.006924024783074856,-0.003067961661145091,-0.5226966738700867
10.0,4674.0,0.007010267116129398,-0.003067961661145091,-0.5327657461166382
10.0,4680.0,0.007067761849611998,-0.003067961661145091,-0.5405812859535217
10.0,4684.0,0.00712114991620183,-0.003067961661145091,-0.5427353978157043
10.0,4687.0,0.007158110849559307,-0.003067961661145091,-0.5415511131286621
10.0,4691.0,0.007178644649684429,-0.003067961661145091,-0.5377931594848633
10.0,4695.0,0.0072032855823636055,-0.003067961661145091,-0.5334386229515076
10.0,4699.0,0.007215605583041906,-0.003067961661145091,-0.5247340798377991
10.0,4702.0,0.007219712715595961,-0.003067961661145091,-0.5137101411819458
10.0,4708.0,0.007219712715595961,-0.003067961661145091,-0.4989017844200134
10.0,4711.0,0.007219712715595961,-0.003067961661145091,-0.48758891224861145
10.0,4715.0,0.007219712715595961,-0.003067961661145091,-0.47940343618392944
10.0,4719.0,0.007219712715595961,-0.0015339808305725455,-0.735786497592926
10.0,4722.0,0.007219712715595961,-0.0015339808305725455,-0.7196962833404541
10.0,4726.0,0.007223819382488728,-0.0015339808305725455,-0.7093824744224548
10.0,4730.0,0.007236139848828316,-0.0015339808305725455,-0.6983696818351746
10.0,4734.0,0.00724435318261385,-0.0015339808305725455,-0.6842628717422485
10.0,4737.0,0.007256673648953438,-0.0015339808305725455,-0.6729457974433899
10.0,4742.0,0.007268993649631739,-0.0015339808305725455,-0.663424015045166
10.0,4746.0,0.00727720744907856,-0.0015339808305725455,-0.6562142372131348
10.0,4750.0,0.007285420782864094,-0.0015339808305725455,-0.6460729241371155
10.0,4753.0,0.007285420782864094,-0.0015339808305725455,-0.6350191831588745
10.0,4756.0,0.007289527915418148,-0.0015339808305725455,-0.6273586750030518
10.0,4760.0,0.007293634582310915,-0.0015339808305725455,-0.61571204662323
10.0,4763.0,0.007293634582310915,-0.0015339808305725455,-0.6072849631309509
10.0,4767.0,0.007293634582310915,-0.0015339808305725455,-0.5964444875717163
10.0,4771.0,0.007297741249203682,-0.0015339808305725455,-0.5899561643600464
10.0,4774.0,0.007297741249203682,-0.0015339808305725455,-0.5798184871673584
10.0,4778.0,0.007297741249203682,0.0,-0.8354828953742981
10.0,4781.0,0.007297741249203682,0.0,-0.8239783644676208
10.0,4785.0,0.007301847916096449,0.0,-0.8141633868217468
10.0,4789.0,0.007314168382436037,0.0,-0.8037644624710083
10.0,4792.0,0.007326488848775625,0.0,-0.7951418161392212
10.0,4795.0,0.00734291598200798,0.0,-0.7889173626899719
10.0,4808.0,0.007429158315062523,0.0,-0.774548351764679
10.0,4812.0,0.007453798782080412,0.0,-0.7726073861122131
10.0,4815.0,0.007482546381652355,-0.0015339808305725455,-0.5041183829307556
10.0,4819.0,0.007523613981902599,-0.0015339808305725455,-0.5123952627182007
10.0,4822.0,0.0075605749152600765,-0.0015339808305725455,-0.5194417238235474
10.0,4826.0,0.007601642515510321,-0.0015339808305725455,-0.5245679616928101
10.0,4830.0,0.007634496781975031,-0.0015339808305725455,-0.5273032188415527
10.0,4833.0,0.007655030582100153,-0.0015339808305725455,-0.5281690359115601
10.0,4837.0,0.007675564847886562,-0.0015339808305725455,-0.5281561017036438
10.0,4840.0,0.007696098648011684,-0.0015339808305725455,-0.5277230143547058
10.0,4844.0,0.007704311981797218,-0.0015339808305725455,-0.5246914625167847
10.0,4847.0,0.0077125257812440395,-0.0015339808305725455,-0.5208288431167603
10.0,4851.0,0.0077207391150295734,-0.0015339808305725455,-0.5167616605758667
10.0,4855.0,0.0077207391150295734,-0.0015339808305725455,-0.5118148326873779
10.0,4860.0,0.0077207391150295734,-0.0015339808305725455,-0.5039059519767761
10.0,4863.0,0.0077207391150295734,-0.0015339808305725455,-0.49639883637428284
10.0,4868.0,0.0077207391150295734,-0.0015339808305725455,-0.4906691610813141
10.0,4872.0,0.0077207391150295734,-0.0015339808305725455,-0.48517441749572754
10.0,4876.0,0.00772484578192234,-0.0015339808305725455,-0.7496827244758606
10.0,4880.0,0.00772484578192234,0.0,-0.7412817478179932
10.0,4884.0,0.007728952914476395,0.0,-0.7318307161331177
10.0,4887.0,0.0077371662482619286,0.0,-0.7240844368934631
10.0,4891.0,0.007749486714601517,0.0,-0.7193366289138794
10.0,4894.0,0.007765913847833872,0.0,-0.7159181237220764
10.0,4898.0,0.007782340981066227,0.0,-0.7128736972808838
10.0,4901.0,0.007802874781191349,0.0,-0.7110322117805481
10.0,4905.0,0.007823408581316471,0.0,-0.7082533836364746
10.0,4909.0,0.007839836180210114,0.0,-0.7056060433387756
10.0,4912.0,0.007852155715227127,0.0,-0.7027091979980469
10.0,4916.0,0.00786858331412077,0.0,-0.699914813041687
10.0,4920.0,0.007880903780460358,0.0,-0.6949880123138428
10.0,4924.0,0.007893224246799946,0.0,-0.6894910335540771
10.0,4929.0,0.00790554378181696,0.0,-0.6816407442092896
10.0,4933.0,0.007909650914371014,0.0,-0.674849808216095
10.0,4936.0,0.007913758046925068,0.0,-0.6702704429626465
10.0,4940.0,0.007913758046925068,0.0,-0.6626229882240295
10.0,4943.0,0.007917864248156548,0.0,-0.6584225296974182
10.0,4947.0,0.007917864248156548,0.0,-0.6512632966041565
10.0,4951.0,0.007917864248156548,0.0,-0.6443955302238464
10.0,4954.0,0.007917864248156548,0.0,-0.6394290328025818
10.0,4958.0,0.007921971380710602,0.0,-0.6343747973442078
10.0,4961.0,0.007921971380710602,0.0,-0.6297220587730408
10.0,4965.0,0.007921971380710602,0.0,-0.6237407326698303
10.0,4969.0,0.007921971380710602,0.0,-0.6180044412612915
10.0,4973.0,0.007921971380710602,0.0,-0.6138572692871094
10.0,4976.0,0.007921971380710602,0.0,-0.608526885509491
10.0,4980.0,0.007921971380710602,0.0,-0.6046735644340515
10.0,4983.0,0.007921971380710602,0.0,-0.5997214317321777
10.0,4987.0,0.007921971380710602,0.0,-0.5961419939994812
10.0,4991.0,0.007921971380710602,0.0,-0.5904225707054138
10.0,5003.0,0.007921971380710602,0.0,-0.5778717398643494
10.0,5007.0,0.007921971380710602,0.0,-0.5749765038490295
10.0,5010.0,0.007921971380710602,0.0,-0.5712577700614929
10.0,5014.0,0.007921971380710602,0.0,-0.567694902420044
10.0,5018.0,0.007921971380710602,0.0,-0.5651213526725769
10.0,5021.0,0.007921971380710602,0.0,-0.5618166923522949
10.0,5024.0,0.007921971380710602,0.0,-0.5594300627708435
10.0,5028.0,0.007921971380710602,0.0,-0.5563660860061646
10.0,5032.0,0.007921971380710602,0.0,-0.5534321069717407
10.0,5035.0,0.007921971380710602,0.0,-0.5513139963150024
10.0,5039.0,0.007921971380710602,0.0,-0.5485954880714417
10.0,5042.0,0.007921971380710602,0.0,-0.5466333031654358
10.0,5048.0,0.007921971380710602,0.0,-0.5435034036636353
10.0,5052.0,0.007921971380710602,0.0,-0.5405414700508118
10.0,5055.0,0.007921971380710602,0.0,-0.5388414263725281
10.0,5059.0,0.007921971380710602,0.0,-0.5371972322463989
10.0,5063.0,0.007921971380710602,0.0,-0.535088837146759
10.0,5066.0,0.007921971380710602,0.0,-0.5330728888511658
10.0,5070.0,0.007921971380710602,0.0,-0.5316194295883179
10.0,5073.0,0.007921971380710602,0.0,-0.5297566056251526
10.0,5077.0,0.007921971380710602,0.0,-0.5284140110015869
10.0,5080.0,0.007921971380710602,0.0,-0.5266938209533691
10.0,5084.0,0.007921971380710602,0.0,-0.5250508189201355
10.0,5087.0,0.007921971380710602,0.0,-0.5238673686981201
10.0,5091.0,0.007921971380710602,0.0,-0.5223521590232849
10.0,5095.0,0.007921971380710602,0.0,-0.5209059715270996
10.0,5099.0,0.007921971380710602,0.0,-0.5195261240005493
10.0,5102.0,0.007921971380710602,0.0,-0.5185332894325256
10.0,5105.0,0.007921971380710602,0.0,-0.5175751447677612
10.0,5110.0,0.007921971380710602,0.0,-0.5163499712944031
10.0,5113.0,0.007921971380710602,0.0,-0.5151824355125427
10.0,5117.0,0.007921971380710602,0.0,-0.5140702724456787
10.0,5121.0,0.007921971380710602,0.0,-0.5130112767219543
10.0,5124.0,0.007921971380710602,0.0,-0.5122507214546204
10.0,5128.0,0.007921971380710602,0.0,-0.5115180611610413
10.0,5131.0,0.007921971380710602,0.0,-0.5105830430984497
10.0,5135.0,0.007921971380710602,0.0,-0.5099122524261475
10.0,5139.0,0.007921971380710602,0.0,-0.5090568661689758
10.0,5142.0,0.007921971380710602,0.0,-0.5082446336746216
10.0,5146.0,0.007921971380710602,0.0,-0.5076626539230347
10.0,5150.0,0.007921971380710602,0.0,-0.5069217085838318
10.0,5153.0,0.007921971380710602,0.0,-0.5062193274497986
10.0,5156.0,0.007921971380710602,0.0,-0.5057169198989868
10.0,5160.0,0.007921971380710602,0.0,-0.5050784349441528
10.0,5164.0,0.007921971380710602,0.0,-0.5046222805976868
10.0,5167.0,0.007921971380710602,0.0,-0.5040432810783386
10.0,5172.0,0.007921971380710602,0.0,-0.503364622592926
10.0,5176.0,0.007921971380710602,0.0,-0.5028562545776367
10.0,5180.0,0.007921971380710602,0.0,-0.5023772716522217
10.0,5184.0,0.007921971380710602,0.0,-0.5020366311073303
10.0,5196.0,0.007921971380710602,0.0,-0.5008236765861511
10.0,5200.0,0.007921971380710602,0.0,-0.5004692077636719
10.0,5203.0,0.007921971380710602,0.0,-0.5001381635665894
10.0,5207.0,0.007921971380710602,0.0,-0.4999045729637146
10.0,5210.0,0.007921971380710602,0.0,-0.49961215257644653
10.0,5214.0,0.007921971380710602,0.0,-0.49934056401252747
10.0,5218.0,0.007921971380710602,0.0,-0.4991500973701477
10.0,5221.0,0.007921971380710602,0.0,-0.49891313910484314
10.0,5224.0,0.007921971380710602,0.0,-0.49874773621559143
10.0,5229.0,0.007921971380710602,0.0,-0.49854302406311035
10.0,5232.0,0.007921971380710602,0.0,-0.4983557462692261
10.0,5236.0,0.007921971380710602,0.0,-0.4981851577758789
10.0,5241.0,0.007921971380710602,0.0,-0.4979945123195648
10.0,5244.0,0.007921971380710602,0.0,-0.49789169430732727
10.0,5248.0,0.007921971380710602,0.0,-0.49776750802993774
10.0,5251.0,0.007921971380710602,0.0,-0.4976837635040283
10.0,5254.0,0.007921971380710602,0.0,-0.4976077675819397
10.0,5258.0,0.007921971380710602,0.0,-0.4975181818008423
10.0,5262.0,0.007921971380710602,0.0,-0.49744150042533875
10.0,5265.0,0.007921971380710602,0.0,-0.4973921775817871
10.0,5269.0,0.007921971380710602,0.0,-0.4973495304584503
10.0,5273.0,0.007921971380710602,0.0,-0.49729302525520325
10.0,5276.0,0.007921971380710602,0.0,-0.4972674548625946
10.0,5280.0,0.007921971380710602,0.0,-0.49724799394607544
10.0,5283.0,0.007921971380710602,0.0,-0.4972310960292816
10.0,5286.0,0.007921971380710602,0.0,-0.4972250461578369
10.0,5290.0,0.007921971380710602,0.0,-0.49722546339035034
10.0,5294.0,0.007921971380710602,0.0,-0.4972319006919861
10.0,5297.0,0.007921971380710602,0.0,-0.49724841117858887
10.0,5301.0,0.007921971380710602,0.0,-0.4972665309906006
10.0,5304.0,0.007921971380710602,0.0,-0.49729812145233154
10.0,5309.0,0.007921971380710602,0.0,-0.4973377585411072
10.0,5312.0,0.007921971380710602,0.0,-0.4973852336406708
10.0,5316.0,0.007921971380710602,0.0,-0.49742573499679565
10.0,5320.0,0.007921971380710602,0.0,-0.4974861443042755
10.0,5323.0,0.007921971380710602,0.0,-0.4975535273551941
10.0,5326.0,0.007921971380710602,0.0,-0.4976084530353546
10.0,5330.0,0.007921971380710602,0.0,-0.49768736958503723
10.0,5334.0,0.007921971380710602,0.0,-0.4977506995201111
10.0,5338.0,0.007921971380710602,0.0,-0.49786376953125
10.0,5342.0,0.007921971380710602,0.0,-0.497935950756073
10.0,5345.0,0.007921971380710602,0.0,-0.49803709983825684
10.0,5349.0,0.007921971380710602,0.0,-0.49814361333847046
10.0,5353.0,0.007921971380710602,0.0,-0.49822691082954407
10.0,5356.0,0.007921971380710602,0.0,-0.4983423352241516
10.0,5361.0,0.007921971380710602,0.0,-0.4984625577926636
10.0,5365.0,0.007921971380710602,0.0,-0.4986193776130676
10.0,5369.0,0.007921971380710602,0.0,-0.4987167418003082
10.0,5372.0,0.007921971380710602,0.0,-0.4988503158092499
10.0,5376.0,0.007921971380710602,0.0,-0.49898800253868103
10.0,5389.0,0.007921971380710602,0.0,-0.4994618594646454
10.0,5393.0,0.007921971380710602,0.0,-0.49961522221565247
10.0,5396.0,0.007921971380710602,0.0,-0.49973243474960327
10.0,5400.0,0.007921971380710602,0.0,-0.4998915493488312
10.0,5403.0,0.007921971380710602,0.0,-0.5000129342079163
10.0,5407.0,0.007921971380710602,0.0,-0.5001773238182068
10.0,5411.0,0.007921971380710602,0.0,-0.5003446936607361
10.0,5415.0,0.007921971380710602,0.0,-0.5005147457122803
10.0,5419.0,0.007921971380710602,0.0,-0.5006440877914429
10.0,5423.0,0.007921971380710602,0.0,-0.5008627772331238
10.0,5428.0,0.007921971380710602,0.0,-0.5010854005813599
10.0,5431.0,0.007921971380710602,0.0,-0.501220703125
10.0,5435.0,0.007921971380710602,0.0,-0.5014030933380127
10.0,5439.0,0.007921971380710602,0.0,-0.5015413165092468
10.0,5442.0,0.007921971380710602,0.0,-0.5017274618148804
10.0,5445.0,0.007921971380710602,0.0,-0.5018683671951294
10.0,5449.0,0.007921971380710602,0.0,-0.5020580291748047
10.0,5452.0,0.007921971380710602,0.0,-0.502201497554779
10.0,5456.0,0.007921971380710602,0.0,-0.5023943781852722
10.0,5460.0,0.007921971380710602,0.0,-0.5025402307510376
10.0,5463.0,0.007921971380710602,0.0,-0.5027361512184143
10.0,5466.0,0.007921971380710602,0.0,-0.5028842091560364
10.0,5471.0,0.007921971380710602,0.0,-0.5030829310417175
10.0,5474.0,0.007921971380710602,0.0,-0.5032832622528076
10.0,5478.0,0.007921971380710602,0.0,-0.503434419631958
10.0,5481.0,0.007921971380710602,0.0,-0.5036372542381287
10.0,5484.0,0.007921971380710602,0.0,-0.5037903189659119
10.0,5488.0,0.007921971380710602,0.0,-0.5039955377578735
10.0,5491.0,0.007921971380710602,0.0,-0.5041502714157104
10.0,5495.0,0.007921971380710602,0.0,-0.504357635974884
10.0,5499.0,0.007921971380710602,0.0,-0.5045140385627747
10.0,5502.0,0.007921971380710602,0.0,-0.5047234296798706
10.0,5506.0,0.007921971380710602,0.0,-0.5048812627792358
10.0,5509.0,0.007921971380710602,0.0,-0.5050926208496094
10.0,5513.0,0.007921971380710602,0.0,-0.5053050518035889
10.0,5516.0,0.007921971380710602,0.0,-0.505465030670166
10.0,5520.0,0.007921971380710602,0.0,-0.5056254863739014
10.0,5523.0,0.007921971380710602,0.0,-0.5058403015136719
10.0,5526.0,0.007921971380710602,0.0,-0.5060020089149475
10.0,5530.0,0.007921971380710602,0.0,-0.5062183737754822
10.0,5533.0,0.007921971380710602,0.0,-0.5063812136650085
10.0,5537.0,0.007921971380710602,0.0,-0.5065445303916931
10.0,5541.0,0.007921971380710602,0.0,-0.5067628622055054
10.0,5544.0,0.007921971380710602,0.0,-0.5069820284843445
10.0,5549.0,0.007921971380710602,0.0,-0.5072569847106934
10.0,5554.0,0.007921971380710602,0.0,-0.5074777603149414
10.0,5557.0,0.007921971380710602,0.0,-0.507699191570282
10.0,5561.0,0.007921971380710602,0.0,-0.5078656673431396
10.0,5564.0,0.007921971380710602,0.0,-0.5080881714820862
10.0,5568.0,0.007921971380710602,0.0,-0.5083112716674805
10.0,5580.0,0.007921971380710602,0.0,-0.5089839696884155
10.0,5583.0,0.007921971380710602,0.0,-0.509152889251709
10.0,5587.0,0.007921971380710602,0.0,-0.5093221068382263
10.0,5591.0,0.007921971380710602,0.0,-0.5095480680465698
10.0,5594.0,0.007921971380710602,0.0,-0.5097745060920715
10.0,5598.0,0.007921971380710602,0.0,-0.5100014209747314
10.0,5601.0,0.007921971380710602,0.0,-0.5101718902587891
10.0,5605.0,0.007921971380710602,0.0,-0.5103994607925415
10.0,5609.0,0.007921971380710602,0.0,-0.5105704665184021
10.0,5612.0,0.007921971380710602,0.0,-0.5107987523078918
10.0,5616.0,0.007921971380710602,0.0,-0.5109702348709106
10.0,5619.0,0.007921971380710602,0.0,-0.5111991763114929
10.0,5623.0,0.007921971380710602,0.0,-0.5114284157752991
10.0,5626.0,0.007921971380710602,0.0,-0.5116006135940552
10.0,5631.0,0.007921971380710602,0.0,-0.5118304491043091
10.0,5634.0,0.007921971380710602,0.0,-0.5120605826377869
10.0,5637.0,0.007921971380710602,0.0,-0.5122334361076355
10.0,5641.0,0.007921971380710602,0.0,-0.5124641060829163
10.0,5644.0,0.007921971380710602,0.0,-0.5126372575759888
10.0,5649.0,0.007921971380710602,0.0,-0.5128684043884277
10.0,5652.0,0.007921971380710602,0.0,-0.513099730014801
10.0,5655.0,0.007921971380710602,0.0,-0.5132734775543213
10.0,5659.0,0.007921971380710602,0.0,-0.5135052800178528
10.0,5663.0,0.007921971380710602,0.0,-0.5137373208999634
10.0,5666.0,0.007921971380710602,0.0,-0.5139114856719971
10.0,5670.0,0.007921971380710602,0.0,-0.5142020583152771
10.0,5675.0,0.007921971380710602,0.0,-0.514492928981781
10.0,5680.0,0.007921971380710602,0.0,-0.5147258639335632
10.0,5684.0,0.007921971380710602,0.0,-0.5149589776992798
10.0,5688.0,0.007921971380710602,0.0,-0.5151922106742859
10.0,5691.0,0.007921971380710602,0.0,-0.515367329120636
10.0,5695.0,0.007921971380710602,0.0,-0.5155425071716309
10.0,5698.0,0.007921971380710602,0.0,-0.5157761573791504
10.0,5702.0,0.007921971380710602,0.0,-0.516010046005249
10.0,5708.0,0.007921971380710602,0.0,-0.5163610577583313
10.0,5712.0,0.007921971380710602,0.0,-0.5165367126464844
10.0,5715.0,0.007921971380710602,0.0,-0.5167710781097412
10.0,5719.0,0.007921971380710602,0.0,-0.5169468522071838
10.0,5722.0,0.007921971380710602,0.0,-0.517181396484375
10.0,5726.0,0.007921971380710602,0.0,-0.5173574090003967
10.0,5729.0,0.007921971380710602,0.0,-0.5175921320915222
10.0,5733.0,0.007921971380710602,0.0,-0.517827033996582
10.0,5738.0,0.007921971380710602,0.0,-0.5181207656860352
10.0,5742.0,0.007921971380710602,0.0,-0.5182970762252808
10.0,5745.0,0.007921971380710602,0.0,-0.5185322165489197
10.0,5749.0,0.007921971380710602,0.0,-0.5187087059020996
10.0,5752.0,0.007921971380710602,0.0,-0.5189440250396729
10.0,5756.0,0.007921971380710602,0.0,-0.5191205739974976
10.0,5760.0,0.007921971380710602,0.0,-0.5193560719490051
10.0,5763.0,0.007921971380710602,0.0,-0.5195916891098022
10.0,5776.0,0.007921971380710602,0.0,-0.5202988982200623
10.0,5780.0,0.007921971380710602,0.0,-0.5205348134040833
10.0,5783.0,0.007921971380710602,0.0,-0.5207707285881042
10.0,5786.0,0.007921971380710602,0.0,-0.5209477543830872
10.0,5790.0,0.007921971380710602,0.0,-0.5211837887763977
10.0,5793.0,0.007921971380710602,0.0,-0.5213608741760254
10.0,5797.0,0.007921971380710602,0.0,-0.5215970873832703
10.0,5801.0,0.007921971380710602,0.0,-0.5218333005905151
10.0,5804.0,0.007921971380710602,0.0,-0.5220105051994324
10.0,5808.0,0.007921971380710602,0.0,-0.5222468376159668
10.0,5812.0,0.007921971380710602,0.0,-0.5224241018295288
10.0,5815.0,0.007921971380710602,0.0,-0.5226605534553528
10.0,5819.0,0.007921971380710602,0.0,-0.5228378772735596
10.0,5822.0,0.007921971380710602,0.0,-0.5230743885040283
10.0,5826.0,0.007921971380710602,0.0,-0.5233108997344971
10.0,5830.0,0.007921971380710602,0.0,-0.5234883427619934
10.0,5833.0,0.007921971380710602,0.0,-0.5237249732017517
10.0,5837.0,0.007921971380710602,0.0,-0.5239024758338928
10.0,5841.0,0.007921971380710602,0.0,-0.5241391062736511
10.0,5844.0,0.007921971380710602,0.0,-0.524375855922699
10.0,5848.0,0.007921971380710602,0.0,-0.5245534181594849
10.0,5851.0,0.007921971380710602,0.0,-0.5247902274131775
10.0,5854.0,0.007921971380710602,0.0,-0.5249678492546082
10.0,5859.0,0.007921971380710602,0.0,-0.5252046585083008
10.0,5863.0,0.007921971380710602,0.0,-0.5255007743835449
10.0,5868.0,0.007921971380710602,0.0,-0.5257968902587891
10.0,5871.0,0.007921971380710602,0.0,-0.5259745717048645
10.0,5875.0,0.007921971380710602,0.0,-0.5261523127555847
10.0,5879.0,0.007921971380710602,0.0,-0.5263893008232117
10.0,5882.0,0.007921971380710602,0.0,-0.5266262888908386
10.0,5886.0,0.007921971380710602,0.0,-0.5268633365631104
10.0,5890.0,0.007921971380710602,0.0,-0.5271003842353821
10.0,5893.0,0.007921971380710602,0.0,-0.5272781848907471
10.0,5896.0,0.007921971380710602,0.0,-0.5274559855461121
10.0,5900.0,0.007921971380710602,0.0,-0.5276931524276733
10.0,5903.0,0.007921971380710602,0.0,-0.5278710126876831
10.0,5907.0,0.007921971380710602,0.0,-0.5281081199645996
10.0,5911.0,0.007921971380710602,0.0,-0.5283452868461609
10.0,5915.0,0.007921971380710602,0.0,-0.5285232067108154
10.0,5919.0,0.007921971380710602,0.0,-0.5287603735923767
10.0,5923.0,0.007921971380710602,0.0,-0.5290569067001343
10.0,5928.0,0.007921971380710602,0.0,-0.5293534398078918
10.0,5932.0,0.007921971380710602,0.0,-0.5295313596725464
10.0,5935.0,0.007921971380710602,0.0,-0.5297686457633972
10.0,5939.0,0.007921971380710602,0.0,-0.530005931854248
10.0,5942.0,0.007921971380710602,0.0,-0.5301839113235474
10.0,5945.0,0.007921971380710602,0.0,-0.5303618907928467
10.0,5950.0,0.007921971380710602,0.0,-0.5305991768836975
10.0,5953.0,0.007921971380710602,0.0,-0.5308365225791931
10.0,5956.0,0.007921971380710602,0.0,-0.5310145020484924
10.0,5969.0,0.007921971380710602,0.0,-0.5317859053611755
10.0,5972.0,0.007921971380710602,0.0,-0.5319639444351196
10.0,5976.0,0.007921971380710602,0.0,-0.53220134973526
10.0,5980.0,0.007921971380710602,0.0,-0.5324387550354004
10.0,5983.0,0.007921971380710602,0.0,-0.5326167941093445
10.0,5987.0,0.007921971380710602,0.0,-0.5328541994094849
10.0,5991.0,0.007921971380710602,0.0,-0.53309166431427
10.0,5994.0,0.007921971380710602,0.0,-0.5332697033882141
10.0,5998.0,0.007921971380710602,0.0,-0.5335071086883545
10.0,6001.0,0.007921971380710602,0.0,-0.5336852073669434
10.0,6004.0,0.007921971380710602,0.0,-0.5338633060455322
10.0,6009.0,0.007921971380710602,0.0,-0.5341007709503174
10.0,6012.0,0.007921971380710602,0.0,-0.5343382358551025
10.0,6016.0,0.007921971380710602,0.0,-0.5345756411552429
10.0,6020.0,0.007921971380710602,0.0,-0.5347537994384766
10.0,6023.0,0.007921971380710602,0.0,-0.5349912643432617
10.0,6027.0,0.007921971380710602,0.0,-0.5352287292480469
10.0,6031.0,0.007921971380710602,0.0,-0.5354068875312805
10.0,6034.0,0.007921971380710602,0.0,-0.5356443524360657
10.0,6037.0,0.007921971380710602,0.0,-0.5358224511146545
10.0,6041.0,0.007921971380710602,0.0,-0.5360599756240845
10.0,6044.0,0.007921971380710602,0.0,-0.5362380743026733
10.0,6050.0,0.007921971380710602,0.0,-0.5365349650382996
10.0,6054.0,0.007921971380710602,0.0,-0.5368319153785706
10.0,6057.0,0.007921971380710602,0.0,-0.5370100140571594
10.0,6061.0,0.007921971380710602,0.0,-0.5372475385665894
10.0,6064.0,0.007921971380710602,0.0,-0.537425696849823
10.0,6068.0,0.007921971380710602,0.0,-0.5376632213592529
10.0,6072.0,0.007921971380710602,0.0,-0.5379007458686829
10.0,6075.0,0.007921971380710602,0.0,-0.5380789041519165
10.0,6079.0,0.007921971380710602,0.0,-0.5382570624351501
10.0,6082.0,0.007921971380710602,0.0,-0.5384946465492249
10.0,6085.0,0.007921971380710602,0.0,-0.5386728048324585
10.0,6089.0,0.007921971380710602,0.0,-0.5389103293418884
10.0,6093.0,0.007921971380710602,0.0,-0.5390884876251221
10.0,6096.0,0.007921971380710602,0.0,-0.5393260717391968
10.0,6100.0,0.007921971380710602,0.0,-0.5395042300224304
10.0,6103.0,0.007921971380710602,0.0,-0.5397418141365051
10.0,6106.0,0.007921971380710602,0.0,-0.5399199724197388
10.0,6110.0,0.007921971380710602,0.0,-0.5401574969291687
10.0,6114.0,0.007921971380710602,0.0,-0.5403950810432434
10.0,6117.0,0.007921971380710602,0.0,-0.540573239326477
10.0,6121.0,0.007921971380710602,0.0,-0.5408108234405518
10.0,6124.0,0.007921971380710602,0.0,-0.5409889817237854
10.0,6129.0,0.007921971380710602,0.0,-0.5412265658378601
10.0,6132.0,0.007921971380710602,0.0,-0.5414641499519348
10.0,6135.0,0.007921971380710602,0.0,-0.5416423082351685
10.0,6139.0,0.007921971380710602,0.0,-0.5418205261230469
10.0,6142.0,0.007921971380710602,0.0,-0.5420581102371216
10.0,6145.0,0.007921971380710602,0.0,-0.5422362685203552
10.0,6158.0,0.007921971380710602,0.0,-0.5430084466934204
10.0,6162.0,0.007921971380710602,0.0,-0.5432460308074951
10.0,6166.0,0.007921971380710602,0.0,-0.5434242486953735
10.0,6169.0,0.007921971380710602,0.0,-0.5436618328094482
10.0,6174.0,0.007921971380710602,0.0,-0.543958842754364
10.0,6179.0,0.007921971380710602,0.0,-0.5441964268684387
10.0,6183.0,0.007921971380710602,0.0,-0.5444934368133545
10.0,6187.0,0.007921971380710602,0.0,-0.5446715950965881
10.0,6191.0,0.007921971380710602,0.0,-0.5449686050415039
10.0,6194.0,0.007921971380710602,0.0,-0.5451468229293823
10.0,6198.0,0.007921971380710602,0.0,-0.545384407043457
10.0,6202.0,0.007921971380710602,0.0,-0.5455626249313354
10.0,6205.0,0.007921971380710602,0.0,-0.5458002090454102
10.0,6209.0,0.007921971380710602,0.0,-0.5459784269332886
10.0,6212.0,0.007921971380710602,0.0,-0.5462160110473633
10.0,6216.0,0.007921971380710602,0.0,-0.546453595161438
10.0,6220.0,0.007921971380710602,0.0,-0.5466318130493164
10.0,6223.0,0.007921971380710602,0.0,-0.5468694567680359
10.0,6226.0,0.007921971380710602,0.0,-0.5470476746559143
10.0,6230.0,0.007921971380710602,0.0,-0.547285258769989
10.0,6233.0,0.007921971380710602,0.0,-0.5475228428840637
10.0,6240.0,0.007921971380710602,0.0,-0.5478199124336243
10.0,6243.0,0.007921971380710602,0.0,-0.548057496547699
10.0,6246.0,0.007921971380710602,0.0,-0.5482357144355774
10.0,6250.0,0.007921971380710602,0.0,-0.5484732985496521
10.0,6253.0,0.007921971380710602,0.0,-0.5486515164375305
10.0,6257.0,0.007921971380710602,0.0,-0.5488297343254089
10.0,6261.0,0.007921971380710602,0.0,-0.5490673184394836
10.0,6264.0,0.007921971380710602,0.0,-0.5493049621582031
10.0,6268.0,0.007921971380710602,0.0,-0.5495425462722778
10.0,6271.0,0.007921971380710602,0.0,-0.5497207641601562
10.0,6274.0,0.007921971380710602,0.0,-0.5498989820480347
10.0,6278.0,0.007921971380710602,0.0,-0.5501365661621094
10.0,6282.0,0.007921971380710602,0.0,-0.5503742098808289
10.0,6285.0,0.007921971380710602,0.0,-0.5505524277687073
10.0,6289.0,0.007921971380710602,0.0,-0.5507900714874268
10.0,6292.0,0.007921971380710602,0.0,-0.5509682893753052
10.0,6296.0,0.007921971380710602,0.0,-0.5511465072631836
10.0,6300.0,0.007921971380710602,0.0,-0.5513840913772583
10.0,6303.0,0.007921971380710602,0.0,-0.551621675491333
10.0,6306.0,0.007921971380710602,0.0,-0.5517998933792114
10.0,6310.0,0.007921971380710602,0.0,-0.5520375370979309
10.0,6314.0,0.007921971380710602,0.0,-0.5522751808166504
10.0,6317.0,0.007921971380710602,0.0,-0.5524533987045288
10.0,6321.0,0.007921971380710602,0.0,-0.5526909828186035
10.0,6325.0,0.007921971380710602,0.0,-0.5528692007064819
10.0,6329.0,0.007921971380710602,0.0,-0.5531068444252014
10.0,6332.0,0.007921971380710602,0.0,-0.5533444285392761
10.0,6335.0,0.007921971380710602,0.0,-0.5535226464271545
10.0,6340.0,0.007921971380710602,0.0,-0.553760290145874
10.0,6352.0,0.007921971380710602,0.0,-0.5544731616973877
10.0,6355.0,0.007921971380710602,0.0,-0.5547107458114624
10.0,6359.0,0.007921971380710602,0.0,-0.5549483895301819
10.0,6363.0,0.007921971380710602,0.0,-0.5551860332489014
10.0,6368.0,0.007921971380710602,0.0,-0.5554830431938171
10.0,6372.0,0.007921971380710602,0.0,-0.5557206869125366
10.0,6375.0,0.007921971380710602,0.0,-0.5558988451957703
10.0,6379.0,0.007921971380710602,0.0,-0.5561364889144897
10.0,6382.0,0.007921971380710602,0.0,-0.5563147068023682
10.0,6386.0,0.007921971380710602,0.0,-0.5564929246902466
10.0,6389.0,0.007921971380710602,0.0,-0.5567305684089661
10.0,6393.0,0.007921971380710602,0.0,-0.5569681525230408
10.0,6397.0,0.007921971380710602,0.0,-0.5572057962417603
10.0,6401.0,0.007921971380710602,0.0,-0.5573840141296387
10.0,6404.0,0.007921971380710602,0.0,-0.5576216578483582
10.0,6409.0,0.007921971380710602,0.0,-0.5578593015670776
10.0,6412.0,0.007921971380710602,0.0,-0.5580968856811523
10.0,6415.0,0.007921971380710602,0.0,-0.5582751035690308
10.0,6419.0,0.007921971380710602,0.0,-0.5584533214569092
10.0,6423.0,0.007921971380710602,0.0,-0.5587503910064697
10.0,6428.0,0.007921971380710602,0.0,-0.5590474009513855
10.0,6432.0,0.007921971380710602,0.0,-0.559285044670105
10.0,6435.0,0.007921971380710602,0.0,-0.5594632625579834
10.0,6439.0,0.007921971380710602,0.0,-0.5597008466720581
10.0,6442.0,0.007921971380710602,0.0,-0.5598790645599365
10.0,6446.0,0.007921971380710602,0.0,-0.560116708278656
10.0,6450.0,0.007921971380710602,0.0,-0.5602949261665344
10.0,6454.0,0.007921971380710602,0.0,-0.5605325102806091
10.0,6457.0,0.007921971380710602,0.0,-0.5607107281684875
10.0,6460.0,0.007921971380710602,0.0,-0.560948371887207
10.0,6464.0,0.007921971380710602,0.0,-0.5611265897750854
10.0,6467.0,0.007921971380710602,0.0,-0.5614235997200012
10.0,6471.0,0.007921971380710602,0.0,-0.5616018772125244
10.0,6475.0,0.007921971380710602,0.0,-0.5617800951004028
10.0,6479.0,0.007921971380710602,0.0,-0.5620176792144775
10.0,6482.0,0.007921971380710602,0.0,-0.562255322933197
10.0,6485.0,0.007921971380710602,0.0,-0.5624335408210754
10.0,6489.0,0.007921971380710602,0.0,-0.5626711845397949
10.0,6493.0,0.007921971380710602,0.0,-0.5629087686538696
10.0,6496.0,0.007921971380710602,0.0,-0.563086986541748
10.0,6500.0,0.007921971380710602,0.0,-0.5632652044296265
10.0,6503.0,0.007921971380710602,0.0,-0.563502848148346
10.0,6506.0,0.007921971380710602,0.0,-0.5636810660362244
10.0,6510.0,0.007921971380710602,0.0,-0.5639187097549438
10.0,6514.0,0.007921971380710602,0.0,-0.5641563534736633
10.0,6517.0,0.007921971380710602,0.0,-0.5643345713615417
10.0,6521.0,0.007921971380710602,0.0,-0.5645721554756165
10.0,6524.0,0.007921971380710602,0.0,-0.5647503733634949
10.0,6528.0,0.007921971380710602,0.0,-0.5649880170822144
10.0,6531.0,0.007921971380710602,0.0,-0.5651662349700928
10.0,6544.0,0.007921971380710602,0.0,-0.5659385323524475
10.0,6550.0,0.007921971380710602,0.0,-0.5662355422973633
10.0,6554.0,0.007921971380710602,0.0,-0.5665326118469238
10.0,6559.0,0.007921971380710602,0.0,-0.5667701959609985
10.0,6562.0,0.007921971380710602,0.0,-0.567007839679718
10.0,6565.0,0.007921971380710602,0.0,-0.5671860575675964
10.0,6570.0,0.007921971380710602,0.0,-0.5674237012863159
10.0,6573.0,0.007921971380710602,0.0,-0.5676613450050354
10.0,6576.0,0.007921971380710602,0.0,-0.5678395628929138
10.0,6580.0,0.007921971380710602,0.0,-0.5680771470069885
10.0,6584.0,0.007921971380710602,0.0,-0.5682553648948669
10.0,6587.0,0.007921971380710602,0.0,-0.5684930086135864
10.0,6591.0,0.007921971380710602,0.0,-0.5686712265014648
10.0,6594.0,0.007921971380710602,0.0,-0.5689088702201843
10.0,6598.0,0.007921971380710602,0.0,-0.5691465139389038
10.0,6601.0,0.007921971380710602,0.0,-0.5693247318267822
10.0,6605.0,0.007921971380710602,0.0,-0.5695029497146606
10.0,6609.0,0.007921971380710602,0.0,-0.5697405338287354
10.0,6612.0,0.007921971380710602,0.0,-0.5699781775474548
10.0,6616.0,0.007921971380710602,0.0,-0.5702158212661743
10.0,6620.0,0.007921971380710602,0.0,-0.5703940391540527
10.0,6623.0,0.007921971380710602,0.0,-0.5706316828727722
10.0,6626.0,0.007921971380710602,0.0,-0.5708099007606506
10.0,6630.0,0.007921971380710602,0.0,-0.5710474848747253
10.0,6634.0,0.007921971380710602,0.0,-0.5712257027626038
10.0,6637.0,0.007921971380710602,0.0,-0.5714633464813232
10.0,6641.0,0.007921971380710602,0.0,-0.5717009902000427
10.0,6644.0,0.007921971380710602,0.0,-0.5718792080879211
10.0,6648.0,0.007921971380710602,0.0,-0.5721168518066406
10.0,6651.0,0.007921971380710602,0.0,-0.572295069694519
10.0,6655.0,0.007921971380710602,0.0,-0.5725326538085938
10.0,6659.0,0.007921971380710602,0.0,-0.5727108716964722
10.0,6662.0,0.007921971380710602,0.0,-0.5729485154151917
10.0,6665.0,0.007921971380710602,0.0,-0.5731267333030701
10.0,6669.0,0.007921971380710602,0.0,-0.5733643770217896
10.0,6672.0,0.007921971380710602,0.0,-0.573602020740509
10.0,6679.0,0.007921971380710602,0.0,-0.5739584565162659
10.0,6683.0,0.007921971380710602,0.0,-0.5741960406303406
10.0,6687.0,0.007921971380710602,0.0,-0.5744336843490601
10.0,6691.0,0.007921971380710602,0.0,-0.5746713280677795
10.0,6694.0,0.007921971380710602,0.0,-0.574849545955658
10.0,6698.0,0.007921971380710602,0.0,-0.5750871896743774
10.0,6701.0,0.007921971380710602,0.0,-0.5752654075622559
10.0,6705.0,0.007921971380710602,0.0,-0.5754436254501343
10.0,6711.0,0.007921971380710602,0.0,-0.5758000612258911
10.0,6714.0,0.007921971380710602,0.0,-0.5760376453399658
10.0,6718.0,0.007921971380710602,0.0,-0.5762752890586853
10.0,6722.0,0.007921971380710602,0.0,-0.5764535069465637
10.0,6726.0,0.007921971380710602,0.0,-0.5766911506652832
10.0,6730.0,0.007921971380710602,0.0,-0.5769287943840027
10.0,6743.0,0.007921971380710602,0.0,-0.5777604579925537
10.0,6747.0,0.007921971380710602,0.0,-0.5779981017112732
10.0,6751.0,0.007921971380710602,0.0,-0.5781763195991516
10.0,6754.0,0.007921971380710602,0.0,-0.5784139633178711
10.0,6758.0,0.007921971380710602,0.0,-0.5785921812057495
10.0,6761.0,0.007921971380710602,0.0,-0.5788297653198242
10.0,6765.0,0.007921971380710602,0.0,-0.5790674090385437
10.0,6769.0,0.007921971380710602,0.0,-0.5793050527572632
10.0,6772.0,0.007921971380710602,0.0,-0.5794832706451416
10.0,6776.0,0.007921971380710602,0.0,-0.5797209143638611
10.0,6780.0,0.007921971380710602,0.0,-0.5798991322517395
10.0,6784.0,0.007921971380710602,0.0,-0.5801367163658142
10.0,6787.0,0.007926077581942081,0.0,-0.5817171335220337
10.0,6791.0,0.007926077581942081,0.0,-0.5819068551063538
10.0,6794.0,0.007926077581942081,0.0,-0.5820503830909729
10.0,6798.0,0.007926077581942081,0.0,-0.5822433233261108
10.0,6801.0,0.007926077581942081,0.0,-0.5823892951011658
10.0,6805.0,0.007926077581942081,0.0,-0.5825361013412476
10.0,6809.0,0.007926077581942081,0.0,-0.5827333927154541
10.0,6812.0,0.007926077581942081,0.0,-0.5829322338104248
10.0,6816.0,0.007926077581942081,0.0,-0.5831326246261597
10.0,6820.0,0.007926077581942081,0.0,-0.5833345055580139
10.0,6823.0,0.007926077581942081,0.0,-0.583486795425415
10.0,6827.0,0.007926077581942081,0.0,-0.583639919757843
10.0,6831.0,0.007926077581942081,0.0,-0.5838451981544495
10.0,6834.0,0.007926077581942081,0.0,-0.584051787853241
10.0,6838.0,0.007926077581942081,0.0,-0.584259569644928
10.0,6842.0,0.007926077581942081,0.0,-0.5844162106513977
10.0,6845.0,0.007926077581942081,0.0,-0.58457350730896
10.0,6849.0,0.007926077581942081,0.0,-0.5847841501235962
10.0,6852.0,0.007926077581942081,0.0,-0.5849959254264832
10.0,6856.0,0.007926077581942081,0.0,-0.5851553678512573
10.0,6859.0,0.007926077581942081,0.0,-0.5853688716888428
10.0,6864.0,0.007926077581942081,0.0,-0.5855833292007446
10.0,6869.0,0.007926077581942081,0.0,-0.5858526825904846
10.0,6872.0,0.007926077581942081,0.0,-0.5860691666603088
10.0,6876.0,0.007926077581942081,0.0,-0.5862864851951599
10.0,6880.0,0.007926077581942081,0.0,-0.5864499807357788
10.0,6883.0,0.007926077581942081,0.0,-0.5866686701774597
10.0,6887.0,0.007926077581942081,0.0,-0.5868332386016846
10.0,6890.0,0.007926077581942081,0.0,-0.5870531797409058
10.0,6894.0,0.007926077581942081,0.0,-0.587218701839447
10.0,6897.0,0.007926077581942081,0.0,-0.5874398946762085
10.0,6901.0,0.007926077581942081,0.0,-0.5876617431640625
10.0,6904.0,0.007926077581942081,0.0,-0.5878285765647888
10.0,6908.0,0.007926077581942081,0.0,-0.5880514979362488
10.0,6911.0,0.007926077581942081,0.0,-0.5882191061973572
10.0,6915.0,0.007926077581942081,0.0,-0.5884430408477783
10.0,6919.0,0.007926077581942081,0.0,-0.5886675715446472
10.0,6924.0,0.007926077581942081,0.0,-0.5888925194740295
10.0,6936.0,0.007926077581942081,0.0,-0.589627206325531
10.0,6939.0,0.007926077581942081,0.0,-0.5897974371910095
10.0,6943.0,0.007926077581942081,0.0,-0.5900247693061829
10.0,6946.0,0.007926077581942081,0.0,-0.5901955962181091
10.0,6950.0,0.007926077581942081,0.0,-0.590423583984375
10.0,6954.0,0.007926077581942081,0.0,-0.5905948877334595
10.0,6957.0,0.007926077581942081,0.0,-0.5908235907554626
10.0,6961.0,0.007926077581942081,0.0,-0.5910526514053345
10.0,6964.0,0.007926077581942081,0.0,-0.5912246704101562
10.0,6969.0,0.007926077581942081,0.0,-0.5915117859840393
10.0,6972.0,0.007926077581942081,0.0,-0.5916842818260193
10.0,6976.0,0.007926077581942081,0.0,-0.5918570160865784
10.0,6980.0,0.007926077581942081,0.0,-0.5920875072479248
10.0,6983.0,0.007926077581942081,0.0,-0.5923182964324951
10.0,6986.0,0.007926077581942081,0.0,-0.5924915075302124
10.0,6990.0,0.007926077581942081,0.0,-0.5927227735519409
10.0,6994.0,0.007926077581942081,0.0,-0.5928964614868164
10.0,6997.0,0.007926077581942081,0.0,-0.5931281447410583
10.0,7001.0,0.007926077581942081,0.0,-0.5933600664138794
10.0,7004.0,0.007926077581942081,0.0,-0.5935341715812683
10.0,7009.0,0.007926077581942081,0.0,-0.5937665700912476
10.0,7012.0,0.007926077581942081,0.0,-0.5939990878105164
10.0,7016.0,0.007926077581942081,0.0,-0.5941736102104187
10.0,7019.0,0.007926077581942081,0.0,-0.5944064855575562
10.0,7023.0,0.007926077581942081,0.0,-0.5946396589279175
10.0,7026.0,0.007926077581942081,0.0,-0.5948145389556885
10.0,7030.0,0.007926077581942081,0.0,-0.5949895977973938
10.0,7033.0,0.007926077581942081,0.0,-0.5952231884002686
10.0,7037.0,0.007926077581942081,0.0,-0.5954568982124329
10.0,7041.0,0.007926077581942081,0.0,-0.5956323146820068
10.0,7044.0,0.007926077581942081,0.0,-0.5958662629127502
10.0,7049.0,0.007926077581942081,0.0,-0.5961589813232422
10.0,7054.0,0.007926077581942081,0.0,-0.5963932275772095
10.0,7057.0,0.007926077581942081,0.0,-0.5966277122497559
10.0,7061.0,0.007926077581942081,0.0,-0.596862256526947
10.0,7064.0,0.007926077581942081,0.0,-0.5970382690429688
10.0,7069.0,0.007926077581942081,0.0,-0.5972731113433838
10.0,7072.0,0.007926077581942081,0.0,-0.5975080132484436
10.0,7076.0,0.007926077581942081,0.0,-0.5976842641830444
10.0,7079.0,0.007926077581942081,0.0,-0.5979193449020386
10.0,7082.0,0.007926077581942081,0.0,-0.5980957746505737
10.0,7086.0,0.007926077581942081,0.0,-0.5983310341835022
10.0,7090.0,0.007926077581942081,0.0,-0.598566472530365
10.0,7094.0,0.007926077581942081,0.0,-0.5987430810928345
10.0,7097.0,0.007926077581942081,0.0,-0.5989786386489868
10.0,7101.0,0.007926077581942081,0.0,-0.5992141962051392
10.0,7104.0,0.007926077581942081,0.0,-0.5993910431861877
10.0,7108.0,0.007926077581942081,0.0,-0.5996268391609192
10.0,7112.0,0.007926077581942081,0.0,-0.5998036861419678
10.0,7115.0,0.007926077581942081,0.0,-0.6000396609306335
10.0,7128.0,0.007926077581942081,0.0,-0.6008068323135376
10.0,7132.0,0.007926077581942081,0.0,-0.6010430455207825
10.0,7135.0,0.007926077581942081,0.0,-0.6012202501296997
10.0,7139.0,0.007926077581942081,0.0,-0.6014565229415894
10.0,7142.0,0.007926077581942081,0.0,-0.6016337871551514
10.0,7146.0,0.007926077581942081,0.0,-0.6018702387809753
10.0,7150.0,0.007926077581942081,0.0,-0.6021066904067993
10.0,7153.0,0.007926077581942081,0.0,-0.6022840738296509
10.0,7157.0,0.007926077581942081,0.0,-0.6025205850601196
10.0,7161.0,0.007926077581942081,0.0,-0.6027572154998779
10.0,7165.0,0.007926077581942081,0.0,-0.6029346585273743
10.0,7169.0,0.007926077581942081,0.0,-0.6031714081764221
10.0,7172.0,0.007926077581942081,0.0,-0.6034080982208252
10.0,7176.0,0.007926077581942081,0.0,-0.603644847869873
10.0,7182.0,0.007926077581942081,0.0,-0.6040000915527344
10.0,7186.0,0.007926077581942081,0.0,-0.6042369604110718
10.0,7190.0,0.007926077581942081,0.0,-0.6044146418571472
10.0,7194.0,0.007926077581942081,0.0,-0.6046515703201294
10.0,7197.0,0.007926077581942081,0.0,-0.6048884987831116
10.0,7201.0,0.007926077581942081,0.0,-0.6051254868507385
10.0,7204.0,0.007926077581942081,0.0,-0.6053032875061035
10.0,7208.0,0.007926077581942081,0.0,-0.6055402755737305
10.0,7211.0,0.007926077581942081,0.0,-0.6057180762290955
10.0,7214.0,0.007926077581942081,0.0,-0.6058958768844604
10.0,7218.0,0.007926077581942081,0.0,-0.606132984161377
10.0,7222.0,0.007926077581942081,0.0,-0.6063108444213867
10.0,7225.0,0.007926077581942081,0.0,-0.6065479516983032
10.0,7229.0,0.007926077581942081,0.0,-0.6067851781845093
10.0,7232.0,0.007926077581942081,0.0,-0.6069630980491638
10.0,7237.0,0.007926077581942081,0.0,-0.6072595715522766
10.0,7241.0,0.007926077581942081,0.0,-0.6074968576431274
10.0,7245.0,0.007930184714496136,0.0,-0.6090772151947021
10.0,7249.0,0.007930184714496136,0.0,-0.6092190742492676
10.0,7252.0,0.007930184714496136,0.0,-0.6094098091125488
10.0,7255.0,0.007930184714496136,0.0,-0.60955411195755
10.0,7259.0,0.007930184714496136,0.0,-0.6097481846809387
10.0,7262.0,0.007930184714496136,0.0,-0.6098948121070862
10.0,7266.0,0.007930184714496136,0.0,-0.6100917458534241
10.0,7270.0,0.007930184714496136,0.0,-0.610240638256073
10.0,7273.0,0.007930184714496136,0.0,-0.6104403734207153
10.0,7277.0,0.007930184714496136,0.0,-0.6105911731719971
10.0,7280.0,0.007930184714496136,0.0,-0.6107935309410095
10.0,7284.0,0.007930184714496136,0.0,-0.6109462380409241
10.0,7287.0,0.007930184714496136,0.0,-0.6111509799957275
10.0,7291.0,0.007930184714496136,0.0,-0.6113570928573608
10.0,7294.0,0.007930184714496136,0.0,-0.6115124225616455
10.0,7298.0,0.007930184714496136,0.0,-0.6117206811904907
10.0,7302.0,0.007930184714496136,0.0,-0.6118776202201843
10.0,7305.0,0.007930184714496136,0.0,-0.6120879054069519
10.0,7309.0,0.007930184714496136,0.0,-0.6122992038726807
10.0,7321.0,0.007930184714496136,0.0,-0.6128856539726257
10.0,7324.0,0.007930184714496136,0.0,-0.6131007075309753
10.0,7329.0,0.007930184714496136,0.0,-0.6133167147636414
10.0,7332.0,0.007930184714496136,0.0,-0.6135334968566895
10.0,7335.0,0.007930184714496136,0.0,-0.6136966943740845
10.0,7339.0,0.007930184714496136,0.0,-0.613914966583252
10.0,7343.0,0.007930184714496136,0.0,-0.6141340136528015
10.0,7346.0,0.007930184714496136,0.0,-0.6142987608909607
10.0,7351.0,0.007930184714496136,0.0,-0.6145191192626953
10.0,7354.0,0.007930184714496136,0.0,-0.6147400736808777
10.0,7359.0,0.007930184714496136,0.0,-0.6149617433547974
10.0,7363.0,0.007930184714496136,0.0,-0.6152397394180298
10.0,7368.0,0.007930184714496136,0.0,-0.6155186891555786
10.0,7372.0,0.007930184714496136,0.0,-0.6157425045967102
10.0,7375.0,0.007930184714496136,0.0,-0.6159107089042664
10.0,7379.0,0.007930184714496136,0.0,-0.6161354780197144
10.0,7383.0,0.007930184714496136,0.0,-0.616304337978363
10.0,7386.0,0.007930184714496136,0.0,-0.6165300607681274
10.0,7390.0,0.007930184714496136,0.0,-0.6167561411857605
10.0,7394.0,0.007930184714496136,0.0,-0.6169260740280151
10.0,7397.0,0.007930184714496136,0.0,-0.6171530485153198
10.0,7401.0,0.007930184714496136,0.0,-0.6173235177993774
10.0,7404.0,0.007930184714496136,0.0,-0.6175511479377747
10.0,7408.0,0.007930184714496136,0.0,-0.6177793145179749
10.0,7411.0,0.007930184714496136,0.0,-0.6179505586624146
10.0,7415.0,0.007930184714496136,0.0,-0.6181221008300781
10.0,7419.0,0.007930184714496136,0.0,-0.61835116147995
10.0,7422.0,0.007930184714496136,0.0,-0.6185805201530457
10.0,7426.0,0.007930184714496136,0.0,-0.61881023645401
10.0,7431.0,0.007930184714496136,0.0,-0.6190978288650513
10.0,7435.0,0.007930184714496136,0.0,-0.6192705631256104
10.0,7439.0,0.007930184714496136,0.0,-0.6195012331008911
10.0,7442.0,0.007930184714496136,0.0,-0.6196744441986084
10.0,7445.0,0.007930184714496136,0.0,-0.6199055910110474
10.0,7449.0,0.007930184714496136,0.0,-0.6201369762420654
10.0,7452.0,0.007930184714496136,0.0,-0.6203107237815857
10.0,7456.0,0.007930184714496136,0.0,-0.6204845905303955
10.0,7460.0,0.007930184714496136,0.0,-0.6207165122032166
10.0,7463.0,0.007930184714496136,0.0,-0.620948851108551
10.0,7466.0,0.007930184714496136,0.0,-0.621123194694519
10.0,7470.0,0.007930184714496136,0.0,-0.6213557720184326
10.0,7474.0,0.007930184714496136,0.0,-0.6215304136276245
10.0,7477.0,0.007930184714496136,0.0,-0.6217634081840515
10.0,7481.0,0.007930184714496136,0.0,-0.6219965815544128
10.0,7484.0,0.007930184714496136,0.0,-0.6221716403961182
10.0,7488.0,0.007930184714496136,0.0,-0.6224051117897034
10.0,7492.0,0.007930184714496136,0.0,-0.6225804090499878
10.0,7495.0,0.007930184714496136,0.0,-0.6228141784667969
10.0,7499.0,0.007930184714496136,0.0,-0.6229896545410156
10.0,7502.0,0.007930184714496136,0.0,-0.6232237815856934
10.0,7515.0,0.007930184714496136,0.0,-0.6239855289459229
10.0,7519.0,0.007930184714496136,0.0,-0.6242202520370483
10.0,7522.0,0.007930184714496136,0.0,-0.6243963241577148
10.0,7525.0,0.007930184714496136,0.0,-0.6245725154876709
10.0,7529.0,0.007930184714496136,0.0,-0.6248074769973755
10.0,7532.0,0.007930184714496136,0.0,-0.6249838471412659
10.0,7536.0,0.007930184714496136,0.0,-0.6252189874649048
10.0,7540.0,0.007930184714496136,0.0,-0.6253954768180847
10.0,7543.0,0.007930184714496136,0.0,-0.6256308555603027
10.0,7546.0,0.007930184714496136,0.0,-0.6258074045181274
10.0,7551.0,0.00793429184705019,0.0,-0.6274449825286865
10.0,7556.0,0.00793429184705019,0.0,-0.627632737159729
10.0,7560.0,0.00793429184705019,0.0,-0.6278224587440491
10.0,7563.0,0.00793429184705019,0.0,-0.6280140280723572
10.0,7567.0,0.00793429184705019,0.0,-0.6282075047492981
10.0,7570.0,0.00793429184705019,0.0,-0.6283537745475769
10.0,7574.0,0.00793429184705019,0.0,-0.6285009384155273
10.0,7577.0,0.00793429184705019,0.0,-0.6286987066268921
10.0,7581.0,0.00793429184705019,0.0,-0.6288979649543762
10.0,7584.0,0.00793429184705019,0.0,-0.6290484666824341
10.0,7588.0,0.00793429184705019,0.0,-0.6292504072189331
10.0,7591.0,0.00793429184705019,0.0,-0.629402756690979
10.0,7595.0,0.00793429184705019,0.0,-0.6295559406280518
10.0,7599.0,0.00793429184705019,0.0,-0.6298128962516785
10.0,7602.0,0.00793429184705019,0.0,-0.6299680471420288
10.0,7606.0,0.00793429184705019,0.0,-0.6301239132881165
10.0,7610.0,0.00793429184705019,0.0,-0.6303326487541199
10.0,7613.0,0.00793429184705019,0.0,-0.6305426359176636
10.0,7616.0,0.00793429184705019,0.0,-0.6307008266448975
10.0,7620.0,0.00793429184705019,0.0,-0.630912721157074
10.0,7624.0,0.00793429184705019,0.0,-0.6310722827911377
10.0,7628.0,0.00793429184705019,0.0,-0.6312859058380127
10.0,7631.0,0.00793429184705019,0.0,-0.6315005421638489
10.0,7635.0,0.00793429184705019,0.0,-0.631662130355835
10.0,7639.0,0.00793429184705019,0.0,-0.6318783164024353
10.0,7642.0,0.00793429184705019,0.0,-0.6320953965187073
10.0,7646.0,0.00793429184705019,0.0,-0.6322587132453918
10.0,7650.0,0.00793429184705019,0.0,-0.6324771642684937
10.0,7653.0,0.00793429184705019,0.0,-0.6326964497566223
10.0,7656.0,0.00793429184705019,0.0,-0.6328613758087158
10.0,7660.0,0.00793429184705019,0.0,-0.6330819129943848
10.0,7664.0,0.00793429184705019,0.0,-0.6332477331161499
10.0,7667.0,0.00793429184705019,0.0,-0.6334694623947144
10.0,7671.0,0.00793429184705019,0.0,-0.6336918473243713
10.0,7676.0,0.00793429184705019,0.0,-0.6339148283004761
10.0,7679.0,0.00793429184705019,0.0,-0.6341944336891174
10.0,7684.0,0.00793429184705019,0.0,-0.6343625783920288
10.0,7687.0,0.00793429184705019,0.0,-0.6345872282981873
10.0,7691.0,0.00793429184705019,0.0,-0.6348125338554382
10.0,7694.0,0.00793429184705019,0.0,-0.6349817514419556
10.0,7707.0,0.00793429184705019,0.0,-0.6357182264328003
10.0,7713.0,0.00793429184705019,0.0,-0.6360597610473633
10.0,7716.0,0.00793429184705019,0.0,-0.6362308263778687
10.0,7720.0,0.00793429184705019,0.0,-0.6364592909812927
10.0,7724.0,0.00793429184705019,0.0,-0.6366308927536011
10.0,7727.0,0.00793429184705019,0.0,-0.6368600130081177
10.0,7731.0,0.00793429184705019,0.0,-0.6370894908905029
10.0,7734.0,0.00793429184705019,0.0,-0.6372618079185486
10.0,7739.0,0.00793429184705019,0.0,-0.6376069784164429
10.0,7744.0,0.00793429184705019,0.0,-0.6377798318862915
10.0,7748.0,0.00793429184705019,0.0,-0.6380683183670044
10.0,7752.0,0.00793429184705019,0.0,-0.6382416486740112
10.0,7755.0,0.00793429184705019,0.0,-0.6384729146957397
10.0,7759.0,0.00793429184705019,0.0,-0.6386465430259705
10.0,7762.0,0.00793429184705019,0.0,-0.638878345489502
10.0,7766.0,0.00793429184705019,0.0,-0.6390522718429565
10.0,7769.0,0.00793429184705019,0.0,-0.6392845511436462
10.0,7772.0,0.00793429184705019,0.0,-0.6394588351249695
10.0,7776.0,0.00793429184705019,0.0,-0.6396914124488831
10.0,7780.0,0.00793429184705019,0.0,-0.6398659944534302
10.0,7783.0,0.00793429184705019,0.0,-0.6400989294052124
10.0,7786.0,0.00793429184705019,0.0,-0.6402738094329834
10.0,7790.0,0.00793839804828167,0.0,-0.6418376564979553
10.0,7793.0,0.00793839804828167,0.0,-0.6419770121574402
10.0,7797.0,0.00793839804828167,0.0,-0.6421646475791931
10.0,7801.0,0.00793839804828167,0.0,-0.6423066258430481
10.0,7804.0,0.00793839804828167,0.0,-0.6424976587295532
10.0,7808.0,0.00793839804828167,0.0,-0.6426905989646912
10.0,7812.0,0.00793839804828167,0.0,-0.6428852677345276
10.0,7815.0,0.00793839804828167,0.0,-0.643032431602478
10.0,7819.0,0.00793839804828167,0.0,-0.6432300209999084
10.0,7822.0,0.00793839804828167,0.0,-0.6433793902397156
10.0,7826.0,0.00793839804828167,0.0,-0.6435797214508057
10.0,7830.0,0.00793839804828167,0.0,-0.6437816619873047
10.0,7833.0,0.00793839804828167,0.0,-0.6439340114593506
10.0,7837.0,0.00793839804828167,0.0,-0.6440870761871338
10.0,7841.0,0.00793839804828167,0.0,-0.6442924737930298
10.0,7844.0,0.00793839804828167,0.0,-0.6444991230964661
10.0,7848.0,0.00793839804828167,0.0,-0.6447070240974426
10.0,7851.0,0.00793839804828167,0.0,-0.6448636651039124
10.0,7855.0,0.00793839804828167,0.0,-0.645073652267456
10.0,7859.0,0.00793839804828167,0.0,-0.6452318429946899
10.0,7863.0,0.00793839804828167,0.0,-0.6454968452453613
10.0,7867.0,0.00793839804828167,0.0,-0.6457100510597229
10.0,7871.0,0.00793839804828167,0.0,-0.645870566368103
10.0,7874.0,0.00793839804828167,0.0,-0.6460853815078735
10.0,7878.0,0.00793839804828167,0.0,-0.6463011503219604
10.0,7881.0,0.00793839804828167,0.0,-0.6464635729789734
10.0,7884.0,0.00793839804828167,0.0,-0.6466264724731445
10.0,7888.0,0.00793839804828167,0.0,-0.6468443870544434
10.0,7901.0,0.00793839804828167,0.0,-0.6475027799606323
10.0,7904.0,0.00793839804828167,0.0,-0.6477237343788147
10.0,7908.0,0.00793839804828167,0.0,-0.6479453444480896
10.0,7911.0,0.00793839804828167,0.0,-0.6481119990348816
10.0,7914.0,0.00793839804828167,0.0,-0.6482789516448975
10.0,7919.0,0.00793839804828167,0.0,-0.6485021710395813
10.0,7922.0,0.00793839804828167,0.0,-0.6487259864807129
10.0,7926.0,0.00793839804828167,0.0,-0.6489502787590027
10.0,7932.0,0.00793839804828167,0.0,-0.649231493473053
10.0,7935.0,0.00793839804828167,0.0,-0.6494570374488831
10.0,7939.0,0.00793839804828167,0.0,-0.6496831178665161
10.0,7942.0,0.00793839804828167,0.0,-0.6498529314994812
10.0,7946.0,0.007942505180835724,0.0,-0.6514228582382202
10.0,7950.0,0.007942505180835724,0.0,-0.6516023278236389
10.0,7953.0,0.007942505180835724,0.0,-0.6517383456230164
10.0,7956.0,0.007942505180835724,0.0,-0.6518756747245789
10.0,7960.0,0.007942505180835724,0.0,-0.6520607471466064
10.0,7963.0,0.007942505180835724,0.0,-0.6522008180618286
10.0,7967.0,0.007942505180835724,0.0,-0.6523895263671875
10.0,7970.0,0.007942505180835724,0.0,-0.6525322794914246
10.0,7974.0,0.007942505180835724,0.0,-0.6527242660522461
10.0,7978.0,0.007942505180835724,0.0,-0.6529182195663452
10.0,7982.0,0.007942505180835724,0.0,-0.6530647277832031
10.0,7985.0,0.007942505180835724,0.0,-0.6532616019248962
10.0,7989.0,0.007942505180835724,0.0,-0.6534102559089661
10.0,7992.0,0.007942505180835724,0.0,-0.6536099910736084
10.0,7996.0,0.007942505180835724,0.0,-0.6538112163543701
10.0,8000.0,0.007942505180835724,0.0,-0.6539630889892578
10.0,8003.0,0.007942505180835724,0.0,-0.6541668176651001
10.0,8006.0,0.007942505180835724,0.0,-0.654320478439331
10.0,8010.0,0.007942505180835724,0.0,-0.6545265316963196
10.0,8014.0,0.007942505180835724,0.0,-0.6546819806098938
10.0,8017.0,0.007942505180835724,0.0,-0.654890239238739
10.0,8021.0,0.007942505180835724,0.0,-0.6550471782684326
10.0,8024.0,0.007942505180835724,0.0,-0.655257523059845
10.0,8028.0,0.007942505180835724,0.0,-0.6554689407348633
10.0,8031.0,0.007942505180835724,0.0,-0.6556282043457031
10.0,8034.0,0.007942505180835724,0.0,-0.655788004398346
10.0,8039.0,0.007942505180835724,0.0,-0.6560020446777344
10.0,8042.0,0.007942505180835724,0.0,-0.6562169790267944
10.0,8046.0,0.007942505180835724,0.0,-0.6564328670501709
10.0,8051.0,0.007942505180835724,0.0,-0.6567039489746094
10.0,8055.0,0.007942505180835724,0.0,-0.6569217443466187
10.0,8059.0,0.007942505180835724,0.0,-0.6570855975151062
10.0,8063.0,0.007942505180835724,0.0,-0.657359778881073
10.0,8066.0,0.007942505180835724,0.0,-0.657524824142456
10.0,8070.0,0.007942505180835724,0.0,-0.6577454805374146
10.0,8074.0,0.007942505180835724,0.0,-0.6579114198684692
10.0,8077.0,0.007942505180835724,0.0,-0.658133327960968
10.0,8081.0,0.007942505180835724,0.0,-0.6583558320999146
10.0,8094.0,0.007942505180835724,0.0,-0.6590832471847534
10.0,8098.0,0.007942505180835724,0.0,-0.6593082547187805
10.0,8102.0,0.007946612313389778,0.0,-0.6608204245567322
10.0,8105.0,0.007946612313389778,0.0,-0.6609984040260315
10.0,8109.0,0.007946612313389778,0.0,-0.6611787676811218
10.0,8112.0,0.007946612313389778,0.0,-0.6613155603408813
10.0,8116.0,0.007946612313389778,0.0,-0.6614536046981812
10.0,8119.0,0.007946612313389778,0.0,-0.6616395115852356
10.0,8122.0,0.007946612313389778,0.0,-0.6617802977561951
10.0,8126.0,0.007946612313389778,0.0,-0.6619698405265808
10.0,8130.0,0.007946612313389778,0.0,-0.6621131896972656
10.0,8133.0,0.007946612313389778,0.0,-0.6623060703277588
10.0,8136.0,0.007946612313389778,0.0,-0.6624518632888794
10.0,8140.0,0.007946612313389778,0.0,-0.6626477837562561
10.0,8144.0,0.007946612313389778,0.0,-0.6627957820892334
10.0,8147.0,0.007946612313389778,0.0,-0.6629946231842041
10.0,8151.0,0.007946612313389778,0.0,-0.6631949543952942
10.0,8154.0,0.007946612313389778,0.0,-0.6633462905883789
10.0,8158.0,0.007946612313389778,0.0,-0.6635492444038391
10.0,8162.0,0.007946612313389778,0.0,-0.6637023687362671
10.0,8165.0,0.007946612313389778,0.0,-0.6639077067375183
10.0,8169.0,0.007946612313389778,0.0,-0.6641144156455994
10.0,8172.0,0.007946612313389778,0.0,-0.6642702221870422
10.0,8176.0,0.007946612313389778,0.0,-0.6644790768623352
10.0,8182.0,0.007946612313389778,0.0,-0.6647417545318604
10.0,8185.0,0.007946612313389778,0.0,-0.6649532318115234
10.0,8189.0,0.007946612313389778,0.0,-0.6651656031608582
10.0,8192.0,0.007946612313389778,0.0,-0.6653256416320801
10.0,8196.0,0.007946612313389778,0.0,-0.6655398607254028
10.0,8200.0,0.007946612313389778,0.0,-0.6657012104988098
10.0,8204.0,0.007946612313389778,0.0,-0.6659170389175415
10.0,8207.0,0.007946612313389778,0.0,-0.6661338806152344
10.0,8211.0,0.007946612313389778,0.0,-0.6663514375686646
10.0,8214.0,0.007946612313389778,0.0,-0.6665152311325073
10.0,8218.0,0.007946612313389778,0.0,-0.6667342782020569
10.0,8222.0,0.007946612313389778,0.0,-0.6668990850448608
10.0,8225.0,0.007946612313389778,0.0,-0.6671194434165955
10.0,8229.0,0.007946612313389778,0.0,-0.6673405170440674
10.0,8233.0,0.007946612313389778,0.0,-0.6675622463226318
10.0,8236.0,0.007946612313389778,0.0,-0.6678403615951538
10.0,8241.0,0.007946612313389778,0.0,-0.6680077314376831
10.0,8245.0,0.007946612313389778,0.0,-0.6681753993034363
10.0,8249.0,0.007946612313389778,0.0,-0.6683995127677917
10.0,8252.0,0.007950718514621258,0.0,-0.6699426174163818
10.0,8255.0,0.007950718514621258,0.0,-0.6700759530067444
10.0,8259.0,0.007950718514621258,0.0,-0.6702558994293213
10.0,8262.0,0.007950718514621258,0.0,-0.6703922748565674
10.0,8266.0,0.007950718514621258,0.0,-0.6705762147903442
10.0,8270.0,0.007950718514621258,0.0,-0.6707155108451843
10.0,8273.0,0.007950718514621258,0.0,-0.6709030866622925
10.0,8286.0,0.007950718514621258,0.0,-0.6715262532234192
10.0,8290.0,0.007950718514621258,0.0,-0.6716727018356323
10.0,8293.0,0.007950718514621258,0.0,-0.6718696355819702
10.0,8296.0,0.007950718514621258,0.0,-0.67201828956604
10.0,8300.0,0.007950718514621258,0.0,-0.6722180247306824
10.0,8304.0,0.007950718514621258,0.0,-0.6724191904067993
10.0,8308.0,0.007950718514621258,0.0,-0.6726219058036804
10.0,8312.0,0.007950718514621258,0.0,-0.6727747917175293
10.0,8315.0,0.007950718514621258,0.0,-0.6729799509048462
10.0,8320.0,0.007950718514621258,0.0,-0.6731863617897034
10.0,8323.0,0.007950718514621258,0.0,-0.6733940243721008
10.0,8326.0,0.007950718514621258,0.0,-0.6735506057739258
10.0,8330.0,0.007950718514621258,0.0,-0.6737603545188904
10.0,8334.0,0.007950718514621258,0.0,-0.6739184260368347
10.0,8337.0,0.007950718514621258,0.0,-0.6741301417350769
10.0,8341.0,0.007950718514621258,0.0,-0.6742895841598511
10.0,8344.0,0.007950718514621258,0.0,-0.6745032072067261
10.0,8348.0,0.007950718514621258,0.0,-0.6747177243232727
10.0,8351.0,0.007950718514621258,0.0,-0.6748791933059692
10.0,8355.0,0.007950718514621258,0.0,-0.6750412583351135
10.0,8359.0,0.007950718514621258,0.0,-0.6752580404281616
10.0,8362.0,0.007950718514621258,0.0,-0.6755302548408508
10.0,8367.0,0.007950718514621258,0.0,-0.6756942272186279
10.0,8371.0,0.007950718514621258,0.0,-0.6759684085845947
10.0,8374.0,0.007950718514621258,0.0,-0.6761335134506226
10.0,8378.0,0.007950718514621258,0.0,-0.6763542890548706
10.0,8381.0,0.007950718514621258,0.0,-0.6765202879905701
10.0,8385.0,0.007950718514621258,0.0,-0.6767421960830688
10.0,8389.0,0.007950718514621258,0.0,-0.6769091486930847
10.0,8392.0,0.007950718514621258,0.0,-0.6771321892738342
10.0,8396.0,0.007954825647175312,0.0,-0.6786430478096008
10.0,8399.0,0.007954825647175312,0.0,-0.6788192391395569
10.0,8403.0,0.007954825647175312,0.0,-0.6789978742599487
10.0,8406.0,0.007954825647175312,0.0,-0.679133415222168
10.0,8410.0,0.007954825647175312,0.0,-0.6793161630630493
10.0,8414.0,0.007954825647175312,0.0,-0.6795011162757874
10.0,8418.0,0.007954825647175312,0.0,-0.6796880960464478
10.0,8422.0,0.007954825647175312,0.0,-0.6798297762870789
10.0,8426.0,0.007954825647175312,0.0,-0.6800682544708252
10.0,8431.0,0.007954825647175312,0.0,-0.6803097128868103
10.0,8435.0,0.007954825647175312,0.0,-0.6804558634757996
10.0,8438.0,0.007954825647175312,0.0,-0.6806523203849792
10.0,8442.0,0.007954825647175312,0.0,-0.68080073595047
10.0,8445.0,0.007954825647175312,0.0,-0.6809999942779541
10.0,8449.0,0.007954825647175312,0.0,-0.6812008619308472
10.0,8452.0,0.007954825647175312,0.0,-0.6813524961471558
10.0,8456.0,0.007954825647175312,0.0,-0.6815049052238464
10.0,8460.0,0.007954825647175312,0.0,-0.681709349155426
10.0,8463.0,0.007954825647175312,0.0,-0.6819151639938354
10.0,8466.0,0.007954825647175312,0.0,-0.6820703744888306
10.0,8479.0,0.007954825647175312,0.0,-0.6827507615089417
10.0,8483.0,0.007954825647175312,0.0,-0.6829625964164734
10.0,8487.0,0.007954825647175312,0.0,-0.6831220984458923
10.0,8491.0,0.007954825647175312,0.0,-0.6833357214927673
10.0,8494.0,0.007954825647175312,0.0,-0.6835502982139587
10.0,8499.0,0.007954825647175312,0.0,-0.6837658286094666
10.0,8502.0,0.007954825647175312,0.0,-0.6839823126792908
10.0,8506.0,0.007954825647175312,0.0,-0.6841452121734619
10.0,8510.0,0.007954825647175312,0.0,-0.6843631267547607
10.0,8513.0,0.007954825647175312,0.0,-0.6845818758010864
10.0,8516.0,0.007954825647175312,0.0,-0.6847464442253113
10.0,8520.0,0.007954825647175312,0.0,-0.6849666237831116
10.0,8523.0,0.007954825647175312,0.0,-0.6851321458816528
10.0,8526.0,0.007954825647175312,0.0,-0.6852981448173523
10.0,8530.0,0.007954825647175312,0.0,-0.6855199337005615
10.0,8534.0,0.007954825647175312,0.0,-0.6856868267059326
10.0,8538.0,0.007954825647175312,0.0,-0.6859656572341919
10.0,8541.0,0.007954825647175312,0.0,-0.6861334443092346
10.0,8545.0,0.007954825647175312,0.0,-0.686301589012146
10.0,8549.0,0.007958931848406792,0.0,-0.6878448128700256
10.0,8553.0,0.007958931848406792,0.0,-0.6880679726600647
10.0,8558.0,0.007958931848406792,0.0,-0.6882948279380798
10.0,8561.0,0.007958931848406792,0.0,-0.6884326934814453
10.0,8565.0,0.007958931848406792,0.0,-0.6886183023452759
10.0,8569.0,0.007958931848406792,0.0,-0.688758909702301
10.0,8572.0,0.007958931848406792,0.0,-0.6889481544494629
10.0,8576.0,0.007958931848406792,0.0,-0.6890914440155029
10.0,8580.0,0.007958931848406792,0.0,-0.6892839670181274
10.0,8583.0,0.007958931848406792,0.0,-0.6894784569740295
10.0,8586.0,0.007958931848406792,0.0,-0.6896254420280457
10.0,8590.0,0.007958931848406792,0.0,-0.6898228526115417
10.0,8594.0,0.007958931848406792,0.0,-0.6899719834327698
10.0,8597.0,0.007958931848406792,0.0,-0.6901722550392151
10.0,8601.0,0.007958931848406792,0.0,-0.6903740763664246
10.0,8604.0,0.007958931848406792,0.0,-0.6905263066291809
10.0,8608.0,0.007958931848406792,0.0,-0.690730631351471
10.0,8611.0,0.007958931848406792,0.0,-0.6908847093582153
10.0,8615.0,0.007958931848406792,0.0,-0.6910395622253418
10.0,8619.0,0.007958931848406792,0.0,-0.6912471055984497
10.0,8622.0,0.007958931848406792,0.0,-0.6914559602737427
10.0,8625.0,0.007958931848406792,0.0,-0.6916133165359497
10.0,8630.0,0.007958931848406792,0.0,-0.6918241381645203
10.0,8633.0,0.007958931848406792,0.0,-0.6920360922813416
10.0,8637.0,0.007958931848406792,0.0,-0.69219571352005
10.0,8640.0,0.007958931848406792,0.0,-0.6924094557762146
10.0,8644.0,0.007958931848406792,0.0,-0.6925704479217529
10.0,8647.0,0.007958931848406792,0.0,-0.6927858591079712
10.0,8651.0,0.007958931848406792,0.0,-0.6930022835731506
10.0,8654.0,0.007958931848406792,0.0,-0.6931651830673218
10.0,8658.0,0.007958931848406792,0.0,-0.6933830380439758
10.0,8671.0,0.007958931848406792,0.0,-0.6940414905548096
10.0,8675.0,0.007958931848406792,0.0,-0.6943178772926331
10.0,8681.0,0.007958931848406792,0.0,-0.6946509480476379
10.0,8685.0,0.007958931848406792,0.0,-0.6948737502098083
10.0,8689.0,0.007958931848406792,0.0,-0.6950972676277161
10.0,8693.0,0.007958931848406792,0.0,-0.6952652335166931
10.0,8696.0,0.007958931848406792,0.0,-0.695489764213562
10.0,8700.0,0.007958931848406792,0.0,-0.6957147717475891
10.0,8703.0,0.007958931848406792,0.0,-0.6958839893341064
10.0,8707.0,0.007963038980960846,0.0,-0.6974088549613953
10.0,8710.0,0.007963038980960846,0.0,-0.6975867748260498
10.0,8715.0,0.007963038980960846,0.0,-0.6978126764297485
10.0,8719.0,0.007963038980960846,0.0,-0.6979958415031433
10.0,8722.0,0.007963038980960846,0.0,-0.69813472032547
10.0,8726.0,0.007963038980960846,0.0,-0.6982747912406921
10.0,8729.0,0.007963038980960846,0.0,-0.6984633803367615
10.0,8732.0,0.007963038980960846,0.0,-0.6986060738563538
10.0,8736.0,0.007963038980960846,0.0,-0.698894739151001
10.0,8741.0,0.007963038980960846,0.0,-0.6990405917167664
10.0,8745.0,0.007963038980960846,0.0,-0.6992366909980774
10.0,8749.0,0.007963038980960846,0.0,-0.6994343400001526
10.0,8753.0,0.007963038980960846,0.0,-0.6996336579322815
10.0,8757.0,0.007963038980960846,0.0,-0.6997842192649841
10.0,8760.0,0.007963038980960846,0.0,-0.6999862790107727
10.0,8764.0,0.007963038980960846,0.0,-0.7001897692680359
10.0,8768.0,0.007963038980960846,0.0,-0.7003946304321289
10.0,8771.0,0.007963038980960846,0.0,-0.7005491852760315
10.0,8774.0,0.007963038980960846,0.0,-0.7007044553756714
10.0,8779.0,0.007963038980960846,0.0,-0.7009125351905823
10.0,8782.0,0.007963038980960846,0.0,-0.7011218667030334
10.0,8785.0,0.007963038980960846,0.0,-0.7012796998023987
10.0,8789.0,0.007963038980960846,0.0,-0.7014910578727722
10.0,8793.0,0.007963038980960846,0.0,-0.7017034292221069
10.0,8796.0,0.007963038980960846,0.0,-0.7018634676933289
10.0,8800.0,0.007963038980960846,0.0,-0.7020776867866516
10.0,8804.0,0.007963038980960846,0.0,-0.7022389769554138
10.0,8807.0,0.007963038980960846,0.0,-0.7024549245834351
10.0,8811.0,0.007963038980960846,0.0,-0.7026717066764832
10.0,8815.0,0.007963038980960846,0.0,-0.702834963798523
10.0,8819.0,0.0079671461135149,0.0,-0.7043963074684143
10.0,8822.0,0.0079671461135149,0.0,-0.7045674920082092
10.0,8826.0,0.0079671461135149,0.0,-0.7046976089477539
10.0,8829.0,0.0079671461135149,0.0,-0.7048734426498413
10.0,8833.0,0.0079671461135149,0.0,-0.7050517201423645
10.0,8836.0,0.0079671461135149,0.0,-0.7051870226860046
10.0,8840.0,0.0079671461135149,0.0,-0.7053694128990173
10.0,8844.0,0.0079671461135149,0.0,-0.7055076956748962
10.0,8847.0,0.0079671461135149,0.0,-0.7056940197944641
10.0,8851.0,0.0079671461135149,0.0,-0.7058823108673096
10.0,8854.0,0.0079671461135149,0.0,-0.7060248851776123
10.0,8869.0,0.0079671461135149,0.0,-0.7067041993141174
10.0,8872.0,0.0079671461135149,0.0,-0.7069021463394165
10.0,8875.0,0.0079671461135149,0.0,-0.707051694393158
10.0,8880.0,0.0079671461135149,0.0,-0.7072525024414062
10.0,8883.0,0.0079671461135149,0.0,-0.7074547410011292
10.0,8886.0,0.0079671461135149,0.0,-0.7076073884963989
10.0,8890.0,0.0079671461135149,0.0,-0.7078121900558472
10.0,8893.0,0.0079671461135149,0.0,-0.707966685295105
10.0,8897.0,0.0079671461135149,0.0,-0.7081738114356995
10.0,8901.0,0.0079671461135149,0.0,-0.7083821296691895
10.0,8904.0,0.0079671461135149,0.0,-0.7085391879081726
10.0,8908.0,0.0079671461135149,0.0,-0.7087496519088745
10.0,8912.0,0.0079671461135149,0.0,-0.708908200263977
10.0,8915.0,0.0079671461135149,0.0,-0.7091206312179565
10.0,8919.0,0.0079671461135149,0.0,-0.7093340754508972
10.0,8923.0,0.0079671461135149,0.0,-0.7095484733581543
10.0,8927.0,0.0079671461135149,0.0,-0.7097639441490173
10.0,8932.0,0.0079671461135149,0.0,-0.7100344300270081
10.0,8936.0,0.0079671461135149,0.0,-0.7102519273757935
10.0,8940.0,0.0079671461135149,0.0,-0.7104702591896057
10.0,8943.0,0.0079671461135149,0.0,-0.7106345295906067
10.0,8946.0,0.0079671461135149,0.0,-0.7107992172241211
10.0,8950.0,0.0079671461135149,0.0,-0.7110195159912109
10.0,8953.0,0.0079671461135149,0.0,-0.7111852169036865
10.0,8957.0,0.0079671461135149,0.0,-0.7113513350486755
10.0,8961.0,0.0079671461135149,0.0,-0.7115733623504639
10.0,8964.0,0.00797125231474638,0.0,-0.7131146788597107
10.0,8968.0,0.00797125231474638,0.0,-0.7132911086082458
10.0,8971.0,0.00797125231474638,0.0,-0.7134250402450562
10.0,8975.0,0.00797125231474638,0.0,-0.7135603427886963
10.0,8979.0,0.00797125231474638,0.0,-0.7137427926063538
10.0,8982.0,0.00797125231474638,0.0,-0.7139273881912231
10.0,8986.0,0.00797125231474638,0.0,-0.7140673398971558
10.0,8989.0,0.00797125231474638,0.0,-0.714255690574646
10.0,8993.0,0.00797125231474638,0.0,-0.7144461274147034
10.0,8996.0,0.00797125231474638,0.0,-0.7145901322364807
10.0,9000.0,0.00797125231474638,0.0,-0.714735209941864
10.0,9004.0,0.00797125231474638,0.0,-0.7149302363395691
10.0,9007.0,0.00797125231474638,0.0,-0.7151269912719727
10.0,9011.0,0.00797125231474638,0.0,-0.7153254747390747
10.0,9014.0,0.00797125231474638,0.0,-0.71547532081604
10.0,9019.0,0.00797125231474638,0.0,-0.7156766057014465
10.0,9022.0,0.00797125231474638,0.0,-0.7158792614936829
10.0,9025.0,0.00797125231474638,0.0,-0.7160322666168213
10.0,9029.0,0.00797125231474638,0.0,-0.716185986995697
10.0,9032.0,0.00797125231474638,0.0,-0.7163921594619751
10.0,9035.0,0.00797125231474638,0.0,-0.7165476679801941
10.0,9039.0,0.00797125231474638,0.0,-0.7167561054229736
10.0,9043.0,0.00797125231474638,0.0,-0.7169132828712463
10.0,9046.0,0.00797125231474638,0.0,-0.717123806476593
10.0,9059.0,0.00797125231474638,0.0,-0.7178155183792114
10.0,9063.0,0.00797125231474638,0.0,-0.7180305123329163
10.0,9066.0,0.00797125231474638,0.0,-0.7181923985481262
10.0,9070.0,0.00797125231474638,0.0,-0.7184090614318848
10.0,9073.0,0.00797125231474638,0.0,-0.718572199344635
10.0,9077.0,0.00797125231474638,0.0,-0.7187356948852539
10.0,9081.0,0.00797125231474638,0.0,-0.7189545035362244
10.0,9084.0,0.00797125231474638,0.0,-0.7191741466522217
10.0,9088.0,0.00797125231474638,0.0,-0.7193945050239563
10.0,9091.0,0.00797125231474638,0.0,-0.7195602655410767
10.0,9095.0,0.00797125231474638,0.0,-0.7197264432907104
10.0,9099.0,0.00797125231474638,0.0,-0.7199486494064331
10.0,9104.0,0.00797125231474638,0.0,-0.7202273011207581
10.0,9107.0,0.00797125231474638,0.0,-0.7204509377479553
10.0,9111.0,0.00797125231474638,0.0,-0.7206751704216003
10.0,9114.0,0.00797125231474638,0.0,-0.7208437919616699
10.0,9118.0,0.00797125231474638,0.0,-0.7210690975189209
10.0,9122.0,0.00797125231474638,0.0,-0.7212948799133301
10.0,9126.0,0.00797125231474638,0.0,-0.7215211987495422
10.0,9130.0,0.00797125231474638,0.0,-0.7217480540275574
10.0,9133.0,0.00797125231474638,0.0,-0.721918523311615
10.0,9136.0,0.00797125231474638,0.0,-0.7220892310142517
10.0,9140.0,0.007975359447300434,0.0,-0.7236603498458862
10.0,9144.0,0.007975359447300434,0.0,-0.723795473575592
10.0,9148.0,0.007975359447300434,0.0,-0.72397780418396
10.0,9151.0,0.007975359447300434,0.0,-0.7241623401641846
10.0,9155.0,0.007975359447300434,0.0,-0.7243021726608276
10.0,9159.0,0.007975359447300434,0.0,-0.7244904041290283
10.0,9162.0,0.007975359447300434,0.0,-0.7246807217597961
10.0,9166.0,0.007975359447300434,0.0,-0.7248246669769287
10.0,9169.0,0.007975359447300434,0.0,-0.7250182032585144
10.0,9172.0,0.007975359447300434,0.0,-0.7251645922660828
10.0,9177.0,0.007975359447300434,0.0,-0.7254107594490051
10.0,9182.0,0.007975359447300434,0.0,-0.7256594896316528
10.0,9186.0,0.007975359447300434,0.0,-0.7258602380752563
10.0,9190.0,0.007975359447300434,0.0,-0.7260625958442688
10.0,9194.0,0.007975359447300434,0.0,-0.7262152433395386
10.0,9197.0,0.007975359447300434,0.0,-0.7264201045036316
10.0,9201.0,0.007975359447300434,0.0,-0.7266262173652649
10.0,9205.0,0.007975359447300434,0.0,-0.7267816662788391
10.0,9209.0,0.007975359447300434,0.0,-0.7269901037216187
10.0,9212.0,0.007975359447300434,0.0,-0.7271997332572937
10.0,9215.0,0.007975359447300434,0.0,-0.7273577451705933
10.0,9219.0,0.007975359447300434,0.0,-0.7275694012641907
10.0,9223.0,0.007975359447300434,0.0,-0.7277288436889648
10.0,9226.0,0.007975359447300434,0.0,-0.7279423475265503
10.0,9230.0,0.007975359447300434,0.0,-0.7281031608581543
10.0,9233.0,0.007975359447300434,0.0,-0.728318452835083
10.0,9236.0,0.007975359447300434,0.0,-0.7284805774688721
10.0,9251.0,0.007975359447300434,0.0,-0.7292435169219971
10.0,9255.0,0.007975359447300434,0.0,-0.729518473148346
10.0,9259.0,0.007975359447300434,0.0,-0.729739248752594
10.0,9262.0,0.007975359447300434,0.0,-0.729905366897583
10.0,9266.0,0.007975359447300434,0.0,-0.7300718426704407
10.0,9269.0,0.007975359447300434,0.0,-0.730294406414032
10.0,9273.0,0.007975359447300434,0.0,-0.7305176258087158
10.0,9277.0,0.007975359447300434,0.0,-0.7306854724884033
10.0,9280.0,0.007979466579854488,0.0,-0.732228696346283
10.0,9284.0,0.007979466579854488,0.0,-0.7323618531227112
10.0,9287.0,0.007979466579854488,0.0,-0.7325416803359985
10.0,9291.0,0.007979466579854488,0.0,-0.7327237725257874
10.0,9295.0,0.007979466579854488,0.0,-0.7328618764877319
10.0,9299.0,0.007979466579854488,0.0,-0.7330478429794312
10.0,9302.0,0.007979466579854488,0.0,-0.7332360148429871
10.0,9306.0,0.007979466579854488,0.0,-0.7333784699440002
10.0,9310.0,0.007979466579854488,0.0,-0.7335700392723083
10.0,9313.0,0.007979466579854488,0.0,-0.7337635159492493
10.0,9316.0,0.007979466579854488,0.0,-0.7339098453521729
10.0,9321.0,0.007979466579854488,0.0,-0.7341064214706421
10.0,9324.0,0.007979466579854488,0.0,-0.7343047261238098
10.0,9328.0,0.007979466579854488,0.0,-0.7345046997070312
10.0,9331.0,0.007979466579854488,0.0,-0.7346556782722473
10.0,9335.0,0.007979466579854488,0.0,-0.7348074316978455
10.0,9339.0,0.007979466579854488,0.0,-0.7350111603736877
10.0,9342.0,0.007979466579854488,0.0,-0.7352162599563599
10.0,9346.0,0.007979466579854488,0.0,-0.7353709936141968
10.0,9350.0,0.007979466579854488,0.0,-0.7355784177780151
10.0,9353.0,0.007979466579854488,0.0,-0.7357871532440186
10.0,9356.0,0.007979466579854488,0.0,-0.7359445095062256
10.0,9360.0,0.007979466579854488,0.0,-0.7361552715301514
10.0,9365.0,0.007979466579854488,0.0,-0.7364203333854675
10.0,9369.0,0.007979466579854488,0.0,-0.7366870641708374
10.0,9374.0,0.007979466579854488,0.0,-0.7369016408920288
10.0,9378.0,0.007979466579854488,0.0,-0.7371172308921814
10.0,9382.0,0.007979466579854488,0.0,-0.73727947473526
10.0,9385.0,0.007979466579854488,0.0,-0.7374421954154968
10.0,9389.0,0.007979466579854488,0.0,-0.7376600503921509
10.0,9392.0,0.007979466579854488,0.0,-0.737878680229187
10.0,9395.0,0.007979466579854488,0.0,-0.7380432486534119
10.0,9399.0,0.007983572781085968,0.0,-0.7396060824394226
10.0,9403.0,0.007983572781085968,0.0,-0.7397354245185852
10.0,9406.0,0.007983572781085968,0.0,-0.7399101853370667
10.0,9410.0,0.007983572781085968,0.0,-0.7400429248809814
10.0,9413.0,0.007983572781085968,0.0,-0.740222156047821
10.0,9417.0,0.007983572781085968,0.0,-0.7404036521911621
10.0,9421.0,0.007983572781085968,0.0,-0.7405412793159485
10.0,9424.0,0.007983572781085968,0.0,-0.7407268285751343
10.0,9429.0,0.007983572781085968,0.0,-0.7409615516662598
10.0,9432.0,0.007983572781085968,0.0,-0.741151750087738
10.0,9446.0,0.007983572781085968,0.0,-0.7417335510253906
10.0,9450.0,0.007983572781085968,0.0,-0.7419310212135315
10.0,9453.0,0.007983572781085968,0.0,-0.7421301007270813
10.0,9457.0,0.007983572781085968,0.0,-0.7423308491706848
10.0,9461.0,0.007983572781085968,0.0,-0.7425330281257629
10.0,9465.0,0.007983572781085968,0.0,-0.7426856756210327
10.0,9469.0,0.007983572781085968,0.0,-0.742890477180481
10.0,9472.0,0.007983572781085968,0.0,-0.7430965900421143
10.0,9475.0,0.007983572781085968,0.0,-0.7432519793510437
10.0,9479.0,0.007983572781085968,0.0,-0.743408203125
10.0,9482.0,0.007983572781085968,0.0,-0.7436175346374512
10.0,9485.0,0.007983572781085968,0.0,-0.7437753081321716
10.0,9489.0,0.007983572781085968,0.0,-0.7439866662025452
10.0,9493.0,0.007983572781085968,0.0,-0.744145929813385
10.0,9496.0,0.007983572781085968,0.0,-0.7443591952323914
10.0,9500.0,0.007983572781085968,0.0,-0.744519829750061
10.0,9503.0,0.007983572781085968,0.0,-0.7447348237037659
10.0,9507.0,0.007983572781085968,0.0,-0.7448967099189758
10.0,9510.0,0.007983572781085968,0.0,-0.7451134920120239
10.0,9514.0,0.007983572781085968,0.0,-0.7452765703201294
10.0,9517.0,0.007983572781085968,0.0,-0.7454948425292969
10.0,9521.0,0.007983572781085968,0.0,-0.7456590533256531
10.0,9524.0,0.007987679913640022,0.0,-0.7472097277641296
10.0,9529.0,0.007987679913640022,0.0,-0.7473827600479126
10.0,9532.0,0.007987679913640022,0.0,-0.7475583553314209
10.0,9536.0,0.007987679913640022,0.0,-0.7476917505264282
10.0,9539.0,0.007987679913640022,0.0,-0.7478717565536499
10.0,9542.0,0.007987679913640022,0.0,-0.7480083107948303
10.0,9546.0,0.007987679913640022,0.0,-0.748146116733551
10.0,9550.0,0.007987679913640022,0.0,-0.7483785152435303
10.0,9555.0,0.007987679913640022,0.0,-0.7485668659210205
10.0,9559.0,0.007987679913640022,0.0,-0.748805046081543
10.0,9562.0,0.007987679913640022,0.0,-0.7489495277404785
10.0,9566.0,0.007987679913640022,0.0,-0.7490949630737305
10.0,9570.0,0.007987679913640022,0.0,-0.7492904663085938
10.0,9573.0,0.007987679913640022,0.0,-0.7494876384735107
10.0,9576.0,0.007987679913640022,0.0,-0.749636709690094
10.0,9580.0,0.007987679913640022,0.0,-0.749836802482605
10.0,9583.0,0.007987679913640022,0.0,-0.7499879002571106
10.0,9587.0,0.007987679913640022,0.0,-0.7501907348632812
10.0,9591.0,0.007987679913640022,0.0,-0.7503949999809265
10.0,9594.0,0.007987679913640022,0.0,-0.7505490779876709
10.0,9598.0,0.007987679913640022,0.0,-0.7507556676864624
10.0,9601.0,0.007987679913640022,0.0,-0.75091153383255
10.0,9605.0,0.007987679913640022,0.0,-0.751068115234375
10.0,9609.0,0.007987679913640022,0.0,-0.7512778639793396
10.0,9612.0,0.007987679913640022,0.0,-0.7514888644218445
10.0,9616.0,0.007987679913640022,0.0,-0.7516477704048157
10.0,9620.0,0.007987679913640022,0.0,-0.7518607378005981
10.0,9623.0,0.007987679913640022,0.0,-0.7520747184753418
10.0,9635.0,0.007987679913640022,0.0,-0.7527225017547607
10.0,9639.0,0.007987679913640022,0.0,-0.7528857588768005
10.0,9642.0,0.007987679913640022,0.0,-0.7531041502952576
10.0,9646.0,0.007987679913640022,0.0,-0.7532684803009033
10.0,9650.0,0.007987679913640022,0.0,-0.7534884214401245
10.0,9653.0,0.007991786114871502,0.0,-0.7550275921821594
10.0,9657.0,0.007991786114871502,0.0,-0.7552019953727722
10.0,9661.0,0.007991786114871502,0.0,-0.7553790211677551
10.0,9664.0,0.007991786114871502,0.0,-0.7555133700370789
10.0,9668.0,0.007991786114871502,0.0,-0.7556946277618408
10.0,9671.0,0.007991786114871502,0.0,-0.7558321356773376
10.0,9675.0,0.007991786114871502,0.0,-0.7560173273086548
10.0,9680.0,0.007991786114871502,0.0,-0.7562046647071838
10.0,9685.0,0.007991786114871502,0.0,-0.7564418315887451
10.0,9689.0,0.007991786114871502,0.0,-0.7566336989402771
10.0,9692.0,0.007991786114871502,0.0,-0.7568274736404419
10.0,9696.0,0.007991786114871502,0.0,-0.7570230960845947
10.0,9700.0,0.007991786114871502,0.0,-0.757220447063446
10.0,9704.0,0.007991786114871502,0.0,-0.7573695778846741
10.0,9707.0,0.007991786114871502,0.0,-0.7575697302818298
10.0,9711.0,0.007991786114871502,0.0,-0.7577715516090393
10.0,9717.0,0.007991786114871502,0.0,-0.7580257654190063
10.0,9720.0,0.007991786114871502,0.0,-0.7582308650016785
10.0,9724.0,0.007991786114871502,0.0,-0.7584372758865356
10.0,9728.0,0.007991786114871502,0.0,-0.758592963218689
10.0,9731.0,0.007995893247425556,0.0,-0.7601447105407715
10.0,9734.0,0.007995893247425556,0.0,-0.7602659463882446
10.0,9739.0,0.007995893247425556,0.0,-0.7604302167892456
10.0,9743.0,0.007995893247425556,0.0,-0.760682225227356
10.0,9749.0,0.007995893247425556,0.0,-0.7608537077903748
10.0,9752.0,0.007995893247425556,0.0,-0.761027991771698
10.0,9756.0,0.007995893247425556,0.0,-0.7612047791481018
10.0,9760.0,0.007995893247425556,0.0,-0.7613389492034912
10.0,9763.0,0.007995893247425556,0.0,-0.7615200877189636
10.0,9766.0,0.007995893247425556,0.0,-0.7616574168205261
10.0,9770.0,0.007995893247425556,0.0,-0.7618424892425537
10.0,9774.0,0.007995893247425556,0.0,-0.7619826793670654
10.0,9777.0,0.007995893247425556,0.0,-0.7621715068817139
10.0,9781.0,0.007995893247425556,0.0,-0.7623623013496399
10.0,9784.0,0.007995893247425556,0.0,-0.7625066637992859
10.0,9789.0,0.007995893247425556,0.0,-0.7627007961273193
10.0,9792.0,0.007995893247425556,0.0,-0.7628967761993408
10.0,9795.0,0.007995893247425556,0.0,-0.7630448937416077
10.0,9799.0,0.007995893247425556,0.0,-0.7632437944412231
10.0,9802.0,0.00800000037997961,0.0,-0.7647250294685364
10.0,9806.0,0.00800000037997961,0.0,-0.7648792862892151
10.0,9810.0,0.00800000037997961,0.0,-0.7649971842765808
10.0,9813.0,0.00800000037997961,0.0,-0.7651572823524475
10.0,9816.0,0.00800000037997961,0.0,-0.7652794122695923
10.0,9820.0,0.00800000037997961,0.0,-0.7654448747634888
10.0,9832.0,0.00800000037997961,0.0,-0.7659149169921875
10.0,9835.0,0.00800000037997961,0.0,-0.7660908102989197
10.0,9839.0,0.00800000037997961,0.0,-0.7662692666053772
10.0,9843.0,0.00800000037997961,0.0,-0.7664047479629517
10.0,9846.0,0.00800000037997961,0.0,-0.7665873765945435
10.0,9850.0,0.00800000037997961,0.0,-0.7667723298072815
10.0,9853.0,0.00800000037997961,0.0,-0.7669123411178589
10.0,9856.0,0.00800000037997961,0.0,-0.7670536637306213
10.0,9860.0,0.00800000037997961,0.0,-0.7672438621520996
10.0,9864.0,0.00800000037997961,0.0,-0.7674843668937683
10.0,9869.0,0.00800000037997961,0.0,-0.7676299810409546
10.0,9873.0,0.00800000037997961,0.0,-0.767875075340271
10.0,9877.0,0.00800410658121109,0.0,-0.7694036960601807
10.0,9881.0,0.00800410658121109,0.0,-0.7695558667182922
10.0,9884.0,0.00800410658121109,0.0,-0.7696723937988281
10.0,9888.0,0.00800410658121109,0.0,-0.7698305249214172
10.0,9892.0,0.00800410658121109,0.0,-0.7699512839317322
10.0,9895.0,0.00800410658121109,0.0,-0.770115077495575
10.0,9899.0,0.00800410658121109,0.0,-0.7702398896217346
10.0,9902.0,0.00800410658121109,0.0,-0.7704088091850281
10.0,9905.0,0.00800410658121109,0.0,-0.7705373764038086
10.0,9909.0,0.00800410658121109,0.0,-0.7707111835479736
10.0,9912.0,0.00800410658121109,0.0,-0.7708432078361511
10.0,9916.0,0.00800410658121109,0.0,-0.7710215449333191
10.0,9920.0,0.00800410658121109,0.0,-0.7711567878723145
10.0,9923.0,0.00800410658121109,0.0,-0.7713393568992615
10.0,9928.0,0.00800410658121109,0.0,-0.7715706825256348
10.0,9933.0,0.00800410658121109,0.0,-0.7718052864074707
10.0,9937.0,0.00800410658121109,0.0,-0.773350715637207
10.0,9941.0,0.008008213713765144,0.0,-0.773494303226471
10.0,9944.0,0.008008213713765144,0.0,-0.7736046314239502
10.0,9948.0,0.008008213713765144,0.0,-0.7737547755241394
10.0,9952.0,0.008008213713765144,0.0,-0.7738697528839111
10.0,9955.0,0.008008213713765144,0.0,-0.774026095867157
10.0,9959.0,0.008008213713765144,0.0,-0.7741856575012207
10.0,9962.0,0.008008213713765144,0.0,-0.7743074893951416
10.0,9966.0,0.008008213713765144,0.0,-0.7744725346565247
10.0,9970.0,0.008008213713765144,0.0,-0.7745983600616455
10.0,9973.0,0.008008213713765144,0.0,-0.774768590927124
10.0,9977.0,0.008012319914996624,0.0,-0.7762842774391174
10.0,9981.0,0.008012319914996624,0.0,-0.7763796448707581
10.0,9984.0,0.008012319914996624,0.0,-0.7765107154846191
10.0,9988.0,0.008012319914996624,0.0,-0.776646077632904
10.0,9991.0,0.008012319914996624,0.0,-0.7767503261566162
10.0,9995.0,0.008012319914996624,0.0,-0.7768567800521851
10.0,9999.0,0.008012319914996624,0.0,-0.777002215385437
10.0,10002.0,0.008012319914996624,0.0,-0.777151346206665
10.0,10006.0,0.008016427047550678,0.0,-0.7785965204238892
10.0,10010.0,0.008016427047550678,0.0,-0.7787044644355774
10.0,10013.0,0.008016427047550678,0.0,-0.7788175344467163
10.0,10025.0,0.008016427047550678,0.0,-0.7791862487792969
10.0,10029.0,0.008016427047550678,0.0,-0.7792849540710449
10.0,10032.0,0.008016427047550678,0.0,-0.7794201970100403
10.0,10035.0,0.008016427047550678,0.0,-0.7795243859291077
10.0,10039.0,0.008020534180104733,0.0,-0.7809861898422241
10.0,10043.0,0.008020534180104733,0.0,-0.7810829877853394
10.0,10046.0,0.008020534180104733,0.0,-0.781185507774353
10.0,10050.0,0.008020534180104733,0.0,-0.7813212275505066
10.0,10055.0,0.008020534180104733,0.0,-0.7814064621925354
10.0,10060.0,0.008020534180104733,0.0,-0.7815549969673157
10.0,10063.0,0.008020534180104733,0.0,-0.781679093837738
10.0,10066.0,0.008024640381336212,0.0,-0.7831303477287292
10.0,10070.0,0.008024640381336212,0.0,-0.7832139730453491
10.0,10073.0,0.008024640381336212,0.0,-0.7832807898521423
10.0,10077.0,0.008024640381336212,0.0,-0.7833752036094666
10.0,10081.0,0.008024640381336212,0.0,-0.7834497094154358
10.0,10084.0,0.008024640381336212,0.0,-0.7835540175437927
10.0,10088.0,0.008024640381336212,0.0,-0.7836635708808899
10.0,10092.0,0.008024640381336212,0.0,-0.7837492227554321
10.0,10095.0,0.008024640381336212,0.0,-0.7838678359985352
10.0,10099.0,0.008024640381336212,0.0,-0.7853465676307678
10.0,10102.0,0.008028747513890266,0.0,-0.7854056358337402
10.0,10106.0,0.008028747513890266,0.0,-0.7854900360107422
10.0,10110.0,0.008028747513890266,0.0,-0.7855805158615112
10.0,10114.0,0.008028747513890266,0.0,-0.7856523394584656
10.0,10118.0,0.008028747513890266,0.0,-0.7857791185379028
10.0,10121.0,0.008028747513890266,0.0,-0.7858593463897705
10.0,10125.0,0.00803285464644432,0.0,-0.7872856259346008
10.0,10129.0,0.00803285464644432,0.0,-0.7873530983924866
10.0,10132.0,0.00803285464644432,0.0,-0.7874274253845215
10.0,10136.0,0.00803285464644432,0.0,-0.7874875068664551
10.0,10139.0,0.00803285464644432,0.0,-0.7875730991363525
10.0,10142.0,0.00803285464644432,0.0,-0.7876413464546204
10.0,10146.0,0.0080369608476758,0.0,-0.7890680432319641
10.0,10150.0,0.0080369608476758,0.0,-0.7891201376914978
10.0,10153.0,0.0080369608476758,0.0,-0.7891796827316284
10.0,10156.0,0.0080369608476758,0.0,-0.7892290353775024
10.0,10160.0,0.0080369608476758,0.0,-0.7893009185791016
10.0,10163.0,0.0080369608476758,0.0,-0.7893592119216919
10.0,10168.0,0.0080369608476758,0.0,-0.7894425392150879
10.0,10172.0,0.008041067980229855,0.0,-0.790875256061554
10.0,10175.0,0.008041067980229855,0.0,-0.7909228801727295
10.0,10180.0,0.008041067980229855,0.0,-0.7909781336784363
10.0,10185.0,0.008041067980229855,0.0,-0.7910746335983276
10.0,10189.0,0.008041067980229855,0.0,-0.7911288738250732
10.0,10192.0,0.008045174181461334,0.0,-0.7925496697425842
10.0,10196.0,0.008045174181461334,0.0,-0.792576253414154
10.0,10200.0,0.008045174181461334,0.0,-0.7926308512687683
10.0,10204.0,0.008045174181461334,0.0,-0.792669415473938
10.0,10207.0,0.008045174181461334,0.0,-0.7927274107933044
10.0,10220.0,0.008049281314015388,0.0,-0.7942247986793518
10.0,10224.0,0.008049281314015388,0.0,-0.7942556738853455
10.0,10227.0,0.008049281314015388,0.0,-0.7943037152290344
10.0,10231.0,0.008049281314015388,0.0,-0.7943593859672546
10.0,10235.0,0.008049281314015388,0.0,-0.794405996799469
10.0,10240.0,0.008053388446569443,0.0,-0.7958060503005981
10.0,10243.0,0.008053388446569443,0.0,-0.7958294153213501
10.0,10248.0,0.008053388446569443,0.0,-0.7958788275718689
10.0,10252.0,0.008053388446569443,0.0,-0.7959144711494446
10.0,10255.0,0.008053388446569443,0.0,-0.7959685921669006
10.0,10259.0,0.008053388446569443,0.0,-0.7960301637649536
10.0,10262.0,0.008057494647800922,0.0,-0.7974238395690918
10.0,10266.0,0.008057494647800922,0.0,-0.7974423766136169
10.0,10270.0,0.008057494647800922,0.0,-0.7974746823310852
10.0,10273.0,0.008057494647800922,0.0,-0.7975152730941772
10.0,10276.0,0.008057494647800922,0.0,-0.7975508570671082
10.0,10280.0,0.008057494647800922,0.0,-0.7975908517837524
10.0,10283.0,0.008057494647800922,0.0,-0.7976505160331726
10.0,10286.0,0.008057494647800922,0.0,-0.7977001667022705
10.0,10290.0,0.008061601780354977,0.0,-0.7991153597831726
10.0,10294.0,0.008061601780354977,0.0,-0.7991377115249634
10.0,10298.0,0.008061601780354977,0.0,-0.7991853952407837
10.0,10301.0,0.008061601780354977,0.0,-0.799220085144043
10.0,10305.0,0.008061601780354977,0.0,-0.7992591261863708
10.0,10309.0,0.008061601780354977,0.0,-0.7993176579475403
10.0,10312.0,0.008061601780354977,0.0,-0.799366295337677
10.0,10315.0,0.008061601780354977,0.0,-0.8007924556732178
10.0,10319.0,0.008065707981586456,0.0,-0.8008217811584473
10.0,10322.0,0.008065707981586456,0.0,-0.8008492588996887
10.0,10326.0,0.008065707981586456,0.0,-0.8008814454078674
10.0,10330.0,0.008065707981586456,0.0,-0.8009310960769653
10.0,10333.0,0.008065707981586456,0.0,-0.8009883165359497
10.0,10337.0,0.008065707981586456,0.0,-0.8010360598564148
10.0,10340.0,0.008065707981586456,0.0,-0.8011058568954468
10.0,10343.0,0.00806981511414051,0.0,-0.8024936318397522
10.0,10348.0,0.00806981511414051,0.0,-0.8025276064872742
10.0,10351.0,0.00806981511414051,0.0,-0.8025698661804199
10.0,10355.0,0.00806981511414051,0.0,-0.8026067614555359
10.0,10359.0,0.00806981511414051,0.0,-0.8026625514030457
10.0,10362.0,0.00806981511414051,0.0,-0.8027257919311523
10.0,10366.0,0.00806981511414051,0.0,-0.8027960062026978
10.0,10372.0,0.008073922246694565,0.0,-0.8042120933532715
10.0,10376.0,0.008073922246694565,0.0,-0.8042502403259277
10.0,10379.0,0.008073922246694565,0.0,-0.8042963743209839
10.0,10382.0,0.008073922246694565,0.0,-0.8043360710144043
10.0,10386.0,0.008073922246694565,0.0,-0.8043955564498901
10.0,10390.0,0.008073922246694565,0.0,-0.8044449090957642
10.0,10394.0,0.008078028447926044,0.0,-0.805871844291687
10.0,10397.0,0.008078028447926044,0.0,-0.8059020638465881
10.0,10400.0,0.008078028447926044,0.0,-0.8059301972389221
10.0,10413.0,0.008082135580480099,0.0,-0.80743408203125
10.0,10416.0,0.008082135580480099,0.0,-0.8074493408203125
10.0,10420.0,0.008082135580480099,0.0,-0.8074695467948914
10.0,10424.0,0.008082135580480099,0.0,-0.8075038194656372
10.0,10428.0,0.008082135580480099,0.0,-0.8075582385063171
10.0,10433.0,0.008082135580480099,0.0,-0.807624876499176
10.0,10437.0,0.008086242713034153,0.0,-0.8090295791625977
10.0,10441.0,0.008086242713034153,0.0,-0.809050440788269
10.0,10444.0,0.008086242713034153,0.0,-0.8090718388557434
10.0,10448.0,0.008086242713034153,0.0,-0.809107780456543
10.0,10452.0,0.008086242713034153,0.0,-0.809151828289032
10.0,10456.0,0.008086242713034153,0.0,-0.809190034866333
10.0,10460.0,0.008086242713034153,0.0,-0.809247612953186
10.0,10463.0,0.008090348914265633,0.0,-0.8106552362442017
10.0,10466.0,0.008090348914265633,0.0,-0.8106722235679626
10.0,10470.0,0.008090348914265633,0.0,-0.8107025027275085
10.0,10474.0,0.008090348914265633,0.0,-0.8107307553291321
10.0,10478.0,0.008090348914265633,0.0,-0.8107879161834717
10.0,10481.0,0.008090348914265633,0.0,-0.8108280301094055
10.0,10484.0,0.008090348914265633,0.0,-0.8108723759651184
10.0,10489.0,0.008094456046819687,0.0,-0.8122809529304504
10.0,10492.0,0.008094456046819687,0.0,-0.8123053908348083
10.0,10495.0,0.008094456046819687,0.0,-0.8123294711112976
10.0,10499.0,0.008094456046819687,0.0,-0.8123688101768494
10.0,10502.0,0.008094456046819687,0.0,-0.8124036192893982
10.0,10505.0,0.008094456046819687,0.0,-0.8124427199363708
10.0,10509.0,0.008098562248051167,0.0,-0.8138566017150879
10.0,10512.0,0.008098562248051167,0.0,-0.8138689398765564
10.0,10516.0,0.008098562248051167,0.0,-0.8138933181762695
10.0,10520.0,0.008098562248051167,0.0,-0.8139262199401855
10.0,10523.0,0.008098562248051167,0.0,-0.8139564394950867
10.0,10526.0,0.008098562248051167,0.0,-0.8139910697937012
10.0,10530.0,0.008098562248051167,0.0,-0.8140440583229065
10.0,10534.0,0.00810266938060522,0.0,-0.8154442310333252
10.0,10538.0,0.00810266938060522,0.0,-0.8154617547988892
10.0,10541.0,0.00810266938060522,0.0,-0.8154881596565247
10.0,10545.0,0.00810266938060522,0.0,-0.815513551235199
10.0,10549.0,0.00810266938060522,0.0,-0.8155546188354492
10.0,10554.0,0.00810266938060522,0.0,-0.8156172037124634
10.0,10559.0,0.00810266938060522,0.0,-0.8156915903091431
10.0,10562.0,0.00810266938060522,0.0,-0.8157592415809631
10.0,10565.0,0.00810266938060522,0.0,-0.8158144950866699
10.0,10569.0,0.008106776513159275,0.0,-0.81722491979599
10.0,10572.0,0.008106776513159275,0.0,-0.8172531127929688
10.0,10576.0,0.008106776513159275,0.0,-0.8172976970672607
10.0,10580.0,0.008106776513159275,0.0,-0.81733638048172
10.0,10583.0,0.008106776513159275,0.0,-0.817394495010376
10.0,10586.0,0.008106776513159275,0.0,-0.817442774772644
10.0,10590.0,0.008110882714390755,0.0,-0.8188441395759583
10.0,10594.0,0.008110882714390755,0.0,-0.818874180316925
10.0,10607.0,0.008110882714390755,0.0,-0.820383608341217
10.0,10611.0,0.008114989846944809,0.0,-0.8203940987586975
10.0,10614.0,0.008114989846944809,0.0,-0.8204159736633301
10.0,10618.0,0.008114989846944809,0.0,-0.8204466700553894
10.0,10622.0,0.008114989846944809,0.0,-0.820475161075592
10.0,10625.0,0.008114989846944809,0.0,-0.820520281791687
10.0,10629.0,0.008119096048176289,0.0,-0.8219020366668701
10.0,10633.0,0.008119096048176289,0.0,-0.8219126462936401
10.0,10636.0,0.008119096048176289,0.0,-0.8219325542449951
10.0,10640.0,0.008119096048176289,0.0,-0.8219532370567322
10.0,10643.0,0.008119096048176289,0.0,-0.8219882845878601
10.0,10646.0,0.008119096048176289,0.0,-0.8220199942588806
10.0,10651.0,0.008123203180730343,0.0,-0.8233880400657654
10.0,10654.0,0.008123203180730343,0.0,-0.8233978152275085
10.0,10659.0,0.008123203180730343,0.0,-0.8234167695045471
10.0,10662.0,0.008123203180730343,0.0,-0.8234446048736572
10.0,10665.0,0.008127310313284397,0.0,-0.824802041053772
10.0,10669.0,0.008127310313284397,0.0,-0.8247970938682556
10.0,10673.0,0.008127310313284397,0.0,-0.8247998952865601
10.0,10677.0,0.008127310313284397,0.0,-0.8248162269592285
10.0,10683.0,0.008131416514515877,0.0,-0.8261611461639404
10.0,10687.0,0.008131416514515877,0.0,-0.8261508941650391
10.0,10691.0,0.008131416514515877,0.0,-0.8261497616767883
10.0,10694.0,0.008135523647069931,0.0,-0.8274877667427063
10.0,10698.0,0.008135523647069931,0.0,-0.8274565935134888
10.0,10701.0,0.008135523647069931,0.0,-0.8274404406547546
10.0,10705.0,0.008139630779623985,0.0,-0.828758955001831
10.0,10709.0,0.008139630779623985,0.0,-0.8287205100059509
10.0,10712.0,0.008139630779623985,0.0,-0.8286795020103455
10.0,10718.0,0.008143736980855465,0.0,-0.8299337029457092
10.0,10722.0,0.00814784411340952,0.0,-0.831243097782135
10.0,10725.0,0.00814784411340952,0.0,-0.8311439156532288
10.0,10729.0,0.008151950314640999,0.0,-0.8324010968208313
10.0,10733.0,0.008151950314640999,0.0,-0.832309365272522
10.0,10737.0,0.008151950314640999,0.0,-0.8321996331214905
10.0,10740.0,0.008156057447195053,0.0,-0.833422839641571
10.0,10744.0,0.008160164579749107,0.0,-0.8346365094184875
10.0,10750.0,0.008164270780980587,0.0,-0.8357909321784973
10.0,10753.0,0.008164270780980587,0.0,-0.8355998992919922
10.0,10757.0,0.008168377913534641,0.0,-0.8367449045181274
10.0,10761.0,0.008172485046088696,0.0,-0.8378595113754272
10.0,10764.0,0.008176591247320175,0.0,-0.8390130996704102
10.0,10769.0,0.008184804581105709,0.0,-0.8414078950881958
10.0,10772.0,0.008193018846213818,0.0,-0.8437403440475464
10.0,10775.0,0.008201232179999352,0.0,-0.8461011648178101
10.0,10779.0,0.00821355264633894,0.0,-0.8509591817855835
10.0,10782.0,0.008225873112678528,0.0,-0.8544962406158447
10.0,10786.0,0.00824640691280365,0.0,-0.8592880964279175
10.0,10790.0,0.008271046914160252,0.0,-0.8663915395736694
10.0,10793.0,0.008299794979393482,0.0,-0.8772596120834351
10.0,10806.0,0.008501026779413223,-0.0015339808305725455,-0.6684468984603882
10.0,10810.0,0.008591375313699245,-0.0015339808305725455,-0.700298011302948
10.0,10813.0,0.00866119097918272,-0.0015339808305725455,-0.7309774160385132
10.0,10817.0,0.008751540444791317,-0.0015339808305725455,-0.7539507150650024
10.0,10821.0,0.00883778277784586,-0.0015339808305725455,-0.7814092636108398
10.0,10824.0,0.008903490379452705,-0.003067961661145091,-0.5424942970275879
10.0,10828.0,0.008981519378721714,-0.003067961661145091,-0.5712957978248596
10.0,10832.0,0.009047227911651134,-0.003067961661145091,-0.5878587961196899
10.0,10835.0,0.009080082178115845,-0.003067961661145091,-0.6030020117759705
10.0,10839.0,0.009112936444580555,-0.003067961661145091,-0.6120011806488037
10.0,10842.0,0.009133470244705677,-0.003067961661145091,-0.619600772857666
10.0,10846.0,0.009145790711045265,-0.003067961661145091,-0.6255936026573181
10.0,10850.0,0.009158111177384853,-0.003067961661145091,-0.6300624012947083
10.0,10853.0,0.009166324511170387,-0.003067961661145091,-0.6316407918930054
10.0,10857.0,0.009170431643724442,-0.003067961661145091,-0.6332361698150635
10.0,10861.0,0.009170431643724442,-0.003067961661145091,-0.6333991289138794
10.0,10865.0,0.009170431643724442,-0.003067961661145091,-0.6336735486984253
10.0,10869.0,0.009174537844955921,-0.003067961661145091,-0.635282039642334
10.0,10874.0,0.009174537844955921,-0.003067961661145091,-0.6354590654373169
10.0,10879.0,0.009174537844955921,-0.003067961661145091,-0.6356399655342102
10.0,10882.0,0.009174537844955921,-0.003067961661145091,-0.6358246207237244
10.0,10886.0,0.009174537844955921,-0.003067961661145091,-0.6359654664993286
10.0,10889.0,0.009174537844955921,-0.003067961661145091,-0.6361562013626099
10.0,10893.0,0.009174537844955921,-0.003067961661145091,-0.6363014578819275
10.0,10896.0,0.009174537844955921,-0.003067961661145091,-0.636497974395752
10.0,10900.0,0.009174537844955921,-0.003067961661145091,-0.6366474032402039
10.0,10903.0,0.009178644977509975,-0.003067961661145091,-0.6381802558898926
10.0,10906.0,0.009178644977509975,-0.003067961661145091,-0.6382979154586792
10.0,10911.0,0.009178644977509975,-0.003067961661145091,-0.6384588479995728
10.0,10914.0,0.009178644977509975,-0.003067961661145091,-0.6386243104934692
10.0,10917.0,0.009178644977509975,-0.003067961661145091,-0.6387512683868408
10.0,10921.0,0.009178644977509975,-0.003067961661145091,-0.6389241814613342
10.0,10924.0,0.009178644977509975,-0.003067961661145091,-0.6390565633773804
10.0,10929.0,0.009178644977509975,-0.003067961661145091,-0.6392820477485657
10.0,10933.0,0.009178644977509975,-0.003067961661145091,-0.640821635723114
10.0,10937.0,0.009182751178741455,-0.003067961661145091,-0.6409612894058228
10.0,10941.0,0.009182751178741455,-0.003067961661145091,-0.6411063075065613
10.0,10944.0,0.009182751178741455,-0.003067961661145091,-0.6412184238433838
10.0,10948.0,0.009182751178741455,-0.004601942375302315,-0.3759783208370209
10.0,10952.0,0.009182751178741455,-0.004601942375302315,-0.38206109404563904
10.0,10955.0,0.009182751178741455,-0.004601942375302315,-0.3864726126194
10.0,10959.0,0.009182751178741455,-0.004601942375302315,-0.3907592296600342
10.0,10962.0,0.009182751178741455,-0.004601942375302315,-0.3962867558002472
10.0,10965.0,0.009182751178741455,-0.004601942375302315,-0.4002962112426758
10.0,10969.0,0.009182751178741455,-0.004601942375302315,-0.4054669737815857
10.0,10973.0,0.009182751178741455,-0.004601942375302315,-0.40921804308891296
10.0,10976.0,0.009182751178741455,-0.004601942375302315,-0.41405630111694336
10.0,10980.0,0.009182751178741455,-0.004601942375302315,-0.41756653785705566
10.0,10983.0,0.009182751178741455,-0.004601942375302315,-0.42209476232528687
10.0,10987.0,0.009182751178741455,-0.004601942375302315,-0.4253806471824646
10.0,11000.0,0.009182751178741455,-0.004601942375302315,-0.4385967552661896
10.0,11004.0,0.009182751178741455,-0.004601942375302315,-0.44326743483543396
10.0,11009.0,0.009182751178741455,-0.004601942375302315,-0.4468507468700409
10.0,11012.0,0.009182751178741455,-0.004601942375302315,-0.4503037631511688
10.0,11016.0,0.009182751178741455,-0.004601942375302315,-0.45363160967826843
10.0,11020.0,0.009182751178741455,-0.004601942375302315,-0.45683911442756653
10.0,11024.0,0.009182751178741455,-0.004601942375302315,-0.45916876196861267
10.0,11028.0,0.009182751178741455,-0.004601942375302315,-0.4629122018814087
10.0,11032.0,0.009182751178741455,-0.004601942375302315,-0.46578657627105713
10.0,11036.0,0.009182751178741455,-0.004601942375302315,-0.46787500381469727
10.0,11039.0,0.009182751178741455,-0.004601942375302315,-0.4705728590488434
10.0,11044.0,0.009182751178741455,-0.004601942375302315,-0.47381141781806946
10.0,11048.0,0.009182751178741455,-0.004601942375302315,-0.4762997329235077
10.0,11052.0,0.009182751178741455,-0.004601942375302315,-0.4792879521846771
10.0,11057.0,0.009182751178741455,-0.004601942375302315,-0.48214662075042725
10.0,11062.0,0.009182751178741455,-0.004601942375302315,-0.48434460163116455
10.0,11066.0,0.009182751178741455,-0.006135923322290182,-0.22257618606090546
10.0,11070.0,0.009182751178741455,-0.006135923322290182,-0.2304905503988266
10.0,11073.0,0.009182751178741455,-0.006135923322290182,-0.2362280935049057
10.0,11077.0,0.009182751178741455,-0.006135923322290182,-0.24362348020076752
10.0,11081.0,0.009182751178741455,-0.006135923322290182,-0.24898533523082733
10.0,11084.0,0.009182751178741455,-0.006135923322290182,-0.25589707493782043
10.0,11088.0,0.009182751178741455,-0.006135923322290182,-0.2625473439693451
10.0,11092.0,0.009182751178741455,-0.006135923322290182,-0.2673696279525757
10.0,11095.0,0.009182751178741455,-0.006135923322290182,-0.27358680963516235
10.0,11099.0,0.009182751178741455,-0.006135923322290182,-0.2795698344707489
10.0,11103.0,0.009182751178741455,-0.006135923322290182,-0.28390902280807495
10.0,11106.0,0.009182751178741455,-0.006135923322290182,-0.2895042598247528
10.0,11110.0,0.009182751178741455,-0.006135923322290182,-0.29356274008750916
10.0,11113.0,0.009182751178741455,-0.006135923322290182,-0.298796683549881
10.0,11116.0,0.009182751178741455,-0.006135923322290182,-0.3025934398174286
10.0,11120.0,0.009182751178741455,-0.006135923322290182,-0.3074904680252075
10.0,11124.0,0.009182751178741455,-0.006135923322290182,-0.3110433518886566
10.0,11127.0,0.009182751178741455,-0.0076699042692780495,-0.05023244768381119
10.0,11131.0,0.009182751178741455,-0.0076699042692780495,-0.059214938431978226
10.0,11134.0,0.009178644977509975,-0.0076699042692780495,-0.06674361974000931
10.0,11138.0,0.009174537844955921,-0.0076699042692780495,-0.0751136764883995
10.0,11142.0,0.009174537844955921,-0.0076699042692780495,-0.08218061923980713
10.0,11145.0,0.009170431643724442,-0.0076699042692780495,-0.08995679020881653
10.0,11149.0,0.009170431643724442,-0.0076699042692780495,-0.09659352153539658
10.0,11152.0,0.009170431643724442,-0.0076699042692780495,-0.1051463931798935
10.0,11155.0,0.009170431643724442,-0.0076699042692780495,-0.11134623736143112
10.0,11159.0,0.009170431643724442,-0.0076699042692780495,-0.11933675408363342
10.0,11162.0,0.009170431643724442,-0.0076699042692780495,-0.12512952089309692
10.0,11166.0,0.009170431643724442,-0.0076699042692780495,-0.13075631856918335
10.0,11170.0,0.009170431643724442,-0.0076699042692780495,-0.13800911605358124
10.0,11173.0,0.009170431643724442,-0.00920388475060463,0.12040701508522034
10.0,11176.0,0.009170431643724442,-0.00920388475060463,0.11223752051591873
10.0,11182.0,0.009162217378616333,-0.00920388475060463,0.0952811986207962
10.0,11186.0,0.009154004044830799,-0.00920388475060463,0.08628059923648834
10.0,11199.0,0.009141683578491211,-0.00920388475060463,0.054839685559272766
10.0,11203.0,0.009141683578491211,-0.00920388475060463,0.3131965696811676
10.0,11207.0,0.009141683578491211,-0.010737866163253784,0.30132776498794556
10.0,11211.0,0.009137577377259731,-0.010737866163253784,0.287382572889328
10.0,11214.0,0.009129363112151623,-0.010737866163253784,0.27666738629341125
10.0,11218.0,0.009112936444580555,-0.010737866163253784,0.26636651158332825
10.0,11222.0,0.009100615978240967,-0.010737866163253784,0.25991350412368774
10.0,11225.0,0.009092402644455433,-0.010737866163253784,0.2502717077732086
10.0,11229.0,0.009080082178115845,-0.010737866163253784,0.24101386964321136
10.0,11232.0,0.00907186884433031,-0.010737866163253784,0.23398233950138092
10.0,11236.0,0.009063654579222202,-0.012271846644580364,0.4942646920681
10.0,11240.0,0.009055441245436668,-0.012271846644580364,0.47859808802604675
10.0,11244.0,0.009047227911651134,-0.012271846644580364,0.46058082580566406
10.0,11249.0,0.009018480777740479,-0.012271846644580364,0.44873565435409546
10.0,11252.0,0.008989732712507248,-0.012271846644580364,0.4443396329879761
10.0,11256.0,0.008960985578596592,-0.012271846644580364,0.44003674387931824
10.0,11260.0,0.008924024179577827,-0.012271846644580364,0.4359377920627594
10.0,11264.0,0.008882956579327583,-0.012271846644580364,0.434675931930542
10.0,11267.0,0.008854209445416927,-0.012271846644580364,0.43085429072380066
10.0,11271.0,0.008817248046398163,-0.012271846644580364,0.428438276052475
10.0,11274.0,0.008792608045041561,-0.013805827125906944,0.6889867186546326
10.0,11278.0,0.008759753778576851,-0.013805827125906944,0.6784376502037048
10.0,11282.0,0.008718686178326607,-0.013805827125906944,0.6735171675682068
10.0,11285.0,0.008685831911861897,-0.013805827125906944,0.6690235733985901
10.0,11289.0,0.00862833671271801,-0.013805827125906944,0.6660628914833069
10.0,11292.0,0.008583161979913712,-0.013805827125906944,0.665617048740387
10.0,11296.0,0.008521560579538345,-0.013805827125906944,0.6665750741958618
10.0,11300.0,0.008459959179162979,-0.013805827125906944,0.6665506362915039
10.0,11303.0,0.00841478444635868,-0.013805827125906944,0.6665920615196228
10.0,11306.0,0.008353183045983315,-0.013805827125906944,0.6663024425506592
10.0,11310.0,0.008303901180624962,-0.013805827125906944,0.6677841544151306
10.0,11314.0,0.008238192647695541,-0.013805827125906944,0.6689032912254333
10.0,11317.0,0.008188911713659763,-0.013805827125906944,0.6704044938087463
10.0,11321.0,0.008114989846944809,-0.013805827125906944,0.6742239594459534
10.0,11324.0,0.008024640381336212,-0.015339808538556099,0.949076235294342
10.0,11329.0,0.007926077581942081,-0.015339808538556099,0.9550355672836304
10.0,11332.0,0.00783572904765606,-0.015339808538556099,0.9688794612884521
10.0,11335.0,0.007696098648011684,-0.015339808538556099,0.9836776852607727
10.0,11339.0,0.007581108715385199,-0.013805827125906944,0.7421053647994995
10.0,11343.0,0.007425051182508469,-0.013805827125906944,0.7644631862640381
10.0,11346.0,0.007273100782185793,-0.013805827125906944,0.7911989688873291
10.0,11350.0,0.007158110849559307,-0.013805827125906944,0.8170567750930786
10.0,11354.0,0.007010267116129398,-0.013805827125906944,0.8348829746246338
10.0,11357.0,0.006903490982949734,-0.013805827125906944,0.8552819490432739
10.0,11361.0,0.006763860583305359,-0.013805827125906944,0.8750382661819458
10.0,11366.0,0.006595482584089041,-0.013805827125906944,0.8928465843200684
10.0,11370.0,0.006455852184444666,-0.013805827125906944,0.9114767909049988
10.0,11374.0,0.006312115117907524,-0.013805827125906944,0.9308773279190063
10.0,11377.0,0.006197125185281038,-0.013805827125906944,0.952329695224762
10.0,11381.0,0.006041067652404308,-0.013805827125906944,0.9757997989654541
10.0,11394.0,0.005535934120416641,-0.013805827125906944,1.0424020290374756
10.0,11398.0,0.005371663253754377,-0.013805827125906944,1.0644550323486328
10.0,11401.0,0.005240246187895536,-0.012271846644580364,0.8161137700080872
10.0,11405.0,0.0050554415211081505,-0.012271846644580364,0.8416534066200256
10.0,11409.0,0.004870636388659477,-0.012271846644580364,0.874267041683197
10.0,11412.0,0.004739219788461924,-0.012271846644580364,0.9031397104263306
10.0,11415.0,0.0045667351223528385,-0.012271846644580364,0.922511100769043
10.0,11419.0,0.004439425189048052,-0.012271846644580364,0.9485106468200684
10.0,11422.0,0.004254620056599379,-0.012271846644580364,0.9708303809165955
10.0,11426.0,0.004110882990062237,-0.012271846644580364,1.0033409595489502
10.0,11431.0,0.003852155990898609,-0.012271846644580364,1.0374541282653809
10.0,11435.0,0.0035893223248422146,-0.012271846644580364,1.0805591344833374
10.0,11439.0,0.003367556491866708,-0.012271846644580364,1.1175343990325928
10.0,11443.0,0.0031950718257576227,-0.010737866163253784,0.8905853629112244
10.0,11446.0,0.0030143738258630037,-0.010737866163253784,0.9257417321205139
10.0,11450.0,0.002776180626824498,-0.010737866163253784,0.9703513383865356
10.0,11454.0,0.0025338809937238693,-0.010737866163253784,1.0048719644546509
10.0,11457.0,0.002340862527489662,-0.010737866163253784,1.0535857677459717
10.0,11461.0,0.0020862421952188015,-0.010737866163253784,0.8295701146125793
10.0,11464.0,0.0018234086455777287,-0.00920388475060463,0.8708673715591431
10.0,11468.0,0.0015482546295970678,-0.00920388475060463,0.9265055060386658
10.0,11472.0,0.001351129380054772,-0.00920388475060463,0.9762903451919556
10.0,11475.0,0.0010882957139983773,-0.00920388475060463,1.0125582218170166
10.0,11480.0,0.0008254619897343218,-0.0076699042692780495,0.7941129207611084
10.0,11483.0,0.0006324435235001147,-0.0076699042692780495,0.8441228866577148
10.0,11487.0,0.00030800822423771024,-0.0076699042692780495,0.8924503922462463
10.0,11491.0,0.00011909651220776141,-0.0076699042692780495,0.9351577758789062
10.0,11495.0,-0.00011909651220776141,-0.0076699042692780495,0.9751861095428467
10.0,11499.0,-0.0003655030741356313,-0.0076699042692780495,1.015262246131897
10.0,11502.0,-0.000546201248653233,-0.0076699042692780495,1.0431331396102905
10.0,11506.0,-0.0007843942730687559,-0.006135923322290182,0.8005523085594177
10.0,11510.0,-0.0010266940807923675,-0.006135923322290182,0.8423784971237183
10.0,11513.0,-0.0012073921971023083,-0.006135923322290182,0.8814961910247803
10.0,11516.0,-0.0014455851633101702,-0.006135923322290182,0.9106912016868591
10.0,11520.0,-0.0016303901793435216,-0.006135923322290182,0.948958158493042
10.0,11523.0,-0.0018644763622432947,-0.006135923322290182,0.9751829504966736
10.0,11527.0,-0.00203696102835238,-0.006135923322290182,1.0087822675704956
10.0,11531.0,-0.0022792608942836523,-0.006135923322290182,1.0349757671356201
10.0,11534.0,-0.0024599588941782713,-0.006135923322290182,1.0693999528884888
10.0,11538.0,-0.0027145789936184883,-0.004601942375302315,0.8383102416992188
10.0,11542.0,-0.002977412659674883,-0.004601942375302315,0.8845683336257935
10.0,11545.0,-0.003248459892347455,-0.004601942375302315,0.9199635982513428
10.0,11549.0,-0.0034579054918140173,-0.004601942375302315,0.9676117897033691
10.0,11552.0,-0.0036673510912805796,-0.004601942375302315,1.0249906778335571
10.0,11557.0,-0.004086242523044348,-0.004601942375302315,1.058316707611084
10.0,11561.0,-0.004299794789403677,-0.004601942375302315,0.8343896269798279
10.0,11565.0,-0.004583162255585194,-0.003067961661145091,0.8717591762542725
10.0,11569.0,-0.0048747435212135315,-0.003067961661145091,0.9223939776420593
10.0,11573.0,-0.005154004320502281,-0.003067961661145091,0.9673877954483032
10.0,11576.0,-0.005359342787414789,-0.003067961661145091,1.0096341371536255
10.0,11589.0,-0.0062094456516206264,-0.0015339808305725455,0.862087607383728
10.0,11592.0,-0.006459958851337433,-0.0015339808305725455,0.8875907063484192
10.0,11596.0,-0.006640657316893339,-0.0015339808305725455,0.9193455576896667
10.0,11600.0,-0.006887063849717379,-0.0015339808305725455,0.9435484409332275
10.0,11604.0,-0.007125256583094597,-0.0015339808305725455,0.9722868800163269
10.0,11607.0,-0.007371663115918636,-0.0015339808305725455,1.0028759241104126
10.0,11611.0,-0.007552361581474543,-0.0015339808305725455,1.029893159866333
10.0,11614.0,-0.007790554314851761,-0.0015339808305725455,1.0503345727920532
10.0,11618.0,-0.008041067980229855,-0.0015339808305725455,1.0800222158432007
10.0,11622.0,-0.008234086446464062,-0.0015339808305725455,1.1101716756820679
10.0,11625.0,-0.008488706313073635,-0.0015339808305725455,1.132903814315796
10.0,11629.0,-0.008698152378201485,-0.0015339808305725455,1.1695630550384521
10.0,11633.0,-0.008985626511275768,-0.0015339808305725455,1.1990220546722412
10.0,11636.0,-0.009211499243974686,0.0,0.9749929904937744
10.0,11640.0,-0.009523614309728146,0.0,1.027717113494873
10.0,11644.0,-0.009839835576713085,0.0,1.0760771036148071
10.0,11648.0,-0.010151950642466545,0.0,1.1215660572052002
10.0,11651.0,-0.010381930507719517,0.0015339808305725455,0.8873306512832642
10.0,11655.0,-0.01070225890725851,0.0015339808305725455,0.9404191374778748
10.0,11659.0,-0.011026694439351559,0.0015339808305725455,0.9811455011367798
10.0,11662.0,-0.01126488670706749,0.0015339808305725455,1.0299031734466553
10.0,11665.0,-0.01157700177282095,0.0015339808305725455,1.0644739866256714
10.0,11669.0,-0.011806981638073921,0.003067961661145091,0.8410646319389343
10.0,11673.0,-0.012119096703827381,0.003067961661145091,0.8783402442932129
10.0,11676.0,-0.012344969436526299,0.003067961661145091,0.9212964773178101
10.0,11681.0,-0.012702258303761482,0.003067961661145091,0.970523476600647
10.0,11686.0,-0.013063655234873295,0.003067961661145091,1.0165621042251587
10.0,11690.0,-0.01333880890160799,0.004601942375302315,0.7719655632972717
10.0,11693.0,-0.01355236116796732,0.004601942375302315,0.8121302127838135
10.0,11697.0,-0.013835729099810123,0.004601942375302315,0.8497041463851929
10.0,11701.0,-0.014090348966419697,0.004601942375302315,0.8781791925430298
10.0,11704.0,-0.014353183098137379,0.004601942375302315,0.9010164141654968
10.0,11708.0,-0.014550307765603065,0.004601942375302315,0.9293529391288757
10.0,11711.0,-0.014739220030605793,0.004601942375302315,0.9484227895736694
10.0,11715.0,-0.014993839897215366,0.004601942375302315,0.9684520363807678
10.0,11721.0,-0.015355235897004604,0.004601942375302315,0.9993349313735962
10.0,11724.0,-0.015609856694936752,0.004601942375302315,1.023763656616211
10.0,11728.0,-0.015864476561546326,0.004601942375302315,1.0475566387176514
10.0,11732.0,-0.016049280762672424,0.004601942375302315,1.069420576095581
10.0,11736.0,-0.016308007761836052,0.006135923322290182,0.820216178894043
10.0,11741.0,-0.016628336161375046,0.006135923322290182,0.8559567928314209
10.0,11745.0,-0.016932237893342972,0.006135923322290182,0.8851837515830994
10.0,11750.0,-0.017158111557364464,0.006135923322290182,0.9054213166236877
10.0,11754.0,-0.017371663823723793,0.006135923322290182,0.9149081110954285
10.0,11758.0,-0.017589323222637177,0.006135923322290182,0.9317522644996643
10.0,11762.0,-0.01779876835644245,0.006135923322290182,0.939538836479187
10.0,11765.0,-0.017958931624889374,0.006135923322290182,0.9516083598136902
10.0,11769.0,-0.018229980021715164,0.006135923322290182,0.9648013114929199
10.0,11773.0,-0.01839425042271614,0.006135923322290182,0.9791022539138794
10.0,11776.0,-0.01856262795627117,0.006135923322290182,0.9903111457824707
10.0,11789.0,-0.019322382286190987,0.006135923322290182,1.0466207265853882
10.0,11792.0,-0.019560575485229492,0.006135923322290182,1.0607560873031616
10.0,11796.0,-0.019749486818909645,0.006135923322290182,1.0823699235916138
10.0,11800.0,-0.02000410668551922,0.006135923322290182,1.0999212265014648
10.0,11803.0,-0.02020123228430748,0.006135923322290182,1.1259305477142334
10.0,11806.0,-0.02048049308359623,0.0076699042692780495,0.8795525431632996
10.0,11810.0,-0.020772073417901993,0.0076699042692780495,0.9183523058891296
10.0,11814.0,-0.02099383994936943,0.0076699042692780495,0.947688102722168
10.0,11818.0,-0.02127310074865818,0.0076699042692780495,0.9804394245147705
10.0,11821.0,-0.021474333480000496,0.0076699042692780495,1.0096015930175781
10.0,11824.0,-0.02174948714673519,0.0076699042692780495,1.031612753868103
10.0,11828.0,-0.022020533680915833,0.00920388475060463,0.7954901456832886
10.0,11832.0,-0.022229978814721107,0.00920388475060463,0.8296896815299988
10.0,11836.0,-0.02248459868133068,0.00920388475060463,0.8489948511123657
10.0,11839.0,-0.022731006145477295,0.00920388475060463,0.8723548650741577
10.0,11842.0,-0.02290349081158638,0.00920388475060463,0.8854539394378662
10.0,11846.0,-0.02306365594267845,0.00920388475060463,0.8943079113960266
10.0,11850.0,-0.023273101076483727,0.00920388475060463,0.90461266040802
10.0,11853.0,-0.023474331945180893,0.00920388475060463,0.9121065735816956
10.0,11857.0,-0.0236221756786108,0.00920388475060463,0.9196136593818665
10.0,11861.0,-0.023831622675061226,0.00920388475060463,0.9284148216247559
10.0,11864.0,-0.0240410678088665,0.00920388475060463,0.9369848966598511
10.0,11870.0,-0.02429979480803013,0.00920388475060463,0.9512125849723816
10.0,11874.0,-0.024558521807193756,0.00920388475060463,0.959695041179657
10.0,11879.0,-0.024759752675890923,0.00920388475060463,0.9667651057243347
10.0,11882.0,-0.02491581067442894,0.010737866163253784,0.7095918655395508
10.0,11886.0,-0.02512936294078827,0.010737866163253784,0.7223519086837769
10.0,11890.0,-0.025330595672130585,0.010737866163253784,0.7350021004676819
10.0,11893.0,-0.025478439405560493,0.010737866163253784,0.7461085915565491
10.0,11896.0,-0.0256714578717947,0.010737866163253784,0.7529841661453247
10.0,11900.0,-0.02580287493765354,0.010737866163253784,0.7571575045585632
10.0,11904.0,-0.025971252471208572,0.010737866163253784,0.7573227882385254
10.0,11907.0,-0.026086242869496346,0.010737866163253784,0.7537081241607666
10.0,11911.0,-0.026225872337818146,0.010737866163253784,0.7451030611991882
10.0,11915.0,-0.02636139653623104,0.00920388475060463,1.0077849626541138
10.0,11918.0,-0.026492813602089882,0.00920388475060463,0.9927258491516113
10.0,11922.0,-0.026595482602715492,0.00920388475060463,0.9811485409736633
10.0,11926.0,-0.0267433263361454,0.00920388475060463,0.9748944044113159
10.0,11930.0,-0.0269281305372715,0.00920388475060463,0.9651438593864441
10.0,11935.0,-0.027084188535809517,0.00920388475060463,0.9588490724563599
10.0,11940.0,-0.02728131413459778,0.00920388475060463,0.9561699628829956
10.0,11943.0,-0.027408624067902565,0.00920388475060463,0.9578393697738647
10.0,11946.0,-0.027585215866565704,0.00920388475060463,0.9598816633224487
10.0,11950.0,-0.02771252579987049,0.00920388475060463,0.9618299603462219
10.0,11953.0,-0.02788911759853363,0.00920388475060463,0.9640622138977051
10.0,11957.0,-0.02802053466439247,0.00920388475060463,0.9662472009658813
10.0,11961.0,-0.028188912197947502,0.00920388475060463,0.9686123728752136
10.0,11965.0,-0.028369609266519547,0.00920388475060463,0.9724893569946289
10.0,11969.0,-0.02855030819773674,0.010737866163253784,0.712308406829834
10.0,11972.0,-0.028685832396149635,0.010737866163253784,0.7234922051429749
10.0,11985.0,-0.029178645461797714,0.010737866163253784,0.7248232364654541
10.0,11989.0,-0.029310062527656555,0.010737866163253784,0.720417857170105
10.0,11993.0,-0.029437372460961342,0.010737866163253784,0.7160007357597351
10.0,11996.0,-0.029531827196478844,0.010737866163253784,0.7095909714698792
10.0,12000.0,-0.029642710462212563,0.010737866163253784,0.7017107009887695
10.0,12003.0,-0.029745379462838173,0.010737866163253784,0.689483642578125
10.0,12007.0,-0.029811087995767593,0.00920388475060463,0.9377961158752441
10.0,12011.0,-0.02990143746137619,0.00920388475060463,0.9171357154846191
10.0,12014.0,-0.02997536025941372,0.00920388475060463,0.9056230187416077
10.0,12018.0,-0.03008624166250229,0.00920388475060463,0.8958864212036133
10.0,12022.0,-0.030213551595807076,0.00920388475060463,0.889295756816864
10.0,12025.0,-0.03031211532652378,0.00920388475060463,0.8844737410545349
10.0,12029.0,-0.030443532392382622,0.00920388475060463,0.8800367712974548
10.0,12032.0,-0.030542094260454178,0.00920388475060463,0.8769528865814209
10.0,12036.0,-0.030669404193758965,0.00920388475060463,0.8727273344993591
10.0,12040.0,-0.030792606994509697,0.00920388475060463,0.8665745258331299
10.0,12043.0,-0.030887063592672348,0.00920388475060463,0.8608382940292358
10.0,12047.0,-0.031014373525977135,0.00920388475060463,0.8588212132453918
10.0,12051.0,-0.031154004856944084,0.00920388475060463,0.8590831160545349
10.0,12055.0,-0.03130184859037399,0.00920388475060463,0.8629955649375916
10.0,12060.0,-0.03148665279150009,0.010737866163253784,0.6001417636871338
10.0,12064.0,-0.031638603657484055,0.010737866163253784,0.608483612537384
10.0,12068.0,-0.03178234025835991,0.010737866163253784,0.6172223687171936
10.0,12071.0,-0.031909652054309845,0.010737866163253784,0.6186659932136536
10.0,12075.0,-0.03199589252471924,0.010737866163253784,0.6171165704727173
10.0,12079.0,-0.03209856152534485,0.010737866163253784,0.6121004819869995
10.0,12082.0,-0.03216837719082832,0.010737866163253784,0.6030958890914917
10.0,12085.0,-0.0322422981262207,0.010737866163253784,0.5919691324234009
10.0,12089.0,-0.032291579991579056,0.010737866163253784,0.5746349692344666
10.0,12092.0,-0.0323326475918293,0.00920388475060463,0.8289269208908081
10.0,12096.0,-0.032373715192079544,0.00920388475060463,0.7989687323570251
10.0,12100.0,-0.03240657225251198,0.00920388475060463,0.7763307094573975
10.0,12103.0,-0.032439425587654114,0.00920388475060463,0.7499183416366577
10.0,12106.0,-0.032476384192705154,0.00920388475060463,0.7301891446113586
10.0,12111.0,-0.03250924125313759,0.00920388475060463,0.7030860185623169
10.0,12114.0,-0.03252977505326271,0.00920388475060463,0.6757975220680237
10.0,12118.0,-0.03255030885338783,0.0076699042692780495,0.9184545278549194
10.0,12121.0,-0.032562628388404846,0.0076699042692780495,0.8833121657371521
10.0,12124.0,-0.03257905691862106,0.0076699042692780495,0.8579071164131165
10.0,12128.0,-0.03259548172354698,0.0076699042692780495,0.8279269337654114
10.0,12131.0,-0.032616015523672104,0.0076699042692780495,0.8069487810134888
10.0,12134.0,-0.032644763588905334,0.0076699042692780495,0.7866341471672058
10.0,12138.0,-0.032673511654138565,0.0076699042692780495,0.760957658290863
10.0,12142.0,-0.03269815072417259,0.006135923322290182,1.0103479623794556
10.0,12145.0,-0.03272279351949692,0.006135923322290182,0.9818781018257141
10.0,12149.0,-0.03276386111974716,0.006135923322290182,0.9586359262466431
10.0,12153.0,-0.03281724825501442,0.006135923322290182,0.9442181587219238
10.0,12156.0,-0.03287063539028168,0.006135923322290182,0.9319850206375122
10.0,12160.0,-0.03294866532087326,0.006135923322290182,0.9238873720169067
10.0,12164.0,-0.03304312005639076,0.006135923322290182,0.9193613529205322
10.0,12176.0,-0.0333593413233757,0.006135923322290182,0.9181353449821472
10.0,12181.0,-0.03349075838923454,0.0076699042692780495,0.6494980454444885
10.0,12186.0,-0.033622175455093384,0.0076699042692780495,0.657069981098175
10.0,12190.0,-0.03371252492070198,0.0076699042692780495,0.6582537889480591
10.0,12194.0,-0.033790554851293564,0.0076699042692780495,0.655535876750946
10.0,12197.0,-0.033839836716651917,0.0076699042692780495,0.6490416526794434
10.0,12201.0,-0.0339178629219532,0.0076699042692780495,0.6415925621986389
10.0,12205.0,-0.03395482525229454,0.0076699042692780495,0.6305350065231323
10.0,12209.0,-0.033995892852544785,0.0076699042692780495,0.6199085116386414
10.0,12212.0,-0.03402874618768692,0.0076699042692780495,0.6045219898223877
10.0,12216.0,-0.03404517471790314,0.0076699042692780495,0.59074866771698
10.0,12220.0,-0.03405749425292015,0.006135923322290182,0.8338412046432495
10.0,12223.0,-0.034061603248119354,0.006135923322290182,0.8067346215248108
10.0,12227.0,-0.03407802805304527,0.006135923322290182,0.7891458868980408
10.0,12230.0,-0.03408624231815338,0.006135923322290182,0.765238344669342
10.0,12233.0,-0.034098561853170395,0.006135923322290182,0.7476274967193604
10.0,12237.0,-0.0341067761182785,0.006135923322290182,0.7254271507263184
10.0,12242.0,-0.03411909565329552,0.006135923322290182,0.7028142213821411
10.0,12247.0,-0.034127309918403625,0.006135923322290182,0.6752169132232666
10.0,12250.0,-0.034127309918403625,0.004601942375302315,0.917425274848938
10.0,12254.0,-0.034127309918403625,0.004601942375302315,0.8906239867210388
10.0,12257.0,-0.034135524183511734,0.004601942375302315,0.8729260563850403
10.0,12261.0,-0.03415194898843765,0.004601942375302315,0.8519572615623474
10.0,12264.0,-0.03416837751865387,0.004601942375302315,0.8381562829017639
10.0,12268.0,-0.034193020313978195,0.004601942375302315,0.8213299512863159
10.0,12271.0,-0.03421355411410332,0.004601942375302315,0.8085184693336487
10.0,12275.0,-0.034229978919029236,0.004601942375302315,0.7961242198944092
10.0,12278.0,-0.03424640744924545,0.004601942375302315,0.7784629464149475
10.0,12282.0,-0.034258726984262466,0.004601942375302315,0.76155686378479
10.0,12286.0,-0.03427104651927948,0.004601942375302315,0.7440360188484192
10.0,12290.0,-0.034283366054296494,0.004601942375302315,0.7310536503791809
10.0,12293.0,-0.0342874750494957,0.004601942375302315,0.713511049747467
10.0,12296.0,-0.0342915803194046,0.004601942375302315,0.6988186836242676
10.0,12300.0,-0.034295689314603806,0.004601942375302315,0.6812604069709778
10.0,12304.0,-0.034295689314603806,0.003067961661145091,0.9329770803451538
10.0,12307.0,-0.034295689314603806,0.003067961661145091,0.9094818830490112
10.0,12311.0,-0.034303899854421616,0.003067961661145091,0.8896257877349854
10.0,12314.0,-0.03431622311472893,0.003067961661145091,0.8772984147071838
10.0,12318.0,-0.03432854264974594,0.003067961661145091,0.8614805340766907
10.0,12322.0,-0.03434907644987106,0.003067961661145091,0.8514236807823181
10.0,12325.0,-0.034369610249996185,0.003067961661145091,0.8380922079086304
10.0,12329.0,-0.0343819297850132,0.003067961661145091,0.827461302280426
10.0,12332.0,-0.034398358315229416,0.003067961661145091,0.8151484727859497
10.0,12335.0,-0.03441889211535454,0.003067961661145091,0.8066142201423645
10.0,12339.0,-0.03443531692028046,0.003067961661145091,0.7952629923820496
10.0,12343.0,-0.034451745450496674,0.003067961661145091,0.7830809354782104
10.0,12346.0,-0.034472279250621796,0.003067961661145091,0.7756322622299194
10.0,12350.0,-0.03448459878563881,0.003067961661145091,0.7643360495567322
10.0,12353.0,-0.034501027315855026,0.003067961661145091,0.7561963796615601
10.0,12357.0,-0.03451334685087204,0.003067961661145091,0.7457709312438965
10.0,12370.0,-0.0345667339861393,0.003067961661145091,0.715053141117096
10.0,12374.0,-0.03459137678146362,0.003067961661145091,0.7078266739845276
10.0,12378.0,-0.03460780158638954,0.003067961661145091,0.6996311545372009
10.0,12382.0,-0.03462423011660576,0.003067961661145091,0.6950812339782715
10.0,12385.0,-0.03463654965162277,0.003067961661145091,0.6888553500175476
10.0,12389.0,-0.034657083451747894,0.003067961661145091,0.683369517326355
10.0,12392.0,-0.03467351198196411,0.003067961661145091,0.6777042746543884
10.0,12395.0,-0.03469404578208923,0.003067961661145091,0.6739773750305176
10.0,12400.0,-0.03471868485212326,0.003067961661145091,0.6701294183731079
10.0,12404.0,-0.03473921865224838,0.003067961661145091,0.6651732921600342
10.0,12407.0,-0.03476386144757271,0.003067961661145091,0.6617857813835144
10.0,12412.0,-0.034788500517606735,0.003067961661145091,0.6586136221885681
10.0,12415.0,-0.03480903431773186,0.003067961661145091,0.6569812893867493
10.0,12419.0,-0.03483778238296509,0.003067961661145091,0.6555014252662659
10.0,12422.0,-0.03486653044819832,0.003067961661145091,0.6541516780853271
10.0,12426.0,-0.03488706424832344,0.003067961661145091,0.6529150605201721
10.0,12431.0,-0.03492402285337448,0.003067961661145091,0.6518805623054504
10.0,12434.0,-0.034956879913806915,0.003067961661145091,0.649563193321228
10.0,12440.0,-0.034985627979040146,0.003067961661145091,0.6487389802932739
10.0,12443.0,-0.03501026704907417,0.003067961661145091,0.6467039585113525
10.0,12447.0,-0.03502669557929039,0.003067961661145091,0.6446097493171692
10.0,12451.0,-0.03504312038421631,0.003067961661145091,0.6401732563972473
10.0,12454.0,-0.03505543991923332,0.003067961661145091,0.6359742283821106
10.0,12458.0,-0.035067763179540634,0.003067961661145091,0.629327654838562
10.0,12461.0,-0.035075973719358444,0.003067961661145091,0.625207245349884
10.0,12465.0,-0.03508418798446655,0.003067961661145091,0.6212536692619324
10.0,12468.0,-0.035088296979665756,0.003067961661145091,0.6140026450157166
10.0,12472.0,-0.035088296979665756,0.003067961661145091,0.6057278513908386
10.0,12475.0,-0.03509240224957466,0.003067961661145091,0.6010940670967102
10.0,12480.0,-0.03509240224957466,0.003067961661145091,0.5934054255485535
10.0,12483.0,-0.03509240224957466,0.003067961661145091,0.5860612988471985
10.0,12487.0,-0.03509240224957466,0.003067961661145091,0.5790479779243469
10.0,12491.0,-0.03509240224957466,0.003067961661145091,0.5739973187446594
10.0,12494.0,-0.03509240224957466,0.003067961661145091,0.5675320625305176
10.0,12498.0,-0.03509240224957466,0.003067961661145091,0.5613629817962646
10.0,12501.0,-0.03509240224957466,0.003067961661145091,0.5569236278533936
10.0,12505.0,-0.03509240224957466,0.003067961661145091,0.5512450933456421
10.0,12509.0,-0.03509240224957466,0.003067961661145091,0.5471609830856323
10.0,12512.0,-0.03509240224957466,0.003067961661145091,0.5419397950172424
10.0,12516.0,-0.03509240224957466,0.003067961661145091,0.5381867289543152
10.0,12519.0,-0.03509240224957466,0.003067961661145091,0.5333917140960693
10.0,12523.0,-0.03509240224957466,0.003067961661145091,0.5288271903991699
10.0,12526.0,-0.03509240224957466,0.003067961661145091,0.525549590587616
10.0,12530.0,-0.03509240224957466,0.0015339808305725455,0.786760687828064
10.0,12534.0,-0.03509240224957466,0.0015339808305725455,0.7792940139770508
10.0,12537.0,-0.035096507519483566,0.0015339808305725455,0.7723926901817322
10.0,12541.0,-0.035104721784591675,0.0015339808305725455,0.765826940536499
10.0,12544.0,-0.03511293604969978,0.0015339808305725455,0.7617801427841187
10.0,12548.0,-0.0351252555847168,0.0015339808305725455,0.7557127475738525
10.0,12552.0,-0.035133469849824905,0.0015339808305725455,0.7520129084587097
10.0,12564.0,-0.03515811264514923,0.003067961661145091,0.4802042841911316
10.0,12568.0,-0.03515811264514923,0.003067961661145091,0.4782821834087372
10.0,12572.0,-0.03515811264514923,0.003067961661145091,0.4769178330898285
10.0,12575.0,-0.03515811264514923,0.003067961661145091,0.47519806027412415
10.0,12579.0,-0.03515811264514923,0.003067961661145091,0.4739800989627838
10.0,12582.0,-0.03515811264514923,0.003067961661145091,0.4724487364292145
10.0,12586.0,-0.03515811264514923,0.003067961661145091,0.47101929783821106
10.0,12590.0,-0.03515811264514923,0.003067961661145091,0.4700116813182831
10.0,12593.0,-0.03515811264514923,0.003067961661145091,0.4687509536743164
10.0,12596.0,-0.03515811264514923,0.003067961661145091,0.467865526676178
10.0,12600.0,-0.03515811264514923,0.003067961661145091,0.46676209568977356
10.0,12604.0,-0.03515811264514923,0.003067961661145091,0.4659905433654785
10.0,12608.0,-0.03515811264514923,0.003067961661145091,0.46503376960754395
10.0,12611.0,-0.03515811264514923,0.003067961661145091,0.46415624022483826
10.0,12615.0,-0.03515811264514923,0.003067961661145091,0.46335482597351074
10.0,12619.0,-0.03515811264514923,0.003067961661145091,0.4626266062259674
10.0,12623.0,-0.03515811264514923,0.003067961661145091,0.4621266722679138
10.0,12626.0,-0.03515811264514923,0.003067961661145091,0.4615195393562317
10.0,12630.0,-0.03515811264514923,0.003067961661145091,0.4611073136329651
10.0,12633.0,-0.03515811264514923,0.003067961661145091,0.4606131315231323
10.0,12637.0,-0.03515811264514923,0.003067961661145091,0.4601799249649048
10.0,12641.0,-0.03515811264514923,0.003067961661145091,0.45980533957481384
10.0,12644.0,-0.03515811264514923,0.003067961661145091,0.4595614969730377
10.0,12648.0,-0.03515811264514923,0.003067961661145091,0.4592840373516083
10.0,12652.0,-0.03515811264514923,0.003067961661145091,0.4591105282306671
10.0,12655.0,-0.03515811264514923,0.003067961661145091,0.4589235782623291
10.0,12659.0,-0.03515811264514923,0.003067961661145091,0.4588155746459961
10.0,12662.0,-0.03515811264514923,0.003067961661145091,0.4587129056453705
10.0,12665.0,-0.03515811264514923,0.003067961661145091,0.45866599678993225
10.0,12669.0,-0.03515811264514923,0.003067961661145091,0.45864200592041016
10.0,12673.0,-0.03515811264514923,0.003067961661145091,0.4586605429649353
10.0,12677.0,-0.03515811264514923,0.003067961661145091,0.4587012827396393
10.0,12681.0,-0.03515811264514923,0.003067961661145091,0.45884907245635986
10.0,12686.0,-0.03515811264514923,0.003067961661145091,0.45899444818496704
10.0,12690.0,-0.03515811264514923,0.003067961661145091,0.459175705909729
10.0,12694.0,-0.03515811264514923,0.003067961661145091,0.45939141511917114
10.0,12698.0,-0.03515811264514923,0.003067961661145091,0.45957493782043457
10.0,12701.0,-0.03515811264514923,0.003067961661145091,0.4598475992679596
10.0,12704.0,-0.03515811264514923,0.003067961661145091,0.46007242798805237
10.0,12708.0,-0.03515811264514923,0.003067961661145091,0.46039822697639465
10.0,12712.0,-0.03515811264514923,0.003067961661145091,0.4607527554035187
10.0,12715.0,-0.03515811264514923,0.003067961661145091,0.4610368013381958
10.0,12721.0,-0.03515811264514923,0.003067961661145091,0.461649626493454
10.0,12724.0,-0.03515811264514923,0.003067961661145091,0.4619775414466858
10.0,12729.0,-0.03515811264514923,0.003067961661145091,0.46243610978126526
10.0,12732.0,-0.03515811264514923,0.003067961661145091,0.46291813254356384
10.0,12736.0,-0.03515811264514923,0.003067961661145091,0.46329453587532043
10.0,12740.0,-0.03515811264514923,0.003067961661145091,0.46381545066833496
10.0,12744.0,-0.03515811264514923,0.003067961661145091,0.4644961357116699
10.0,12748.0,-0.03515811264514923,0.003067961661145091,0.4650631844997406
10.0,12761.0,-0.03515811264514923,0.004601942375302315,0.21464338898658752
10.0,12764.0,-0.03515811264514923,0.004601942375302315,0.21920382976531982
10.0,12768.0,-0.03515811264514923,0.004601942375302315,0.22511090338230133
10.0,12771.0,-0.03515811264514923,0.004601942375302315,0.22941526770591736
10.0,12775.0,-0.03515811264514923,0.004601942375302315,0.2349926084280014
10.0,12779.0,-0.03515811264514923,0.004601942375302315,0.23905834555625916
10.0,12782.0,-0.03515811264514923,0.004601942375302315,0.24432845413684845
10.0,12786.0,-0.03515811264514923,0.004601942375302315,0.24817171692848206
10.0,12790.0,-0.03515811264514923,0.004601942375302315,0.2531554400920868
10.0,12793.0,-0.03515811264514923,0.004601942375302315,0.2579844295978546
10.0,12796.0,-0.03515811264514923,0.004601942375302315,0.26150816679000854
10.0,12800.0,-0.03515811264514923,0.004601942375302315,0.26608070731163025
10.0,12803.0,-0.03515811264514923,0.004601942375302315,0.269418865442276
10.0,12806.0,-0.03515811264514923,0.004601942375302315,0.2726813852787018
10.0,12810.0,-0.03515400364995003,0.004601942375302315,0.2755615711212158
10.0,12814.0,-0.03515400364995003,0.004601942375302315,0.27972081303596497
10.0,12818.0,-0.03515400364995003,0.004601942375302315,0.2837577164173126
10.0,12822.0,-0.03515400364995003,0.004601942375302315,0.2867080271244049
10.0,12825.0,-0.03515400364995003,0.004601942375302315,0.2905423641204834
10.0,12829.0,-0.03515400364995003,0.004601942375302315,0.29426708817481995
10.0,12833.0,-0.03515400364995003,0.006135923322290182,0.028544766828417778
10.0,12836.0,-0.03515400364995003,0.006135923322290182,0.038132693618535995
10.0,12840.0,-0.03515400364995003,0.006135923322290182,0.04510214179754257
10.0,12843.0,-0.03515400364995003,0.006135923322290182,0.0541103295981884
10.0,12847.0,-0.03514989838004112,0.006135923322290182,0.06147477775812149
10.0,12851.0,-0.03514989838004112,0.006135923322290182,0.06783340126276016
10.0,12854.0,-0.03514989838004112,0.006135923322290182,0.07605515420436859
10.0,12858.0,-0.03514989838004112,0.006135923322290182,0.08399448543787003
10.0,12861.0,-0.03514989838004112,0.006135923322290182,0.0897703468799591
10.0,12865.0,-0.03514989838004112,0.006135923322290182,0.09539812058210373
10.0,12870.0,-0.03514989838004112,0.006135923322290182,0.1044606864452362
10.0,12874.0,-0.03514989838004112,0.006135923322290182,0.1131436824798584
10.0,12878.0,-0.03514989838004112,0.006135923322290182,0.11982927471399307
10.0,12882.0,-0.03514989838004112,0.006135923322290182,0.12469743192195892
10.0,12885.0,-0.03514989838004112,0.0076699042692780495,-0.1359121948480606
10.0,12889.0,-0.03514989838004112,0.0076699042692780495,-0.1238318681716919
10.0,12893.0,-0.03514578938484192,0.0076699042692780495,-0.11638915538787842
10.0,12896.0,-0.035141684114933014,0.0076699042692780495,-0.1076953336596489
10.0,12900.0,-0.035133469849824905,0.0076699042692780495,-0.1007128432393074
10.0,12903.0,-0.035133469849824905,0.0076699042692780495,-0.09124872088432312
10.0,12906.0,-0.035129364579916,0.0076699042692780495,-0.08335144817829132
10.0,12910.0,-0.035129364579916,0.0076699042692780495,-0.07314898073673248
10.0,12913.0,-0.035129364579916,0.0076699042692780495,-0.06573447585105896
10.0,12917.0,-0.035129364579916,0.0076699042692780495,-0.056153494864702225
10.0,12920.0,-0.035129364579916,0.0076699042692780495,-0.04918903484940529
10.0,12924.0,-0.035129364579916,0.00920388475060463,-0.3108544647693634
10.0,12928.0,-0.035129364579916,0.00920388475060463,-0.29242733120918274
10.0,12932.0,-0.03512115031480789,0.00920388475060463,-0.280965656042099
10.0,12938.0,-0.03510883077979088,0.00920388475060463,-0.2659044563770294
10.0,12941.0,-0.03510061651468277,0.00920388475060463,-0.2586839199066162
10.0,12954.0,-0.03508008271455765,0.00920388475060463,-0.22349904477596283
10.0,12957.0,-0.03508008271455765,0.010737866163253784,-0.4816496670246124
10.0,12962.0,-0.03508008271455765,0.010737866163253784,-0.46434998512268066
10.0,12965.0,-0.03507186844944954,0.010737866163253784,-0.4516949951648712
10.0,12969.0,-0.03505543991923332,0.010737866163253784,-0.44352757930755615
10.0,12972.0,-0.035039015114307404,0.010737866163253784,-0.4343366324901581
10.0,12976.0,-0.03501848131418228,0.010737866163253784,-0.428001344203949
10.0,12980.0,-0.03499794751405716,0.010737866163253784,-0.41938233375549316
10.0,12983.0,-0.03498151898384094,0.010737866163253784,-0.4124303460121155
10.0,12986.0,-0.034965094178915024,0.010737866163253784,-0.405373752117157
10.0,12990.0,-0.03494866564869881,0.010737866163253784,-0.39492830634117126
10.0,12994.0,-0.03493634611368179,0.012271846644580364,-0.6487461924552917
10.0,12998.0,-0.03492402285337448,0.012271846644580364,-0.6332049369812012
10.0,13002.0,-0.03490348905324936,0.012271846644580364,-0.6209223866462708
10.0,13006.0,-0.03487884998321533,0.012271846644580364,-0.6131120324134827
10.0,13010.0,-0.034845996648073196,0.012271846644580364,-0.6074556112289429
10.0,13014.0,-0.03480492904782295,0.012271846644580364,-0.6028354167938232
10.0,13017.0,-0.03477207571268082,0.012271846644580364,-0.5997495651245117
10.0,13021.0,-0.034722793847322464,0.012271846644580364,-0.598141610622406
10.0,13025.0,-0.03467351198196411,0.012271846644580364,-0.5969886183738708
10.0,13029.0,-0.034620124846696854,0.012271846644580364,-0.5968523621559143
10.0,13032.0,-0.034574948251247406,0.013805827125906944,-0.8648266792297363
10.0,13035.0,-0.03450513258576393,0.013805827125906944,-0.864608645439148
10.0,13039.0,-0.03443942591547966,0.013805827125906944,-0.8706154823303223
10.0,13042.0,-0.03436139598488808,0.013805827125906944,-0.8810468316078186
10.0,13046.0,-0.03422587364912033,0.012271846644580364,-0.6296839714050293
10.0,13049.0,-0.034069813787937164,0.012271846644580364,-0.6620429754257202
10.0,13053.0,-0.033950719982385635,0.012271846644580364,-0.6959365606307983
10.0,13058.0,-0.03374127298593521,0.012271846644580364,-0.7366511225700378
10.0,13063.0,-0.03353593498468399,0.012271846644580364,-0.7679625749588013
10.0,13067.0,-0.0333593413233757,0.010737866163253784,-0.5337709188461304
10.0,13070.0,-0.03321971371769905,0.010737866163253784,-0.5768983364105225
10.0,13074.0,-0.033034905791282654,0.010737866163253784,-0.6158308982849121
10.0,13078.0,-0.03286242485046387,0.010737866163253784,-0.641451895236969
10.0,13081.0,-0.03274332731962204,0.010737866163253784,-0.6714672446250916
10.0,13085.0,-0.03258726745843887,0.010737866163253784,-0.6916195750236511
10.0,13089.0,-0.0324229970574379,0.010737866163253784,-0.7212543487548828
10.0,13092.0,-0.03229568898677826,0.00920388475060463,-0.48277783393859863
10.0,13096.0,-0.03212730959057808,0.00920388475060463,-0.5094876885414124
10.0,13100.0,-0.03196714445948601,0.00920388475060463,-0.5408757328987122
10.0,13103.0,-0.03186037018895149,0.00920388475060463,-0.5645031929016113
10.0,13107.0,-0.03172895312309265,0.00920388475060463,-0.5796595215797424
10.0,13111.0,-0.031609855592250824,0.00920388475060463,-0.5952800512313843
10.0,13114.0,-0.03152361512184143,0.00920388475060463,-0.6077178120613098
10.0,13117.0,-0.03142094612121582,0.00920388475060463,-0.6151093244552612
10.0,13121.0,-0.031351130455732346,0.00920388475060463,-0.6216067671775818
10.0,13124.0,-0.031256671994924545,0.00920388475060463,-0.6260337233543396
10.0,13129.0,-0.031174538657069206,0.00920388475060463,-0.6282165050506592
10.0,13132.0,-0.031117042526602745,0.010737866163253784,-0.8944282531738281
10.0,13136.0,-0.031043121591210365,0.010737866163253784,-0.8889303207397461
10.0,13149.0,-0.03073921985924244,0.010737866163253784,-0.8903257846832275
10.0,13152.0,-0.030648870393633842,0.010737866163253784,-0.9004292488098145
10.0,13156.0,-0.030505133792757988,0.010737866163253784,-0.9138447046279907
10.0,13160.0,-0.030344968661665916,0.010737866163253784,-0.9352685809135437
10.0,13163.0,-0.030213551595807076,0.010737866163253784,-0.961353600025177
10.0,13166.0,-0.030073922127485275,0.010737866163253784,-0.9840505123138428
10.0,13170.0,-0.029880903661251068,0.010737866163253784,-1.0138872861862183
10.0,13173.0,-0.029679670929908752,0.010737866163253784,-1.037958025932312
10.0,13177.0,-0.029515400528907776,0.00920388475060463,-0.8099973797798157
10.0,13183.0,-0.029162216931581497,0.00920388475060463,-0.8683896064758301
10.0,13187.0,-0.028928130865097046,0.00920388475060463,-0.9243117570877075
10.0,13191.0,-0.02861601673066616,0.0076699042692780495,-0.7034481763839722
10.0,13195.0,-0.028427105396986008,0.0076699042692780495,-0.7429535388946533
10.0,13199.0,-0.028164271265268326,0.0076699042692780495,-0.7976279854774475
10.0,13202.0,-0.027967145666480064,0.0076699042692780495,-0.8504332900047302
10.0,13205.0,-0.027708418667316437,0.0076699042692780495,-0.8875119090080261
10.0,13209.0,-0.027511293068528175,0.006135923322290182,-0.6733795404434204
10.0,13213.0,-0.02724435366690159,0.006135923322290182,-0.7153586745262146
10.0,13216.0,-0.027055442333221436,0.006135923322290182,-0.7638558149337769
10.0,13220.0,-0.026804927736520767,0.006135923322290182,-0.7995016574859619
10.0,13223.0,-0.02662012353539467,0.004601942375302315,-0.5769159197807312
10.0,13227.0,-0.02637782320380211,0.004601942375302315,-0.6123671531677246
10.0,13230.0,-0.026205338537693024,0.004601942375302315,-0.6532941460609436
10.0,13234.0,-0.025991786271333694,0.004601942375302315,-0.6800798773765564
10.0,13237.0,-0.025835728272795677,0.004601942375302315,-0.7134171724319458
10.0,13241.0,-0.025626283138990402,0.004601942375302315,-0.7443215847015381
10.0,13246.0,-0.025383982807397842,0.004601942375302315,-0.7702217698097229
10.0,13251.0,-0.02514989674091339,0.004601942375302315,-0.7991308569908142
10.0,13255.0,-0.024965092539787292,0.004601942375302315,-0.820671796798706
10.0,13259.0,-0.024772074073553085,0.004601942375302315,-0.8442323803901672
10.0,13262.0,-0.02462833747267723,0.004601942375302315,-0.8670690655708313
10.0,13265.0,-0.024427104741334915,0.004601942375302315,-0.8860876560211182
10.0,13269.0,-0.024221766740083694,0.003067961661145091,-0.6477563977241516
10.0,13272.0,-0.02405749447643757,0.003067961661145091,-0.6741651892662048
10.0,13276.0,-0.02390143647789955,0.003067961661145091,-0.7039151191711426
10.0,13280.0,-0.02370431274175644,0.003067961661145091,-0.7235957384109497
10.0,13283.0,-0.02351950667798519,0.003067961661145091,-0.7450865507125854
10.0,13287.0,-0.02338808961212635,0.003067961661145091,-0.7619215250015259
10.0,13291.0,-0.02321149967610836,0.003067961661145091,-0.7762535810470581
10.0,13294.0,-0.023075975477695465,0.003067961661145091,-0.7962268590927124
10.0,13298.0,-0.022887064144015312,0.003067961661145091,-0.8169524073600769
10.0,13301.0,-0.022739220410585403,0.003067961661145091,-0.8340880274772644
10.0,13304.0,-0.022537987679243088,0.003067961661145091,-0.8521654009819031
10.0,13309.0,-0.022328542545437813,0.003067961661145091,-0.8778783082962036
10.0,13312.0,-0.022106776013970375,0.003067961661145091,-0.9067981839179993
10.0,13316.0,-0.02193429134786129,0.003067961661145091,-0.9375067949295044
10.0,13320.0,-0.021704312413930893,0.003067961661145091,-0.9599079489707947
10.0,13324.0,-0.02145790494978428,0.003067961661145091,-0.9943145513534546
10.0,13328.0,-0.02120739221572876,0.0015339808305725455,-0.7620929479598999
10.0,13331.0,-0.021006159484386444,0.0015339808305725455,-0.8083580732345581
10.0,13344.0,-0.02013552375137806,0.0015339808305725455,-0.6754245758056641
10.0,13348.0,-0.019876796752214432,0.0,-0.7191731929779053
10.0,13352.0,-0.01961396262049675,0.0,-0.7496822476387024
10.0,13355.0,-0.019433265551924706,0.0,-0.7843006253242493
10.0,13359.0,-0.019190965220332146,0.0,-0.8092257976531982
10.0,13362.0,-0.01895277202129364,0.0,-0.8406521677970886
10.0,13368.0,-0.018669404089450836,0.0,-0.8806569576263428
10.0,13372.0,-0.018377823755145073,0.0,-0.9085714221000671
10.0,13376.0,-0.018205339089035988,-0.0015339808305725455,-0.6658580899238586
10.0,13380.0,-0.017971253022551537,-0.0015339808305725455,-0.6905714273452759
10.0,13383.0,-0.01779876835644245,-0.0015339808305725455,-0.719461977481842
10.0,13387.0,-0.017581108957529068,-0.0015339808305725455,-0.7448168992996216
10.0,13391.0,-0.01736755669116974,-0.0015339808305725455,-0.7667173743247986
10.0,13394.0,-0.017170431092381477,-0.0015339808305725455,-0.77972012758255
10.0,13399.0,-0.016973305493593216,-0.0015339808305725455,-0.7966499924659729
10.0,13402.0,-0.016821354627609253,-0.0015339808305725455,-0.8144498467445374
10.0,13406.0,-0.01662423089146614,-0.0015339808305725455,-0.8318095207214355
10.0,13410.0,-0.01641889102756977,-0.0015339808305725455,-0.8448604345321655
10.0,13413.0,-0.01621355302631855,-0.0015339808305725455,-0.8627339005470276
10.0,13417.0,-0.016061602160334587,-0.0015339808305725455,-0.8751549124717712
10.0,13420.0,-0.015901437029242516,-0.0015339808305725455,-0.8949080109596252
10.0,13424.0,-0.015687884762883186,-0.0015339808305725455,-0.9141226410865784
10.0,13428.0,-0.015466119162738323,-0.0015339808305725455,-0.9368257522583008
10.0,13433.0,-0.01517864502966404,-0.0015339808305725455,-0.9646238088607788
10.0,13438.0,-0.014837781898677349,-0.0015339808305725455,-0.9928389191627502
10.0,13442.0,-0.01465708389878273,-0.003067961661145091,-0.7561792731285095
10.0,13445.0,-0.014406571164727211,-0.003067961661145091,-0.7804740071296692
10.0,13449.0,-0.014229979366064072,-0.003067961661145091,-0.8079667687416077
10.0,13452.0,-0.014000000432133675,-0.003067961661145091,-0.8270547986030579
10.0,13456.0,-0.013835729099810123,-0.003067961661145091,-0.8478518128395081
10.0,13460.0,-0.013622176833450794,-0.003067961661145091,-0.8680889010429382
10.0,13464.0,-0.013400410301983356,-0.003067961661145091,-0.8832387924194336
10.0,13467.0,-0.013232032768428326,-0.003067961661145091,-0.9051657915115356
10.0,13471.0,-0.013006160035729408,-0.003067961661145091,-0.9265111088752747
10.0,13474.0,-0.012772073969244957,-0.004601942375302315,-0.6775601506233215
10.0,13479.0,-0.012537987902760506,-0.004601942375302315,-0.7064510583877563
10.0,13482.0,-0.01236550323665142,-0.004601942375302315,-0.7317864298820496
10.0,13485.0,-0.012151950970292091,-0.004601942375302315,-0.7472931742668152
10.0,13489.0,-0.011942504905164242,-0.004601942375302315,-0.7661139965057373
10.0,13493.0,-0.011778234504163265,-0.004601942375302315,-0.7871307134628296
10.0,13496.0,-0.011622176505625248,-0.004601942375302315,-0.8001701235771179
10.0,13500.0,-0.011416837573051453,-0.004601942375302315,-0.8162689805030823
10.0,13504.0,-0.011211498640477657,-0.004601942375302315,-0.8274120688438416
10.0,13507.0,-0.011006159707903862,-0.004601942375302315,-0.8428348302841187
10.0,13511.0,-0.010792607441544533,-0.004601942375302315,-0.8605595231056213
10.0,13515.0,-0.010632443241775036,-0.004601942375302315,-0.873567521572113
10.0,13519.0,-0.010418890975415707,-0.004601942375302315,-0.8905118703842163
10.0,13522.0,-0.010262833908200264,-0.004601942375302315,-0.6386004686355591
10.0,13526.0,-0.010036961175501347,-0.006135923322290182,-0.65798020362854
10.0,13530.0,-0.00981108844280243,-0.006135923322290182,-0.6835667490959167
10.0,13542.0,-0.009199178777635098,-0.006135923322290182,-0.7350015640258789
10.0,13546.0,-0.009014373645186424,-0.006135923322290182,-0.7451543211936951
10.0,13550.0,-0.008833675645291805,-0.006135923322290182,-0.753801167011261
10.0,13553.0,-0.008673511445522308,-0.006135923322290182,-0.7556127309799194
10.0,13559.0,-0.008472279645502567,-0.006135923322290182,-0.7583785057067871
10.0,13563.0,-0.008287474513053894,-0.006135923322290182,-0.7559846639633179
10.0,13567.0,-0.008135523647069931,-0.006135923322290182,-0.7556995749473572
10.0,13571.0,-0.007983572781085968,-0.006135923322290182,-0.755588173866272
10.0,13575.0,-0.007864476181566715,-0.006135923322290182,-0.7569743990898132
10.0,13579.0,-0.0077125257812440395,-0.006135923322290182,-0.7574220895767212
10.0,13582.0,-0.007601642515510321,-0.006135923322290182,-0.7563624382019043
10.0,13585.0,-0.007453798782080412,-0.006135923322290182,-0.7557255625724792
10.0,13589.0,-0.00734291598200798,-0.004601942375302315,-1.0235016345977783
10.0,13592.0,-0.007195071782916784,-0.004601942375302315,-1.018572211265564
10.0,13596.0,-0.007080082315951586,-0.004601942375302315,-1.013719081878662
10.0,13600.0,-0.006911704316735268,-0.004601942375302315,-1.0160242319107056
10.0,13603.0,-0.006735112983733416,-0.004601942375302315,-1.0196342468261719
10.0,13607.0,-0.006591375917196274,-0.004601942375302315,-1.0286437273025513
10.0,13611.0,-0.0063819303177297115,-0.006135923322290182,-0.7734349370002747
10.0,13614.0,-0.006213552318513393,-0.006135923322290182,-0.7987343668937683
10.0,13618.0,-0.005979466252028942,-0.006135923322290182,-0.8195767402648926
10.0,13622.0,-0.0057453797198832035,-0.006135923322290182,-0.8461824655532837
10.0,13625.0,-0.005572895053774118,-0.006135923322290182,-0.8706860542297363
10.0,13629.0,-0.0053347023203969,-0.006135923322290182,-0.8913052082061768
10.0,13632.0,-0.005149897187948227,-0.0076699042692780495,-0.6559863686561584
10.0,13636.0,-0.0048993839882314205,-0.0076699042692780495,-0.6895530819892883
10.0,13640.0,-0.004665297921746969,-0.0076699042692780495,-0.7113827466964722
10.0,13644.0,-0.004439425189048052,-0.0076699042692780495,-0.7366272211074829
10.0,13647.0,-0.004221765790134668,-0.0076699042692780495,-0.7584596872329712
10.0,13651.0,-0.004065708257257938,-0.00920388475060463,-0.5085699558258057
10.0,13655.0,-0.0038562628906220198,-0.00920388475060463,-0.5263734459877014
10.0,13659.0,-0.003659137524664402,-0.00920388475060463,-0.5459233522415161
10.0,13662.0,-0.0035236140247434378,-0.00920388475060463,-0.5582464933395386
10.0,13666.0,-0.003367556491866708,-0.00920388475060463,-0.5616195201873779
10.0,13670.0,-0.0032402463257312775,-0.00920388475060463,-0.5576513409614563
10.0,13673.0,-0.0031581108924001455,-0.00920388475060463,-0.547299325466156
10.0,13676.0,-0.0030636549927294254,-0.00920388475060463,-0.5365350842475891
10.0,13682.0,-0.0029856262262910604,-0.0076699042692780495,-0.7724049091339111
10.0,13692.0,-0.0028583162929862738,-0.0076699042692780495,-0.6830394864082336
10.0,13696.0,-0.002821355126798153,-0.0076699042692780495,-0.9224764108657837
10.0,13700.0,-0.002776180626824498,-0.006135923322290182,-0.8955974578857422
10.0,13703.0,-0.002735113026574254,-0.006135923322290182,-0.8655372262001038
10.0,13706.0,-0.0026652978267520666,-0.006135923322290182,-0.8471671938896179
10.0,13710.0,-0.002583162160590291,-0.006135923322290182,-0.8271414041519165
10.0,13714.0,-0.0025092402938753366,-0.006135923322290182,-0.8147040009498596
10.0,13718.0,-0.0023983572609722614,-0.006135923322290182,-0.8074437975883484
10.0,13723.0,-0.0022587268613278866,-0.006135923322290182,-0.795124888420105
10.0,13726.0,-0.0021437371615320444,-0.006135923322290182,-0.7900132536888123
10.0,13731.0,-0.002032854128628969,-0.006135923322290182,-0.7821977734565735
10.0,13734.0,-0.0019466119119897485,-0.006135923322290182,-0.7761774063110352
10.0,13748.0,-0.0014743326464667916,-0.004601942375302315,-1.0277464389801025
10.0,13752.0,-0.0013552361633628607,-0.006135923322290182,-0.7680611610412598
10.0,13756.0,-0.0011827514972537756,-0.006135923322290182,-0.779351532459259
10.0,13760.0,-0.0010143737308681011,-0.006135923322290182,-0.7918235659599304
10.0,13763.0,-0.0008870636811479926,-0.006135923322290182,-0.8040069937705994
10.0,13767.0,-0.0007145790732465684,-0.006135923322290182,-0.8185994625091553
10.0,13771.0,-0.0005338808987289667,-0.006135923322290182,-0.8341729640960693
10.0,13774.0,-0.00034907597000710666,-0.006135923322290182,-0.8469358086585999
10.0,13779.0,-0.00016016427252907306,-0.0076699042692780495,-0.5960074067115784
10.0,13782.0,-1.642710412852466e-05,-0.0076699042692780495,-0.6204515099525452
10.0,13786.0,0.00017248459334950894,-0.0076699042692780495,-0.6401248574256897
10.0,13790.0,0.00034086243249475956,-0.0076699042692780495,-0.6518339514732361
10.0,13794.0,0.0005051334737800062,-0.0076699042692780495,-0.6653212308883667
10.0,13797.0,0.0006160164484754205,-0.0076699042692780495,-0.6717735528945923
10.0,13801.0,0.0007515400648117065,-0.0076699042692780495,-0.6754727959632874
10.0,13804.0,0.0008747433312237263,-0.0076699042692780495,-0.6745803356170654
10.0,13808.0,0.0009650923893786967,-0.0076699042692780495,-0.6730965375900269
10.0,13812.0,0.0010800821473821998,-0.0076699042692780495,-0.6711243987083435
10.0,13815.0,0.0011663244804367423,-0.0076699042692780495,-0.6673657298088074
10.0,13819.0,0.0012772073969244957,-0.0076699042692780495,-0.6657456755638123
10.0,13822.0,0.0013798767467960715,-0.0076699042692780495,-0.659766674041748
10.0,13826.0,0.0014537987299263477,-0.0076699042692780495,-0.6545055508613586
10.0,13830.0,0.001544147846288979,-0.0076699042692780495,-0.6451572775840759
10.0,13833.0,0.0016098562628030777,-0.0076699042692780495,-0.6349698901176453
10.0,13836.0,0.0016673511127009988,-0.0076699042692780495,-0.6253304481506348
10.0,13840.0,0.0017371663125231862,-0.0076699042692780495,-0.6094233989715576
10.0,13844.0,0.0018028747290372849,-0.0076699042692780495,-0.5979595184326172
10.0,13847.0,0.0018562627956271172,-0.0076699042692780495,-0.5792568922042847
10.0,13851.0,0.0018932238453999162,-0.0076699042692780495,-0.5600274205207825
10.0,13854.0,0.001938398345373571,-0.0076699042692780495,-0.5448020100593567
10.0,13858.0,0.0019671458285301924,-0.0076699042692780495,-0.5287169814109802
10.0,13861.0,0.001991786528378725,-0.0076699042692780495,-0.5049159526824951
10.0,13864.0,0.002012320328503847,-0.006135923322290182,-0.7542856931686401
10.0,13869.0,0.0020410676952451468,-0.006135923322290182,-0.7156898975372314
10.0,13874.0,0.0020657083950936794,-0.006135923322290182,-0.6803812980651855
10.0,13878.0,0.002090349094942212,-0.006135923322290182,-0.6611295342445374
10.0,13881.0,0.0021067762281745672,-0.006135923322290182,-0.6354992985725403
10.0,13885.0,0.002135523594915867,-0.004601942375302315,-0.8860840201377869
10.0,13889.0,0.002156057395040989,-0.004601942375302315,-0.8548388481140137
10.0,13892.0,0.0021765914279967546,-0.004601942375302315,-0.8275385499000549
10.0,13896.0,0.002213552361354232,-0.004601942375302315,-0.810132622718811
10.0,13900.0,0.0022587268613278866,-0.004601942375302315,-0.7900037169456482
10.0,13903.0,0.0022997946944087744,-0.004601942375302315,-0.7747423648834229
10.0,13906.0,0.0023572894278913736,-0.004601942375302315,-0.7630591988563538
10.0,13910.0,0.002402464160695672,-0.004601942375302315,-0.7489593625068665
10.0,13914.0,0.002464065793901682,-0.004601942375302315,-0.7408217787742615
10.0,13917.0,0.0025092402938753366,-0.004601942375302315,-0.729087769985199
10.0,13921.0,0.002566735027357936,-0.004601942375302315,-0.7189594507217407
10.0,13924.0,0.0026078028604388237,-0.004601942375302315,-0.7068737745285034
10.0,13928.0,0.002661190927028656,-0.004601942375302315,-0.6926630139350891
10.0,13941.0,0.0027926077600568533,-0.003067961661145091,-0.8981912732124329
10.0,13944.0,0.0028418891597539186,-0.003067961661145091,-0.8853839039802551
10.0,13949.0,0.002899383893236518,-0.003067961661145091,-0.8716264367103577
10.0,13952.0,0.002973305992782116,-0.003067961661145091,-0.8638440370559692
10.0,13956.0,0.003034907625988126,-0.003067961661145091,-0.8604783415794373
10.0,13960.0,0.003129363525658846,-0.003067961661145091,-0.8597897291183472
10.0,13963.0,0.003207392292097211,-0.003067961661145091,-0.8634576797485352
10.0,13966.0,0.00332648865878582,-0.004601942375302315,-0.6041678190231323
10.0,13970.0,0.003416837891563773,-0.004601942375302315,-0.6176131963729858
10.0,13974.0,0.0035318275913596153,-0.004601942375302315,-0.6264434456825256
10.0,13977.0,0.0036139630246907473,-0.004601942375302315,-0.6352500319480896
10.0,13981.0,0.0037084189243614674,-0.004601942375302315,-0.6398388147354126
10.0,13984.0,0.003798767924308777,-0.004601942375302315,-0.6415650844573975
10.0,13989.0,0.00388911715708673,-0.004601942375302315,-0.6447761058807373
10.0,13992.0,0.00395071879029274,-0.004601942375302315,-0.645300567150116
10.0,13995.0,0.004028747323900461,-0.004601942375302315,-0.6444058418273926
10.0,13999.0,0.004086242523044348,-0.004601942375302315,-0.642436146736145
10.0,14002.0,0.004135523457080126,-0.004601942375302315,-0.6377116441726685
10.0,14006.0,0.004188911523669958,-0.004601942375302315,-0.6318285465240479
10.0,14010.0,0.0042381929233670235,-0.004601942375302315,-0.6225392818450928
10.0,14013.0,0.0042628338560462,-0.004601942375302315,-0.6083450317382812
10.0,14016.0,0.004291580989956856,-0.004601942375302315,-0.5967541933059692
10.0,14020.0,0.004303901456296444,-0.004601942375302315,-0.5783018469810486
10.0,14024.0,0.004316221922636032,-0.004601942375302315,-0.5636148452758789
10.0,14028.0,0.004320328589528799,-0.004601942375302315,-0.5370166897773743
10.0,14031.0,0.004320328589528799,-0.004601942375302315,-0.5208887457847595
10.0,14035.0,0.004320328589528799,-0.003067961661145091,-0.7706366777420044
10.0,14039.0,0.004320328589528799,-0.003067961661145091,-0.744576096534729
10.0,14042.0,0.004324435256421566,-0.003067961661145091,-0.7208781838417053
10.0,14046.0,0.004332649055868387,-0.003067961661145091,-0.705409824848175
10.0,14050.0,0.004336755722761154,-0.003067961661145091,-0.6832913756370544
10.0,14053.0,0.004340862389653921,-0.003067961661145091,-0.6620544791221619
10.0,14056.0,0.004340862389653921,-0.003067961661145091,-0.6350243091583252
10.0,14061.0,0.004340862389653921,-0.0015339808305725455,-0.8782535195350647
10.0,14066.0,0.004340862389653921,-0.0015339808305725455,-0.8539016246795654
10.0,14070.0,0.004353182855993509,-0.0015339808305725455,-0.8318381309509277
10.0,14074.0,0.00436550285667181,-0.0015339808305725455,-0.8178873062133789
10.0,14077.0,0.004377823323011398,-0.0015339808305725455,-0.8013060688972473
10.0,14081.0,0.004402464255690575,-0.0015339808305725455,-0.7896541953086853
10.0,14084.0,0.00441889138892293,-0.0015339808305725455,-0.7742268443107605
10.0,14088.0,0.004443531855940819,-0.0015339808305725455,-0.760756254196167
10.0,14091.0,0.004468172322958708,-0.0015339808305725455,-0.7517066597938538
10.0,14095.0,0.004484599456191063,-0.0015339808305725455,-0.7416044473648071
10.0,14099.0,0.004505133256316185,-0.0015339808305725455,-0.7281762361526489
10.0,14102.0,0.004517453722655773,-0.0015339808305725455,-0.7139766216278076
10.0,14106.0,0.004533880855888128,-0.0015339808305725455,-0.7037119269371033
10.0,14110.0,0.004550307989120483,-0.0015339808305725455,-0.687308669090271
10.0,14115.0,0.0045667351223528385,0.0,-0.9388339519500732
10.0,14118.0,0.004583162255585194,0.0,-0.9209630489349365
10.0,14131.0,0.0047268993221223354,0.0,-0.9016513824462891
10.0,14134.0,0.004784394055604935,0.0,-0.9069333076477051
10.0,14138.0,0.004907597322016954,-0.0015339808305725455,-0.6534887552261353
10.0,14142.0,0.004997946787625551,-0.0015339808305725455,-0.6762041449546814
10.0,14145.0,0.005108829587697983,-0.0015339808305725455,-0.6904078125953674
10.0,14149.0,0.005186858121305704,-0.0015339808305725455,-0.7079180479049683
10.0,14153.0,0.005289527587592602,-0.0015339808305725455,-0.7186619639396667
10.0,14156.0,0.005359342787414789,-0.0015339808305725455,-0.7312597632408142
10.0,14160.0,0.005453798919916153,-0.0015339808305725455,-0.7434817552566528
10.0,14164.0,0.0055441479198634624,-0.003067961661145091,-0.4838239550590515
10.0,14167.0,0.00561396311968565,-0.003067961661145091,-0.500124990940094
10.0,14171.0,0.0056960987858474255,-0.003067961661145091,-0.5118828415870667
10.0,14174.0,0.00577002065256238,-0.003067961661145091,-0.5201411247253418
10.0,14178.0,0.0058357291854918,-0.003067961661145091,-0.527293860912323
10.0,14183.0,0.0058932239189744,-0.003067961661145091,-0.5319679975509644
10.0,14188.0,0.005983572918921709,-0.003067961661145091,-0.5355438590049744
10.0,14194.0,0.006032854318618774,-0.003067961661145091,-0.5370267629623413
10.0,14197.0,0.006069815251976252,-0.003067961661145091,-0.5371627807617188
10.0,14201.0,0.006110882852226496,-0.003067961661145091,-0.5360248684883118
10.0,14204.0,0.006147843785583973,-0.003067961661145091,-0.534588098526001
10.0,14209.0,0.006180698052048683,-0.003067961661145091,-0.5309870839118958
10.0,14212.0,0.006201231852173805,-0.003067961661145091,-0.5262320637702942
10.0,14216.0,0.006225872784852982,-0.003067961661145091,-0.5211426615715027
10.0,14219.0,0.006242299918085337,-0.003067961661145091,-0.5141570568084717
10.0,14223.0,0.0062546199187636375,-0.003067961661145091,-0.503486156463623
10.0,14226.0,0.006262833718210459,-0.003067961661145091,-0.49643075466156006
10.0,14230.0,0.006266940385103226,-0.003067961661145091,-0.4851604402065277
10.0,14234.0,0.006266940385103226,-0.003067961661145091,-0.4759964942932129
10.0,14237.0,0.006266940385103226,-0.003067961661145091,-0.4642064571380615
10.0,14241.0,0.006266940385103226,-0.003067961661145091,-0.45288828015327454
10.0,14245.0,0.006266940385103226,-0.0015339808305725455,-0.7074176669120789
10.0,14251.0,0.006271047051995993,-0.0015339808305725455,-0.6844764947891235
10.0,14255.0,0.006279260851442814,-0.0015339808305725455,-0.6755411028862
10.0,14258.0,0.006291581317782402,-0.0015339808305725455,-0.6644923686981201
10.0,14262.0,0.006303901318460703,-0.0015339808305725455,-0.6552319526672363
10.0,14266.0,0.006320328451693058,-0.0015339808305725455,-0.6485450863838196
10.0,14270.0,0.006336755584925413,-0.0015339808305725455,-0.6399610042572021
10.0,14273.0,0.006349076051265001,-0.0015339808305725455,-0.6317427158355713
10.0,14277.0,0.006365503184497356,-0.0015339808305725455,-0.622520387172699
10.0,14280.0,0.006377823185175657,-0.0015339808305725455,-0.6168786287307739
10.0,14284.0,0.0063819303177297115,-0.0015339808305725455,-0.6069785952568054
10.0,14288.0,0.0063901436515152454,-0.0015339808305725455,-0.5974860191345215
10.0,14292.0,0.006394250318408012,-0.0015339808305725455,-0.587054431438446
10.0,14296.0,0.006398357450962067,-0.0015339808305725455,-0.5784884095191956
10.0,14300.0,0.006398357450962067,-0.0015339808305725455,-0.5674682259559631
10.0,14303.0,0.006402464117854834,-0.0015339808305725455,-0.5582085847854614
10.0,14306.0,0.006402464117854834,-0.0015339808305725455,-0.550518810749054
10.0,14310.0,0.006402464117854834,-0.0015339808305725455,-0.5406265258789062
10.0,14314.0,0.006402464117854834,-0.0015339808305725455,-0.533469021320343
10.0,14317.0,0.006402464117854834,-0.0015339808305725455,-0.5242618322372437
10.0,14330.0,0.0064106774516403675,0.0,-0.7552696466445923
10.0,14334.0,0.006418891251087189,0.0,-0.7445700764656067
10.0,14338.0,0.006435318384319544,0.0,-0.7351383566856384
10.0,14342.0,0.006451745517551899,0.0,-0.72931307554245
10.0,14346.0,0.006476385984569788,0.0,-0.725450873374939
10.0,14350.0,0.00649691978469491,0.0,-0.7197574973106384
10.0,14354.0,0.006521560717374086,0.0,-0.7162319421768188
10.0,14357.0,0.0065420945174992085,0.0,-0.7125983834266663
10.0,14361.0,0.006574948783963919,0.0,-0.710476815700531
10.0,14365.0,0.006599589250981808,0.0,-0.7098243236541748
10.0,14370.0,0.006648870650678873,0.0,-0.7091114521026611
10.0,14375.0,0.00668583158403635,0.0,-0.7111817002296448
10.0,14380.0,0.0067392196506261826,-0.0015339808305725455,-0.44491755962371826
10.0,14383.0,0.006772073917090893,-0.0015339808305725455,-0.45444729924201965
10.0,14386.0,0.006804928183555603,-0.0015339808305725455,-0.46104833483695984
10.0,14390.0,0.00684188911691308,-0.0015339808305725455,-0.46480175852775574
10.0,14394.0,0.006866529583930969,-0.0015339808305725455,-0.4670136868953705
10.0,14397.0,0.006878850050270557,-0.0015339808305725455,-0.46513524651527405
10.0,14401.0,0.006887063849717379,-0.0015339808305725455,-0.46202316880226135
10.0,14404.0,0.006891170516610146,-0.0015339808305725455,-0.4591315984725952
10.0,14409.0,0.006891170516610146,-0.0015339808305725455,-0.4536234438419342
10.0,14412.0,0.006891170516610146,-0.0015339808305725455,-0.448340505361557
10.0,14416.0,0.006891170516610146,-0.0015339808305725455,-0.4432738721370697
10.0,14419.0,0.006891170516610146,0.0,-0.7065233588218689
10.0,14423.0,0.006891170516610146,0.0,-0.6958309412002563
10.0,14426.0,0.0068952771835029125,0.0,-0.6907803416252136
10.0,14430.0,0.006911704316735268,0.0,-0.6860802173614502
10.0,14434.0,0.006928131449967623,0.0,-0.6815933585166931
10.0,14439.0,0.006956879049539566,0.0,-0.6802648901939392
10.0,14442.0,0.006981519516557455,0.0,-0.6784548163414001
10.0,14446.0,0.007006159983575344,0.0,-0.6794041991233826
10.0,14450.0,0.007034907583147287,0.0,-0.6793498396873474
10.0,14453.0,0.007063655182719231,-0.0015339808305725455,-0.4154501259326935
10.0,14457.0,0.007080082315951586,-0.0015339808305725455,-0.41820022463798523
10.0,14460.0,0.00708829564973712,-0.0015339808305725455,-0.41864532232284546
10.0,14464.0,0.007092402316629887,-0.0015339808305725455,-0.4159657955169678
10.0,14467.0,0.007092402316629887,-0.0015339808305725455,-0.4125238358974457
10.0,14471.0,0.007092402316629887,-0.0015339808305725455,-0.40922585129737854
10.0,14475.0,0.007092402316629887,0.0,-0.6737561821937561
10.0,14479.0,0.007092402316629887,0.0,-0.66471266746521
10.0,14482.0,0.007096509449183941,0.0,-0.6573769450187683
10.0,14485.0,0.007104722782969475,0.0,-0.6537483930587769
10.0,14489.0,0.007112936116755009,0.0,-0.6481929421424866
10.0,14492.0,0.00712114991620183,0.0,-0.6448511481285095
10.0,14496.0,0.007129363249987364,0.0,-0.6410362124443054
10.0,14500.0,0.007137577049434185,0.0,-0.6366059184074402
10.0,14503.0,0.007145790383219719,0.0,-0.6317952275276184
10.0,14506.0,0.00715400418266654,0.0,-0.629004955291748
10.0,14510.0,0.007158110849559307,0.0,-0.623197615146637
10.0,14514.0,0.007162217516452074,0.0,-0.618975818157196
10.0,14526.0,0.007174537982791662,0.0,-0.6037975549697876
10.0,14530.0,0.007174537982791662,0.0,-0.5977177619934082
10.0,14533.0,0.007174537982791662,0.0,-0.591886043548584
10.0,14536.0,0.007174537982791662,0.0,-0.5876691341400146
10.0,14540.0,0.007174537982791662,0.0,-0.5822482109069824
10.0,14544.0,0.007174537982791662,0.0,-0.5783287882804871
10.0,14548.0,0.007174537982791662,0.0,-0.5734190940856934
10.0,14551.0,0.007178644649684429,0.0,-0.5697783827781677
10.0,14554.0,0.007178644649684429,0.0,-0.5650992393493652
10.0,14561.0,0.007178644649684429,0.0,-0.5595206618309021
10.0,14564.0,0.007178644649684429,0.0,-0.5552647709846497
10.0,14568.0,0.007178644649684429,0.0,-0.5511850714683533
10.0,14572.0,0.007178644649684429,0.0,-0.5482367277145386
10.0,14575.0,0.007178644649684429,0.0,-0.5444488525390625
10.0,14579.0,0.007178644649684429,0.0,-0.5417117476463318
10.0,14582.0,0.007178644649684429,0.0,-0.538195788860321
10.0,14585.0,0.007178644649684429,0.0,-0.5356556177139282
10.0,14589.0,0.007178644649684429,0.0,-0.532393217086792
10.0,14593.0,0.007178644649684429,0.0,-0.5292677283287048
10.0,14596.0,0.007178644649684429,0.0,-0.5270103812217712
10.0,14600.0,0.007178644649684429,0.0,-0.5248247981071472
10.0,14603.0,0.007178644649684429,0.0,-0.5220188498497009
10.0,14607.0,0.007178644649684429,0.0,-0.5199927687644958
10.0,14610.0,0.007178644649684429,0.0,-0.5173920392990112
10.0,14614.0,0.007178644649684429,0.0,-0.5155144929885864
10.0,14617.0,0.007178644649684429,0.0,-0.5131050944328308
10.0,14621.0,0.007178644649684429,0.0,-0.5107990503311157
10.0,14625.0,0.007178644649684429,0.0,-0.5091350078582764
10.0,14629.0,0.007178644649684429,0.0,-0.5070002675056458
10.0,14632.0,0.007178644649684429,0.0,-0.5049581527709961
10.0,14636.0,0.007178644649684429,0.0,-0.5034852027893066
10.0,14640.0,0.007178644649684429,0.0,-0.5015964508056641
10.0,14643.0,0.007178644649684429,0.0,-0.49979057908058167
10.0,14647.0,0.007178644649684429,0.0,-0.49806439876556396
10.0,14650.0,0.007178644649684429,0.0,-0.4968201220035553
10.0,14654.0,0.007178644649684429,0.0,-0.49522581696510315
10.0,14657.0,0.007178644649684429,0.0,-0.49407705664634705
10.0,14662.0,0.007178644649684429,0.0,-0.49260568618774414
10.0,14665.0,0.007178644649684429,0.0,-0.4912007749080658
10.0,14669.0,0.007178644649684429,0.0,-0.4901891350746155
10.0,14672.0,0.007178644649684429,0.0,-0.4888943135738373
10.0,14676.0,0.007178644649684429,0.0,-0.48796239495277405
10.0,14680.0,0.007178644649684429,0.0,-0.48648083209991455
10.0,14684.0,0.007178644649684429,0.0,-0.4850850999355316
10.0,14689.0,0.007178644649684429,0.0,-0.4840274453163147
10.0,14693.0,0.007178644649684429,0.0,-0.48301994800567627
10.0,14697.0,0.007178644649684429,0.0,-0.48206067085266113
10.0,14701.0,0.007178644649684429,0.0,-0.4811476469039917
10.0,14704.0,0.007178644649684429,0.0,-0.48049217462539673
10.0,14708.0,0.007178644649684429,0.0,-0.47965580224990845
10.0,14721.0,0.007178644649684429,0.0,-0.4768754243850708
10.0,14726.0,0.007178644649684429,0.0,-0.4763820171356201
10.0,14730.0,0.007178644649684429,0.0,-0.4757542610168457
10.0,14734.0,0.007178644649684429,0.0,-0.47530537843704224
10.0,14737.0,0.007178644649684429,0.0,-0.474734902381897
10.0,14740.0,0.007178644649684429,0.0,-0.4743274450302124
10.0,14745.0,0.007178644649684429,0.0,-0.4736856520175934
10.0,14750.0,0.007178644649684429,0.0,-0.47308850288391113
10.0,14754.0,0.007178644649684429,0.0,-0.4726414680480957
10.0,14757.0,0.007178644649684429,0.0,-0.47232338786125183
10.0,14761.0,0.007178644649684429,0.0,-0.47192132472991943
10.0,14764.0,0.007178644649684429,0.0,-0.4716358184814453
10.0,14769.0,0.007178644649684429,0.0,-0.4712756872177124
10.0,14772.0,0.007178644649684429,0.0,-0.4709382951259613
10.0,14776.0,0.007178644649684429,0.0,-0.4706995487213135
10.0,14780.0,0.007178644649684429,0.0,-0.4703997075557709
10.0,14783.0,0.007178644649684429,0.0,-0.4701201319694519
10.0,14786.0,0.007178644649684429,0.0,-0.4699232876300812
10.0,14790.0,0.007178644649684429,0.0,-0.46967729926109314
10.0,14794.0,0.007178644649684429,0.0,-0.469449520111084
10.0,14798.0,0.007178644649684429,0.0,-0.46929019689559937
10.0,14802.0,0.007178644649684429,0.0,-0.4690925180912018
10.0,14805.0,0.007178644649684429,0.0,-0.4689111113548279
10.0,14809.0,0.007178644649684429,0.0,-0.4687453806400299
10.0,14812.0,0.007178644649684429,0.0,-0.46863096952438354
10.0,14816.0,0.007178644649684429,0.0,-0.4685247242450714
10.0,14819.0,0.007178644649684429,0.0,-0.4683953821659088
10.0,14822.0,0.007178644649684429,0.0,-0.46830734610557556
10.0,14826.0,0.007178644649684429,0.0,-0.4682014286518097
10.0,14830.0,0.007178644649684429,0.0,-0.46813035011291504
10.0,14833.0,0.007178644649684429,0.0,-0.46804624795913696
10.0,14836.0,0.007178644649684429,0.0,-0.4679909646511078
10.0,14840.0,0.007178644649684429,0.0,-0.46794211864471436
10.0,14843.0,0.007178644649684429,0.0,-0.46788662672042847
10.0,14846.0,0.007178644649684429,0.0,-0.46785208582878113
10.0,14850.0,0.007178644649684429,0.0,-0.46781501173973083
10.0,14854.0,0.007178644649684429,0.0,-0.4677937626838684
10.0,14857.0,0.007178644649684429,0.0,-0.4677738845348358
10.0,14860.0,0.007178644649684429,0.0,-0.46776503324508667
10.0,14864.0,0.007178644649684429,0.0,-0.4677611291408539
10.0,14868.0,0.007178644649684429,0.0,-0.46776580810546875
10.0,14872.0,0.007178644649684429,0.0,-0.46777886152267456
10.0,14877.0,0.007178644649684429,0.0,-0.46780627965927124
10.0,14881.0,0.007178644649684429,0.0,-0.46783676743507385
10.0,14885.0,0.007178644649684429,0.0,-0.467864453792572
10.0,14888.0,0.007178644649684429,0.0,-0.46790754795074463
10.0,14892.0,0.007178644649684429,0.0,-0.46795737743377686
10.0,14896.0,0.007178644649684429,0.0,-0.46799910068511963
10.0,14899.0,0.007178644649684429,0.0,-0.468060165643692
10.0,14903.0,0.007178644649684429,0.0,-0.46811002492904663
10.0,14915.0,0.007178644649684429,0.0,-0.46834149956703186
10.0,14919.0,0.007178644649684429,0.0,-0.46842941641807556
10.0,14922.0,0.007178644649684429,0.0,-0.4685223400592804
10.0,14926.0,0.007178644649684429,0.0,-0.4685952067375183
10.0,14930.0,0.007178644649684429,0.0,-0.4686964750289917
10.0,14933.0,0.007178644649684429,0.0,-0.46877536177635193
10.0,14937.0,0.007178644649684429,0.0,-0.4689123034477234
10.0,14942.0,0.007178644649684429,0.0,-0.4690556526184082
10.0,14946.0,0.007178644649684429,0.0,-0.46914467215538025
10.0,14950.0,0.007178644649684429,0.0,-0.46926671266555786
10.0,14953.0,0.007178644649684429,0.0,-0.46939241886138916
10.0,14957.0,0.007178644649684429,0.0,-0.4694890081882477
10.0,14960.0,0.007178644649684429,0.0,-0.46962079405784607
10.0,14964.0,0.007178644649684429,0.0,-0.46972179412841797
10.0,14967.0,0.007178644649684429,0.0,-0.4698592722415924
10.0,14971.0,0.007178644649684429,0.0,-0.4699644148349762
10.0,14974.0,0.007178644649684429,0.0,-0.47010716795921326
10.0,14978.0,0.007178644649684429,0.0,-0.47021612524986267
10.0,14981.0,0.007178644649684429,0.0,-0.4703637957572937
10.0,14985.0,0.007178644649684429,0.0,-0.470514178276062
10.0,14989.0,0.007178644649684429,0.0,-0.4706670939922333
10.0,14992.0,0.007178644649684429,0.0,-0.47078338265419006
10.0,14996.0,0.007178644649684429,0.0,-0.4709010422229767
10.0,15000.0,0.007178644649684429,0.0,-0.4710599482059479
10.0,15003.0,0.007178644649684429,0.0,-0.47122105956077576
10.0,15007.0,0.007178644649684429,0.0,-0.4713432788848877
10.0,15010.0,0.007178644649684429,0.0,-0.47150808572769165
10.0,15014.0,0.007178644649684429,0.0,-0.4716329574584961
10.0,15017.0,0.007178644649684429,0.0,-0.471801221370697
10.0,15021.0,0.007178644649684429,0.0,-0.4719712734222412
10.0,15024.0,0.007178644649684429,0.0,-0.47210001945495605
10.0,15028.0,0.007178644649684429,0.0,-0.47227320075035095
10.0,15032.0,0.007178644649684429,0.0,-0.4724480211734772
10.0,15036.0,0.007178644649684429,0.0,-0.4725801944732666
10.0,15040.0,0.007178644649684429,0.0,-0.4727577567100525
10.0,15043.0,0.007178644649684429,0.0,-0.47293683886528015
10.0,15046.0,0.007178644649684429,0.0,-0.4730720520019531
10.0,15050.0,0.007178644649684429,0.0,-0.4732535779476166
10.0,15054.0,0.007178644649684429,0.0,-0.47343647480010986
10.0,15059.0,0.007178644649684429,0.0,-0.47362059354782104
10.0,15063.0,0.007178644649684429,0.0,-0.4738524854183197
10.0,15067.0,0.007178644649684429,0.0,-0.47403934597969055
10.0,15070.0,0.007178644649684429,0.0,-0.4741801917552948
10.0,15074.0,0.007178644649684429,0.0,-0.47436898946762085
10.0,15078.0,0.007178644649684429,0.0,-0.4745588004589081
10.0,15081.0,0.007178644649684429,0.0,-0.47470182180404663
10.0,15085.0,0.007178644649684429,0.0,-0.47489339113235474
10.0,15089.0,0.007178644649684429,0.0,-0.47503766417503357
10.0,15092.0,0.007178644649684429,0.0,-0.4752308428287506
10.0,15095.0,0.007178644649684429,0.0,-0.47537627816200256
10.0,15108.0,0.007178644649684429,0.0,-0.4760119616985321
10.0,15112.0,0.007178644649684429,0.0,-0.4762091636657715
10.0,15115.0,0.007178644649684429,0.0,-0.47635751962661743
10.0,15119.0,0.007178644649684429,0.0,-0.4765559732913971
10.0,15123.0,0.007178644649684429,0.0,-0.4767550826072693
10.0,15127.0,0.007178644649684429,0.0,-0.476954847574234
10.0,15130.0,0.007178644649684429,0.0,-0.4771050214767456
10.0,15134.0,0.007178644649684429,0.0,-0.47725558280944824
10.0,15137.0,0.007178644649684429,0.0,-0.47745683789253235
10.0,15141.0,0.007178644649684429,0.0,-0.47765862941741943
10.0,15145.0,0.007178644649684429,0.0,-0.4778103232383728
10.0,15149.0,0.007178644649684429,0.0,-0.4780130386352539
10.0,15152.0,0.007178644649684429,0.0,-0.4782162606716156
10.0,15155.0,0.007178644649684429,0.0,-0.47836896777153015
10.0,15159.0,0.007178644649684429,0.0,-0.4785730242729187
10.0,15163.0,0.007178644649684429,0.0,-0.478726327419281
10.0,15166.0,0.007178644649684429,0.0,-0.47893112897872925
10.0,15170.0,0.007178644649684429,0.0,-0.4790849983692169
10.0,15173.0,0.007178644649684429,0.0,-0.47929051518440247
10.0,15176.0,0.007178644649684429,0.0,-0.4794449508190155
10.0,15180.0,0.007178644649684429,0.0,-0.47970274090766907
10.0,15184.0,0.007178644649684429,0.0,-0.4798576831817627
10.0,15189.0,0.007178644649684429,0.0,-0.4801163673400879
10.0,15193.0,0.007178644649684429,0.0,-0.4803236424922943
10.0,15196.0,0.007178644649684429,0.0,-0.48047932982444763
10.0,15200.0,0.007178644649684429,0.0,-0.4806872308254242
10.0,15204.0,0.007178644649684429,0.0,-0.48084330558776855
10.0,15207.0,0.007178644649684429,0.0,-0.48105165362358093
10.0,15211.0,0.007178644649684429,0.0,-0.4812602996826172
10.0,15215.0,0.007178644649684429,0.0,-0.4814169406890869
10.0,15219.0,0.007178644649684429,0.0,-0.481626033782959
10.0,15222.0,0.007178644649684429,0.0,-0.48183539509773254
10.0,15226.0,0.007178644649684429,0.0,-0.4820449650287628
10.0,15230.0,0.007178644649684429,0.0,-0.48220229148864746
10.0,15233.0,0.007178644649684429,0.0,-0.48241227865219116
10.0,15237.0,0.007178644649684429,0.0,-0.4825699031352997
10.0,15240.0,0.007178644649684429,0.0,-0.48278021812438965
10.0,15245.0,0.007178644649684429,0.0,-0.4830434322357178
10.0,15250.0,0.007178644649684429,0.0,-0.4833069145679474
10.0,15254.0,0.007178644649684429,0.0,-0.48346513509750366
10.0,15257.0,0.007178644649684429,0.0,-0.4836762845516205
10.0,15261.0,0.007178644649684429,0.0,-0.48388755321502686
10.0,15264.0,0.007178644649684429,0.0,-0.4840461313724518
10.0,15268.0,0.007178644649684429,0.0,-0.48425766825675964
10.0,15271.0,0.007178644649684429,0.0,-0.4844164550304413
10.0,15275.0,0.007178644649684429,0.0,-0.484628289937973
10.0,15279.0,0.007178644649684429,0.0,-0.4847872257232666
10.0,15282.0,0.007178644649684429,0.0,-0.48499929904937744
10.0,15286.0,0.007178644649684429,0.0,-0.48521149158477783
10.0,15290.0,0.007178644649684429,0.0,-0.4854238033294678
10.0,15303.0,0.007178644649684429,0.0,-0.48611462116241455
10.0,15307.0,0.007178644649684429,0.0,-0.4863274097442627
10.0,15310.0,0.007178644649684429,0.0,-0.4864870607852936
10.0,15314.0,0.007178644649684429,0.0,-0.48670002818107605
10.0,15317.0,0.007178644649684429,0.0,-0.4868597984313965
10.0,15321.0,0.007178644649684429,0.0,-0.4870729446411133
10.0,15324.0,0.007178644649684429,0.0,-0.48723286390304565
10.0,15329.0,0.007178644649684429,0.0,-0.4874460995197296
10.0,15332.0,0.007178644649684429,0.0,-0.4876594841480255
10.0,15336.0,0.007178644649684429,0.0,-0.48781952261924744
10.0,15339.0,0.007178644649684429,0.0,-0.4880330562591553
10.0,15343.0,0.007178644649684429,0.0,-0.4882465898990631
10.0,15346.0,0.007178644649684429,0.0,-0.48840680718421936
10.0,15350.0,0.007178644649684429,0.0,-0.4886205196380615
10.0,15354.0,0.007178644649684429,0.0,-0.4888342618942261
10.0,15358.0,0.007178644649684429,0.0,-0.4889945983886719
10.0,15361.0,0.007178644649684429,0.0,-0.489208459854126
10.0,15365.0,0.007178644649684429,0.0,-0.48942238092422485
10.0,15370.0,0.007178644649684429,0.0,-0.4896363615989685
10.0,15373.0,0.007178644649684429,0.0,-0.48990392684936523
10.0,15378.0,0.007178644649684429,0.0,-0.49011802673339844
10.0,15382.0,0.007178644649684429,0.0,-0.49033215641975403
10.0,15386.0,0.007178644649684429,0.0,-0.4904927909374237
10.0,15389.0,0.007178644649684429,0.0,-0.49070701003074646
10.0,15393.0,0.007178644649684429,0.0,-0.4908677041530609
10.0,15396.0,0.007178644649684429,0.0,-0.49108201265335083
10.0,15400.0,0.007178644649684429,0.0,-0.49124276638031006
10.0,15403.0,0.007178644649684429,0.0,-0.49145713448524475
10.0,15407.0,0.007178644649684429,0.0,-0.49161794781684875
10.0,15411.0,0.007178644649684429,0.0,-0.4918323755264282
10.0,15414.0,0.007178644649684429,0.0,-0.49204686284065247
10.0,15418.0,0.007178644649684429,0.0,-0.49220773577690125
10.0,15421.0,0.007178644649684429,0.0,-0.49242228269577026
10.0,15425.0,0.007178644649684429,0.0,-0.49258318543434143
10.0,15429.0,0.007178644649684429,0.0,-0.4927977919578552
10.0,15434.0,0.007178644649684429,0.0,-0.49306604266166687
10.0,15437.0,0.007178644649684429,0.0,-0.4933343827724457
10.0,15443.0,0.007178644649684429,0.0,-0.49354904890060425
10.0,15446.0,0.007178644649684429,0.0,-0.4937637746334076
10.0,15450.0,0.007178644649684429,0.0,-0.49397850036621094
10.0,15453.0,0.007178644649684429,0.0,-0.49413958191871643
10.0,15457.0,0.007178644649684429,0.0,-0.49435436725616455
10.0,15461.0,0.007178644649684429,0.0,-0.49451544880867004
10.0,15464.0,0.007178644649684429,0.0,-0.49473026394844055
10.0,15468.0,0.007178644649684429,0.0,-0.4948914051055908
10.0,15471.0,0.007178644649684429,0.0,-0.4951062500476837
10.0,15474.0,0.007178644649684429,0.0,-0.495267391204834
10.0,15479.0,0.007178644649684429,0.0,-0.49548229575157166
10.0,15482.0,0.007178644649684429,0.0,-0.4956972002983093
10.0,15485.0,0.007178644649684429,0.0,-0.49585840106010437
10.0,15498.0,0.007178644649684429,0.0,-0.49655699729919434
10.0,15502.0,0.007178644649684429,0.0,-0.4967719614505768
10.0,15505.0,0.007178644649684429,0.0,-0.4969332218170166
10.0,15509.0,0.007178644649684429,0.0,-0.49714821577072144
10.0,15512.0,0.007178644649684429,0.0,-0.49730950593948364
10.0,15516.0,0.007178644649684429,0.0,-0.49752452969551086
10.0,15520.0,0.007178644649684429,0.0,-0.49768581986427307
10.0,15523.0,0.007178644649684429,0.0,-0.4979008436203003
10.0,15526.0,0.007178644649684429,0.0,-0.4980621635913849
10.0,15530.0,0.007178644649684429,0.0,-0.4982772171497345
10.0,15533.0,0.007178644649684429,0.0,-0.4984385371208191
10.0,15537.0,0.007178644649684429,0.0,-0.4986536502838135
10.0,15541.0,0.007178644649684429,0.0,-0.4988149404525757
10.0,15544.0,0.007178644649684429,0.0,-0.49903008341789246
10.0,15548.0,0.007178644649684429,0.0,-0.49924519658088684
10.0,15551.0,0.007178644649684429,0.0,-0.4994065463542938
10.0,15555.0,0.007178644649684429,0.0,-0.4996216595172882
10.0,15560.0,0.007178644649684429,0.0,-0.49989059567451477
10.0,15564.0,0.007178644649684429,0.0,-0.5000519752502441
10.0,15569.0,0.007178644649684429,0.0,-0.5003209114074707
10.0,15572.0,0.007178644649684429,0.0,-0.5005360841751099
10.0,15576.0,0.007178644649684429,0.0,-0.5006974935531616
10.0,15580.0,0.007178644649684429,0.0,-0.5009126663208008
10.0,15583.0,0.007178644649684429,0.0,-0.5011278390884399
10.0,15587.0,0.007178644649684429,0.0,-0.5012891888618469
10.0,15590.0,0.007178644649684429,0.0,-0.5015044212341309
10.0,15593.0,0.007178644649684429,0.0,-0.5016658306121826
10.0,15597.0,0.007178644649684429,0.0,-0.5018810033798218
10.0,15601.0,0.007178644649684429,0.0,-0.5020424723625183
10.0,15604.0,0.007178644649684429,0.0,-0.5022576451301575
10.0,15608.0,0.007178644649684429,0.0,-0.5024728775024414
10.0,15611.0,0.007178644649684429,0.0,-0.5026342868804932
10.0,15615.0,0.007178644649684429,0.0,-0.5027956962585449
10.0,15619.0,0.007178644649684429,0.0,-0.5030109286308289
10.0,15622.0,0.007178644649684429,0.0,-0.5032261610031128
10.0,15626.0,0.007178644649684429,0.0,-0.5033875703811646
10.0,15629.0,0.007178644649684429,0.0,-0.5036028623580933
10.0,15633.0,0.007178644649684429,0.0,-0.5038180947303772
10.0,15636.0,0.007178644649684429,0.0,-0.5039795637130737
10.0,15640.0,0.007178644649684429,0.0,-0.5041409730911255
10.0,15643.0,0.007178644649684429,0.0,-0.5043562650680542
10.0,15647.0,0.007178644649684429,0.0,-0.5045714974403381
10.0,15651.0,0.007178644649684429,0.0,-0.5047329664230347
10.0,15654.0,0.007178644649684429,0.0,-0.5049481987953186
10.0,15658.0,0.007178644649684429,0.0,-0.5051096677780151
10.0,15661.0,0.007178644649684429,0.0,-0.5053249597549438
10.0,15665.0,0.007178644649684429,0.0,-0.5055401921272278
10.0,15669.0,0.007178644649684429,0.0,-0.5057554841041565
10.0,15672.0,0.007178644649684429,0.0,-0.505916953086853
10.0,15676.0,0.007178644649684429,0.0,-0.5060784220695496
10.0,15689.0,0.007178644649684429,0.0,-0.5068857073783875
10.0,15694.0,0.007178644649684429,0.0,-0.5071009993553162
10.0,15698.0,0.007178644649684429,0.0,-0.5073162913322449
10.0,15702.0,0.007178644649684429,0.0,-0.5075316429138184
10.0,15705.0,0.007178644649684429,0.0,-0.5076931118965149
10.0,15709.0,0.007178644649684429,0.0,-0.5079084038734436
10.0,15713.0,0.007178644649684429,0.0,-0.5080698728561401
10.0,15716.0,0.007178644649684429,0.0,-0.5082851648330688
10.0,15720.0,0.007178644649684429,0.0,-0.5084466934204102
10.0,15725.0,0.007178644649684429,0.0,-0.5087697505950928
10.0,15729.0,0.007178644649684429,0.0,-0.5089313387870789
10.0,15732.0,0.007178644649684429,0.0,-0.5091466903686523
10.0,15735.0,0.007178644649684429,0.0,-0.5093082189559937
10.0,15739.0,0.007178644649684429,0.0,-0.5095235705375671
10.0,15743.0,0.007178644649684429,0.0,-0.5097389817237854
10.0,15748.0,0.007178644649684429,0.0,-0.5100082159042358
10.0,15752.0,0.007178644649684429,0.0,-0.5102235674858093
10.0,15756.0,0.007178644649684429,0.0,-0.5103851556777954
10.0,15760.0,0.007178644649684429,0.0,-0.5106005668640137
10.0,15763.0,0.007178644649684429,0.0,-0.5108159184455872
10.0,15766.0,0.007178644649684429,0.0,-0.5109774470329285
10.0,15770.0,0.007178644649684429,0.0,-0.5111928582191467
10.0,15774.0,0.007178644649684429,0.0,-0.511354386806488
10.0,15777.0,0.007178644649684429,0.0,-0.5115697979927063
10.0,15781.0,0.007178644649684429,0.0,-0.5117851495742798
10.0,15785.0,0.007178644649684429,0.0,-0.5119467377662659
10.0,15789.0,0.007178644649684429,0.0,-0.5121621489524841
10.0,15792.0,0.007178644649684429,0.0,-0.5123775005340576
10.0,15796.0,0.007178644649684429,0.0,-0.5125929117202759
10.0,15800.0,0.007178644649684429,0.0,-0.512754499912262
10.0,15803.0,0.007178644649684429,0.0,-0.5129698514938354
10.0,15807.0,0.007178644649684429,0.0,-0.5131852626800537
10.0,15810.0,0.007178644649684429,0.0,-0.513346791267395
10.0,15814.0,0.007178644649684429,0.0,-0.5135622024536133
10.0,15818.0,0.007178644649684429,0.0,-0.5137776136398315
10.0,15821.0,0.007178644649684429,0.0,-0.5139391422271729
10.0,15825.0,0.007178644649684429,0.0,-0.5141545534133911
10.0,15829.0,0.007178644649684429,0.0,-0.5143161416053772
10.0,15832.0,0.007178644649684429,0.0,-0.5145314931869507
10.0,15836.0,0.007178644649684429,0.0,-0.514746904373169
10.0,15840.0,0.007178644649684429,0.0,-0.5149084329605103
10.0,15843.0,0.007178644649684429,0.0,-0.5151238441467285
10.0,15846.0,0.007178644649684429,0.0,-0.5152854323387146
10.0,15850.0,0.007178644649684429,0.0,-0.5155008435249329
10.0,15854.0,0.007178644649684429,0.0,-0.5156623721122742
10.0,15858.0,0.007178644649684429,0.0,-0.5159316062927246
10.0,15861.0,0.007178644649684429,0.0,-0.5160931944847107
10.0,15864.0,0.007178644649684429,0.0,-0.516254723072052
10.0,15870.0,0.007178644649684429,0.0,-0.5165240168571472
10.0,15873.0,0.007178644649684429,0.0,-0.5167932510375977
10.0,15887.0,0.007178644649684429,0.0,-0.5174933075904846
10.0,15891.0,0.007178644649684429,0.0,-0.5177087187767029
10.0,15895.0,0.007178644649684429,0.0,-0.517870306968689
10.0,15899.0,0.007178644649684429,0.0,-0.5180857181549072
10.0,15902.0,0.007178644649684429,0.0,-0.5183011293411255
10.0,15906.0,0.007178644649684429,0.0,-0.5184626579284668
10.0,15910.0,0.007178644649684429,0.0,-0.5186780691146851
10.0,15913.0,0.007178644649684429,0.0,-0.5188934803009033
10.0,15916.0,0.007178644649684429,0.0,-0.5190550088882446
10.0,15920.0,0.007178644649684429,0.0,-0.5192704200744629
10.0,15924.0,0.007178644649684429,0.0,-0.519432008266449
10.0,15927.0,0.007178644649684429,0.0,-0.5196474194526672
10.0,15931.0,0.007178644649684429,0.0,-0.5198628306388855
10.0,15936.0,0.007178644649684429,0.0,-0.5200782418251038
10.0,15941.0,0.007178644649684429,0.0,-0.520347535610199
10.0,15944.0,0.007178644649684429,0.0,-0.5205629467964172
10.0,15949.0,0.007178644649684429,0.0,-0.5207783579826355
10.0,15952.0,0.007178644649684429,0.0,-0.5209937691688538
10.0,15956.0,0.007178644649684429,0.0,-0.5211552977561951
10.0,15960.0,0.007178644649684429,0.0,-0.5213707089424133
10.0,15963.0,0.007178644649684429,0.0,-0.5215861201286316
10.0,15966.0,0.007178644649684429,0.0,-0.5217476487159729
10.0,15970.0,0.007178644649684429,0.0,-0.5219630599021912
10.0,15974.0,0.007178644649684429,0.0,-0.5221246480941772
10.0,15977.0,0.007178644649684429,0.0,-0.5223400592803955
10.0,15982.0,0.007178644649684429,0.0,-0.5225554704666138
10.0,15985.0,0.007178644649684429,0.0,-0.522770881652832
10.0,15989.0,0.007178644649684429,0.0,-0.5229862928390503
10.0,15993.0,0.007178644649684429,0.0,-0.5231478214263916
10.0,15996.0,0.007178644649684429,0.0,-0.5233632922172546
10.0,16001.0,0.007178644649684429,0.0,-0.5235787034034729
10.0,16004.0,0.007178644649684429,0.0,-0.5237941145896912
10.0,16008.0,0.007178644649684429,0.0,-0.5239556431770325
10.0,16012.0,0.007178644649684429,0.0,-0.5241710543632507
10.0,16015.0,0.007178644649684429,0.0,-0.524386465549469
10.0,16019.0,0.007182751316577196,0.0,-0.5259205102920532
10.0,16023.0,0.007182751316577196,0.0,-0.5260465741157532
10.0,16026.0,0.007182751316577196,0.0,-0.5262162685394287
10.0,16030.0,0.007182751316577196,0.0,-0.5263877511024475
10.0,16034.0,0.007182751316577196,0.0,-0.5265175700187683
10.0,16037.0,0.007182751316577196,0.0,-0.5266920328140259
10.0,16041.0,0.007182751316577196,0.0,-0.5268681645393372
10.0,16044.0,0.007182751316577196,0.0,-0.5270012617111206
10.0,16048.0,0.007182751316577196,0.0,-0.527180016040802
10.0,16052.0,0.007182751316577196,0.0,-0.5273602604866028
10.0,16055.0,0.007182751316577196,0.0,-0.5274962782859802
10.0,16060.0,0.007182751316577196,0.0,-0.5277248024940491
10.0,16065.0,0.007182751316577196,0.0,-0.527908980846405
10.0,16069.0,0.007182751316577196,0.0,-0.5280944108963013
10.0,16072.0,0.007182751316577196,0.0,-0.528281033039093
10.0,16085.0,0.007182751316577196,0.0,-0.5288475751876831
10.0,16089.0,0.007182751316577196,0.0,-0.5290863513946533
10.0,16093.0,0.007182751316577196,0.0,-0.5292784571647644
10.0,16097.0,0.007182751316577196,0.0,-0.5294715166091919
10.0,16101.0,0.007182751316577196,0.0,-0.5296654105186462
10.0,16105.0,0.007182751316577196,0.0,-0.5298113822937012
10.0,16109.0,0.007182751316577196,0.0,-0.5300067663192749
10.0,16112.0,0.007182751316577196,0.0,-0.5302029252052307
10.0,16115.0,0.007182751316577196,0.0,-0.5303505063056946
10.0,16119.0,0.007182751316577196,0.0,-0.5305479764938354
10.0,16122.0,0.007182751316577196,0.0,-0.5306965112686157
10.0,16126.0,0.007182751316577196,0.0,-0.5308952331542969
10.0,16130.0,0.007182751316577196,0.0,-0.5310446619987488
10.0,16133.0,0.007182751316577196,0.0,-0.5312445163726807
10.0,16136.0,0.007182751316577196,0.0,-0.5313947796821594
10.0,16140.0,0.007182751316577196,0.0,-0.5315956473350525
10.0,16144.0,0.007182751316577196,0.0,-0.5317466855049133
10.0,16147.0,0.007182751316577196,0.0,-0.5319485664367676
10.0,16151.0,0.007182751316577196,0.0,-0.5321509838104248
10.0,16154.0,0.007182751316577196,0.0,-0.5323030948638916
10.0,16159.0,0.007182751316577196,0.0,-0.5325064063072205
10.0,16162.0,0.007182751316577196,0.0,-0.5327101349830627
10.0,16166.0,0.007182751316577196,0.0,-0.5328633189201355
10.0,16169.0,0.007182751316577196,0.0,-0.5330678224563599
10.0,16173.0,0.007182751316577196,0.0,-0.5332728028297424
10.0,16176.0,0.007182751316577196,0.0,-0.533426821231842
10.0,16180.0,0.007182751316577196,0.0,-0.5336325168609619
10.0,16184.0,0.007182751316577196,0.0,-0.5338385701179504
10.0,16190.0,0.007182751316577196,0.0,-0.5341483950614929
10.0,16194.0,0.007182751316577196,0.0,-0.5343553423881531
10.0,16197.0,0.007182751316577196,0.0,-0.5345107913017273
10.0,16201.0,0.007182751316577196,0.0,-0.5347183346748352
10.0,16204.0,0.007182751316577196,0.0,-0.5348742008209229
10.0,16208.0,0.007182751316577196,0.0,-0.5350822806358337
10.0,16212.0,0.007182751316577196,0.0,-0.5352906584739685
10.0,16216.0,0.007182751316577196,0.0,-0.5354471206665039
10.0,16220.0,0.007182751316577196,0.0,-0.5356559157371521
10.0,16223.0,0.007182751316577196,0.0,-0.535865068435669
10.0,16227.0,0.007182751316577196,0.0,-0.5360743999481201
10.0,16231.0,0.007182751316577196,0.0,-0.5362839698791504
10.0,16235.0,0.007182751316577196,0.0,-0.5364413261413574
10.0,16239.0,0.007182751316577196,0.0,-0.5366513133049011
10.0,16242.0,0.007182751316577196,0.0,-0.5368615388870239
10.0,16246.0,0.007182751316577196,0.0,-0.5370193123817444
10.0,16251.0,0.007182751316577196,0.0,-0.5372825264930725
10.0,16255.0,0.007182751316577196,0.0,-0.5375460386276245
10.0,16259.0,0.007182751316577196,0.0,-0.5377570390701294
10.0,16263.0,0.007182751316577196,0.0,-0.5379682779312134
10.0,16266.0,0.007182751316577196,0.0,-0.5381267666816711
10.0,16270.0,0.007182751316577196,0.0,-0.5383382439613342
10.0,16283.0,0.007182751316577196,0.0,-0.5390266180038452
10.0,16286.0,0.007182751316577196,0.0,-0.539185643196106
10.0,16290.0,0.007182751316577196,0.0,-0.5393978357315063
10.0,16294.0,0.007182751316577196,0.0,-0.5395570993423462
10.0,16297.0,0.007182751316577196,0.0,-0.5397695302963257
10.0,16301.0,0.007182751316577196,0.0,-0.53998202085495
10.0,16305.0,0.007182751316577196,0.0,-0.5401415228843689
10.0,16309.0,0.007182751316577196,0.0,-0.5403542518615723
10.0,16312.0,0.007182751316577196,0.0,-0.5405670404434204
10.0,16316.0,0.007182751316577196,0.0,-0.5407800078392029
10.0,16320.0,0.007182751316577196,0.0,-0.5409397482872009
10.0,16324.0,0.007182751316577196,0.0,-0.5411528944969177
10.0,16327.0,0.007182751316577196,0.0,-0.5413660407066345
10.0,16332.0,0.007182751316577196,0.0,-0.5415793657302856
10.0,16336.0,0.007182751316577196,0.0,-0.5417927503585815
10.0,16340.0,0.007182751316577196,0.0,-0.5420061945915222
10.0,16343.0,0.007182751316577196,0.0,-0.5422196984291077
10.0,16347.0,0.007182751316577196,0.0,-0.5424333214759827
10.0,16351.0,0.007182751316577196,0.0,-0.5426469445228577
10.0,16355.0,0.007182751316577196,0.0,-0.5428072810173035
10.0,16358.0,0.007182751316577196,0.0,-0.5430210828781128
10.0,16362.0,0.007182751316577196,0.0,-0.5432349443435669
10.0,16366.0,0.007182751316577196,0.0,-0.5433953404426575
10.0,16370.0,0.007182751316577196,0.0,-0.543716311454773
10.0,16375.0,0.007182751316577196,0.0,-0.5438768267631531
10.0,16380.0,0.007182751316577196,0.0,-0.5441444516181946
10.0,16383.0,0.007182751316577196,0.0,-0.5443586111068726
10.0,16386.0,0.007182751316577196,0.0,-0.5445192456245422
10.0,16390.0,0.007182751316577196,0.0,-0.5447335243225098
10.0,16394.0,0.007182751316577196,0.0,-0.5448941588401794
10.0,16397.0,0.007182751316577196,0.0,-0.5451084971427917
10.0,16402.0,0.007182751316577196,0.0,-0.5453228950500488
10.0,16405.0,0.007182751316577196,0.0,-0.5455372929573059
10.0,16409.0,0.007182751316577196,0.0,-0.5456981062889099
10.0,16413.0,0.00718685844913125,0.0,-0.5472314953804016
10.0,16416.0,0.00718685844913125,0.0,-0.5473989844322205
10.0,16420.0,0.00718685844913125,0.0,-0.5475684404373169
10.0,16423.0,0.00718685844913125,0.0,-0.5476967096328735
10.0,16427.0,0.00718685844913125,0.0,-0.5478692650794983
10.0,16431.0,0.00718685844913125,0.0,-0.5479997992515564
10.0,16435.0,0.00718685844913125,0.0,-0.5482194423675537
10.0,16440.0,0.00718685844913125,0.0,-0.548441469669342
10.0,16444.0,0.00718685844913125,0.0,-0.5485758185386658
10.0,16447.0,0.00718685844913125,0.0,-0.5487562417984009
10.0,16451.0,0.00718685844913125,0.0,-0.548937976360321
10.0,16455.0,0.00718685844913125,0.0,-0.549075186252594
10.0,16459.0,0.00718685844913125,0.0,-0.5492592453956604
10.0,16462.0,0.00718685844913125,0.0,-0.5494445562362671
10.0,16465.0,0.00718685844913125,0.0,-0.5495843291282654
10.0,16469.0,0.00718685844913125,0.0,-0.5497717261314392
10.0,16481.0,0.00718685844913125,0.0,-0.5502926111221313
10.0,16485.0,0.00718685844913125,0.0,-0.5504838824272156
10.0,16489.0,0.00718685844913125,0.0,-0.550676167011261
10.0,16492.0,0.00718685844913125,0.0,-0.550869345664978
10.0,16495.0,0.00718685844913125,0.0,-0.55101478099823
10.0,16499.0,0.00718685844913125,0.0,-0.5512095093727112
10.0,16502.0,0.00718685844913125,0.0,-0.5513560771942139
10.0,16506.0,0.00718685844913125,0.0,-0.5515522360801697
10.0,16510.0,0.00718685844913125,0.0,-0.5516998171806335
10.0,16513.0,0.00718685844913125,0.0,-0.5518972277641296
10.0,16516.0,0.00718685844913125,0.0,-0.5520458221435547
10.0,16520.0,0.00718685844913125,0.0,-0.5522444248199463
10.0,16524.0,0.00718685844913125,0.0,-0.552393913269043
10.0,16527.0,0.00718685844913125,0.0,-0.5525937080383301
10.0,16531.0,0.00718685844913125,0.0,-0.5527941584587097
10.0,16534.0,0.00718685844913125,0.0,-0.5529448390007019
10.0,16538.0,0.00718685844913125,0.0,-0.5530959367752075
10.0,16541.0,0.00718685844913125,0.0,-0.5532978177070618
10.0,16545.0,0.00718685844913125,0.0,-0.553500235080719
10.0,16549.0,0.00718685844913125,0.0,-0.5536524057388306
10.0,16552.0,0.00718685844913125,0.0,-0.5538557171821594
10.0,16556.0,0.00718685844913125,0.0,-0.5540084838867188
10.0,16561.0,0.00718685844913125,0.0,-0.5542637705802917
10.0,16565.0,0.00718685844913125,0.0,-0.5545197129249573
10.0,16569.0,0.00718685844913125,0.0,-0.554724931716919
10.0,16573.0,0.00718685844913125,0.0,-0.5548791289329529
10.0,16576.0,0.00718685844913125,0.0,-0.5550850629806519
10.0,16580.0,0.00718685844913125,0.0,-0.5552397966384888
10.0,16583.0,0.00718685844913125,0.0,-0.5554463863372803
10.0,16587.0,0.00718685844913125,0.0,-0.5556533336639404
10.0,16591.0,0.00718685844913125,0.0,-0.5558087229728699
10.0,16594.0,0.00718685844913125,0.0,-0.5560162663459778
10.0,16598.0,0.00718685844913125,0.0,-0.5561721324920654
10.0,16602.0,0.00718685844913125,0.0,-0.5563802123069763
10.0,16605.0,0.00718685844913125,0.0,-0.5565885901451111
10.0,16609.0,0.00718685844913125,0.0,-0.556797206401825
10.0,16612.0,0.00718685844913125,0.0,-0.5569539070129395
10.0,16616.0,0.00718685844913125,0.0,-0.5571630001068115
10.0,16620.0,0.00718685844913125,0.0,-0.5573723912239075
10.0,16623.0,0.00718685844913125,0.0,-0.5575295686721802
10.0,16626.0,0.00718685844913125,0.0,-0.5576869249343872
10.0,16631.0,0.00718685844913125,0.0,-0.5578969120979309
10.0,16634.0,0.00718685844913125,0.0,-0.5581070780754089
10.0,16638.0,0.00718685844913125,0.0,-0.5583174824714661
10.0,16641.0,0.00718685844913125,0.0,-0.5584753751754761
10.0,16645.0,0.00718685844913125,0.0,-0.5586861371994019
10.0,16649.0,0.00718685844913125,0.0,-0.5588443279266357
10.0,16653.0,0.00718685844913125,0.0,-0.5590553879737854
10.0,16656.0,0.00718685844913125,0.0,-0.5592666864395142
10.0,16660.0,0.00718685844913125,0.0,-0.5594251751899719
10.0,16672.0,0.00718685844913125,0.0,-0.560113251209259
10.0,16675.0,0.00718685844913125,0.0,-0.5602722764015198
10.0,16679.0,0.00718685844913125,0.0,-0.5604844689369202
10.0,16684.0,0.00718685844913125,0.0,-0.5607498288154602
10.0,16689.0,0.00718685844913125,0.0,-0.5610153675079346
10.0,16693.0,0.00718685844913125,0.0,-0.5612279772758484
10.0,16696.0,0.00718685844913125,0.0,-0.5613874793052673
10.0,16700.0,0.00718685844913125,0.0,-0.5616002678871155
10.0,16704.0,0.00718685844913125,0.0,-0.5618131756782532
10.0,16708.0,0.007190965116024017,0.0,-0.5633281469345093
10.0,16711.0,0.007190965116024017,0.0,-0.5634927749633789
10.0,16714.0,0.007190965116024017,0.0,-0.5636176466941833
10.0,16718.0,0.007190965116024017,0.0,-0.5637857913970947
10.0,16722.0,0.007190965116024017,0.0,-0.563913106918335
10.0,16727.0,0.007190965116024017,0.0,-0.5641708374023438
10.0,16731.0,0.007190965116024017,0.0,-0.5643447637557983
10.0,16734.0,0.007190965116024017,0.0,-0.5644763112068176
10.0,16738.0,0.007190965116024017,0.0,-0.5646530985832214
10.0,16742.0,0.007190965116024017,0.0,-0.5648314952850342
10.0,16745.0,0.007190965116024017,0.0,-0.5649662017822266
10.0,16750.0,0.007190965116024017,0.0,-0.5651925206184387
10.0,16755.0,0.007190965116024017,0.0,-0.565420925617218
10.0,16759.0,0.007190965116024017,0.0,-0.565605103969574
10.0,16763.0,0.007190965116024017,0.0,-0.5657905340194702
10.0,16767.0,0.007190965116024017,0.0,-0.5659304261207581
10.0,16771.0,0.007190965116024017,0.0,-0.5661179423332214
10.0,16774.0,0.007190965116024017,0.0,-0.5663065314292908
10.0,16778.0,0.007190965116024017,0.0,-0.5664486885070801
10.0,16782.0,0.007190965116024017,0.0,-0.5666868686676025
10.0,16785.0,0.007190965116024017,0.0,-0.566830575466156
10.0,16789.0,0.007190965116024017,0.0,-0.567022979259491
10.0,16792.0,0.007190965116024017,0.0,-0.5671678781509399
10.0,16796.0,0.007190965116024017,0.0,-0.5673132538795471
10.0,16799.0,0.007190965116024017,0.0,-0.5675079226493835
10.0,16803.0,0.007190965116024017,0.0,-0.567703366279602
10.0,16806.0,0.007190965116024017,0.0,-0.5678504705429077
10.0,16810.0,0.007190965116024017,0.0,-0.568047285079956
10.0,16814.0,0.007190965116024017,0.0,-0.5681954026222229
10.0,16817.0,0.007190965116024017,0.0,-0.5683935284614563
10.0,16821.0,0.007190965116024017,0.0,-0.5685425996780396
10.0,16824.0,0.007190965116024017,0.0,-0.5687418580055237
10.0,16828.0,0.007190965116024017,0.0,-0.5689418315887451
10.0,16832.0,0.007190965116024017,0.0,-0.5691424012184143
10.0,16836.0,0.007190965116024017,0.0,-0.569293200969696
10.0,16840.0,0.007190965116024017,0.0,-0.5694948434829712
10.0,16843.0,0.007190965116024017,0.0,-0.5696969628334045
10.0,16846.0,0.007190965116024017,0.0,-0.5698489546775818
10.0,16850.0,0.007190965116024017,0.0,-0.5700520277023315
10.0,16854.0,0.007190965116024017,0.0,-0.5702555775642395
10.0,16857.0,0.007190965116024017,0.0,-0.5704085826873779
10.0,16871.0,0.007190965116024017,0.0,-0.571125864982605
10.0,16876.0,0.007190965116024017,0.0,-0.5713317394256592
10.0,16880.0,0.007190965116024017,0.0,-0.5715380311012268
10.0,16883.0,0.007190965116024017,0.0,-0.5717446208000183
10.0,16886.0,0.007190965116024017,0.0,-0.5718998908996582
10.0,16891.0,0.007190965116024017,0.0,-0.5721071362495422
10.0,16894.0,0.007190965116024017,0.0,-0.5723146796226501
10.0,16898.0,0.007190965116024017,0.0,-0.5725226402282715
10.0,16901.0,0.007190965116024017,0.0,-0.5726787447929382
10.0,16905.0,0.007190965116024017,0.0,-0.5728871822357178
10.0,16909.0,0.007190965116024017,0.0,-0.573043704032898
10.0,16912.0,0.007190965116024017,0.0,-0.5732526183128357
10.0,16916.0,0.007190965116024017,0.0,-0.5734094977378845
10.0,16920.0,0.007190965116024017,0.0,-0.5736188888549805
10.0,16924.0,0.007190965116024017,0.0,-0.5738285183906555
10.0,16927.0,0.007190965116024017,0.0,-0.5740383863449097
10.0,16931.0,0.007190965116024017,0.0,-0.574195921421051
10.0,16934.0,0.007190965116024017,0.0,-0.5744587779045105
10.0,16941.0,0.007195071782916784,0.0,-0.5760527849197388
10.0,16944.0,0.007195071782916784,0.0,-0.5762161612510681
10.0,16948.0,0.007195071782916784,0.0,-0.5763815641403198
10.0,16952.0,0.007195071782916784,0.0,-0.5765489935874939
10.0,16955.0,0.007195071782916784,0.0,-0.5766757726669312
10.0,16959.0,0.007195071782916784,0.0,-0.5768036246299744
10.0,16963.0,0.007195071782916784,0.0,-0.5769756436347961
10.0,16966.0,0.007195071782916784,0.0,-0.5771494507789612
10.0,16970.0,0.007195071782916784,0.0,-0.5772808194160461
10.0,16973.0,0.007195071782916784,0.0,-0.5774574279785156
10.0,16976.0,0.007195071782916784,0.0,-0.5775908827781677
10.0,16980.0,0.007195071782916784,0.0,-0.5777702331542969
10.0,16984.0,0.007195071782916784,0.0,-0.5779055953025818
10.0,16987.0,0.007195071782916784,0.0,-0.578087329864502
10.0,16991.0,0.007195071782916784,0.0,-0.5782704949378967
10.0,16995.0,0.007195071782916784,0.0,-0.578454852104187
10.0,16999.0,0.007195071782916784,0.0,-0.5785940289497375
10.0,17002.0,0.007195071782916784,0.0,-0.5787805318832397
10.0,17005.0,0.007195071782916784,0.0,-0.5789211988449097
10.0,17009.0,0.007195071782916784,0.0,-0.5791097283363342
10.0,17013.0,0.007195071782916784,0.0,-0.5792518258094788
10.0,17016.0,0.007195071782916784,0.0,-0.5794422030448914
10.0,17020.0,0.007195071782916784,0.0,-0.579585611820221
10.0,17023.0,0.007195071782916784,0.0,-0.579777717590332
10.0,17027.0,0.007195071782916784,0.0,-0.5799707770347595
10.0,17031.0,0.007195071782916784,0.0,-0.5801161527633667
10.0,17034.0,0.007195071782916784,0.0,-0.5803107619285583
10.0,17038.0,0.007195071782916784,0.0,-0.5805061459541321
10.0,17041.0,0.007195071782916784,0.0,-0.5806532502174377
10.0,17045.0,0.007195071782916784,0.0,-0.5808008313179016
10.0,17049.0,0.007195071782916784,0.0,-0.5809981822967529
10.0,17052.0,0.007195071782916784,0.0,-0.5811963081359863
10.0,17065.0,0.007195071782916784,0.0,-0.5818448066711426
10.0,17069.0,0.007195071782916784,0.0,-0.5820457339286804
10.0,17072.0,0.007195071782916784,0.0,-0.5821967720985413
10.0,17076.0,0.007195071782916784,0.0,-0.5823987126350403
10.0,17080.0,0.007195071782916784,0.0,-0.5825504660606384
10.0,17083.0,0.007195071782916784,0.0,-0.5827533006668091
10.0,17087.0,0.007195071782916784,0.0,-0.5829058289527893
10.0,17090.0,0.007195071782916784,0.0,-0.5831095576286316
10.0,17094.0,0.007195071782916784,0.0,-0.5833137631416321
10.0,17097.0,0.007195071782916784,0.0,-0.5834671854972839
10.0,17101.0,0.007195071782916784,0.0,-0.5836722254753113
10.0,17105.0,0.007195071782916784,0.0,-0.5838262438774109
10.0,17108.0,0.007195071782916784,0.0,-0.5840319991111755
10.0,17112.0,0.007195071782916784,0.0,-0.5842381119728088
10.0,17115.0,0.007195071782916784,0.0,-0.5843929648399353
10.0,17119.0,0.007195071782916784,0.0,-0.5845997333526611
10.0,17123.0,0.007195071782916784,0.0,-0.5847551226615906
10.0,17126.0,0.007195071782916784,0.0,-0.5849624872207642
10.0,17130.0,0.007195071782916784,0.0,-0.5851702690124512
10.0,17133.0,0.007195071782916784,0.0,-0.5853262543678284
10.0,17136.0,0.007195071782916784,0.0,-0.5854824185371399
10.0,17140.0,0.007195071782916784,0.0,-0.585690975189209
10.0,17144.0,0.007195071782916784,0.0,-0.5858475565910339
10.0,17147.0,0.007199178449809551,0.0,-0.587375283241272
10.0,17151.0,0.007199178449809551,0.0,-0.5875375866889954
10.0,17155.0,0.007199178449809551,0.0,-0.5876607298851013
10.0,17159.0,0.007199178449809551,0.0,-0.5878267288208008
10.0,17162.0,0.007199178449809551,0.0,-0.5879946351051331
10.0,17166.0,0.007199178449809551,0.0,-0.5881218314170837
10.0,17169.0,0.007199178449809551,0.0,-0.5882930159568787
10.0,17173.0,0.007199178449809551,0.0,-0.5884659886360168
10.0,17176.0,0.007199178449809551,0.0,-0.5885968208312988
10.0,17180.0,0.007199178449809551,0.0,-0.5887286067008972
10.0,17184.0,0.007199178449809551,0.0,-0.5889501571655273
10.0,17189.0,0.007199178449809551,0.0,-0.5892191529273987
10.0,17194.0,0.007199178449809551,0.0,-0.5894003510475159
10.0,17198.0,0.007199178449809551,0.0,-0.5895828604698181
10.0,17201.0,0.007199178449809551,0.0,-0.589720606803894
10.0,17205.0,0.007199178449809551,0.0,-0.5898590683937073
10.0,17209.0,0.007199178449809551,0.0,-0.5900447964668274
10.0,17212.0,0.007199178449809551,0.0,-0.590231716632843
10.0,17216.0,0.007199178449809551,0.0,-0.590372622013092
10.0,17219.0,0.007199178449809551,0.0,-0.5905615091323853
10.0,17223.0,0.007199178449809551,0.0,-0.5907514095306396
10.0,17227.0,0.007199178449809551,0.0,-0.5909423828125
10.0,17231.0,0.007199178449809551,0.0,-0.5910862684249878
10.0,17234.0,0.007199178449809551,0.0,-0.5912790298461914
10.0,17238.0,0.007199178449809551,0.0,-0.5914725661277771
10.0,17242.0,0.007199178449809551,0.0,-0.5916669964790344
10.0,17245.0,0.007199178449809551,0.0,-0.5918135046958923
10.0,17259.0,0.007199178449809551,0.0,-0.5925026535987854
10.0,17263.0,0.007199178449809551,0.0,-0.5927011966705322
10.0,17266.0,0.007199178449809551,0.0,-0.5928505659103394
10.0,17270.0,0.007199178449809551,0.0,-0.5930503010749817
10.0,17273.0,0.007199178449809551,0.0,-0.5932005643844604
10.0,17277.0,0.007199178449809551,0.0,-0.5934013724327087
10.0,17281.0,0.0072032855823636055,0.0,-0.5948954224586487
10.0,17284.0,0.0072032855823636055,0.0,-0.5950494408607483
10.0,17288.0,0.0072032855823636055,0.0,-0.5951665639877319
10.0,17291.0,0.0072032855823636055,0.0,-0.595324695110321
10.0,17295.0,0.0072032855823636055,0.0,-0.5954850912094116
10.0,17299.0,0.0072032855823636055,0.0,-0.5956478118896484
10.0,17303.0,0.0072032855823636055,0.0,-0.5957711338996887
10.0,17306.0,0.0072032855823636055,0.0,-0.5959374308586121
10.0,17310.0,0.0072032855823636055,0.0,-0.596063494682312
10.0,17313.0,0.0072032855823636055,0.0,-0.5962331295013428
10.0,17317.0,0.0072032855823636055,0.0,-0.5963615775108337
10.0,17320.0,0.0072032855823636055,0.0,-0.5965343713760376
10.0,17324.0,0.0072032855823636055,0.0,-0.5966651439666748
10.0,17328.0,0.0072032855823636055,0.0,-0.596885085105896
10.0,17331.0,0.0072032855823636055,0.0,-0.5970182418823242
10.0,17335.0,0.0072032855823636055,0.0,-0.5971522927284241
10.0,17338.0,0.0072032855823636055,0.0,-0.5973322987556458
10.0,17342.0,0.0072032855823636055,0.0,-0.5975136756896973
10.0,17345.0,0.0072032855823636055,0.0,-0.5976506471633911
10.0,17349.0,0.0072032855823636055,0.0,-0.5978344082832336
10.0,17353.0,0.0072032855823636055,0.0,-0.5980194807052612
10.0,17356.0,0.0072032855823636055,0.0,-0.5981590151786804
10.0,17360.0,0.0072032855823636055,0.0,-0.5983462333679199
10.0,17364.0,0.0072032855823636055,0.0,-0.5984873175621033
10.0,17367.0,0.0072032855823636055,0.0,-0.5986763834953308
10.0,17372.0,0.0072032855823636055,0.0,-0.5989142656326294
10.0,17377.0,0.0072032855823636055,0.0,-0.5991057753562927
10.0,17380.0,0.0072032855823636055,0.0,-0.5992981791496277
10.0,17384.0,0.0072032855823636055,0.0,-0.5994431376457214
10.0,17387.0,0.0072032855823636055,0.0,-0.5996371507644653
10.0,17391.0,0.0072032855823636055,0.0,-0.5998320579528809
10.0,17395.0,0.0072032855823636055,0.0,-0.6000277996063232
10.0,17399.0,0.0072032855823636055,0.0,-0.600175142288208
10.0,17403.0,0.0072032855823636055,0.0,-0.6003722548484802
10.0,17406.0,0.0072032855823636055,0.0,-0.6005701422691345
10.0,17410.0,0.0072032855823636055,0.0,-0.6007687449455261
10.0,17413.0,0.0072032855823636055,0.0,-0.6009181141853333
10.0,17417.0,0.0072073922492563725,0.0,-0.6024230718612671
10.0,17420.0,0.0072073922492563725,0.0,-0.6025749444961548
10.0,17423.0,0.0072073922492563725,0.0,-0.602690577507019
10.0,17428.0,0.0072073922492563725,0.0,-0.6028861999511719
10.0,17431.0,0.0072073922492563725,0.0,-0.6030053496360779
10.0,17434.0,0.0072073922492563725,0.0,-0.6031662225723267
10.0,17441.0,0.0072073922492563725,0.0,-0.6033703684806824
10.0,17453.0,0.0072073922492563725,0.0,-0.6039159893989563
10.0,17457.0,0.0072073922492563725,0.0,-0.6040878295898438
10.0,17461.0,0.0072073922492563725,0.0,-0.6042178869247437
10.0,17464.0,0.0072073922492563725,0.0,-0.6043927669525146
10.0,17467.0,0.0072073922492563725,0.0,-0.6045249700546265
10.0,17471.0,0.0072073922492563725,0.0,-0.6047026515007019
10.0,17474.0,0.0072073922492563725,0.0,-0.6048369407653809
10.0,17479.0,0.0072073922492563725,0.0,-0.6050172448158264
10.0,17482.0,0.0072073922492563725,0.0,-0.6051989793777466
10.0,17485.0,0.0072073922492563725,0.0,-0.6053361296653748
10.0,17489.0,0.0072073922492563725,0.0,-0.605474054813385
10.0,17492.0,0.0072073922492563725,0.0,-0.6056590676307678
10.0,17496.0,0.0072073922492563725,0.0,-0.6058453321456909
10.0,17500.0,0.0072073922492563725,0.0,-0.6059858202934265
10.0,17503.0,0.0072073922492563725,0.0,-0.606174111366272
10.0,17506.0,0.0072073922492563725,0.0,-0.606316089630127
10.0,17510.0,0.0072073922492563725,0.0,-0.6065062880516052
10.0,17513.0,0.0072073922492563725,0.0,-0.6066495180130005
10.0,17517.0,0.0072073922492563725,0.0,-0.6068415641784668
10.0,17521.0,0.0072073922492563725,0.0,-0.6069861650466919
10.0,17524.0,0.0072073922492563725,0.0,-0.6071797609329224
10.0,17528.0,0.0072073922492563725,0.0,-0.607325553894043
10.0,17531.0,0.0072073922492563725,0.0,-0.6075206995010376
10.0,17534.0,0.0072073922492563725,0.0,-0.6076675653457642
10.0,17538.0,0.0072073922492563725,0.0,-0.6078642010688782
10.0,17541.0,0.0072073922492563725,0.0,-0.6080121397972107
10.0,17544.0,0.0072073922492563725,0.0,-0.6081604957580566
10.0,17548.0,0.0072073922492563725,0.0,-0.6083589792251587
10.0,17552.0,0.0072073922492563725,0.0,-0.608508288860321
10.0,17555.0,0.0072073922492563725,0.0,-0.6087079048156738
10.0,17560.0,0.0072073922492563725,0.0,-0.6089584827423096
10.0,17565.0,0.0072073922492563725,0.0,-0.6091595888137817
10.0,17569.0,0.0072073922492563725,0.0,-0.6093612909317017
10.0,17572.0,0.0072073922492563725,0.0,-0.6095635890960693
10.0,17575.0,0.0072073922492563725,0.0,-0.6097156405448914
10.0,17579.0,0.007211498916149139,0.0,-0.6111987233161926
10.0,17582.0,0.007211498916149139,0.0,-0.6113549470901489
10.0,17585.0,0.007211498916149139,0.0,-0.6114736199378967
10.0,17589.0,0.007211498916149139,0.0,-0.6116338968276978
10.0,17593.0,0.007211498916149139,0.0,-0.6117963790893555
10.0,17596.0,0.007211498916149139,0.0,-0.6119195818901062
10.0,17600.0,0.007211498916149139,0.0,-0.61208575963974
10.0,17604.0,0.007211498916149139,0.0,-0.6122116446495056
10.0,17608.0,0.007211498916149139,0.0,-0.6123812198638916
10.0,17611.0,0.007211498916149139,0.0,-0.6125526428222656
10.0,17614.0,0.007211498916149139,0.0,-0.6126823425292969
10.0,17619.0,0.007211498916149139,0.0,-0.6128567457199097
10.0,17622.0,0.007211498916149139,0.0,-0.6130329370498657
10.0,17625.0,0.007211498916149139,0.0,-0.6131660342216492
10.0,17629.0,0.007211498916149139,0.0,-0.6133448481559753
10.0,17642.0,0.007211498916149139,0.0,-0.6139360070228577
10.0,17646.0,0.007211498916149139,0.0,-0.6140744090080261
10.0,17650.0,0.007211498916149139,0.0,-0.6142601370811462
10.0,17653.0,0.007211498916149139,0.0,-0.6144469976425171
10.0,17657.0,0.007211498916149139,0.0,-0.6145879626274109
10.0,17660.0,0.007211498916149139,0.0,-0.6147768497467041
10.0,17664.0,0.007211498916149139,0.0,-0.6149192452430725
10.0,17667.0,0.007211498916149139,0.0,-0.6151100397109985
10.0,17671.0,0.007211498916149139,0.0,-0.6153017282485962
10.0,17674.0,0.007211498916149139,0.0,-0.6154462695121765
10.0,17678.0,0.007211498916149139,0.0,-0.6156396865844727
10.0,17681.0,0.007211498916149139,0.0,-0.6157853603363037
10.0,17685.0,0.007211498916149139,0.0,-0.6160293221473694
10.0,17690.0,0.007211498916149139,0.0,-0.6162253022193909
10.0,17696.0,0.007211498916149139,0.0,-0.616471529006958
10.0,17700.0,0.007211498916149139,0.0,-0.6166693568229675
10.0,17703.0,0.007211498916149139,0.0,-0.6168678402900696
10.0,17707.0,0.007211498916149139,0.0,-0.6170172691345215
10.0,17710.0,0.007215605583041906,0.0,-0.618547797203064
10.0,17714.0,0.007215605583041906,0.0,-0.6186622381210327
10.0,17717.0,0.007215605583041906,0.0,-0.618817150592804
10.0,17721.0,0.007215605583041906,0.0,-0.6189348101615906
10.0,17725.0,0.007215605583041906,0.0,-0.6190939545631409
10.0,17730.0,0.007215605583041906,0.0,-0.6193366646766663
10.0,17734.0,0.007215605583041906,0.0,-0.6195012331008911
10.0,17737.0,0.007215605583041906,0.0,-0.619625985622406
10.0,17741.0,0.007215605583041906,0.0,-0.6197941303253174
10.0,17745.0,0.007215605583041906,0.0,-0.6199213862419128
10.0,17750.0,0.007215605583041906,0.0,-0.6201791167259216
10.0,17753.0,0.007215605583041906,0.0,-0.620353102684021
10.0,17758.0,0.007215605583041906,0.0,-0.6205288171768188
10.0,17762.0,0.007215605583041906,0.0,-0.6207061409950256
10.0,17766.0,0.007215605583041906,0.0,-0.6208400726318359
10.0,17769.0,0.007215605583041906,0.0,-0.6210200786590576
10.0,17773.0,0.007215605583041906,0.0,-0.6212015151977539
10.0,17776.0,0.007215605583041906,0.0,-0.6213384866714478
10.0,17780.0,0.007215605583041906,0.0,-0.6214761137962341
10.0,17783.0,0.007215605583041906,0.0,-0.6216608881950378
10.0,17787.0,0.007215605583041906,0.0,-0.6218003034591675
10.0,17790.0,0.007215605583041906,0.0,-0.6219872236251831
10.0,17794.0,0.007215605583041906,0.0,-0.6221753358840942
10.0,17797.0,0.007215605583041906,0.0,-0.6223171353340149
10.0,17801.0,0.007215605583041906,0.0,-0.6225072145462036
10.0,17804.0,0.007215605583041906,0.0,-0.6226503849029541
10.0,17808.0,0.007215605583041906,0.0,-0.6228421926498413
10.0,17812.0,0.007215605583041906,0.0,-0.6230349540710449
10.0,17815.0,0.007215605583041906,0.0,-0.6231802105903625
10.0,17819.0,0.007215605583041906,0.0,-0.6233258843421936
10.0,17822.0,0.007219712715595961,0.0,-0.624839723110199
10.0,17826.0,0.007219712715595961,0.0,-0.6249510645866394
10.0,17838.0,0.007219712715595961,0.0,-0.6254505515098572
10.0,17842.0,0.007219712715595961,0.0,-0.6256093978881836
10.0,17846.0,0.007219712715595961,0.0,-0.625730037689209
10.0,17849.0,0.007219712715595961,0.0,-0.6258928179740906
10.0,17853.0,0.007219712715595961,0.0,-0.6260576844215393
10.0,17857.0,0.007219712715595961,0.0,-0.6261827349662781
10.0,17860.0,0.007219712715595961,0.0,-0.6263511180877686
10.0,17864.0,0.007219712715595961,0.0,-0.6264786720275879
10.0,17867.0,0.007219712715595961,0.0,-0.626650333404541
10.0,17871.0,0.007219712715595961,0.0,-0.6268237829208374
10.0,17875.0,0.007219712715595961,0.0,-0.6269989609718323
10.0,17880.0,0.007219712715595961,0.0,-0.6272202134132385
10.0,17884.0,0.007219712715595961,0.0,-0.627354085445404
10.0,17887.0,0.007219712715595961,0.0,-0.6275338530540466
10.0,17891.0,0.007219712715595961,0.0,-0.6276697516441345
10.0,17894.0,0.007219712715595961,0.0,-0.6278520226478577
10.0,17898.0,0.007219712715595961,0.0,-0.6279897093772888
10.0,17901.0,0.007219712715595961,0.0,-0.6281744241714478
10.0,17905.0,0.007219712715595961,0.0,-0.6283602714538574
10.0,17909.0,0.007219712715595961,0.0,-0.6285005211830139
10.0,17912.0,0.007219712715595961,0.0,-0.6286885142326355
10.0,17916.0,0.007219712715595961,0.0,-0.6288302540779114
10.0,17920.0,0.007219712715595961,0.0,-0.6290202140808105
10.0,17924.0,0.007219712715595961,0.0,-0.6292111873626709
10.0,17927.0,0.007219712715595961,0.0,-0.6294031739234924
10.0,17931.0,0.007219712715595961,0.0,-0.6295961141586304
10.0,17936.0,0.007219712715595961,0.0,-0.6297900080680847
10.0,17941.0,0.007223819382488728,0.0,-0.6313644051551819
10.0,17944.0,0.007223819382488728,0.0,-0.6315127611160278
10.0,17948.0,0.007223819382488728,0.0,-0.6316639184951782
10.0,17952.0,0.007223819382488728,0.0,-0.6318175792694092
10.0,17955.0,0.007223819382488728,0.0,-0.6319344639778137
10.0,17959.0,0.007223819382488728,0.0,-0.6320924758911133
10.0,17963.0,0.007223819382488728,0.0,-0.6322124004364014
10.0,17966.0,0.007223819382488728,0.0,-0.6323743462562561
10.0,17970.0,0.007223819382488728,0.0,-0.632497251033783
10.0,17973.0,0.007223819382488728,0.0,-0.6326628923416138
10.0,17976.0,0.007223819382488728,0.0,-0.6327884793281555
10.0,17980.0,0.007223819382488728,0.0,-0.6329575777053833
10.0,17984.0,0.007223819382488728,0.0,-0.6330857276916504
10.0,17987.0,0.007223819382488728,0.0,-0.633258044719696
10.0,17992.0,0.007223819382488728,0.0,-0.633432149887085
10.0,17995.0,0.007223819382488728,0.0,-0.6336079239845276
10.0,17999.0,0.007223819382488728,0.0,-0.6337853074073792
10.0,18002.0,0.007223819382488728,0.0,-0.633919358253479
10.0,18006.0,0.007223819382488728,0.0,-0.6340994238853455
10.0,18010.0,0.007223819382488728,0.0,-0.6342354416847229
10.0,18013.0,0.007223819382488728,0.0,-0.6344180107116699
10.0,18016.0,0.007223819382488728,0.0,-0.6345558166503906
10.0,18020.0,0.007223819382488728,0.0,-0.6347406506538391
10.0,18033.0,0.007223819382488728,0.0,-0.6353498697280884
10.0,18036.0,0.007223819382488728,0.0,-0.6354921460151672
10.0,18040.0,0.007223819382488728,0.0,-0.6356828212738037
10.0,18044.0,0.007223819382488728,0.0,-0.6358265280723572
10.0,18047.0,0.007223819382488728,0.0,-0.6360189318656921
10.0,18051.0,0.0072279260493814945,0.0,-0.6375430822372437
10.0,18055.0,0.0072279260493814945,0.0,-0.6376529932022095
10.0,18059.0,0.0072279260493814945,0.0,-0.6378019452095032
10.0,18063.0,0.0072279260493814945,0.0,-0.6379918456077576
10.0,18069.0,0.0072279260493814945,0.0,-0.6381857395172119
10.0,18072.0,0.0072279260493814945,0.0,-0.6383436322212219
10.0,18076.0,0.0072279260493814945,0.0,-0.6384634375572205
10.0,18079.0,0.0072279260493814945,0.0,-0.6386253237724304
10.0,18083.0,0.0072279260493814945,0.0,-0.6387893557548523
10.0,18087.0,0.0072279260493814945,0.0,-0.6389554738998413
10.0,18091.0,0.0072279260493814945,0.0,-0.6391235589981079
10.0,18095.0,0.0072279260493814945,0.0,-0.6392508745193481
10.0,18099.0,0.0072279260493814945,0.0,-0.6394222974777222
10.0,18102.0,0.0072279260493814945,0.0,-0.6395955085754395
10.0,18106.0,0.0072279260493814945,0.0,-0.639726459980011
10.0,18110.0,0.0072279260493814945,0.0,-0.639902651309967
10.0,18113.0,0.0072279260493814945,0.0,-0.6400803923606873
10.0,18117.0,0.0072279260493814945,0.0,-0.6402596831321716
10.0,18121.0,0.0072279260493814945,0.0,-0.6404404640197754
10.0,18124.0,0.0072279260493814945,0.0,-0.6405770182609558
10.0,18128.0,0.0072279260493814945,0.0,-0.6407602429389954
10.0,18132.0,0.0072279260493814945,0.0,-0.6408985257148743
10.0,18135.0,0.0072279260493814945,0.0,-0.6410840749740601
10.0,18140.0,0.0072279260493814945,0.0,-0.6412707567214966
10.0,18143.0,0.0072279260493814945,0.0,-0.6414587497711182
10.0,18146.0,0.0072279260493814945,0.0,-0.6416003704071045
10.0,18150.0,0.0072279260493814945,0.0,-0.6417903304100037
10.0,18154.0,0.0072279260493814945,0.0,-0.6419334411621094
10.0,18157.0,0.0072279260493814945,0.0,-0.6421250700950623
10.0,18161.0,0.0072320327162742615,0.0,-0.6436125636100769
10.0,18164.0,0.0072320327162742615,0.0,-0.6437580585479736
10.0,18168.0,0.0072320327162742615,0.0,-0.64390629529953
10.0,18172.0,0.0072320327162742615,0.0,-0.644019365310669
10.0,18175.0,0.0072320327162742615,0.0,-0.6441723108291626
10.0,18179.0,0.0072320327162742615,0.0,-0.6443278193473816
10.0,18182.0,0.0072320327162742615,0.0,-0.6444857120513916
10.0,18187.0,0.0072320327162742615,0.0,-0.6446056962013245
10.0,18192.0,0.0072320327162742615,0.0,-0.644849419593811
10.0,18195.0,0.0072320327162742615,0.0,-0.6449731588363647
10.0,18199.0,0.0072320327162742615,0.0,-0.6451398134231567
10.0,18203.0,0.0072320327162742615,0.0,-0.645266056060791
10.0,18206.0,0.0072320327162742615,0.0,-0.6454362273216248
10.0,18210.0,0.0072320327162742615,0.0,-0.645608127117157
10.0,18214.0,0.0072320327162742615,0.0,-0.645781934261322
10.0,18217.0,0.0072320327162742615,0.0,-0.645913302898407
10.0,18230.0,0.007236139848828316,0.0,-0.6477423310279846
10.0,18233.0,0.007236139848828316,0.0,-0.6478450298309326
10.0,18237.0,0.007236139848828316,0.0,-0.6479848027229309
10.0,18241.0,0.007236139848828316,0.0,-0.6481276154518127
10.0,18245.0,0.007236139848828316,0.0,-0.6482366323471069
10.0,18249.0,0.007236139848828316,0.0,-0.6483844518661499
10.0,18253.0,0.007236139848828316,0.0,-0.648573100566864
10.0,18258.0,0.007236139848828316,0.0,-0.6487657427787781
10.0,18261.0,0.007236139848828316,0.0,-0.6488832235336304
10.0,18265.0,0.007236139848828316,0.0,-0.649042010307312
10.0,18269.0,0.007236139848828316,0.0,-0.6491625308990479
10.0,18272.0,0.007236139848828316,0.0,-0.6493252515792847
10.0,18275.0,0.007236139848828316,0.0,-0.6494486331939697
10.0,18279.0,0.007236139848828316,0.0,-0.6509702205657959
10.0,18282.0,0.007240246515721083,0.0,-0.6510598063468933
10.0,18285.0,0.007240246515721083,0.0,-0.6511516571044922
10.0,18289.0,0.007240246515721083,0.0,-0.6512773036956787
10.0,18293.0,0.007240246515721083,0.0,-0.6513739228248596
10.0,18296.0,0.007240246515721083,0.0,-0.6515057682991028
10.0,18300.0,0.007240246515721083,0.0,-0.6516410112380981
10.0,18304.0,0.007240246515721083,0.0,-0.6517446041107178
10.0,18307.0,0.007240246515721083,0.0,-0.6518853902816772
10.0,18311.0,0.007240246515721083,0.0,-0.6520292162895203
10.0,18314.0,0.007240246515721083,0.0,-0.6521390080451965
10.0,18319.0,0.007240246515721083,0.0,-0.6522877812385559
10.0,18322.0,0.007240246515721083,0.0,-0.6524393558502197
10.0,18326.0,0.007240246515721083,0.0,-0.6525546908378601
10.0,18330.0,0.007240246515721083,0.0,-0.6527106761932373
10.0,18333.0,0.00724435318261385,0.0,-0.6542119383811951
10.0,18336.0,0.00724435318261385,0.0,-0.6542961597442627
10.0,18340.0,0.00724435318261385,0.0,-0.6544120907783508
10.0,18344.0,0.00724435318261385,0.0,-0.6545318961143494
10.0,18348.0,0.00724435318261385,0.0,-0.6546556949615479
10.0,18352.0,0.00724435318261385,0.0,-0.6547508835792542
10.0,18355.0,0.00724435318261385,0.0,-0.6548810005187988
10.0,18359.0,0.00724435318261385,0.0,-0.6550145745277405
10.0,18362.0,0.00724435318261385,0.0,-0.655116856098175
10.0,18366.0,0.00724435318261385,0.0,-0.6552560925483704
10.0,18370.0,0.00724435318261385,0.0,-0.6553625464439392
10.0,18375.0,0.00724435318261385,0.0,-0.6555436849594116
10.0,18380.0,0.007248459849506617,0.0,-0.6570844054222107
10.0,18383.0,0.007248459849506617,0.0,-0.6571875214576721
10.0,18386.0,0.007248459849506617,0.0,-0.6572678685188293
10.0,18391.0,0.007248459849506617,0.0,-0.6573786735534668
10.0,18394.0,0.007248459849506617,0.0,-0.6574937105178833
10.0,18398.0,0.007248459849506617,0.0,-0.6576129198074341
10.0,18401.0,0.007248459849506617,0.0,-0.657704770565033
10.0,18405.0,0.007248459849506617,0.0,-0.657830536365509
10.0,18409.0,0.007248459849506617,0.0,-0.6579599976539612
10.0,18413.0,0.007248459849506617,0.0,-0.658059298992157
10.0,18425.0,0.007248459849506617,0.0,-0.6584750413894653
10.0,18429.0,0.0072525665163993835,0.0,-0.659974992275238
10.0,18432.0,0.0072525665163993835,0.0,-0.6600740551948547
10.0,18437.0,0.0072525665163993835,0.0,-0.6601777672767639
10.0,18441.0,0.0072525665163993835,0.0,-0.6603136658668518
10.0,18445.0,0.0072525665163993835,0.0,-0.6603984236717224
10.0,18449.0,0.0072525665163993835,0.0,-0.6605150699615479
10.0,18452.0,0.0072525665163993835,0.0,-0.6606357097625732
10.0,18455.0,0.0072525665163993835,0.0,-0.6607286930084229
10.0,18459.0,0.0072525665163993835,0.0,-0.6608558297157288
10.0,18463.0,0.0072525665163993835,0.0,-0.6609535813331604
10.0,18466.0,0.0072525665163993835,0.0,-0.661086916923523
10.0,18470.0,0.0072525665163993835,0.0,-0.6611891388893127
10.0,18473.0,0.0072525665163993835,0.0,-0.6613281965255737
10.0,18476.0,0.0072525665163993835,0.0,-0.6614344716072083
10.0,18480.0,0.007256673648953438,0.0,-0.6628977656364441
10.0,18484.0,0.007256673648953438,0.0,-0.6629725694656372
10.0,18487.0,0.007256673648953438,0.0,-0.6630763411521912
10.0,18491.0,0.007256673648953438,0.0,-0.663184642791748
10.0,18494.0,0.007256673648953438,0.0,-0.6632686853408813
10.0,18499.0,0.007256673648953438,0.0,-0.6633843183517456
10.0,18502.0,0.007256673648953438,0.0,-0.6635040640830994
10.0,18505.0,0.007256673648953438,0.0,-0.6635963916778564
10.0,18509.0,0.007256673648953438,0.0,-0.6637227535247803
10.0,18512.0,0.007256673648953438,0.0,-0.6638199090957642
10.0,18516.0,0.007256673648953438,0.0,-0.6639190316200256
10.0,18519.0,0.007256673648953438,0.0,-0.6640540957450867
10.0,18523.0,0.007256673648953438,0.0,-0.6641924381256104
10.0,18526.0,0.007256673648953438,0.0,-0.6642982363700867
10.0,18530.0,0.007256673648953438,0.0,-0.6657972931861877
10.0,18533.0,0.007260780315846205,0.0,-0.6658704876899719
10.0,18536.0,0.007260780315846205,0.0,-0.6659464240074158
10.0,18540.0,0.007260780315846205,0.0,-0.6660515666007996
10.0,18543.0,0.007260780315846205,0.0,-0.666133463382721
10.0,18546.0,0.007260780315846205,0.0,-0.6662177443504333
10.0,18551.0,0.007260780315846205,0.0,-0.6663337349891663
10.0,18554.0,0.007260780315846205,0.0,-0.6664537787437439
10.0,18558.0,0.007260780315846205,0.0,-0.6665776371955872
10.0,18563.0,0.007260780315846205,0.0,-0.6667051911354065
10.0,18567.0,0.007260780315846205,0.0,-0.666869580745697
10.0,18571.0,0.007260780315846205,0.0,-0.6670049428939819
10.0,18575.0,0.007260780315846205,0.0,-0.6671087145805359
10.0,18579.0,0.007260780315846205,0.0,-0.6672853231430054
10.0,18583.0,0.007260780315846205,0.0,-0.6673936247825623
10.0,18586.0,0.007260780315846205,0.0,-0.6675404906272888
10.0,18591.0,0.007264886982738972,0.0,-0.6690089106559753
10.0,18594.0,0.007264886982738972,0.0,-0.6691144108772278
10.0,18598.0,0.007264886982738972,0.0,-0.669224202632904
10.0,18602.0,0.007264886982738972,0.0,-0.6693094372749329
10.0,18606.0,0.007264886982738972,0.0,-0.6694266200065613
10.0,18618.0,0.007264886982738972,0.0,-0.6698340773582458
10.0,18622.0,0.007264886982738972,0.0,-0.6699671149253845
10.0,18626.0,0.007264886982738972,0.0,-0.6700690388679504
10.0,18629.0,0.007264886982738972,0.0,-0.6702077984809875
10.0,18633.0,0.007264886982738972,0.0,-0.6703497767448425
10.0,18637.0,0.007264886982738972,0.0,-0.6704581379890442
10.0,18640.0,0.007264886982738972,0.0,-0.6706051826477051
10.0,18644.0,0.007268993649631739,0.0,-0.6720858812332153
10.0,18648.0,0.007268993649631739,0.0,-0.6721909642219543
10.0,18651.0,0.007268993649631739,0.0,-0.6722726821899414
10.0,18655.0,0.007268993649631739,0.0,-0.6723855137825012
10.0,18659.0,0.007268993649631739,0.0,-0.6724728345870972
10.0,18662.0,0.007268993649631739,0.0,-0.6725927591323853
10.0,18665.0,0.007268993649631739,0.0,-0.6726852655410767
10.0,18670.0,0.007268993649631739,0.0,-0.6728118062019348
10.0,18673.0,0.007268993649631739,0.0,-0.6729419827461243
10.0,18676.0,0.007268993649631739,0.0,-0.6730419397354126
10.0,18680.0,0.007268993649631739,0.0,-0.6731780767440796
10.0,18683.0,0.007268993649631739,0.0,-0.6733174920082092
10.0,18690.0,0.007268993649631739,0.0,-0.6734961271286011
10.0,18694.0,0.007268993649631739,0.0,-0.6736792922019958
10.0,18698.0,0.007268993649631739,0.0,-0.6738290190696716
10.0,18701.0,0.007268993649631739,0.0,-0.6739431023597717
10.0,18705.0,0.007273100782185793,0.0,-0.6754016876220703
10.0,18709.0,0.007273100782185793,0.0,-0.6755099892616272
10.0,18712.0,0.007273100782185793,0.0,-0.6756227016448975
10.0,18715.0,0.007273100782185793,0.0,-0.6757099032402039
10.0,18719.0,0.007273100782185793,0.0,-0.6758297085762024
10.0,18722.0,0.007273100782185793,0.0,-0.6759222149848938
10.0,18726.0,0.007273100782185793,0.0,-0.6760166883468628
10.0,18732.0,0.007273100782185793,0.0,-0.6762118339538574
10.0,18735.0,0.007273100782185793,0.0,-0.6763463020324707
10.0,18739.0,0.007273100782185793,0.0,-0.6764493584632874
10.0,18742.0,0.007273100782185793,0.0,-0.6765894889831543
10.0,18746.0,0.007273100782185793,0.0,-0.6766965985298157
10.0,18751.0,0.007273100782185793,0.0,-0.6768788695335388
10.0,18754.0,0.007273100782185793,0.0,-0.6770655512809753
10.0,18759.0,0.007273100782185793,0.0,-0.677217960357666
10.0,18762.0,0.007273100782185793,0.0,-0.6773338913917542
10.0,18766.0,0.007273100782185793,0.0,-0.6774513125419617
10.0,18770.0,0.007273100782185793,0.0,-0.6776100397109985
10.0,18773.0,0.007273100782185793,0.0,-0.6777710914611816
10.0,18776.0,0.00727720744907856,0.0,-0.6792240738868713
10.0,18780.0,0.00727720744907856,0.0,-0.6793416142463684
10.0,18784.0,0.00727720744907856,0.0,-0.6794323325157166
10.0,18787.0,0.00727720744907856,0.0,-0.679556667804718
10.0,18791.0,0.00727720744907856,0.0,-0.6796846985816956
10.0,18795.0,0.00727720744907856,0.0,-0.6798163056373596
10.0,18799.0,0.00727720744907856,0.0,-0.6799172163009644
10.0,18802.0,0.00727720744907856,0.0,-0.6800546646118164
10.0,18815.0,0.00727720744907856,0.0,-0.6804857850074768
10.0,18819.0,0.00727720744907856,0.0,-0.6806731224060059
10.0,18823.0,0.00727720744907856,0.0,-0.6807875633239746
10.0,18826.0,0.00727720744907856,0.0,-0.6809422969818115
10.0,18830.0,0.00727720744907856,0.0,-0.6810995936393738
10.0,18834.0,0.00727720744907856,0.0,-0.6812593936920166
10.0,18837.0,0.00727720744907856,0.0,-0.6813806891441345
10.0,18841.0,0.00727720744907856,0.0,-0.6815444231033325
10.0,18844.0,0.00727720744907856,0.0,-0.6816686391830444
10.0,18848.0,0.00727720744907856,0.0,-0.6818360686302185
10.0,18851.0,0.00727720744907856,0.0,-0.6819629073143005
10.0,18855.0,0.00727720744907856,0.0,-0.6821337938308716
10.0,18859.0,0.007281314115971327,0.0,-0.6836060881614685
10.0,18862.0,0.007281314115971327,0.0,-0.6837323307991028
10.0,18866.0,0.007281314115971327,0.0,-0.6838293075561523
10.0,18870.0,0.007281314115971327,0.0,-0.6839617490768433
10.0,18874.0,0.007281314115971327,0.0,-0.6841320395469666
10.0,18878.0,0.007281314115971327,0.0,-0.6843074560165405
10.0,18883.0,0.007281314115971327,0.0,-0.6844149231910706
10.0,18886.0,0.007281314115971327,0.0,-0.6845609545707703
10.0,18890.0,0.007281314115971327,0.0,-0.6847097873687744
10.0,18894.0,0.007281314115971327,0.0,-0.684823215007782
10.0,18897.0,0.007281314115971327,0.0,-0.6849767565727234
10.0,18901.0,0.007281314115971327,0.0,-0.6851328611373901
10.0,18904.0,0.007281314115971327,0.0,-0.6852515935897827
10.0,18908.0,0.007281314115971327,0.0,-0.6854119300842285
10.0,18911.0,0.007281314115971327,0.0,-0.6855337023735046
10.0,18915.0,0.007281314115971327,0.0,-0.6856980323791504
10.0,18919.0,0.007281314115971327,0.0,-0.685822606086731
10.0,18922.0,0.007281314115971327,0.0,-0.685990571975708
10.0,18926.0,0.007281314115971327,0.0,-0.686117947101593
10.0,18929.0,0.007281314115971327,0.0,-0.686289370059967
10.0,18933.0,0.007281314115971327,0.0,-0.6864625811576843
10.0,18937.0,0.007281314115971327,0.0,-0.6866376996040344
10.0,18942.0,0.007285420782864094,0.0,-0.6881775856018066
10.0,18946.0,0.007285420782864094,0.0,-0.6882761120796204
10.0,18950.0,0.007285420782864094,0.0,-0.6884105205535889
10.0,18954.0,0.007285420782864094,0.0,-0.6885482668876648
10.0,18957.0,0.007285420782864094,0.0,-0.6886892318725586
10.0,18961.0,0.007285420782864094,0.0,-0.6887969374656677
10.0,18964.0,0.007285420782864094,0.0,-0.6889431476593018
10.0,18968.0,0.007285420782864094,0.0,-0.6890546679496765
10.0,18971.0,0.007285420782864094,0.0,-0.6892058253288269
10.0,18975.0,0.007285420782864094,0.0,-0.6893595457077026
10.0,18979.0,0.007285420782864094,0.0,-0.6894766092300415
10.0,18982.0,0.007285420782864094,0.0,-0.6896347999572754
10.0,18986.0,0.007285420782864094,0.0,-0.6897953748703003
10.0,18990.0,0.007285420782864094,0.0,-0.6899582743644714
10.0,18994.0,0.007285420782864094,0.0,-0.6900818347930908
10.0,18997.0,0.007285420782864094,0.0,-0.6902484893798828
10.0,19010.0,0.007285420782864094,0.0,-0.6908038258552551
10.0,19014.0,0.007285420782864094,0.0,-0.6909785866737366
10.0,19018.0,0.007285420782864094,0.0,-0.6911109089851379
10.0,19021.0,0.007285420782864094,0.0,-0.6912886500358582
10.0,19024.0,0.007285420782864094,0.0,-0.6914230585098267
10.0,19028.0,0.007285420782864094,0.0,-0.6916036009788513
10.0,19032.0,0.007285420782864094,0.0,-0.6917856931686401
10.0,19035.0,0.007285420782864094,0.0,-0.691923201084137
10.0,19039.0,0.007285420782864094,0.0,-0.6921077370643616
10.0,19042.0,0.007285420782864094,0.0,-0.6922469735145569
10.0,19046.0,0.007289527915418148,0.0,-0.693752646446228
10.0,19050.0,0.007289527915418148,0.0,-0.6938580870628357
10.0,19053.0,0.007289527915418148,0.0,-0.6940013766288757
10.0,19056.0,0.007289527915418148,0.0,-0.6941108703613281
10.0,19060.0,0.007289527915418148,0.0,-0.6943345069885254
10.0,19065.0,0.007289527915418148,0.0,-0.694448709487915
10.0,19070.0,0.007289527915418148,0.0,-0.694642186164856
10.0,19074.0,0.007289527915418148,0.0,-0.694760262966156
10.0,19077.0,0.007289527915418148,0.0,-0.6949196457862854
10.0,19081.0,0.007289527915418148,0.0,-0.695040762424469
10.0,19084.0,0.007289527915418148,0.0,-0.6952042579650879
10.0,19088.0,0.007289527915418148,0.0,-0.6953282952308655
10.0,19091.0,0.007289527915418148,0.0,-0.6954955458641052
10.0,19095.0,0.007289527915418148,0.0,-0.6956222653388977
10.0,19099.0,0.007289527915418148,0.0,-0.6957929730415344
10.0,19102.0,0.007289527915418148,0.0,-0.6959655284881592
10.0,19105.0,0.007289527915418148,0.0,-0.6960962414741516
10.0,19109.0,0.007289527915418148,0.0,-0.6962718963623047
10.0,19113.0,0.007289527915418148,0.0,-0.696449339389801
10.0,19116.0,0.007289527915418148,0.0,-0.6965835094451904
10.0,19120.0,0.007289527915418148,0.0,-0.6967636942863464
10.0,19125.0,0.007289527915418148,0.0,-0.6969910860061646
10.0,19129.0,0.007289527915418148,0.0,-0.6971285939216614
10.0,19132.0,0.007289527915418148,0.0,-0.6973132491111755
10.0,19135.0,0.007289527915418148,0.0,-0.6974524855613708
10.0,19139.0,0.007289527915418148,0.0,-0.6976394057273865
10.0,19143.0,0.007289527915418148,0.0,-0.6977803707122803
10.0,19146.0,0.007289527915418148,0.0,-0.6979694366455078
10.0,19150.0,0.007289527915418148,0.0,-0.6981120109558105
10.0,19153.0,0.007289527915418148,0.0,-0.6983030438423157
10.0,19157.0,0.007289527915418148,0.0,-0.6984471082687378
10.0,19161.0,0.007289527915418148,0.0,-0.698639988899231
10.0,19164.0,0.007293634582310915,0.0,-0.7001647353172302
10.0,19168.0,0.007293634582310915,0.0,-0.7003121972084045
10.0,19171.0,0.007293634582310915,0.0,-0.7004246711730957
10.0,19175.0,0.007293634582310915,0.0,-0.7005770206451416
10.0,19179.0,0.007293634582310915,0.0,-0.7006929516792297
10.0,19182.0,0.007293634582310915,0.0,-0.7008498311042786
10.0,19187.0,0.007293634582310915,0.0,-0.701049268245697
10.0,19200.0,0.007293634582310915,0.0,-0.7015844583511353
10.0,19204.0,0.007293634582310915,0.0,-0.7017110586166382
10.0,19207.0,0.007293634582310915,0.0,-0.7018816471099854
10.0,19211.0,0.007293634582310915,0.0,-0.7020541429519653
10.0,19215.0,0.007293634582310915,0.0,-0.7022284269332886
10.0,19219.0,0.007293634582310915,0.0,-0.7023603320121765
10.0,19222.0,0.007293634582310915,0.0,-0.7025376558303833
10.0,19225.0,0.007293634582310915,0.0,-0.7026717662811279
10.0,19229.0,0.007293634582310915,0.0,-0.7028518915176392
10.0,19233.0,0.007293634582310915,0.0,-0.7030335664749146
10.0,19236.0,0.007293634582310915,0.0,-0.7031707763671875
10.0,19240.0,0.007293634582310915,0.0,-0.7033088207244873
10.0,19243.0,0.007293634582310915,0.0,-0.7034940123558044
10.0,19247.0,0.007293634582310915,0.0,-0.7036806344985962
10.0,19252.0,0.007297741249203682,0.0,-0.7052463293075562
10.0,19257.0,0.007297741249203682,0.0,-0.7054241895675659
10.0,19261.0,0.007297741249203682,0.0,-0.7055331468582153
10.0,19264.0,0.007297741249203682,0.0,-0.7056809663772583
10.0,19268.0,0.007297741249203682,0.0,-0.7058315873146057
10.0,19271.0,0.007297741249203682,0.0,-0.7059463858604431
10.0,19275.0,0.007297741249203682,0.0,-0.7060626149177551
10.0,19278.0,0.007297741249203682,0.0,-0.7062197923660278
10.0,19282.0,0.007297741249203682,0.0,-0.7063793540000916
10.0,19285.0,0.007297741249203682,0.0,-0.7065005302429199
10.0,19289.0,0.007297741249203682,0.0,-0.7066642045974731
10.0,19292.0,0.007297741249203682,0.0,-0.7067883610725403
10.0,19296.0,0.007297741249203682,0.0,-0.7069557905197144
10.0,19300.0,0.007297741249203682,0.0,-0.7071251273155212
10.0,19303.0,0.007297741249203682,0.0,-0.7072535157203674
10.0,19307.0,0.007297741249203682,0.0,-0.7074262499809265
10.0,19311.0,0.007297741249203682,0.0,-0.7076008915901184
10.0,19315.0,0.007297741249203682,0.0,-0.707777202129364
10.0,19319.0,0.007297741249203682,0.0,-0.7079105973243713
10.0,19323.0,0.007297741249203682,0.0,-0.7080898284912109
10.0,19326.0,0.007297741249203682,0.0,-0.7082706093788147
10.0,19330.0,0.007297741249203682,0.0,-0.7084529399871826
10.0,19334.0,0.007297741249203682,0.0,-0.708590567111969
10.0,19338.0,0.007297741249203682,0.0,-0.7087753415107727
10.0,19341.0,0.007297741249203682,0.0,-0.7089614868164062
10.0,19345.0,0.007297741249203682,0.0,-0.7105041742324829
10.0,19349.0,0.007301847916096449,0.0,-0.7106444239616394
10.0,19353.0,0.007301847916096449,0.0,-0.7107516527175903
10.0,19356.0,0.007301847916096449,0.0,-0.7108972072601318
10.0,19360.0,0.007301847916096449,0.0,-0.7110083699226379
10.0,19363.0,0.007301847916096449,0.0,-0.7111589312553406
10.0,19367.0,0.007301847916096449,0.0,-0.7113122344017029
10.0,19371.0,0.007301847916096449,0.0,-0.7114681601524353
10.0,19376.0,0.007301847916096449,0.0,-0.7116265296936035
10.0,19381.0,0.007301847916096449,0.0,-0.7118685245513916
10.0,19384.0,0.007301847916096449,0.0,-0.7119914889335632
10.0,19397.0,0.007301847916096449,0.0,-0.7125378251075745
10.0,19401.0,0.007301847916096449,0.0,-0.712666928768158
10.0,19404.0,0.007301847916096449,0.0,-0.7128406167030334
10.0,19408.0,0.007301847916096449,0.0,-0.713016152381897
10.0,19411.0,0.007301847916096449,0.0,-0.7131488919258118
10.0,19415.0,0.007301847916096449,0.0,-0.7133273482322693
10.0,19419.0,0.007301847916096449,0.0,-0.713462233543396
10.0,19422.0,0.007301847916096449,0.0,-0.713643491268158
10.0,19426.0,0.007301847916096449,0.0,-0.713780403137207
10.0,19430.0,0.007301847916096449,0.0,-0.7139641642570496
10.0,19433.0,0.007305955048650503,0.0,-0.7154682278633118
10.0,19436.0,0.007305955048650503,0.0,-0.715607762336731
10.0,19441.0,0.007305955048650503,0.0,-0.7157503962516785
10.0,19445.0,0.007305955048650503,0.0,-0.7158961296081543
10.0,19450.0,0.007305955048650503,0.0,-0.7160447835922241
10.0,19453.0,0.007305955048650503,0.0,-0.7161961197853088
10.0,19456.0,0.007305955048650503,0.0,-0.7163113951683044
10.0,19460.0,0.007305955048650503,0.0,-0.7164673209190369
10.0,19463.0,0.007305955048650503,0.0,-0.7165859937667847
10.0,19466.0,0.007305955048650503,0.0,-0.7167059183120728
10.0,19470.0,0.007305955048650503,0.0,-0.716867983341217
10.0,19474.0,0.007305955048650503,0.0,-0.7169910073280334
10.0,19477.0,0.007305955048650503,0.0,-0.7171151638031006
10.0,19480.0,0.007305955048650503,0.0,-0.7172827124595642
10.0,19484.0,0.007305955048650503,0.0,-0.7174522280693054
10.0,19488.0,0.007305955048650503,0.0,-0.7176237106323242
10.0,19492.0,0.007305955048650503,0.0,-0.717753529548645
10.0,19495.0,0.007305955048650503,0.0,-0.7179282903671265
10.0,19499.0,0.007305955048650503,0.0,-0.7181047201156616
10.0,19502.0,0.007305955048650503,0.0,-0.7182382345199585
10.0,19506.0,0.007305955048650503,0.0,-0.718372642993927
10.0,19509.0,0.007305955048650503,0.0,-0.7185531854629517
10.0,19513.0,0.007305955048650503,0.0,-0.7187352776527405
10.0,19516.0,0.007305955048650503,0.0,-0.7188727855682373
10.0,19520.0,0.007305955048650503,0.0,-0.7190573215484619
10.0,19524.0,0.007305955048650503,0.0,-0.7191966772079468
10.0,19527.0,0.00731006171554327,0.0,-0.7207266092300415
10.0,19531.0,0.00731006171554327,0.0,-0.720866858959198
10.0,19535.0,0.00731006171554327,0.0,-0.7209741473197937
10.0,19538.0,0.00731006171554327,0.0,-0.7211198806762695
10.0,19542.0,0.00731006171554327,0.0,-0.7212684154510498
10.0,19545.0,0.00731006171554327,0.0,-0.721381664276123
10.0,19549.0,0.00731006171554327,0.0,-0.7215350270271301
10.0,19553.0,0.00731006171554327,0.0,-0.7216518521308899
10.0,19556.0,0.00731006171554327,0.0,-0.7218096852302551
10.0,19559.0,0.00731006171554327,0.0,-0.7219296097755432
10.0,19564.0,0.00731006171554327,0.0,-0.7221325039863586
10.0,19569.0,0.00731006171554327,0.0,-0.7222973704338074
10.0,19572.0,0.00731006171554327,0.0,-0.722464382648468
10.0,19575.0,0.00731006171554327,0.0,-0.7225909233093262
10.0,19589.0,0.00731006171554327,0.0,-0.7231521606445312
10.0,19593.0,0.00731006171554327,0.0,-0.723328709602356
10.0,19596.0,0.00731006171554327,0.0,-0.7235068678855896
10.0,19600.0,0.00731006171554327,0.0,-0.7236867547035217
10.0,19604.0,0.00731006171554327,0.0,-0.7238225936889648
10.0,19608.0,0.00731006171554327,0.0,-0.7240509390830994
10.0,19612.0,0.00731006171554327,0.0,-0.7242352962493896
10.0,19615.0,0.00731006171554327,0.0,-0.7243744134902954
10.0,19619.0,0.00731006171554327,0.0,-0.7245610952377319
10.0,19623.0,0.007314168382436037,0.0,-0.726067841053009
10.0,19627.0,0.007314168382436037,0.0,-0.7262100577354431
10.0,19631.0,0.007314168382436037,0.0,-0.7263553142547607
10.0,19634.0,0.007314168382436037,0.0,-0.7264662384986877
10.0,19638.0,0.007314168382436037,0.0,-0.7266165614128113
10.0,19642.0,0.007314168382436037,0.0,-0.7267696261405945
10.0,19645.0,0.007314168382436037,0.0,-0.7268862128257751
10.0,19649.0,0.007314168382436037,0.0,-0.7270436882972717
10.0,19653.0,0.007314168382436037,0.0,-0.7272037267684937
10.0,19656.0,0.007314168382436037,0.0,-0.7273252606391907
10.0,19660.0,0.007314168382436037,0.0,-0.7274893522262573
10.0,19664.0,0.007314168382436037,0.0,-0.7276138067245483
10.0,19667.0,0.007314168382436037,0.0,-0.7277815937995911
10.0,19671.0,0.007314168382436037,0.0,-0.7279514670372009
10.0,19674.0,0.007314168382436037,0.0,-0.7280800938606262
10.0,19678.0,0.007314168382436037,0.0,-0.7282098531723022
10.0,19681.0,0.007314168382436037,0.0,-0.7283844351768494
10.0,19685.0,0.007314168382436037,0.0,-0.7285165190696716
10.0,19690.0,0.007314168382436037,0.0,-0.7287388443946838
10.0,19695.0,0.007314168382436037,0.0,-0.7289637327194214
10.0,19699.0,0.007314168382436037,0.0,-0.7291454076766968
10.0,19702.0,0.007314168382436037,0.0,-0.729328453540802
10.0,19705.0,0.007314168382436037,0.0,-0.7294667363166809
10.0,19709.0,0.007314168382436037,0.0,-0.7296523451805115
10.0,19713.0,0.007318275049328804,0.0,-0.7311477065086365
10.0,19716.0,0.007318275049328804,0.0,-0.7312871813774109
10.0,19720.0,0.007318275049328804,0.0,-0.7313938140869141
10.0,19723.0,0.007318275049328804,0.0,-0.7315387725830078
10.0,19727.0,0.007318275049328804,0.0,-0.7316866517066956
10.0,19732.0,0.007318275049328804,0.0,-0.7318754196166992
10.0,19736.0,0.007318275049328804,0.0,-0.7320295572280884
10.0,19740.0,0.007318275049328804,0.0,-0.7321467995643616
10.0,19743.0,0.007318275049328804,0.0,-0.7323053479194641
10.0,19746.0,0.007318275049328804,0.0,-0.7324258685112
10.0,19752.0,0.007318275049328804,0.0,-0.7326295375823975
10.0,19756.0,0.007318275049328804,0.0,-0.732795000076294
10.0,19760.0,0.007318275049328804,0.0,-0.7329625487327576
10.0,19764.0,0.007318275049328804,0.0,-0.7331322431564331
10.0,19768.0,0.007318275049328804,0.0,-0.7333038449287415
10.0,19771.0,0.007318275049328804,0.0,-0.7334773540496826
10.0,19775.0,0.007318275049328804,0.0,-0.7336087226867676
10.0,19787.0,0.007318275049328804,0.0,-0.7341889142990112
10.0,19791.0,0.007318275049328804,0.0,-0.7343708276748657
10.0,19795.0,0.007318275049328804,0.0,-0.734508216381073
10.0,19799.0,0.007318275049328804,0.0,-0.7346926927566528
10.0,19802.0,0.007318275049328804,0.0,-0.7348785400390625
10.0,19805.0,0.007322381716221571,0.0,-0.7363616228103638
10.0,19809.0,0.007322381716221571,0.0,-0.7364664077758789
10.0,19812.0,0.007322381716221571,0.0,-0.7366089224815369
10.0,19816.0,0.007322381716221571,0.0,-0.7367177605628967
10.0,19820.0,0.007322381716221571,0.0,-0.7368654012680054
10.0,19823.0,0.007322381716221571,0.0,-0.7370159029960632
10.0,19827.0,0.007322381716221571,0.0,-0.7371691465377808
10.0,19831.0,0.007322381716221571,0.0,-0.7373250126838684
10.0,19835.0,0.007322381716221571,0.0,-0.7374834418296814
10.0,19839.0,0.007322381716221571,0.0,-0.7376037836074829
10.0,19842.0,0.007322381716221571,0.0,-0.7377663254737854
10.0,19846.0,0.007322381716221571,0.0,-0.7378896474838257
10.0,19849.0,0.007322381716221571,0.0,-0.7380561232566833
10.0,19853.0,0.007322381716221571,0.0,-0.7381822466850281
10.0,19856.0,0.007322381716221571,0.0,-0.7383522987365723
10.0,19860.0,0.007322381716221571,0.0,-0.7384811043739319
10.0,19863.0,0.007322381716221571,0.0,-0.7386544942855835
10.0,19867.0,0.007322381716221571,0.0,-0.7388296723365784
10.0,19871.0,0.007322381716221571,0.0,-0.7390066981315613
10.0,19874.0,0.007322381716221571,0.0,-0.7391852736473083
10.0,19881.0,0.007322381716221571,0.0,-0.7394108176231384
10.0,19884.0,0.007322381716221571,0.0,-0.7395930886268616
10.0,19888.0,0.007322381716221571,0.0,-0.7397767305374146
10.0,19891.0,0.007322381716221571,0.0,-0.7399153709411621
10.0,19895.0,0.007322381716221571,0.0,-0.7401015162467957
10.0,19899.0,0.007322381716221571,0.0,-0.7402418851852417
10.0,19903.0,0.007326488848775625,0.0,-0.7417612671852112
10.0,19906.0,0.007326488848775625,0.0,-0.7419034242630005
10.0,19910.0,0.007326488848775625,0.0,-0.7420120239257812
10.0,19913.0,0.007326488848775625,0.0,-0.7421594858169556
10.0,19916.0,0.007326488848775625,0.0,-0.7422719597816467
10.0,19920.0,0.007326488848775625,0.0,-0.7424242496490479
10.0,19924.0,0.007326488848775625,0.0,-0.7425402998924255
10.0,19927.0,0.007326488848775625,0.0,-0.7426971793174744
10.0,19931.0,0.007326488848775625,0.0,-0.7428566217422485
10.0,19935.0,0.007326488848775625,0.0,-0.7429776787757874
10.0,19940.0,0.007326488848775625,0.0,-0.7431824207305908
10.0,19944.0,0.007326488848775625,0.0,-0.7433487176895142
10.0,19948.0,0.007326488848775625,0.0,-0.7435594797134399
10.0,19952.0,0.007326488848775625,0.0,-0.7436874508857727
10.0,19955.0,0.007326488848775625,0.0,-0.7438598275184631
10.0,19959.0,0.007326488848775625,0.0,-0.7439903020858765
10.0,19962.0,0.007326488848775625,0.0,-0.74416583776474
10.0,19966.0,0.007326488848775625,0.0,-0.7442986369132996
10.0,19970.0,0.007330595515668392,0.0,-0.7457959651947021
10.0,19982.0,0.007330595515668392,0.0,-0.7462412118911743
10.0,19986.0,0.007330595515668392,0.0,-0.7463849782943726
10.0,19990.0,0.007330595515668392,0.0,-0.7464948892593384
10.0,19993.0,0.007330595515668392,0.0,-0.7466438412666321
10.0,19996.0,0.007330595515668392,0.0,-0.746757447719574
10.0,20000.0,0.007330595515668392,0.0,-0.7469112277030945
10.0,20003.0,0.007330595515668392,0.0,-0.7470282912254333
10.0,20006.0,0.007330595515668392,0.0,-0.7471467852592468
10.0,20010.0,0.007330595515668392,0.0,-0.7473069429397583
10.0,20014.0,0.007334702182561159,0.0,-0.748759388923645
10.0,20017.0,0.007334702182561159,0.0,-0.7488760948181152
10.0,20021.0,0.007334702182561159,0.0,-0.7489663362503052
10.0,20024.0,0.007334702182561159,0.0,-0.7490901350975037
10.0,20028.0,0.007334702182561159,0.0,-0.749217689037323
10.0,20031.0,0.007334702182561159,0.0,-0.7493157386779785
10.0,20035.0,0.007334702182561159,0.0,-0.7494495511054993
10.0,20039.0,0.007334702182561159,0.0,-0.7495522499084473
10.0,20042.0,0.007334702182561159,0.0,-0.7496919631958008
10.0,20045.0,0.007334702182561159,0.0,-0.7497987747192383
10.0,20050.0,0.007334702182561159,0.0,-0.7499439120292664
10.0,20053.0,0.007334702182561159,0.0,-0.7500920295715332
10.0,20056.0,0.007334702182561159,0.0,-0.7515602111816406
10.0,20060.0,0.007338808849453926,0.0,-0.7516382336616516
10.0,20064.0,0.007338808849453926,0.0,-0.7517739534378052
10.0,20070.0,0.007338808849453926,0.0,-0.7519165277481079
10.0,20073.0,0.007338808849453926,0.0,-0.7520352602005005
10.0,20076.0,0.007338808849453926,0.0,-0.7521268725395203
10.0,20080.0,0.007338808849453926,0.0,-0.7522525787353516
10.0,20084.0,0.007338808849453926,0.0,-0.7523491978645325
10.0,20087.0,0.007338808849453926,0.0,-0.75248122215271
10.0,20091.0,0.007338808849453926,0.0,-0.752616822719574
10.0,20095.0,0.00734291598200798,0.0,-0.7540759444236755
10.0,20099.0,0.00734291598200798,0.0,-0.7541688680648804
10.0,20102.0,0.00734291598200798,0.0,-0.7542667388916016
10.0,20106.0,0.00734291598200798,0.0,-0.7543433308601379
10.0,20110.0,0.00734291598200798,0.0,-0.7544494867324829
10.0,20113.0,0.00734291598200798,0.0,-0.7545602321624756
10.0,20116.0,0.00734291598200798,0.0,-0.7546460628509521
10.0,20120.0,0.00734291598200798,0.0,-0.754764199256897
10.0,20123.0,0.00734291598200798,0.0,-0.7548554539680481
10.0,20128.0,0.007347022648900747,0.0,-0.7563357949256897
10.0,20132.0,0.007347022648900747,0.0,-0.7564162015914917
10.0,20135.0,0.007347022648900747,0.0,-0.756502091884613
10.0,20139.0,0.007347022648900747,0.0,-0.7565934062004089
10.0,20142.0,0.007347022648900747,0.0,-0.7566652297973633
10.0,20146.0,0.007347022648900747,0.0,-0.7567397356033325
10.0,20150.0,0.007347022648900747,0.0,-0.7568433284759521
10.0,20153.0,0.007347022648900747,0.0,-0.7569515109062195
10.0,20156.0,0.007351129315793514,0.0,-0.7583664059638977
10.0,20160.0,0.007351129315793514,0.0,-0.7584347724914551
10.0,20173.0,0.007351129315793514,0.0,-0.7586972117424011
10.0,20177.0,0.007351129315793514,0.0,-0.7587659955024719
10.0,20180.0,0.007355235982686281,0.0,-0.7601928114891052
10.0,20184.0,0.007355235982686281,0.0,-0.7602323293685913
10.0,20189.0,0.007355235982686281,0.0,-0.7603065371513367
10.0,20194.0,0.007355235982686281,0.0,-0.7604085803031921
10.0,20197.0,0.007355235982686281,0.0,-0.7604646682739258
10.0,20201.0,0.0073593431152403355,0.0,-0.7618752717971802
10.0,20205.0,0.0073593431152403355,0.0,-0.7619130611419678
10.0,20209.0,0.0073593431152403355,0.0,-0.7619461417198181
10.0,20212.0,0.0073593431152403355,0.0,-0.7619963884353638
10.0,20215.0,0.0073593431152403355,0.0,-0.7620384693145752
10.0,20219.0,0.0073593431152403355,0.0,-0.7620842456817627
10.0,20222.0,0.007363449782133102,0.0,-0.7634695172309875
10.0,20226.0,0.007363449782133102,0.0,-0.7634879946708679
10.0,20230.0,0.007363449782133102,0.0,-0.7635194063186646
10.0,20233.0,0.007363449782133102,0.0,-0.7635582685470581
10.0,20237.0,0.007367556449025869,0.0,-0.7649351358413696
10.0,20242.0,0.007367556449025869,0.0,-0.7649406790733337
10.0,20245.0,0.007367556449025869,0.0,-0.764954686164856
10.0,20249.0,0.007367556449025869,0.0,-0.7649705410003662
10.0,20253.0,0.007371663115918636,0.0,-0.7663105130195618
10.0,20258.0,0.007371663115918636,0.0,-0.7663038372993469
10.0,20262.0,0.007371663115918636,0.0,-0.7663061618804932
10.0,20265.0,0.007375770248472691,0.0,-0.7676689624786377
10.0,20269.0,0.007375770248472691,0.0,-0.7676376700401306
10.0,20272.0,0.007375770248472691,0.0,-0.767620861530304
10.0,20276.0,0.007375770248472691,0.0,-0.7676067352294922
10.0,20280.0,0.0073798769153654575,0.0,-0.7689451575279236
10.0,20283.0,0.0073798769153654575,0.0,-0.768899142742157
10.0,20286.0,0.0073798769153654575,0.0,-0.7688716053962708
10.0,20290.0,0.0073798769153654575,0.0,-0.7701990008354187
10.0,20294.0,0.0073839835822582245,0.0,-0.7701480388641357
10.0,20297.0,0.0073839835822582245,0.0,-0.7700901627540588
10.0,20301.0,0.0073839835822582245,0.0,-0.7713984847068787
10.0,20304.0,0.0073880902491509914,0.0,-0.7713338136672974
10.0,20308.0,0.0073880902491509914,0.0,-0.7712582349777222
10.0,20312.0,0.007392196916043758,0.0,-0.7725644707679749
10.0,20315.0,0.007392196916043758,0.0,-0.7724605798721313
10.0,20319.0,0.007392196916043758,0.0,-0.7723909616470337
10.0,20322.0,0.007396304048597813,0.0,-0.7736280560493469
10.0,20326.0,0.007396304048597813,0.0,-0.7735391855239868
10.0,20329.0,0.00740041071549058,0.0,-0.7747632265090942
10.0,20333.0,0.00740041071549058,0.0,-0.7746219635009766
10.0,20336.0,0.0074045173823833466,0.0,-0.7758561968803406
10.0,20340.0,0.0074045173823833466,0.0,-0.7757317423820496
10.0,20343.0,0.0074086240492761135,0.0,-0.7768979072570801
10.0,20347.0,0.007412731181830168,0.0,-0.7781131863594055
10.0,20350.0,0.007412731181830168,0.0,-0.7778921127319336
10.0,20354.0,0.007416837848722935,0.0,-0.7790685892105103
10.0,20366.0,0.007429158315062523,0.0,-0.7822819948196411
10.0,20370.0,0.007437371648848057,0.0,-0.7846441268920898
10.0,20375.0,0.007445585448294878,0.0,-0.7868364453315735
10.0,20380.0,0.007462012115865946,0.0,-0.7914869785308838
10.0,20384.0,0.007470225915312767,0.0,-0.7949023842811584
10.0,20388.0,0.007490759715437889,0.0,-0.800868570804596
10.0,20392.0,0.007515400182455778,0.0,-0.8093074560165405
10.0,20395.0,0.007552361581474543,0.0,-0.8178043961524963
10.0,20399.0,0.0075852153822779655,0.0,-0.8274230360984802
10.0,20402.0,0.007626283448189497,-0.0015339808305725455,-0.5758776068687439
10.0,20406.0,0.007687884848564863,-0.0015339808305725455,-0.5933880805969238
10.0,20410.0,0.007753593381494284,-0.0015339808305725455,-0.6177432537078857
10.0,20413.0,0.007806981448084116,-0.0015339808305725455,-0.6372227072715759
10.0,20417.0,0.007839836180210114,-0.0015339808305725455,-0.6490270495414734
10.0,20420.0,0.00786858331412077,-0.0015339808305725455,-0.6606912016868591
10.0,20424.0,0.007897330448031425,-0.0015339808305725455,-0.6706265211105347
10.0,20427.0,0.007917864248156548,-0.0015339808305725455,-0.6761718988418579
10.0,20431.0,0.00793429184705019,-0.0015339808305725455,-0.6828944087028503
10.0,20434.0,0.007946612313389778,-0.0015339808305725455,-0.685448169708252
10.0,20439.0,0.007958931848406792,-0.0015339808305725455,-0.689108669757843
10.0,20443.0,0.007963038980960846,-0.0015339808305725455,-0.6913169622421265
10.0,20448.0,0.0079671461135149,-0.0015339808305725455,-0.6908758878707886
10.0,20452.0,0.00797125231474638,-0.0015339808305725455,-0.6919054985046387
10.0,20455.0,0.00797125231474638,-0.0015339808305725455,-0.6914626359939575
10.0,20459.0,0.00797125231474638,-0.0015339808305725455,-0.6911482214927673
10.0,20462.0,0.00797125231474638,-0.0015339808305725455,-0.6907517910003662
10.0,20466.0,0.00797125231474638,-0.0015339808305725455,-0.6904708743095398
10.0,20469.0,0.00797125231474638,-0.0015339808305725455,-0.6901175379753113
10.0,20473.0,0.00797125231474638,-0.0015339808305725455,-0.6897876262664795
10.0,20476.0,0.00797125231474638,-0.0015339808305725455,-0.6895548701286316
10.0,20480.0,0.007975359447300434,-0.0015339808305725455,-0.6906898021697998
10.0,20483.0,0.007975359447300434,-0.0015339808305725455,-0.6903658509254456
10.0,20486.0,0.007975359447300434,-0.0015339808305725455,-0.690137505531311
10.0,20491.0,0.007975359447300434,-0.0015339808305725455,-0.6898518204689026
10.0,20494.0,0.007975359447300434,-0.0015339808305725455,-0.689586877822876
10.0,20498.0,0.007975359447300434,-0.0015339808305725455,-0.6894011497497559
10.0,20501.0,0.007975359447300434,-0.0015339808305725455,-0.6891704201698303
10.0,20505.0,0.007975359447300434,-0.0015339808305725455,-0.6889581680297852
10.0,20509.0,0.007975359447300434,-0.0015339808305725455,-0.6887637376785278
10.0,20513.0,0.007975359447300434,-0.0015339808305725455,-0.6886292099952698
10.0,20516.0,0.007975359447300434,-0.0015339808305725455,-0.6884642243385315
10.0,20520.0,0.007975359447300434,-0.0015339808305725455,-0.6883509755134583
10.0,20523.0,0.007975359447300434,-0.0015339808305725455,-0.6882135272026062
10.0,20526.0,0.007979466579854488,-0.0015339808305725455,-0.6894632577896118
10.0,20530.0,0.007979466579854488,-0.0015339808305725455,-0.6893033981323242
10.0,20534.0,0.007979466579854488,-0.0015339808305725455,-0.6891939043998718
10.0,20537.0,0.007979466579854488,-0.0015339808305725455,-0.6890929341316223
10.0,20541.0,0.007979466579854488,-0.0015339808305725455,-0.6889713406562805
10.0,20544.0,0.007979466579854488,-0.0015339808305725455,-0.6888638734817505
10.0,20548.0,0.007979466579854488,-0.0015339808305725455,-0.6887701749801636
10.0,20561.0,0.007979466579854488,-0.0015339808305725455,-0.6885656714439392
10.0,20565.0,0.007979466579854488,-0.0015339808305725455,-0.6885120868682861
10.0,20570.0,0.007979466579854488,-0.0015339808305725455,-0.6884757876396179
10.0,20574.0,0.007979466579854488,-0.0015339808305725455,-0.6884586811065674
10.0,20578.0,0.007979466579854488,-0.0015339808305725455,-0.6884515881538391
10.0,20582.0,0.007979466579854488,-0.0015339808305725455,-0.6884543299674988
10.0,20585.0,0.007979466579854488,-0.0015339808305725455,-0.688462495803833
10.0,20589.0,0.007979466579854488,-0.0015339808305725455,-0.6884812116622925
10.0,20593.0,0.007979466579854488,-0.0015339808305725455,-0.6885086894035339
10.0,20596.0,0.007983572781085968,-0.0015339808305725455,-0.6898775696754456
10.0,20600.0,0.007983572781085968,-0.0015339808305725455,-0.6898713111877441
10.0,20604.0,0.007983572781085968,-0.0015339808305725455,-0.6898730993270874
10.0,20607.0,0.007983572781085968,-0.0015339808305725455,-0.6898835897445679
10.0,20611.0,0.007983572781085968,-0.0015339808305725455,-0.6899030804634094
10.0,20615.0,0.007983572781085968,-0.0015339808305725455,-0.6899234652519226
10.0,20618.0,0.007983572781085968,-0.0015339808305725455,-0.6899579167366028
10.0,20622.0,0.007983572781085968,-0.0015339808305725455,-0.6900004744529724
10.0,20626.0,0.007983572781085968,-0.0015339808305725455,-0.6900374889373779
10.0,20630.0,0.007983572781085968,-0.0015339808305725455,-0.6900933384895325
10.0,20633.0,0.007983572781085968,-0.0015339808305725455,-0.6901565790176392
10.0,20636.0,0.007983572781085968,-0.0015339808305725455,-0.6902084946632385
10.0,20640.0,0.007983572781085968,-0.0015339808305725455,-0.6902835965156555
10.0,20644.0,0.007983572781085968,-0.003067961661145091,-0.4249711036682129
10.0,20648.0,0.007983572781085968,-0.003067961661145091,-0.43098318576812744
10.0,20652.0,0.007983572781085968,-0.003067961661145091,-0.4367677569389343
10.0,20656.0,0.007983572781085968,-0.003067961661145091,-0.4409623444080353
10.0,20660.0,0.007983572781085968,-0.003067961661145091,-0.4463701546192169
10.0,20663.0,0.007983572781085968,-0.003067961661145091,-0.4515743553638458
10.0,20667.0,0.007983572781085968,-0.003067961661145091,-0.4565829336643219
10.0,20671.0,0.007983572781085968,-0.003067961661145091,-0.4614035487174988
10.0,20674.0,0.007983572781085968,-0.003067961661145091,-0.4649001955986023
10.0,20678.0,0.007983572781085968,-0.003067961661145091,-0.46940961480140686
10.0,20682.0,0.007983572781085968,-0.003067961661145091,-0.4737507700920105
10.0,20686.0,0.007983572781085968,-0.003067961661145091,-0.4769003093242645
10.0,20691.0,0.007983572781085968,-0.003067961661145091,-0.482937216758728
10.0,20696.0,0.007983572781085968,-0.003067961661145091,-0.4867759644985199
10.0,20700.0,0.007983572781085968,-0.003067961661145091,-0.4904729723930359
10.0,20703.0,0.007983572781085968,-0.003067961661145091,-0.49403369426727295
10.0,20707.0,0.007983572781085968,-0.003067961661145091,-0.49746355414390564
10.0,20711.0,0.007983572781085968,-0.003067961661145091,-0.500767707824707
10.0,20714.0,0.007983572781085968,-0.003067961661145091,-0.5031662583351135
10.0,20718.0,0.007983572781085968,-0.003067961661145091,-0.5062621831893921
10.0,20722.0,0.007983572781085968,-0.003067961661145091,-0.5092455744743347
10.0,20726.0,0.007983572781085968,-0.003067961661145091,-0.5114119648933411
10.0,20729.0,0.007983572781085968,-0.003067961661145091,-0.5142089128494263
10.0,20735.0,0.007983572781085968,-0.003067961661145091,-0.5182166695594788
10.0,20739.0,0.007983572781085968,-0.003067961661145091,-0.5201396942138672
10.0,20742.0,0.007983572781085968,-0.003067961661145091,-0.5226234197616577
10.0,20746.0,0.007983572781085968,-0.003067961661145091,-0.5244280099868774
10.0,20750.0,0.007983572781085968,-0.003067961661145091,-0.5273290872573853
10.0,20763.0,0.007983572781085968,-0.003067961661145091,-0.534290611743927
10.0,20767.0,0.007983572781085968,-0.003067961661145091,-0.535785973072052
10.0,20770.0,0.007983572781085968,-0.003067961661145091,-0.5377192497253418
10.0,20774.0,0.007983572781085968,-0.003067961661145091,-0.5391252636909485
10.0,20777.0,0.007983572781085968,-0.004601942375302315,-0.2770528793334961
10.0,20781.0,0.007983572781085968,-0.004601942375302315,-0.28467386960983276
10.0,20785.0,0.007983572781085968,-0.004601942375302315,-0.29019802808761597
10.0,20789.0,0.007983572781085968,-0.004601942375302315,-0.2973175048828125
10.0,20792.0,0.007983572781085968,-0.004601942375302315,-0.30416589975357056
10.0,20795.0,0.007983572781085968,-0.004601942375302315,-0.3091307580471039
10.0,20799.0,0.007983572781085968,-0.004601942375302315,-0.31553012132644653
10.0,20803.0,0.007983572781085968,-0.004601942375302315,-0.3201698660850525
10.0,20806.0,0.007983572781085968,-0.004601942375302315,-0.3261508047580719
10.0,20810.0,0.007983572781085968,-0.004601942375302315,-0.33048751950263977
10.0,20813.0,0.007983572781085968,-0.004601942375302315,-0.3360784351825714
10.0,20817.0,0.007983572781085968,-0.004601942375302315,-0.3401327133178711
10.0,20820.0,0.007983572781085968,-0.004601942375302315,-0.34536004066467285
10.0,20824.0,0.007983572781085968,-0.004601942375302315,-0.3491511642932892
10.0,20827.0,0.007983572781085968,-0.004601942375302315,-0.35403963923454285
10.0,20831.0,0.007983572781085968,-0.004601942375302315,-0.35874494910240173
10.0,20835.0,0.007983572781085968,-0.004601942375302315,-0.3632742762565613
10.0,20839.0,0.007983572781085968,-0.004601942375302315,-0.3665599226951599
10.0,20842.0,0.007983572781085968,-0.004601942375302315,-0.3707978427410126
10.0,20845.0,0.007983572781085968,-0.004601942375302315,-0.3738725185394287
10.0,20849.0,0.007983572781085968,-0.004601942375302315,-0.37783879041671753
10.0,20853.0,0.007983572781085968,-0.006135923322290182,-0.11380409449338913
10.0,20856.0,0.007983572781085968,-0.006135923322290182,-0.1235012337565422
10.0,20860.0,0.007983572781085968,-0.006135923322290182,-0.13052870333194733
10.0,20863.0,0.007979466579854488,-0.006135923322290182,-0.13826487958431244
10.0,20867.0,0.007979466579854488,-0.006135923322290182,-0.14701928198337555
10.0,20871.0,0.007975359447300434,-0.006135923322290182,-0.15200871229171753
10.0,20875.0,0.007975359447300434,-0.006135923322290182,-0.16223949193954468
10.0,20879.0,0.007975359447300434,-0.006135923322290182,-0.17198345065116882
10.0,20884.0,0.007975359447300434,-0.006135923322290182,-0.17760621011257172
10.0,20887.0,0.007975359447300434,-0.006135923322290182,-0.18485257029533386
10.0,20891.0,0.007975359447300434,-0.006135923322290182,-0.19182270765304565
10.0,20895.0,0.007975359447300434,-0.006135923322290182,-0.19687573611736298
10.0,20899.0,0.007975359447300434,-0.006135923322290182,-0.20338870584964752
10.0,20902.0,0.007975359447300434,-0.006135923322290182,-0.20965445041656494
10.0,20905.0,0.007975359447300434,-0.0076699042692780495,0.054249223321676254
10.0,20909.0,0.007975359447300434,-0.0076699042692780495,0.042348381131887436
10.0,20912.0,0.007975359447300434,-0.0076699042692780495,0.03372533619403839
10.0,20916.0,0.00797125231474638,-0.0076699042692780495,0.02669612690806389
10.0,20920.0,0.0079671461135149,-0.0076699042692780495,0.017193064093589783
10.0,20923.0,0.007963038980960846,-0.0076699042692780495,0.008060287684202194
10.0,20927.0,0.007958931848406792,-0.0076699042692780495,0.0017974535003304482
10.0,20930.0,0.007958931848406792,-0.0076699042692780495,-0.00806608609855175
10.0,20934.0,0.007958931848406792,-0.0076699042692780495,-0.015214015729725361
10.0,20939.0,0.007954825647175312,-0.0076699042692780495,-0.025327574461698532
10.0,20943.0,0.007954825647175312,-0.0076699042692780495,-0.036296550184488297
10.0,20956.0,0.007950718514621258,-0.00920388475060463,0.19884373247623444
10.0,20960.0,0.007942505180835724,-0.00920388475060463,0.1883891075849533
10.0,20963.0,0.00793839804828167,-0.00920388475060463,0.17833474278450012
10.0,20967.0,0.007926077581942081,-0.00920388475060463,0.17171789705753326
10.0,20970.0,0.007921971380710602,-0.00920388475060463,0.1623239815235138
10.0,20974.0,0.007913758046925068,-0.00920388475060463,0.15485413372516632
10.0,20977.0,0.007913758046925068,-0.00920388475060463,0.14343741536140442
10.0,20981.0,0.007909650914371014,-0.00920388475060463,0.4022386968135834
10.0,20985.0,0.007909650914371014,-0.010737866163253784,0.38969317078590393
10.0,20989.0,0.00790554378181696,-0.010737866163253784,0.3748907148838043
10.0,20992.0,0.007897330448031425,-0.010737866163253784,0.36198553442955017
10.0,20996.0,0.007885009981691837,-0.010737866163253784,0.3546565771102905
10.0,20999.0,0.007864476181566715,-0.010737866163253784,0.3465500473976135
10.0,21003.0,0.007848049513995647,-0.010737866163253784,0.33879050612449646
10.0,21007.0,0.007827515713870525,-0.010737866163253784,0.3313523828983307
10.0,21011.0,0.007811088114976883,-0.010737866163253784,0.32497450709342957
10.0,21014.0,0.007794660981744528,-0.010737866163253784,0.3167736828327179
10.0,21018.0,0.007786447647958994,-0.012271846644580364,0.5716265439987183
10.0,21022.0,0.00777823431417346,-0.012271846644580364,0.5555652976036072
10.0,21025.0,0.007761807180941105,-0.012271846644580364,0.547303318977356
10.0,21029.0,0.00774538004770875,-0.012271846644580364,0.5375864505767822
10.0,21032.0,0.00772484578192234,-0.012271846644580364,0.5312269926071167
10.0,21036.0,0.0076919919811189175,-0.012271846644580364,0.5264127850532532
10.0,21040.0,0.007663244381546974,-0.012271846644580364,0.51889967918396
10.0,21043.0,0.007642710581421852,-0.012271846644580364,0.5117083787918091
10.0,21047.0,0.007613962981849909,-0.012271846644580364,0.5061872601509094
10.0,21050.0,0.007601642515510321,-0.013805827125906944,0.7609298825263977
10.0,21054.0,0.007581108715385199,-0.013805827125906944,0.7501147985458374
10.0,21057.0,0.0075646815821528435,-0.013805827125906944,0.7371073961257935
10.0,21061.0,0.007531827315688133,-0.013805827125906944,0.7286384105682373
10.0,21066.0,0.007474332582205534,-0.013805827125906944,0.7232126593589783
10.0,21071.0,0.00740041071549058,-0.013805827125906944,0.7224646210670471
10.0,21074.0,0.007347022648900747,-0.013805827125906944,0.7254160642623901
10.0,21078.0,0.007264886982738972,-0.013805827125906944,0.7319632768630981
10.0,21081.0,0.007195071782916784,-0.013805827125906944,0.7427113652229309
10.0,21084.0,0.007092402316629887,-0.013805827125906944,0.7529212832450867
10.0,21089.0,0.006989732850342989,-0.013805827125906944,0.7657238841056824
10.0,21092.0,0.006915810983628035,-0.013805827125906944,0.7781379222869873
10.0,21095.0,0.006813141517341137,-0.013805827125906944,0.7861820459365845
10.0,21099.0,0.0067392196506261826,-0.013805827125906944,0.7979899048805237
10.0,21102.0,0.006661191117018461,-0.013805827125906944,0.8055949807167053
10.0,21106.0,0.006558521650731564,-0.013805827125906944,0.8143802285194397
10.0,21110.0,0.006443531718105078,-0.013805827125906944,0.8293583393096924
10.0,21113.0,0.006353182718157768,-0.013805827125906944,0.8452210426330566
10.0,21116.0,0.006225872784852982,-0.013805827125906944,0.8598136305809021
10.0,21120.0,0.006127309985458851,-0.013805827125906944,0.8787317276000977
10.0,21124.0,0.005995893385261297,-0.013805827125906944,0.8925293684005737
10.0,21127.0,0.0058726901188492775,-0.013805827125906944,0.9077503085136414
10.0,21131.0,0.005778233986347914,-0.013805827125906944,0.9238449931144714
10.0,21134.0,0.005655030719935894,-0.013805827125906944,0.9339335560798645
10.0,21147.0,0.005248459987342358,-0.013805827125906944,0.9916759729385376
10.0,21151.0,0.0050554415211081505,-0.013805827125906944,1.0146089792251587
10.0,21155.0,0.004936344921588898,-0.013805827125906944,1.038140058517456
10.0,21159.0,0.004772074054926634,-0.013805827125906944,1.0563137531280518
10.0,21162.0,0.00464476365596056,-0.013805827125906944,1.0825518369674683
10.0,21166.0,0.004464065656065941,-0.012271846644580364,0.8367854356765747
10.0,21170.0,0.0042628338560462,-0.012271846644580364,0.876880943775177
10.0,21173.0,0.004110882990062237,-0.012271846644580364,0.9169660806655884
10.0,21177.0,0.0039055440574884415,-0.012271846644580364,0.9454699754714966
10.0,21180.0,0.0037043120246380568,-0.012271846644580364,0.9819098711013794
10.0,21184.0,0.0035564680583775043,-0.012271846644580364,1.0158345699310303
10.0,21189.0,0.0032566734589636326,-0.012271846644580364,1.058038592338562
10.0,21194.0,0.003006160259246826,-0.010737866163253784,0.8346552848815918
10.0,21199.0,0.002800821326673031,-0.010737866163253784,0.8733431100845337
10.0,21202.0,0.0026488706935197115,-0.010737866163253784,0.909433126449585
10.0,21206.0,0.002443531760945916,-0.010737866163253784,0.9374092817306519
10.0,21210.0,0.002234086161479354,-0.010737866163253784,0.9740643501281738
10.0,21213.0,0.0020780288614332676,-0.010737866163253784,1.0095503330230713
10.0,21216.0,0.0018644763622432947,-0.010737866163253784,1.0364152193069458
10.0,21220.0,0.001642710529267788,-0.010737866163253784,1.0738929510116577
10.0,21224.0,0.0014702258631587029,-0.00920388475060463,0.8489440679550171
10.0,21229.0,0.0011786447139456868,-0.00920388475060463,0.8938117027282715
10.0,21232.0,0.0010020533809438348,-0.00920388475060463,0.9371933937072754
10.0,21236.0,0.0007761807064525783,-0.00920388475060463,0.966456949710846
10.0,21239.0,0.000546201248653233,-0.00920388475060463,1.0061311721801758
10.0,21243.0,0.0003737166407518089,-0.00920388475060463,1.0445202589035034
10.0,21246.0,0.00019712524954229593,-0.0076699042692780495,0.8082728385925293
10.0,21252.0,-0.00017248459334950894,-0.0076699042692780495,0.8674201369285583
10.0,21257.0,-0.00047227926552295685,-0.0076699042692780495,0.9214345812797546
10.0,21260.0,-0.0006981519400142133,-0.0076699042692780495,0.958518922328949
10.0,21264.0,-0.0008624229812994599,-0.0076699042692780495,0.983876645565033
10.0,21267.0,-0.0010225872974842787,-0.0076699042692780495,1.0149699449539185
10.0,21271.0,-0.0012402464635670185,-0.0076699042692780495,1.0477839708328247
10.0,21275.0,-0.0014702258631587029,-0.0076699042692780495,1.073738932609558
10.0,21279.0,-0.0017084189457818866,-0.006135923322290182,0.8431529402732849
10.0,21282.0,-0.0018932238453999162,-0.006135923322290182,0.8869847655296326
10.0,21285.0,-0.0021396304946392775,-0.006135923322290182,0.9189195036888123
10.0,21289.0,-0.0023203284945338964,-0.006135923322290182,0.9487451910972595
10.0,21292.0,-0.002566735027357936,-0.006135923322290182,0.9891638159751892
10.0,21296.0,-0.0027515399269759655,-0.006135923322290182,1.0269360542297363
10.0,21301.0,-0.003055441426113248,-0.006135923322290182,1.064872145652771
10.0,21304.0,-0.003322381991893053,-0.004601942375302315,0.8398719429969788
10.0,21308.0,-0.0035277206916362047,-0.004601942375302315,0.8906519412994385
10.0,21311.0,-0.0038069814909249544,-0.004601942375302315,0.9286352396011353
10.0,21315.0,-0.00401642732322216,-0.004601942375302315,0.9656844735145569
10.0,21319.0,-0.004283367656171322,-0.004601942375302315,1.0096607208251953
10.0,21322.0,-0.004480492789298296,-0.004601942375302315,1.050902009010315
10.0,21326.0,-0.004751540254801512,-0.003067961661145091,0.8167372345924377
10.0,21330.0,-0.005018480587750673,-0.003067961661145091,0.8629547357559204
10.0,21333.0,-0.005215605720877647,-0.003067961661145091,0.9063494801521301
10.0,21346.0,-0.005991786252707243,-0.003067961661145091,1.0036602020263672
10.0,21350.0,-0.006225872784852982,-0.003067961661145091,1.040286898612976
10.0,21354.0,-0.006455852184444666,-0.003067961661145091,1.0675671100616455
10.0,21358.0,-0.006689938250929117,-0.003067961661145091,1.0888631343841553
10.0,21361.0,-0.0068706367164850235,-0.003067961661145091,1.1187522411346436
10.0,21365.0,-0.007125256583094597,-0.0015339808305725455,0.8788993954658508
10.0,21369.0,-0.0073880902491509914,-0.0015339808305725455,0.9197490811347961
10.0,21372.0,-0.007572895381599665,-0.0015339808305725455,0.9539684653282166
10.0,21377.0,-0.007880903780460358,-0.0015339808305725455,0.9966394305229187
10.0,21382.0,-0.008193018846213818,-0.0015339808305725455,1.0285263061523438
10.0,21385.0,-0.008439425379037857,-0.0015339808305725455,1.0594651699066162
10.0,21389.0,-0.008698152378201485,-0.0015339808305725455,1.0935102701187134
10.0,21393.0,-0.008899384178221226,-0.0015339808305725455,1.1292113065719604
10.0,21396.0,-0.009104723110795021,-0.0015339808305725455,1.1569550037384033
10.0,21400.0,-0.00938398391008377,0.0,0.9183199405670166
10.0,21404.0,-0.009679671376943588,0.0,0.9666258096694946
10.0,21407.0,-0.00997946597635746,0.0,1.0147286653518677
10.0,21411.0,-0.010262833908200264,0.0,1.0559390783309937
10.0,21415.0,-0.010476386174559593,0.0,1.0863399505615234
10.0,21419.0,-0.010763860307633877,0.0,1.126695156097412
10.0,21422.0,-0.011055441573262215,0.0015339808305725455,0.9032859206199646
10.0,21426.0,-0.011273100972175598,0.0015339808305725455,0.9470359086990356
10.0,21430.0,-0.011552361771464348,0.0015339808305725455,0.9867621064186096
10.0,21434.0,-0.011827515438199043,0.0015339808305725455,1.0144147872924805
10.0,21437.0,-0.012098562903702259,0.0015339808305725455,1.0493991374969482
10.0,21442.0,-0.012361396104097366,0.0015339808305725455,1.0883803367614746
10.0,21446.0,-0.012698152102530003,0.003067961661145091,0.8558518290519714
10.0,21450.0,-0.012973305769264698,0.003067961661145091,0.8949959874153137
10.0,21454.0,-0.01324024610221386,0.003067961661145091,0.9302724599838257
10.0,21458.0,-0.013441478833556175,0.003067961661145091,0.9631432294845581
10.0,21461.0,-0.013696098700165749,0.003067961661145091,0.9858477115631104
10.0,21465.0,-0.013885010033845901,0.003067961661145091,1.0067204236984253
10.0,21469.0,-0.014135523699223995,0.003067961661145091,1.0334320068359375
10.0,21472.0,-0.014332649298012257,0.003067961661145091,1.0634158849716187
10.0,21476.0,-0.014603695832192898,0.004601942375302315,0.8211203813552856
10.0,21479.0,-0.014878850430250168,0.004601942375302315,0.8595267534255981
10.0,21483.0,-0.015075975097715855,0.004601942375302315,0.8927537202835083
10.0,21486.0,-0.015326488763093948,0.004601942375302315,0.9130226373672485
10.0,21490.0,-0.015515400096774101,0.004601942375302315,0.9407230615615845
10.0,21494.0,-0.015761807560920715,0.004601942375302315,0.9599889516830444
10.0,21497.0,-0.015938397496938705,0.004601942375302315,0.9810627698898315
10.0,21501.0,-0.016172485426068306,0.004601942375302315,1.0029397010803223
10.0,21504.0,-0.016406571492552757,0.004601942375302315,1.016968011856079
10.0,21508.0,-0.016574949026107788,0.004601942375302315,1.0339562892913818
10.0,21511.0,-0.016804927960038185,0.004601942375302315,1.0474530458450317
10.0,21515.0,-0.01697741262614727,0.004601942375302315,1.0650882720947266
10.0,21519.0,-0.017207391560077667,0.004601942375302315,1.0780539512634277
10.0,21522.0,-0.017383983358740807,0.004601942375302315,1.0976808071136475
10.0,21526.0,-0.017626283690333366,0.004601942375302315,1.112766981124878
10.0,21530.0,-0.017876796424388885,0.004601942375302315,1.1355862617492676
10.0,21542.0,-0.01867351122200489,0.006135923322290182,0.9624541997909546
10.0,21545.0,-0.018932238221168518,0.006135923322290182,0.9906803369522095
10.0,21549.0,-0.019125256687402725,0.006135923322290182,1.0181297063827515
10.0,21552.0,-0.019388090819120407,0.006135923322290182,1.0392380952835083
10.0,21556.0,-0.01957700215280056,0.006135923322290182,1.0640474557876587
10.0,21560.0,-0.019839836284518242,0.0076699042692780495,0.8188406825065613
10.0,21563.0,-0.020045174285769463,0.0076699042692780495,0.8642813563346863
10.0,21570.0,-0.02050924114882946,0.0076699042692780495,0.9013973474502563
10.0,21573.0,-0.020772073417901993,0.0076699042692780495,0.9312252998352051
10.0,21576.0,-0.020960984751582146,0.0076699042692780495,0.9503623247146606
10.0,21580.0,-0.021145790815353394,0.0076699042692780495,0.9721491932868958
10.0,21584.0,-0.0213839840143919,0.0076699042692780495,0.9934083223342896
10.0,21588.0,-0.021679671481251717,0.00920388475060463,0.7460803389549255
10.0,21592.0,-0.02186037041246891,0.00920388475060463,0.7723424434661865
10.0,21595.0,-0.022041067481040955,0.00920388475060463,0.78853839635849
10.0,21599.0,-0.022254619747400284,0.00920388475060463,0.8042984008789062
10.0,21603.0,-0.0224558524787426,0.00920388475060463,0.8143991827964783
10.0,21607.0,-0.022648870944976807,0.00920388475060463,0.8205442428588867
10.0,21611.0,-0.02282135561108589,0.00920388475060463,0.822430431842804
10.0,21614.0,-0.02294866554439068,0.00920388475060463,0.8231474757194519
10.0,21618.0,-0.02314579114317894,0.00920388475060463,0.8200506567955017
10.0,21622.0,-0.023252567276358604,0.00920388475060463,0.8132871985435486
10.0,21626.0,-0.023392196744680405,0.0076699042692780495,1.07225501537323
10.0,21629.0,-0.0235277209430933,0.0076699042692780495,1.0577847957611084
10.0,21633.0,-0.02363860420882702,0.0076699042692780495,1.0494487285614014
10.0,21636.0,-0.02380698174238205,0.0076699042692780495,1.0478973388671875
10.0,21640.0,-0.023942505940794945,0.0076699042692780495,1.0510090589523315
10.0,21644.0,-0.024139629676938057,0.0076699042692780495,1.0564488172531128
10.0,21647.0,-0.02433675527572632,0.0076699042692780495,1.063669204711914
10.0,21651.0,-0.02448870614171028,0.0076699042692780495,1.073559284210205
10.0,21654.0,-0.02470225840806961,0.0076699042692780495,1.082908034324646
10.0,21658.0,-0.02491581067442894,0.0076699042692780495,1.0952191352844238
10.0,21662.0,-0.025088295340538025,0.0076699042692780495,1.1083335876464844
10.0,21665.0,-0.025322381407022476,0.00920388475060463,0.8629260659217834
10.0,21670.0,-0.025564681738615036,0.00920388475060463,0.8895458579063416
10.0,21673.0,-0.02574538066983223,0.00920388475060463,0.9140848517417908
10.0,21676.0,-0.02592197060585022,0.00920388475060463,0.9313880801200867
10.0,21680.0,-0.02614784426987171,0.00920388475060463,0.9456821084022522
10.0,21684.0,-0.026365503668785095,0.00920388475060463,0.9621383547782898
10.0,21687.0,-0.026587268337607384,0.010737866163253784,0.7141771912574768
10.0,21692.0,-0.026858316734433174,0.010737866163253784,0.7407719492912292
10.0,21697.0,-0.027100615203380585,0.010737866163253784,0.7571799159049988
10.0,21701.0,-0.02727309986948967,0.010737866163253784,0.763090193271637
10.0,21705.0,-0.027400409802794456,0.010737866163253784,0.7676663398742676
10.0,21709.0,-0.027556467801332474,0.010737866163253784,0.7674550414085388
10.0,21712.0,-0.027667351067066193,0.010737866163253784,0.7642374634742737
10.0,21716.0,-0.027802875265479088,0.010737866163253784,0.7603664398193359
10.0,21719.0,-0.027921970933675766,0.010737866163253784,0.7497738599777222
10.0,21723.0,-0.028004106134176254,0.010737866163253784,0.7357594966888428
10.0,21726.0,-0.028078028932213783,0.010737866163253784,0.7223588228225708
10.0,21739.0,-0.028361396864056587,0.00920388475060463,0.9201755523681641
10.0,21743.0,-0.028459958732128143,0.00920388475060463,0.9064962863922119
10.0,21746.0,-0.028537986800074577,0.00920388475060463,0.8903647065162659
10.0,21750.0,-0.028640657663345337,0.00920388475060463,0.875027596950531
10.0,21754.0,-0.028772074729204178,0.00920388475060463,0.8617838025093079
10.0,21759.0,-0.028899384662508965,0.0076699042692780495,1.11110520362854
10.0,21763.0,-0.0289774127304554,0.0076699042692780495,1.0934523344039917
10.0,21766.0,-0.029096508398652077,0.0076699042692780495,1.0841476917266846
10.0,21770.0,-0.029199179261922836,0.0076699042692780495,1.0785762071609497
10.0,21774.0,-0.0293511301279068,0.0076699042692780495,1.078027606010437
10.0,21778.0,-0.029523614794015884,0.00920388475060463,0.8153029680252075
10.0,21781.0,-0.029663244262337685,0.00920388475060463,0.8310918807983398
10.0,21784.0,-0.029848048463463783,0.00920388475060463,0.8430134654045105
10.0,21788.0,-0.03003285452723503,0.00920388475060463,0.8581781983375549
10.0,21792.0,-0.03017248399555683,0.00920388475060463,0.869662880897522
10.0,21795.0,-0.030308008193969727,0.00920388475060463,0.8828774690628052
10.0,21799.0,-0.030484599992632866,0.00920388475060463,0.8944830894470215
10.0,21802.0,-0.030616017058491707,0.00920388475060463,0.9013642072677612
10.0,21806.0,-0.030780287459492683,0.010737866163253784,0.6399343013763428
10.0,21809.0,-0.03094455786049366,0.010737866163253784,0.653182327747345
10.0,21813.0,-0.031059548258781433,0.010737866163253784,0.6634827852249146
10.0,21816.0,-0.031174538657069206,0.010737866163253784,0.6690658330917358
10.0,21820.0,-0.031314168125391006,0.010737866163253784,0.6719189882278442
10.0,21823.0,-0.03141273185610771,0.010737866163253784,0.6726325154304504
10.0,21827.0,-0.031527720391750336,0.010737866163253784,0.6702659726142883
10.0,21831.0,-0.03163449838757515,0.010737866163253784,0.6646776795387268
10.0,21834.0,-0.03170841932296753,0.010737866163253784,0.6568132638931274
10.0,21838.0,-0.031798768788576126,0.010737866163253784,0.6485342979431152
10.0,21841.0,-0.0318644754588604,0.010737866163253784,0.6375541090965271
10.0,21844.0,-0.03194250538945198,0.010737866163253784,0.627373993396759
10.0,21849.0,-0.03200821205973625,0.010737866163253784,0.6108012795448303
10.0,21852.0,-0.0320533886551857,0.010737866163253784,0.5936564207077026
10.0,21855.0,-0.03210677579045296,0.00920388475060463,0.8436941504478455
10.0,21859.0,-0.0321478433907032,0.00920388475060463,0.8154131770133972
10.0,21863.0,-0.03218069672584534,0.00920388475060463,0.7896901965141296
10.0,21866.0,-0.032217659056186676,0.00920388475060463,0.7707637548446655
10.0,21870.0,-0.032262831926345825,0.00920388475060463,0.7482794523239136
10.0,21873.0,-0.03231211379170418,0.00920388475060463,0.7320631146430969
10.0,21876.0,-0.03234497085213661,0.00920388475060463,0.7150301337242126
10.0,21881.0,-0.032386038452386856,0.0076699042692780495,0.9530162811279297
10.0,21885.0,-0.0324271060526371,0.0076699042692780495,0.9228718280792236
10.0,21889.0,-0.03245585039258003,0.0076699042692780495,0.8966907262802124
10.0,21893.0,-0.03250102698802948,0.0076699042692780495,0.8729599118232727
10.0,21896.0,-0.03253798931837082,0.0076699042692780495,0.8568422198295593
10.0,21900.0,-0.03258726745843887,0.0076699042692780495,0.8361799716949463
10.0,21903.0,-0.032636549323797226,0.0076699042692780495,0.8212829828262329
10.0,21907.0,-0.032673511654138565,0.0076699042692780495,0.8021936416625977
10.0,21911.0,-0.03272279351949692,0.0076699042692780495,0.7839550375938416
10.0,21914.0,-0.03276796638965607,0.0076699042692780495,0.7694583535194397
10.0,21918.0,-0.03281724825501442,0.0076699042692780495,0.7526768445968628
10.0,21931.0,-0.0329856276512146,0.006135923322290182,0.9658787846565247
10.0,21935.0,-0.03306776285171509,0.006135923322290182,0.9570053219795227
10.0,21940.0,-0.03318685665726662,0.006135923322290182,0.9519447684288025
10.0,21944.0,-0.03331827372312546,0.006135923322290182,0.9513545632362366
10.0,21949.0,-0.03342505171895027,0.0076699042692780495,0.6877377033233643
10.0,21952.0,-0.033503081649541855,0.0076699042692780495,0.6913359761238098
10.0,21955.0,-0.03358932211995125,0.0076699042692780495,0.6913560628890991
10.0,21959.0,-0.03366324305534363,0.0076699042692780495,0.6870580315589905
10.0,21963.0,-0.03371252492070198,0.0076699042692780495,0.68037348985672
10.0,21966.0,-0.03375770151615143,0.0076699042692780495,0.6729319095611572
10.0,21970.0,-0.03381519392132759,0.0076699042692780495,0.6671259999275208
10.0,21974.0,-0.03386037051677704,0.0076699042692780495,0.6548565626144409
10.0,21978.0,-0.03389732912182808,0.0076699042692780495,0.6380050778388977
10.0,21981.0,-0.03392607718706131,0.0076699042692780495,0.6253849864006042
10.0,21985.0,-0.033950719982385635,0.0076699042692780495,0.6131932735443115
10.0,21989.0,-0.033967144787311554,0.006135923322290182,0.8578879237174988
10.0,21992.0,-0.03397535905241966,0.006135923322290182,0.8323132991790771
10.0,21995.0,-0.03399178758263588,0.006135923322290182,0.814835786819458
10.0,22000.0,-0.034012321382761,0.006135923322290182,0.7937074899673462
10.0,22003.0,-0.034032855182886124,0.006135923322290182,0.7748193144798279
10.0,22007.0,-0.034053388983011246,0.006135923322290182,0.760515570640564
10.0,22010.0,-0.034069813787937164,0.006135923322290182,0.7417130470275879
10.0,22013.0,-0.034090347588062286,0.006135923322290182,0.7284905314445496
10.0,22017.0,-0.034098561853170395,0.006135923322290182,0.7084164023399353
10.0,22021.0,-0.03411088138818741,0.006135923322290182,0.6891875267028809
10.0,22025.0,-0.03411909565329552,0.006135923322290182,0.6736295819282532
10.0,22029.0,-0.03411909565329552,0.004601942375302315,0.9187578558921814
10.0,22032.0,-0.03411909565329552,0.004601942375302315,0.8918881416320801
10.0,22035.0,-0.03412320464849472,0.004601942375302315,0.8738031387329102
10.0,22039.0,-0.03413141518831253,0.004601942375302315,0.8576108813285828
10.0,22042.0,-0.03414373844861984,0.004601942375302315,0.8386145234107971
10.0,22045.0,-0.034164272248744965,0.004601942375302315,0.826242983341217
10.0,22049.0,-0.03417659178376198,0.004601942375302315,0.8099478483200073
10.0,22052.0,-0.034193020313978195,0.004601942375302315,0.7971709370613098
10.0,22056.0,-0.03420533984899521,0.004601942375302315,0.779457688331604
10.0,22060.0,-0.03421765938401222,0.004601942375302315,0.7663198113441467
10.0,22063.0,-0.03422176465392113,0.004601942375302315,0.7485754489898682
10.0,22068.0,-0.034229978919029236,0.004601942375302315,0.7254331707954407
10.0,22072.0,-0.03423408791422844,0.004601942375302315,0.7080755233764648
10.0,22076.0,-0.03423408791422844,0.004601942375302315,0.6900913715362549
10.0,22080.0,-0.03423408791422844,0.003067961661145091,0.9367468357086182
10.0,22083.0,-0.03423408791422844,0.003067961661145091,0.9198736548423767
10.0,22086.0,-0.034238193184137344,0.003067961661145091,0.9048668742179871
10.0,22090.0,-0.03424640744924545,0.003067961661145091,0.8878127932548523
10.0,22094.0,-0.03426283225417137,0.003067961661145091,0.8765129446983337
10.0,22098.0,-0.034283366054296494,0.003067961661145091,0.8598160147666931
10.0,22101.0,-0.034303899854421616,0.003067961661145091,0.8507728576660156
10.0,22105.0,-0.03432443365454674,0.003067961661145091,0.8433920741081238
10.0,22108.0,-0.03434496745467186,0.003067961661145091,0.8317212462425232
10.0,22112.0,-0.03436139598488808,0.003067961661145091,0.8205878734588623
10.0,22125.0,-0.034414783120155334,0.003067961661145091,0.7835938930511475
10.0,22129.0,-0.034427106380462646,0.003067961661145091,0.7719573974609375
10.0,22132.0,-0.03443942591547966,0.003067961661145091,0.7632316946983337
10.0,22136.0,-0.03444764018058777,0.003067961661145091,0.7511268854141235
10.0,22140.0,-0.03445585072040558,0.003067961661145091,0.7395484447479248
10.0,22143.0,-0.03445995971560478,0.003067961661145091,0.7305252552032471
10.0,22146.0,-0.03446406498551369,0.003067961661145091,0.7217957377433777
10.0,22150.0,-0.03446817398071289,0.003067961661145091,0.7101777791976929
10.0,22153.0,-0.03446817398071289,0.003067961661145091,0.7007835507392883
10.0,22157.0,-0.03446817398071289,0.003067961661145091,0.6887261271476746
10.0,22161.0,-0.03446817398071289,0.003067961661145091,0.6771846413612366
10.0,22165.0,-0.03446817398071289,0.003067961661145091,0.6688547134399414
10.0,22169.0,-0.03446817398071289,0.003067961661145091,0.6581674814224243
10.0,22172.0,-0.03446817398071289,0.0015339808305725455,0.914854884147644
10.0,22175.0,-0.034472279250621796,0.0015339808305725455,0.9043099284172058
10.0,22179.0,-0.034472279250621796,0.0015339808305725455,0.8889952898025513
10.0,22183.0,-0.034480493515729904,0.0015339808305725455,0.8806197047233582
10.0,22186.0,-0.03448870778083801,0.0015339808305725455,0.8703243136405945
10.0,22192.0,-0.03451334685087204,0.0015339808305725455,0.8590928316116333
10.0,22197.0,-0.034546200186014175,0.0015339808305725455,0.8518735766410828
10.0,22201.0,-0.034574948251247406,0.0015339808305725455,0.8496391773223877
10.0,22204.0,-0.034611910581588745,0.0015339808305725455,0.8494179844856262
10.0,22208.0,-0.03464476391673088,0.003067961661145091,0.5860491394996643
10.0,22212.0,-0.03469404578208923,0.003067961661145091,0.5953461527824402
10.0,22215.0,-0.03472689911723137,0.003067961661145091,0.6008005738258362
10.0,22219.0,-0.03476796671748161,0.003067961661145091,0.6048035621643066
10.0,22222.0,-0.034796714782714844,0.003067961661145091,0.6095818281173706
10.0,22226.0,-0.034825462847948074,0.003067961661145091,0.6107643246650696
10.0,22230.0,-0.034854210913181305,0.003067961661145091,0.6127875447273254
10.0,22233.0,-0.034870635718107224,0.003067961661145091,0.6134753823280334
10.0,22236.0,-0.03489527851343155,0.003067961661145091,0.6133403778076172
10.0,22240.0,-0.03491581231355667,0.003067961661145091,0.6127858757972717
10.0,22244.0,-0.03493223711848259,0.003067961661145091,0.6127705574035645
10.0,22247.0,-0.03494866564869881,0.003067961661145091,0.6110129952430725
10.0,22251.0,-0.03496098518371582,0.003067961661145091,0.6093858480453491
10.0,22255.0,-0.03497741371393204,0.003067961661145091,0.6065646409988403
10.0,22260.0,-0.034985627979040146,0.003067961661145091,0.6009215116500854
10.0,22264.0,-0.03498973324894905,0.003067961661145091,0.5971959829330444
10.0,22268.0,-0.034993838518857956,0.003067961661145091,0.5909956097602844
10.0,22271.0,-0.034993838518857956,0.003067961661145091,0.5865333676338196
10.0,22275.0,-0.03499794751405716,0.003067961661145091,0.5821450352668762
10.0,22279.0,-0.03499794751405716,0.003067961661145091,0.578004002571106
10.0,22282.0,-0.03499794751405716,0.003067961661145091,0.5727096796035767
10.0,22285.0,-0.03499794751405716,0.003067961661145091,0.5689034461975098
10.0,22289.0,-0.03499794751405716,0.003067961661145091,0.5640401244163513
10.0,22292.0,-0.03499794751405716,0.003067961661145091,0.5605459809303284
10.0,22296.0,-0.035002052783966064,0.003067961661145091,0.5574268102645874
10.0,22300.0,-0.035002052783966064,0.003067961661145091,0.5531343817710876
10.0,22304.0,-0.035002052783966064,0.003067961661145091,0.5500537157058716
10.0,22307.0,-0.035002052783966064,0.003067961661145091,0.546124279499054
10.0,22320.0,-0.035002052783966064,0.003067961661145091,0.5346692204475403
10.0,22323.0,-0.035002052783966064,0.003067961661145091,0.532292902469635
10.0,22326.0,-0.035002052783966064,0.003067961661145091,0.5300105810165405
10.0,22330.0,-0.035002052783966064,0.003067961661145091,0.527108907699585
10.0,22333.0,-0.035002052783966064,0.003067961661145091,0.5250351428985596
10.0,22337.0,-0.035002052783966064,0.003067961661145091,0.5224018692970276
10.0,22341.0,-0.035002052783966064,0.003067961661145091,0.5199137330055237
10.0,22344.0,-0.035002052783966064,0.003067961661145091,0.5181394815444946
10.0,22349.0,-0.035002052783966064,0.003067961661145091,0.5158916711807251
10.0,22352.0,-0.035002052783966064,0.003067961661145091,0.5137738585472107
10.0,22356.0,-0.035002052783966064,0.003067961661145091,0.5122677683830261
10.0,22360.0,-0.035002052783966064,0.003067961661145091,0.5103651285171509
10.0,22363.0,-0.035002052783966064,0.003067961661145091,0.508578896522522
10.0,22366.0,-0.035002052783966064,0.003067961661145091,0.5073128342628479
10.0,22371.0,-0.035002052783966064,0.003067961661145091,0.5057193040847778
10.0,22374.0,-0.035002052783966064,0.003067961661145091,0.5042299032211304
10.0,22379.0,-0.035002052783966064,0.003067961661145091,0.5028405785560608
10.0,22383.0,-0.035002052783966064,0.003067961661145091,0.5012386441230774
10.0,22387.0,-0.035002052783966064,0.003067961661145091,0.5003465414047241
10.0,22390.0,-0.035002052783966064,0.003067961661145091,0.49923431873321533
10.0,22393.0,-0.035002052783966064,0.003067961661145091,0.49845632910728455
10.0,22397.0,-0.035002052783966064,0.003067961661145091,0.4974910616874695
10.0,22401.0,-0.035002052783966064,0.003067961661145091,0.4966052174568176
10.0,22404.0,-0.035002052783966064,0.003067961661145091,0.4959910213947296
10.0,22408.0,-0.035002052783966064,0.003067961661145091,0.49523666501045227
10.0,22412.0,-0.035002052783966064,0.003067961661145091,0.4947177469730377
10.0,22415.0,-0.035002052783966064,0.003067961661145091,0.49408599734306335
10.0,22419.0,-0.035002052783966064,0.003067961661145091,0.49365586042404175
10.0,22423.0,-0.035002052783966064,0.003067961661145091,0.4931383728981018
10.0,22426.0,-0.035002052783966064,0.003067961661145091,0.49268263578414917
10.0,22430.0,-0.035002052783966064,0.003067961661145091,0.49237993359565735
10.0,22433.0,-0.035002052783966064,0.003067961661145091,0.4920264482498169
10.0,22437.0,-0.035002052783966064,0.003067961661145091,0.4917978346347809
10.0,22442.0,-0.035002052783966064,0.003067961661145091,0.49148333072662354
10.0,22446.0,-0.035002052783966064,0.003067961661145091,0.49124863743782043
10.0,22450.0,-0.035002052783966064,0.003067961661145091,0.49111565947532654
10.0,22453.0,-0.035002052783966064,0.003067961661145091,0.49104660749435425
10.0,22457.0,-0.035002052783966064,0.003067961661145091,0.49100300669670105
10.0,22460.0,-0.035002052783966064,0.004601942375302315,0.22253656387329102
10.0,22464.0,-0.035002052783966064,0.004601942375302315,0.228603333234787
10.0,22469.0,-0.035002052783966064,0.004601942375302315,0.23447245359420776
10.0,22472.0,-0.035002052783966064,0.004601942375302315,0.24015170335769653
10.0,22476.0,-0.035002052783966064,0.004601942375302315,0.24429099261760712
10.0,22480.0,-0.035002052783966064,0.004601942375302315,0.24965576827526093
10.0,22483.0,-0.035002052783966064,0.004601942375302315,0.25485047698020935
10.0,22486.0,-0.035002052783966064,0.004601942375302315,0.25863900780677795
10.0,22491.0,-0.035002052783966064,0.004601942375302315,0.26355215907096863
10.0,22494.0,-0.035002052783966064,0.004601942375302315,0.26831310987472534
10.0,22499.0,-0.035002052783966064,0.004601942375302315,0.2729278802871704
10.0,22502.0,-0.035002052783966064,0.004601942375302315,0.2774021327495575
10.0,22514.0,-0.035002052783966064,0.004601942375302315,0.29003646969795227
10.0,22517.0,-0.035002052783966064,0.004601942375302315,0.2930215895175934
10.0,22521.0,-0.035002052783966064,0.004601942375302315,0.2969006597995758
10.0,22525.0,-0.035002052783966064,0.004601942375302315,0.29973652958869934
10.0,22529.0,-0.035002052783966064,0.004601942375302315,0.3034234344959259
10.0,22532.0,-0.035002052783966064,0.004601942375302315,0.3070063889026642
10.0,22536.0,-0.035002052783966064,0.004601942375302315,0.3096279203891754
10.0,22540.0,-0.035002052783966064,0.004601942375302315,0.31303876638412476
10.0,22543.0,-0.035002052783966064,0.004601942375302315,0.31635668873786926
10.0,22546.0,-0.035002052783966064,0.004601942375302315,0.3187862038612366
10.0,22550.0,-0.035002052783966064,0.004601942375302315,0.3219500482082367
10.0,22554.0,-0.035002052783966064,0.006135923322290182,0.05887399613857269
10.0,22557.0,-0.035002052783966064,0.006135923322290182,0.06781847029924393
10.0,22561.0,-0.035002052783966064,0.006135923322290182,0.07645183056592941
10.0,22565.0,-0.035002052783966064,0.006135923322290182,0.08478636294603348
10.0,22570.0,-0.035002052783966064,0.006135923322290182,0.09480223059654236
10.0,22574.0,-0.035002052783966064,0.006135923322290182,0.1025068387389183
10.0,22579.0,-0.035002052783966064,0.006135923322290182,0.10994920879602432
10.0,22582.0,-0.035002052783966064,0.006135923322290182,0.11713966727256775
10.0,22585.0,-0.035002052783966064,0.006135923322290182,0.12237325310707092
10.0,22589.0,-0.035002052783966064,0.006135923322290182,0.12747475504875183
10.0,22592.0,-0.035002052783966064,0.006135923322290182,0.13407805562019348
10.0,22596.0,-0.035002052783966064,0.006135923322290182,0.13888651132583618
10.0,22600.0,-0.035002052783966064,0.006135923322290182,0.14511260390281677
10.0,22603.0,-0.035002052783966064,0.006135923322290182,0.14964787662029266
10.0,22606.0,-0.035002052783966064,0.0076699042692780495,-0.1142791137099266
10.0,22610.0,-0.03499794751405716,0.0076699042692780495,-0.10540580749511719
10.0,22614.0,-0.03499794751405716,0.0076699042692780495,-0.0939471647143364
10.0,22618.0,-0.034993838518857956,0.0076699042692780495,-0.08154243975877762
10.0,22621.0,-0.034993838518857956,0.0076699042692780495,-0.0735517367720604
10.0,22624.0,-0.034993838518857956,0.0076699042692780495,-0.06577493995428085
10.0,22628.0,-0.034993838518857956,0.0076699042692780495,-0.05708259344100952
10.0,22631.0,-0.03498973324894905,0.0076699042692780495,-0.049744173884391785
10.0,22635.0,-0.03498973324894905,0.0076699042692780495,-0.04026128351688385
10.0,22639.0,-0.03498973324894905,0.0076699042692780495,-0.03336794674396515
10.0,22642.0,-0.03498973324894905,0.0076699042692780495,-0.02445795014500618
10.0,22646.0,-0.03498973324894905,0.0076699042692780495,-0.017979424446821213
10.0,22649.0,-0.03498973324894905,0.00920388475060463,-0.2734939455986023
10.0,22652.0,-0.034985627979040146,0.00920388475060463,-0.2643359303474426
10.0,22656.0,-0.03498151898384094,0.00920388475060463,-0.2534169554710388
10.0,22660.0,-0.034973304718732834,0.00920388475060463,-0.24480099976062775
10.0,22663.0,-0.034965094178915024,0.00920388475060463,-0.23455658555030823
10.0,22666.0,-0.03496098518371582,0.00920388475060463,-0.22644531726837158
10.0,22670.0,-0.034956879913806915,0.00920388475060463,-0.215524360537529
10.0,22674.0,-0.034956879913806915,0.00920388475060463,-0.2065998762845993
10.0,22678.0,-0.034956879913806915,0.00920388475060463,-0.19507522881031036
10.0,22681.0,-0.034956879913806915,0.010737866163253784,-0.44785410165786743
10.0,22684.0,-0.03495277091860771,0.010737866163253784,-0.43670424818992615
10.0,22688.0,-0.0349445603787899,0.010737866163253784,-0.420594185590744
10.0,22694.0,-0.034919917583465576,0.010737866163253784,-0.40540608763694763
10.0,22708.0,-0.034870635718107224,0.010737866163253784,-0.37264642119407654
10.0,22712.0,-0.03486653044819832,0.010737866163253784,-0.6299764513969421
10.0,22716.0,-0.03485831618309021,0.012271846644580364,-0.6166907548904419
10.0,22720.0,-0.0348501019179821,0.012271846644580364,-0.6004582047462463
10.0,22723.0,-0.03483778238296509,0.012271846644580364,-0.5874826908111572
10.0,22726.0,-0.03482135385274887,0.012271846644580364,-0.5807601809501648
10.0,22730.0,-0.034788500517606735,0.012271846644580364,-0.5755766034126282
10.0,22733.0,-0.03476386144757271,0.012271846644580364,-0.56566321849823
10.0,22739.0,-0.03471047058701515,0.012271846644580364,-0.5620510578155518
10.0,22743.0,-0.03466940298676491,0.012271846644580364,-0.558769941329956
10.0,22747.0,-0.03462423011660576,0.012271846644580364,-0.5567601919174194
10.0,22750.0,-0.0345708429813385,0.013805827125906944,-0.8214324116706848
10.0,22755.0,-0.034509241580963135,0.013805827125906944,-0.820137083530426
10.0,22759.0,-0.03439424932003021,0.013805827125906944,-0.8285536170005798
10.0,22763.0,-0.03430800884962082,0.013805827125906944,-0.8447320461273193
10.0,22766.0,-0.03420533984899521,0.012271846644580364,-0.5968096852302551
10.0,22770.0,-0.034053388983011246,0.012271846644580364,-0.6297916769981384
10.0,22774.0,-0.033893223851919174,0.012271846644580364,-0.6544336080551147
10.0,22777.0,-0.03377002105116844,0.012271846644580364,-0.6867153644561768
10.0,22781.0,-0.033613961189985275,0.012271846644580364,-0.717903733253479
10.0,22784.0,-0.03349075838923454,0.012271846644580364,-0.7415897250175476
10.0,22788.0,-0.03332238271832466,0.010737866163253784,-0.5080059170722961
10.0,22792.0,-0.03314578905701637,0.010737866163253784,-0.5374254584312439
10.0,22796.0,-0.03296919912099838,0.010737866163253784,-0.575859010219574
10.0,22800.0,-0.032804928719997406,0.010737866163253784,-0.6089488863945007
10.0,22804.0,-0.03265297785401344,0.010737866163253784,-0.6369026303291321
10.0,22807.0,-0.03250102698802948,0.010737866163253784,-0.6639003753662109
10.0,22811.0,-0.032386038452386856,0.010737866163253784,-0.6913225054740906
10.0,22814.0,-0.03226694092154503,0.010737866163253784,-0.7119399905204773
10.0,22818.0,-0.03206981346011162,0.00920388475060463,-0.47233080863952637
10.0,22822.0,-0.031954824924468994,0.00920388475060463,-0.49489283561706543
10.0,22825.0,-0.031815193593502045,0.00920388475060463,-0.5195863842964172
10.0,22829.0,-0.03172073885798454,0.00920388475060463,-0.5381025075912476
10.0,22832.0,-0.031609855592250824,0.00920388475060463,-0.5482223033905029
10.0,22836.0,-0.03153182566165924,0.00920388475060463,-0.5591025352478027
10.0,22840.0,-0.03143737092614174,0.00920388475060463,-0.564713716506958
10.0,22843.0,-0.03135523572564125,0.00920388475060463,-0.5684216022491455
10.0,22847.0,-0.03129773959517479,0.010737866163253784,-0.8367176055908203
10.0,22851.0,-0.031227925792336464,0.010737866163253784,-0.8284404277801514
10.0,22854.0,-0.031154004856944084,0.010737866163253784,-0.8255929350852966
10.0,22858.0,-0.031071867793798447,0.010737866163253784,-0.8237598538398743
10.0,22862.0,-0.031006159260869026,0.010737866163253784,-0.8247469067573547
10.0,22866.0,-0.03090759739279747,0.010737866163253784,-0.8275154232978821
10.0,22870.0,-0.030809035524725914,0.010737866163253784,-0.8311513662338257
10.0,22873.0,-0.03072279319167137,0.010737866163253784,-0.8400752544403076
10.0,22876.0,-0.03059958852827549,0.010737866163253784,-0.849290668964386
10.0,22881.0,-0.03045995905995369,0.010737866163253784,-0.8704248666763306
10.0,22886.0,-0.030262833461165428,0.010737866163253784,-0.892885148525238
10.0,22890.0,-0.030094455927610397,0.010737866163253784,-0.9172922968864441
10.0,22893.0,-0.029963038861751556,0.010737866163253784,-0.943580150604248
10.0,22906.0,-0.029338808730244637,0.010737866163253784,-1.0332868099212646
10.0,22910.0,-0.029121149331331253,0.00920388475060463,-0.8006896376609802
10.0,22913.0,-0.028944559395313263,0.00920388475060463,-0.8481034636497498
10.0,22917.0,-0.028694044798612595,0.00920388475060463,-0.8992388844490051
10.0,22921.0,-0.02843942493200302,0.00920388475060463,-0.9357760548591614
10.0,22924.0,-0.028246406465768814,0.00920388475060463,-0.9852782487869263
10.0,22928.0,-0.027979465201497078,0.0076699042692780495,-0.7732239961624146
10.0,22932.0,-0.027700206264853477,0.0076699042692780495,-0.8173769116401672
10.0,22936.0,-0.027420945465564728,0.0076699042692780495,-0.8744823932647705
10.0,22941.0,-0.027071869000792503,0.006135923322290182,-0.6792243719100952
10.0,22944.0,-0.026792608201503754,0.006135923322290182,-0.7379167079925537
10.0,22948.0,-0.026521559804677963,0.006135923322290182,-0.7919294834136963
10.0,22952.0,-0.02632443606853485,0.004601942375302315,-0.5607805848121643
10.0,22955.0,-0.02613552287220955,0.004601942375302315,-0.6110738515853882
10.0,22959.0,-0.025827515870332718,0.004601942375302315,-0.6583266258239746
10.0,22962.0,-0.025646816939115524,0.004601942375302315,-0.6913741230964661
10.0,22966.0,-0.025478439405560493,0.004601942375302315,-0.7278934717178345
10.0,22970.0,-0.02526899427175522,0.004601942375302315,-0.7511560320854187
10.0,22973.0,-0.025117043405771255,0.004601942375302315,-0.7790464162826538
10.0,22977.0,-0.02491581067442894,0.004601942375302315,-0.7997098565101624
10.0,22980.0,-0.02471047267317772,0.004601942375302315,-0.8274059891700745
10.0,22984.0,-0.024554414674639702,0.003067961661145091,-0.5903401374816895
10.0,22988.0,-0.02434907667338848,0.003067961661145091,-0.6149991154670715
10.0,22992.0,-0.02415195107460022,0.003067961661145091,-0.6503239870071411
10.0,22996.0,-0.023958932608366013,0.003067961661145091,-0.6748708486557007
10.0,23000.0,-0.02377823367714882,0.003067961661145091,-0.6907802820205688
10.0,23003.0,-0.023650923743844032,0.003067961661145091,-0.7074102759361267
10.0,23007.0,-0.02349076047539711,0.003067961661145091,-0.7195321321487427
10.0,23010.0,-0.023338809609413147,0.003067961661145091,-0.7277740240097046
10.0,23014.0,-0.023223819211125374,0.003067961661145091,-0.7394223213195801
10.0,23018.0,-0.02306365594267845,0.003067961661145091,-0.752092182636261
10.0,23022.0,-0.022899383679032326,0.003067961661145091,-0.7623776793479919
10.0,23025.0,-0.02277207374572754,0.003067961661145091,-0.778455376625061
10.0,23029.0,-0.0225954819470644,0.004601942375302315,-1.0562727451324463
10.0,23032.0,-0.02246406488120556,0.004601942375302315,-1.0683221817016602
10.0,23035.0,-0.022258726879954338,0.004601942375302315,-1.0838736295700073
10.0,23039.0,-0.022090349346399307,0.003067961661145091,-0.8444914221763611
10.0,23043.0,-0.021848049014806747,0.003067961661145091,-0.8729890584945679
10.0,23047.0,-0.02158932201564312,0.003067961661145091,-0.9139010310173035
10.0,23051.0,-0.021334702149033546,0.003067961661145091,-0.9521819949150085
10.0,23055.0,-0.02106776088476181,0.003067961661145091,-0.9932429790496826
10.0,23059.0,-0.020784394815564156,0.0015339808305725455,-0.7714191675186157
10.0,23062.0,-0.020566735416650772,0.0015339808305725455,-0.8250516057014465
10.0,23067.0,-0.020197125151753426,0.0015339808305725455,-0.8868692517280579
10.0,23071.0,-0.019917864352464676,0.0015339808305725455,-0.9313220381736755
10.0,23074.0,-0.0197084192186594,0.0,-0.6996768116950989
10.0,23078.0,-0.01942915841937065,0.0,-0.7461854815483093
10.0,23081.0,-0.019162217155098915,0.0,-0.7770476937294006
10.0,23085.0,-0.01896098628640175,0.0,-0.818353533744812
10.0,23089.0,-0.01871047168970108,0.0,-0.8434378504753113
10.0,23101.0,-0.01799178682267666,-0.0015339808305725455,-0.6734350919723511
10.0,23105.0,-0.017774127423763275,-0.0015339808305725455,-0.6995620727539062
10.0,23109.0,-0.017568789422512054,-0.0015339808305725455,-0.7208971381187439
10.0,23112.0,-0.017420943826436996,-0.0015339808305725455,-0.7376033663749695
10.0,23116.0,-0.017232032492756844,-0.0015339808305725455,-0.7495174407958984
10.0,23120.0,-0.0170513354241848,-0.0015339808305725455,-0.7614746689796448
10.0,23123.0,-0.016919918358325958,-0.0015339808305725455,-0.7718291878700256
10.0,23126.0,-0.01673511229455471,-0.0015339808305725455,-0.7818121910095215
10.0,23130.0,-0.016554415225982666,-0.0015339808305725455,-0.7930562496185303
10.0,23134.0,-0.016422998160123825,-0.0015339808305725455,-0.804057240486145
10.0,23138.0,-0.016238192096352577,-0.0015339808305725455,-0.8148114681243896
10.0,23141.0,-0.016098562628030777,-0.0015339808305725455,-0.8240609169006348
10.0,23145.0,-0.01591375842690468,-0.0015339808305725455,-0.83317631483078
10.0,23149.0,-0.01572073996067047,-0.0015339808305725455,-0.8473101258277893
10.0,23152.0,-0.015577002428472042,-0.0015339808305725455,-0.8611028790473938
10.0,23156.0,-0.015375769697129726,-0.0015339808305725455,-0.8735767006874084
10.0,23159.0,-0.01517864502966404,-0.0015339808305725455,-0.8880505561828613
10.0,23163.0,-0.01503490749746561,-0.0015339808305725455,-0.9008321762084961
10.0,23167.0,-0.01483367569744587,-0.0015339808305725455,-0.9125961661338806
10.0,23170.0,-0.014677617698907852,-0.0015339808305725455,-0.9301697611808777
10.0,23174.0,-0.014464065432548523,-0.0015339808305725455,-0.9440429210662842
10.0,23177.0,-0.014299795031547546,-0.0015339808305725455,-0.9634324312210083
10.0,23181.0,-0.014086242765188217,-0.0015339808305725455,-0.9809863567352295
10.0,23184.0,-0.013921971432864666,-0.0015339808305725455,-0.9951982498168945
10.0,23188.0,-0.013696098700165749,-0.0015339808305725455,-1.0186320543289185
10.0,23193.0,-0.013392196968197823,-0.0015339808305725455,-0.7822200059890747
10.0,23197.0,-0.013071868568658829,-0.003067961661145091,-0.8272905945777893
10.0,23201.0,-0.012874742969870567,-0.003067961661145091,-0.8542811274528503
10.0,23205.0,-0.012620123103260994,-0.003067961661145091,-0.8779557347297668
10.0,23209.0,-0.0123696094378829,-0.003067961661145091,-0.9082465171813965
10.0,23212.0,-0.012184805236756802,-0.003067961661145091,-0.9349341988563538
10.0,23215.0,-0.012004107236862183,-0.004601942375302315,-0.6883710026741028
10.0,23219.0,-0.0117412731051445,-0.004601942375302315,-0.7277452349662781
10.0,23222.0,-0.01154004130512476,-0.004601942375302315,-0.7554371953010559
10.0,23225.0,-0.011289527639746666,-0.004601942375302315,-0.7784497737884521
10.0,23230.0,-0.011039013974368572,-0.004601942375302315,-0.8096668720245361
10.0,23233.0,-0.010854209773242474,-0.004601942375302315,-0.8386009931564331
10.0,23236.0,-0.010677617974579334,-0.006135923322290182,-0.5901525020599365
10.0,23240.0,-0.010377823375165462,-0.006135923322290182,-0.6210076212882996
10.0,23244.0,-0.010209445841610432,-0.006135923322290182,-0.6401572823524475
10.0,23248.0,-0.009995893575251102,-0.006135923322290182,-0.6667463183403015
10.0,23251.0,-0.009835729375481606,-0.006135923322290182,-0.6809005737304688
10.0,23254.0,-0.0095975361764431,-0.006135923322290182,-0.6930966377258301
10.0,23261.0,-0.009363450109958649,-0.006135923322290182,-0.7073107361793518
10.0,23264.0,-0.009240246377885342,-0.006135923322290182,-0.7109441161155701
10.0,23268.0,-0.00907597504556179,-0.006135923322290182,-0.714622437953949
10.0,23271.0,-0.008915810845792294,-0.006135923322290182,-0.71607905626297
10.0,23275.0,-0.00880492851138115,-0.006135923322290182,-0.7131765484809875
10.0,23279.0,-0.008665298111736774,-0.006135923322290182,-0.7108609080314636
10.0,23282.0,-0.00856262817978859,-0.006135923322290182,-0.7057879567146301
10.0,23295.0,-0.008164270780980587,-0.004601942375302315,-0.946641206741333
10.0,23299.0,-0.008041067980229855,-0.004601942375302315,-0.933373749256134
10.0,23302.0,-0.007942505180835724,-0.004601942375302315,-0.9248222708702087
10.0,23305.0,-0.007798768114298582,-0.004601942375302315,-0.9203912019729614
10.0,23309.0,-0.007646817248314619,-0.004601942375302315,-0.9179396033287048
10.0,23313.0,-0.007523613981902599,-0.004601942375302315,-0.9197646975517273
10.0,23316.0,-0.007355235982686281,-0.004601942375302315,-0.92254239320755
10.0,23320.0,-0.007219712715595961,-0.004601942375302315,-0.9298715591430664
10.0,23323.0,-0.0070266942493617535,-0.004601942375302315,-0.9393458962440491
10.0,23327.0,-0.006878850050270557,-0.004601942375302315,-0.9486693143844604
10.0,23331.0,-0.006677618250250816,-0.004601942375302315,-0.9665589332580566
10.0,23334.0,-0.006521560717374086,-0.004601942375302315,-0.9781153798103333
10.0,23338.0,-0.006303901318460703,-0.006135923322290182,-0.7351275086402893
10.0,23341.0,-0.006069815251976252,-0.006135923322290182,-0.7558638453483582
10.0,23345.0,-0.0058932239189744,-0.006135923322290182,-0.7774562835693359
10.0,23349.0,-0.005663244519382715,-0.006135923322290182,-0.8037295341491699
10.0,23352.0,-0.005498973187059164,-0.006135923322290182,-0.8265900015830994
10.0,23356.0,-0.005273100454360247,-0.0076699042692780495,-0.5755336284637451
10.0,23359.0,-0.005039014387875795,-0.0076699042692780495,-0.6072823405265808
10.0,23363.0,-0.004870636388659477,-0.0076699042692780495,-0.6340407729148865
10.0,23366.0,-0.004714578855782747,-0.0076699042692780495,-0.6502493619918823
10.0,23370.0,-0.004517453722655773,-0.0076699042692780495,-0.6664223074913025
10.0,23374.0,-0.004332649055868387,-0.0076699042692780495,-0.6752534508705139
10.0,23379.0,-0.00410677632316947,-0.0076699042692780495,-0.6896680593490601
10.0,23383.0,-0.0039055440574884415,-0.0076699042692780495,-0.6957114934921265
10.0,23387.0,-0.0037905543576925993,-0.0076699042692780495,-0.6974595785140991
10.0,23390.0,-0.00363860372453928,-0.0076699042692780495,-0.6994210481643677
10.0,23394.0,-0.0035318275913596153,-0.0076699042692780495,-0.6974680423736572
10.0,23398.0,-0.003400410758331418,-0.0076699042692780495,-0.6917523145675659
10.0,23401.0,-0.003310061525553465,-0.0076699042692780495,-0.6860356330871582
10.0,23404.0,-0.0031991787254810333,-0.0076699042692780495,-0.6778954267501831
10.0,23408.0,-0.0031252566259354353,-0.0076699042692780495,-0.6626090407371521
10.0,23412.0,-0.0030390142928808928,-0.0076699042692780495,-0.6499367356300354
10.0,23415.0,-0.0029815195593982935,-0.0076699042692780495,-0.6292487978935242
10.0,23419.0,-0.002915811026468873,-0.0076699042692780495,-0.6068006157875061
10.0,23423.0,-0.0028583162929862738,-0.006135923322290182,-0.8548327088356018
10.0,23426.0,-0.0028254620265215635,-0.006135923322290182,-0.8214737176895142
10.0,23430.0,-0.002776180626824498,-0.006135923322290182,-0.792178750038147
10.0,23434.0,-0.0027145789936184883,-0.006135923322290182,-0.7726852893829346
10.0,23437.0,-0.002640657126903534,-0.006135923322290182,-0.752117395401001
10.0,23442.0,-0.0025585214607417583,-0.006135923322290182,-0.7351202368736267
10.0,23447.0,-0.0024476386606693268,-0.004601942375302315,-0.977422833442688
10.0,23450.0,-0.002349075861275196,-0.004601942375302315,-0.9655553698539734
10.0,23454.0,-0.002266940427944064,-0.004601942375302315,-0.9543775320053101
10.0,23458.0,-0.0021478438284248114,-0.004601942375302315,-0.9477766156196594
10.0,23461.0,-0.0020492812618613243,-0.004601942375302315,-0.9464544057846069
10.0,23464.0,-0.0019425051286816597,-0.004601942375302315,-0.9452515840530396
10.0,23468.0,-0.001798767945729196,-0.004601942375302315,-0.9487670660018921
10.0,23472.0,-0.0016303901793435216,-0.004601942375302315,-0.9557956457138062
10.0,23475.0,-0.0014989733463153243,-0.006135923322290182,-0.7003392577171326
10.0,23489.0,-0.000878850114531815,-0.006135923322290182,-0.7545791268348694
10.0,23492.0,-0.0007145790732465684,-0.006135923322290182,-0.766306459903717
10.0,23496.0,-0.000587268965318799,-0.006135923322290182,-0.7804439663887024
10.0,23500.0,-0.000410677632316947,-0.006135923322290182,-0.7955756783485413
10.0,23503.0,-0.00023408624110743403,-0.0076699042692780495,-0.5394317507743835
10.0,23507.0,-0.00010677618411136791,-0.0076699042692780495,-0.5572130680084229
10.0,23511.0,5.3388092055683956e-05,-0.0076699042692780495,-0.5718242526054382
10.0,23514.0,0.0001642710412852466,-0.0076699042692780495,-0.5781831741333008
10.0,23518.0,0.0002997946576215327,-0.0076699042692780495,-0.5817527770996094
10.0,23521.0,0.0004188911698292941,-0.0076699042692780495,-0.582470715045929
10.0,23525.0,0.0005010266904719174,-0.0076699042692780495,-0.5807525515556335
10.0,23529.0,0.0005995893152430654,-0.0076699042692780495,-0.5750515460968018
10.0,23532.0,0.000665297731757164,-0.0076699042692780495,-0.5656909942626953
10.0,23536.0,0.0007474332815036178,-0.0076699042692780495,-0.5579890012741089
10.0,23540.0,0.0008090349147096276,-0.0076699042692780495,-0.5414595603942871
10.0,23543.0,0.0008501026895828545,-0.0076699042692780495,-0.5229833126068115
10.0,23547.0,0.0008952771895565093,-0.0076699042692780495,-0.5072997808456421
10.0,23550.0,0.0009322381811216474,-0.006135923322290182,-0.7503340840339661
10.0,23554.0,0.0009568788227625191,-0.006135923322290182,-0.7216461896896362
10.0,23558.0,0.0009938398143276572,-0.006135923322290182,-0.6968158483505249
10.0,23561.0,0.0010308008641004562,-0.006135923322290182,-0.6808761358261108
10.0,23564.0,0.0010965092806145549,-0.006135923322290182,-0.6581170558929443
10.0,23570.0,0.0011581109138205647,-0.006135923322290182,-0.6461000442504883
10.0,23573.0,0.0012032854137942195,-0.006135923322290182,-0.6311516761779785
10.0,23576.0,0.0012689938303083181,-0.006135923322290182,-0.6213899850845337
10.0,23580.0,0.001310061546973884,-0.004601942375302315,-0.8716275095939636
10.0,23583.0,0.001367556513287127,-0.004601942375302315,-0.8555541038513184
10.0,23587.0,0.0014209445798769593,-0.004601942375302315,-0.8440378308296204
10.0,23590.0,0.0014948665630072355,-0.004601942375302315,-0.830177366733551
10.0,23594.0,0.0015564681962132454,-0.004601942375302315,-0.8222315311431885
10.0,23597.0,0.001642710529267788,-0.004601942375302315,-0.8134023547172546
10.0,23601.0,0.0017084189457818866,-0.004601942375302315,-0.8063706159591675
10.0,23604.0,0.0017782340291887522,-0.004601942375302315,-0.8006718754768372
10.0,23608.0,0.0018932238453999162,-0.004601942375302315,-0.7956531643867493
10.0,23612.0,0.0019671458285301924,-0.004601942375302315,-0.7931079268455505
10.0,23615.0,0.0020657083950936794,-0.004601942375302315,-0.7899381518363953
10.0,23620.0,0.0021642709616571665,-0.004601942375302315,-0.7870151400566101
10.0,23623.0,0.002234086161479354,-0.004601942375302315,-0.7829863429069519
10.0,23626.0,0.0023326489608734846,-0.004601942375302315,-0.7811582088470459
10.0,23630.0,0.002402464160695672,-0.004601942375302315,-0.7762379050254822
10.0,23633.0,0.0024928131606429815,-0.004601942375302315,-0.7734209299087524
10.0,23637.0,0.002583162160590291,-0.004601942375302315,-0.7690168619155884
10.0,23641.0,0.002644763793796301,-0.006135923322290182,-0.4969671368598938
10.0,23644.0,0.002718685893341899,-0.004601942375302315,-0.7606043219566345
10.0,23648.0,0.002776180626824498,-0.004601942375302315,-0.7462800145149231
10.0,23652.0,0.002817248459905386,-0.004601942375302315,-0.7312498688697815
10.0,23656.0,0.0028706365264952183,-0.004601942375302315,-0.7207402586936951
10.0,23660.0,0.002928131492808461,-0.004601942375302315,-0.7081800699234009
10.0,23663.0,0.002973305992782116,-0.004601942375302315,-0.6961756348609924
10.0,23666.0,0.0030143738258630037,-0.004601942375302315,-0.6882126331329346
10.0,23679.0,0.0032320327591151,-0.004601942375302315,-0.6637309789657593
10.0,23683.0,0.0032977412920445204,-0.004601942375302315,-0.658325731754303
10.0,23686.0,0.003363449592143297,-0.004601942375302315,-0.6514408588409424
10.0,23690.0,0.0034127309918403625,-0.004601942375302315,-0.6417747735977173
10.0,23696.0,0.0035236140247434378,-0.004601942375302315,-0.634395956993103
10.0,23700.0,0.0035687885247170925,-0.004601942375302315,-0.6273990273475647
10.0,23704.0,0.0036262832581996918,-0.004601942375302315,-0.618094801902771
10.0,23708.0,0.003675564657896757,-0.004601942375302315,-0.6078832745552063
10.0,23711.0,0.0037084189243614674,-0.004601942375302315,-0.5992008447647095
10.0,23715.0,0.003753593424335122,-0.004601942375302315,-0.5908088684082031
10.0,23719.0,0.00379466125741601,-0.004601942375302315,-0.5791611075401306
10.0,23722.0,0.0038234086241573095,-0.004601942375302315,-0.5666834712028503
10.0,23725.0,0.003848049324005842,-0.004601942375302315,-0.5566697120666504
10.0,23729.0,0.003876796690747142,-0.004601942375302315,-0.5424749255180359
10.0,23732.0,0.0039014373905956745,-0.004601942375302315,-0.5318796634674072
10.0,23738.0,0.003934291657060385,-0.004601942375302315,-0.5077068209648132
10.0,23742.0,0.003946612123399973,-0.003067961661145091,-0.7541059851646423
10.0,23746.0,0.00395071879029274,-0.003067961661145091,-0.7287843227386475
10.0,23750.0,0.003963038790971041,-0.003067961661145091,-0.7134735584259033
10.0,23754.0,0.003979465924203396,-0.003067961661145091,-0.6903457045555115
10.0,23759.0,0.004008213523775339,-0.003067961661145091,-0.6697264909744263
10.0,23762.0,0.004032853990793228,-0.003067961661145091,-0.6575966477394104
10.0,23766.0,0.004049281124025583,-0.003067961661145091,-0.6415538191795349
10.0,23770.0,0.004065708257257938,-0.003067961661145091,-0.628945529460907
10.0,23774.0,0.0040821353904902935,-0.003067961661145091,-0.6127368807792664
10.0,23777.0,0.004086242523044348,-0.0015339808305725455,-0.8614425659179688
10.0,23781.0,0.004094455856829882,-0.0015339808305725455,-0.8366405963897705
10.0,23784.0,0.004098562523722649,-0.0015339808305725455,-0.8203632831573486
10.0,23788.0,0.004119096323847771,-0.0015339808305725455,-0.8025392293930054
10.0,23791.0,0.00413963058963418,-0.0015339808305725455,-0.7900057435035706
10.0,23795.0,0.004160164389759302,-0.0015339808305725455,-0.7792052030563354
10.0,23799.0,0.004184804856777191,-0.0015339808305725455,-0.7644274830818176
10.0,23802.0,0.004205338656902313,-0.0015339808305725455,-0.7516102194786072
10.0,23806.0,0.0042340862564742565,-0.0015339808305725455,-0.7420156598091125
10.0,23810.0,0.0042587267234921455,-0.0015339808305725455,-0.7287946939468384
10.0,23813.0,0.004279260989278555,-0.0015339808305725455,-0.7174726724624634
10.0,23816.0,0.004303901456296444,-0.0015339808305725455,-0.7076268792152405
10.0,23820.0,0.004316221922636032,-0.0015339808305725455,-0.6931977272033691
10.0,23824.0,0.004332649055868387,-0.0015339808305725455,-0.6827667355537415
10.0,23828.0,0.004340862389653921,-0.0015339808305725455,-0.6620798707008362
10.0,23831.0,0.004344969056546688,-0.0015339808305725455,-0.6499013304710388
10.0,23834.0,0.004344969056546688,-0.0015339808305725455,-0.6367603540420532
10.0,23838.0,0.004344969056546688,0.0,-0.8867613673210144
10.0,23842.0,0.004344969056546688,0.0,-0.8700093030929565
10.0,23845.0,0.004349076189100742,0.0,-0.8497799634933472
10.0,23849.0,0.004361396189779043,0.0,-0.8330194354057312
10.0,23853.0,0.004373716656118631,0.0,-0.8182947039604187
10.0,23856.0,0.004394250456243753,0.0,-0.8089805245399475
10.0,23860.0,0.0044147842563688755,0.0,-0.7965948581695557
10.0,23864.0,0.004431211389601231,0.0,-0.7879658341407776
10.0,23876.0,0.004505133256316185,0.0,-0.7571154236793518
10.0,23881.0,0.004537987522780895,0.0,-0.7482871413230896
10.0,23885.0,0.0045626284554600716,0.0,-0.7371081709861755
10.0,23889.0,0.004587268922477961,0.0,-0.7291207313537598
10.0,23892.0,0.004611909855157137,0.0,-0.7240415215492249
10.0,23896.0,0.004632443655282259,0.0,-0.7166332602500916
10.0,23900.0,0.004661190789192915,0.0,-0.7108831405639648
10.0,23903.0,0.004681725054979324,0.0,-0.7091224193572998
10.0,23907.0,0.0047186859883368015,0.0,-0.7064580321311951
10.0,23911.0,0.004759753588587046,0.0,-0.7052798867225647
10.0,23914.0,0.004796714521944523,0.0,-0.7064685225486755
10.0,23918.0,0.004850102588534355,0.0,-0.7093990445137024
10.0,23922.0,0.004907597322016954,0.0,-0.7132534980773926
10.0,23925.0,0.004952772054821253,0.0,-0.7200754284858704
10.0,23930.0,0.005039014387875795,0.0,-0.7266895174980164
10.0,23933.0,0.005096509121358395,0.0,-0.7357902526855469
10.0,23936.0,0.005149897187948227,0.0,-0.7431233525276184
10.0,23941.0,0.005244353320449591,0.0,-0.7532132863998413
10.0,23944.0,0.0053347023203969,0.0,-0.7615559697151184
10.0,23950.0,0.0054127308540046215,-0.0015339808305725455,-0.5040960907936096
10.0,23953.0,0.005470226053148508,-0.0015339808305725455,-0.5179305672645569
10.0,23957.0,0.005535934120416641,-0.0015339808305725455,-0.5259961485862732
10.0,23961.0,0.005585215520113707,-0.0015339808305725455,-0.5311067700386047
10.0,23964.0,0.005618069786578417,-0.0015339808305725455,-0.533396303653717
10.0,23968.0,0.005650924053043127,-0.0015339808305725455,-0.5329900979995728
10.0,23971.0,0.00567967165261507,-0.0015339808305725455,-0.5340697169303894
10.0,23974.0,0.005708418786525726,-0.0015339808305725455,-0.5324734449386597
10.0,23978.0,0.00573716638609767,-0.0015339808305725455,-0.5308771133422852
10.0,23982.0,0.005757700186222792,-0.0015339808305725455,-0.5294296145439148
10.0,23985.0,0.005782340653240681,-0.0015339808305725455,-0.5266937017440796
10.0,23990.0,0.005806981585919857,-0.0015339808305725455,-0.5240903496742249
10.0,23993.0,0.005823408719152212,-0.0015339808305725455,-0.5202953815460205
10.0,23997.0,0.005839835852384567,-0.0015339808305725455,-0.5153507590293884
10.0,24000.0,0.005856262985616922,-0.0015339808305725455,-0.5117884278297424
10.0,24004.0,0.005864476319402456,-0.0015339808305725455,-0.5058950781822205
10.0,24008.0,0.0058767967857420444,0.0,-0.7686904668807983
10.0,24011.0,0.005885010119527578,0.0,-0.7583826780319214
10.0,24015.0,0.0059014372527599335,0.0,-0.7486908435821533
10.0,24019.0,0.00592607818543911,0.0,-0.7420938611030579
10.0,24023.0,0.005950718652456999,0.0,-0.7398105263710022
10.0,24026.0,0.005987679585814476,0.0,-0.7398441433906555
10.0,24031.0,0.0060492814518511295,0.0,-0.7430819272994995
10.0,24034.0,0.006094455718994141,-0.0015339808305725455,-0.4804912209510803
10.0,24038.0,0.006156057585030794,-0.0015339808305725455,-0.49359816312789917
10.0,24042.0,0.006221766117960215,-0.0015339808305725455,-0.503576934337616
10.0,24045.0,0.0062546199187636375,-0.0015339808305725455,-0.5074955821037292
10.0,24049.0,0.006295687984675169,-0.0015339808305725455,-0.5089912414550781
10.0,24052.0,0.006316221784800291,-0.0015339808305725455,-0.507434606552124
10.0,24056.0,0.006324435118585825,-0.0015339808305725455,-0.5032572150230408
10.0,24059.0,0.006332648918032646,-0.0015339808305725455,-0.4970110058784485
10.0,24072.0,0.006332648918032646,0.0,-0.732570469379425
10.0,24076.0,0.006336755584925413,0.0,-0.7205446362495422
10.0,24080.0,0.006344969384372234,0.0,-0.7135075330734253
10.0,24083.0,0.006357289385050535,0.0,-0.704910397529602
10.0,24087.0,0.006369609851390123,0.0,-0.6997215151786804
10.0,24090.0,0.0063860369846224785,0.0,-0.6930659413337708
10.0,24094.0,0.006398357450962067,0.0,-0.6882650256156921
10.0,24097.0,0.006414784584194422,0.0,-0.6821089386940002
10.0,24101.0,0.006427104584872723,0.0,-0.6762229800224304
10.0,24104.0,0.006447638384997845,0.0,-0.6733343005180359
10.0,24108.0,0.006459958851337433,0.0,-0.6665042638778687
10.0,24112.0,0.006472279317677021,0.0,-0.6625855565071106
10.0,24115.0,0.006488706450909376,0.0,-0.657565176486969
10.0,24119.0,0.00649691978469491,0.0,-0.6514515280723572
10.0,24122.0,0.006505133584141731,0.0,-0.6467023491859436
10.0,24125.0,0.006517453584820032,0.0,-0.6420940160751343
10.0,24130.0,0.006525667384266853,0.0,-0.6352767944335938
10.0,24134.0,0.0065420945174992085,0.0,-0.6291679739952087
10.0,24138.0,0.006550307851284742,0.0,-0.6229192018508911
10.0,24142.0,0.006558521650731564,0.0,-0.6190781593322754
10.0,24145.0,0.0065626283176243305,0.0,-0.6132848262786865
10.0,24149.0,0.006570842117071152,0.0,-0.606382429599762
10.0,24152.0,0.006574948783963919,0.0,-0.6017241477966309
10.0,24156.0,0.006579055450856686,0.0,-0.5972002744674683
10.0,24160.0,0.006583162117749453,0.0,-0.5909416675567627
10.0,24163.0,0.0065872687846422195,0.0,-0.5862977504730225
10.0,24166.0,0.006591375917196274,0.0,-0.5809323787689209
10.0,24170.0,0.006595482584089041,0.0,-0.5753632187843323
10.0,24173.0,0.006599589250981808,0.0015339808305725455,-0.8370859026908875
10.0,24177.0,0.006599589250981808,0.0015339808305725455,-0.824649453163147
10.0,24181.0,0.006607803050428629,0.0015339808305725455,-0.8183238506317139
10.0,24184.0,0.006624230183660984,0.0015339808305725455,-0.8133167624473572
10.0,24188.0,0.006648870650678873,0.0015339808305725455,-0.8112378716468811
10.0,24200.0,0.006780287250876427,0.0,-0.5517553687095642
10.0,24203.0,0.006825461983680725,0.0,-0.5663712620735168
10.0,24206.0,0.006891170516610146,0.0,-0.5780019164085388
10.0,24210.0,0.00693223811686039,0.0,-0.589033842086792
10.0,24214.0,0.006985626183450222,0.0,-0.5974099040031433
10.0,24217.0,0.007018480449914932,0.0,-0.6037891507148743
10.0,24221.0,0.0070554413832724094,0.0,-0.6086441278457642
10.0,24224.0,0.007084188982844353,0.0,-0.6125224232673645
10.0,24228.0,0.007117043249309063,0.0,-0.6157968044281006
10.0,24231.0,0.007137577049434185,0.0,-0.6168562769889832
10.0,24234.0,0.007166324649006128,0.0,-0.617895781993866
10.0,24238.0,0.007190965116024017,0.0,-0.6183828711509705
10.0,24242.0,0.0072032855823636055,0.0,-0.6162275671958923
10.0,24245.0,0.007215605583041906,0.0,-0.6146857142448425
10.0,24249.0,0.0072279260493814945,0.0,-0.6113826632499695
10.0,24253.0,0.007236139848828316,0.0,-0.6073325276374817
10.0,24265.0,0.00724435318261385,0.0,-0.5897332429885864
10.0,24269.0,0.00724435318261385,0.0,-0.5834792852401733
10.0,24272.0,0.00724435318261385,0.0,-0.5774802565574646
10.0,24275.0,0.007248459849506617,0.0,-0.5744852423667908
10.0,24279.0,0.007248459849506617,0.0,-0.568860650062561
10.0,24282.0,0.007248459849506617,0.0,-0.5647937655448914
10.0,24286.0,0.007248459849506617,0.0,-0.5608524680137634
10.0,24290.0,0.007248459849506617,0.0,-0.5557864904403687
10.0,24293.0,0.007248459849506617,0.0,-0.5509287118911743
10.0,24296.0,0.007248459849506617,0.0015339808305725455,-0.8158636689186096
10.0,24300.0,0.007248459849506617,0.0015339808305725455,-0.8053061366081238
10.0,24304.0,0.0072525665163993835,0.0015339808305725455,-0.7965161204338074
10.0,24308.0,0.007264886982738972,0.0015339808305725455,-0.79073566198349
10.0,24311.0,0.00727720744907856,0.0015339808305725455,-0.7875868678092957
10.0,24315.0,0.007289527915418148,0.0015339808305725455,-0.7845476269721985
10.0,24319.0,0.00731006171554327,0.0015339808305725455,-0.7820155024528503
10.0,24322.0,0.007322381716221571,0.0015339808305725455,-0.7782613635063171
10.0,24326.0,0.00734291598200798,0.0015339808305725455,-0.7768928408622742
10.0,24330.0,0.007367556449025869,0.0015339808305725455,-0.7760816216468811
10.0,24333.0,0.0073839835822582245,0.0015339808305725455,-0.7753530740737915
10.0,24336.0,0.0074045173823833466,0.0015339808305725455,-0.7755165100097656
10.0,24340.0,0.00743326498195529,0.0015339808305725455,-0.7762109637260437
10.0,24343.0,0.00746611924842,0.0015339808305725455,-0.777736246585846
10.0,24346.0,0.007494866382330656,0.0,-0.5121521353721619
10.0,24350.0,0.0075359344482421875,0.0,-0.5228174924850464
10.0,24354.0,0.007568788714706898,0.0,-0.5330967307090759
10.0,24357.0,0.007593429181724787,0.0,-0.5385727286338806
10.0,24361.0,0.00762217678129673,0.0,-0.5429908633232117
10.0,24365.0,0.007642710581421852,0.0,-0.5455317497253418
10.0,24369.0,0.007659137714654207,0.0,-0.547067403793335
10.0,24372.0,0.007671457715332508,0.0,-0.5485714673995972
10.0,24375.0,0.007679671514779329,0.0,-0.5469934940338135
10.0,24380.0,0.007687884848564863,0.0,-0.5449061393737793
10.0,24383.0,0.0076919919811189175,0.0,-0.5434621572494507
10.0,24388.0,0.0076919919811189175,0.0,-0.5389514565467834
10.0,24392.0,0.007696098648011684,0.0,-0.5376894474029541
10.0,24395.0,0.007696098648011684,0.0015339808305725455,-0.8027589321136475
10.0,24399.0,0.007696098648011684,0.0015339808305725455,-0.7934794425964355
10.0,24402.0,0.007700205314904451,0.0015339808305725455,-0.788109540939331
10.0,24406.0,0.007708419114351273,0.0015339808305725455,-0.7834452390670776
10.0,24410.0,0.007728952914476395,0.0015339808305725455,-0.7824293971061707
10.0,24413.0,0.00774538004770875,0.0015339808305725455,-0.7820685505867004
10.0,24416.0,0.007765913847833872,0.0015339808305725455,-0.7824984788894653
10.0,24420.0,0.007794660981744528,0.0015339808305725455,-0.7835124731063843
10.0,24424.0,0.007827515713870525,0.0015339808305725455,-0.7852874994277954
10.0,24427.0,0.007860369980335236,0.0015339808305725455,-0.7876154184341431
10.0,24431.0,0.007893224246799946,0.0015339808305725455,-0.7899006605148315
10.0,24434.0,0.007913758046925068,0.0015339808305725455,-0.7902445793151855
10.0,24438.0,0.007946612313389778,0.0,-0.5240606665611267
10.0,24442.0,0.0079671461135149,0.0,-0.5310090184211731
10.0,24455.0,0.007987679913640022,0.0015339808305725455,-0.7955334782600403
10.0,24459.0,0.007987679913640022,0.0015339808305725455,-0.784957230091095
10.0,24462.0,0.007991786114871502,0.0015339808305725455,-0.7801995873451233
10.0,24466.0,0.00800000037997961,0.0015339808305725455,-0.7749850153923035
10.0,24470.0,0.00800410658121109,0.0015339808305725455,-0.7705473303794861
10.0,24473.0,0.008008213713765144,0.0015339808305725455,-0.7644015550613403
10.0,24477.0,0.008012319914996624,0.0015339808305725455,-0.7602981328964233
10.0,24480.0,0.008016427047550678,0.0015339808305725455,-0.7545827627182007
10.0,24484.0,0.008016427047550678,0.0015339808305725455,-0.7494603395462036
10.0,24487.0,0.008020534180104733,0.0015339808305725455,-0.7441936135292053
10.0,24491.0,0.008020534180104733,0.0015339808305725455,-0.7393960356712341
10.0,24494.0,0.008020534180104733,0.0015339808305725455,-0.7332285642623901
10.0,24498.0,0.008020534180104733,0.0015339808305725455,-0.7273135781288147
10.0,24501.0,0.008020534180104733,0.0015339808305725455,-0.7230370044708252
10.0,24504.0,0.008024640381336212,0.0015339808305725455,-0.7202479243278503
10.0,24508.0,0.008024640381336212,0.0015339808305725455,-0.7148730754852295
10.0,24512.0,0.008024640381336212,0.0015339808305725455,-0.7109876871109009
10.0,24515.0,0.008024640381336212,0.0015339808305725455,-0.7059943675994873
10.0,24519.0,0.008024640381336212,0.0015339808305725455,-0.7023851871490479
10.0,24522.0,0.008024640381336212,0.0015339808305725455,-0.6977474689483643
10.0,24526.0,0.008024640381336212,0.0015339808305725455,-0.6943957805633545
10.0,24530.0,0.008024640381336212,0.0015339808305725455,-0.6900894045829773
10.0,24533.0,0.008024640381336212,0.0015339808305725455,-0.6859622597694397
10.0,24536.0,0.008024640381336212,0.0015339808305725455,-0.6829802393913269
10.0,24540.0,0.008024640381336212,0.0015339808305725455,-0.6800920963287354
10.0,24543.0,0.008024640381336212,0.003067961661145091,-0.941776692867279
10.0,24546.0,0.008024640381336212,0.003067961661145091,-0.9346315860748291
10.0,24550.0,0.008028747513890266,0.003067961661145091,-0.9281284809112549
10.0,24554.0,0.008041067980229855,0.003067961661145091,-0.9241068959236145
10.0,24557.0,0.008053388446569443,0.003067961661145091,-0.9207163453102112
10.0,24561.0,0.00806981511414051,0.003067961661145091,-0.9188441038131714
10.0,24564.0,0.008086242713034153,0.003067961661145091,-0.9178456664085388
10.0,24569.0,0.008123203180730343,0.003067961661145091,-0.9180339574813843
10.0,24573.0,0.008151950314640999,0.003067961661145091,-0.9203733205795288
10.0,24576.0,0.008188911713659763,0.003067961661145091,-0.9234304428100586
10.0,24580.0,0.008221765980124474,0.0015339808305725455,-0.6642717123031616
10.0,24584.0,0.008271046914160252,0.0015339808305725455,-0.6742966771125793
10.0,24588.0,0.00831211544573307,0.0015339808305725455,-0.686441957950592
10.0,24591.0,0.008344968780875206,0.0015339808305725455,-0.6918728947639465
10.0,24595.0,0.008369609713554382,0.0015339808305725455,-0.6971709728240967
10.0,24598.0,0.008398356847465038,0.0015339808305725455,-0.7027035355567932
10.0,24602.0,0.008418891578912735,0.0015339808305725455,-0.7080753445625305
10.0,24605.0,0.008451745845377445,0.0015339808305725455,-0.7129877805709839
10.0,24609.0,0.008488706313073635,0.0015339808305725455,-0.7206855416297913
10.0,24613.0,0.008521560579538345,0.0015339808305725455,-0.7308090925216675
10.0,24616.0,0.008570841513574123,0.0015339808305725455,-0.739193320274353
10.0,24620.0,0.008611910045146942,0.0015339808305725455,-0.7527338266372681
10.0,24623.0,0.008673511445522308,0.0015339808305725455,-0.763265073299408
10.0,24627.0,0.008722792379558086,0.0015339808305725455,-0.7786609530448914
10.0,24631.0,0.008788500912487507,0.0015339808305725455,-0.7935401201248169
10.0,24643.0,0.008997946977615356,0.0,-0.5796595811843872
10.0,24647.0,0.009051335044205189,0.0,-0.5928744077682495
10.0,24651.0,0.009088295511901379,0.0,-0.5984602570533752
10.0,24655.0,0.0091088293120265,0.0,-0.6016780138015747
10.0,24659.0,0.00911704357713461,0.0,-0.6007879972457886
10.0,24662.0,0.009121149778366089,0.0,-0.5986225008964539
10.0,24665.0,0.009121149778366089,0.0,-0.596062421798706
10.0,24669.0,0.009121149778366089,0.0,-0.592776358127594
10.0,24672.0,0.009121149778366089,0.0,-0.5904041528701782
10.0,24675.0,0.009121149778366089,0.0,-0.588108479976654
10.0,24679.0,0.009121149778366089,0.0015339808305725455,-0.8505567908287048
10.0,24683.0,0.009125256910920143,0.0015339808305725455,-0.843169093132019
10.0,24686.0,0.009129363112151623,0.0015339808305725455,-0.8381642699241638
10.0,24690.0,0.009137577377259731,0.0015339808305725455,-0.8339553475379944
10.0,24695.0,0.009158111177384853,0.0015339808305725455,-0.8312689065933228
10.0,24701.0,0.009190965443849564,0.0015339808305725455,-0.8282236456871033
10.0,24705.0,0.009207392111420631,0.0015339808305725455,-0.8277761936187744
10.0,24709.0,0.009232033044099808,0.0015339808305725455,-0.8281368613243103
10.0,24712.0,0.009256673976778984,0.0015339808305725455,-0.8285117149353027
10.0,24716.0,0.009281313978135586,0.0015339808305725455,-0.8308243751525879
10.0,24720.0,0.009314168244600296,0.0015339808305725455,-0.8338462114334106
10.0,24723.0,0.009347022511065006,0.0015339808305725455,-0.8394613265991211
10.0,24726.0,0.009392197243869305,0.0015339808305725455,-0.8455909490585327
10.0,24730.0,0.009449692443013191,0.0015339808305725455,-0.8562417030334473
10.0,24734.0,0.00949897337704897,0.0015339808305725455,-0.8660025596618652
10.0,24740.0,0.009618069976568222,0.0,-0.6363427042961121
10.0,24744.0,0.009691991843283176,0.0,-0.6507546305656433
10.0,24748.0,0.00976591370999813,0.0,-0.6743834018707275
10.0,24751.0,0.009831622242927551,0.0,-0.6864710450172424
10.0,24755.0,0.00988090317696333,0.0,-0.7021114826202393
10.0,24760.0,0.009958932176232338,0.0,-0.7158838510513306
10.0,24764.0,0.010020533576607704,0.0,-0.732800304889679
10.0,24768.0,0.01007802877575159,0.0,-0.7442402243614197
10.0,24772.0,0.010135523974895477,-0.0015339808305725455,-0.48650285601615906
10.0,24775.0,0.010172484442591667,-0.0015339808305725455,-0.5005689263343811
10.0,24779.0,0.010217659175395966,-0.0015339808305725455,-0.5094456672668457
10.0,24782.0,0.010238192975521088,-0.0015339808305725455,-0.5146947503089905
10.0,24785.0,0.010250513441860676,-0.0015339808305725455,-0.5165175795555115
10.0,24789.0,0.010262833908200264,-0.0015339808305725455,-0.5162060856819153
10.0,24792.0,0.010262833908200264,-0.0015339808305725455,-0.5139897465705872
10.0,24796.0,0.010262833908200264,0.0,-0.7765413522720337
10.0,24800.0,0.010266940109431744,0.0,-0.7713809609413147
10.0,24803.0,0.010275154374539852,0.0,-0.7656543254852295
10.0,24806.0,0.010287473909556866,0.0,-0.763518214225769
10.0,24810.0,0.010299794375896454,0.0,-0.7607970833778381
10.0,24813.0,0.01032443530857563,0.0,-0.761533796787262
10.0,24816.0,0.010344969108700752,0.0,-0.7622620463371277
10.0,24820.0,0.010373716242611408,0.0,-0.7663812637329102
10.0,24823.0,0.010410677641630173,0.0,-0.7697323560714722
10.0,24827.0,0.010447639040648937,0.0,-0.7776627540588379
10.0,24840.0,0.01063655037432909,-0.0015339808305725455,-0.5570787787437439
10.0,24843.0,0.010694045573472977,-0.0015339808305725455,-0.5675529837608337
10.0,24846.0,0.010731006041169167,-0.0015339808305725455,-0.5764174461364746
10.0,24850.0,0.010776180773973465,-0.0015339808305725455,-0.5865370035171509
10.0,24854.0,0.010809035040438175,-0.0015339808305725455,-0.5963497161865234
10.0,24858.0,0.010854209773242474,-0.0015339808305725455,-0.604487955570221
10.0,24862.0,0.010887064039707184,-0.0015339808305725455,-0.6084164381027222
10.0,24865.0,0.01091581117361784,-0.0015339808305725455,-0.6148502826690674
10.0,24869.0,0.010944558307528496,-0.0015339808305725455,-0.6171889305114746
10.0,24872.0,0.010973306372761726,-0.0015339808305725455,-0.620695948600769
10.0,24876.0,0.010989733040332794,-0.0015339808305725455,-0.6214383840560913
10.0,24880.0,0.011006159707903862,-0.0015339808305725455,-0.6208584904670715
10.0,24884.0,0.011026694439351559,-0.0015339808305725455,-0.6203347444534302
10.0,24889.0,0.011039013974368572,-0.0015339808305725455,-0.6184117197990417
10.0,24893.0,0.01105133444070816,-0.0015339808305725455,-0.6167954206466675
10.0,24896.0,0.011059548705816269,-0.0015339808305725455,-0.6151896715164185
10.0,24900.0,0.011067762039601803,-0.0015339808305725455,-0.6110013723373413
10.0,24904.0,0.011071868240833282,-0.0015339808305725455,-0.6083114743232727
10.0,24907.0,0.011075975373387337,-0.0015339808305725455,-0.6044148206710815
10.0,24911.0,0.011080082505941391,-0.0015339808305725455,-0.6019457578659058
10.0,24914.0,0.011080082505941391,-0.0015339808305725455,-0.5983569622039795
10.0,24917.0,0.01108418870717287,-0.0015339808305725455,-0.594749391078949
10.0,24921.0,0.01108418870717287,-0.0015339808305725455,-0.5901170969009399
10.0,24924.0,0.011088295839726925,-0.0015339808305725455,-0.5881269574165344
10.0,24929.0,0.011088295839726925,-0.0015339808305725455,-0.5837834477424622
10.0,24932.0,0.011088295839726925,-0.0015339808305725455,-0.5796241164207458
10.0,24935.0,0.011088295839726925,-0.0015339808305725455,-0.5766211152076721
10.0,24939.0,0.011088295839726925,-0.0015339808305725455,-0.5727670192718506
10.0,24942.0,0.011088295839726925,0.0,-0.836897611618042
10.0,24946.0,0.011088295839726925,0.0,-0.8273438811302185
10.0,24952.0,0.011100616306066513,0.0,-0.8199406266212463
10.0,24955.0,0.011121150106191635,0.0,-0.8178024888038635
10.0,24959.0,0.011137576773762703,0.0,-0.8166011571884155
10.0,24962.0,0.011170431040227413,0.0,-0.8186548948287964
10.0,24966.0,0.011199179105460644,0.0,-0.8233667612075806
10.0,24970.0,0.011248460039496422,-0.0015339808305725455,-0.5619127750396729
10.0,24973.0,0.01129363477230072,-0.0015339808305725455,-0.5776613354682922
10.0,24976.0,0.011351129040122032,-0.0015339808305725455,-0.5897777676582336
10.0,24980.0,0.011400410905480385,-0.0015339808305725455,-0.6019025444984436
10.0,24984.0,0.011437371373176575,-0.0015339808305725455,-0.6107292771339417
10.0,24988.0,0.011482546105980873,-0.0015339808305725455,-0.6208256483078003
10.0,24991.0,0.011523613706231117,-0.0015339808305725455,-0.629249095916748
10.0,24995.0,0.011560575105249882,-0.0015339808305725455,-0.6374046206474304
10.0,24999.0,0.011601642705500126,-0.0015339808305725455,-0.6452932357788086
10.0,25002.0,0.011634496971964836,-0.0015339808305725455,-0.6529223918914795
10.0,25006.0,0.01167556457221508,-0.0015339808305725455,-0.6591566205024719
10.0,25009.0,0.011720739305019379,-0.0015339808305725455,-0.6677085757255554
10.0,25013.0,0.011753593571484089,-0.0015339808305725455,-0.6736176609992981
10.0,25016.0,0.0117864478379488,-0.0015339808305725455,-0.6803752183914185
10.0,25020.0,0.011827515438199043,-0.003067961661145091,-0.41753506660461426
10.0,25032.0,0.011930184438824654,-0.003067961661145091,-0.44682422280311584
10.0,25036.0,0.011942504905164242,-0.003067961661145091,-0.4489012360572815
10.0,25039.0,0.011942504905164242,-0.003067961661145091,-0.44692060351371765
10.0,25043.0,0.011942504905164242,-0.003067961661145091,-0.44503214955329895
10.0,25046.0,0.011942504905164242,-0.003067961661145091,-0.44367408752441406
10.0,25050.0,0.011942504905164242,-0.003067961661145091,-0.441938191652298
10.0,25054.0,0.011942504905164242,-0.003067961661145091,-0.44069069623947144
10.0,25057.0,0.011942504905164242,-0.003067961661145091,-0.4390970766544342
10.0,25061.0,0.011942504905164242,-0.003067961661145091,-0.4375803768634796
10.0,25064.0,0.011942504905164242,-0.003067961661145091,-0.4364914894104004
10.0,25068.0,0.011942504905164242,-0.003067961661145091,-0.4347657859325409
10.0,25073.0,0.011942504905164242,-0.0015339808305725455,-0.7015931606292725
10.0,25078.0,0.011942504905164242,-0.0015339808305725455,-0.6943264603614807
10.0,25082.0,0.011946612037718296,-0.0015339808305725455,-0.6900462508201599
10.0,25085.0,0.011958932504057884,-0.0015339808305725455,-0.6876377463340759
10.0,25089.0,0.011971252970397472,-0.0015339808305725455,-0.686327338218689
10.0,25092.0,0.011983572505414486,-0.0015339808305725455,-0.6854010820388794
10.0,25095.0,0.012000000104308128,-0.003067961661145091,-0.41760897636413574
10.0,25099.0,0.012016426771879196,-0.003067961661145091,-0.42382147908210754
10.0,25102.0,0.012024641036987305,-0.003067961661145091,-0.42465686798095703
10.0,25106.0,0.012024641036987305,-0.003067961661145091,-0.4239679276943207
10.0,25110.0,0.012024641036987305,-0.003067961661145091,-0.4234784245491028
10.0,25113.0,0.012024641036987305,-0.003067961661145091,-0.4228607416152954
10.0,25116.0,0.012024641036987305,-0.003067961661145091,-0.4224229156970978
10.0,25120.0,0.012024641036987305,-0.003067961661145091,-0.42187169194221497
10.0,25124.0,0.012024641036987305,-0.003067961661145091,-0.4214819669723511
10.0,25127.0,0.012024641036987305,-0.003067961661145091,-0.4209927022457123
10.0,25131.0,0.012024641036987305,-0.003067961661145091,-0.42064785957336426
10.0,25134.0,0.012024641036987305,-0.0015339808305725455,-0.6856103539466858
10.0,25138.0,0.012024641036987305,-0.0015339808305725455,-0.6792858839035034
10.0,25141.0,0.012028747238218784,-0.0015339808305725455,-0.67604660987854
10.0,25144.0,0.012036960572004318,-0.003067961661145091,-0.40582388639450073
10.0,25149.0,0.012045174837112427,-0.003067961661145091,-0.4087274968624115
10.0,25152.0,0.012045174837112427,-0.003067961661145091,-0.40885451436042786
10.0,25156.0,0.012045174837112427,-0.003067961661145091,-0.4089559018611908
10.0,25159.0,0.012045174837112427,-0.003067961661145091,-0.40909889340400696
10.0,25162.0,0.012045174837112427,-0.003067961661145091,-0.40921175479888916
10.0,25166.0,0.012045174837112427,-0.003067961661145091,-0.409369558095932
10.0,25170.0,0.012045174837112427,-0.003067961661145091,-0.40953540802001953
10.0,25173.0,0.012045174837112427,-0.003067961661145091,-0.4096648097038269
10.0,25177.0,0.012045174837112427,-0.003067961661145091,-0.40979844331741333
10.0,25181.0,0.012045174837112427,-0.003067961661145091,-0.40998297929763794
10.0,25184.0,0.012045174837112427,-0.003067961661145091,-0.4101743996143341
10.0,25189.0,0.012045174837112427,-0.003067961661145091,-0.4103725552558899
10.0,25192.0,0.012045174837112427,-0.003067961661145091,-0.4105771780014038
10.0,25196.0,0.012045174837112427,-0.003067961661145091,-0.41078799962997437
10.0,25202.0,0.012045174837112427,-0.003067961661145091,-0.411059707403183
10.0,25206.0,0.012045174837112427,-0.003067961661145091,-0.4112835228443146
10.0,25210.0,0.012045174837112427,-0.003067961661145091,-0.4115127921104431
10.0,25213.0,0.012045174837112427,-0.003067961661145091,-0.41174715757369995
10.0,25225.0,0.012045174837112427,-0.003067961661145091,-0.4124170243740082
10.0,25229.0,0.012045174837112427,-0.003067961661145091,-0.41266924142837524
10.0,25233.0,0.012045174837112427,-0.003067961661145091,-0.41292569041252136
10.0,25236.0,0.012045174837112427,-0.003067961661145091,-0.41318631172180176
10.0,25240.0,0.012045174837112427,-0.003067961661145091,-0.41345086693763733
10.0,25244.0,0.012045174837112427,-0.003067961661145091,-0.41365182399749756
10.0,25247.0,0.012045174837112427,-0.003067961661145091,-0.4139229953289032
10.0,25252.0,0.012045174837112427,-0.003067961661145091,-0.4141976535320282
10.0,25256.0,0.012045174837112427,-0.003067961661145091,-0.41454583406448364
10.0,25261.0,0.012045174837112427,-0.003067961661145091,-0.414899080991745
10.0,25265.0,0.012045174837112427,-0.003067961661145091,-0.41511332988739014
10.0,25269.0,0.012045174837112427,-0.003067961661145091,-0.4154016673564911
10.0,25272.0,0.012045174837112427,-0.003067961661145091,-0.41569286584854126
10.0,25275.0,0.012045174837112427,-0.003067961661145091,-0.41591307520866394
10.0,25279.0,0.012045174837112427,-0.003067961661145091,-0.41620904207229614
10.0,25282.0,0.012045174837112427,-0.003067961661145091,-0.4164326786994934
10.0,25286.0,0.012045174837112427,-0.003067961661145091,-0.41673311591148376
10.0,25290.0,0.012045174837112427,-0.003067961661145091,-0.4169600009918213
10.0,25294.0,0.012045174837112427,-0.003067961661145091,-0.41726455092430115
10.0,25297.0,0.012045174837112427,-0.003067961661145091,-0.4175712764263153
10.0,25301.0,0.012045174837112427,-0.003067961661145091,-0.41788020730018616
10.0,25304.0,0.012045174837112427,-0.003067961661145091,-0.4181132912635803
10.0,25308.0,0.012045174837112427,-0.003067961661145091,-0.4184257388114929
10.0,25312.0,0.012045174837112427,-0.003067961661145091,-0.41866132616996765
10.0,25315.0,0.012045174837112427,-0.003067961661145091,-0.41897717118263245
10.0,25319.0,0.012045174837112427,-0.004601942375302315,-0.1523026078939438
10.0,25322.0,0.012045174837112427,-0.004601942375302315,-0.15860554575920105
10.0,25325.0,0.012045174837112427,-0.004601942375302315,-0.16317859292030334
10.0,25329.0,0.012045174837112427,-0.004601942375302315,-0.16907788813114166
10.0,25333.0,0.012045174837112427,-0.004601942375302315,-0.1733587086200714
10.0,25336.0,0.012045174837112427,-0.004601942375302315,-0.17888179421424866
10.0,25340.0,0.012045174837112427,-0.004601942375302315,-0.1828901767730713
10.0,25343.0,0.012045174837112427,-0.004601942375302315,-0.18806257843971252
10.0,25347.0,0.012045174837112427,-0.004601942375302315,-0.19304539263248444
10.0,25351.0,0.012045174837112427,-0.004601942375302315,-0.19666263461112976
10.0,25354.0,0.012045174837112427,-0.004601942375302315,-0.20133158564567566
10.0,25358.0,0.012045174837112427,-0.004601942375302315,-0.20583070814609528
10.0,25362.0,0.012045174837112427,-0.004601942375302315,-0.20909766852855682
10.0,25365.0,0.012045174837112427,-0.004601942375302315,-0.21331572532653809
10.0,25369.0,0.012045174837112427,-0.004601942375302315,-0.21738184988498688
10.0,25372.0,0.012045174837112427,-0.004601942375302315,-0.2203352302312851
10.0,25376.0,0.012045174837112427,-0.004601942375302315,-0.22414962947368622
10.0,25380.0,0.012045174837112427,-0.004601942375302315,-0.22692084312438965
10.0,25384.0,0.012045174837112427,-0.004601942375302315,-0.23137560486793518
10.0,25389.0,0.012045174837112427,-0.004601942375302315,-0.2356342375278473
10.0,25393.0,0.012045174837112427,-0.004601942375302315,0.029540257528424263
10.0,25397.0,0.012045174837112427,-0.006135923322290182,0.02260560356080532
10.0,25401.0,0.012045174837112427,-0.006135923322290182,0.011484736576676369
10.0,25404.0,0.012041067704558372,-0.006135923322290182,0.0064079961739480495
10.0,25408.0,0.012041067704558372,-0.006135923322290182,-0.0019165906123816967
10.0,25421.0,0.012036960572004318,-0.006135923322290182,-0.025651875883340836
10.0,25424.0,0.012036960572004318,-0.006135923322290182,-0.03101489134132862
10.0,25429.0,0.012036960572004318,-0.006135923322290182,-0.03793100640177727
10.0,25432.0,0.012036960572004318,-0.006135923322290182,-0.044588904827833176
10.0,25435.0,0.012036960572004318,-0.006135923322290182,-0.04941892623901367
10.0,25439.0,0.012036960572004318,-0.006135923322290182,-0.05411351099610329
10.0,25442.0,0.012032854370772839,-0.006135923322290182,-0.06031716614961624
10.0,25446.0,0.012032854370772839,-0.006135923322290182,-0.06470578163862228
10.0,25452.0,0.012032854370772839,-0.0076699042692780495,0.18780890107154846
10.0,25455.0,0.012032854370772839,-0.0076699042692780495,0.17944367229938507
10.0,25459.0,0.012028747238218784,-0.0076699042692780495,0.16999360918998718
10.0,25462.0,0.012024641036987305,-0.0076699042692780495,0.16347314417362213
10.0,25465.0,0.01202053390443325,-0.0076699042692780495,0.15715445578098297
10.0,25469.0,0.012016426771879196,-0.0076699042692780495,0.14856202900409698
10.0,25472.0,0.012016426771879196,-0.0076699042692780495,0.14268700778484344
10.0,25476.0,0.012012320570647717,-0.0076699042692780495,0.13331878185272217
10.0,25480.0,0.012012320570647717,-0.0076699042692780495,0.1265263706445694
10.0,25483.0,0.012012320570647717,-0.0076699042692780495,0.11777014285326004
10.0,25486.0,0.012012320570647717,-0.0076699042692780495,0.11277621239423752
10.0,25490.0,0.012008213438093662,-0.0076699042692780495,0.10454194247722626
10.0,25494.0,0.012008213438093662,-0.00920388475060463,0.360508531332016
10.0,25498.0,0.012008213438093662,-0.00920388475060463,0.3470175862312317
10.0,25501.0,0.012004107236862183,-0.00920388475060463,0.3399260342121124
10.0,25504.0,0.011991786770522594,-0.00920388475060463,0.33303236961364746
10.0,25509.0,0.011975359171628952,-0.00920388475060463,0.3259564936161041
10.0,25512.0,0.011958932504057884,-0.00920388475060463,0.319164901971817
10.0,25516.0,0.011950718238949776,-0.00920388475060463,0.3113161027431488
10.0,25520.0,0.011942504905164242,-0.00920388475060463,0.3039502203464508
10.0,25524.0,0.011934291571378708,-0.00920388475060463,0.29534071683883667
10.0,25527.0,0.011930184438824654,-0.010737866163253784,0.5541823506355286
10.0,25531.0,0.011926078237593174,-0.010737866163253784,0.5388898253440857
10.0,25534.0,0.01192197110503912,-0.010737866163253784,0.5281729698181152
10.0,25538.0,0.011909650638699532,-0.010737866163253784,0.517919659614563
10.0,25541.0,0.011897330172359943,-0.010737866163253784,0.5104995369911194
10.0,25544.0,0.011872690171003342,-0.010737866163253784,0.505989134311676
10.0,25549.0,0.011843942105770111,-0.010737866163253784,0.5006395578384399
10.0,25552.0,0.011823408305644989,-0.010737866163253784,0.49552127718925476
10.0,25555.0,0.011798768304288387,-0.010737866163253784,0.49284106492996216
10.0,25559.0,0.011765914037823677,-0.010737866163253784,0.49025481939315796
10.0,25562.0,0.011745380237698555,-0.010737866163253784,0.48563000559806824
10.0,25565.0,0.011712525971233845,-0.010737866163253784,0.4832882881164551
10.0,25570.0,0.011679671704769135,-0.012271846644580364,0.7449657320976257
10.0,25575.0,0.01163860410451889,-0.012271846644580364,0.736253559589386
10.0,25579.0,0.011593429371714592,-0.012271846644580364,0.7311984896659851
10.0,25583.0,0.011535934172570705,-0.012271846644580364,0.7324596047401428
10.0,25586.0,0.011486653238534927,-0.012271846644580364,0.7344066500663757
10.0,25590.0,0.011416837573051453,-0.012271846644580364,0.7396567463874817
10.0,25593.0,0.011342915706336498,-0.012271846644580364,0.7428274750709534
10.0,25597.0,0.011281314305961132,-0.012271846644580364,0.750538170337677
10.0,25601.0,0.011199179105460644,-0.012271846644580364,0.7580314874649048
10.0,25614.0,0.010891170240938663,-0.012271846644580364,0.7966498136520386
10.0,25618.0,0.010784394107758999,-0.012271846644580364,0.8107869029045105
10.0,25621.0,0.01070225890725851,-0.012271846644580364,0.8217623829841614
10.0,25624.0,0.010591375641524792,-0.012271846644580364,0.8324794173240662
10.0,25628.0,0.010480492375791073,-0.012271846644580364,0.8468205332756042
10.0,25632.0,0.01039014384150505,-0.012271846644580364,0.5949574112892151
10.0,25636.0,0.010266940109431744,-0.010737866163253784,0.6132947206497192
10.0,25639.0,0.010139630176126957,-0.010737866163253784,0.6374337673187256
10.0,25643.0,0.01004517450928688,-0.010737866163253784,0.6607761979103088
10.0,25647.0,0.009921971708536148,-0.010737866163253784,0.6806795001029968
10.0,25651.0,0.00981108844280243,-0.010737866163253784,0.6928229928016663
10.0,25654.0,0.009737166576087475,-0.010737866163253784,0.7049962282180786
10.0,25658.0,0.009638603776693344,-0.010737866163253784,0.7138813138008118
10.0,25661.0,0.009577002376317978,-0.010737866163253784,0.7200658917427063
10.0,25665.0,0.009494866244494915,-0.010737866163253784,0.7246021032333374
10.0,25669.0,0.009416838176548481,-0.010737866163253784,0.7291632294654846
10.0,25672.0,0.009359342977404594,-0.010737866163253784,1.000744342803955
10.0,25675.0,0.009281313978135586,-0.012271846644580364,1.0005329847335815
10.0,25679.0,0.00921971257776022,-0.012271846644580364,1.0016937255859375
10.0,25682.0,0.009141683578491211,-0.012271846644580364,1.008301854133606
10.0,25685.0,0.009022586978971958,-0.012271846644580364,1.0174566507339478
10.0,25689.0,0.008911704644560814,-0.012271846644580364,1.039628267288208
10.0,25694.0,0.008702258579432964,-0.010737866163253784,0.798012912273407
10.0,25699.0,0.008480492979288101,-0.010737866163253784,0.8415060043334961
10.0,25703.0,0.008299794979393482,-0.010737866163253784,0.8760043382644653
10.0,25706.0,0.008164270780980587,-0.010737866163253784,0.9093892574310303
10.0,25710.0,0.007983572781085968,-0.010737866163253784,0.9416677355766296
10.0,25713.0,0.007794660981744528,-0.010737866163253784,0.9678753018379211
10.0,25717.0,0.007646817248314619,-0.010737866163253784,1.0035737752914429
10.0,25720.0,0.007449692115187645,-0.00920388475060463,0.761125922203064
10.0,25724.0,0.007297741249203682,-0.00920388475060463,0.7923818230628967
10.0,25728.0,0.00708829564973712,-0.00920388475060463,0.84447181224823
10.0,25731.0,0.006940451916307211,-0.00920388475060463,0.8722714185714722
10.0,25735.0,0.006747433450073004,-0.00920388475060463,0.8980328440666199
10.0,25741.0,0.006472279317677021,-0.00920388475060463,0.9436787962913513
10.0,25744.0,0.006328542251139879,-0.00920388475060463,0.9760125875473022
10.0,25748.0,0.006135523784905672,-0.0076699042692780495,0.7418926358222961
10.0,25752.0,0.005942505318671465,-0.0076699042692780495,0.7688078284263611
10.0,25755.0,0.005811088252812624,-0.0076699042692780495,0.7974057793617249
10.0,25760.0,0.00561396311968565,-0.0076699042692780495,0.8197556138038635
10.0,25764.0,0.005466118920594454,-0.0076699042692780495,0.8420316576957703
10.0,25768.0,0.005289527587592602,-0.0076699042692780495,0.8589994311332703
10.0,25772.0,0.005182751454412937,-0.0076699042692780495,0.8754663467407227
10.0,25776.0,0.005039014387875795,-0.0076699042692780495,0.887168824672699
10.0,25780.0,0.0048993839882314205,-0.0076699042692780495,0.901475727558136
10.0,25783.0,0.004792607855051756,-0.0076699042692780495,0.9153700470924377
10.0,25786.0,0.004689938388764858,-0.0076699042692780495,0.9248726963996887
10.0,25790.0,0.004550307989120483,-0.0076699042692780495,0.9394963979721069
10.0,25793.0,0.00439835712313652,-0.0076699042692780495,0.9525538682937622
10.0,25797.0,0.004275153856724501,-0.0076699042692780495,0.9730936884880066
10.0,25810.0,0.0036673510912805796,-0.0076699042692780495,1.0615521669387817
10.0,25813.0,0.003466119058430195,-0.0076699042692780495,1.0838712453842163
10.0,25817.0,0.003310061525553465,-0.0076699042692780495,1.1150315999984741
10.0,25821.0,0.003092402359470725,-0.0076699042692780495,1.1478756666183472
10.0,25824.0,0.002928131492808461,-0.0076699042692780495,1.1735111474990845
10.0,25829.0,0.0026283366605639458,-0.0076699042692780495,1.212558388710022
10.0,25832.0,0.002427104627713561,-0.006135923322290182,0.9943281412124634
10.0,25835.0,0.0021478438284248114,-0.006135923322290182,1.0351532697677612
10.0,25839.0,0.0019342915620654821,-0.006135923322290182,1.0893200635910034
10.0,25843.0,0.001642710529267788,-0.006135923322290182,1.1317996978759766
10.0,25846.0,0.0014168377965688705,-0.004601942375302315,0.9227323532104492
10.0,25850.0,0.001117043080739677,-0.004601942375302315,0.9831374287605286
10.0,25853.0,0.0008911704062484205,-0.004601942375302315,1.0274434089660645
10.0,25856.0,0.0005913757486268878,-0.004601942375302315,1.070627212524414
10.0,25860.0,0.0003737166407518089,-0.003067961661145091,0.8609038591384888
10.0,25864.0,6.981519254622981e-05,-0.003067961661145091,0.9061169624328613
10.0,25867.0,-0.00022176592028699815,-0.003067961661145091,0.9614848494529724
10.0,25871.0,-0.0004394250572659075,-0.0015339808305725455,0.7483116984367371
10.0,25874.0,-0.0007186858565546572,-0.0015339808305725455,0.7888031005859375
10.0,25878.0,-0.0009158111060969532,-0.0015339808305725455,0.8345215320587158
10.0,25883.0,-0.0012238193303346634,-0.0015339808305725455,0.8747607469558716
10.0,25886.0,-0.0014045174466446042,-0.0015339808305725455,0.9110281467437744
10.0,25891.0,-0.0016960985958576202,-0.0015339808305725455,0.954128086566925
10.0,25895.0,-0.0019301847787573934,0.0,0.7106524109840393
10.0,25898.0,-0.0021601642947643995,0.0,0.7470529675483704
10.0,25902.0,-0.002390143694356084,0.0,0.7822884917259216
10.0,25906.0,-0.0025544147938489914,0.0,0.8053091764450073
10.0,25910.0,-0.002759753493592143,0.0,0.8306979537010193
10.0,25914.0,-0.00295277195982635,0.0,0.8513458371162415
10.0,25917.0,-0.0031047228258103132,0.0,0.8740910887718201
10.0,25921.0,-0.003310061525553465,0.0,0.8975188136100769
10.0,25924.0,-0.00351540045812726,0.0,0.9153288006782532
10.0,25928.0,-0.003675564657896757,0.0,0.9389072060585022
10.0,25932.0,-0.00388911715708673,0.0,0.9585011005401611
10.0,25935.0,-0.004049281124025583,0.0,0.9821938276290894
10.0,25939.0,-0.0042628338560462,0.0,0.9995225667953491
10.0,25943.0,-0.004533880855888128,0.0,1.028927206993103
10.0,25949.0,-0.004804928321391344,0.0,1.057295799255371
10.0,25952.0,-0.004977412521839142,0.0015339808305725455,0.8196849822998047
10.0,25956.0,-0.0052114990539848804,0.0015339808305725455,0.8446641564369202
10.0,25960.0,-0.005433265119791031,0.0015339808305725455,0.8787868022918701
10.0,25963.0,-0.0055893221870064735,0.0015339808305725455,0.8943622708320618
10.0,25967.0,-0.005786447785794735,0.0015339808305725455,0.9082871079444885
10.0,25970.0,-0.005975359119474888,0.0015339808305725455,0.9237658977508545
10.0,25974.0,-0.006119096651673317,0.0015339808305725455,0.9357911944389343
10.0,25978.0,-0.006312115117907524,0.0015339808305725455,0.9548754692077637
10.0,25981.0,-0.00649691978469491,0.0015339808305725455,0.9650058746337891
10.0,25985.0,-0.006636550184339285,0.0015339808305725455,0.9749547839164734
10.0,25989.0,-0.006833675783127546,0.0015339808305725455,0.9956117272377014
10.0,25992.0,-0.006985626183450222,0.0015339808305725455,1.0103884935379028
10.0,26005.0,-0.007687884848564863,0.0015339808305725455,1.0745218992233276
10.0,26009.0,-0.007921971380710602,0.0015339808305725455,1.106589436531067
10.0,26012.0,-0.008160164579749107,0.0015339808305725455,1.1271625757217407
10.0,26016.0,-0.00834907591342926,0.0015339808305725455,1.1570358276367188
10.0,26020.0,-0.008607802912592888,0.0015339808305725455,0.9216039180755615
10.0,26024.0,-0.008887063711881638,0.003067961661145091,0.9556527733802795
10.0,26027.0,-0.009104723110795021,0.003067961661145091,1.0020291805267334
10.0,26031.0,-0.00938809011131525,0.003067961661145091,1.0328338146209717
10.0,26034.0,-0.00960164237767458,0.003067961661145091,1.0754643678665161
10.0,26038.0,-0.009889117442071438,0.004601942375302315,0.8404812812805176
10.0,26041.0,-0.010098562575876713,0.004601942375302315,0.8840990662574768
10.0,26044.0,-0.010369610041379929,0.004601942375302315,0.9132131338119507
10.0,26048.0,-0.010632443241775036,0.004601942375302315,0.949220597743988
10.0,26052.0,-0.010821355506777763,0.004601942375302315,0.9814667701721191
10.0,26056.0,-0.011075975373387337,0.004601942375302315,1.0043543577194214
10.0,26060.0,-0.011318274773657322,0.006135923322290182,0.7670801877975464
10.0,26063.0,-0.011494866572320461,0.006135923322290182,0.7961459755897522
10.0,26066.0,-0.011663244105875492,0.006135923322290182,0.8242972493171692
10.0,26072.0,-0.011975359171628952,0.006135923322290182,0.8372328281402588
10.0,26076.0,-0.01216427143663168,0.006135923322290182,0.8496599197387695
10.0,26080.0,-0.012340862303972244,0.006135923322290182,0.8578354716300964
10.0,26083.0,-0.01251334697008133,0.006135923322290182,0.8645986318588257
10.0,26086.0,-0.01264476403594017,0.006135923322290182,0.8703053593635559
10.0,26090.0,-0.01282546203583479,0.006135923322290182,0.8796331286430359
10.0,26094.0,-0.01295687910169363,0.006135923322290182,0.885185956954956
10.0,26097.0,-0.013133469969034195,0.006135923322290182,0.8929891586303711
10.0,26101.0,-0.013314167968928814,0.006135923322290182,0.902057409286499
10.0,26105.0,-0.01344969216734171,0.006135923322290182,0.9110032320022583
10.0,26109.0,-0.013634497299790382,0.006135923322290182,0.9189778566360474
10.0,26113.0,-0.013815195299685001,0.006135923322290182,0.9276728630065918
10.0,26116.0,-0.013946612365543842,0.006135923322290182,0.9349295496940613
10.0,26120.0,-0.014135523699223995,0.006135923322290182,0.9440245032310486
10.0,26123.0,-0.014279261231422424,0.006135923322290182,0.9577694535255432
10.0,26126.0,-0.014435318298637867,0.006135923322290182,0.9692050218582153
10.0,26130.0,-0.014698151499032974,0.006135923322290182,0.9877215027809143
10.0,26134.0,-0.014858316630125046,0.006135923322290182,1.0013107061386108
10.0,26137.0,-0.015018480829894543,0.006135923322290182,1.0190452337265015
10.0,26141.0,-0.015227925963699818,0.006135923322290182,1.0307376384735107
10.0,26144.0,-0.015392197296023369,0.006135923322290182,1.0504779815673828
10.0,26148.0,-0.015618070028722286,0.0076699042692780495,0.8055014610290527
10.0,26152.0,-0.015852155163884163,0.0076699042692780495,0.8260711431503296
10.0,26155.0,-0.016024639829993248,0.0076699042692780495,0.8514569401741028
10.0,26159.0,-0.01624229922890663,0.0076699042692780495,0.8734726905822754
10.0,26162.0,-0.01639835722744465,0.0076699042692780495,0.8858988881111145
10.0,26166.0,-0.01659548282623291,0.0076699042692780495,0.8967751860618591
10.0,26170.0,-0.01679260842502117,0.0076699042692780495,0.9110025763511658
10.0,26173.0,-0.016932237893342972,0.0076699042692780495,0.9209228157997131
10.0,26176.0,-0.017112936824560165,0.0076699042692780495,0.9272547960281372
10.0,26180.0,-0.01724845916032791,0.0076699042692780495,0.935615062713623
10.0,26184.0,-0.017429158091545105,0.0076699042692780495,0.9418262243270874
10.0,26196.0,-0.017979465425014496,0.00920388475060463,0.7078453898429871
10.0,26202.0,-0.018242299556732178,0.00920388475060463,0.7255045175552368
10.0,26205.0,-0.018361397087574005,0.00920388475060463,0.7320905923843384
10.0,26209.0,-0.018509240821003914,0.00920388475060463,0.7332845330238342
10.0,26212.0,-0.01864476315677166,0.00920388475060463,0.7312607765197754
10.0,26216.0,-0.01873921975493431,0.00920388475060463,0.728044867515564
10.0,26220.0,-0.018862422555685043,0.00920388475060463,0.7231827974319458
10.0,26224.0,-0.01898152008652687,0.0076699042692780495,0.9827474355697632
10.0,26227.0,-0.019067762419581413,0.0076699042692780495,0.9686917066574097
10.0,26231.0,-0.01918685808777809,0.0076699042692780495,0.959363579750061
10.0,26234.0,-0.019281314685940742,0.0076699042692780495,0.9561017155647278
10.0,26238.0,-0.019420944154262543,0.0076699042692780495,0.9516127109527588
10.0,26242.0,-0.019556468352675438,0.0076699042692780495,0.9488162994384766
10.0,26245.0,-0.019663244485855103,0.0076699042692780495,0.9476044774055481
10.0,26249.0,-0.01981930248439312,0.0076699042692780495,0.950643002986908
10.0,26252.0,-0.019942505285143852,0.0076699042692780495,0.9563372731208801
10.0,26257.0,-0.020160164684057236,0.0076699042692780495,0.9675232768058777
10.0,26262.0,-0.02038603648543358,0.0076699042692780495,0.9825185537338257
10.0,26265.0,-0.02057494781911373,0.0076699042692780495,0.9932339191436768
10.0,26270.0,-0.020772073417901993,0.00920388475060463,0.7451448440551758
10.0,26274.0,-0.020969199016690254,0.00920388475060463,0.7664151787757874
10.0,26278.0,-0.021149897947907448,0.00920388475060463,0.7818000316619873
10.0,26281.0,-0.021268993616104126,0.00920388475060463,0.7901310920715332
10.0,26284.0,-0.021416837349534035,0.00920388475060463,0.7919355630874634
10.0,26288.0,-0.0215236134827137,0.00920388475060463,0.7935324907302856
10.0,26292.0,-0.021659137681126595,0.00920388475060463,0.7941513061523438
10.0,26295.0,-0.02175769954919815,0.00920388475060463,0.7933495044708252
10.0,26299.0,-0.021893223747611046,0.00920388475060463,0.7942212224006653
10.0,26302.0,-0.021995892748236656,0.00920388475060463,0.7937209606170654
10.0,26305.0,-0.022119097411632538,0.00920388475060463,0.7921565771102905
10.0,26310.0,-0.022238193079829216,0.00920388475060463,0.7880761623382568
10.0,26313.0,-0.022320328280329704,0.00920388475060463,0.7802984714508057
10.0,26316.0,-0.022398358210921288,0.00920388475060463,0.7741072177886963
10.0,26320.0,-0.022496920078992844,0.00920388475060463,0.7631334066390991
10.0,26324.0,-0.02258726954460144,0.00920388475060463,0.7549463510513306
10.0,26327.0,-0.02265297807753086,0.00920388475060463,0.7423115968704224
10.0,26331.0,-0.022759754210710526,0.00920388475060463,0.7302937507629395
10.0,26335.0,-0.022813141345977783,0.00920388475060463,0.7149000763893127
10.0,26339.0,-0.022887064144015312,0.00920388475060463,0.7031506896018982
10.0,26342.0,-0.02293223887681961,0.00920388475060463,0.9534459710121155
10.0,26345.0,-0.022989733144640923,0.0076699042692780495,0.9341399669647217
10.0,26350.0,-0.02304312027990818,0.0076699042692780495,0.9089422821998596
10.0,26353.0,-0.02308829501271248,0.0076699042692780495,0.8874797224998474
10.0,26356.0,-0.02313757687807083,0.0076699042692780495,0.8730177283287048
10.0,26360.0,-0.023207392543554306,0.0076699042692780495,0.8603772521018982
10.0,26363.0,-0.023260779678821564,0.0076699042692780495,0.8451119065284729
10.0,26366.0,-0.02331416867673397,0.0076699042692780495,0.8321219682693481
10.0,26371.0,-0.023404518142342567,0.0076699042692780495,0.8181679844856262
10.0,26374.0,-0.023457905277609825,0.0076699042692780495,0.8048925995826721
10.0,26378.0,-0.02353593520820141,0.0076699042692780495,0.7949439287185669
10.0,26391.0,-0.023852156475186348,0.0076699042692780495,0.7759140133857727
10.0,26395.0,-0.023971252143383026,0.0076699042692780495,0.7791160941123962
10.0,26399.0,-0.024082135409116745,0.0076699042692780495,0.7802366018295288
10.0,26402.0,-0.024164270609617233,0.0076699042692780495,0.7814880609512329
10.0,26405.0,-0.024271046742796898,0.0076699042692780495,0.7808393239974976
10.0,26409.0,-0.024344969540834427,0.0076699042692780495,0.77834153175354
10.0,26413.0,-0.02443942427635193,0.0076699042692780495,0.7752991318702698
10.0,26416.0,-0.024509239941835403,0.0076699042692780495,0.770599901676178
10.0,26420.0,-0.024595482274889946,0.0076699042692780495,0.7666171789169312
10.0,26423.0,-0.024657083675265312,0.0076699042692780495,0.7598257660865784
10.0,26426.0,-0.02471868507564068,0.0076699042692780495,0.7563486695289612
10.0,26430.0,-0.024800822138786316,0.0076699042692780495,0.7488620281219482
10.0,26434.0,-0.02487885020673275,0.0076699042692780495,0.7431819438934326
10.0,26437.0,-0.024940451607108116,0.0076699042692780495,0.7364045977592468
10.0,26441.0,-0.025014374405145645,0.0076699042692780495,0.7286881804466248
10.0,26445.0,-0.025104722008109093,0.0076699042692780495,0.7214065194129944
10.0,26451.0,-0.02518685907125473,0.0076699042692780495,0.7095473408699036
10.0,26454.0,-0.02523203194141388,0.0076699042692780495,0.6992712616920471
10.0,26458.0,-0.025293635204434395,0.006135923322290182,0.9584598541259766
10.0,26461.0,-0.0253429152071476,0.0076699042692780495,0.6790276169776917
10.0,26465.0,-0.025416838005185127,0.006135923322290182,0.9414927959442139
10.0,26469.0,-0.02550308033823967,0.0076699042692780495,0.6680788993835449
10.0,26473.0,-0.02560574933886528,0.0076699042692780495,0.6702715158462524
10.0,26476.0,-0.025683777406811714,0.0076699042692780495,0.6769161820411682
10.0,26480.0,-0.025786448270082474,0.0076699042692780495,0.679818332195282
10.0,26483.0,-0.02587679587304592,0.0076699042692780495,0.6809984445571899
10.0,26486.0,-0.025934292003512383,0.0076699042692780495,0.6785853505134583
10.0,26491.0,-0.02599589340388775,0.0076699042692780495,0.6706825494766235
10.0,26494.0,-0.026036961004137993,0.0076699042692780495,0.6605225205421448
10.0,26498.0,-0.02608213573694229,0.0076699042692780495,0.6508806943893433
10.0,26502.0,-0.026114989072084427,0.0076699042692780495,0.6349686980247498
10.0,26509.0,-0.026160163804888725,0.0076699042692780495,0.5999225378036499
10.0,26513.0,-0.026176590472459793,0.006135923322290182,0.8449258804321289
10.0,26517.0,-0.0261848047375679,0.006135923322290182,0.8253929018974304
10.0,26521.0,-0.02620123140513897,0.006135923322290182,0.8020855784416199
10.0,26525.0,-0.026225872337818146,0.006135923322290182,0.782433807849884
10.0,26529.0,-0.026254620403051376,0.006135923322290182,0.764948308467865
10.0,26533.0,-0.026299795135855675,0.006135923322290182,0.7471606135368347
10.0,26537.0,-0.026328541338443756,0.006135923322290182,0.7338979244232178
10.0,26541.0,-0.026369608938694,0.006135923322290182,0.7225524187088013
10.0,26545.0,-0.026410678401589394,0.006135923322290182,0.7150598764419556
10.0,26549.0,-0.026459958404302597,0.006135923322290182,0.7072866559028625
10.0,26552.0,-0.026505133137106895,0.006135923322290182,0.6985804438591003
10.0,26556.0,-0.02653798833489418,0.006135923322290182,0.690291166305542
10.0,26560.0,-0.02658316306769848,0.006135923322290182,0.6840149760246277
10.0,26564.0,-0.026624230667948723,0.006135923322290182,0.6751302480697632
10.0,26570.0,-0.026673510670661926,0.006135923322290182,0.6586133241653442
10.0,26575.0,-0.02670636586844921,0.006135923322290182,0.6392056941986084
10.0,26579.0,-0.026726899668574333,0.006135923322290182,0.6242965459823608
10.0,26582.0,-0.026735112071037292,0.004601942375302315,0.8806540369987488
10.0,26595.0,-0.02677207440137863,0.004601942375302315,0.8200877904891968
10.0,26599.0,-0.026792608201503754,0.004601942375302315,0.8042011857032776
10.0,26602.0,-0.02680903486907482,0.004601942375302315,0.7889727354049683
10.0,26606.0,-0.026833675801753998,0.004601942375302315,0.7796671390533447
10.0,26610.0,-0.02685420960187912,0.004601942375302315,0.765522837638855
10.0,26614.0,-0.026870636269450188,0.004601942375302315,0.7506493926048279
10.0,26617.0,-0.02688295766711235,0.004601942375302315,0.7364137172698975
10.0,26621.0,-0.026895277202129364,0.004601942375302315,0.7214481830596924
10.0,26624.0,-0.026903491467237473,0.004601942375302315,0.710311233997345
10.0,26629.0,-0.026911703869700432,0.004601942375302315,0.6937806010246277
10.0,26632.0,-0.026915811002254486,0.004601942375302315,0.6779259443283081
10.0,26635.0,-0.02691991813480854,0.004601942375302315,0.6668200492858887
10.0,26639.0,-0.02691991813480854,0.004601942375302315,0.6507745981216431
10.0,26643.0,-0.02691991813480854,0.004601942375302315,0.6353932023048401
10.0,26647.0,-0.02691991813480854,0.004601942375302315,0.8890963196754456
10.0,26651.0,-0.02691991813480854,0.003067961661145091,0.868921160697937
10.0,26655.0,-0.02691991813480854,0.003067961661145091,0.8543341755867004
10.0,26659.0,-0.0269281305372715,0.003067961661145091,0.8382577896118164
10.0,26662.0,-0.026936344802379608,0.003067961661145091,0.8242006897926331
10.0,26666.0,-0.02694866620004177,0.003067961661145091,0.8137251138687134
10.0,26670.0,-0.026960985735058784,0.003067961661145091,0.8007146716117859
10.0,26673.0,-0.026969200000166893,0.003067961661145091,0.786920964717865
10.0,26676.0,-0.026977412402629852,0.003067961661145091,0.7776198387145996
10.0,26680.0,-0.02698562666773796,0.003067961661145091,0.7686212062835693
10.0,26684.0,-0.02699383907020092,0.003067961661145091,0.7561890482902527
10.0,26687.0,-0.02700205333530903,0.003067961661145091,0.744289219379425
10.0,26691.0,-0.027006160467863083,0.003067961661145091,0.7329245209693909
10.0,26695.0,-0.027014372870326042,0.003067961661145091,0.7207056283950806
10.0,26701.0,-0.027018480002880096,0.003067961661145091,0.7040095329284668
10.0,26704.0,-0.02702258713543415,0.003067961661145091,0.6947148442268372
10.0,26708.0,-0.02702258713543415,0.003067961661145091,0.6827778816223145
10.0,26712.0,-0.02702258713543415,0.003067961661145091,0.6741558313369751
10.0,26715.0,-0.027026694267988205,0.003067961661145091,0.6644279956817627
10.0,26719.0,-0.027026694267988205,0.003067961661145091,0.6563969254493713
10.0,26722.0,-0.027026694267988205,0.003067961661145091,0.6460866928100586
10.0,26725.0,-0.027026694267988205,0.003067961661145091,0.638642430305481
10.0,26729.0,-0.027026694267988205,0.003067961661145091,0.6290876865386963
10.0,26732.0,-0.027026694267988205,0.003067961661145091,0.622190535068512
10.0,26736.0,-0.027026694267988205,0.003067961661145091,0.6155162453651428
10.0,26740.0,-0.027026694267988205,0.003067961661145091,0.6007730960845947
10.0,26745.0,-0.027026694267988205,0.003067961661145091,0.5947952270507812
10.0,26749.0,-0.027026694267988205,0.003067961661145091,0.5871278643608093
10.0,26753.0,-0.027026694267988205,0.003067961661145091,0.579794704914093
10.0,26756.0,-0.027026694267988205,0.003067961661145091,0.5745060443878174
10.0,26761.0,-0.027026694267988205,0.003067961661145091,0.5660783648490906
10.0,26765.0,-0.027026694267988205,0.003067961661145091,0.5596704483032227
10.0,26769.0,-0.027026694267988205,0.003067961661145091,0.5535469055175781
10.0,26773.0,-0.027026694267988205,0.003067961661145091,0.5476967096328735
10.0,26776.0,-0.027026694267988205,0.003067961661145091,0.5434818863868713
10.0,26780.0,-0.027026694267988205,0.003067961661145091,0.5380841493606567
10.0,26792.0,-0.027026694267988205,0.0015339808305725455,0.7810688614845276
10.0,26795.0,-0.02703080140054226,0.0015339808305725455,0.7722813487052917
10.0,26799.0,-0.027034906670451164,0.0015339808305725455,0.7639005184173584
10.0,26802.0,-0.027034906670451164,0.0015339808305725455,0.7568452954292297
10.0,26806.0,-0.02703901380300522,0.0015339808305725455,0.7491220831871033
10.0,26810.0,-0.027043120935559273,0.0015339808305725455,0.74390709400177
10.0,26813.0,-0.027043120935559273,0.0015339808305725455,0.7354286909103394
10.0,26817.0,-0.027047228068113327,0.0015339808305725455,0.7286595106124878
10.0,26821.0,-0.027047228068113327,0.0015339808305725455,0.722770631313324
10.0,26824.0,-0.02705133520066738,0.0015339808305725455,0.7165610790252686
10.0,26828.0,-0.02705133520066738,0.0015339808305725455,0.709290087223053
10.0,26832.0,-0.02705133520066738,0.0015339808305725455,0.7023375034332275
10.0,26836.0,-0.02705133520066738,0.0015339808305725455,0.6973245143890381
10.0,26840.0,-0.027055442333221436,0.0015339808305725455,0.6922548413276672
10.0,26843.0,-0.027055442333221436,0.003067961661145091,0.4206724762916565
10.0,26846.0,-0.027055442333221436,0.003067961661145091,0.4206782281398773
10.0,26850.0,-0.027055442333221436,0.003067961661145091,0.4207136631011963
10.0,26854.0,-0.027055442333221436,0.003067961661145091,0.4207603633403778
10.0,26857.0,-0.027055442333221436,0.003067961661145091,0.4208485782146454
10.0,26861.0,-0.027055442333221436,0.003067961661145091,0.4209652245044708
10.0,26864.0,-0.027055442333221436,0.003067961661145091,0.42107078433036804
10.0,26869.0,-0.027055442333221436,0.003067961661145091,0.42123469710350037
10.0,26872.0,-0.027055442333221436,0.003067961661145091,0.42142412066459656
10.0,26876.0,-0.027055442333221436,0.003067961661145091,0.42158231139183044
10.0,26880.0,-0.027055442333221436,0.003067961661145091,0.4218140244483948
10.0,26884.0,-0.027055442333221436,0.003067961661145091,0.4221356511116028
10.0,26889.0,-0.027055442333221436,0.003067961661145091,0.4224175214767456
10.0,26892.0,-0.027055442333221436,0.003067961661145091,0.4227202236652374
10.0,26896.0,-0.027055442333221436,0.003067961661145091,0.42304301261901855
10.0,26900.0,-0.027055442333221436,0.003067961661145091,0.42329779267311096
10.0,26903.0,-0.027055442333221436,0.003067961661145091,0.42365381121635437
10.0,26906.0,-0.027055442333221436,0.003067961661145091,0.42393261194229126
10.0,26910.0,-0.027055442333221436,0.003067961661145091,0.4243195056915283
10.0,26914.0,-0.027055442333221436,0.003067961661145091,0.42462077736854553
10.0,26917.0,-0.027055442333221436,0.003067961661145091,0.42503654956817627
10.0,26921.0,-0.027055442333221436,0.003067961661145091,0.42546793818473816
10.0,26924.0,-0.027055442333221436,0.003067961661145091,0.4258013665676117
10.0,26929.0,-0.027055442333221436,0.003067961661145091,0.4262586236000061
10.0,26932.0,-0.027055442333221436,0.003067961661145091,0.4267297685146332
10.0,26936.0,-0.027055442333221436,0.003067961661145091,0.4272144138813019
10.0,26940.0,-0.027055442333221436,0.003067961661145091,0.4275863468647003
10.0,26943.0,-0.027055442333221436,0.003067961661145091,0.42809316515922546
10.0,26948.0,-0.027055442333221436,0.003067961661145091,0.42874354124069214
10.0,26951.0,-0.027055442333221436,0.003067961661145091,0.4291423559188843
10.0,26955.0,-0.027055442333221436,0.003067961661145091,0.4296838045120239
10.0,26959.0,-0.027055442333221436,0.003067961661145091,0.43009698390960693
10.0,26963.0,-0.027055442333221436,0.003067961661145091,0.4306567311286926
10.0,26966.0,-0.027055442333221436,0.003067961661145091,0.4312264621257782
10.0,26970.0,-0.027055442333221436,0.003067961661145091,0.4318057894706726
10.0,26974.0,-0.027055442333221436,0.003067961661145091,0.43239420652389526
10.0,26987.0,-0.027055442333221436,0.003067961661145091,0.43436551094055176
10.0,26991.0,-0.027055442333221436,0.003067961661145091,0.4349890351295471
10.0,26994.0,-0.027055442333221436,0.003067961661145091,0.43546149134635925
10.0,26998.0,-0.027055442333221436,0.004601942375302315,0.17070384323596954
10.0,27002.0,-0.027055442333221436,0.004601942375302315,0.175650954246521
10.0,27005.0,-0.02705133520066738,0.004601942375302315,0.18070434033870697
10.0,27009.0,-0.02705133520066738,0.004601942375302315,0.18539287149906158
10.0,27012.0,-0.02705133520066738,0.004601942375302315,0.1914563775062561
10.0,27015.0,-0.027047228068113327,0.004601942375302315,0.19453692436218262
10.0,27019.0,-0.027047228068113327,0.004601942375302315,0.19887115061283112
10.0,27022.0,-0.027047228068113327,0.004601942375302315,0.20447853207588196
10.0,27025.0,-0.027047228068113327,0.004601942375302315,0.20855967700481415
10.0,27029.0,-0.027047228068113327,0.004601942375302315,0.2138412743806839
10.0,27033.0,-0.027047228068113327,0.004601942375302315,0.21894678473472595
10.0,27036.0,-0.027047228068113327,0.004601942375302315,0.22266444563865662
10.0,27040.0,-0.027047228068113327,0.004601942375302315,0.226289764046669
10.0,27044.0,-0.027047228068113327,0.004601942375302315,0.23098459839820862
10.0,27047.0,-0.027047228068113327,0.004601942375302315,0.2355264574289322
10.0,27051.0,-0.027047228068113327,0.004601942375302315,0.23992134630680084
10.0,27054.0,-0.027047228068113327,0.004601942375302315,0.24312444031238556
10.0,27058.0,-0.027047228068113327,0.004601942375302315,0.24625054001808167
10.0,27062.0,-0.027047228068113327,0.004601942375302315,0.250302791595459
10.0,27065.0,-0.027047228068113327,0.004601942375302315,0.25422728061676025
10.0,27070.0,-0.027047228068113327,0.004601942375302315,0.2589609622955322
10.0,27075.0,-0.027047228068113327,0.006135923322290182,-0.004934271331876516
10.0,27079.0,-0.027047228068113327,0.006135923322290182,0.0022688801400363445
10.0,27082.0,-0.027047228068113327,0.006135923322290182,0.011569449678063393
10.0,27086.0,-0.027043120935559273,0.006135923322290182,0.016993727535009384
10.0,27090.0,-0.02703901380300522,0.006135923322290182,0.02440963126718998
10.0,27093.0,-0.02703901380300522,0.006135923322290182,0.03291575610637665
10.0,27096.0,-0.02703901380300522,0.006135923322290182,0.03774024918675423
10.0,27100.0,-0.027034906670451164,0.006135923322290182,0.04577202722430229
10.0,27104.0,-0.027034906670451164,0.006135923322290182,0.051608551293611526
10.0,27108.0,-0.02703080140054226,0.006135923322290182,0.05965075641870499
10.0,27111.0,-0.02703080140054226,0.006135923322290182,0.0651194304227829
10.0,27115.0,-0.02703080140054226,0.006135923322290182,0.07044371962547302
10.0,27118.0,-0.02703080140054226,0.006135923322290182,0.07732565701007843
10.0,27122.0,-0.02703080140054226,0.006135923322290182,0.08396833389997482
10.0,27125.0,-0.02703080140054226,0.006135923322290182,0.08879910409450531
10.0,27129.0,-0.02703080140054226,0.0076699042692780495,-0.17340105772018433
10.0,27133.0,-0.02703080140054226,0.0076699042692780495,-0.16132420301437378
10.0,27136.0,-0.027026694267988205,0.0076699042692780495,-0.15390193462371826
10.0,27140.0,-0.02702258713543415,0.0076699042692780495,-0.1438855677843094
10.0,27143.0,-0.027018480002880096,0.0076699042692780495,-0.13828982412815094
10.0,27146.0,-0.027010267600417137,0.0076699042692780495,-0.13286127150058746
10.0,27150.0,-0.02700205333530903,0.0076699042692780495,-0.12496219575405121
10.0,27154.0,-0.026989733800292015,0.0076699042692780495,-0.1199023500084877
10.0,27157.0,-0.02698562666773796,0.0076699042692780495,-0.11113480478525162
10.0,27161.0,-0.026981519535183907,0.0076699042692780495,-0.1040169894695282
10.0,27165.0,-0.026973305270075798,0.0076699042692780495,-0.09582655131816864
10.0,27177.0,-0.026969200000166893,0.00920388475060463,-0.33129647374153137
10.0,27181.0,-0.026960985735058784,0.00920388475060463,-0.3233778476715088
10.0,27184.0,-0.02694866620004177,0.00920388475060463,-0.31495004892349243
10.0,27188.0,-0.026924025267362595,0.00920388475060463,-0.3095043897628784
10.0,27191.0,-0.02689938433468342,0.00920388475060463,-0.3062284290790558
10.0,27196.0,-0.026870636269450188,0.00920388475060463,-0.3024686276912689
10.0,27202.0,-0.026829568669199944,0.00920388475060463,-0.29591798782348633
10.0,27205.0,-0.02680903486907482,0.00920388475060463,-0.2930641174316406
10.0,27209.0,-0.02678028680384159,0.00920388475060463,-0.2884996831417084
10.0,27213.0,-0.02675975300371647,0.00920388475060463,-0.28452304005622864
10.0,27216.0,-0.0267433263361454,0.00920388475060463,-0.2789470851421356
10.0,27220.0,-0.026726899668574333,0.00920388475060463,-0.27390244603157043
10.0,27223.0,-0.026718685403466225,0.010737866163253784,-0.5314624309539795
10.0,27227.0,-0.026710473001003265,0.010737866163253784,-0.516664445400238
10.0,27231.0,-0.02669404447078705,0.010737866163253784,-0.5050898194313049
10.0,27234.0,-0.02666940540075302,0.010737866163253784,-0.4993753433227539
10.0,27239.0,-0.026632443070411682,0.010737866163253784,-0.4951629936695099
10.0,27242.0,-0.0266036968678236,0.010737866163253784,-0.49112921953201294
10.0,27246.0,-0.026562629267573357,0.010737866163253784,-0.4885866045951843
10.0,27250.0,-0.026521559804677963,0.010737866163253784,-0.4874388575553894
10.0,27253.0,-0.026488706469535828,0.010737866163253784,-0.48507627844810486
10.0,27256.0,-0.026459958404302597,0.010737866163253784,-0.4816167950630188
10.0,27261.0,-0.026410678401589394,0.010737866163253784,-0.47819235920906067
10.0,27266.0,-0.026369608938694,0.010737866163253784,-0.473584920167923
10.0,27270.0,-0.026336755603551865,0.012271846644580364,-0.7387014627456665
10.0,27273.0,-0.02631211467087269,0.012271846644580364,-0.7257161140441895
10.0,27276.0,-0.026291580870747566,0.012271846644580364,-0.7169876098632812
10.0,27280.0,-0.026262832805514336,0.012271846644580364,-0.7102057933807373
10.0,27284.0,-0.026213552802801132,0.012271846644580364,-0.7073128819465637
10.0,27288.0,-0.026143737137317657,0.012271846644580364,-0.7120701670646667
10.0,27291.0,-0.02606160193681717,0.012271846644580364,-0.7172496914863586
10.0,27295.0,-0.02598767913877964,0.012271846644580364,-0.7293255925178528
10.0,27299.0,-0.02587679587304592,0.012271846644580364,-0.7421563863754272
10.0,27302.0,-0.025786448270082474,0.012271846644580364,-0.7614424228668213
10.0,27306.0,-0.025659138336777687,0.012271846644580364,-0.7761560082435608
10.0,27309.0,-0.025523614138364792,0.012271846644580364,-0.7983056306838989
10.0,27313.0,-0.02542094513773918,0.012271846644580364,-0.8210839629173279
10.0,27316.0,-0.025318274274468422,0.010737866163253784,-0.5716055631637573
10.0,27320.0,-0.025174537673592567,0.010737866163253784,-0.6003428101539612
10.0,27323.0,-0.025034908205270767,0.010737866163253784,-0.6195710301399231
10.0,27327.0,-0.024932237342000008,0.010737866163253784,-0.6440033912658691
10.0,27331.0,-0.024800822138786316,0.010737866163253784,-0.6662647128105164
10.0,27335.0,-0.024669405072927475,0.010737866163253784,-0.6824684143066406
10.0,27339.0,-0.024537988007068634,0.010737866163253784,-0.7034415006637573
10.0,27342.0,-0.02443942427635193,0.010737866163253784,-0.723718523979187
10.0,27345.0,-0.024308009073138237,0.010737866163253784,-0.738497793674469
10.0,27349.0,-0.024201232939958572,0.010737866163253784,-0.7616389393806458
10.0,27353.0,-0.02405749447643757,0.010737866163253784,-0.7840131521224976
10.0,27356.0,-0.02394661121070385,0.010737866163253784,-0.8013121485710144
10.0,27360.0,-0.023790555074810982,0.010737866163253784,-0.8208683133125305
10.0,27372.0,-0.0233429167419672,0.00920388475060463,-0.6350728869438171
10.0,27376.0,-0.023207392543554306,0.00920388475060463,-0.6512410640716553
10.0,27379.0,-0.023067761212587357,0.00920388475060463,-0.6730552315711975
10.0,27384.0,-0.022928131744265556,0.00920388475060463,-0.6986662149429321
10.0,27389.0,-0.022747432813048363,0.00920388475060463,-0.7272324562072754
10.0,27393.0,-0.022603696212172508,0.00920388475060463,-0.7424793839454651
10.0,27396.0,-0.022488705813884735,0.00920388475060463,-0.7653436660766602
10.0,27400.0,-0.022336754947900772,0.00920388475060463,-0.7823337912559509
10.0,27404.0,-0.022172484546899796,0.00920388475060463,-0.8079093098640442
10.0,27407.0,-0.02204517461359501,0.00920388475060463,-0.8339930772781372
10.0,27411.0,-0.021872689947485924,0.00920388475060463,-0.8618890047073364
10.0,27414.0,-0.02169199101626873,0.00920388475060463,-0.8832229971885681
10.0,27418.0,-0.02155236154794693,0.0076699042692780495,-0.6481349468231201
10.0,27422.0,-0.021363450214266777,0.0076699042692780495,-0.6740178465843201
10.0,27425.0,-0.021219711750745773,0.0076699042692780495,-0.7097427845001221
10.0,27429.0,-0.021026693284511566,0.0076699042692780495,-0.7353980541229248
10.0,27432.0,-0.02088295668363571,0.0076699042692780495,-0.767701268196106
10.0,27436.0,-0.02069404534995556,0.0076699042692780495,-0.7918933629989624
10.0,27439.0,-0.02050102688372135,0.0076699042692780495,-0.823673665523529
10.0,27443.0,-0.020361395552754402,0.0076699042692780495,-0.8517371416091919
10.0,27449.0,-0.020073922351002693,0.006135923322290182,-0.6207681894302368
10.0,27454.0,-0.019831622019410133,0.006135923322290182,-0.6642675995826721
10.0,27457.0,-0.019691992551088333,0.006135923322290182,-0.6947948336601257
10.0,27462.0,-0.01947433315217495,0.006135923322290182,-0.7203271389007568
10.0,27465.0,-0.019347023218870163,0.006135923322290182,-0.7450396418571472
10.0,27469.0,-0.019174538552761078,0.006135923322290182,-0.7623960971832275
10.0,27472.0,-0.019043121486902237,0.006135923322290182,-0.7857741713523865
10.0,27475.0,-0.01887884922325611,0.006135923322290182,-0.8008099794387817
10.0,27479.0,-0.01875564642250538,0.006135923322290182,-0.8203194737434387
10.0,27483.0,-0.018591376021504402,0.006135923322290182,-0.834549605846405
10.0,27486.0,-0.018464066088199615,0.006135923322290182,-0.8557134866714478
10.0,27490.0,-0.018287474289536476,0.006135923322290182,-0.8718441724777222
10.0,27493.0,-0.018102670088410378,0.006135923322290182,-0.8958730697631836
10.0,27497.0,-0.017963038757443428,0.006135923322290182,-0.9191703200340271
10.0,27501.0,-0.017774127423763275,0.006135923322290182,-0.9444381594657898
10.0,27505.0,-0.01757289469242096,0.006135923322290182,-0.9729276299476624
10.0,27509.0,-0.01735934242606163,0.006135923322290182,-0.9957114458084106
10.0,27512.0,-0.017186857759952545,0.004601942375302315,-0.762150228023529
10.0,27516.0,-0.01694866456091404,0.004601942375302315,-0.7948339581489563
10.0,27520.0,-0.016702258959412575,0.004601942375302315,-0.8389235138893127
10.0,27523.0,-0.016517452895641327,0.004601942375302315,-0.8815430998802185
10.0,27526.0,-0.016271047294139862,0.004601942375302315,-0.9125730395317078
10.0,27530.0,-0.016024639829993248,0.004601942375302315,-0.9527789354324341
10.0,27534.0,-0.01583162136375904,0.003067961661145091,-0.7303149700164795
10.0,27537.0,-0.015568788163363934,0.003067961661145091,-0.7670514583587646
10.0,27541.0,-0.015375769697129726,0.003067961661145091,-0.8132620453834534
10.0,27544.0,-0.015121149830520153,0.003067961661145091,-0.8452290296554565
10.0,27549.0,-0.014882956631481647,0.003067961661145091,-0.8821669220924377
10.0,27552.0,-0.014702258631587029,0.0015339808305725455,-0.6552490592002869
10.0,27556.0,-0.014451744966208935,0.0015339808305725455,-0.6877277493476868
10.0,27568.0,-0.013778233900666237,0.0015339808305725455,-0.78369140625
10.0,27573.0,-0.013540040701627731,0.0015339808305725455,-0.8054212927818298
10.0,27578.0,-0.013347022235393524,0.0015339808305725455,-0.8306583166122437
10.0,27581.0,-0.01320739183574915,0.0015339808305725455,-0.8456481099128723
10.0,27584.0,-0.013014373369514942,0.0015339808305725455,-0.8603273630142212
10.0,27589.0,-0.01282546203583479,0.0015339808305725455,-0.8784937858581543
10.0,27592.0,-0.01268172450363636,0.0015339808305725455,-0.8975013494491577
10.0,27595.0,-0.012480492703616619,0.0015339808305725455,-0.9137506484985352
10.0,27599.0,-0.01233264897018671,0.0015339808305725455,-0.9331040382385254
10.0,27603.0,-0.012135523371398449,0.0015339808305725455,-0.947264552116394
10.0,27606.0,-0.011971252970397472,0.0015339808305725455,-0.9737356305122375
10.0,27610.0,-0.0117412731051445,0.0015339808305725455,-0.995066225528717
10.0,27613.0,-0.011560575105249882,0.0015339808305725455,-1.0267611742019653
10.0,27617.0,-0.011310061439871788,0.0,-0.7868556380271912
10.0,27620.0,-0.011112936772406101,0.0,-0.8294112086296082
10.0,27624.0,-0.010854209773242474,0.0,-0.8692767024040222
10.0,27627.0,-0.010595482774078846,0.0,-0.8979900479316711
10.0,27631.0,-0.010406570509076118,0.0,-0.9329684972763062
10.0,27634.0,-0.0101560577750206,0.0,-0.9588355422019958
10.0,27638.0,-0.009893223643302917,-0.0015339808305725455,-0.7320656776428223
10.0,27642.0,-0.009691991843283176,-0.0015339808305725455,-0.7752262949943542
10.0,27646.0,-0.009433264844119549,-0.0015339808305725455,-0.8043488264083862
10.0,27649.0,-0.009182751178741455,-0.0015339808305725455,-0.8398630023002625
10.0,27653.0,-0.00900616031140089,-0.0015339808305725455,-0.8688985109329224
10.0,27656.0,-0.008767967112362385,-0.0015339808305725455,-0.8917941451072693
10.0,27660.0,-0.008537987247109413,-0.003067961661145091,-0.6540586352348328
10.0,27664.0,-0.008365503512322903,-0.003067961661145091,-0.6839486360549927
10.0,27668.0,-0.00814784411340952,-0.003067961661145091,-0.7102753520011902
10.0,27672.0,-0.00793839804828167,-0.003067961661145091,-0.727147102355957
10.0,27675.0,-0.007786447647958994,-0.003067961661145091,-0.74550461769104
10.0,27679.0,-0.007597535848617554,-0.003067961661145091,-0.7576106786727905
10.0,27682.0,-0.007457905448973179,-0.003067961661145091,-0.7711725234985352
10.0,27685.0,-0.00727720744907856,-0.003067961661145091,-0.7801311016082764
10.0,27689.0,-0.007141683716326952,-0.003067961661145091,-0.7918476462364197
10.0,27693.0,-0.006960985716432333,-0.003067961661145091,-0.8033130764961243
10.0,27698.0,-0.0067392196506261826,-0.003067961661145091,-0.8146085739135742
10.0,27704.0,-0.006484599784016609,-0.003067961661145091,-0.8243476152420044
10.0,27707.0,-0.006349076051265001,-0.003067961661145091,-0.8352462649345398
10.0,27711.0,-0.006164270918816328,-0.003067961661145091,-0.8486127257347107
10.0,27714.0,-0.005971252452582121,-0.003067961661145091,-0.8590990304946899
10.0,27718.0,-0.005765913985669613,-0.003067961661145091,-0.8772516846656799
10.0,27722.0,-0.00561396311968565,-0.003067961661145091,-0.893600344657898
10.0,27726.0,-0.005400410853326321,-0.003067961661145091,-0.909941554069519
10.0,27730.0,-0.005166324321180582,-0.003067961661145091,-0.9361290335655212
10.0,27733.0,-0.004985626321285963,-0.003067961661145091,-0.9642359614372253
10.0,27736.0,-0.004804928321391344,-0.003067961661145091,-0.9844480752944946
10.0,27740.0,-0.00455441465601325,-0.003067961661145091,-1.0069079399108887
10.0,27745.0,-0.004160164389759302,-0.004601942375302315,-0.7947567701339722
10.0,27749.0,-0.0039014373905956745,-0.004601942375302315,-0.8304216265678406
10.0,27753.0,-0.0037125255912542343,-0.004601942375302315,-0.8636837601661682
10.0,27767.0,-0.0028911703266203403,-0.006135923322290182,-0.691149890422821
10.0,27772.0,-0.0026488706935197115,-0.006135923322290182,-0.7052467465400696
10.0,27775.0,-0.0025133469607681036,-0.006135923322290182,-0.7163399457931519
10.0,27779.0,-0.0023326489608734846,-0.006135923322290182,-0.7245051264762878
10.0,27782.0,-0.002209445694461465,-0.006135923322290182,-0.7298457026481628
10.0,27785.0,-0.0020492812618613243,-0.006135923322290182,-0.7324958443641663
10.0,27789.0,-0.0019014374120160937,-0.006135923322290182,-0.7325003147125244
10.0,27793.0,-0.0017905543791130185,-0.006135923322290182,-0.732638418674469
10.0,27796.0,-0.001683778245933354,-0.006135923322290182,-0.7316528558731079
10.0,27800.0,-0.0015359342796728015,-0.006135923322290182,-0.7320458889007568
10.0,27803.0,-0.0014332649298012257,-0.006135923322290182,-0.7300457954406738
10.0,27807.0,-0.0012936345301568508,-0.006135923322290182,-0.7280271649360657
10.0,27811.0,-0.0011622176971286535,-0.004601942375302315,-0.9907026290893555
10.0,27814.0,-0.0010718685807660222,-0.004601942375302315,-0.9781448841094971
10.0,27818.0,-0.0009404517477378249,-0.004601942375302315,-0.9711548686027527
10.0,27821.0,-0.0008254619897343218,-0.004601942375302315,-0.9689863920211792
10.0,27824.0,-0.0006570841651409864,-0.004601942375302315,-0.9732521772384644
10.0,27829.0,-0.00045995894470252097,-0.004601942375302315,-0.9860792756080627
10.0,27832.0,-0.0002997946576215327,-0.004601942375302315,-1.003962755203247
10.0,27836.0,-8.21355206426233e-05,-0.006135923322290182,-0.7530212998390198
10.0,27839.0,0.00015605748922098428,-0.006135923322290182,-0.7840338945388794
10.0,27843.0,0.0003285420825704932,-0.006135923322290182,-0.811427116394043
10.0,27846.0,0.0005544147570617497,-0.006135923322290182,-0.8301143646240234
10.0,27850.0,0.0007227925816550851,-0.006135923322290182,-0.8535014986991882
10.0,27854.0,0.0009363449644297361,-0.006135923322290182,-0.8685980439186096
10.0,27857.0,0.001092402497306466,-0.0076699042692780495,-0.6213834285736084
10.0,27861.0,0.0013141683302819729,-0.0076699042692780495,-0.6478558778762817
10.0,27864.0,0.001466119079850614,-0.0076699042692780495,-0.6621572375297546
10.0,27868.0,0.0016591375460848212,-0.0076699042692780495,-0.6748269200325012
10.0,27871.0,0.0017905543791130185,-0.0076699042692780495,-0.6850904822349548
10.0,27875.0,0.0019507186952978373,-0.0076699042692780495,-0.6893123984336853
10.0,27879.0,0.0020985626615583897,-0.0076699042692780495,-0.6913526654243469
10.0,27883.0,0.0022710473276674747,-0.0076699042692780495,-0.6900159120559692
10.0,27887.0,0.0023613963276147842,-0.0076699042692780495,-0.685097336769104
10.0,27892.0,0.002501026727259159,-0.0076699042692780495,-0.6738346815109253
10.0,27895.0,0.0025749485939741135,-0.0076699042692780495,-0.6611198782920837
10.0,27899.0,0.0026652978267520666,-0.0076699042692780495,-0.6493204236030579
10.0,27902.0,0.002722792560234666,-0.006135923322290182,-0.8951482772827148
10.0,27905.0,0.0027885010931640863,-0.006135923322290182,-0.8745627403259277
10.0,27909.0,0.0028418891597539186,-0.006135923322290182,-0.8494786620140076
10.0,27913.0,0.002915811026468873,-0.006135923322290182,-0.8330486416816711
10.0,27916.0,0.002977412659674883,-0.006135923322290182,-0.8185040354728699
10.0,27920.0,0.003071868559345603,-0.006135923322290182,-0.8038880228996277
10.0,27923.0,0.003145790658891201,-0.006135923322290182,-0.7912970185279846
10.0,27926.0,0.003248459892347455,-0.006135923322290182,-0.7836167812347412
10.0,27930.0,0.0033511293586343527,-0.004601942375302315,-1.0418225526809692
10.0,27934.0,0.0034332647919654846,-0.004601942375302315,-1.0273998975753784
10.0,27937.0,0.0035482547245919704,-0.004601942375302315,-1.0204241275787354
10.0,27942.0,0.0036796715576201677,-0.004601942375302315,-1.0151610374450684
10.0,27945.0,0.0038275152910500765,-0.004601942375302315,-1.0157476663589478
10.0,27959.0,0.004381929989904165,-0.006135923322290182,-0.7888534665107727
10.0,27963.0,0.004529774188995361,-0.006135923322290182,-0.7945742607116699
10.0,27966.0,0.004665297921746969,-0.006135923322290182,-0.7948088645935059
10.0,27970.0,0.004804928321391344,-0.006135923322290182,-0.7979292869567871
10.0,27974.0,0.004911704454571009,-0.006135923322290182,-0.8009752631187439
10.0,27977.0,0.005018480587750673,-0.006135923322290182,-0.8055042028427124
10.0,27981.0,0.005170430988073349,-0.006135923322290182,-0.8140396475791931
10.0,27985.0,0.005322381854057312,-0.006135923322290182,-0.8183335661888123
10.0,27989.0,0.005474332720041275,-0.006135923322290182,-0.8253545165061951
10.0,27992.0,0.0055893221870064735,-0.006135923322290182,-0.8322895765304565
10.0,27996.0,0.0057453797198832035,-0.006135923322290182,-0.8418281078338623
10.0,28000.0,0.005909651052206755,-0.006135923322290182,-0.8525466918945312
10.0,28003.0,0.006036960985511541,-0.0076699042692780495,-0.5962105989456177
10.0,28006.0,0.006168378051370382,-0.0076699042692780495,-0.611107349395752
10.0,28010.0,0.006344969384372234,-0.0076699042692780495,-0.6295446753501892
10.0,28014.0,0.006505133584141731,-0.0076699042692780495,-0.6396854519844055
10.0,28018.0,0.006644763983786106,-0.0076699042692780495,-0.6466799378395081
10.0,28021.0,0.0067433263175189495,-0.0076699042692780495,-0.6495587229728699
10.0,28025.0,0.006866529583930969,-0.0076699042692780495,-0.6514281034469604
10.0,28029.0,0.006985626183450222,-0.0076699042692780495,-0.651753306388855
10.0,28032.0,0.007067761849611998,-0.0076699042692780495,-0.6495321989059448
10.0,28036.0,0.007178644649684429,-0.0076699042692780495,-0.6476866602897644
10.0,28040.0,0.00727720744907856,-0.0076699042692780495,-0.6418695449829102
10.0,28043.0,0.00734291598200798,-0.0076699042692780495,-0.6323926448822021
10.0,28046.0,0.0074045173823833466,-0.0076699042692780495,-0.6246028542518616
10.0,28050.0,0.007478439249098301,-0.0076699042692780495,-0.6106531023979187
10.0,28054.0,0.007548254448920488,-0.0076699042692780495,-0.600954532623291
10.0,28057.0,0.007593429181724787,-0.0076699042692780495,-0.5854277610778809
10.0,28061.0,0.007659137714654207,-0.0076699042692780495,-0.5705839395523071
10.0,28064.0,0.0077166324481368065,-0.006135923322290182,-0.8280160427093506
10.0,28069.0,0.007765913847833872,-0.006135923322290182,-0.804299533367157
10.0,28073.0,0.007815195247530937,-0.006135923322290182,-0.7774273157119751
10.0,28078.0,0.007889117114245892,-0.006135923322290182,-0.7532802820205688
10.0,28082.0,0.007946612313389778,-0.006135923322290182,-0.7404963374137878
10.0,28085.0,0.007987679913640022,-0.006135923322290182,-0.721865177154541
10.0,28089.0,0.0080369608476758,-0.006135923322290182,-0.707430362701416
10.0,28093.0,0.008078028447926044,-0.006135923322290182,-0.6862476468086243
10.0,28096.0,0.00810266938060522,-0.006135923322290182,-0.66327303647995
10.0,28100.0,0.008127310313284397,-0.004601942375302315,-0.910897433757782
10.0,28103.0,0.00814784411340952,-0.004601942375302315,-0.8796515464782715
10.0,28107.0,0.008176591247320175,-0.004601942375302315,-0.8523696064949036
10.0,28111.0,0.008201232179999352,-0.004601942375302315,-0.8275379538536072
10.0,28114.0,0.008242299780249596,-0.004601942375302315,-0.81227707862854
10.0,28118.0,0.008275154046714306,-0.004601942375302315,-0.7931389808654785
10.0,28121.0,0.008320328779518604,-0.004601942375302315,-0.7789961695671082
10.0,28125.0,0.008357289247214794,-0.003067961661145091,-1.0310581922531128
10.0,28129.0,0.008410677313804626,-0.003067961661145091,-1.0160400867462158
10.0,28132.0,0.008451745845377445,-0.003067961661145091,-0.9976736903190613
10.0,28135.0,0.008533881045877934,-0.003067961661145091,-0.9917960166931152
10.0,28139.0,0.008611910045146942,-0.003067961661145091,-0.9892396926879883
10.0,28151.0,0.00901026651263237,-0.004601942375302315,-0.7529018521308899
10.0,28154.0,0.009137577377259731,-0.004601942375302315,-0.7638395428657532
10.0,28158.0,0.009223819710314274,-0.004601942375302315,-0.7705183625221252
10.0,28161.0,0.009305954910814762,-0.004601942375302315,-0.7727550268173218
10.0,28165.0,0.009408623911440372,-0.004601942375302315,-0.7766618728637695
10.0,28169.0,0.009515400044620037,-0.004601942375302315,-0.778911292552948
10.0,28172.0,0.0095975361764431,-0.004601942375302315,-0.7841622829437256
10.0,28176.0,0.009708418510854244,-0.004601942375302315,-0.7893640398979187
10.0,28180.0,0.009823408909142017,-0.004601942375302315,-0.794219970703125
10.0,28183.0,0.00994250550866127,-0.006135923322290182,-0.5365277528762817
10.0,28186.0,0.010032854042947292,-0.006135923322290182,-0.5470097064971924
10.0,28190.0,0.010119096376001835,-0.006135923322290182,-0.5575196743011475
10.0,28193.0,0.010209445841610432,-0.006135923322290182,-0.5595198273658752
10.0,28199.0,0.010303901508450508,-0.006135923322290182,-0.5579732656478882
10.0,28204.0,0.010373716242611408,-0.006135923322290182,-0.5463669896125793
10.0,28207.0,0.010422998107969761,-0.006135923322290182,-0.5395508408546448
10.0,28211.0,0.010455852374434471,-0.006135923322290182,-0.5281693935394287
10.0,28215.0,0.010488706640899181,-0.006135923322290182,-0.5179643630981445
10.0,28219.0,0.010521560907363892,-0.006135923322290182,-0.5048732757568359
10.0,28222.0,0.01053798757493496,-0.004601942375302315,-0.753578782081604
10.0,28225.0,0.010558521375060081,-0.004601942375302315,-0.7361675500869751
10.0,28229.0,0.010583162307739258,-0.004601942375302315,-0.7233209609985352
10.0,28232.0,0.010620122775435448,-0.004601942375302315,-0.708172082901001
10.0,28236.0,0.010652977041900158,-0.004601942375302315,-0.6963518857955933
10.0,28240.0,0.01070636510848999,-0.004601942375302315,-0.69017094373703
10.0,28244.0,0.010763860307633877,-0.004601942375302315,-0.6831914782524109
10.0,28247.0,0.010809035040438175,-0.004601942375302315,-0.6779241561889648
10.0,28251.0,0.010870636440813541,-0.004601942375302315,-0.6729400753974915
10.0,28255.0,0.010932237841188908,-0.004601942375302315,-0.6690359115600586
10.0,28260.0,0.011010266840457916,-0.004601942375302315,-0.6637757420539856
10.0,28264.0,0.01108418870717287,-0.004601942375302315,-0.6576045751571655
10.0,28268.0,0.011121150106191635,-0.004601942375302315,-0.6511278748512268
10.0,28272.0,0.011174538172781467,-0.004601942375302315,-0.6454687714576721
10.0,28276.0,0.0112279262393713,-0.004601942375302315,-0.639602780342102
10.0,28280.0,0.011281314305961132,-0.004601942375302315,-0.6340459585189819
10.0,28283.0,0.011318274773657322,-0.004601942375302315,-0.6287860870361328
10.0,28287.0,0.011371662840247154,-0.004601942375302315,-0.6240077614784241
10.0,28290.0,0.011416837573051453,-0.004601942375302315,-0.6205829381942749
10.0,28294.0,0.011470225639641285,-0.004601942375302315,-0.6174832582473755
10.0,28297.0,0.011523613706231117,-0.004601942375302315,-0.613127589225769
10.0,28301.0,0.011564681306481361,-0.004601942375302315,-0.6103651523590088
10.0,28305.0,0.011613963171839714,-0.004601942375302315,-0.6050744652748108
10.0,28309.0,0.011659137904644012,-0.004601942375302315,-0.5987457633018494
10.0,28312.0,0.011691992171108723,-0.004601942375302315,-0.5913918018341064
10.0,28315.0,0.011728952638804913,-0.004601942375302315,-0.5854465961456299
10.0,28319.0,0.011753593571484089,-0.004601942375302315,-0.5760637521743774
10.0,28323.0,0.011782340705394745,-0.004601942375302315,-0.5679625272750854
10.0,28326.0,0.011798768304288387,-0.004601942375302315,-0.5566961169242859
10.0,28330.0,0.011823408305644989,-0.004601942375302315,-0.5478988289833069
10.0,28333.0,0.011835728771984577,-0.004601942375302315,-0.53481125831604
10.0,28346.0,0.011868583038449287,-0.004601942375302315,-0.4921875
10.0,28350.0,0.011872690171003342,-0.003067961661145091,-0.7413038611412048
10.0,28353.0,0.011872690171003342,-0.003067961661145091,-0.7212656736373901
10.0,28357.0,0.01188501063734293,-0.003067961661145091,-0.704710066318512
10.0,28361.0,0.011901437304913998,-0.003067961661145091,-0.6937354803085327
10.0,28364.0,0.01191786490380764,-0.003067961661145091,-0.6823119521141052
10.0,28368.0,0.011942504905164242,-0.003067961661145091,-0.6713941693305969
10.0,28371.0,0.011963038705289364,-0.003067961661145091,-0.6641930937767029
10.0,28375.0,0.011991786770522594,-0.003067961661145091,-0.657232403755188
10.0,28379.0,0.012016426771879196,-0.003067961661145091,-0.6474055647850037
10.0,28383.0,0.01205338817089796,-0.003067961661145091,-0.6377235054969788
10.0,28389.0,0.012086242437362671,-0.003067961661145091,-0.6272748112678528
10.0,28392.0,0.012106776237487793,-0.003067961661145091,-0.6187810301780701
10.0,28395.0,0.012127310037612915,-0.003067961661145091,-0.6119853854179382
10.0,28399.0,0.012147843837738037,-0.003067961661145091,-0.6041689515113831
10.0,28402.0,0.01216837763786316,-0.003067961661145091,-0.597888171672821
10.0,28406.0,0.012180698104202747,-0.003067961661145091,-0.5880404114723206
10.0,28410.0,0.01220123190432787,-0.003067961661145091,-0.582275390625
10.0,28413.0,0.012209445238113403,-0.003067961661145091,-0.5717647671699524
10.0,28417.0,0.012225872837007046,-0.003067961661145091,-0.5651856064796448
10.0,28420.0,0.012242299504578114,-0.003067961661145091,-0.5567463040351868
10.0,28424.0,0.012250513769686222,-0.003067961661145091,-0.5493280291557312
10.0,28427.0,0.012254619970917702,-0.003067961661145091,-0.5389071106910706
10.0,28431.0,0.012262833304703236,-0.003067961661145091,-0.5289092659950256
10.0,28434.0,0.01226694043725729,-0.003067961661145091,-0.5196717977523804
10.0,28438.0,0.012271047569811344,-0.003067961661145091,-0.5091241598129272
10.0,28441.0,0.012271047569811344,-0.003067961661145091,-0.5004972219467163
10.0,28445.0,0.012271047569811344,-0.003067961661145091,-0.48670271039009094
10.0,28450.0,0.012271047569811344,-0.0015339808305725455,-0.7390008568763733
10.0,28455.0,0.012271047569811344,-0.0015339808305725455,-0.7244349718093872
10.0,28459.0,0.012279260903596878,-0.0015339808305725455,-0.7118056416511536
10.0,28463.0,0.012291581369936466,-0.0015339808305725455,-0.7033430337905884
10.0,28466.0,0.012303901836276054,-0.0015339808305725455,-0.6964780688285828
10.0,28469.0,0.012324435636401176,-0.0015339808305725455,-0.6890262961387634
10.0,28473.0,0.012340862303972244,-0.0015339808305725455,-0.6818952560424805
10.0,28476.0,0.012357289902865887,-0.0015339808305725455,-0.678432285785675
10.0,28480.0,0.012386037036776543,-0.0015339808305725455,-0.6751113533973694
10.0,28483.0,0.01240246370434761,-0.0015339808305725455,-0.6699830293655396
10.0,28486.0,0.012427104637026787,-0.0015339808305725455,-0.6656182408332825
10.0,28490.0,0.012447638437151909,-0.003067961661145091,-0.3938113749027252
10.0,28494.0,0.012472279369831085,-0.003067961661145091,-0.39430537819862366
10.0,28497.0,0.012488706037402153,-0.003067961661145091,-0.39317822456359863
10.0,28501.0,0.012488706037402153,-0.003067961661145091,-0.38678255677223206
10.0,28504.0,0.012488706037402153,-0.003067961661145091,-0.3821614682674408
10.0,28508.0,0.012488706037402153,-0.0015339808305725455,-0.6431384682655334
10.0,28512.0,0.012488706037402153,-0.0015339808305725455,-0.6314672827720642
10.0,28515.0,0.012492813169956207,-0.0015339808305725455,-0.6243695616722107
10.0,28519.0,0.012501026503741741,-0.0015339808305725455,-0.6161548495292664
10.0,28523.0,0.012505133636295795,-0.0015339808305725455,-0.6069455742835999
10.0,28526.0,0.012509239837527275,-0.0015339808305725455,-0.6006338000297546
10.0,28539.0,0.012517454102635384,-0.0015339808305725455,-0.5724326968193054
10.0,28543.0,0.012521560303866863,-0.0015339808305725455,-0.5671772956848145
10.0,28546.0,0.012521560303866863,-0.0015339808305725455,-0.5586647987365723
10.0,28550.0,0.012521560303866863,-0.0015339808305725455,-0.5525110960006714
10.0,28553.0,0.012521560303866863,-0.0015339808305725455,-0.5446024537086487
10.0,28557.0,0.012521560303866863,-0.0015339808305725455,-0.537020206451416
10.0,28561.0,0.012525667436420918,-0.0015339808305725455,-0.5328709483146667
10.0,28564.0,0.012525667436420918,-0.0015339808305725455,-0.5257818102836609
10.0,28568.0,0.012525667436420918,-0.0015339808305725455,-0.5189868807792664
10.0,28572.0,0.012525667436420918,-0.0015339808305725455,-0.5124744772911072
10.0,28577.0,0.012525667436420918,-0.0015339808305725455,-0.5047144293785095
10.0,28581.0,0.012525667436420918,-0.0015339808305725455,-0.4987977147102356
10.0,28584.0,0.012525667436420918,-0.0015339808305725455,-0.49452346563339233
10.0,28589.0,0.012525667436420918,-0.0015339808305725455,-0.4890342652797699
10.0,28592.0,0.012525667436420918,-0.0015339808305725455,-0.48377612233161926
10.0,28595.0,0.012525667436420918,-0.0015339808305725455,-0.4799787104129791
10.0,28599.0,0.012525667436420918,-0.0015339808305725455,-0.47630247473716736
10.0,28603.0,0.012525667436420918,-0.0015339808305725455,-0.4715830683708191
10.0,28606.0,0.012525667436420918,-0.0015339808305725455,-0.46706441044807434
10.0,28610.0,0.012525667436420918,-0.0015339808305725455,-0.46380242705345154
10.0,28613.0,0.012525667436420918,-0.0015339808305725455,-0.4596162736415863
10.0,28617.0,0.012525667436420918,-0.0015339808305725455,-0.4565950334072113
10.0,28620.0,0.012525667436420918,-0.0015339808305725455,-0.4527187943458557
10.0,28624.0,0.012525667436420918,-0.0015339808305725455,-0.44992196559906006
10.0,28627.0,0.012525667436420918,-0.0015339808305725455,-0.4463345408439636
10.0,28631.0,0.012525667436420918,-0.0015339808305725455,-0.4429033696651459
10.0,28635.0,0.012525667436420918,-0.0015339808305725455,-0.4404287338256836
10.0,28639.0,0.012525667436420918,-0.0015339808305725455,-0.4372561573982239
10.0,28642.0,0.012525667436420918,-0.0015339808305725455,-0.43422338366508484
10.0,28645.0,0.012525667436420918,-0.0015339808305725455,-0.43203723430633545
10.0,28649.0,0.012525667436420918,-0.0015339808305725455,-0.4292360246181488
10.0,28653.0,0.012525667436420918,-0.0015339808305725455,-0.4272175133228302
10.0,28656.0,0.012525667436420918,-0.0015339808305725455,-0.42463216185569763
10.0,28660.0,0.012525667436420918,-0.0015339808305725455,-0.4221634268760681
10.0,28663.0,0.012525667436420918,-0.0015339808305725455,-0.4203857183456421
10.0,28666.0,0.012525667436420918,-0.0015339808305725455,-0.4186691641807556
10.0,28670.0,0.012525667436420918,-0.0015339808305725455,-0.4164724349975586
10.0,28674.0,0.012525667436420918,-0.0015339808305725455,-0.4143770933151245
10.0,28677.0,0.012525667436420918,-0.0015339808305725455,-0.4128696918487549
10.0,28681.0,0.012525667436420918,-0.0015339808305725455,-0.4109421968460083
10.0,28684.0,0.012525667436420918,-0.0015339808305725455,-0.4095563292503357
10.0,28688.0,0.012525667436420918,-0.0015339808305725455,-0.4077853262424469
10.0,28692.0,0.012525667436420918,-0.0015339808305725455,-0.4060989022254944
10.0,28695.0,0.012525667436420918,-0.0015339808305725455,-0.4041047692298889
10.0,28701.0,0.012525667436420918,-0.0015339808305725455,-0.40259668231010437
10.0,28705.0,0.012525667436420918,-0.0015339808305725455,-0.4011628329753876
10.0,28709.0,0.012525667436420918,-0.0015339808305725455,-0.400134414434433
10.0,28712.0,0.012525667436420918,-0.003067961661145091,-0.13342948257923126
10.0,28716.0,0.012525667436420918,-0.003067961661145091,-0.1381092518568039
10.0,28720.0,0.012525667436420918,-0.003067961661145091,-0.14150740206241608
10.0,28732.0,0.012525667436420918,-0.003067961661145091,-0.1551978439092636
10.0,28736.0,0.012525667436420918,-0.003067961661145091,-0.15813307464122772
10.0,28740.0,0.012525667436420918,-0.003067961661145091,-0.1619245558977127
10.0,28743.0,0.012525667436420918,-0.003067961661145091,-0.1673610508441925
10.0,28749.0,0.012525667436420918,-0.003067961661145091,-0.17082594335079193
10.0,28752.0,0.012525667436420918,-0.003067961661145091,-0.1733444184064865
10.0,28756.0,0.012525667436420918,-0.003067961661145091,-0.17659945785999298
10.0,28760.0,0.012525667436420918,-0.003067961661145091,-0.1789660006761551
10.0,28764.0,0.012525667436420918,-0.003067961661145091,-0.18277359008789062
10.0,28769.0,0.012525667436420918,-0.003067961661145091,-0.18570145964622498
10.0,28772.0,0.012525667436420918,-0.003067961661145091,-0.18852879106998444
10.0,28776.0,0.012525667436420918,-0.003067961661145091,-0.1905856728553772
10.0,28780.0,0.012525667436420918,-0.003067961661145091,-0.19324645400047302
10.0,28783.0,0.012525667436420918,-0.003067961661145091,-0.19581718742847443
10.0,28786.0,0.012521560303866863,-0.003067961661145091,-0.19635739922523499
10.0,28791.0,0.012521560303866863,-0.003067961661145091,-0.19882649183273315
10.0,28794.0,0.012521560303866863,-0.003067961661145091,-0.20121312141418457
10.0,28798.0,0.012521560303866863,-0.003067961661145091,-0.2035204917192459
10.0,28802.0,0.012521560303866863,-0.003067961661145091,-0.20575173199176788
10.0,28805.0,0.012521560303866863,-0.003067961661145091,-0.20737703144550323
10.0,28809.0,0.012521560303866863,-0.003067961661145091,-0.20948220789432526
10.0,28812.0,0.012521560303866863,-0.003067961661145091,-0.2110162228345871
10.0,28816.0,0.012521560303866863,-0.003067961661145091,-0.21251307427883148
10.0,28820.0,0.012521560303866863,-0.003067961661145091,-0.21445289254188538
10.0,28823.0,0.012521560303866863,-0.004601942375302315,0.04906291514635086
10.0,28826.0,0.012521560303866863,-0.004601942375302315,0.04322786256670952
10.0,28830.0,0.012521560303866863,-0.004601942375302315,0.037557728588581085
10.0,28833.0,0.012521560303866863,-0.004601942375302315,0.031600769609212875
10.0,28837.0,0.012517454102635384,-0.004601942375302315,0.026260212063789368
10.0,28840.0,0.012517454102635384,-0.004601942375302315,0.01937243901193142
10.0,28844.0,0.01251334697008133,-0.004601942375302315,0.015706438571214676
10.0,28847.0,0.01251334697008133,-0.004601942375302315,0.009213611483573914
10.0,28851.0,0.01251334697008133,-0.004601942375302315,0.004502679221332073
10.0,28854.0,0.01251334697008133,-0.004601942375302315,-0.0015745824202895164
10.0,28858.0,0.01251334697008133,-0.004601942375302315,-0.007427174132317305
10.0,28861.0,0.01251334697008133,-0.004601942375302315,-0.011674497276544571
10.0,28865.0,0.01251334697008133,-0.004601942375302315,-0.015804056078195572
10.0,28868.0,0.012509239837527275,-0.004601942375302315,-0.01978984847664833
10.0,28872.0,0.012509239837527275,-0.004601942375302315,-0.02497147209942341
10.0,28875.0,0.012509239837527275,-0.004601942375302315,-0.028732962906360626
10.0,28879.0,0.012509239837527275,-0.004601942375302315,-0.033588066697120667
10.0,28884.0,0.012509239837527275,-0.004601942375302315,-0.03940949961543083
10.0,28889.0,0.012509239837527275,-0.004601942375302315,-0.044968634843826294
10.0,28893.0,0.012509239837527275,-0.006135923322290182,0.21721045672893524
10.0,28896.0,0.012509239837527275,-0.006135923322290182,0.20713472366333008
10.0,28900.0,0.012505133636295795,-0.006135923322290182,0.20117239654064178
10.0,28903.0,0.012501026503741741,-0.006135923322290182,0.193038672208786
10.0,28906.0,0.012492813169956207,-0.006135923322290182,0.18882618844509125
10.0,28911.0,0.012488706037402153,-0.006135923322290182,0.18116797506809235
10.0,28914.0,0.012484599836170673,-0.006135923322290182,0.17378945648670197
10.0,28927.0,0.012480492703616619,-0.006135923322290182,0.1488143503665924
10.0,28931.0,0.012480492703616619,-0.006135923322290182,0.14133931696414948
10.0,28934.0,0.012480492703616619,-0.006135923322290182,0.1359173059463501
10.0,28938.0,0.012480492703616619,-0.006135923322290182,0.1289246529340744
10.0,28942.0,0.012480492703616619,-0.006135923322290182,0.39063942432403564
10.0,28945.0,0.012480492703616619,-0.0076699042692780495,0.3811994791030884
10.0,28950.0,0.01247638650238514,-0.0076699042692780495,0.3673971891403198
10.0,28954.0,0.012464066036045551,-0.0076699042692780495,0.35976752638816833
10.0,28958.0,0.012455851770937443,-0.0076699042692780495,0.35245081782341003
10.0,28962.0,0.01244353223592043,-0.0076699042692780495,0.3468128442764282
10.0,28965.0,0.012431211769580841,-0.0076699042692780495,0.33999356627464294
10.0,28969.0,0.012422997504472733,-0.0076699042692780495,0.33344322443008423
10.0,28972.0,0.012414784170687199,-0.0076699042692780495,0.3270264267921448
10.0,28976.0,0.012410677969455719,-0.0076699042692780495,0.3207831382751465
10.0,28980.0,0.012406570836901665,-0.0076699042692780495,0.31229203939437866
10.0,28983.0,0.012406570836901665,-0.0076699042692780495,0.30280694365501404
10.0,28986.0,0.01240246370434761,-0.0076699042692780495,0.29728490114212036
10.0,28990.0,0.01240246370434761,-0.00920388475060463,0.5552830100059509
10.0,28993.0,0.01240246370434761,-0.00920388475060463,0.5443082451820374
10.0,28997.0,0.01240246370434761,-0.00920388475060463,0.5315228700637817
10.0,29001.0,0.012390144169330597,-0.00920388475060463,0.5218813419342041
10.0,29005.0,0.012373716570436954,-0.00920388475060463,0.515900194644928
10.0,29009.0,0.012353182770311832,-0.00920388475060463,0.5095522403717041
10.0,29012.0,0.012336756102740765,-0.00920388475060463,0.5034525990486145
10.0,29016.0,0.012316221371293068,-0.00920388475060463,0.4993803799152374
10.0,29019.0,0.012291581369936466,-0.00920388475060463,0.4950680136680603
10.0,29023.0,0.012275153771042824,-0.00920388475060463,0.4895857572555542
10.0,29026.0,0.012258727103471756,-0.00920388475060463,0.4873065650463104
10.0,29030.0,0.01223408617079258,-0.010737866163253784,0.7475612163543701
10.0,29033.0,0.012213552370667458,-0.010737866163253784,0.7397244572639465
10.0,29037.0,0.012193018570542336,-0.010737866163253784,0.7332324981689453
10.0,29041.0,0.012143736705183983,-0.010737866163253784,0.7323451042175293
10.0,29044.0,0.012082135304808617,-0.010737866163253784,0.7357648015022278
10.0,29048.0,0.012024641036987305,-0.010737866163253784,0.744236409664154
10.0,29051.0,0.011942504905164242,-0.010737866163253784,0.7514172196388245
10.0,29055.0,0.011868583038449287,-0.010737866163253784,0.7660833597183228
10.0,29059.0,0.011765914037823677,-0.010737866163253784,0.7781145572662354
10.0,29062.0,0.011683777906000614,-0.00920388475060463,0.5274763107299805
10.0,29065.0,0.011564681306481361,-0.00920388475060463,0.547360897064209
10.0,29069.0,0.011478438973426819,-0.00920388475060463,0.571278989315033
10.0,29074.0,0.011355236172676086,-0.00920388475060463,0.5876896381378174
10.0,29078.0,0.011252567172050476,-0.00920388475060463,0.6024215221405029
10.0,29082.0,0.011203285306692123,-0.00920388475060463,0.6084735989570618
10.0,29086.0,0.011141683906316757,-0.00920388475060463,0.6115685701370239
10.0,29090.0,0.011080082505941391,-0.00920388475060463,0.616028368473053
10.0,29093.0,0.011039013974368572,-0.00920388475060463,0.6177122592926025
10.0,29096.0,0.010993840172886848,-0.00920388475060463,0.6206274628639221
10.0,29100.0,0.010936344973742962,-0.00920388475060463,0.6235334277153015
10.0,29103.0,0.01088295690715313,-0.00920388475060463,0.6250093579292297
10.0,29107.0,0.010841889306902885,-0.010737866163253784,0.891754686832428
10.0,29120.0,0.010624229907989502,-0.010737866163253784,0.8937156200408936
10.0,29123.0,0.010533880442380905,-0.010737866163253784,0.9002419710159302
10.0,29127.0,0.01045995857566595,-0.010737866163253784,0.9105133414268494
10.0,29131.0,0.010353182442486286,-0.010737866163253784,0.924516499042511
10.0,29134.0,0.010266940109431744,-0.010737866163253784,0.9370847344398499
10.0,29138.0,0.010131416842341423,-0.010737866163253784,0.9533718228340149
10.0,29143.0,0.00994250550866127,-0.00920388475060463,0.7271960973739624
10.0,29146.0,0.009815194644033909,-0.00920388475060463,0.7533149719238281
10.0,29150.0,0.009650924243032932,-0.00920388475060463,0.7857301235198975
10.0,29153.0,0.00949897337704897,-0.00920388475060463,0.8076435327529907
10.0,29157.0,0.00938809011131525,-0.00920388475060463,0.8342388868331909
10.0,29161.0,0.009244353510439396,-0.00920388475060463,0.8586238026618958
10.0,29165.0,0.009096508845686913,-0.00920388475060463,0.8773899078369141
