State,Step,X,Theta,U
10.0,99921.0,0.057486653327941895,-0.18561168015003204,28.27219009399414
10.0,99925.0,0.05750718712806702,-0.18561168015003204,28.279653549194336
10.0,99929.0,0.057515401393175125,-0.18561168015003204,28.284276962280273
10.0,99933.0,0.057515401393175125,-0.18561168015003204,28.295164108276367
10.0,99937.0,0.057515401393175125,-0.18561168015003204,28.300670623779297
10.0,99941.0,0.057515401393175125,-0.18561168015003204,28.30767250061035
10.0,99945.0,0.057515401393175125,-0.18561168015003204,28.315935134887695
10.0,99949.0,0.057515401393175125,-0.18561168015003204,28.320629119873047
10.0,99954.0,0.057515401393175125,-0.18561168015003204,28.3294734954834
10.0,99959.0,0.057515401393175125,-0.18561168015003204,28.334978103637695
10.0,99963.0,0.057515401393175125,-0.18561168015003204,28.340181350708008
10.0,99967.0,0.057515401393175125,-0.1871456652879715,28.48434829711914
10.0,99971.0,0.057515401393175125,-0.1871456652879715,28.488920211791992
10.0,99976.0,0.057515401393175125,-0.1871456652879715,28.494277954101562
10.0,99980.0,0.057515401393175125,-0.1871456652879715,28.49827766418457
10.0,99984.0,0.057515401393175125,-0.1871456652879715,28.502042770385742
10.0,99989.0,0.057515401393175125,-0.1871456652879715,28.50641632080078
10.0,99993.0,0.057515401393175125,-0.1871456652879715,28.509679794311523
10.0,99998.0,0.057515401393175125,-0.1871456652879715,28.512725830078125
10.0,100002.0,0.057515401393175125,-0.1871456652879715,28.516258239746094
10.0,100007.0,0.057515401393175125,-0.18867963552474976,28.65753936767578
10.0,100011.0,0.057515401393175125,-0.18867963552474976,28.659337997436523
10.0,100015.0,0.057515401393175125,-0.18867963552474976,28.661582946777344
10.0,100018.0,0.05751129239797592,-0.18867963552474976,28.664852142333984
10.0,100024.0,0.05751129239797592,-0.18867963552474976,28.66670799255371
10.0,100028.0,0.05751129239797592,-0.18867963552474976,28.668397903442383
10.0,100032.0,0.05751129239797592,-0.18867963552474976,28.670299530029297
10.0,100036.0,0.05750718712806702,-0.1902136206626892,28.810108184814453
10.0,100039.0,0.05750718712806702,-0.1902136206626892,28.811351776123047
10.0,100043.0,0.05750308185815811,-0.1902136206626892,28.814163208007812
10.0,100047.0,0.05749897286295891,-0.1902136206626892,28.81462287902832
10.0,100050.0,0.05749486759305,-0.1902136206626892,28.818138122558594
10.0,100054.0,0.057486653327941895,-0.1902136206626892,28.81829833984375
10.0,100058.0,0.057486653327941895,-0.19174760580062866,28.956912994384766
10.0,100062.0,0.05748254805803299,-0.19174760580062866,28.958065032958984
10.0,100066.0,0.05747022479772568,-0.19174760580062866,28.96170997619629
10.0,100070.0,0.05746201053261757,-0.19174760580062866,28.964061737060547
10.0,100074.0,0.057449690997600555,-0.19174760580062866,28.9642391204834
10.0,100078.0,0.05744147673249245,-0.19328159093856812,29.103601455688477
10.0,100085.0,0.05743326619267464,-0.19328159093856812,29.10648536682129
10.0,100090.0,0.05741683766245842,-0.19328159093856812,29.108779907226562
10.0,100094.0,0.0573963038623333,-0.19481556117534637,29.249080657958984
10.0,100098.0,0.05737987533211708,-0.19481556117534637,29.251874923706055
10.0,100102.0,0.057355236262083054,-0.19481556117534637,29.257171630859375
10.0,100106.0,0.05732238292694092,-0.19481556117534637,29.261728286743164
10.0,100110.0,0.05728542059659958,-0.19481556117534637,29.265716552734375
10.0,100115.0,0.05722792446613312,-0.19634954631328583,29.412729263305664
10.0,100119.0,0.05718275159597397,-0.19634954631328583,29.422529220581055
10.0,100131.0,0.056973304599523544,-0.19634954631328583,29.452972412109375
10.0,100135.0,0.056891169399023056,-0.19788353145122528,29.60185432434082
10.0,100140.0,0.05677207559347153,-0.19788353145122528,29.61762237548828
10.0,100144.0,0.056657083332538605,-0.19788353145122528,29.633241653442383
10.0,100147.0,0.056525666266679764,-0.19788353145122528,29.65238380432129
10.0,100151.0,0.05641067773103714,-0.19788353145122528,29.676403045654297
10.0,100157.0,0.05616016313433647,-0.19788353145122528,29.714048385620117
10.0,100161.0,0.055967144668102264,-0.19788353145122528,29.733449935913086
10.0,100165.0,0.05577002093195915,-0.19788353145122528,29.759469985961914
10.0,100168.0,0.055605750530958176,-0.19788353145122528,29.793325424194336
10.0,100172.0,0.05535934120416641,-0.19634954631328583,29.689897537231445
10.0,100176.0,0.055092401802539825,-0.19634954631328583,29.726980209350586
10.0,100180.0,0.05480903387069702,-0.19634954631328583,29.754844665527344
10.0,100183.0,0.05452566593885422,-0.19634954631328583,29.79195213317871
10.0,100187.0,0.0542299784719944,-0.19481556117534637,29.460596084594727
10.0,100191.0,0.05400000140070915,-0.19481556117534637,29.729686737060547
10.0,100195.0,0.05368788540363312,-0.19481556117534637,29.76691246032715
10.0,100199.0,0.05337166413664818,-0.19481556117534637,29.794769287109375
10.0,100204.0,0.052977412939071655,-0.19328159093856812,29.711658477783203
10.0,100208.0,0.052661191672086716,-0.19328159093856812,29.745819091796875
10.0,100213.0,0.0522710457444191,-0.19328159093856812,29.774978637695312
10.0,100248.0,0.04960574954748154,-0.1902136206626892,29.73682403564453
10.0,100252.0,0.049268994480371475,-0.1902136206626892,29.774150848388672
10.0,100258.0,0.048747431486845016,-0.1902136206626892,29.818134307861328
10.0,100263.0,0.04831622168421745,-0.18867963552474976,29.707874298095703
10.0,100267.0,0.047963038086891174,-0.18867963552474976,29.74292755126953
10.0,100271.0,0.047618068754673004,-0.18867963552474976,29.768959045410156
10.0,100276.0,0.04719507321715355,-0.18867963552474976,29.79160499572754
10.0,100280.0,0.04685831442475319,-0.18867963552474976,29.814842224121094
10.0,100284.0,0.046529773622751236,-0.1871456652879715,29.698001861572266
10.0,100288.0,0.04620533809065819,-0.1871456652879715,29.716724395751953
10.0,100292.0,0.04589322209358215,-0.1871456652879715,29.734045028686523
10.0,100296.0,0.045577000826597214,-0.1871456652879715,29.75168228149414
10.0,100299.0,0.045334700495004654,-0.1871456652879715,29.769609451293945
10.0,100303.0,0.04501437395811081,-0.1871456652879715,29.78908920288086
10.0,100307.0,0.04468172416090965,-0.1871456652879715,29.808326721191406
10.0,100310.0,0.04434496909379959,-0.1871456652879715,29.824586868286133
10.0,100314.0,0.04399178549647331,-0.1871456652879715,29.847824096679688
10.0,100318.0,0.04371663182973862,-0.1871456652879715,29.503250122070312
10.0,100322.0,0.043342914432287216,-0.18561168015003204,29.75971794128418
10.0,100326.0,0.04296509176492691,-0.18561168015003204,29.778146743774414
10.0,100329.0,0.04259548336267471,-0.18561168015003204,29.800752639770508
10.0,100333.0,0.04232032969594002,-0.18561168015003204,29.82086181640625
10.0,100338.0,0.041860368102788925,-0.18561168015003204,29.842416763305664
10.0,100342.0,0.04149075970053673,-0.18561168015003204,29.868316650390625
10.0,100346.0,0.04112936183810234,-0.18561168015003204,29.882644653320312
10.0,100349.0,0.040780287235975266,-0.1840776950120926,29.75992774963379
10.0,100354.0,0.04042299836874008,-0.1840776950120926,29.778881072998047
10.0,100358.0,0.0400657095015049,-0.1840776950120926,29.794958114624023
10.0,100362.0,0.039708420634269714,-0.1840776950120926,29.817575454711914
10.0,100366.0,0.03934702277183533,-0.1840776950120926,29.83485221862793
10.0,100370.0,0.03898973390460014,-0.1840776950120926,29.846878051757812
10.0,100374.0,0.03861191123723984,-0.1840776950120926,29.872528076171875
10.0,100378.0,0.03822997957468033,-0.1840776950120926,29.8875789642334
10.0,100381.0,0.03783983737230301,-0.1840776950120926,29.910961151123047
10.0,100386.0,0.03743737190961838,-0.1840776950120926,29.933534622192383
10.0,100389.0,0.03703901544213295,-0.1840776950120926,29.954898834228516
10.0,100393.0,0.03673100471496582,-0.18254372477531433,29.841842651367188
10.0,100396.0,0.03631211444735527,-0.18254372477531433,29.858251571655273
10.0,100400.0,0.03601642698049545,-0.18254372477531433,29.876270294189453
10.0,100404.0,0.035618070513010025,-0.18254372477531433,29.895875930786133
10.0,100408.0,0.035236138850450516,-0.18254372477531433,29.906396865844727
10.0,100411.0,0.03495277091860771,-0.18254372477531433,29.9238338470459
10.0,100415.0,0.03446406498551369,-0.18254372477531433,29.939910888671875
10.0,100419.0,0.03416837751865387,-0.18254372477531433,29.954496383666992
10.0,100423.0,0.03375770151615143,-0.18254372477531433,29.97735595703125
10.0,100427.0,0.03333880752325058,-0.18254372477531433,29.99875259399414
10.0,100430.0,0.03301437199115753,-0.18100973963737488,29.8857479095459
10.0,100434.0,0.032562628388404846,-0.18100973963737488,29.907014846801758
10.0,100437.0,0.032094456255435944,-0.18100973963737488,29.93683433532715
10.0,100441.0,0.031741272658109665,-0.18100973963737488,29.956928253173828
10.0,100455.0,0.029958931729197502,-0.17947575449943542,29.924301147460938
10.0,100459.0,0.029609857127070427,-0.17947575449943542,29.947452545166016
10.0,100465.0,0.028915811330080032,-0.17794176936149597,29.608911514282227
10.0,100469.0,0.028328541666269302,-0.17794176936149597,29.87682342529297
10.0,100475.0,0.02774948626756668,-0.17794176936149597,29.902873992919922
10.0,100482.0,0.026915811002254486,-0.17794176936149597,29.94694709777832
10.0,100491.0,0.025827515870332718,-0.1764077991247177,29.86372947692871
10.0,100497.0,0.025117043405771255,-0.1764077991247177,29.88965606689453
10.0,100501.0,0.024661190807819366,-0.1764077991247177,29.912700653076172
10.0,100507.0,0.023979466408491135,-0.17487381398677826,29.797264099121094
10.0,100513.0,0.023338809609413147,-0.17487381398677826,29.8194522857666
10.0,100519.0,0.022710472345352173,-0.17487381398677826,29.83111572265625
10.0,100524.0,0.022197125479578972,-0.17487381398677826,29.84088897705078
10.0,100528.0,0.021778233349323273,-0.17487381398677826,29.854589462280273
10.0,100533.0,0.02126488648355007,-0.17487381398677826,29.86439323425293
10.0,100538.0,0.020726898685097694,-0.17487381398677826,29.883468627929688
10.0,100542.0,0.020299794152379036,-0.17487381398677826,29.894020080566406
10.0,100546.0,0.01988501101732254,-0.17487381398677826,29.908382415771484
10.0,100550.0,0.019457904621958733,-0.17487381398677826,29.92091941833496
10.0,100555.0,0.01894455775618553,-0.17487381398677826,29.92861557006836
10.0,100559.0,0.018537987023591995,-0.17487381398677826,29.936355590820312
10.0,100563.0,0.018135523423552513,-0.17487381398677826,29.94643783569336
10.0,100567.0,0.017737166956067085,-0.17487381398677826,29.95616340637207
10.0,100571.0,0.01732238195836544,-0.17487381398677826,29.96881866455078
10.0,100575.0,0.01680082082748413,-0.17487381398677826,29.978260040283203
10.0,100579.0,0.016480492427945137,-0.17487381398677826,29.992324829101562
10.0,100583.0,0.01603696122765541,-0.17487381398677826,30.009904861450195
10.0,100587.0,0.015585215762257576,-0.17487381398677826,30.0241756439209
10.0,100590.0,0.015240246430039406,-0.17487381398677826,30.044288635253906
10.0,100594.0,0.014759753830730915,-0.17487381398677826,30.06574821472168
10.0,100599.0,0.014160164631903172,-0.17487381398677826,30.093875885009766
10.0,100603.0,0.013659137301146984,-0.1733398288488388,29.745563507080078
10.0,100607.0,0.01317043136805296,-0.1733398288488388,29.999801635742188
10.0,100611.0,0.012689938768744469,-0.1733398288488388,30.016231536865234
10.0,100615.0,0.012184805236756802,-0.1733398288488388,30.045663833618164
10.0,100619.0,0.011687885038554668,-0.1733398288488388,30.06369972229004
10.0,100623.0,0.011174538172781467,-0.17180585861206055,29.9582462310791
10.0,100627.0,0.010644763708114624,-0.17180585861206055,29.985233306884766
10.0,100631.0,0.010114990174770355,-0.17180585861206055,30.01370620727539
10.0,100636.0,0.009429157711565495,-0.17180585861206055,30.043272018432617
10.0,100640.0,0.008895277045667171,-0.1702718734741211,29.930103302001953
10.0,100644.0,0.008344968780875206,-0.1702718734741211,29.959880828857422
10.0,100648.0,0.007811088114976883,-0.1702718734741211,29.983774185180664
10.0,100653.0,0.00703080091625452,-0.16873788833618164,29.649038314819336
10.0,100657.0,0.006640657316893339,-0.16873788833618164,29.901264190673828
10.0,100661.0,0.006123203318566084,-0.16873788833618164,29.916770935058594
10.0,100665.0,0.005605749320238829,-0.16873788833618164,29.943241119384766
10.0,100670.0,0.004960985854268074,-0.1672039031982422,29.823795318603516
10.0,100674.0,0.004439425189048052,-0.1672039031982422,29.846105575561523
10.0,100678.0,0.003934291657060385,-0.1672039031982422,29.862808227539062
10.0,100681.0,0.0035564680583775043,-0.1672039031982422,29.880603790283203
10.0,100686.0,0.0029363450594246387,-0.16566993296146393,29.75680160522461
10.0,100690.0,0.0024476386606693268,-0.16566993296146393,29.773401260375977
10.0,100694.0,0.0019835729617625475,-0.16566993296146393,29.779884338378906
10.0,100698.0,0.0015400410629808903,-0.16566993296146393,29.78490447998047
10.0,100703.0,0.0009117043227888644,-0.16566993296146393,29.787025451660156
10.0,100708.0,0.0005010266904719174,-0.16566993296146393,29.78898048400879
10.0,100712.0,9.034907270688564e-05,-0.16566993296146393,29.79193115234375
10.0,100717.0,-0.0004024640657007694,-0.16566993296146393,29.78996467590332
10.0,100730.0,-0.0016960985958576202,-0.16566993296146393,30.165206909179688
10.0,100734.0,-0.0021026693284511566,-0.16566993296146393,29.56882095336914
10.0,100738.0,-0.002501026727259159,-0.1672039031982422,29.94363784790039
10.0,100743.0,-0.0030225871596485376,-0.16566993296146393,29.810213088989258
10.0,100747.0,-0.0034373716916888952,-0.1672039031982422,29.955751419067383
10.0,100751.0,-0.0038439424242824316,-0.1672039031982422,29.96071434020996
10.0,100756.0,-0.004353182855993509,-0.1672039031982422,29.965919494628906
10.0,100760.0,-0.00476796692237258,-0.1672039031982422,29.974388122558594
10.0,100764.0,-0.00517864478752017,-0.1672039031982422,29.98080825805664
10.0,100768.0,-0.005609856452792883,-0.1672039031982422,29.994915008544922
10.0,100772.0,-0.006168378051370382,-0.1672039031982422,30.23808479309082
10.0,100776.0,-0.006628336850553751,-0.16566993296146393,29.886375427246094
10.0,100780.0,-0.006993839982897043,-0.16566993296146393,29.908967971801758
10.0,100784.0,-0.007486653048545122,-0.16566993296146393,29.92757225036621
10.0,100788.0,-0.0079671461135149,-0.16566993296146393,29.947736740112305
10.0,100792.0,-0.008464065380394459,-0.16413594782352448,29.828548431396484
10.0,100796.0,-0.00894045177847147,-0.16413594782352448,29.8436279296875
10.0,100800.0,-0.009400410577654839,-0.16413594782352448,29.859676361083984
10.0,100804.0,-0.009856263175606728,-0.16413594782352448,29.869075775146484
10.0,100808.0,-0.010295688174664974,-0.16413594782352448,29.879568099975586
10.0,100812.0,-0.0107392193749547,-0.16413594782352448,29.890865325927734
10.0,100816.0,-0.011178644374012947,-0.16413594782352448,29.89954376220703
10.0,100820.0,-0.011618069373071194,-0.16413594782352448,29.909381866455078
10.0,100824.0,-0.012188911437988281,-0.16413594782352448,29.92658042907715
10.0,100828.0,-0.012529774568974972,-0.16260196268558502,29.80337142944336
10.0,100832.0,-0.013108829967677593,-0.16260196268558502,29.818389892578125
10.0,100838.0,-0.013671457767486572,-0.16260196268558502,29.83405303955078
10.0,100842.0,-0.014114989899098873,-0.16260196268558502,29.84512710571289
10.0,100846.0,-0.014542094431817532,-0.16260196268558502,29.851606369018555
10.0,100850.0,-0.014960985630750656,-0.16260196268558502,29.859210968017578
10.0,100855.0,-0.015462012030184269,-0.16260196268558502,29.49471092224121
10.0,100859.0,-0.01586036942899227,-0.16260196268558502,29.866331100463867
10.0,100863.0,-0.01625872775912285,-0.16106799244880676,29.732900619506836
10.0,100867.0,-0.016665298491716385,-0.16260196268558502,29.878353118896484
10.0,100870.0,-0.017067762091755867,-0.16106799244880676,29.746307373046875
10.0,100875.0,-0.017482547089457512,-0.16106799244880676,29.754444122314453
10.0,100879.0,-0.017876796424388885,-0.16106799244880676,29.75932502746582
10.0,100883.0,-0.018275154754519463,-0.16106799244880676,29.765182495117188
10.0,100887.0,-0.018665296956896782,-0.16106799244880676,29.767223358154297
10.0,100891.0,-0.019141683354973793,-0.16106799244880676,29.772661209106445
10.0,100896.0,-0.019527720287442207,-0.16106799244880676,29.775968551635742
10.0,100899.0,-0.01988501101732254,-0.16106799244880676,29.774560928344727
10.0,100903.0,-0.020246407017111778,-0.16106799244880676,29.775531768798828
10.0,100908.0,-0.020661190152168274,-0.16260196268558502,30.136552810668945
10.0,100912.0,-0.020985625684261322,-0.16106799244880676,29.764041900634766
10.0,100917.0,-0.021314168348908424,-0.16260196268558502,29.897737503051758
10.0,100920.0,-0.02154414728283882,-0.16260196268558502,29.893550872802734
10.0,100925.0,-0.02196303941309452,-0.16260196268558502,29.89255142211914
10.0,100929.0,-0.022295687347650528,-0.16260196268558502,29.892120361328125
10.0,100933.0,-0.022648870944976807,-0.16260196268558502,29.897748947143555
10.0,100945.0,-0.023765914142131805,-0.16260196268558502,29.9219970703125
10.0,100949.0,-0.024156058207154274,-0.16260196268558502,29.934329986572266
10.0,100953.0,-0.024554414674639702,-0.16260196268558502,29.946163177490234
10.0,100958.0,-0.025067761540412903,-0.16260196268558502,29.965579986572266
10.0,100962.0,-0.025478439405560493,-0.16106799244880676,29.843358993530273
10.0,100966.0,-0.025897329673171043,-0.16106799244880676,29.853185653686523
10.0,100972.0,-0.02650924026966095,-0.16106799244880676,29.874502182006836
10.0,100976.0,-0.026911703869700432,-0.16106799244880676,29.886749267578125
10.0,100980.0,-0.02731006219983101,-0.16106799244880676,29.898292541503906
10.0,100984.0,-0.02771252579987049,-0.16106799244880676,29.91253089904785
10.0,100988.0,-0.028119096532464027,-0.16106799244880676,29.557350158691406
10.0,100992.0,-0.028533881530165672,-0.1595340073108673,29.799663543701172
10.0,100996.0,-0.028956878930330276,-0.1595340073108673,29.814144134521484
10.0,100999.0,-0.029363449662923813,-0.1595340073108673,29.82693099975586
10.0,101004.0,-0.029774127528071404,-0.1595340073108673,29.84040641784668
10.0,101009.0,-0.03028336726129055,-0.15800002217292786,29.719820022583008
10.0,101013.0,-0.030685830861330032,-0.15800002217292786,29.733776092529297
10.0,101017.0,-0.031071867793798447,-0.15800002217292786,29.738277435302734
10.0,101023.0,-0.03161806985735893,-0.15800002217292786,29.744104385375977
10.0,101026.0,-0.0319589339196682,-0.15800002217292786,29.7446231842041
10.0,101030.0,-0.03220533952116966,-0.15800002217292786,29.743345260620117
10.0,101035.0,-0.03262422978878021,-0.15800002217292786,29.745290756225586
10.0,101039.0,-0.03294045105576515,-0.15800002217292786,29.742488861083984
10.0,101043.0,-0.033260781317949295,-0.15800002217292786,29.743488311767578
10.0,101047.0,-0.03358110785484314,-0.15800002217292786,29.74239158630371
10.0,101050.0,-0.033893223851919174,-0.15800002217292786,29.74152374267578
10.0,101055.0,-0.034209445118904114,-0.15800002217292786,29.743043899536133
10.0,101058.0,-0.03452156111598015,-0.15800002217292786,29.740482330322266
10.0,101062.0,-0.03483778238296509,-0.15800002217292786,29.742780685424805
10.0,101066.0,-0.03515811264514923,-0.15800002217292786,29.74488639831543
10.0,101070.0,-0.03540040925145149,-0.15800002217292786,29.749277114868164
10.0,101074.0,-0.035720739513635635,-0.1564660519361496,29.611982345581055
10.0,101078.0,-0.036028746515512466,-0.1564660519361496,29.61092185974121
10.0,101082.0,-0.036316223442554474,-0.1564660519361496,29.606674194335938
10.0,101088.0,-0.036726899445056915,-0.1564660519361496,29.59877586364746
10.0,101091.0,-0.03697330504655838,-0.15800002217292786,29.958641052246094
10.0,101096.0,-0.03720739111304283,-0.15800002217292786,29.716279983520508
10.0,101100.0,-0.037425052374601364,-0.15800002217292786,29.701313018798828
10.0,101104.0,-0.03763449564576149,-0.15800002217292786,29.68891716003418
10.0,101108.0,-0.037843942642211914,-0.15800002217292786,29.679946899414062
10.0,101111.0,-0.03805749490857124,-0.15800002217292786,29.669614791870117
10.0,101116.0,-0.03827104717493057,-0.1595340073108673,29.79571533203125
10.0,101120.0,-0.03849281370639801,-0.1595340073108673,29.79029083251953
10.0,101124.0,-0.03871868550777435,-0.1595340073108673,29.7822208404541
10.0,101128.0,-0.0389486663043499,-0.1595340073108673,29.783273696899414
10.0,101133.0,-0.03925667330622673,-0.1595340073108673,29.779773712158203
10.0,101137.0,-0.039503078907728195,-0.1595340073108673,29.77863121032715
10.0,101140.0,-0.039700206369161606,-0.1595340073108673,29.781963348388672
10.0,101144.0,-0.03996714577078819,-0.1595340073108673,29.78697967529297
10.0,101148.0,-0.04024640843272209,-0.1595340073108673,29.794357299804688
10.0,101152.0,-0.04067351296544075,-0.1595340073108673,29.802013397216797
10.0,101158.0,-0.04096920043230057,-0.1595340073108673,29.811805725097656
10.0,101161.0,-0.04126899316906929,-0.1595340073108673,29.819866180419922
10.0,101166.0,-0.04157700389623642,-0.15800002217292786,29.463706970214844
10.0,101170.0,-0.04189322516322136,-0.15800002217292786,29.708789825439453
10.0,101174.0,-0.042205337435007095,-0.15800002217292786,29.71817398071289
10.0,101178.0,-0.04249691963195801,-0.15800002217292786,29.723819732666016
10.0,101182.0,-0.04278850182890892,-0.15800002217292786,29.73183250427246
10.0,101186.0,-0.04312525689601898,-0.15800002217292786,29.734243392944336
10.0,101190.0,-0.04338398203253746,-0.15800002217292786,29.736684799194336
10.0,101194.0,-0.04358110949397087,-0.1564660519361496,29.3719425201416
10.0,101198.0,-0.04383983463048935,-0.15800002217292786,29.743017196655273
10.0,101204.0,-0.04421355202794075,-0.1564660519361496,29.605016708374023
10.0,101208.0,-0.0444476380944252,-0.1564660519361496,29.603002548217773
10.0,101211.0,-0.04461601749062538,-0.1564660519361496,29.601173400878906
10.0,101224.0,-0.04530595615506172,-0.15800002217292786,29.958499908447266
10.0,101228.0,-0.04552771896123886,-0.15800002217292786,29.725664138793945
10.0,101233.0,-0.045802876353263855,-0.15800002217292786,29.72650718688965
10.0,101237.0,-0.0460328534245491,-0.1564660519361496,29.58978271484375
10.0,101241.0,-0.04625461995601654,-0.1564660519361496,29.590425491333008
10.0,101245.0,-0.04648460075259209,-0.1564660519361496,29.592382431030273
10.0,101249.0,-0.046706367284059525,-0.1564660519361496,29.593170166015625
10.0,101253.0,-0.04692402482032776,-0.1564660519361496,29.589609146118164
10.0,101258.0,-0.04717453941702843,-0.1564660519361496,29.587434768676758
10.0,101261.0,-0.04731827601790428,-0.1564660519361496,29.582256317138672
10.0,101265.0,-0.047544147819280624,-0.1564660519361496,29.577329635620117
10.0,101269.0,-0.04767145961523056,-0.1564660519361496,29.569486618041992
10.0,101274.0,-0.047860369086265564,-0.15800002217292786,29.924428939819336
10.0,101278.0,-0.04799589142203331,-0.15800002217292786,29.68136215209961
10.0,101282.0,-0.048131417483091354,-0.15800002217292786,29.671003341674805
10.0,101286.0,-0.0482669398188591,-0.15800002217292786,29.661270141601562
10.0,101290.0,-0.048394251614809036,-0.15800002217292786,29.650711059570312
10.0,101294.0,-0.04851745441555977,-0.15800002217292786,29.636152267456055
10.0,101298.0,-0.048624228686094284,-0.15800002217292786,29.623319625854492
10.0,101302.0,-0.048718687146902084,-0.1595340073108673,29.975250244140625
10.0,101306.0,-0.04880082234740257,-0.1595340073108673,29.732084274291992
10.0,101309.0,-0.048887062817811966,-0.1595340073108673,29.718990325927734
10.0,101314.0,-0.048981521278619766,-0.1595340073108673,29.70803451538086
10.0,101318.0,-0.04908419027924538,-0.1595340073108673,29.69916534423828
10.0,101322.0,-0.049195073544979095,-0.1595340073108673,29.691268920898438
10.0,101326.0,-0.04931827634572983,-0.16106799244880676,29.823974609375
10.0,101330.0,-0.04944969341158867,-0.16106799244880676,29.821306228637695
10.0,101334.0,-0.04959343001246452,-0.16106799244880676,29.820173263549805
10.0,101339.0,-0.04978233948349953,-0.16106799244880676,29.82324981689453
10.0,101343.0,-0.0499425046145916,-0.16106799244880676,29.825546264648438
10.0,101346.0,-0.050069816410541534,-0.16106799244880676,29.83135414123535
10.0,101350.0,-0.05025051161646843,-0.1595340073108673,29.70134162902832
10.0,101354.0,-0.05044763907790184,-0.1595340073108673,29.708049774169922
10.0,101358.0,-0.050648871809244156,-0.1595340073108673,29.71766471862793
10.0,101361.0,-0.05080903321504593,-0.1595340073108673,29.72859001159668
10.0,101365.0,-0.05102258548140526,-0.1595340073108673,29.744033813476562
10.0,101370.0,-0.05130184814333916,-0.1595340073108673,29.756799697875977
10.0,101374.0,-0.05153593420982361,-0.15800002217292786,29.63345718383789
10.0,101377.0,-0.05170431360602379,-0.15800002217292786,29.644529342651367
10.0,101381.0,-0.05192197114229202,-0.15800002217292786,29.657939910888672
10.0,101385.0,-0.052147842943668365,-0.15800002217292786,29.66867446899414
10.0,101389.0,-0.052361395210027695,-0.15800002217292786,29.676490783691406
10.0,101393.0,-0.052574947476387024,-0.1564660519361496,29.548768997192383
10.0,101397.0,-0.05278028920292854,-0.1564660519361496,29.556337356567383
10.0,101400.0,-0.0529240258038044,-0.1564660519361496,29.56296730041504
10.0,101404.0,-0.0531129352748394,-0.1564660519361496,29.56694984436035
10.0,101408.0,-0.053330596536397934,-0.1564660519361496,29.570110321044922
10.0,101413.0,-0.0534866526722908,-0.15493206679821014,29.429807662963867
10.0,101417.0,-0.053630389273166656,-0.15493206679821014,29.426456451416016
10.0,101420.0,-0.05375359207391739,-0.15493206679821014,29.42133140563965
10.0,101433.0,-0.054028745740652084,-0.15493206679821014,29.156333923339844
10.0,101438.0,-0.05409856140613556,-0.1564660519361496,29.50289535522461
10.0,101442.0,-0.0541355237364769,-0.1564660519361496,29.48630714416504
10.0,101446.0,-0.05416427180171013,-0.1564660519361496,29.47311782836914
10.0,101450.0,-0.05418069660663605,-0.1564660519361496,29.45310401916504
10.0,101453.0,-0.05419301986694336,-0.15800002217292786,29.571258544921875
10.0,101461.0,-0.05420944467186928,-0.15800002217292786,29.536956787109375
10.0,101466.0,-0.05422176420688629,-0.15800002217292786,29.518753051757812
10.0,101469.0,-0.0542299784719944,-0.15800002217292786,29.502534866333008
10.0,101475.0,-0.054234087467193604,-0.1595340073108673,29.6181697845459
10.0,101479.0,-0.05423819273710251,-0.1595340073108673,29.604978561401367
10.0,101483.0,-0.054242298007011414,-0.1595340073108673,29.591615676879883
10.0,101487.0,-0.05424640700221062,-0.1595340073108673,29.57642364501953
10.0,101492.0,-0.054254621267318726,-0.1595340073108673,29.557024002075195
10.0,101496.0,-0.054254621267318726,-0.16106799244880676,29.68516731262207
10.0,101501.0,-0.054262835532426834,-0.16106799244880676,29.669708251953125
10.0,101508.0,-0.05428747460246086,-0.16106799244880676,29.655582427978516
10.0,101512.0,-0.05430390313267708,-0.16106799244880676,29.64519691467285
10.0,101517.0,-0.054328542202711105,-0.16106799244880676,29.63616943359375
10.0,101522.0,-0.05435318127274513,-0.16106799244880676,29.62774085998535
10.0,101526.0,-0.054373715072870255,-0.16106799244880676,29.621543884277344
10.0,101531.0,-0.054402463138103485,-0.16106799244880676,29.614110946655273
10.0,101537.0,-0.054431211203336716,-0.16260196268558502,29.74449348449707
10.0,101545.0,-0.05449281260371208,-0.16260196268558502,29.740345001220703
10.0,101550.0,-0.054570842534303665,-0.16260196268558502,29.744853973388672
10.0,101556.0,-0.05466529726982117,-0.16106799244880676,29.614023208618164
10.0,101562.0,-0.0547885000705719,-0.16106799244880676,29.623716354370117
10.0,101567.0,-0.05489938333630562,-0.16106799244880676,29.634235382080078
10.0,101572.0,-0.05503490939736366,-0.16106799244880676,29.64376449584961
10.0,101577.0,-0.05513346940279007,-0.16106799244880676,29.655771255493164
10.0,101583.0,-0.055297739803791046,-0.1595340073108673,29.52890968322754
10.0,101588.0,-0.055392198264598846,-0.1595340073108673,29.536537170410156
10.0,101596.0,-0.055548254400491714,-0.1595340073108673,29.54439353942871
10.0,101604.0,-0.055708419531583786,-0.1595340073108673,29.55422019958496
10.0,101614.0,-0.05592607706785202,-0.15800002217292786,29.4324893951416
10.0,101618.0,-0.05601232126355171,-0.15800002217292786,29.43701934814453
10.0,101621.0,-0.056090347468853,-0.15800002217292786,29.441307067871094
10.0,101626.0,-0.05616016313433647,-0.15800002217292786,29.442941665649414
10.0,101629.0,-0.05620533972978592,-0.15800002217292786,29.44245719909668
10.0,101634.0,-0.05627104640007019,-0.1564660519361496,29.305828094482422
10.0,101638.0,-0.05631622299551964,-0.1564660519361496,29.303457260131836
10.0,101642.0,-0.056349076330661774,-0.1564660519361496,29.298391342163086
10.0,101646.0,-0.056377824395895004,-0.1564660519361496,29.292932510375977
10.0,101650.0,-0.056398358196020126,-0.1564660519361496,29.287559509277344
10.0,101655.0,-0.056414783000946045,-0.1564660519361496,29.282506942749023
10.0,101659.0,-0.05641889199614525,-0.1564660519361496,29.27436065673828
10.0,101662.0,-0.05642299726605415,-0.1564660519361496,29.267820358276367
10.0,101668.0,-0.05642299726605415,-0.1564660519361496,29.25922966003418
10.0,101671.0,-0.05642299726605415,-0.1564660519361496,29.252761840820312
10.0,101676.0,-0.05642299726605415,-0.1564660519361496,29.24513816833496
10.0,101680.0,-0.05642299726605415,-0.1564660519361496,29.240806579589844
10.0,101685.0,-0.05642299726605415,-0.1564660519361496,29.23265838623047
10.0,101692.0,-0.05642299726605415,-0.1564660519361496,29.225170135498047
10.0,101696.0,-0.05642299726605415,-0.1564660519361496,29.219398498535156
10.0,101701.0,-0.05642299726605415,-0.15493206679821014,29.07596778869629
10.0,101710.0,-0.05642299726605415,-0.15493206679821014,29.06818962097168
10.0,101715.0,-0.05642299726605415,-0.15493206679821014,29.06295394897461
10.0,101720.0,-0.05642299726605415,-0.15493206679821014,29.059734344482422
10.0,101728.0,-0.05642299726605415,-0.15493206679821014,29.053239822387695
10.0,101733.0,-0.05642299726605415,-0.15493206679821014,29.05067253112793
10.0,101737.0,-0.05642299726605415,-0.15493206679821014,29.048276901245117
10.0,101743.0,-0.05642299726605415,-0.1533980816602707,28.90644645690918
10.0,101747.0,-0.05642299726605415,-0.1533980816602707,28.90452003479004
10.0,101751.0,-0.05642299726605415,-0.1533980816602707,28.903169631958008
10.0,101756.0,-0.05642299726605415,-0.1533980816602707,28.901123046875
10.0,101759.0,-0.05641889199614525,-0.1533980816602707,28.898921966552734
10.0,101763.0,-0.05641889199614525,-0.1533980816602707,28.89760398864746
10.0,101767.0,-0.05641889199614525,-0.15186409652233124,28.758363723754883
10.0,101771.0,-0.05641889199614525,-0.15186409652233124,28.757551193237305
10.0,101775.0,-0.05641067773103714,-0.15186409652233124,28.754955291748047
10.0,101779.0,-0.056406572461128235,-0.15186409652233124,28.753459930419922
10.0,101783.0,-0.056406572461128235,-0.15186409652233124,28.752830505371094
10.0,101793.0,-0.056398358196020126,-0.15033012628555298,28.61094856262207
10.0,101797.0,-0.05639424920082092,-0.15033012628555298,28.60927391052246
10.0,101801.0,-0.05638603866100311,-0.15033012628555298,28.607730865478516
10.0,101805.0,-0.056377824395895004,-0.14879614114761353,28.47020721435547
10.0,101808.0,-0.0563737154006958,-0.14879614114761353,28.469606399536133
10.0,101812.0,-0.05636550486087799,-0.14879614114761353,28.467140197753906
10.0,101816.0,-0.05635729059576988,-0.14879614114761353,28.467281341552734
10.0,101820.0,-0.05634497106075287,-0.14879614114761353,28.095470428466797
10.0,101825.0,-0.05632443353533745,-0.14726215600967407,28.322784423828125
10.0,101828.0,-0.056295689195394516,-0.14726215600967407,28.31782341003418
10.0,101834.0,-0.05624229833483696,-0.14726215600967407,28.306720733642578
10.0,101840.0,-0.056156057864427567,-0.14726215600967407,28.294435501098633
10.0,101844.0,-0.0560944564640522,-0.1457281857728958,28.147537231445312
10.0,101848.0,-0.05601642653346062,-0.1457281857728958,28.134946823120117
10.0,101851.0,-0.05594661086797714,-0.1457281857728958,28.119977951049805
10.0,101856.0,-0.05582340806722641,-0.1457281857728958,28.10066795349121
10.0,101860.0,-0.05571252480149269,-0.1457281857728958,28.089235305786133
10.0,101864.0,-0.055605750530958176,-0.1457281857728958,28.074960708618164
10.0,101868.0,-0.05548665300011635,-0.1457281857728958,28.05782127380371
10.0,101871.0,-0.055392198264598846,-0.1457281857728958,28.043039321899414
10.0,101876.0,-0.05521971359848976,-0.1457281857728958,28.016704559326172
10.0,101880.0,-0.055063653737306595,-0.1457281857728958,27.992473602294922
10.0,101884.0,-0.05489116907119751,-0.1457281857728958,27.972015380859375
10.0,101888.0,-0.054710473865270615,-0.1457281857728958,27.951425552368164
10.0,101891.0,-0.05452156066894531,-0.1457281857728958,27.927515029907227
10.0,101896.0,-0.05431622266769409,-0.1457281857728958,27.90033721923828
10.0,101899.0,-0.05409035086631775,-0.1457281857728958,27.870450973510742
10.0,101904.0,-0.05384805053472519,-0.1457281857728958,27.82906723022461
10.0,101908.0,-0.053581107407808304,-0.1457281857728958,27.79359245300293
10.0,101913.0,-0.053227927535772324,-0.1457281857728958,27.74795150756836
10.0,101918.0,-0.05284189060330391,-0.14726215600967407,27.834537506103516
10.0,101922.0,-0.05243942514061928,-0.14726215600967407,27.79593276977539
10.0,101927.0,-0.052102670073509216,-0.14879614114761353,28.114381790161133
10.0,101931.0,-0.05176180601119995,-0.14879614114761353,27.842987060546875
10.0,101935.0,-0.05141683667898178,-0.14879614114761353,27.802248001098633
10.0,101939.0,-0.0510636568069458,-0.14879614114761353,27.77327537536621
10.0,101943.0,-0.05071457847952843,-0.15033012628555298,27.875244140625
10.0,101946.0,-0.05036139488220215,-0.15033012628555298,27.83834457397461
10.0,101951.0,-0.05000821501016617,-0.15186409652233124,27.930299758911133
10.0,101955.0,-0.049650922417640686,-0.15186409652233124,27.89519500732422
10.0,101960.0,-0.04920739307999611,-0.15186409652233124,27.85333824157715
10.0,101964.0,-0.048850104212760925,-0.15186409652233124,28.188711166381836
10.0,101979.0,-0.04734702408313751,-0.15493206679821014,27.968618392944336
10.0,101984.0,-0.0469609871506691,-0.15493206679821014,27.93425178527832
10.0,101988.0,-0.04657084122300148,-0.15493206679821014,27.89705467224121
10.0,101993.0,-0.046110883355140686,-0.1564660519361496,28.0003604888916
10.0,101998.0,-0.04564681649208069,-0.1564660519361496,27.968034744262695
10.0,102004.0,-0.04512936249375343,-0.1564660519361496,27.940536499023438
10.0,102011.0,-0.044451747089624405,-0.15800002217292786,28.040996551513672
10.0,102017.0,-0.044049281626939774,-0.15800002217292786,28.014944076538086
10.0,102023.0,-0.043585214763879776,-0.15800002217292786,28.001171112060547
10.0,102027.0,-0.04327309876680374,-0.15800002217292786,27.982622146606445
10.0,102031.0,-0.042960986495018005,-0.15800002217292786,27.972427368164062
10.0,102035.0,-0.042476385831832886,-0.15800002217292786,27.947114944458008
10.0,102041.0,-0.04214373603463173,-0.15800002217292786,27.928007125854492
10.0,102045.0,-0.04181108996272087,-0.15800002217292786,27.909996032714844
10.0,102050.0,-0.041375771164894104,-0.15800002217292786,27.89145278930664
10.0,102054.0,-0.04104312136769295,-0.15800002217292786,27.877399444580078
10.0,102060.0,-0.0405338816344738,-0.1595340073108673,27.989784240722656
10.0,102064.0,-0.040221765637397766,-0.1595340073108673,27.978870391845703
10.0,102069.0,-0.03983572870492935,-0.1595340073108673,27.96612548828125
10.0,102073.0,-0.039540041238069534,-0.1595340073108673,27.962263107299805
10.0,102077.0,-0.039252568036317825,-0.1595340073108673,27.58578109741211
10.0,102082.0,-0.03889527544379234,-0.15800002217292786,27.810266494750977
10.0,102090.0,-0.03830800950527191,-0.15800002217292786,27.7940616607666
10.0,102094.0,-0.03799589350819588,-0.15800002217292786,27.7834529876709
10.0,102098.0,-0.037667352706193924,-0.15800002217292786,27.768878936767578
10.0,102101.0,-0.03733470290899277,-0.15800002217292786,27.75504493713379
10.0,102106.0,-0.036977414041757584,-0.15800002217292786,27.730087280273438
10.0,102110.0,-0.03659958764910698,-0.15800002217292786,27.711101531982422
10.0,102114.0,-0.03620944544672966,-0.15800002217292786,27.682567596435547
10.0,102118.0,-0.03570841997861862,-0.1595340073108673,27.795148849487305
10.0,102123.0,-0.03528952598571777,-0.1595340073108673,27.76737403869629
10.0,102126.0,-0.03498151898384094,-0.1595340073108673,27.742197036743164
10.0,102133.0,-0.03425051271915436,-0.1595340073108673,27.706432342529297
10.0,102137.0,-0.03383572772145271,-0.1595340073108673,27.681438446044922
10.0,102145.0,-0.032989732921123505,-0.16106799244880676,27.76465606689453
10.0,102150.0,-0.032459959387779236,-0.16106799244880676,27.735273361206055
10.0,102154.0,-0.03193018585443497,-0.16106799244880676,27.712482452392578
10.0,102160.0,-0.031379878520965576,-0.16106799244880676,27.673322677612305
10.0,102165.0,-0.03081314079463482,-0.16260196268558502,27.7829532623291
10.0,102169.0,-0.030340861529111862,-0.16260196268558502,27.75229835510254
10.0,102173.0,-0.029757700860500336,-0.16260196268558502,27.717721939086914
10.0,102177.0,-0.02940862439572811,-0.16413594782352448,27.832462310791016
10.0,102181.0,-0.028952771797776222,-0.16413594782352448,27.805950164794922
10.0,102186.0,-0.028386037796735764,-0.16413594782352448,27.783885955810547
10.0,102191.0,-0.027827516198158264,-0.16413594782352448,27.756460189819336
10.0,102196.0,-0.027277207002043724,-0.16413594782352448,27.7310791015625
10.0,102200.0,-0.026829568669199944,-0.16566993296146393,27.84290885925293
10.0,102206.0,-0.02614784426987171,-0.16566993296146393,27.813880920410156
10.0,102210.0,-0.025683777406811714,-0.16566993296146393,27.783353805541992
10.0,102214.0,-0.02521560527384281,-0.16566993296146393,27.76210594177246
10.0,102227.0,-0.023700205609202385,-0.1672039031982422,27.830678939819336
10.0,102231.0,-0.023244353011250496,-0.1672039031982422,27.809307098388672
10.0,102236.0,-0.022694045677781105,-0.1672039031982422,27.79276466369629
10.0,102241.0,-0.02214784361422062,-0.1672039031982422,27.771303176879883
10.0,102246.0,-0.021605748683214188,-0.16873788833618164,27.89620590209961
10.0,102252.0,-0.0209650918841362,-0.16873788833618164,27.872560501098633
10.0,102256.0,-0.02054620161652565,-0.16873788833618164,27.862548828125
10.0,102261.0,-0.02002464048564434,-0.16873788833618164,27.850601196289062
10.0,102265.0,-0.01960575021803379,-0.16873788833618164,27.834121704101562
10.0,102269.0,-0.019182750955224037,-0.16873788833618164,27.82350730895996
10.0,102274.0,-0.018669404089450836,-0.16873788833618164,27.813108444213867
10.0,102278.0,-0.018258726224303246,-0.16873788833618164,27.800092697143555
10.0,102282.0,-0.017765913158655167,-0.16873788833618164,27.79446029663086
10.0,102287.0,-0.01736755669116974,-0.16873788833618164,27.78603744506836
10.0,102291.0,-0.016993839293718338,-0.16873788833618164,27.783044815063477
10.0,102295.0,-0.016611909493803978,-0.16873788833618164,27.773880004882812
10.0,102299.0,-0.016225872561335564,-0.16873788833618164,27.76906394958496
10.0,102303.0,-0.015848049893975258,-0.16873788833618164,27.761581420898438
10.0,102307.0,-0.015445585362613201,-0.16873788833618164,27.75164222717285
10.0,102311.0,-0.015055441297590733,-0.16873788833618164,27.743810653686523
10.0,102316.0,-0.014537987299263477,-0.16873788833618164,27.7283935546875
10.0,102319.0,-0.01410677656531334,-0.16873788833618164,27.713401794433594
10.0,102324.0,-0.013679671101272106,-0.16873788833618164,27.699262619018555
10.0,102328.0,-0.01323613990098238,-0.16873788833618164,27.676937103271484
10.0,102333.0,-0.01267761830240488,-0.16873788833618164,27.659582138061523
10.0,102337.0,-0.012225872837007046,-0.16873788833618164,27.64046859741211
10.0,102342.0,-0.011650923639535904,-0.16873788833618164,27.611984252929688
10.0,102346.0,-0.011067762039601803,-0.16873788833618164,27.590635299682617
10.0,102351.0,-0.010587269440293312,-0.1702718734741211,27.69955062866211
10.0,102356.0,-0.009852156043052673,-0.1702718734741211,27.669530868530273
10.0,102362.0,-0.009223819710314274,-0.1702718734741211,27.632110595703125
10.0,102367.0,-0.008579055778682232,-0.17180585861206055,27.972253799438477
10.0,102372.0,-0.007909650914371014,-0.17180585861206055,27.69870948791504
10.0,102377.0,-0.007256673648953438,-0.17180585861206055,27.66398811340332
10.0,102381.0,-0.006595482584089041,-0.1733398288488388,27.77705955505371
10.0,102386.0,-0.006069815251976252,-0.1733398288488388,27.74492835998535
10.0,102390.0,-0.005556468386203051,-0.1733398288488388,27.72380256652832
10.0,102394.0,-0.005043121054768562,-0.17487381398677826,28.069223403930664
10.0,102399.0,-0.0044147842563688755,-0.17487381398677826,27.82010841369629
10.0,102404.0,-0.0037905543576925993,-0.17487381398677826,27.79423713684082
10.0,102408.0,-0.003289527725428343,-0.17487381398677826,27.7712345123291
10.0,102412.0,-0.002673511393368244,-0.1764077991247177,27.891265869140625
10.0,102416.0,-0.0022956877946853638,-0.1764077991247177,27.873958587646484
10.0,102420.0,-0.00181930186226964,-0.1764077991247177,27.86111831665039
10.0,102424.0,-0.0012402464635670185,-0.1764077991247177,27.848478317260742
10.0,102429.0,-0.0007967145647853613,-0.1764077991247177,27.84062957763672
10.0,102433.0,-0.0003737166407518089,-0.1764077991247177,27.836233139038086
10.0,102438.0,0.00014784393715672195,-0.1764077991247177,27.832305908203125
10.0,102444.0,0.0007474332815036178,-0.1764077991247177,27.827926635742188
10.0,102450.0,0.0013429158134385943,-0.1764077991247177,27.826969146728516
10.0,102455.0,0.0018275154288858175,-0.1764077991247177,27.821598052978516
10.0,102461.0,0.0024394250940531492,-0.1764077991247177,27.815692901611328
10.0,102468.0,0.003154003992676735,-0.1764077991247177,27.805246353149414
10.0,102473.0,0.003655030857771635,-0.1764077991247177,27.797727584838867
10.0,102489.0,0.0052320328541100025,-0.1764077991247177,27.78445053100586
10.0,102504.0,0.006677618250250816,-0.1764077991247177,27.767810821533203
10.0,102534.0,0.009889117442071438,-0.17794176936149597,27.812580108642578
10.0,102550.0,0.011720739305019379,-0.17794176936149597,27.761383056640625
10.0,102556.0,0.012254619970917702,-0.17794176936149597,27.746685028076172
10.0,102563.0,0.013002053834497929,-0.17794176936149597,27.726032257080078
10.0,102568.0,0.013544147834181786,-0.17947575449943542,27.844951629638672
10.0,102573.0,0.01409856230020523,-0.17947575449943542,27.827083587646484
10.0,102577.0,0.0145585210993886,-0.17947575449943542,27.80729866027832
10.0,102582.0,0.015219712629914284,-0.17947575449943542,27.790029525756836
10.0,102587.0,0.01565503142774105,-0.17947575449943542,27.775495529174805
10.0,102592.0,0.016180697828531265,-0.17947575449943542,27.766666412353516
10.0,102596.0,0.0165872685611248,-0.17947575449943542,27.758399963378906
10.0,102600.0,0.016993839293718338,-0.17947575449943542,27.75017738342285
10.0,102605.0,0.017494866624474525,-0.18100973963737488,27.877025604248047
10.0,102617.0,0.018706366419792175,-0.18100973963737488,27.85602569580078
10.0,102622.0,0.01922381855547428,-0.18100973963737488,27.839487075805664
10.0,102626.0,0.019737165421247482,-0.18100973963737488,27.828413009643555
10.0,102631.0,0.02015605755150318,-0.18100973963737488,27.817060470581055
10.0,102636.0,0.020665297284722328,-0.18100973963737488,27.806547164916992
10.0,102640.0,0.02107597514986992,-0.18254372477531433,28.16461753845215
10.0,102644.0,0.021482545882463455,-0.18254372477531433,27.926313400268555
10.0,102648.0,0.021872689947485924,-0.18254372477531433,27.92085838317871
10.0,102654.0,0.022431211546063423,-0.18254372477531433,27.915006637573242
10.0,102660.0,0.0229691993445158,-0.18254372477531433,27.91265869140625
10.0,102665.0,0.02341683767735958,-0.18254372477531433,27.90959930419922
10.0,102670.0,0.023856263607740402,-0.18254372477531433,27.909427642822266
10.0,102677.0,0.024583162739872932,-0.18254372477531433,27.898616790771484
10.0,102682.0,0.02504722774028778,-0.18254372477531433,27.891084671020508
10.0,102687.0,0.02542915754020214,-0.18254372477531433,27.882999420166016
10.0,102693.0,0.025983572006225586,-0.18254372477531433,27.873767852783203
10.0,102697.0,0.026357289403676987,-0.18254372477531433,27.866636276245117
10.0,102701.0,0.02671457827091217,-0.18254372477531433,27.862144470214844
10.0,102707.0,0.027256673201918602,-0.18254372477531433,27.855295181274414
10.0,102711.0,0.02760985679924488,-0.18254372477531433,27.851484298706055
10.0,102716.0,0.028041068464517593,-0.18254372477531433,27.84827423095703
10.0,102723.0,0.028636550530791283,-0.18254372477531433,27.843347549438477
10.0,102728.0,0.02908008173108101,-0.1840776950120926,27.972942352294922
10.0,102733.0,0.029515400528907776,-0.1840776950120926,27.96807861328125
10.0,102739.0,0.030045174062252045,-0.1840776950120926,27.957801818847656
10.0,102744.0,0.03048049286007881,-0.1840776950120926,27.950904846191406
10.0,102749.0,0.030919918790459633,-0.1840776950120926,27.942974090576172
10.0,102754.0,0.031338807195425034,-0.1840776950120926,27.94094467163086
10.0,102760.0,0.03183162212371826,-0.1840776950120926,27.937746047973633
10.0,102764.0,0.032143738120794296,-0.1840776950120926,27.93526268005371
10.0,102770.0,0.03262012451887131,-0.1840776950120926,27.934640884399414
10.0,102776.0,0.03305954858660698,-0.1840776950120926,27.938791275024414
10.0,102780.0,0.03333880752325058,-0.1840776950120926,27.943782806396484
10.0,102786.0,0.033745378255844116,-0.1840776950120926,27.953203201293945
10.0,102790.0,0.0340082123875618,-0.1840776950120926,27.9583740234375
10.0,102794.0,0.03432854264974594,-0.1840776950120926,27.965682983398438
10.0,102799.0,0.03457905724644661,-0.18254372477531433,27.603729248046875
10.0,102804.0,0.034891169518232346,-0.18254372477531433,27.84096908569336
10.0,102809.0,0.035215605050325394,-0.18254372477531433,27.843868255615234
10.0,102813.0,0.03549486771225929,-0.18254372477531433,27.841777801513672
10.0,102817.0,0.03586447611451149,-0.18254372477531433,27.835927963256836
10.0,102822.0,0.03617248311638832,-0.18254372477531433,27.824745178222656
10.0,102828.0,0.036661192774772644,-0.1840776950120926,27.948570251464844
10.0,102832.0,0.037071868777275085,-0.1840776950120926,27.938570022583008
10.0,102838.0,0.03748665377497673,-0.1840776950120926,27.92283821105957
10.0,102846.0,0.03812731057405472,-0.1840776950120926,27.90936279296875
10.0,102850.0,0.03844763711094856,-0.1840776950120926,27.898815155029297
10.0,102854.0,0.03875564783811569,-0.1840776950120926,27.894100189208984
10.0,102873.0,0.04013963043689728,-0.18561168015003204,28.014400482177734
10.0,102886.0,0.040993839502334595,-0.18561168015003204,28.01595115661621
10.0,102900.0,0.04201642796397209,-0.18561168015003204,28.00181007385254
10.0,102914.0,0.042858317494392395,-0.18561168015003204,27.999300003051758
10.0,102918.0,0.043166324496269226,-0.18561168015003204,27.999231338500977
10.0,102924.0,0.04353182762861252,-0.18561168015003204,27.99919891357422
10.0,102929.0,0.043761808425188065,-0.18561168015003204,28.004789352416992
10.0,102934.0,0.04403696209192276,-0.18561168015003204,28.007671356201172
10.0,102938.0,0.044246405363082886,-0.18561168015003204,28.01350975036621
10.0,102944.0,0.04454620182514191,-0.18561168015003204,28.02199363708496
10.0,102948.0,0.044731006026268005,-0.18561168015003204,28.03087615966797
10.0,102952.0,0.044915810227394104,-0.18561168015003204,28.039798736572266
10.0,102956.0,0.0450965091586113,-0.18561168015003204,28.046890258789062
10.0,102961.0,0.045318275690078735,-0.18561168015003204,28.05571746826172
10.0,102966.0,0.04552771896123886,-0.18561168015003204,28.065690994262695
10.0,102971.0,0.045765914022922516,-0.18561168015003204,28.07908821105957
10.0,102977.0,0.04595482721924782,-0.1840776950120926,27.954524993896484
10.0,102981.0,0.04610677435994148,-0.1840776950120926,27.966949462890625
10.0,102986.0,0.046287473291158676,-0.1840776950120926,27.974315643310547
10.0,102990.0,0.04643942415714264,-0.1840776950120926,27.983564376831055
10.0,102996.0,0.0466817244887352,-0.1840776950120926,27.987913131713867
10.0,103000.0,0.04686242341995239,-0.1840776950120926,27.988067626953125
10.0,103005.0,0.047088295221328735,-0.1840776950120926,27.987010955810547
10.0,103010.0,0.04732238128781319,-0.1840776950120926,27.986709594726562
10.0,103014.0,0.047507185488939285,-0.1840776950120926,27.985435485839844
10.0,103020.0,0.04779466241598129,-0.1840776950120926,27.982311248779297
10.0,103024.0,0.047983571887016296,-0.1840776950120926,27.9824161529541
10.0,103030.0,0.04825462028384209,-0.1840776950120926,27.981569290161133
10.0,103034.0,0.04843531921505928,-0.1840776950120926,27.982309341430664
10.0,103040.0,0.04870225861668587,-0.1840776950120926,27.979459762573242
10.0,103046.0,0.048969198018312454,-0.1840776950120926,27.979053497314453
10.0,103050.0,0.04914579167962074,-0.1840776950120926,27.97811508178711
10.0,103055.0,0.04939219728112221,-0.1840776950120926,27.97894859313965
10.0,103061.0,0.04959343001246452,-0.1840776950120926,27.981307983398438
10.0,103065.0,0.04974948614835739,-0.1840776950120926,27.98341178894043
10.0,103070.0,0.04993429034948349,-0.1840776950120926,27.988405227661133
10.0,103076.0,0.0501273088157177,-0.1840776950120926,27.996295928955078
10.0,103080.0,0.05025051161646843,-0.1840776950120926,28.003929138183594
10.0,103086.0,0.05042710527777672,-0.1840776950120926,28.011449813842773
10.0,103092.0,0.05060369521379471,-0.1840776950120926,28.023075103759766
10.0,103096.0,0.05071868747472763,-0.1840776950120926,28.024518966674805
10.0,103102.0,0.050899382680654526,-0.1840776950120926,28.030412673950195
10.0,103108.0,0.05108008161187172,-0.1840776950120926,28.03746223449707
10.0,103113.0,0.05122792720794678,-0.1840776950120926,28.039627075195312
10.0,103117.0,0.05135113000869751,-0.1840776950120926,28.043670654296875
10.0,103123.0,0.0515318289399147,-0.1840776950120926,28.04499626159668
10.0,103127.0,0.051683779805898666,-0.1840776950120926,28.048309326171875
10.0,103133.0,0.051831621676683426,-0.18254372477531433,27.913198471069336
10.0,103139.0,0.052008215337991714,-0.18254372477531433,27.913564682006836
10.0,103144.0,0.05217248573899269,-0.1840776950120926,28.050153732299805
10.0,103148.0,0.05232032760977745,-0.1840776950120926,28.04202651977539
10.0,103152.0,0.052529774606227875,-0.1840776950120926,28.032461166381836
10.0,103162.0,0.0529240258038044,-0.1840776950120926,28.01056480407715
10.0,103167.0,0.05313757807016373,-0.18561168015003204,28.138660430908203
10.0,103172.0,0.05335523560643196,-0.18561168015003204,28.130046844482422
10.0,103179.0,0.053630389273166656,-0.18561168015003204,28.12337303161621
10.0,103183.0,0.0537659153342247,-0.18561168015003204,28.122560501098633
10.0,103187.0,0.05388911813497543,-0.18561168015003204,28.12469482421875
10.0,103192.0,0.05403696000576019,-0.18561168015003204,28.127607345581055
10.0,103196.0,0.05414373800158501,-0.18561168015003204,28.128110885620117
10.0,103202.0,0.05430390313267708,-0.18561168015003204,28.133255004882812
10.0,103208.0,0.05444353073835373,-0.1871456652879715,28.27933692932129
10.0,103212.0,0.054542094469070435,-0.1871456652879715,28.286788940429688
10.0,103219.0,0.05462012439966202,-0.18561168015003204,28.171167373657227
10.0,103224.0,0.05464887246489525,-0.18561168015003204,28.189544677734375
10.0,103228.0,0.05466940626502037,-0.18561168015003204,28.203516006469727
10.0,103232.0,0.05468583106994629,-0.18561168015003204,28.219505310058594
10.0,103236.0,0.05468994006514549,-0.18561168015003204,28.235004425048828
10.0,103243.0,0.0546940453350544,-0.18561168015003204,28.26100730895996
10.0,103247.0,0.0546940453350544,-0.1840776950120926,28.137296676635742
10.0,103252.0,0.0546940453350544,-0.1840776950120926,28.154325485229492
10.0,103259.0,0.054702259600162506,-0.1840776950120926,28.172117233276367
10.0,103263.0,0.05470636487007141,-0.1840776950120926,28.18645477294922
10.0,103269.0,0.05470636487007141,-0.1840776950120926,28.203426361083984
10.0,103275.0,0.05470636487007141,-0.1840776950120926,28.21921730041504
10.0,103279.0,0.05470636487007141,-0.1840776950120926,27.860992431640625
10.0,103284.0,0.05470636487007141,-0.18254372477531433,28.102828979492188
10.0,103290.0,0.054710473865270615,-0.18254372477531433,28.115299224853516
10.0,103294.0,0.054710473865270615,-0.18254372477531433,28.12357521057129
10.0,103298.0,0.05471457913517952,-0.18254372477531433,28.130746841430664
10.0,103303.0,0.05471457913517952,-0.18254372477531433,28.140079498291016
10.0,103308.0,0.054718684405088425,-0.18254372477531433,28.148136138916016
10.0,103313.0,0.054718684405088425,-0.18254372477531433,28.15475845336914
10.0,103318.0,0.05472279340028763,-0.18254372477531433,28.16338348388672
10.0,103324.0,0.05472279340028763,-0.18254372477531433,28.170610427856445
10.0,103329.0,0.05472689867019653,-0.18254372477531433,28.17540740966797
10.0,103334.0,0.05472689867019653,-0.18254372477531433,28.182992935180664
10.0,103339.0,0.05472689867019653,-0.18254372477531433,28.188901901245117
10.0,103344.0,0.05472689867019653,-0.18254372477531433,28.195451736450195
10.0,103348.0,0.05472689867019653,-0.18254372477531433,28.199508666992188
10.0,103355.0,0.05472689867019653,-0.18254372477531433,28.20514678955078
10.0,103359.0,0.05472689867019653,-0.18254372477531433,28.209463119506836
10.0,103363.0,0.05472689867019653,-0.18254372477531433,28.212678909301758
10.0,103368.0,0.05472689867019653,-0.18254372477531433,28.215681076049805
10.0,103372.0,0.05472689867019653,-0.18254372477531433,28.219167709350586
10.0,103378.0,0.05472689867019653,-0.18254372477531433,28.222972869873047
10.0,103384.0,0.05472689867019653,-0.18254372477531433,28.225828170776367
10.0,103389.0,0.05472689867019653,-0.18254372477531433,28.22843360900879
10.0,103393.0,0.05472689867019653,-0.18254372477531433,28.230792999267578
10.0,103397.0,0.05472689867019653,-0.18254372477531433,28.232507705688477
10.0,103401.0,0.05472689867019653,-0.18254372477531433,28.234073638916016
10.0,103407.0,0.05472689867019653,-0.18254372477531433,28.236167907714844
10.0,103412.0,0.05472689867019653,-0.18254372477531433,28.237682342529297
10.0,103418.0,0.05472689867019653,-0.18254372477531433,28.239242553710938
10.0,103425.0,0.05472689867019653,-0.1840776950120926,28.378799438476562
10.0,103430.0,0.05472689867019653,-0.1840776950120926,28.379650115966797
10.0,103436.0,0.05472689867019653,-0.1840776950120926,28.380348205566406
10.0,103441.0,0.05472689867019653,-0.1840776950120926,28.380887985229492
10.0,103445.0,0.05472689867019653,-0.1840776950120926,28.381288528442383
10.0,103451.0,0.05472689867019653,-0.1840776950120926,28.381568908691406
10.0,103458.0,0.05472689867019653,-0.18561168015003204,28.519723892211914
10.0,103462.0,0.05472689867019653,-0.18561168015003204,28.51967430114746
10.0,103468.0,0.05472689867019653,-0.18561168015003204,28.519451141357422
10.0,103475.0,0.05472689867019653,-0.18561168015003204,28.51899528503418
10.0,103479.0,0.05472689867019653,-0.18561168015003204,28.51863670349121
10.0,103483.0,0.05472689867019653,-0.18561168015003204,28.518232345581055
10.0,103491.0,0.05472689867019653,-0.1871456652879715,28.655406951904297
10.0,103497.0,0.05472279340028763,-0.1871456652879715,28.655052185058594
10.0,103504.0,0.05472279340028763,-0.1871456652879715,28.653982162475586
10.0,103508.0,0.05472279340028763,-0.18867963552474976,28.791067123413086
10.0,103514.0,0.054718684405088425,-0.18867963552474976,28.7919979095459
10.0,103519.0,0.054718684405088425,-0.18867963552474976,28.791330337524414
10.0,103524.0,0.05471457913517952,-0.18867963552474976,28.788841247558594
10.0,103530.0,0.054710473865270615,-0.1902136206626892,28.92629623413086
10.0,103534.0,0.054710473865270615,-0.1902136206626892,28.92686653137207
10.0,103539.0,0.0546981506049633,-0.1902136206626892,28.926820755004883
10.0,103544.0,0.0546940453350544,-0.19174760580062866,29.064714431762695
10.0,103548.0,0.05468583106994629,-0.19174760580062866,29.06283950805664
11.0,103553.0,0.054673511534929276,-0.19174760580062866,35.063209533691406
11.0,103557.0,0.05462422966957092,-0.19174760580062866,35.080284118652344
11.0,103563.0,0.05402464047074318,-0.1902136206626892,34.85490417480469
11.0,103568.0,0.052800823003053665,-0.1871456652879715,34.8251838684082
11.0,103572.0,0.05129774287343025,-0.17947575449943542,34.4949951171875
11.0,103576.0,0.04946201294660568,-0.1733398288488388,34.2740364074707
11.0,103580.0,0.0466817244887352,-0.16413594782352448,33.60569381713867
11.0,103585.0,0.04412320256233215,-0.15493206679821014,33.42311477661133
11.0,103589.0,0.0413716621696949,-0.14419420063495636,32.66154861450195
11.0,103594.0,0.03763449564576149,-0.1288543939590454,31.854597091674805
11.0,103598.0,0.034574948251247406,-0.11658254265785217,31.194507598876953
10.0,103602.0,0.03144147992134094,-0.10124273598194122,24.371631622314453
10.0,103606.0,0.028303900733590126,-0.08897088468074799,23.677324295043945
10.0,103611.0,0.024817248806357384,-0.0782330259680748,22.78850555419922
10.0,103615.0,0.022657083347439766,-0.06749515980482101,22.48442268371582
10.0,103619.0,0.021186858415603638,-0.06289321184158325,22.320594787597656
10.0,103623.0,0.020328542217612267,-0.058291271328926086,21.803770065307617
10.0,103628.0,0.02034907601773739,-0.058291271328926086,21.52878189086914
10.0,103632.0,0.021256674081087112,-0.061359234154224396,21.71605682373047
10.0,103636.0,0.022156057879328728,-0.06596117466688156,21.740711212158203
10.0,103641.0,0.024308009073138237,-0.07209710031747818,21.835140228271484
10.0,103645.0,0.027158111333847046,-0.08283496648073196,22.359708786010742
10.0,103649.0,0.02917453832924366,-0.08897088468074799,22.59450340270996
10.0,103654.0,0.03305954858660698,-0.10431069880723953,23.057445526123047
10.0,103658.0,0.03741273283958435,-0.12118448317050934,23.742551803588867
10.0,103663.0,0.04121560603380203,-0.13499031960964203,24.289249420166016
10.0,103667.0,0.04519917815923691,-0.15186409652233124,25.339479446411133
10.0,103672.0,0.05037371814250946,-0.17180585861206055,26.135610580444336
10.0,103677.0,0.05560985580086708,-0.19174760580062866,27.478010177612305
10.0,103681.0,0.059761807322502136,-0.21168935298919678,28.002094268798828
10.0,103686.0,0.06480903178453445,-0.22856314480304718,29.172800064086914
10.0,103690.0,0.06862422823905945,-0.24236896634101868,29.66651725769043
10.0,103694.0,0.07220122963190079,-0.2577087879180908,30.765424728393555
10.0,103698.0,0.07546201348304749,-0.2730485796928406,31.507240295410156
10.0,103702.0,0.07903490960597992,-0.28378644585609436,31.957834243774414
10.0,103706.0,0.08142504841089249,-0.29452431201934814,32.95621109008789
10.0,103711.0,0.08333881199359894,-0.3021942377090454,33.3098258972168
10.0,103715.0,0.08475153893232346,-0.30833014845848083,33.62883377075195
10.0,103720.0,0.08578234165906906,-0.3129321038722992,34.41718292236328
10.0,103724.0,0.0860000029206276,-0.3129321038722992,34.38889694213867
10.0,103737.0,0.0837700217962265,-0.3067961633205414,34.569950103759766
10.0,103741.0,0.08224640786647797,-0.2991262674331665,34.47150421142578
10.0,103746.0,0.0798521563410759,-0.2899223864078522,34.262725830078125
10.0,103750.0,0.07757289707660675,-0.28071850538253784,33.74949645996094
10.0,103754.0,0.07498562335968018,-0.2715145945549011,33.49007034301758
10.0,103758.0,0.07217248529195786,-0.26384469866752625,33.1109733581543
10.0,103763.0,0.06834496557712555,-0.2485048919916153,32.60969161987305
10.0,103767.0,0.06510472297668457,-0.23623304069042206,31.985212326049805
10.0,103771.0,0.06174948811531067,-0.2208932340145111,31.480253219604492
10.0,103776.0,0.05746611952781677,-0.20862139761447906,30.82650375366211
10.0,103780.0,0.053182750940322876,-0.19174760580062866,30.144023895263672
10.0,103785.0,0.04980698227882385,-0.17947575449943542,29.563264846801758
10.0,103789.0,0.04654209315776825,-0.16413594782352448,28.78384017944336
10.0,103794.0,0.04266529902815819,-0.1533980816602707,28.24654197692871
10.0,103798.0,0.03979466110467911,-0.1426602154970169,27.466964721679688
10.0,103803.0,0.03653388097882271,-0.13038836419582367,26.944499969482422
10.0,103807.0,0.03427104651927948,-0.12271846830844879,26.719711303710938
10.0,103811.0,0.032328542321920395,-0.11351457983255386,26.09741973876953
10.0,103816.0,0.030410677194595337,-0.1089126393198967,25.76552963256836
10.0,103820.0,0.0293059553951025,-0.10584467649459839,25.361957550048828
10.0,103824.0,0.028435317799448967,-0.10277671366930008,25.387718200683594
10.0,103829.0,0.028184805065393448,-0.10277671366930008,25.25567054748535
10.0,103833.0,0.02831622213125229,-0.10431069880723953,25.396305084228516
10.0,103838.0,0.028891170397400856,-0.10737866163253784,25.379079818725586
10.0,103843.0,0.02982751466333866,-0.11198060214519501,25.455955505371094
10.0,103848.0,0.030825462192296982,-0.11658254265785217,25.567174911499023
10.0,103852.0,0.03200821205973625,-0.1257864236831665,25.90861701965332
10.0,103858.0,0.03405749425292015,-0.13192234933376312,26.120134353637695
10.0,103864.0,0.03636550158262253,-0.1426602154970169,26.56580352783203
10.0,103868.0,0.03800821304321289,-0.15033012628555298,26.957372665405273
10.0,103872.0,0.04012320190668106,-0.1595340073108673,27.31052017211914
10.0,103877.0,0.04182751476764679,-0.16873788833618164,27.72928237915039
10.0,103881.0,0.04394250363111496,-0.1764077991247177,28.111928939819336
10.0,103886.0,0.045568790286779404,-0.1840776950120926,28.587255477905273
10.0,103890.0,0.04712114855647087,-0.19174760580062866,28.8856143951416
10.0,103894.0,0.04887884855270386,-0.19788353145122528,29.220478057861328
10.0,103899.0,0.0501314178109169,-0.2040194571018219,29.585041046142578
10.0,103903.0,0.051457904279232025,-0.21015536785125732,29.95922088623047
10.0,103908.0,0.05230800807476044,-0.21475732326507568,30.271879196166992
10.0,103912.0,0.05296919867396355,-0.2178252786397934,30.24226188659668
10.0,103916.0,0.053433265537023544,-0.2208932340145111,30.731916427612305
10.0,103920.0,0.053696099668741226,-0.22242721915245056,30.65510368347168
10.0,103924.0,0.053749486804008484,-0.22242721915245056,30.706104278564453
10.0,103929.0,0.053601641207933426,-0.22242721915245056,30.780353546142578
10.0,103933.0,0.05324435234069824,-0.22242721915245056,30.896841049194336
10.0,103937.0,0.052845995873212814,-0.22242721915245056,31.003332138061523
10.0,103941.0,0.052344970405101776,-0.2208932340145111,30.98847198486328
10.0,103946.0,0.05176180601119995,-0.2178252786397934,30.645477294921875
10.0,103951.0,0.05091170594096184,-0.21629129350185394,30.884723663330078
10.0,103955.0,0.050143737345933914,-0.21322333812713623,30.569473266601562
10.0,103967.0,0.04742094501852989,-0.2070874124765396,30.37415885925293
10.0,103974.0,0.045663245022296906,-0.200951486825943,30.48513412475586
10.0,103980.0,0.043798767030239105,-0.19634954631328583,30.32244110107422
10.0,103986.0,0.042418889701366425,-0.19174760580062866,30.15310287475586
10.0,103990.0,0.04104722663760185,-0.18867963552474976,30.03246307373047
10.0,103996.0,0.03968377783894539,-0.1840776950120926,29.80188751220703
10.0,104000.0,0.038636550307273865,-0.17947575449943542,29.32392692565918
10.0,104005.0,0.0373675562441349,-0.1764077991247177,29.19583511352539
10.0,104010.0,0.036221764981746674,-0.17487381398677826,29.381454467773438
10.0,104014.0,0.03537166491150856,-0.17180585861206055,29.21088981628418
10.0,104019.0,0.034414783120155334,-0.1702718734741211,29.14539909362793
10.0,104024.0,0.03358521685004234,-0.16873788833618164,29.053363800048828
10.0,104028.0,0.03300616145133972,-0.1672039031982422,28.94778060913086
10.0,104033.0,0.03241478279232979,-0.16566993296146393,28.81685447692871
10.0,104036.0,0.032012321054935455,-0.16566993296146393,28.815195083618164
10.0,104040.0,0.03170020505785942,-0.16566993296146393,28.794357299804688
10.0,104045.0,0.03147433325648308,-0.16566993296146393,28.755451202392578
10.0,104049.0,0.03129773959517479,-0.1672039031982422,28.850444793701172
10.0,104053.0,0.03117864392697811,-0.1672039031982422,28.801315307617188
10.0,104058.0,0.031117042526602745,-0.16873788833618164,28.88715171813965
10.0,104063.0,0.03110472299158573,-0.1702718734741211,28.950897216796875
10.0,104066.0,0.031108830124139786,-0.17180585861206055,29.261390686035156
10.0,104071.0,0.03111293725669384,-0.17180585861206055,28.977046966552734
10.0,104075.0,0.03111293725669384,-0.1733398288488388,29.0523681640625
10.0,104079.0,0.03111293725669384,-0.17487381398677826,29.14145278930664
10.0,104083.0,0.031108830124139786,-0.1764077991247177,29.233152389526367
10.0,104088.0,0.031108830124139786,-0.17794176936149597,29.55600929260254
10.0,104094.0,0.031100615859031677,-0.17947575449943542,29.390247344970703
10.0,104098.0,0.031096508726477623,-0.18100973963737488,29.488296508789062
10.0,104102.0,0.031080082058906555,-0.18100973963737488,29.45320701599121
10.0,104106.0,0.031063655391335487,-0.18254372477531433,29.55634880065918
10.0,104110.0,0.031043121591210365,-0.1840776950120926,29.662799835205078
10.0,104115.0,0.031014373525977135,-0.18561168015003204,29.770708084106445
10.0,104119.0,0.030965091660618782,-0.18561168015003204,29.746530532836914
10.0,104124.0,0.030882956460118294,-0.1871456652879715,29.86028480529785
10.0,104128.0,0.030800821259617805,-0.18867963552474976,29.98072624206543
10.0,104134.0,0.030640657991170883,-0.1902136206626892,30.103872299194336
10.0,104139.0,0.030464066192507744,-0.19174760580062866,30.2369384765625
10.0,104144.0,0.030234085395932198,-0.19174760580062866,30.245485305786133
10.0,104149.0,0.029880903661251068,-0.19328159093856812,30.632156372070312
10.0,104155.0,0.029449691995978355,-0.19328159093856812,30.43533706665039
10.0,104159.0,0.029199179261922836,-0.19328159093856812,30.46739387512207
10.0,104163.0,0.02871868573129177,-0.19328159093856812,30.507225036621094
10.0,104167.0,0.02827104739844799,-0.19174760580062866,30.417940139770508
10.0,104173.0,0.027650924399495125,-0.19174760580062866,30.487842559814453
10.0,104177.0,0.027100615203380585,-0.1902136206626892,30.4307918548584
10.0,104181.0,0.026496920734643936,-0.1902136206626892,30.499345779418945
10.0,104186.0,0.02570841833949089,-0.18867963552474976,30.453428268432617
10.0,104190.0,0.025034908205270767,-0.1871456652879715,30.39134979248047
10.0,104194.0,0.024353181943297386,-0.18561168015003204,30.326507568359375
10.0,104207.0,0.022061601281166077,-0.18100973963737488,30.156375885009766
10.0,104213.0,0.020948665216565132,-0.17947575449943542,30.12730598449707
10.0,104217.0,0.020205339416861534,-0.17794176936149597,29.694622039794922
10.0,104221.0,0.01946611888706684,-0.1764077991247177,29.991561889648438
10.0,104228.0,0.01823408715426922,-0.1733398288488388,29.802717208862305
10.0,104233.0,0.017400410026311874,-0.17180585861206055,29.726869583129883
10.0,104238.0,0.016447639092803,-0.1702718734741211,29.65432357788086
10.0,104244.0,0.015696099027991295,-0.16873788833618164,29.337566375732422
10.0,104248.0,0.015108829364180565,-0.16873788833618164,29.59932518005371
10.0,104253.0,0.014422997832298279,-0.1672039031982422,29.482622146606445
10.0,104259.0,0.013675564900040627,-0.1672039031982422,29.504444122314453
10.0,104263.0,0.013232032768428326,-0.1672039031982422,29.507251739501953
10.0,104269.0,0.012636550702154636,-0.1672039031982422,29.503692626953125
10.0,104274.0,0.012094455771148205,-0.1672039031982422,29.4923095703125
10.0,104279.0,0.011765914037823677,-0.1672039031982422,29.475692749023438
10.0,104284.0,0.011388090439140797,-0.16873788833618164,29.82400894165039
10.0,104290.0,0.010977412573993206,-0.16873788833618164,29.567848205566406
10.0,104296.0,0.010579055175185204,-0.16873788833618164,29.541927337646484
10.0,104300.0,0.010316221974790096,-0.1702718734741211,29.66138458251953
10.0,104306.0,0.009938398376107216,-0.1702718734741211,29.633037567138672
10.0,104311.0,0.00963449664413929,-0.17180585861206055,29.74831199645996
10.0,104315.0,0.00938398391008377,-0.17180585861206055,29.72846031188965
10.0,104321.0,0.009002053178846836,-0.1733398288488388,29.847721099853516
10.0,104331.0,0.008353183045983315,-0.1733398288488388,29.819185256958008
10.0,104337.0,0.007958931848406792,-0.17487381398677826,29.94085121154785
10.0,104343.0,0.00755646824836731,-0.17487381398677826,29.935043334960938
10.0,104349.0,0.007141683716326952,-0.1764077991247177,30.063858032226562
10.0,104357.0,0.00652977405115962,-0.1764077991247177,30.072978973388672
10.0,104370.0,0.005330595653504133,-0.1764077991247177,30.119518280029297
10.0,104375.0,0.00480082118883729,-0.1764077991247177,30.149749755859375
10.0,104407.0,0.0008131416980177164,-0.17180585861206055,29.985177993774414
10.0,104412.0,4.106776032131165e-05,-0.17180585861206055,30.03261947631836
10.0,104418.0,-0.0006078028818592429,-0.1702718734741211,29.940706253051758
10.0,104423.0,-0.0012772073969244957,-0.1702718734741211,29.98335075378418
10.0,104428.0,-0.0019425051286816597,-0.1702718734741211,30.012842178344727
10.0,104432.0,-0.002480492927134037,-0.16873788833618164,29.917499542236328
10.0,104436.0,-0.0030184804927557707,-0.16873788833618164,29.94232177734375
10.0,104440.0,-0.0035318275913596153,-0.1672039031982422,29.82390022277832
10.0,104444.0,-0.004045174457132816,-0.1672039031982422,29.855566024780273
10.0,104448.0,-0.0045420946553349495,-0.1672039031982422,29.875762939453125
10.0,104453.0,-0.005149897187948227,-0.16566993296146393,29.756187438964844
10.0,104458.0,-0.005753593519330025,-0.16566993296146393,29.781400680541992
10.0,104463.0,-0.006357289385050535,-0.16566993296146393,29.80377197265625
10.0,104467.0,-0.006833675783127546,-0.16413594782352448,29.68956756591797
10.0,104472.0,-0.00743326498195529,-0.16413594782352448,29.707979202270508
10.0,104477.0,-0.007987679913640022,-0.16413594782352448,29.71747398376465
10.0,104481.0,-0.008422997780144215,-0.16413594782352448,29.726539611816406
10.0,104485.0,-0.008829568512737751,-0.16413594782352448,29.72984504699707
10.0,104489.0,-0.00921971257776022,-0.16413594782352448,29.730562210083008
10.0,104494.0,-0.009683778509497643,-0.16413594782352448,29.72879409790039
10.0,104498.0,-0.010036961175501347,-0.16413594782352448,29.724624633789062
10.0,104504.0,-0.010562628507614136,-0.16413594782352448,29.72046661376953
10.0,104509.0,-0.01098151970654726,-0.16413594782352448,29.711977005004883
10.0,104514.0,-0.011400410905480385,-0.16413594782352448,29.709590911865234
10.0,104519.0,-0.011901437304913998,-0.16413594782352448,29.703174591064453
10.0,104525.0,-0.012320328503847122,-0.16413594782352448,29.69916343688965
10.0,104531.0,-0.012813141569495201,-0.16413594782352448,29.6948299407959
10.0,104536.0,-0.013211498968303204,-0.16413594782352448,29.68916893005371
10.0,104540.0,-0.013523614034056664,-0.16566993296146393,29.822643280029297
10.0,104547.0,-0.014069815166294575,-0.16566993296146393,29.815074920654297
10.0,104551.0,-0.01437782309949398,-0.16566993296146393,29.81134796142578
10.0,104557.0,-0.014829568564891815,-0.16566993296146393,29.802959442138672
10.0,104563.0,-0.015330595895648003,-0.1672039031982422,29.930299758911133
10.0,104569.0,-0.015679672360420227,-0.1672039031982422,29.92348861694336
10.0,104574.0,-0.016127310693264008,-0.1672039031982422,29.919937133789062
10.0,104579.0,-0.016517452895641327,-0.1672039031982422,29.923200607299805
10.0,104584.0,-0.016841888427734375,-0.1672039031982422,29.926342010498047
10.0,104589.0,-0.01735113002359867,-0.16873788833618164,30.074718475341797
10.0,104597.0,-0.017995893955230713,-0.1672039031982422,29.96604347229004
10.0,104603.0,-0.01861601695418358,-0.1672039031982422,29.994407653808594
10.0,104609.0,-0.019244352355599403,-0.1672039031982422,30.021656036376953
10.0,104614.0,-0.019786447286605835,-0.1672039031982422,30.047515869140625
10.0,104619.0,-0.02033264935016632,-0.16566993296146393,29.94369888305664
10.0,104625.0,-0.02099383994936943,-0.16566993296146393,29.97654914855957
10.0,104630.0,-0.021564681082963943,-0.16566993296146393,29.640583038330078
10.0,104634.0,-0.022016426548361778,-0.16413594782352448,29.893512725830078
10.0,104639.0,-0.0225954819470644,-0.16413594782352448,29.92596435546875
10.0,104645.0,-0.02329363487660885,-0.16260196268558502,29.81648063659668
10.0,104649.0,-0.023757699877023697,-0.16260196268558502,29.84003448486328
10.0,104654.0,-0.024340862408280373,-0.16106799244880676,29.734962463378906
10.0,104659.0,-0.02490759827196598,-0.16106799244880676,29.76284408569336
10.0,104664.0,-0.025470225140452385,-0.16106799244880676,29.783668518066406
10.0,104668.0,-0.02589322440326214,-0.1595340073108673,29.660472869873047
10.0,104673.0,-0.026418890804052353,-0.1595340073108673,29.674545288085938
10.0,104678.0,-0.026903491467237473,-0.1595340073108673,29.68526840209961
10.0,104683.0,-0.02737577073276043,-0.1595340073108673,29.689119338989258
10.0,104689.0,-0.02791786380112171,-0.1595340073108673,29.69698715209961
10.0,104701.0,-0.0289774127304554,-0.1595340073108673,29.705530166625977
10.0,104707.0,-0.029486652463674545,-0.1595340073108673,29.709226608276367
10.0,104717.0,-0.03032854199409485,-0.1595340073108673,29.712839126586914
10.0,104751.0,-0.03275154158473015,-0.1595340073108673,29.6663818359375
10.0,104758.0,-0.03324024751782417,-0.1595340073108673,29.651630401611328
10.0,104766.0,-0.03365913778543472,-0.1595340073108673,29.636150360107422
10.0,104770.0,-0.033893223851919174,-0.16106799244880676,29.76390838623047
10.0,104774.0,-0.034127309918403625,-0.16106799244880676,29.758493423461914
10.0,104781.0,-0.0345667339861393,-0.16106799244880676,29.753089904785156
10.0,104785.0,-0.03482956811785698,-0.16106799244880676,29.753000259399414
10.0,104789.0,-0.035096507519483566,-0.16106799244880676,29.753070831298828
10.0,104793.0,-0.03536755591630936,-0.16106799244880676,29.75811004638672
10.0,104797.0,-0.03571663424372673,-0.16106799244880676,29.758962631225586
10.0,104801.0,-0.03598767891526222,-0.16106799244880676,29.7606201171875
10.0,104806.0,-0.03626694157719612,-0.16106799244880676,29.763988494873047
10.0,104809.0,-0.03654209524393082,-0.16106799244880676,29.766868591308594
10.0,104814.0,-0.03681313991546631,-0.16106799244880676,29.76802635192871
10.0,104817.0,-0.0370841883122921,-0.16106799244880676,29.770679473876953
10.0,104822.0,-0.03734702244400978,-0.16106799244880676,29.77257537841797
10.0,104826.0,-0.037601642310619354,-0.16106799244880676,29.772979736328125
10.0,104830.0,-0.03786037117242813,-0.16106799244880676,29.77442169189453
10.0,104834.0,-0.03812731057405472,-0.16106799244880676,29.777570724487305
10.0,104838.0,-0.038394249975681305,-0.16106799244880676,29.782894134521484
10.0,104843.0,-0.03872689977288246,-0.16106799244880676,29.784500122070312
10.0,104847.0,-0.03899794816970825,-0.16106799244880676,29.78899574279785
10.0,104850.0,-0.03927310183644295,-0.16106799244880676,29.794376373291016
10.0,104856.0,-0.03962628170847893,-0.16106799244880676,29.807708740234375
10.0,104861.0,-0.03999999910593033,-0.16106799244880676,29.82192611694336
10.0,104866.0,-0.04038603603839874,-0.1595340073108673,29.465116500854492
10.0,104873.0,-0.04094455763697624,-0.1595340073108673,29.718305587768555
10.0,104879.0,-0.04142505303025246,-0.1595340073108673,29.742984771728516
10.0,104884.0,-0.041823409497737885,-0.15800002217292786,29.616004943847656
10.0,104890.0,-0.042279262095689774,-0.15800002217292786,29.62862205505371
10.0,104895.0,-0.04262012243270874,-0.15800002217292786,29.633251190185547
10.0,104898.0,-0.04287885129451752,-0.15800002217292786,29.634489059448242
10.0,104904.0,-0.04317042976617813,-0.15800002217292786,29.630685806274414
10.0,104908.0,-0.043388091027736664,-0.15800002217292786,29.624908447265625
10.0,104914.0,-0.0437002070248127,-0.15800002217292786,29.61848258972168
10.0,104918.0,-0.043901436030864716,-0.15800002217292786,29.608692169189453
10.0,104923.0,-0.04418891295790672,-0.15800002217292786,29.600473403930664
10.0,104929.0,-0.04441889002919197,-0.15800002217292786,29.58961296081543
10.0,104934.0,-0.04464887082576752,-0.15800002217292786,29.58329200744629
10.0,104938.0,-0.04482546076178551,-0.15800002217292786,29.576091766357422
10.0,104943.0,-0.04503490775823593,-0.15800002217292786,29.560590744018555
10.0,104949.0,-0.04526899382472038,-0.1595340073108673,29.918743133544922
10.0,104954.0,-0.045466117560863495,-0.1595340073108673,29.67831802368164
10.0,104958.0,-0.04564271122217178,-0.1595340073108673,29.675220489501953
10.0,104962.0,-0.04587268829345703,-0.1595340073108673,29.67198944091797
10.0,104968.0,-0.04610677435994148,-0.1595340073108673,29.671377182006836
10.0,104974.0,-0.04644353315234184,-0.1595340073108673,29.670955657958984
10.0,104979.0,-0.04664476215839386,-0.1595340073108673,29.672977447509766
10.0,104984.0,-0.04689117148518562,-0.1595340073108673,29.674283981323242
10.0,104989.0,-0.04717864468693733,-0.1595340073108673,29.67398452758789
10.0,104994.0,-0.047367557883262634,-0.1595340073108673,29.674259185791016
10.0,104998.0,-0.04754825308918953,-0.1595340073108673,29.67365264892578
10.0,105003.0,-0.04777001962065697,-0.1595340073108673,29.672607421875
10.0,105008.0,-0.04796714708209038,-0.1595340073108673,29.66517448425293
10.0,105013.0,-0.048168376088142395,-0.1595340073108673,29.662790298461914
10.0,105017.0,-0.04832032695412636,-0.1595340073108673,29.65634536743164
10.0,105021.0,-0.04850102588534355,-0.1595340073108673,29.650102615356445
10.0,105026.0,-0.04862833768129349,-0.1595340073108673,29.63912582397461
10.0,105031.0,-0.04877207428216934,-0.1595340073108673,29.626094818115234
10.0,105036.0,-0.04889938235282898,-0.16106799244880676,29.753801345825195
10.0,105042.0,-0.04905133321881294,-0.16106799244880676,29.738569259643555
10.0,105048.0,-0.04923614114522934,-0.16106799244880676,29.73285484313965
10.0,105053.0,-0.04944969341158867,-0.16106799244880676,29.73295021057129
10.0,105059.0,-0.049630388617515564,-0.16106799244880676,29.73232650756836
10.0,105064.0,-0.049852155148983,-0.16106799244880676,29.734041213989258
10.0,105069.0,-0.050004106014966965,-0.16106799244880676,29.736284255981445
10.0,105074.0,-0.050209444016218185,-0.16106799244880676,29.740903854370117
10.0,105079.0,-0.05046817287802696,-0.16106799244880676,29.749069213867188
10.0,105084.0,-0.05065297707915306,-0.1595340073108673,29.618444442749023
10.0,105088.0,-0.050833676010370255,-0.1595340073108673,29.625154495239258
10.0,105094.0,-0.051104724407196045,-0.1595340073108673,29.636465072631836
10.0,105098.0,-0.051281314343214035,-0.1595340073108673,29.642915725708008
10.0,105103.0,-0.05150718614459038,-0.1595340073108673,29.649667739868164
10.0,105107.0,-0.05167967081069946,-0.1595340073108673,29.654998779296875
10.0,105112.0,-0.051897332072257996,-0.1595340073108673,29.662113189697266
10.0,105116.0,-0.052082136273384094,-0.1595340073108673,29.3012752532959
10.0,105120.0,-0.052258726209402084,-0.15800002217292786,29.539474487304688
10.0,105124.0,-0.05246817320585251,-0.15800002217292786,29.540987014770508
10.0,105129.0,-0.05262012407183647,-0.15800002217292786,29.542945861816406
10.0,105133.0,-0.052763860672712326,-0.15800002217292786,29.544044494628906
10.0,105138.0,-0.052940450608730316,-0.15800002217292786,29.54279136657715
10.0,105144.0,-0.05314168334007263,-0.15800002217292786,29.542421340942383
10.0,105148.0,-0.053264886140823364,-0.15800002217292786,29.539152145385742
10.0,105154.0,-0.053433265537023544,-0.15800002217292786,29.532564163208008
10.0,105158.0,-0.053527720272541046,-0.15800002217292786,29.526350021362305
10.0,105162.0,-0.05361396446824074,-0.15800002217292786,29.51597785949707
10.0,105166.0,-0.05369199067354202,-0.15800002217292786,29.507904052734375
10.0,105172.0,-0.05383983626961708,-0.15800002217292786,29.49208641052246
10.0,105178.0,-0.05390143766999245,-0.15800002217292786,29.482498168945312
10.0,105183.0,-0.05396714434027672,-0.15800002217292786,29.468032836914062
10.0,105187.0,-0.05400410667061806,-0.15800002217292786,29.45412826538086
10.0,105191.0,-0.05403285473585129,-0.1595340073108673,29.57562255859375
10.0,105196.0,-0.054057493805885315,-0.1595340073108673,29.5595703125
10.0,105200.0,-0.05406981334090233,-0.1595340073108673,29.544729232788086
10.0,105204.0,-0.054086241871118546,-0.1595340073108673,29.52603530883789
10.0,105208.0,-0.054094456136226654,-0.1595340073108673,29.513906478881836
10.0,105214.0,-0.05410677567124367,-0.16106799244880676,29.63002586364746
10.0,105218.0,-0.05411088466644287,-0.16106799244880676,29.616775512695312
10.0,105224.0,-0.05411909520626068,-0.16106799244880676,29.6003475189209
10.0,105229.0,-0.05412730947136879,-0.16106799244880676,29.587284088134766
10.0,105233.0,-0.0541355237364769,-0.16106799244880676,29.576730728149414
10.0,105239.0,-0.05414373800158501,-0.16260196268558502,29.69643783569336
10.0,105243.0,-0.05414784327149391,-0.16260196268558502,29.686540603637695
10.0,105248.0,-0.05416427180171013,-0.16260196268558502,29.678733825683594
10.0,105253.0,-0.054188910871744156,-0.16260196268558502,29.67264175415039
10.0,105256.0,-0.05420533940196037,-0.16260196268558502,29.66884994506836
10.0,105262.0,-0.05425051227211952,-0.16260196268558502,29.660600662231445
10.0,105267.0,-0.05427926033735275,-0.16260196268558502,29.658235549926758
10.0,105270.0,-0.05430800840258598,-0.16413594782352448,29.79294204711914
10.0,105277.0,-0.05436960980296135,-0.16413594782352448,29.792984008789062
10.0,105281.0,-0.05444353073835373,-0.16413594782352448,29.798336029052734
10.0,105287.0,-0.05455441400408745,-0.16260196268558502,29.667818069458008
10.0,105294.0,-0.054681725800037384,-0.16260196268558502,29.678083419799805
10.0,105298.0,-0.054776180535554886,-0.16260196268558502,29.689971923828125
10.0,105304.0,-0.054932236671447754,-0.16260196268558502,29.703752517700195
10.0,105310.0,-0.05510883033275604,-0.16260196268558502,29.722885131835938
10.0,105315.0,-0.055260781198740005,-0.16106799244880676,29.601581573486328
10.0,105321.0,-0.05542094632983208,-0.16106799244880676,29.615453720092773
10.0,105327.0,-0.05560164153575897,-0.16106799244880676,29.626296997070312
10.0,105332.0,-0.055716633796691895,-0.1595340073108673,29.502296447753906
10.0,105338.0,-0.05587679520249367,-0.1595340073108673,29.515134811401367
10.0,105344.0,-0.056032855063676834,-0.1595340073108673,29.52328872680664
10.0,105348.0,-0.05612320452928543,-0.15800002217292786,29.392353057861328
10.0,105354.0,-0.05625872686505318,-0.15800002217292786,29.397428512573242
10.0,105359.0,-0.05636139586567879,-0.15800002217292786,29.398496627807617
10.0,105364.0,-0.05642299726605415,-0.15800002217292786,29.3992862701416
10.0,105368.0,-0.056480493396520615,-0.15800002217292786,29.397254943847656
10.0,105374.0,-0.05656673386693001,-0.15800002217292786,29.397733688354492
10.0,105379.0,-0.05663244426250458,-0.1564660519361496,29.260650634765625
10.0,105384.0,-0.056694045662879944,-0.1564660519361496,29.25649070739746
10.0,105388.0,-0.05672689899802208,-0.1564660519361496,29.252887725830078
10.0,105392.0,-0.0567474327981472,-0.1564660519361496,29.244661331176758
10.0,105398.0,-0.056767966598272324,-0.1564660519361496,29.233423233032227
10.0,105403.0,-0.05677207559347153,-0.1564660519361496,29.22601890563965
10.0,105408.0,-0.05677618086338043,-0.1564660519361496,29.21525764465332
10.0,105413.0,-0.05677618086338043,-0.1564660519361496,29.208072662353516
10.0,105417.0,-0.05677618086338043,-0.1564660519361496,29.199600219726562
10.0,105423.0,-0.05677618086338043,-0.1564660519361496,29.19166374206543
10.0,105427.0,-0.05677618086338043,-0.1564660519361496,29.18425178527832
10.0,105431.0,-0.05677618086338043,-0.1564660519361496,29.178659439086914
10.0,105439.0,-0.05677618086338043,-0.1564660519361496,29.168384552001953
10.0,105444.0,-0.05677618086338043,-0.1564660519361496,29.16366958618164
10.0,105448.0,-0.05677618086338043,-0.1564660519361496,29.158145904541016
10.0,105453.0,-0.05677618086338043,-0.15493206679821014,29.014963150024414
10.0,105457.0,-0.05677618086338043,-0.15493206679821014,29.01113510131836
10.0,105464.0,-0.05677618086338043,-0.15493206679821014,29.005821228027344
10.0,105468.0,-0.05677618086338043,-0.15493206679821014,29.00255584716797
10.0,105473.0,-0.05677618086338043,-0.15493206679821014,28.998767852783203
10.0,105479.0,-0.05677618086338043,-0.15493206679821014,28.99397850036621
10.0,105484.0,-0.05677618086338043,-0.15493206679821014,28.99150276184082
10.0,105488.0,-0.05677618086338043,-0.1533980816602707,28.850589752197266
10.0,105493.0,-0.05677618086338043,-0.1533980816602707,28.84850311279297
10.0,105498.0,-0.05677207559347153,-0.1533980816602707,28.845409393310547
10.0,105502.0,-0.05677207559347153,-0.1533980816602707,28.843299865722656
10.0,105508.0,-0.05677207559347153,-0.1533980816602707,28.841066360473633
10.0,105514.0,-0.05677207559347153,-0.15186409652233124,28.701391220092773
10.0,105518.0,-0.05677207559347153,-0.15186409652233124,28.70023536682129
10.0,105523.0,-0.056759752333164215,-0.15186409652233124,28.695392608642578
10.0,105530.0,-0.056759752333164215,-0.15186409652233124,28.695514678955078
10.0,105534.0,-0.05675564706325531,-0.15186409652233124,28.694189071655273
10.0,105539.0,-0.05675564706325531,-0.15033012628555298,28.555452346801758
10.0,105544.0,-0.0567474327981472,-0.15033012628555298,28.55167007446289
10.0,105548.0,-0.05673511326313019,-0.15033012628555298,28.549375534057617
10.0,105553.0,-0.056722793728113174,-0.15033012628555298,28.54796028137207
10.0,105560.0,-0.056714579463005066,-0.14879614114761353,28.408781051635742
10.0,105566.0,-0.05668993666768074,-0.14879614114761353,28.40445327758789
10.0,105570.0,-0.05666940286755562,-0.14879614114761353,28.40147590637207
10.0,105574.0,-0.0566529780626297,-0.14726215600967407,28.261333465576172
10.0,105579.0,-0.05662422999739647,-0.14726215600967407,28.256973266601562
10.0,105584.0,-0.05660369619727135,-0.14726215600967407,28.25575828552246
10.0,105588.0,-0.056574948132038116,-0.1457281857728958,27.882640838623047
10.0,105593.0,-0.05652977526187897,-0.1457281857728958,28.106761932373047
10.0,105597.0,-0.05648459866642952,-0.1457281857728958,28.097761154174805
10.0,105602.0,-0.05641067773103714,-0.1457281857728958,28.083667755126953
10.0,105608.0,-0.05629158020019531,-0.14419420063495636,27.931751251220703
10.0,105614.0,-0.05611499026417732,-0.14419420063495636,27.900957107543945
10.0,105618.0,-0.055967144668102264,-0.14419420063495636,27.872051239013672
10.0,105623.0,-0.05574948713183403,-0.14419420063495636,27.845178604125977
10.0,105627.0,-0.05555646866559982,-0.14419420063495636,27.809412002563477
10.0,105631.0,-0.0553470216691494,-0.14419420063495636,27.77427864074707
10.0,105636.0,-0.05504311993718147,-0.1457281857728958,27.878450393676758
10.0,105640.0,-0.05477207526564598,-0.1457281857728958,27.838232040405273
10.0,105646.0,-0.05435318127274513,-0.1457281857728958,27.770782470703125
10.0,105650.0,-0.0540451742708683,-0.14726215600967407,27.86621856689453
10.0,105656.0,-0.05355646833777428,-0.14726215600967407,27.810354232788086
10.0,105664.0,-0.05285010114312172,-0.14879614114761353,27.85782814025879
10.0,105668.0,-0.05248459801077843,-0.14879614114761353,27.80242347717285
10.0,105674.0,-0.051934290677309036,-0.15033012628555298,27.885332107543945
10.0,105685.0,-0.050928130745887756,-0.15186409652233124,27.905073165893555
10.0,105694.0,-0.05015195161104202,-0.1533980816602707,27.9722843170166
10.0,105701.0,-0.0495687872171402,-0.1533980816602707,27.919042587280273
10.0,105706.0,-0.04915400594472885,-0.15493206679821014,28.031063079833984
10.0,105710.0,-0.0488254614174366,-0.15493206679821014,27.99806785583496
10.0,105714.0,-0.04842299968004227,-0.15493206679821014,27.975181579589844
10.0,105718.0,-0.0481724850833416,-0.15493206679821014,27.94832420349121
10.0,105724.0,-0.04766735062003136,-0.1564660519361496,28.04239273071289
10.0,105734.0,-0.046845994889736176,-0.1564660519361496,27.991554260253906
10.0,105739.0,-0.04645174369215965,-0.1564660519361496,27.96676254272461
10.0,105754.0,-0.04535112902522087,-0.15800002217292786,28.059860229492188
10.0,105758.0,-0.04508829489350319,-0.15800002217292786,28.0523681640625
10.0,105763.0,-0.04471457749605179,-0.1564660519361496,27.906583786010742
10.0,105767.0,-0.044525668025016785,-0.1564660519361496,27.900291442871094
10.0,105771.0,-0.04427926242351532,-0.1564660519361496,27.892786026000977
10.0,105776.0,-0.0438891164958477,-0.1564660519361496,27.8830509185791
10.0,105780.0,-0.0436098575592041,-0.1564660519361496,27.870698928833008
10.0,105786.0,-0.04325256496667862,-0.1564660519361496,27.85100555419922
10.0,105791.0,-0.042866528034210205,-0.1564660519361496,27.83222770690918
10.0,105798.0,-0.042271047830581665,-0.1564660519361496,27.793638229370117
10.0,105804.0,-0.041728951036930084,-0.15800002217292786,27.89650535583496
10.0,105807.0,-0.041449692100286484,-0.15800002217292786,27.870418548583984
10.0,105814.0,-0.0408131405711174,-0.15800002217292786,27.833356857299805
10.0,105819.0,-0.04027926176786423,-0.15800002217292786,27.80963134765625
10.0,105825.0,-0.03982751443982124,-0.1595340073108673,27.915719985961914
10.0,105831.0,-0.039297740906476974,-0.1595340073108673,27.89011573791504
10.0,105836.0,-0.03886653110384941,-0.1595340073108673,27.871517181396484
10.0,105843.0,-0.03826694190502167,-0.1595340073108673,27.84622573852539
10.0,105848.0,-0.03782340884208679,-0.1595340073108673,27.820749282836914
10.0,105853.0,-0.03737577050924301,-0.1595340073108673,27.801515579223633
10.0,105857.0,-0.037006158381700516,-0.1595340073108673,27.782455444335938
10.0,105862.0,-0.036418892443180084,-0.1595340073108673,27.745197296142578
10.0,105867.0,-0.03602053225040436,-0.16106799244880676,27.86159896850586
10.0,105871.0,-0.03562217578291893,-0.16106799244880676,27.833892822265625
10.0,105875.0,-0.0352238193154335,-0.16106799244880676,27.808181762695312
10.0,105881.0,-0.03463654965162277,-0.16106799244880676,27.782100677490234
10.0,105886.0,-0.034156057983636856,-0.16106799244880676,27.759321212768555
10.0,105890.0,-0.03377002105116844,-0.16106799244880676,27.74117660522461
10.0,105897.0,-0.033084187656641006,-0.16106799244880676,27.713191986083984
10.0,105901.0,-0.03268994018435478,-0.16260196268558502,27.82598114013672
10.0,105907.0,-0.03207802772521973,-0.16260196268558502,27.79524040222168
10.0,105911.0,-0.03166324272751808,-0.16260196268558502,27.7740535736084
10.0,105916.0,-0.03114168345928192,-0.16260196268558502,27.75257682800293
10.0,105920.0,-0.030706364661455154,-0.16260196268558502,27.72618865966797
10.0,105927.0,-0.029921971261501312,-0.16413594782352448,27.818498611450195
10.0,105934.0,-0.029154004529118538,-0.16413594782352448,27.78101348876953
10.0,105939.0,-0.028611909598112106,-0.16413594782352448,27.747478485107422
10.0,105944.0,-0.028069814667105675,-0.16566993296146393,27.866483688354492
10.0,105949.0,-0.027527721598744392,-0.16566993296146393,27.838361740112305
10.0,105953.0,-0.02700205333530903,-0.16566993296146393,27.819122314453125
10.0,105960.0,-0.026365503668785095,-0.16566993296146393,27.79231071472168
10.0,105965.0,-0.025823408737778664,-0.16566993296146393,27.762008666992188
10.0,105969.0,-0.025379877537488937,-0.16566993296146393,27.74161720275879
10.0,105974.0,-0.024817248806357384,-0.1672039031982422,27.856969833374023
10.0,105980.0,-0.0240410678088665,-0.1672039031982422,27.82533073425293
10.0,105985.0,-0.023609856143593788,-0.1672039031982422,27.802385330200195
10.0,105991.0,-0.0229691993445158,-0.1672039031982422,27.780502319335938
10.0,105996.0,-0.022443531081080437,-0.1672039031982422,27.5322322845459
10.0,106000.0,-0.022020533680915833,-0.16873788833618164,27.889516830444336
10.0,106004.0,-0.021613962948322296,-0.16873788833618164,27.873762130737305
10.0,106008.0,-0.021195072680711746,-0.16873788833618164,27.861845016479492
10.0,106013.0,-0.020681723952293396,-0.16873788833618164,27.846393585205078
10.0,106017.0,-0.020262833684682846,-0.16873788833618164,27.832693099975586
10.0,106022.0,-0.01974537968635559,-0.16873788833618164,27.814817428588867
10.0,106026.0,-0.019318275153636932,-0.16873788833618164,27.799911499023438
10.0,106033.0,-0.018587268888950348,-0.16873788833618164,27.776958465576172
10.0,106037.0,-0.01806570775806904,-0.16873788833618164,27.765737533569336
10.0,106041.0,-0.017663244158029556,-0.16873788833618164,27.755449295043945
10.0,106047.0,-0.017158111557364464,-0.16873788833618164,27.741275787353516
10.0,106051.0,-0.016767967492341995,-0.16873788833618164,27.731124877929688
10.0,106057.0,-0.016057495027780533,-0.16873788833618164,27.716123580932617
10.0,106065.0,-0.015330595895648003,-0.16873788833618164,27.687931060791016
10.0,106069.0,-0.01490349043160677,-0.16873788833618164,27.67342758178711
10.0,106074.0,-0.01434496883302927,-0.1702718734741211,27.790334701538086
10.0,106087.0,-0.012731006368994713,-0.1702718734741211,27.721548080444336
10.0,106094.0,-0.011934291571378708,-0.1702718734741211,27.690149307250977
10.0,106101.0,-0.011248460039496422,-0.17180585861206055,27.802627563476562
10.0,106107.0,-0.010554415173828602,-0.17180585861206055,27.77361488342285
10.0,106116.0,-0.009519507177174091,-0.17180585861206055,27.727632522583008
10.0,106122.0,-0.008813141845166683,-0.1733398288488388,27.83708381652832
10.0,106137.0,-0.0069199176505208015,-0.1733398288488388,27.767988204956055
10.0,106143.0,-0.006225872784852982,-0.17487381398677826,27.881404876708984
10.0,106147.0,-0.005885010119527578,-0.17487381398677826,27.868310928344727
10.0,106151.0,-0.005449691787362099,-0.17487381398677826,27.85689353942871
10.0,106158.0,-0.004698151722550392,-0.17487381398677826,27.8443546295166
10.0,106165.0,-0.003958932124078274,-0.17487381398677826,27.824186325073242
10.0,106170.0,-0.0033182750921696424,-0.17487381398677826,27.811309814453125
10.0,106175.0,-0.0028870636597275734,-0.17487381398677826,27.80023956298828
10.0,106179.0,-0.002349075861275196,-0.17487381398677826,27.78779411315918
10.0,106184.0,-0.0019342915620654821,-0.17487381398677826,27.775611877441406
10.0,106189.0,-0.0013141683302819729,-0.17487381398677826,27.768436431884766
10.0,106194.0,-0.0009117043227888644,-0.17487381398677826,27.760656356811523
10.0,106198.0,-0.000410677632316947,-0.17487381398677826,27.75393295288086
10.0,106204.0,7.392196857836097e-05,-0.17487381398677826,27.748455047607422
10.0,106209.0,0.000665297731757164,-0.17487381398677826,27.73967742919922
10.0,106216.0,0.0012566734803840518,-0.1764077991247177,27.868507385253906
10.0,106221.0,0.0017330595292150974,-0.1764077991247177,27.861669540405273
10.0,106227.0,0.0024476386606693268,-0.1764077991247177,27.84723472595215
10.0,106233.0,0.002956878859549761,-0.1764077991247177,27.832077026367188
10.0,106239.0,0.003560574958100915,-0.1764077991247177,27.823123931884766
10.0,106245.0,0.004143737256526947,-0.1764077991247177,27.8138427734375
10.0,106249.0,0.004525667522102594,-0.1764077991247177,27.808483123779297
10.0,106254.0,0.004993839655071497,-0.1764077991247177,27.803083419799805
10.0,106260.0,0.005650924053043127,-0.1764077991247177,27.79593849182129
10.0,106266.0,0.006119096651673317,-0.1764077991247177,27.789703369140625
10.0,106270.0,0.00649691978469491,-0.1764077991247177,27.780452728271484
10.0,106274.0,0.006882956717163324,-0.1764077991247177,27.772991180419922
10.0,106279.0,0.007375770248472691,-0.1764077991247177,27.76168441772461
10.0,106283.0,0.007889117114245892,-0.1764077991247177,27.74774169921875
10.0,106288.0,0.00831622164696455,-0.1764077991247177,27.731706619262695
10.0,106292.0,0.008858316577970982,-0.1764077991247177,27.71193504333496
10.0,106298.0,0.009408623911440372,-0.1764077991247177,27.68539047241211
10.0,106303.0,0.009963039308786392,-0.1764077991247177,27.668258666992188
10.0,106308.0,0.010632443241775036,-0.1764077991247177,27.640913009643555
10.0,106315.0,0.011416837573051453,-0.17794176936149597,27.749706268310547
10.0,106321.0,0.011979466304183006,-0.17794176936149597,27.7218074798584
10.0,106328.0,0.012767966836690903,-0.17794176936149597,27.697547912597656
10.0,106333.0,0.013351129367947578,-0.17947575449943542,27.808338165283203
10.0,106338.0,0.013926077634096146,-0.17947575449943542,27.78207778930664
10.0,106343.0,0.01452156063169241,-0.17947575449943542,27.75916290283203
10.0,106347.0,0.014981519430875778,-0.17947575449943542,27.738203048706055
10.0,106353.0,0.015667350962758064,-0.18100973963737488,27.85500717163086
10.0,106358.0,0.01620533876121044,-0.18100973963737488,27.841222763061523
10.0,106364.0,0.016813142225146294,-0.18100973963737488,27.831483840942383
10.0,106368.0,0.017207391560077667,-0.18100973963737488,27.826852798461914
10.0,106374.0,0.017790554091334343,-0.18100973963737488,27.814455032348633
10.0,106379.0,0.018279260024428368,-0.18100973963737488,27.812807083129883
10.0,106383.0,0.018665296956896782,-0.18254372477531433,27.938947677612305
10.0,106389.0,0.019273100420832634,-0.18254372477531433,27.929018020629883
10.0,106394.0,0.019765913486480713,-0.18254372477531433,27.91827964782715
10.0,106398.0,0.020254619419574738,-0.18254372477531433,27.911890029907227
10.0,106403.0,0.02062833681702614,-0.18254372477531433,27.906246185302734
10.0,106407.0,0.021006159484386444,-0.18254372477531433,27.90089225769043
10.0,106411.0,0.02136755734682083,-0.18254372477531433,27.900094985961914
10.0,106416.0,0.02180287428200245,-0.18254372477531433,27.902931213378906
10.0,106420.0,0.02213141694664955,-0.18254372477531433,27.90501594543457
10.0,106424.0,0.022546201944351196,-0.18254372477531433,27.904661178588867
10.0,106431.0,0.023026693612337112,-0.18254372477531433,27.909774780273438
10.0,106436.0,0.023437371477484703,-0.18254372477531433,27.91210174560547
10.0,106440.0,0.023757699877023697,-0.18254372477531433,27.91138458251953
10.0,106449.0,0.024509239941835403,-0.18254372477531433,27.906436920166016
10.0,106454.0,0.024948665872216225,-0.18254372477531433,27.89858055114746
10.0,106458.0,0.02530595473945141,-0.18254372477531433,27.892057418823242
10.0,106464.0,0.025831623002886772,-0.18254372477531433,27.88498306274414
10.0,106468.0,0.0261848047375679,-0.18254372477531433,27.877473831176758
10.0,106473.0,0.026616016402840614,-0.18254372477531433,27.8730411529541
10.0,106478.0,0.027043120935559273,-0.18254372477531433,27.867008209228516
10.0,106483.0,0.027462013065814972,-0.18254372477531433,27.862056732177734
10.0,106487.0,0.027790553867816925,-0.18254372477531433,27.858928680419922
10.0,106492.0,0.02827104739844799,-0.18254372477531433,27.856761932373047
10.0,106498.0,0.02868172526359558,-0.18254372477531433,27.85093879699707
10.0,106503.0,0.029096508398652077,-0.18254372477531433,27.8460636138916
10.0,106507.0,0.029433265328407288,-0.18254372477531433,27.837158203125
10.0,106511.0,0.029774127528071404,-0.18254372477531433,27.828445434570312
10.0,106516.0,0.03021765872836113,-0.18254372477531433,27.81942367553711
10.0,106522.0,0.030772073194384575,-0.1840776950120926,27.93892478942871
10.0,106526.0,0.031125256791710854,-0.1840776950120926,27.929845809936523
10.0,106530.0,0.031556468456983566,-0.1840776950120926,27.92210578918457
10.0,106535.0,0.03188911825418472,-0.1840776950120926,27.917634963989258
10.0,106541.0,0.03239014372229576,-0.1840776950120926,27.907018661499023
10.0,106547.0,0.03287063539028168,-0.18561168015003204,28.04085350036621
10.0,106551.0,0.0331745371222496,-0.18561168015003204,28.039255142211914
10.0,106557.0,0.033613961189985275,-0.18561168015003204,27.67486000061035
10.0,106561.0,0.033893223851919174,-0.1840776950120926,27.908689498901367
10.0,106566.0,0.03421765938401222,-0.1840776950120926,27.91452980041504
10.0,106570.0,0.034480493515729904,-0.1840776950120926,27.9195613861084
10.0,106576.0,0.03486653044819832,-0.1840776950120926,27.923839569091797
10.0,106580.0,0.03512115031480789,-0.1840776950120926,27.929529190063477
10.0,106584.0,0.03537987545132637,-0.1840776950120926,27.930105209350586
10.0,106588.0,0.035655029118061066,-0.1840776950120926,27.927412033081055
10.0,106593.0,0.036008212715387344,-0.1840776950120926,27.924957275390625
10.0,106599.0,0.036447636783123016,-0.1840776950120926,27.91380500793457
10.0,106605.0,0.036899384111166,-0.1840776950120926,27.907838821411133
10.0,106610.0,0.0372731015086174,-0.1840776950120926,28.26715660095215
10.0,106615.0,0.0376468189060688,-0.18561168015003204,28.03129005432129
10.0,106619.0,0.03799178823828697,-0.18561168015003204,28.030315399169922
10.0,106624.0,0.038262832909822464,-0.18561168015003204,28.028400421142578
10.0,106628.0,0.0385749489068985,-0.18561168015003204,28.031776428222656
10.0,106633.0,0.03880903497338295,-0.18561168015003204,28.037946701049805
10.0,106637.0,0.039026692509651184,-0.18561168015003204,28.046030044555664
10.0,106641.0,0.03924024477601051,-0.18561168015003204,28.05229949951172
10.0,106651.0,0.03975769877433777,-0.1840776950120926,27.929203033447266
10.0,106656.0,0.040032852441072464,-0.1840776950120926,27.934356689453125
10.0,106662.0,0.04037371650338173,-0.1840776950120926,27.934505462646484
10.0,106668.0,0.040722791105508804,-0.1840776950120926,27.93442726135254
10.0,106673.0,0.04101848229765892,-0.1840776950120926,27.931777954101562
10.0,106677.0,0.041273102164268494,-0.1840776950120926,27.92253303527832
10.0,106681.0,0.041609857231378555,-0.18561168015003204,28.051511764526367
10.0,106686.0,0.041889116168022156,-0.18561168015003204,28.04247283935547
10.0,106690.0,0.042168378829956055,-0.18561168015003204,28.03537940979004
10.0,106695.0,0.04249691963195801,-0.18561168015003204,28.027563095092773
10.0,106699.0,0.042747434228658676,-0.18561168015003204,28.025291442871094
10.0,106704.0,0.0430513359606266,-0.18561168015003204,28.022300720214844
10.0,106708.0,0.04329363629221916,-0.18561168015003204,28.020038604736328
10.0,106713.0,0.043585214763879776,-0.18561168015003204,28.018003463745117
10.0,106716.0,0.043806981295347214,-0.18561168015003204,28.01909637451172
10.0,106720.0,0.04401642829179764,-0.18561168015003204,28.020797729492188
10.0,106725.0,0.04421355202794075,-0.18561168015003204,28.02631187438965
10.0,106730.0,0.0444476380944252,-0.18561168015003204,28.03598403930664
10.0,106734.0,0.04461601749062538,-0.18561168015003204,28.043315887451172
10.0,106741.0,0.044899385422468185,-0.18561168015003204,28.056793212890625
10.0,106746.0,0.0450965091586113,-0.18561168015003204,28.06631851196289
10.0,106750.0,0.045252565294504166,-0.18561168015003204,28.0755672454834
10.0,106754.0,0.04539630562067032,-0.18561168015003204,28.08713722229004
10.0,106761.0,0.04563860222697258,-0.18561168015003204,28.098487854003906
10.0,106765.0,0.045802876353263855,-0.1840776950120926,27.97356414794922
10.0,106769.0,0.04590143635869026,-0.1840776950120926,27.982418060302734
10.0,106774.0,0.04609856382012367,-0.1840776950120926,27.992700576782227
10.0,106778.0,0.04622998088598251,-0.1840776950120926,28.000329971313477
10.0,106783.0,0.04636550322175026,-0.1840776950120926,28.00843048095703
10.0,106789.0,0.04657084122300148,-0.1840776950120926,28.012712478637695
10.0,106794.0,0.04676796868443489,-0.1840776950120926,28.014352798461914
10.0,106799.0,0.046965092420578,-0.1840776950120926,28.015626907348633
10.0,106804.0,0.04717453941702843,-0.1840776950120926,28.01309585571289
10.0,106808.0,0.0473347008228302,-0.1840776950120926,28.014142990112305
10.0,106814.0,0.04758521541953087,-0.1840776950120926,28.009918212890625
10.0,106818.0,0.047757700085639954,-0.1840776950120926,28.009193420410156
10.0,106823.0,0.047963038086891174,-0.1840776950120926,28.007762908935547
10.0,106827.0,0.04812730848789215,-0.1840776950120926,28.00614356994629
10.0,106831.0,0.04832443594932556,-0.1840776950120926,28.005271911621094
10.0,106836.0,0.04848049208521843,-0.1840776950120926,28.006031036376953
10.0,106840.0,0.048636551946401596,-0.1840776950120926,28.005107879638672
10.0,106844.0,0.04879671335220337,-0.1840776950120926,28.00327491760254
10.0,106849.0,0.048989731818437576,-0.1840776950120926,28.001989364624023
10.0,106854.0,0.04917043074965477,-0.1840776950120926,28.003828048706055
10.0,106859.0,0.049342915415763855,-0.1840776950120926,28.007976531982422
10.0,106864.0,0.049503080546855927,-0.1840776950120926,28.009235382080078
10.0,106868.0,0.049630388617515564,-0.1840776950120926,28.013582229614258
10.0,106873.0,0.04977412894368172,-0.1840776950120926,28.018770217895508
10.0,106877.0,0.04990965127944946,-0.1840776950120926,28.02518081665039
10.0,106883.0,0.05002874881029129,-0.1840776950120926,28.03357696533203
10.0,106887.0,0.050114989280700684,-0.1840776950120926,28.04467010498047
10.0,106892.0,0.050238192081451416,-0.1840776950120926,28.054473876953125
10.0,106897.0,0.050316222012043,-0.1840776950120926,28.064247131347656
10.0,106901.0,0.05039425194263458,-0.1840776950120926,28.071683883666992
10.0,106906.0,0.05049281194806099,-0.1840776950120926,28.08213996887207
10.0,106910.0,0.05056673660874367,-0.1840776950120926,28.089296340942383
10.0,106914.0,0.05064065754413605,-0.1840776950120926,28.094058990478516
10.0,106918.0,0.05071457847952843,-0.1840776950120926,28.100383758544922
10.0,106923.0,0.05080903321504593,-0.1840776950120926,28.106285095214844
10.0,106927.0,0.050878848880529404,-0.1840776950120926,28.113496780395508
10.0,106931.0,0.05094866454601288,-0.1840776950120926,27.751108169555664
10.0,106937.0,0.051047228276729584,-0.18254372477531433,27.99358367919922
10.0,106943.0,0.0511540025472641,-0.18254372477531433,27.997587203979492
10.0,106947.0,0.05124024674296379,-0.18254372477531433,27.998416900634766
10.0,106951.0,0.05133059620857239,-0.18254372477531433,27.99699592590332
10.0,106957.0,0.05148254707455635,-0.18254372477531433,27.99494171142578
10.0,106960.0,0.05158521607518196,-0.18254372477531433,27.99302101135254
10.0,106965.0,0.051691990345716476,-0.1840776950120926,28.358448028564453
10.0,106969.0,0.051802873611450195,-0.1840776950120926,28.123573303222656
10.0,106974.0,0.05192197114229202,-0.1840776950120926,28.123701095581055
10.0,106978.0,0.05200410634279251,-0.1840776950120926,28.12615966796875
10.0,106986.0,0.05216837674379349,-0.1840776950120926,28.12669563293457
10.0,106993.0,0.052332647144794464,-0.1840776950120926,28.123489379882812
10.0,107003.0,0.05261601507663727,-0.1840776950120926,28.110260009765625
10.0,107008.0,0.05276796594262123,-0.18561168015003204,28.238956451416016
10.0,107017.0,0.0530184805393219,-0.18561168015003204,28.23601722717285
10.0,107024.0,0.05313346907496452,-0.18561168015003204,28.2390079498291
10.0,107028.0,0.053203284740448,-0.18561168015003204,28.24176597595215
10.0,107047.0,0.05346611887216568,-0.18561168015003204,28.265033721923828
10.0,107053.0,0.05350308120250702,-0.18561168015003204,28.279281616210938
10.0,107058.0,0.053527720272541046,-0.18561168015003204,28.28818702697754
10.0,107062.0,0.05354003980755806,-0.18561168015003204,28.29932403564453
10.0,107066.0,0.05354414880275726,-0.18561168015003204,28.309463500976562
10.0,107071.0,0.05354414880275726,-0.18561168015003204,28.322330474853516
10.0,107077.0,0.05354414880275726,-0.18561168015003204,28.334457397460938
10.0,107081.0,0.05354414880275726,-0.18561168015003204,28.34807586669922
10.0,107088.0,0.05354414880275726,-0.18561168015003204,28.35867691040039
10.0,107092.0,0.05354414880275726,-0.18561168015003204,28.368642807006836
10.0,107098.0,0.05354414880275726,-0.18561168015003204,28.37980842590332
10.0,107104.0,0.05354414880275726,-0.18561168015003204,28.388486862182617
10.0,107108.0,0.05354414880275726,-0.18561168015003204,28.3950252532959
10.0,107114.0,0.05354414880275726,-0.18561168015003204,28.404226303100586
10.0,107117.0,0.05354414880275726,-0.18561168015003204,28.40995979309082
10.0,107121.0,0.05354414880275726,-0.18561168015003204,28.4140567779541
10.0,107126.0,0.05354414880275726,-0.18561168015003204,28.421777725219727
10.0,107133.0,0.05354414880275726,-0.18561168015003204,28.42887306213379
10.0,107136.0,0.05354414880275726,-0.18561168015003204,28.433273315429688
10.0,107142.0,0.05354414880275726,-0.18561168015003204,28.439407348632812
10.0,107148.0,0.05354414880275726,-0.18561168015003204,28.445026397705078
10.0,107152.0,0.05354414880275726,-0.18561168015003204,28.448486328125
10.0,107157.0,0.05354414880275726,-0.18561168015003204,28.451744079589844
10.0,107162.0,0.05354414880275726,-0.18561168015003204,28.45623779296875
10.0,107166.0,0.05354414880275726,-0.1871456652879715,28.827144622802734
10.0,107170.0,0.05354414880275726,-0.1871456652879715,28.59962272644043
10.0,107174.0,0.05354414880275726,-0.1871456652879715,28.60201644897461
10.0,107178.0,0.05354414880275726,-0.1871456652879715,28.604246139526367
10.0,107182.0,0.05354414880275726,-0.1871456652879715,28.60630226135254
10.0,107186.0,0.05354414880275726,-0.1871456652879715,28.608203887939453
10.0,107190.0,0.05354414880275726,-0.1871456652879715,28.60953712463379
10.0,107195.0,0.05354003980755806,-0.1871456652879715,28.61265754699707
10.0,107199.0,0.05354003980755806,-0.18867963552474976,28.981884002685547
10.0,107203.0,0.05354003980755806,-0.18867963552474976,28.753400802612305
10.0,107207.0,0.053535934537649155,-0.18867963552474976,28.75527000427246
10.0,107210.0,0.05353182926774025,-0.18867963552474976,28.756744384765625
10.0,107214.0,0.05353182926774025,-0.18867963552474976,28.75764274597168
10.0,107218.0,0.05353182926774025,-0.18867963552474976,28.758235931396484
10.0,107223.0,0.05353182926774025,-0.18867963552474976,28.759262084960938
10.0,107228.0,0.05353182926774025,-0.1902136206626892,28.897993087768555
10.0,107232.0,0.05352361500263214,-0.1902136206626892,28.901090621948242
10.0,107238.0,0.05351950600743294,-0.1902136206626892,28.90090560913086
10.0,107243.0,0.05351540073752403,-0.1902136206626892,28.901777267456055
10.0,107247.0,0.05351540073752403,-0.19174760580062866,29.04183578491211
10.0,107250.0,0.05351129546761513,-0.19174760580062866,29.04053497314453
10.0,107254.0,0.05351129546761513,-0.19174760580062866,29.042360305786133
10.0,107258.0,0.053498972207307816,-0.19174760580062866,29.043554306030273
10.0,107263.0,0.05349075794219971,-0.19174760580062866,29.044628143310547
10.0,107266.0,0.0534866526722908,-0.19328159093856812,29.181699752807617
10.0,107270.0,0.053478438407182693,-0.19328159093856812,29.184539794921875
10.0,107274.0,0.05345790460705757,-0.19328159093856812,29.18743896484375
10.0,107278.0,0.053433265537023544,-0.19328159093856812,29.19163703918457
10.0,107281.0,0.05340862274169922,-0.19328159093856812,29.562280654907227
10.0,107286.0,0.0533880889415741,-0.19481556117534637,29.334148406982422
10.0,107289.0,0.05335523560643196,-0.19481556117534637,29.341032028198242
10.0,107293.0,0.05331827700138092,-0.19481556117534637,29.34467887878418
10.0,107298.0,0.053264886140823364,-0.19481556117534637,29.352985382080078
10.0,107303.0,0.05322381854057312,-0.19634954631328583,29.494857788085938
10.0,107306.0,0.053190965205430984,-0.19634954631328583,29.501646041870117
10.0,107310.0,0.053145792335271835,-0.19634954631328583,29.506961822509766
10.0,107314.0,0.05309240147471428,-0.19634954631328583,29.515405654907227
10.0,107318.0,0.05303080007433891,-0.19788353145122528,29.89118766784668
10.0,107323.0,0.05293634533882141,-0.19788353145122528,29.672494888305664
10.0,107327.0,0.052837781608104706,-0.19788353145122528,29.688339233398438
10.0,107331.0,0.05271868407726288,-0.19788353145122528,29.708589553833008
10.0,107336.0,0.052550308406353,-0.19788353145122528,29.729068756103516
10.0,107339.0,0.05244353041052818,-0.19788353145122528,29.749582290649414
10.0,107343.0,0.05229568853974342,-0.19788353145122528,29.768901824951172
10.0,107347.0,0.05214373767375946,-0.19788353145122528,29.788253784179688
10.0,107351.0,0.05198357254266739,-0.19788353145122528,29.805185317993164
10.0,107355.0,0.051802873611450195,-0.19788353145122528,29.829580307006836
10.0,107359.0,0.051597535610198975,-0.19788353145122528,29.858707427978516
10.0,107363.0,0.05137576907873154,-0.19788353145122528,29.888530731201172
10.0,107367.0,0.05112936347723007,-0.19788353145122528,29.922929763793945
10.0,107370.0,0.05093223974108696,-0.19788353145122528,29.95859146118164
10.0,107374.0,0.050648871809244156,-0.19634954631328583,29.86924934387207
10.0,107379.0,0.05027104541659355,-0.19634954631328583,29.910114288330078
10.0,107385.0,0.04977412894368172,-0.19634954631328583,29.96333122253418
10.0,107389.0,0.04942094534635544,-0.19481556117534637,29.883317947387695
10.0,107394.0,0.048952773213386536,-0.19481556117534637,29.940200805664062
10.0,107403.0,0.04797946661710739,-0.19328159093856812,29.906314849853516
10.0,107408.0,0.04757700115442276,-0.19174760580062866,29.813716888427734
10.0,107412.0,0.04717864468693733,-0.19174760580062866,29.867494583129883
10.0,107416.0,0.04678439348936081,-0.1902136206626892,29.760278701782227
10.0,107419.0,0.04648870602250099,-0.1902136206626892,29.798343658447266
10.0,107423.0,0.046008214354515076,-0.18867963552474976,29.46759796142578
10.0,107436.0,0.04482956975698471,-0.1871456652879715,29.678791046142578
10.0,107440.0,0.04443942382931709,-0.1871456652879715,29.714317321777344
10.0,107444.0,0.044041067361831665,-0.1871456652879715,29.746383666992188
10.0,107449.0,0.043548256158828735,-0.18561168015003204,29.640676498413086
10.0,107454.0,0.0430513359606266,-0.18561168015003204,29.68056297302246
10.0,107458.0,0.0426776185631752,-0.1840776950120926,29.336694717407227
10.0,107461.0,0.0423983559012413,-0.1840776950120926,29.5941219329834
10.0,107466.0,0.04194250330328941,-0.1840776950120926,29.619895935058594
10.0,107470.0,0.04159753769636154,-0.1840776950120926,29.639619827270508
10.0,107475.0,0.04111293703317642,-0.1840776950120926,29.654199600219727
10.0,107479.0,0.040891170501708984,-0.1840776950120926,29.662595748901367
10.0,107483.0,0.0405297726392746,-0.1840776950120926,29.673364639282227
10.0,107487.0,0.040250513702631,-0.1840776950120926,29.67939567565918
10.0,107491.0,0.03996714577078819,-0.1840776950120926,29.68914794921875
10.0,107496.0,0.03968788683414459,-0.1840776950120926,29.69434928894043
10.0,107500.0,0.0394127294421196,-0.1840776950120926,29.700971603393555
10.0,107504.0,0.0391375757753849,-0.1840776950120926,29.70740509033203
10.0,107508.0,0.0388583168387413,-0.1840776950120926,29.714540481567383
10.0,107511.0,0.03864476457238197,-0.1840776950120926,29.72236442565918
10.0,107515.0,0.038357291370630264,-0.1840776950120926,29.73084831237793
10.0,107519.0,0.03806981444358826,-0.1840776950120926,29.73751449584961
10.0,107523.0,0.037778232246637344,-0.1840776950120926,29.75023651123047
10.0,107526.0,0.03748665377497673,-0.1840776950120926,29.75552749633789
10.0,107530.0,0.0372689925134182,-0.1840776950120926,29.765653610229492
10.0,107534.0,0.036977414041757584,-0.1840776950120926,29.77446937561035
10.0,107540.0,0.03653388097882271,-0.1840776950120926,29.786243438720703
10.0,107544.0,0.036242298781871796,-0.1840776950120926,29.794857025146484
10.0,107549.0,0.03581108897924423,-0.1840776950120926,29.805299758911133
10.0,107554.0,0.03553182631731033,-0.1840776950120926,29.81163215637207
10.0,107559.0,0.03517864644527435,-0.1840776950120926,29.82024574279785
10.0,107563.0,0.03490348905324936,-0.1840776950120926,30.195615768432617
10.0,107568.0,0.03454209491610527,-0.18561168015003204,29.975252151489258
10.0,107571.0,0.03431622311472893,-0.18561168015003204,29.993040084838867
10.0,107577.0,0.03383162245154381,-0.18561168015003204,30.00724220275879
10.0,107580.0,0.03348254784941673,-0.18561168015003204,30.026460647583008
10.0,107585.0,0.03311293572187424,-0.18561168015003204,30.04888343811035
10.0,107588.0,0.032821353524923325,-0.1840776950120926,29.936315536499023
10.0,107593.0,0.03231211379170418,-0.1840776950120926,29.966054916381836
10.0,107597.0,0.03188911825418472,-0.1840776950120926,30.002016067504883
10.0,107601.0,0.031470224261283875,-0.1840776950120926,30.02716636657715
10.0,107606.0,0.030924024060368538,-0.1840776950120926,29.70180320739746
10.0,107610.0,0.030472278594970703,-0.18254372477531433,29.961145401000977
10.0,107616.0,0.02979876846075058,-0.18254372477531433,30.00777816772461
10.0,107620.0,0.029232032597064972,-0.18254372477531433,30.035871505737305
10.0,107625.0,0.028772074729204178,-0.18100973963737488,29.930383682250977
10.0,107629.0,0.028172485530376434,-0.18100973963737488,29.971227645874023
10.0,107634.0,0.027577001601457596,-0.17947575449943542,29.872051239013672
10.0,107639.0,0.026940451934933662,-0.17947575449943542,29.91937828063965
10.0,107643.0,0.026562629267573357,-0.17947575449943542,29.951568603515625
10.0,107647.0,0.026057494804263115,-0.17794176936149597,29.84880828857422
10.0,107651.0,0.025544147938489914,-0.17794176936149597,29.87577247619629
10.0,107655.0,0.025043120607733727,-0.17794176936149597,29.90447425842285
10.0,107658.0,0.024669405072927475,-0.1764077991247177,29.79616928100586
10.0,107662.0,0.024176592007279396,-0.1764077991247177,29.820627212524414
10.0,107666.0,0.023605749011039734,-0.1764077991247177,29.842042922973633
10.0,107670.0,0.023264886811375618,-0.1764077991247177,29.86112403869629
10.0,107674.0,0.022817248478531837,-0.17487381398677826,29.742334365844727
10.0,107678.0,0.02237371727824211,-0.17487381398677826,29.75606346130371
10.0,107682.0,0.02193429134786129,-0.17487381398677826,29.775938034057617
10.0,107686.0,0.021503079682588577,-0.17487381398677826,29.78787612915039
10.0,107690.0,0.021080082282423973,-0.17487381398677826,29.80197525024414
10.0,107694.0,0.020640656352043152,-0.17487381398677826,29.820049285888672
10.0,107698.0,0.020221766084432602,-0.1733398288488388,29.692556381225586
10.0,107702.0,0.01981930248439312,-0.1733398288488388,29.70362091064453
10.0,107706.0,0.019425051286816597,-0.1733398288488388,29.710163116455078
10.0,107709.0,0.019154004752635956,-0.1733398288488388,29.710737228393555
10.0,107713.0,0.018800821155309677,-0.1733398288488388,29.710678100585938
10.0,107719.0,0.018308008089661598,-0.17487381398677826,29.83990478515625
10.0,107725.0,0.017827514559030533,-0.17487381398677826,29.84129524230957
10.0,107728.0,0.017581108957529068,-0.17487381398677826,29.83917808532715
10.0,107732.0,0.01724845916032791,-0.17487381398677826,29.841358184814453
10.0,107736.0,0.016907596960663795,-0.17487381398677826,29.841337203979492
10.0,107740.0,0.016574949026107788,-0.17487381398677826,29.84334945678711
10.0,107744.0,0.016225872561335564,-0.1764077991247177,30.21666145324707
10.0,107748.0,0.01587679609656334,-0.1764077991247177,29.989421844482422
10.0,107752.0,0.015416838228702545,-0.1764077991247177,30.00267791748047
10.0,107756.0,0.015026694163680077,-0.1764077991247177,30.014223098754883
10.0,107761.0,0.014636550098657608,-0.1764077991247177,30.03072166442871
10.0,107768.0,0.01389733050018549,-0.1764077991247177,30.057905197143555
10.0,107774.0,0.013260779902338982,-0.1764077991247177,30.084579467773438
10.0,107779.0,0.012603696435689926,-0.17487381398677826,29.9749813079834
10.0,107788.0,0.011585216037929058,-0.17487381398677826,30.023345947265625
10.0,107793.0,0.011121150106191635,-0.17487381398677826,30.053016662597656
10.0,107804.0,0.00963449664413929,-0.1733398288488388,29.992151260375977
10.0,107810.0,0.00900616031140089,-0.1733398288488388,30.024660110473633
10.0,107834.0,0.005954825319349766,-0.1702718734741211,29.906593322753906
10.0,107838.0,0.005453798919916153,-0.1702718734741211,29.93596076965332
10.0,107844.0,0.0045626284554600716,-0.16873788833618164,29.834077835083008
10.0,107849.0,0.004061601590365171,-0.16873788833618164,29.862092971801758
10.0,107854.0,0.0034291581250727177,-0.1672039031982422,29.51641845703125
10.0,107858.0,0.0029363450594246387,-0.1672039031982422,29.765268325805664
10.0,107862.0,0.0024517453275620937,-0.1672039031982422,29.78652572631836
10.0,107868.0,0.00175770022906363,-0.1672039031982422,29.80401039123535
10.0,107872.0,0.0012073921971023083,-0.1672039031982422,29.814239501953125
10.0,107878.0,0.0006776180816814303,-0.16566993296146393,29.68455696105957
10.0,107882.0,0.0002546201285440475,-0.16566993296146393,29.69422721862793
10.0,107886.0,-0.00015605748922098428,-0.16566993296146393,29.69601058959961
10.0,107890.0,-0.0005503080319613218,-0.16566993296146393,29.699142456054688
10.0,107894.0,-0.0009445585310459137,-0.16566993296146393,29.702592849731445
10.0,107899.0,-0.0014168377965688705,-0.16566993296146393,29.70152473449707
10.0,107904.0,-0.0018891170620918274,-0.16566993296146393,29.70321273803711
10.0,107908.0,-0.002246406627818942,-0.16566993296146393,29.69890594482422
10.0,107912.0,-0.0026036961935460567,-0.1672039031982422,29.8367919921875
10.0,107916.0,-0.0029691990930587053,-0.1672039031982422,29.83547019958496
10.0,107920.0,-0.003322381991893053,-0.1672039031982422,29.836200714111328
10.0,107925.0,-0.0037659136578440666,-0.1672039031982422,29.835660934448242
10.0,107929.0,-0.004102669190615416,-0.1672039031982422,29.830062866210938
10.0,107933.0,-0.004451745189726353,-0.1672039031982422,29.83059310913086
10.0,107937.0,-0.004796714521944523,-0.1672039031982422,29.829906463623047
10.0,107941.0,-0.005223819520324469,-0.1672039031982422,29.82894515991211
10.0,107946.0,-0.00558110885322094,-0.1672039031982422,29.833282470703125
10.0,107950.0,-0.005942505318671465,-0.1672039031982422,29.836673736572266
10.0,107957.0,-0.006595482584089041,-0.1672039031982422,29.847074508666992
10.0,107961.0,-0.006985626183450222,-0.1672039031982422,29.857248306274414
10.0,107965.0,-0.007375770248472691,-0.1672039031982422,29.86870002746582
10.0,107969.0,-0.007765913847833872,-0.1672039031982422,29.877817153930664
10.0,107979.0,-0.008755646646022797,-0.1672039031982422,29.901405334472656
10.0,107984.0,-0.009338809177279472,-0.1672039031982422,29.91324234008789
10.0,107991.0,-0.009921971708536148,-0.1672039031982422,29.930858612060547
10.0,107995.0,-0.010316221974790096,-0.1672039031982422,29.94111442565918
10.0,107999.0,-0.010817248374223709,-0.1672039031982422,29.954082489013672
10.0,108004.0,-0.011223819106817245,-0.1672039031982422,29.966516494750977
10.0,108008.0,-0.011646817438304424,-0.1672039031982422,29.98301887512207
10.0,108012.0,-0.012193018570542336,-0.1672039031982422,30.00619888305664
10.0,108017.0,-0.012640656903386116,-0.1672039031982422,30.026628494262695
10.0,108021.0,-0.013104722835123539,-0.16566993296146393,29.915565490722656
10.0,108026.0,-0.01368377823382616,-0.16566993296146393,29.944028854370117
10.0,108032.0,-0.014496919699013233,-0.16566993296146393,29.973770141601562
10.0,108037.0,-0.014956878498196602,-0.16413594782352448,29.855541229248047
10.0,108041.0,-0.015404517762362957,-0.16413594782352448,29.873916625976562
10.0,108046.0,-0.015950718894600868,-0.16413594782352448,29.890981674194336
10.0,108050.0,-0.01638193055987358,-0.16413594782352448,29.907407760620117
10.0,108054.0,-0.016813142225146294,-0.16260196268558502,29.553451538085938
10.0,108058.0,-0.017252566292881966,-0.16260196268558502,29.801082611083984
10.0,108063.0,-0.017790554091334343,-0.16260196268558502,29.813125610351562
10.0,108075.0,-0.01907186768949032,-0.16260196268558502,29.85610580444336
10.0,108079.0,-0.019609855487942696,-0.16106799244880676,29.731950759887695
10.0,108086.0,-0.020213551819324493,-0.16106799244880676,29.742815017700195
10.0,108090.0,-0.02061191014945507,-0.16106799244880676,29.749130249023438
10.0,108094.0,-0.02097330614924431,-0.16106799244880676,29.75321388244629
10.0,108101.0,-0.021687885746359825,-0.16106799244880676,29.751916885375977
10.0,108106.0,-0.022032855078577995,-0.16106799244880676,29.755512237548828
10.0,108110.0,-0.02247638627886772,-0.16106799244880676,29.75644302368164
10.0,108116.0,-0.02290349081158638,-0.16106799244880676,29.757125854492188
10.0,108120.0,-0.02325667440891266,-0.16106799244880676,29.760099411010742
10.0,108124.0,-0.023691991344094276,-0.16106799244880676,29.764440536499023
10.0,108129.0,-0.02404928207397461,-0.16106799244880676,29.76885414123535
10.0,108134.0,-0.024484599009156227,-0.16106799244880676,29.771499633789062
10.0,108138.0,-0.024829568341374397,-0.16106799244880676,29.777111053466797
10.0,108143.0,-0.025264887139201164,-0.16106799244880676,29.779939651489258
10.0,108150.0,-0.025930184870958328,-0.16106799244880676,29.782196044921875
10.0,108156.0,-0.02632443606853485,-0.16106799244880676,29.7783145904541
10.0,108160.0,-0.026636550202965736,-0.16106799244880676,29.777624130249023
10.0,108165.0,-0.02702258713543415,-0.16106799244880676,29.774269104003906
10.0,108170.0,-0.02740451693534851,-0.16106799244880676,29.773635864257812
10.0,108174.0,-0.027790553867816925,-0.16106799244880676,29.774837493896484
10.0,108179.0,-0.028098562732338905,-0.16106799244880676,29.775405883789062
10.0,108184.0,-0.028496919199824333,-0.16106799244880676,29.779489517211914
10.0,108188.0,-0.028817247599363327,-0.16106799244880676,29.781848907470703
10.0,108192.0,-0.029223820194602013,-0.16106799244880676,29.78798484802246
10.0,108198.0,-0.029626283794641495,-0.16106799244880676,29.794315338134766
10.0,108203.0,-0.03004106692969799,-0.16106799244880676,29.803836822509766
10.0,108207.0,-0.030464066192507744,-0.16106799244880676,29.8109130859375
10.0,108212.0,-0.03079671412706375,-0.16106799244880676,29.817626953125
10.0,108216.0,-0.031125256791710854,-0.16106799244880676,29.82360076904297
10.0,108220.0,-0.03144969046115875,-0.16106799244880676,29.829038619995117
10.0,108224.0,-0.031843941658735275,-0.16106799244880676,29.83127784729004
10.0,108229.0,-0.032151952385902405,-0.16106799244880676,29.835275650024414
10.0,108234.0,-0.03254619985818863,-0.16106799244880676,29.84108543395996
10.0,108238.0,-0.032858315855264664,-0.16106799244880676,29.84540367126465
10.0,108243.0,-0.03325667232275009,-0.16106799244880676,29.854482650756836
10.0,108249.0,-0.03374948725104332,-0.16106799244880676,29.863981246948242
10.0,108255.0,-0.03425051271915436,-0.1595340073108673,29.73895835876465
10.0,108259.0,-0.03459959104657173,-0.1595340073108673,29.754253387451172
10.0,108264.0,-0.035030800849199295,-0.1595340073108673,29.764921188354492
10.0,108268.0,-0.035383984446525574,-0.1595340073108673,29.778270721435547
10.0,108272.0,-0.03572484478354454,-0.1595340073108673,29.789613723754883
10.0,108276.0,-0.0361519493162632,-0.15800002217292786,29.66151237487793
10.0,108280.0,-0.03640656918287277,-0.15800002217292786,29.6715087890625
10.0,108285.0,-0.03682135418057442,-0.15800002217292786,29.678157806396484
10.0,108289.0,-0.03713757544755936,-0.15800002217292786,29.682754516601562
10.0,108293.0,-0.03743737190961838,-0.15800002217292786,29.68532371520996
10.0,108297.0,-0.03772484511137009,-0.15800002217292786,29.684724807739258
10.0,108301.0,-0.03800821304321289,-0.15800002217292786,29.685705184936523
10.0,108306.0,-0.038357291370630264,-0.15800002217292786,29.684553146362305
10.0,108310.0,-0.038628336042165756,-0.15800002217292786,29.684162139892578
10.0,108314.0,-0.03889117017388344,-0.15800002217292786,29.680763244628906
10.0,108318.0,-0.039149899035692215,-0.15800002217292786,29.680992126464844
10.0,108323.0,-0.039474330842494965,-0.15800002217292786,29.67965316772461
10.0,108327.0,-0.03973305970430374,-0.15800002217292786,29.67870330810547
10.0,108331.0,-0.03999999910593033,-0.15800002217292786,29.679656982421875
10.0,108336.0,-0.040332648903131485,-0.15800002217292786,29.68092155456543
10.0,108340.0,-0.04059958830475807,-0.15800002217292786,29.683725357055664
10.0,108344.0,-0.04086653143167496,-0.15800002217292786,29.684667587280273
10.0,108349.0,-0.041199177503585815,-0.15800002217292786,29.686878204345703
10.0,108353.0,-0.041470225900411606,-0.15800002217292786,29.690532684326172
10.0,108357.0,-0.04173716530203819,-0.15800002217292786,29.693294525146484
10.0,108361.0,-0.04200410842895508,-0.15800002217292786,29.69630241394043
10.0,108366.0,-0.042316220700740814,-0.15800002217292786,29.69348907470703
10.0,108370.0,-0.04255441576242447,-0.15800002217292786,29.692081451416016
10.0,108374.0,-0.04284599423408508,-0.15800002217292786,29.68852996826172
10.0,108379.0,-0.04311293736100197,-0.15800002217292786,29.68132209777832
10.0,108384.0,-0.04331827536225319,-0.15800002217292786,29.673995971679688
10.0,108388.0,-0.04356878995895386,-0.15800002217292786,29.6695499420166
10.0,108401.0,-0.0441642701625824,-0.15800002217292786,29.651626586914062
10.0,108406.0,-0.04440246522426605,-0.15800002217292786,29.64462661743164
10.0,108410.0,-0.044599588960409164,-0.15800002217292786,29.64113998413086
10.0,108414.0,-0.04479260742664337,-0.15800002217292786,29.63712501525879
10.0,108418.0,-0.044981520622968674,-0.15800002217292786,29.630857467651367
10.0,108423.0,-0.04521149769425392,-0.1595340073108673,29.764368057250977
10.0,108427.0,-0.045400410890579224,-0.1595340073108673,29.7637939453125
10.0,108432.0,-0.0456591360270977,-0.15800002217292786,29.62607192993164
10.0,108436.0,-0.04588911682367325,-0.1595340073108673,29.40250015258789
10.0,108440.0,-0.046119097620248795,-0.15800002217292786,29.63727378845215
10.0,108445.0,-0.046406570822000504,-0.15800002217292786,29.643312454223633
10.0,108450.0,-0.0466858334839344,-0.15800002217292786,29.645627975463867
10.0,108454.0,-0.04690759629011154,-0.15800002217292786,29.649330139160156
10.0,108459.0,-0.04717864468693733,-0.15800002217292786,29.653135299682617
10.0,108463.0,-0.04743736982345581,-0.15800002217292786,29.655105590820312
10.0,108468.0,-0.04763449728488922,-0.15800002217292786,29.654071807861328
10.0,108472.0,-0.04786858335137367,-0.15800002217292786,29.651159286499023
10.0,108477.0,-0.04804106801748276,-0.15800002217292786,29.647703170776367
10.0,108483.0,-0.048291582614183426,-0.15800002217292786,29.640581130981445
10.0,108487.0,-0.04844353348016739,-0.15800002217292786,29.633316040039062
10.0,108493.0,-0.048644762486219406,-0.15800002217292786,29.61931037902832
10.0,108497.0,-0.04875975474715233,-0.15800002217292786,29.60692596435547
10.0,108501.0,-0.04886242374777794,-0.15800002217292786,29.589801788330078
10.0,108507.0,-0.04900205507874489,-0.1595340073108673,29.709671020507812
10.0,108511.0,-0.049108829349279404,-0.1595340073108673,29.69988250732422
10.0,108517.0,-0.04931827634572983,-0.1595340073108673,29.690675735473633
10.0,108522.0,-0.04944969341158867,-0.1595340073108673,29.685138702392578
10.0,108527.0,-0.049642711877822876,-0.1595340073108673,29.67949676513672
10.0,108534.0,-0.049827516078948975,-0.16106799244880676,29.80954360961914
10.0,108538.0,-0.04995482414960861,-0.16106799244880676,30.038066864013672
10.0,108544.0,-0.050164271146059036,-0.16106799244880676,29.806324005126953
10.0,108548.0,-0.05032443627715111,-0.16106799244880676,29.81040382385254
10.0,108552.0,-0.05049281194806099,-0.1595340073108673,29.677675247192383
10.0,108556.0,-0.050665296614170074,-0.1595340073108673,29.684843063354492
10.0,108560.0,-0.05084189027547836,-0.1595340073108673,29.69080924987793
10.0,108565.0,-0.05107186734676361,-0.1595340073108673,29.699481964111328
10.0,108569.0,-0.05126899480819702,-0.1595340073108673,29.711387634277344
10.0,108574.0,-0.05151950567960739,-0.1595340073108673,29.72153663635254
10.0,108578.0,-0.05172484740614891,-0.15800002217292786,29.366432189941406
10.0,108583.0,-0.0519917868077755,-0.15800002217292786,29.61052703857422
10.0,108587.0,-0.05220123380422592,-0.15800002217292786,29.62040138244629
10.0,108591.0,-0.052398357540369034,-0.15800002217292786,29.6314640045166
10.0,108596.0,-0.05263654887676239,-0.15800002217292786,29.638830184936523
10.0,108600.0,-0.052817247807979584,-0.1564660519361496,29.275360107421875
10.0,108604.0,-0.053006161004304886,-0.1564660519361496,29.514333724975586
10.0,108609.0,-0.05322381854057312,-0.1564660519361496,29.51761817932129
10.0,108613.0,-0.0533880889415741,-0.1564660519361496,29.51966094970703
10.0,108617.0,-0.053527720272541046,-0.1564660519361496,29.516817092895508
10.0,108621.0,-0.05365092307329178,-0.1564660519361496,29.513368606567383
10.0,108626.0,-0.05379465967416763,-0.1564660519361496,29.505638122558594
10.0,108630.0,-0.05389733240008354,-0.1564660519361496,29.497690200805664
10.0,108634.0,-0.053991787135601044,-0.1564660519361496,29.48858642578125
10.0,108642.0,-0.0541396290063858,-0.1564660519361496,29.462696075439453
10.0,108647.0,-0.05418480560183525,-0.1564660519361496,29.447458267211914
10.0,108651.0,-0.05421355366706848,-0.1564660519361496,29.42755126953125
10.0,108656.0,-0.05423819273710251,-0.15800002217292786,29.545730590820312
10.0,108661.0,-0.05424640700221062,-0.15800002217292786,29.52023696899414
10.0,108666.0,-0.054254621267318726,-0.15800002217292786,29.49700164794922
10.0,108670.0,-0.054254621267318726,-0.15800002217292786,29.47970199584961
10.0,108674.0,-0.054254621267318726,-0.1595340073108673,29.60122299194336
10.0,108678.0,-0.054254621267318726,-0.1595340073108673,29.585411071777344
10.0,108684.0,-0.05425872653722763,-0.1595340073108673,29.563709259033203
10.0,108688.0,-0.05425872653722763,-0.1595340073108673,29.549577713012695
10.0,108693.0,-0.054262835532426834,-0.1595340073108673,29.53676986694336
10.0,108699.0,-0.054262835532426834,-0.16106799244880676,29.652612686157227
10.0,108704.0,-0.05427515506744385,-0.16106799244880676,29.642833709716797
10.0,108708.0,-0.054291579872369766,-0.16106799244880676,29.635501861572266
10.0,108712.0,-0.05431211367249489,-0.16106799244880676,29.6253719329834
10.0,108717.0,-0.054328542202711105,-0.16106799244880676,29.617752075195312
10.0,108721.0,-0.05434907600283623,-0.16106799244880676,29.609487533569336
10.0,108726.0,-0.054373715072870255,-0.16106799244880676,29.603418350219727
10.0,108730.0,-0.05439424887299538,-0.16106799244880676,29.59769058227539
10.0,108734.0,-0.0544147826731205,-0.16260196268558502,29.728862762451172
10.0,108738.0,-0.05444353073835373,-0.16260196268558502,29.729190826416016
10.0,108742.0,-0.05450102686882019,-0.16260196268558502,29.72867202758789
10.0,108746.0,-0.05455852299928665,-0.16260196268558502,29.731674194335938
10.0,108750.0,-0.05462833493947983,-0.16260196268558502,29.73688316345215
10.0,108755.0,-0.05470636487007141,-0.16106799244880676,29.604217529296875
10.0,108760.0,-0.05482546240091324,-0.16106799244880676,29.615863800048828
10.0,108764.0,-0.054924026131629944,-0.16106799244880676,29.62458610534668
10.0,108768.0,-0.05503080040216446,-0.16106799244880676,29.636680603027344
10.0,108772.0,-0.055158112198114395,-0.16106799244880676,29.64572525024414
10.0,108778.0,-0.05528542026877403,-0.1595340073108673,29.520551681518555
10.0,108783.0,-0.05540451779961586,-0.1595340073108673,29.526538848876953
10.0,108787.0,-0.05548665300011635,-0.1595340073108673,29.532758712768555
10.0,108792.0,-0.05558932200074196,-0.1595340073108673,29.538942337036133
10.0,108796.0,-0.05567145720124245,-0.1595340073108673,29.54386329650879
10.0,108800.0,-0.05577823519706726,-0.1595340073108673,29.550722122192383
10.0,108804.0,-0.055864475667476654,-0.15800002217292786,29.416994094848633
10.0,108808.0,-0.05594661086797714,-0.15800002217292786,29.420536041259766
10.0,108814.0,-0.05603696033358574,-0.15800002217292786,29.424863815307617
10.0,108818.0,-0.056098561733961105,-0.15800002217292786,29.4242000579834
10.0,108822.0,-0.05616837739944458,-0.15800002217292786,29.426132202148438
10.0,108827.0,-0.05621355399489403,-0.15800002217292786,29.42230987548828
10.0,108834.0,-0.05628747493028641,-0.1564660519361496,29.28070068359375
10.0,108838.0,-0.056312114000320435,-0.1564660519361496,29.274423599243164
10.0,108842.0,-0.05632854253053665,-0.1564660519361496,29.26825714111328
10.0,108849.0,-0.05632854253053665,-0.1564660519361496,29.253339767456055
10.0,108854.0,-0.05632854253053665,-0.1564660519361496,29.24605941772461
10.0,108858.0,-0.05632854253053665,-0.1564660519361496,29.237472534179688
10.0,108862.0,-0.05632854253053665,-0.1564660519361496,29.231000900268555
10.0,108871.0,-0.05632854253053665,-0.1564660519361496,29.217632293701172
10.0,108879.0,-0.05632854253053665,-0.1564660519361496,29.208322525024414
10.0,108885.0,-0.05632854253053665,-0.1564660519361496,29.19987678527832
10.0,108890.0,-0.05632854253053665,-0.1564660519361496,29.1943416595459
10.0,108895.0,-0.05632854253053665,-0.1564660519361496,29.190204620361328
10.0,108899.0,-0.05632854253053665,-0.1564660519361496,29.185375213623047
10.0,108904.0,-0.05632854253053665,-0.1564660519361496,29.181772232055664
10.0,108908.0,-0.05632854253053665,-0.1564660519361496,29.17839241027832
10.0,108912.0,-0.05632854253053665,-0.1564660519361496,29.17521858215332
10.0,108917.0,-0.05632854253053665,-0.15493206679821014,29.03279685974121
10.0,108921.0,-0.05632854253053665,-0.15493206679821014,29.030118942260742
10.0,108926.0,-0.05632854253053665,-0.15493206679821014,29.02763557434082
10.0,108931.0,-0.05632854253053665,-0.15493206679821014,29.02423667907715
10.0,108936.0,-0.05632854253053665,-0.15493206679821014,29.02168846130371
10.0,108940.0,-0.05632854253053665,-0.15493206679821014,29.019832611083984
10.0,108946.0,-0.05632854253053665,-0.1533980816602707,28.87928009033203
10.0,108951.0,-0.05632854253053665,-0.1533980816602707,28.877452850341797
10.0,108955.0,-0.05632854253053665,-0.1533980816602707,28.876129150390625
10.0,108959.0,-0.05632443353533745,-0.1533980816602707,28.874252319335938
10.0,108965.0,-0.05632443353533745,-0.1533980816602707,28.872983932495117
10.0,108969.0,-0.05632443353533745,-0.1533980816602707,28.872095108032227
10.0,108973.0,-0.05632032826542854,-0.15186409652233124,28.731142044067383
10.0,108978.0,-0.05631622299551964,-0.15186409652233124,28.730928421020508
10.0,108983.0,-0.05630800873041153,-0.15186409652233124,28.728961944580078
10.0,108987.0,-0.056303899735212326,-0.15186409652233124,28.72796630859375
10.0,108991.0,-0.05629979446530342,-0.15033012628555298,28.589038848876953
10.0,108996.0,-0.056295689195394516,-0.15033012628555298,28.588258743286133
10.0,109000.0,-0.056283365935087204,-0.15033012628555298,28.586198806762695
10.0,109004.0,-0.05627104640007019,-0.15033012628555298,28.584291458129883
10.0,109009.0,-0.05625872686505318,-0.14879614114761353,28.213111877441406
10.0,109014.0,-0.05624640733003616,-0.14879614114761353,28.441688537597656
10.0,109018.0,-0.05622587352991104,-0.14879614114761353,28.436262130737305
10.0,109022.0,-0.056193020194768906,-0.14879614114761353,28.432851791381836
10.0,109027.0,-0.056164272129535675,-0.14879614114761353,28.059627532958984
10.0,109031.0,-0.056135524064302444,-0.14726215600967407,28.283918380737305
10.0,109037.0,-0.056069813668727875,-0.14726215600967407,28.277158737182617
10.0,109042.0,-0.05601232126355171,-0.14726215600967407,28.269554138183594
10.0,109047.0,-0.055958930402994156,-0.1457281857728958,28.120925903320312
10.0,109051.0,-0.05590143799781799,-0.1457281857728958,28.115493774414062
10.0,109056.0,-0.055819302797317505,-0.1457281857728958,28.105010986328125
10.0,109060.0,-0.05574127286672592,-0.1457281857728958,28.093463897705078
10.0,109064.0,-0.05565503239631653,-0.1457281857728958,28.080896377563477
10.0,109068.0,-0.05556057393550873,-0.1457281857728958,27.699180603027344
10.0,109073.0,-0.05543326586484909,-0.14419420063495636,27.91288185119629
10.0,109077.0,-0.055297739803791046,-0.14419420063495636,27.886964797973633
10.0,109081.0,-0.05513757839798927,-0.14419420063495636,27.861215591430664
10.0,109086.0,-0.05489527806639671,-0.14419420063495636,27.83128547668457
10.0,109090.0,-0.05468583106994629,-0.14419420063495636,27.793489456176758
10.0,109094.0,-0.05445174500346184,-0.1457281857728958,27.89595603942871
10.0,109100.0,-0.054049279540777206,-0.1457281857728958,27.84904670715332
10.0,109104.0,-0.0537618063390255,-0.1457281857728958,27.80950355529785
10.0,109108.0,-0.05344969034194946,-0.14726215600967407,27.892942428588867
10.0,109114.0,-0.05295687913894653,-0.14726215600967407,27.829797744750977
10.0,109118.0,-0.05262012407183647,-0.14879614114761353,28.154193878173828
10.0,109122.0,-0.05219301953911781,-0.14879614114761353,27.88296890258789
10.0,109128.0,-0.05167967081069946,-0.14879614114761353,27.8233642578125
10.0,109133.0,-0.0513429157435894,-0.15033012628555298,27.914745330810547
10.0,109137.0,-0.05100616067647934,-0.15033012628555298,27.880962371826172
10.0,109143.0,-0.05043121054768562,-0.15186409652233124,27.963499069213867
10.0,109149.0,-0.05002874881029129,-0.15186409652233124,27.92373275756836
10.0,109154.0,-0.049613963812589645,-0.15186409652233124,27.891429901123047
10.0,109158.0,-0.049285419285297394,-0.15186409652233124,27.86326789855957
10.0,109162.0,-0.04894866421818733,-0.1533980816602707,27.96238899230957
10.0,109166.0,-0.048607803881168365,-0.1533980816602707,27.941553115844727
10.0,109170.0,-0.0482669398188591,-0.1533980816602707,27.90213394165039
10.0,109174.0,-0.04781930148601532,-0.1533980816602707,27.87140655517578
10.0,109179.0,-0.04746611788868904,-0.15493206679821014,27.980342864990234
10.0,109184.0,-0.04701026529073715,-0.15493206679821014,27.933412551879883
10.0,109189.0,-0.04655441641807556,-0.15493206679821014,27.90622901916504
10.0,109196.0,-0.04585215449333191,-0.1564660519361496,27.994543075561523
10.0,109201.0,-0.045523613691329956,-0.1564660519361496,27.975221633911133
10.0,109207.0,-0.045047227293252945,-0.1564660519361496,27.94941520690918
10.0,109213.0,-0.04457494989037514,-0.1564660519361496,27.92401695251465
10.0,109219.0,-0.04410266876220703,-0.15800002217292786,28.26761817932129
10.0,109224.0,-0.04362628236413002,-0.15800002217292786,28.013080596923828
10.0,109229.0,-0.04324435442686081,-0.15800002217292786,27.99715805053711
10.0,109234.0,-0.042932238429784775,-0.15800002217292786,27.98133659362793
10.0,109239.0,-0.04252977296710014,-0.15800002217292786,27.955921173095703
10.0,109244.0,-0.0421149879693985,-0.15800002217292786,27.934484481811523
10.0,109250.0,-0.041523613035678864,-0.15800002217292786,27.906278610229492
10.0,109256.0,-0.04110061749815941,-0.15800002217292786,27.882183074951172
10.0,109264.0,-0.04042710363864899,-0.15800002217292786,27.853248596191406
10.0,109272.0,-0.03976591303944588,-0.1595340073108673,27.59027862548828
10.0,109276.0,-0.039437372237443924,-0.15800002217292786,28.176647186279297
10.0,109282.0,-0.03894045203924179,-0.15800002217292786,28.153635025024414
10.0,109287.0,-0.03853798657655716,-0.15800002217292786,27.538318634033203
10.0,109291.0,-0.038209445774555206,-0.1595340073108673,27.895431518554688
10.0,109295.0,-0.037798769772052765,-0.15800002217292786,27.744565963745117
10.0,109300.0,-0.03746611997485161,-0.1595340073108673,27.86803436279297
10.0,109305.0,-0.036940451711416245,-0.1595340073108673,27.843833923339844
10.0,109311.0,-0.03648049384355545,-0.1595340073108673,27.81285285949707
10.0,109317.0,-0.03592197224497795,-0.1595340073108673,27.784547805786133
10.0,109324.0,-0.03525256738066673,-0.1595340073108673,27.74955177307129
10.0,109328.0,-0.034870635718107224,-0.1595340073108673,27.7282772064209
10.0,109333.0,-0.0343860387802124,-0.1595340073108673,27.705413818359375
10.0,109339.0,-0.03380698338150978,-0.1595340073108673,27.679960250854492
10.0,109343.0,-0.03340451791882515,-0.1595340073108673,27.653518676757812
10.0,109347.0,-0.03299794718623161,-0.16106799244880676,27.767953872680664
10.0,109351.0,-0.03257494792342186,-0.16106799244880676,27.74193572998047
10.0,109356.0,-0.03203696012496948,-0.16106799244880676,27.715770721435547
10.0,109359.0,-0.0315852165222168,-0.16106799244880676,27.68658447265625
10.0,109365.0,-0.031006159260869026,-0.16106799244880676,27.64110565185547
10.0,109370.0,-0.030266940593719482,-0.16260196268558502,27.7343692779541
10.0,109375.0,-0.029778234660625458,-0.16260196268558502,27.705259323120117
10.0,109380.0,-0.02904312126338482,-0.16413594782352448,27.796951293945312
10.0,109386.0,-0.02844763919711113,-0.16413594782352448,27.76249885559082
10.0,109391.0,-0.02774127386510372,-0.16413594782352448,27.725059509277344
10.0,109397.0,-0.027043120935559273,-0.16566993296146393,27.825763702392578
10.0,109404.0,-0.026353182271122932,-0.16566993296146393,27.794647216796875
10.0,109408.0,-0.025880903005599976,-0.16566993296146393,27.768117904663086
10.0,109414.0,-0.025162218138575554,-0.1672039031982422,27.867958068847656
10.0,109420.0,-0.024443531408905983,-0.1672039031982422,27.83331298828125
10.0,109425.0,-0.02374127320945263,-0.1672039031982422,27.802532196044922
10.0,109432.0,-0.02305133454501629,-0.16873788833618164,27.90667724609375
10.0,109438.0,-0.02239014394581318,-0.16873788833618164,27.88519287109375
10.0,109444.0,-0.021745380014181137,-0.16873788833618164,27.870121002197266
10.0,109451.0,-0.02103080041706562,-0.16873788833618164,27.854331970214844
10.0,109455.0,-0.020624229684472084,-0.16873788833618164,27.842321395874023
10.0,109459.0,-0.020213551819324493,-0.16873788833618164,27.832088470458984
10.0,109464.0,-0.019589321687817574,-0.16873788833618164,27.816606521606445
10.0,109469.0,-0.01907186768949032,-0.16873788833618164,27.804349899291992
10.0,109474.0,-0.018657084554433823,-0.16873788833618164,27.793399810791016
10.0,109479.0,-0.018139630556106567,-0.16873788833618164,27.7799072265625
10.0,109485.0,-0.017540041357278824,-0.16873788833618164,27.764768600463867
10.0,109489.0,-0.0170513354241848,-0.1702718734741211,27.89923667907715
10.0,109494.0,-0.016657084226608276,-0.16873788833618164,27.752254486083984
10.0,109500.0,-0.016057495027780533,-0.16873788833618164,27.73914909362793
10.0,109505.0,-0.015552361495792866,-0.16873788833618164,27.495779037475586
10.0,109511.0,-0.014944558963179588,-0.1702718734741211,27.85041618347168
10.0,109515.0,-0.01452156063169241,-0.1702718734741211,27.831506729125977
10.0,109519.0,-0.014094456098973751,-0.1702718734741211,27.817886352539062
10.0,109525.0,-0.013462012633681297,-0.1702718734741211,27.802425384521484
10.0,109531.0,-0.01282546203583479,-0.1702718734741211,27.781551361083984
10.0,109536.0,-0.012308008037507534,-0.1702718734741211,27.770307540893555
10.0,109539.0,-0.01188501063734293,-0.1702718734741211,27.75765609741211
10.0,109546.0,-0.011268993839621544,-0.1702718734741211,27.741952896118164
10.0,109551.0,-0.0107392193749547,-0.1702718734741211,27.72336769104004
10.0,109556.0,-0.01022176630795002,-0.1702718734741211,27.71220588684082
10.0,109561.0,-0.009675564244389534,-0.1702718734741211,27.686952590942383
10.0,109567.0,-0.008895277045667171,-0.1702718734741211,27.661083221435547
10.0,109574.0,-0.00818069837987423,-0.17180585861206055,27.765907287597656
10.0,109580.0,-0.007445585448294878,-0.17180585861206055,27.72986602783203
10.0,109584.0,-0.006956879049539566,-0.17180585861206055,27.707393646240234
10.0,109590.0,-0.006225872784852982,-0.17180585861206055,27.675933837890625
10.0,109596.0,-0.005507186986505985,-0.1733398288488388,27.777416229248047
10.0,109601.0,-0.0049034906551241875,-0.1733398288488388,27.754230499267578
10.0,109606.0,-0.004193018656224012,-0.1733398288488388,27.73162078857422
10.0,109614.0,-0.003338809125125408,-0.17487381398677826,27.83403778076172
10.0,109618.0,-0.002850102726370096,-0.17487381398677826,27.812681198120117
10.0,109623.0,-0.0021149897947907448,-0.17487381398677826,27.7839298248291
10.0,109629.0,-0.0015359342796728015,-0.17487381398677826,27.760812759399414
10.0,109635.0,-0.0008501026895828545,-0.1764077991247177,27.884883880615234
10.0,109640.0,-0.0002956878743134439,-0.1764077991247177,27.87055778503418
10.0,109645.0,0.00023819302441552281,-0.1764077991247177,27.86272430419922
10.0,109650.0,0.0007474332815036178,-0.1764077991247177,27.853893280029297
10.0,109658.0,0.001544147846288979,-0.1764077991247177,27.847307205200195
10.0,109662.0,0.0020451745949685574,-0.1764077991247177,27.840608596801758
10.0,109667.0,0.002443531760945916,-0.1764077991247177,27.836881637573242
10.0,109671.0,0.0028418891597539186,-0.1764077991247177,27.83167839050293
10.0,109676.0,0.0033470226917415857,-0.1764077991247177,27.823596954345703
10.0,109681.0,0.003835728857666254,-0.1764077991247177,27.816736221313477
10.0,109686.0,0.00441889138892293,-0.1764077991247177,27.812667846679688
10.0,109692.0,0.004891170654445887,-0.1764077991247177,27.808290481567383
10.0,109697.0,0.005355236120522022,-0.1764077991247177,27.805530548095703
10.0,109703.0,0.005913757719099522,-0.1764077991247177,27.8032169342041
10.0,109709.0,0.006468172650784254,-0.17487381398677826,27.658931732177734
10.0,109715.0,0.007043121382594109,-0.17487381398677826,27.650428771972656
10.0,109720.0,0.007659137714654207,-0.1764077991247177,27.77006721496582
10.0,109726.0,0.00821355264633894,-0.1764077991247177,27.742361068725586
10.0,109733.0,0.009014373645186424,-0.1764077991247177,27.714706420898438
10.0,109738.0,0.00970020517706871,-0.1764077991247177,27.688770294189453
10.0,109744.0,0.010271047241985798,-0.1764077991247177,27.660783767700195
10.0,109750.0,0.010960985906422138,-0.17794176936149597,27.771804809570312
10.0,109756.0,0.011626283638179302,-0.17794176936149597,27.749412536621094
10.0,109762.0,0.012308008037507534,-0.17794176936149597,27.726341247558594
10.0,109768.0,0.012977412901818752,-0.17794176936149597,28.069896697998047
10.0,109774.0,0.013659137301146984,-0.17947575449943542,27.81726837158203
10.0,109778.0,0.014110882766544819,-0.17947575449943542,27.7995548248291
10.0,109783.0,0.014681724831461906,-0.17947575449943542,27.780969619750977
10.0,109788.0,0.015236139297485352,-0.17947575449943542,27.763408660888672
10.0,109792.0,0.01578644849359989,-0.17947575449943542,27.750133514404297
10.0,109797.0,0.016209445893764496,-0.18100973963737488,27.88027000427246
10.0,109801.0,0.01662423089146614,-0.18100973963737488,27.86712646484375
10.0,109806.0,0.017141683027148247,-0.18100973963737488,27.859872817993164
10.0,109809.0,0.017437372356653214,-0.18100973963737488,27.85533905029297
10.0,109815.0,0.018036961555480957,-0.18100973963737488,27.84637451171875
10.0,109820.0,0.018611909821629524,-0.18100973963737488,27.839765548706055
10.0,109825.0,0.019010266289114952,-0.18100973963737488,27.8287410736084
10.0,109831.0,0.019609855487942696,-0.18100973963737488,27.819419860839844
10.0,109837.0,0.020225873216986656,-0.18100973963737488,27.803991317749023
10.0,109841.0,0.02062833681702614,-0.18254372477531433,27.933387756347656
10.0,109846.0,0.021129364147782326,-0.18254372477531433,27.92459487915039
10.0,109853.0,0.02186858281493187,-0.18254372477531433,27.921627044677734
10.0,109858.0,0.022209445014595985,-0.18254372477531433,27.922819137573242
10.0,109864.0,0.02272689901292324,-0.18254372477531433,27.922626495361328
10.0,109869.0,0.02313757687807083,-0.18254372477531433,27.925067901611328
10.0,109873.0,0.023560574278235435,-0.18254372477531433,27.926427841186523
10.0,109879.0,0.023971252143383026,-0.18254372477531433,27.92599105834961
10.0,109886.0,0.024574948474764824,-0.18254372477531433,27.92232322692871
10.0,109891.0,0.02501847967505455,-0.18254372477531433,27.91535758972168
10.0,109895.0,0.025375770404934883,-0.18254372477531433,27.908557891845703
10.0,109901.0,0.02599589340388775,-0.18254372477531433,27.90155029296875
10.0,109906.0,0.02634086273610592,-0.18254372477531433,27.898714065551758
10.0,109910.0,0.026681724935770035,-0.18254372477531433,27.896310806274414
10.0,109914.0,0.02710472233593464,-0.18254372477531433,27.891389846801758
10.0,109919.0,0.027437372133135796,-0.18254372477531433,27.890119552612305
10.0,109923.0,0.027761807665228844,-0.18254372477531433,27.88813591003418
10.0,109928.0,0.028156057000160217,-0.18254372477531433,27.889698028564453
