State,Step,X,Theta,U
10.0,125837.0,-0.04973716661334038,-0.16106799244880676,29.7955265045166
10.0,125841.0,-0.049893222749233246,-0.16106799244880676,29.799518585205078
10.0,125845.0,-0.050061602145433426,-0.16106799244880676,29.80573272705078
10.0,125849.0,-0.05023408681154251,-0.16106799244880676,29.81658363342285
10.0,125853.0,-0.05047227814793587,-0.1595340073108673,29.688261032104492
10.0,125857.0,-0.05062422901391983,-0.1595340073108673,29.700023651123047
10.0,125861.0,-0.050825461745262146,-0.1595340073108673,29.710153579711914
10.0,125867.0,-0.05113346874713898,-0.1595340073108673,29.731708526611328
10.0,125871.0,-0.051347021013498306,-0.1595340073108673,29.376827239990234
10.0,125875.0,-0.051560573279857635,-0.15800002217292786,29.619985580444336
10.0,125879.0,-0.051831621676683426,-0.15800002217292786,29.633548736572266
10.0,125884.0,-0.05204928293824196,-0.15800002217292786,29.646888732910156
10.0,125887.0,-0.05226694047451019,-0.1564660519361496,29.521953582763672
10.0,125891.0,-0.05242299661040306,-0.1564660519361496,29.531497955322266
10.0,125895.0,-0.05261601507663727,-0.1564660519361496,29.53806495666504
10.0,125898.0,-0.05279260873794556,-0.1564660519361496,29.5421142578125
10.0,125902.0,-0.05296509340405464,-0.1564660519361496,29.547088623046875
10.0,125906.0,-0.05312525853514671,-0.15493206679821014,29.409452438354492
10.0,125910.0,-0.05324024707078934,-0.15493206679821014,29.41082191467285
10.0,125914.0,-0.05336344987154007,-0.15493206679821014,29.40508270263672
10.0,125918.0,-0.053462013602256775,-0.15493206679821014,29.395408630371094
10.0,125921.0,-0.05351950600743294,-0.15493206679821014,29.383169174194336
10.0,125925.0,-0.05358521640300751,-0.15493206679821014,29.3693904876709
10.0,125929.0,-0.05363449826836586,-0.15493206679821014,29.358797073364258
10.0,125933.0,-0.053667351603507996,-0.1564660519361496,29.479246139526367
10.0,125936.0,-0.05368788540363312,-0.1564660519361496,29.460956573486328
10.0,125940.0,-0.05370841920375824,-0.1564660519361496,29.44957160949707
10.0,125944.0,-0.05372484773397446,-0.1564660519361496,29.43122100830078
10.0,125948.0,-0.05373716726899147,-0.1564660519361496,29.412904739379883
10.0,125952.0,-0.053749486804008484,-0.1564660519361496,29.39211654663086
10.0,125956.0,-0.05375359207391739,-0.15800002217292786,29.517677307128906
10.0,125959.0,-0.05375359207391739,-0.15800002217292786,29.500736236572266
10.0,125964.0,-0.0537659153342247,-0.15800002217292786,29.487903594970703
10.0,125967.0,-0.05377412587404251,-0.15800002217292786,29.473770141601562
10.0,125971.0,-0.053778234869241714,-0.15800002217292786,29.461986541748047
10.0,125975.0,-0.05378234013915062,-0.15800002217292786,29.448240280151367
10.0,125978.0,-0.05378644913434982,-0.15800002217292786,29.435138702392578
10.0,125984.0,-0.05378644913434982,-0.1595340073108673,29.556758880615234
10.0,125988.0,-0.05379055440425873,-0.1595340073108673,29.541955947875977
10.0,125993.0,-0.05379876866936684,-0.1595340073108673,29.53158187866211
10.0,125996.0,-0.05380287393927574,-0.1595340073108673,29.522933959960938
10.0,126000.0,-0.053815193474292755,-0.1595340073108673,29.512285232543945
10.0,126004.0,-0.053823407739400864,-0.1595340073108673,29.50333023071289
10.0,126008.0,-0.05382751673460007,-0.1595340073108673,29.496545791625977
10.0,126012.0,-0.05383162200450897,-0.1595340073108673,29.487642288208008
10.0,126016.0,-0.05383572727441788,-0.1595340073108673,29.479164123535156
10.0,126019.0,-0.05383572727441788,-0.16106799244880676,29.608463287353516
10.0,126023.0,-0.05383983626961708,-0.16106799244880676,29.60279655456543
10.0,126027.0,-0.053852155804634094,-0.16106799244880676,29.596956253051758
10.0,126030.0,-0.0538603700697422,-0.16106799244880676,29.59259605407715
10.0,126043.0,-0.05389733240008354,-0.16106799244880676,29.57401466369629
10.0,126048.0,-0.05390554293990135,-0.16106799244880676,29.569368362426758
10.0,126052.0,-0.053917866200208664,-0.16106799244880676,29.564687728881836
10.0,126056.0,-0.05392197147011757,-0.16106799244880676,29.560274124145508
10.0,126060.0,-0.053926076740026474,-0.16106799244880676,29.55541229248047
10.0,126065.0,-0.05393429100513458,-0.16106799244880676,29.550823211669922
10.0,126068.0,-0.05393429100513458,-0.16106799244880676,29.544523239135742
10.0,126072.0,-0.05393429100513458,-0.16106799244880676,29.54092025756836
10.0,126075.0,-0.053938400000333786,-0.16106799244880676,29.53706169128418
10.0,126079.0,-0.053938400000333786,-0.16106799244880676,29.532716751098633
10.0,126083.0,-0.053938400000333786,-0.16106799244880676,29.528614044189453
10.0,126087.0,-0.053938400000333786,-0.16106799244880676,29.525699615478516
10.0,126090.0,-0.053938400000333786,-0.16106799244880676,29.522024154663086
10.0,126094.0,-0.05394250527024269,-0.16106799244880676,29.51926612854004
10.0,126098.0,-0.05394250527024269,-0.16106799244880676,29.51679039001465
10.0,126101.0,-0.05394250527024269,-0.16106799244880676,29.513668060302734
10.0,126105.0,-0.05394250527024269,-0.16106799244880676,29.51075553894043
10.0,126109.0,-0.05394250527024269,-0.16106799244880676,29.508028030395508
10.0,126113.0,-0.05394250527024269,-0.16106799244880676,29.505489349365234
10.0,126117.0,-0.05394250527024269,-0.16106799244880676,29.503116607666016
10.0,126123.0,-0.05394250527024269,-0.16106799244880676,29.500396728515625
10.0,126128.0,-0.05394250527024269,-0.16106799244880676,29.497461318969727
10.0,126132.0,-0.05394250527024269,-0.16106799244880676,29.49570083618164
10.0,126136.0,-0.05394250527024269,-0.16106799244880676,29.494083404541016
10.0,126140.0,-0.05394250527024269,-0.16106799244880676,29.492958068847656
10.0,126144.0,-0.05394250527024269,-0.16106799244880676,29.491586685180664
10.0,126147.0,-0.05394250527024269,-0.1595340073108673,29.352283477783203
10.0,126153.0,-0.053946610540151596,-0.1595340073108673,29.351608276367188
10.0,126156.0,-0.053946610540151596,-0.1595340073108673,29.350614547729492
10.0,126160.0,-0.053946610540151596,-0.1595340073108673,29.3497314453125
10.0,126165.0,-0.053946610540151596,-0.1595340073108673,29.34862518310547
10.0,126170.0,-0.053946610540151596,-0.1595340073108673,29.3480167388916
10.0,126174.0,-0.053946610540151596,-0.1595340073108673,29.347625732421875
10.0,126178.0,-0.053946610540151596,-0.1595340073108673,29.347196578979492
10.0,126183.0,-0.053946610540151596,-0.1595340073108673,29.346784591674805
10.0,126187.0,-0.053946610540151596,-0.1595340073108673,29.346555709838867
10.0,126190.0,-0.053946610540151596,-0.15800002217292786,29.208351135253906
10.0,126194.0,-0.053946610540151596,-0.15800002217292786,29.20829200744629
10.0,126198.0,-0.053946610540151596,-0.15800002217292786,29.208297729492188
10.0,126202.0,-0.053946610540151596,-0.15800002217292786,29.208396911621094
10.0,126206.0,-0.053946610540151596,-0.15800002217292786,29.208520889282227
10.0,126211.0,-0.053946610540151596,-0.15800002217292786,29.20886993408203
10.0,126215.0,-0.053946610540151596,-0.15800002217292786,29.20919418334961
10.0,126218.0,-0.053946610540151596,-0.1564660519361496,29.0714168548584
10.0,126223.0,-0.053946610540151596,-0.1564660519361496,29.07184600830078
10.0,126226.0,-0.05394250527024269,-0.1564660519361496,29.07162094116211
10.0,126231.0,-0.05394250527024269,-0.1564660519361496,29.072343826293945
10.0,126236.0,-0.05394250527024269,-0.1564660519361496,29.073148727416992
10.0,126240.0,-0.05394250527024269,-0.1564660519361496,29.073665618896484
10.0,126245.0,-0.05394250527024269,-0.15493206679821014,28.936546325683594
10.0,126257.0,-0.05393429100513458,-0.15493206679821014,28.937728881835938
10.0,126262.0,-0.05393429100513458,-0.15493206679821014,28.938945770263672
10.0,126274.0,-0.05392197147011757,-0.1533980816602707,28.802270889282227
10.0,126279.0,-0.053917866200208664,-0.1533980816602707,28.80276870727539
10.0,126283.0,-0.053917866200208664,-0.15186409652233124,28.66627311706543
10.0,126287.0,-0.05391375720500946,-0.15186409652233124,28.66685676574707
10.0,126312.0,-0.05382751673460007,-0.14879614114761353,28.38146209716797
10.0,126317.0,-0.05379876866936684,-0.14879614114761353,28.378957748413086
10.0,126322.0,-0.0537659153342247,-0.14879614114761353,28.375944137573242
10.0,126326.0,-0.05372484773397446,-0.14879614114761353,28.37255859375
10.0,126331.0,-0.05368788540363312,-0.14726215600967407,28.23058319091797
10.0,126343.0,-0.05353182926774025,-0.14726215600967407,28.2097225189209
10.0,126347.0,-0.053453799337148666,-0.1457281857728958,28.05769920349121
10.0,126352.0,-0.05333881080150604,-0.1457281857728958,28.038822174072266
10.0,126357.0,-0.05315811187028885,-0.1457281857728958,28.01697540283203
10.0,126361.0,-0.053051333874464035,-0.1457281857728958,27.996070861816406
10.0,126369.0,-0.05274743214249611,-0.1457281857728958,27.952064514160156
10.0,126374.0,-0.05253387987613678,-0.1457281857728958,27.9315128326416
10.0,126378.0,-0.052344970405101776,-0.1457281857728958,27.9044132232666
10.0,126382.0,-0.052086241543293,-0.1457281857728958,27.869659423828125
10.0,126388.0,-0.05181519687175751,-0.1457281857728958,27.826932907104492
10.0,126392.0,-0.051523614674806595,-0.1457281857728958,27.797822952270508
10.0,126396.0,-0.051281314343214035,-0.14726215600967407,28.135175704956055
10.0,126401.0,-0.05102258548140526,-0.14726215600967407,27.872386932373047
10.0,126405.0,-0.050767965614795685,-0.14726215600967407,27.837003707885742
10.0,126409.0,-0.05051334574818611,-0.14726215600967407,27.81391716003418
10.0,126413.0,-0.05025051161646843,-0.14726215600967407,27.7846736907959
10.0,126417.0,-0.04998357221484184,-0.14726215600967407,27.754396438598633
10.0,126421.0,-0.049696099013090134,-0.14726215600967407,27.713363647460938
10.0,126426.0,-0.049314167350530624,-0.14879614114761353,27.816198348999023
10.0,126429.0,-0.049071867018938065,-0.14879614114761353,27.777225494384766
10.0,126434.0,-0.0486406572163105,-0.14879614114761353,27.739059448242188
10.0,126437.0,-0.048279259353876114,-0.14879614114761353,27.69672966003418
10.0,126441.0,-0.047983571887016296,-0.15033012628555298,27.78924560546875
10.0,126445.0,-0.047581110149621964,-0.15033012628555298,27.755521774291992
10.0,126448.0,-0.04728952795267105,-0.15186409652233124,27.850446701049805
10.0,126453.0,-0.04676796868443489,-0.15186409652233124,27.80559539794922
10.0,126456.0,-0.046464066952466965,-0.15186409652233124,27.766206741333008
10.0,126460.0,-0.04606981575489044,-0.1533980816602707,27.86432647705078
10.0,126464.0,-0.0456591360270977,-0.1533980816602707,27.826608657836914
10.0,126468.0,-0.04526899382472038,-0.15493206679821014,27.929702758789062
10.0,126472.0,-0.04487474262714386,-0.15493206679821014,27.896989822387695
10.0,126476.0,-0.044496919959783554,-0.15493206679821014,27.866168975830078
10.0,126480.0,-0.04411909729242325,-0.15493206679821014,27.843603134155273
10.0,126486.0,-0.04354414716362953,-0.1564660519361496,27.93138885498047
10.0,126490.0,-0.043174538761377335,-0.1564660519361496,27.900941848754883
10.0,126494.0,-0.04278439283370972,-0.1564660519361496,27.87903594970703
10.0,126497.0,-0.0423942506313324,-0.15800002217292786,27.981082916259766
10.0,126503.0,-0.04190143570303917,-0.15800002217292786,27.947542190551758
10.0,126506.0,-0.04151950776576996,-0.15800002217292786,27.928194046020508
10.0,126510.0,-0.04123203456401825,-0.1595340073108673,28.041282653808594
10.0,126514.0,-0.04085831716656685,-0.1595340073108673,28.02031898498535
10.0,126518.0,-0.040501028299331665,-0.1595340073108673,28.000778198242188
10.0,126522.0,-0.04015194997191429,-0.1595340073108673,27.98505210876465
10.0,126526.0,-0.03981519490480423,-0.1595340073108673,27.9752197265625
10.0,126529.0,-0.03957289457321167,-0.1595340073108673,27.964313507080078
10.0,126534.0,-0.03917864337563515,-0.1595340073108673,27.953075408935547
10.0,126537.0,-0.0389486663043499,-0.1595340073108673,27.94339942932129
10.0,126541.0,-0.03848870471119881,-0.1595340073108673,27.931970596313477
10.0,126546.0,-0.03825872763991356,-0.1595340073108673,27.922475814819336
10.0,126550.0,-0.03795071691274643,-0.1595340073108673,27.9130859375
10.0,126554.0,-0.03763860464096069,-0.1595340073108673,27.903057098388672
10.0,126558.0,-0.03732648864388466,-0.1595340073108673,27.893146514892578
10.0,126563.0,-0.03692402318120003,-0.1595340073108673,27.87994384765625
10.0,126567.0,-0.036595482379198074,-0.1595340073108673,27.864356994628906
10.0,126571.0,-0.03625872731208801,-0.1595340073108673,27.848695755004883
10.0,126575.0,-0.03591786324977875,-0.1595340073108673,27.83649444580078
10.0,126579.0,-0.035581108182668686,-0.1595340073108673,27.821300506591797
10.0,126584.0,-0.03514578938484192,-0.1595340073108673,27.5760440826416
10.0,126588.0,-0.03480082005262375,-0.16106799244880676,28.160131454467773
10.0,126600.0,-0.033790554851293564,-0.1595340073108673,27.753564834594727
10.0,126604.0,-0.03346201404929161,-0.1595340073108673,27.51288604736328
10.0,126608.0,-0.033121149986982346,-0.1595340073108673,27.73038673400879
10.0,126613.0,-0.03268583118915558,-0.1595340073108673,27.713302612304688
10.0,126616.0,-0.032320328056812286,-0.16106799244880676,27.834875106811523
10.0,126620.0,-0.032041069120168686,-0.1595340073108673,27.67598533630371
10.0,126624.0,-0.03155236318707466,-0.16106799244880676,27.79391860961914
10.0,126629.0,-0.03114989772439003,-0.16106799244880676,27.770803451538086
10.0,126633.0,-0.03073100559413433,-0.16106799244880676,27.745309829711914
10.0,126636.0,-0.03041478432714939,-0.16106799244880676,27.72089195251465
10.0,126640.0,-0.02998357266187668,-0.16106799244880676,27.693632125854492
10.0,126644.0,-0.029540041461586952,-0.16260196268558502,27.806806564331055
10.0,126648.0,-0.029112936928868294,-0.16260196268558502,27.78143310546875
10.0,126652.0,-0.028554415330290794,-0.16260196268558502,27.75499153137207
10.0,126656.0,-0.028221765533089638,-0.16260196268558502,27.729839324951172
10.0,126660.0,-0.02777823433279991,-0.16413594782352448,27.843286514282227
10.0,126664.0,-0.02733880840241909,-0.16413594782352448,27.825883865356445
10.0,126668.0,-0.026907596737146378,-0.16413594782352448,27.8055362701416
10.0,126672.0,-0.02647227980196476,-0.16413594782352448,27.78365135192871
10.0,126676.0,-0.02603285387158394,-0.16413594782352448,27.76021957397461
10.0,126681.0,-0.025351129472255707,-0.16566993296146393,27.860639572143555
10.0,126686.0,-0.024895276874303818,-0.16566993296146393,27.832651138305664
10.0,126690.0,-0.024443531408905983,-0.16566993296146393,27.814075469970703
10.0,126694.0,-0.023995893076062202,-0.16566993296146393,27.793787002563477
10.0,126698.0,-0.02356468141078949,-0.16566993296146393,27.770404815673828
10.0,126703.0,-0.0230143740773201,-0.1672039031982422,27.890361785888672
10.0,126707.0,-0.022599589079618454,-0.1672039031982422,28.1069278717041
10.0,126711.0,-0.022180698812007904,-0.1672039031982422,27.860258102416992
10.0,126714.0,-0.021770020946860313,-0.1672039031982422,27.849044799804688
10.0,126719.0,-0.021371662616729736,-0.1672039031982422,27.836332321166992
10.0,126723.0,-0.02097330614924431,-0.1672039031982422,27.823486328125
10.0,126727.0,-0.020579054951667786,-0.1672039031982422,27.815488815307617
10.0,126733.0,-0.01996714621782303,-0.1672039031982422,27.79599380493164
10.0,126737.0,-0.019560575485229492,-0.1672039031982422,27.782093048095703
10.0,126740.0,-0.019141683354973793,-0.1672039031982422,27.76738929748535
10.0,126744.0,-0.018833676353096962,-0.1672039031982422,27.754249572753906
10.0,126748.0,-0.018418891355395317,-0.1672039031982422,27.740482330322266
10.0,126754.0,-0.017802875488996506,-0.1672039031982422,27.724334716796875
10.0,126757.0,-0.017494866624474525,-0.1672039031982422,27.711505889892578
10.0,126761.0,-0.01708829589188099,-0.1672039031982422,27.703903198242188
10.0,126765.0,-0.016685832291841507,-0.16873788833618164,27.82622718811035
10.0,126770.0,-0.016160164028406143,-0.16873788833618164,28.04035186767578
10.0,126774.0,-0.01576591283082962,-0.16873788833618164,27.430444717407227
10.0,126778.0,-0.015355235897004604,-0.16873788833618164,28.019283294677734
10.0,126781.0,-0.014948665164411068,-0.16873788833618164,27.40414810180664
10.0,126786.0,-0.014517453499138355,-0.16873788833618164,27.754362106323242
10.0,126790.0,-0.01406160183250904,-0.16873788833618164,27.732336044311523
10.0,126794.0,-0.013605749234557152,-0.16873788833618164,27.712617874145508
10.0,126798.0,-0.013145790435373783,-0.16873788833618164,27.697467803955078
10.0,126802.0,-0.012558521702885628,-0.16873788833618164,27.670503616333008
10.0,126815.0,-0.011166324838995934,-0.1702718734741211,27.74421501159668
10.0,126819.0,-0.01070225890725851,-0.1702718734741211,27.72496223449707
10.0,126824.0,-0.010127309709787369,-0.1702718734741211,27.70669174194336
10.0,126827.0,-0.009778234176337719,-0.17180585861206055,27.82402229309082
10.0,126831.0,-0.009301847778260708,-0.17180585861206055,27.80851936340332
10.0,126835.0,-0.008833675645291805,-0.17180585861206055,27.78643798828125
10.0,126839.0,-0.008361396379768848,-0.17180585861206055,27.770092010498047
10.0,126843.0,-0.007770020514726639,-0.17180585861206055,27.74722671508789
10.0,126847.0,-0.007416837848722935,-0.17180585861206055,28.097211837768555
10.0,126851.0,-0.006944558583199978,-0.1733398288488388,27.848461151123047
10.0,126855.0,-0.006480492651462555,-0.1733398288488388,27.829496383666992
10.0,126858.0,-0.006020533852279186,-0.1733398288488388,27.820602416992188
10.0,126864.0,-0.005466118920594454,-0.1733398288488388,27.804136276245117
10.0,126868.0,-0.004919917788356543,-0.1733398288488388,27.79039764404297
10.0,126872.0,-0.004484599456191063,-0.1733398288488388,27.547344207763672
10.0,126876.0,-0.0040533882565796375,-0.17487381398677826,28.13458824157715
10.0,126881.0,-0.003597535891458392,-0.17487381398677826,27.88393211364746
10.0,126886.0,-0.003051334759220481,-0.17487381398677826,27.874265670776367
10.0,126890.0,-0.0026078028604388237,-0.17487381398677826,27.85988998413086
10.0,126894.0,-0.0021930185612291098,-0.17487381398677826,27.85688018798828
10.0,126897.0,-0.0017864475958049297,-0.17487381398677826,27.848867416381836
10.0,126902.0,-0.0013839835301041603,-0.17487381398677826,27.844621658325195
10.0,126906.0,-0.0010102669475600123,-0.17487381398677826,27.843097686767578
10.0,126910.0,-0.0006324435235001147,-0.17487381398677826,27.840517044067383
10.0,126914.0,-0.00027104723267257214,-0.17487381398677826,27.843725204467773
10.0,126918.0,8.21355206426233e-05,-0.17487381398677826,27.84479522705078
10.0,126922.0,0.00043531827395781875,-0.17487381398677826,27.84586524963379
10.0,126926.0,0.0007802874897606671,-0.17487381398677826,27.84738540649414
10.0,126930.0,0.0011293634306639433,-0.1733398288488388,27.707735061645508
10.0,126934.0,0.0014825462130829692,-0.1733398288488388,27.70701026916504
10.0,126938.0,0.0018439425621181726,-0.1733398288488388,27.703901290893555
10.0,126942.0,0.002324435394257307,-0.1733398288488388,27.69547462463379
10.0,126946.0,0.0026160164270550013,-0.1733398288488388,27.68630599975586
10.0,126950.0,0.0030184804927557707,-0.1733398288488388,27.67416763305664
10.0,126954.0,0.0034291581250727177,-0.1733398288488388,27.66254425048828
10.0,126958.0,0.0038439424242824316,-0.1733398288488388,27.65019989013672
10.0,126962.0,0.0042628338560462,-0.17487381398677826,28.003368377685547
10.0,126966.0,0.004694045055657625,-0.17487381398677826,27.3900089263916
10.0,126970.0,0.00511293625459075,-0.17487381398677826,27.75014305114746
10.0,126974.0,0.0055441479198634624,-0.17487381398677826,27.728404998779297
10.0,126978.0,0.005983572918921709,-0.17487381398677826,27.71639633178711
10.0,126983.0,0.006636550184339285,-0.17487381398677826,27.693279266357422
10.0,126988.0,0.00708829564973712,-0.17487381398677826,27.675199508666992
10.0,126992.0,0.007544147782027721,-0.1764077991247177,27.786645889282227
10.0,126996.0,0.008024640381336212,-0.1764077991247177,27.768259048461914
10.0,127000.0,0.00849281344562769,-0.1764077991247177,27.743980407714844
10.0,127004.0,0.008965092711150646,-0.1764077991247177,27.72871971130371
10.0,127007.0,0.009433264844119549,-0.1764077991247177,27.479005813598633
10.0,127011.0,0.009778234176337719,-0.1764077991247177,27.696870803833008
10.0,127015.0,0.010229979641735554,-0.17794176936149597,27.81979751586914
10.0,127027.0,0.01154414750635624,-0.17794176936149597,27.77972984313965
10.0,127031.0,0.012082135304808617,-0.17794176936149597,27.76296615600586
10.0,127036.0,0.01251334697008133,-0.17947575449943542,27.886770248413086
10.0,127039.0,0.012940451502799988,-0.17947575449943542,27.877897262573242
10.0,127044.0,0.0133716631680727,-0.17947575449943542,27.86137580871582
10.0,127049.0,0.01389733050018549,-0.17947575449943542,27.85194206237793
10.0,127053.0,0.014324435032904148,-0.17947575449943542,27.84000587463379
10.0,127057.0,0.014747433364391327,-0.17947575449943542,27.828777313232422
10.0,127062.0,0.015264887362718582,-0.17947575449943542,27.81556510925293
10.0,127066.0,0.015667350962758064,-0.17947575449943542,27.810035705566406
10.0,127070.0,0.016061602160334587,-0.18100973963737488,27.943071365356445
10.0,127074.0,0.016439424827694893,-0.17947575449943542,27.801023483276367
10.0,127078.0,0.01680903509259224,-0.18100973963737488,27.93624496459961
10.0,127082.0,0.017178645357489586,-0.17947575449943542,28.167102813720703
10.0,127086.0,0.01752771995961666,-0.18100973963737488,27.566951751708984
10.0,127090.0,0.017885010689496994,-0.18100973963737488,27.933347702026367
10.0,127094.0,0.01823408715426922,-0.17947575449943542,27.56650733947754
10.0,127098.0,0.01857905462384224,-0.18100973963737488,28.164478302001953
10.0,127103.0,0.01903490722179413,-0.17947575449943542,27.78896713256836
10.0,127107.0,0.01940041035413742,-0.17947575449943542,27.78433609008789
10.0,127111.0,0.01977412775158882,-0.18100973963737488,28.14725685119629
10.0,127115.0,0.02015605755150318,-0.17947575449943542,27.768190383911133
10.0,127119.0,0.020521560683846474,-0.18100973963737488,27.904155731201172
10.0,127125.0,0.02108829654753208,-0.18100973963737488,27.892820358276367
10.0,127128.0,0.021363450214266777,-0.18100973963737488,27.887224197387695
10.0,127132.0,0.021811088547110558,-0.18100973963737488,27.882841110229492
10.0,127136.0,0.022061601281166077,-0.18100973963737488,27.884973526000977
10.0,127140.0,0.022398358210921288,-0.18100973963737488,27.88155746459961
10.0,127144.0,0.02274332568049431,-0.18100973963737488,27.87919044494629
10.0,127148.0,0.02307186834514141,-0.18100973963737488,27.877696990966797
10.0,127152.0,0.023503080010414124,-0.18100973963737488,27.87384605407715
10.0,127156.0,0.023757699877023697,-0.18100973963737488,27.872398376464844
10.0,127160.0,0.02409445494413376,-0.18100973963737488,27.86549186706543
10.0,127164.0,0.02445995807647705,-0.18100973963737488,27.857906341552734
10.0,127169.0,0.02491581067442894,-0.18100973963737488,27.84505844116211
10.0,127174.0,0.02539219707250595,-0.18100973963737488,27.832508087158203
10.0,127178.0,0.02576591446995735,-0.18100973963737488,27.82050132751465
10.0,127183.0,0.02633264847099781,-0.18254372477531433,27.9459171295166
10.0,127187.0,0.02661190927028656,-0.18254372477531433,27.935932159423828
10.0,127191.0,0.026981519535183907,-0.18254372477531433,27.929290771484375
10.0,127195.0,0.027351129800081253,-0.18254372477531433,27.921142578125
10.0,127198.0,0.027700206264853477,-0.18254372477531433,27.916471481323242
10.0,127203.0,0.028041068464517593,-0.18254372477531433,27.912376403808594
10.0,127207.0,0.028369609266519547,-0.18254372477531433,27.9102725982666
10.0,127211.0,0.028702259063720703,-0.18254372477531433,27.905677795410156
10.0,127215.0,0.02903490699827671,-0.18254372477531433,27.902446746826172
10.0,127218.0,0.029363449662923813,-0.18254372477531433,27.898887634277344
10.0,127222.0,0.029613962396979332,-0.18254372477531433,27.894330978393555
10.0,127226.0,0.02994661219418049,-0.18254372477531433,27.88934898376465
10.0,127230.0,0.03028336726129055,-0.18254372477531433,27.883695602416992
10.0,127242.0,0.031314168125391006,-0.1840776950120926,27.997196197509766
10.0,127248.0,0.031806983053684235,-0.1840776950120926,27.994234085083008
10.0,127252.0,0.03219301998615265,-0.1840776950120926,27.99325942993164
10.0,127256.0,0.03249281272292137,-0.1840776950120926,27.993946075439453
10.0,127262.0,0.03291991725564003,-0.1840776950120926,27.998872756958008
10.0,127266.0,0.03311704471707344,-0.1840776950120926,28.003740310668945
10.0,127270.0,0.03336755558848381,-0.1840776950120926,28.012168884277344
10.0,127274.0,0.03360985592007637,-0.1840776950120926,28.017881393432617
10.0,127277.0,0.03384394198656082,-0.18254372477531433,27.88933753967285
10.0,127281.0,0.034012321382761,-0.18254372477531433,27.897619247436523
10.0,127285.0,0.03424229845404625,-0.18254372477531433,27.902969360351562
10.0,127288.0,0.034414783120155334,-0.18254372477531433,27.911457061767578
10.0,127292.0,0.034648869186639786,-0.18254372477531433,27.917394638061523
10.0,127296.0,0.03488295525312424,-0.18254372477531433,27.920846939086914
10.0,127300.0,0.03512115031480789,-0.18254372477531433,27.926984786987305
10.0,127304.0,0.03535934165120125,-0.18254372477531433,27.926740646362305
10.0,127308.0,0.035618070513010025,-0.18254372477531433,27.926740646362305
10.0,127311.0,0.03581930324435234,-0.18254372477531433,27.924779891967773
10.0,127316.0,0.03616427257657051,-0.18254372477531433,27.919166564941406
10.0,127319.0,0.03637782484292984,-0.18254372477531433,27.913902282714844
10.0,127323.0,0.03666529804468155,-0.18254372477531433,27.905813217163086
10.0,127327.0,0.03695277124643326,-0.18254372477531433,27.89957618713379
10.0,127331.0,0.03724435344338417,-0.18254372477531433,27.894453048706055
10.0,127335.0,0.03753593564033508,-0.18254372477531433,27.8885555267334
10.0,127338.0,0.03775359317660332,-0.18254372477531433,27.880077362060547
10.0,127342.0,0.038041066378355026,-0.18254372477531433,27.875478744506836
10.0,127348.0,0.03847638517618179,-0.18254372477531433,27.86590576171875
10.0,127352.0,0.0387597531080246,-0.1840776950120926,27.996469497680664
10.0,127356.0,0.039039015769958496,-0.1840776950120926,27.992298126220703
10.0,127359.0,0.0393182747066021,-0.1840776950120926,27.986600875854492
10.0,127365.0,0.03965502977371216,-0.1840776950120926,27.98188018798828
10.0,127368.0,0.03991786390542984,-0.1840776950120926,27.979448318481445
10.0,127373.0,0.04018069803714752,-0.1840776950120926,27.97601890563965
10.0,127379.0,0.040574949234724045,-0.1840776950120926,27.969499588012695
10.0,127383.0,0.04083367437124252,-0.1840776950120926,27.96623420715332
10.0,127387.0,0.0410924032330513,-0.1840776950120926,27.963790893554688
10.0,127391.0,0.04136344790458679,-0.1840776950120926,27.95675277709961
10.0,127394.0,0.04164271056652069,-0.1840776950120926,27.94940948486328
10.0,127400.0,0.041999999433755875,-0.1840776950120926,27.93744659423828
10.0,127403.0,0.04228336736559868,-0.18561168015003204,28.068559646606445
10.0,127407.0,0.042484600096940994,-0.18561168015003204,28.06639289855957
10.0,127411.0,0.04273100569844246,-0.18561168015003204,28.064411163330078
10.0,127417.0,0.04308829456567764,-0.18561168015003204,28.064960479736328
10.0,127421.0,0.04337577149271965,-0.18561168015003204,28.065210342407227
10.0,127426.0,0.043593429028987885,-0.18561168015003204,28.068439483642578
10.0,127431.0,0.04383983463048935,-0.18561168015003204,28.076072692871094
10.0,127440.0,0.04424230009317398,-0.18561168015003204,28.097570419311523
10.0,127444.0,0.04440246522426605,-0.18561168015003204,28.111074447631836
10.0,127448.0,0.0445379875600338,-0.1840776950120926,27.986221313476562
10.0,127452.0,0.044665299355983734,-0.1840776950120926,28.00010108947754
10.0,127456.0,0.04478850215673447,-0.1840776950120926,28.013954162597656
10.0,127459.0,0.0449117049574852,-0.1840776950120926,28.025447845458984
10.0,127464.0,0.04504312202334404,-0.1840776950120926,28.035335540771484
10.0,127467.0,0.04517043009400368,-0.1840776950120926,28.047771453857422
10.0,127471.0,0.04526488855481148,-0.18254372477531433,27.917879104614258
10.0,127476.0,0.045420944690704346,-0.18254372477531433,27.930919647216797
10.0,127481.0,0.04558110982179642,-0.18254372477531433,27.944339752197266
10.0,127488.0,0.04583162069320679,-0.18254372477531433,27.949739456176758
10.0,127491.0,0.045987680554389954,-0.18254372477531433,27.951332092285156
10.0,127497.0,0.04618069902062416,-0.18254372477531433,27.95705795288086
10.0,127504.0,0.04645995795726776,-0.18254372477531433,27.957056045532227
10.0,127507.0,0.0465872697532177,-0.18254372477531433,27.956466674804688
10.0,127511.0,0.04676385968923569,-0.18254372477531433,27.95301628112793
10.0,127514.0,0.04695277288556099,-0.18254372477531433,27.94852066040039
10.0,127519.0,0.0471457913517952,-0.18254372477531433,27.941978454589844
10.0,127523.0,0.04734291508793831,-0.18254372477531433,27.934358596801758
10.0,127526.0,0.047544147819280624,-0.18254372477531433,27.927785873413086
10.0,127530.0,0.04770020395517349,-0.18254372477531433,27.919479370117188
10.0,127534.0,0.04790965095162392,-0.18254372477531433,27.913454055786133
10.0,127537.0,0.048065707087516785,-0.18254372477531433,27.907167434692383
10.0,127541.0,0.048271048814058304,-0.18254372477531433,28.26582908630371
10.0,127547.0,0.04859137535095215,-0.1840776950120926,28.024578094482422
10.0,127550.0,0.04880082234740257,-0.1840776950120926,28.016427993774414
10.0,127554.0,0.04895687848329544,-0.1840776950120926,28.010251998901367
10.0,127558.0,0.04915400594472885,-0.1840776950120926,28.0057430267334
10.0,127561.0,0.0492895282804966,-0.1840776950120926,28.00482940673828
10.0,127567.0,0.04954414814710617,-0.1840776950120926,28.003692626953125
10.0,127570.0,0.04970020428299904,-0.1840776950120926,28.00437355041504
10.0,127575.0,0.04984394088387489,-0.1840776950120926,28.00816535949707
10.0,127578.0,0.0499425046145916,-0.1840776950120926,28.013771057128906
10.0,127582.0,0.05006570741534233,-0.1840776950120926,28.0230770111084
10.0,127586.0,0.05017659068107605,-0.1840776950120926,28.0301570892334
10.0,127590.0,0.05027925968170166,-0.1840776950120926,28.036054611206055
10.0,127595.0,0.050406571477651596,-0.1840776950120926,28.04570960998535
10.0,127600.0,0.050533879548311234,-0.1840776950120926,28.056467056274414
10.0,127604.0,0.050636548548936844,-0.1840776950120926,28.062807083129883
10.0,127608.0,0.05073511227965355,-0.1840776950120926,28.067821502685547
10.0,127613.0,0.050878848880529404,-0.1840776950120926,28.077796936035156
10.0,127617.0,0.05094866454601288,-0.1840776950120926,28.082765579223633
10.0,127620.0,0.05101437494158745,-0.1840776950120926,28.089496612548828
10.0,127626.0,0.05114579200744629,-0.18254372477531433,27.96153450012207
10.0,127629.0,0.051207393407821655,-0.18254372477531433,27.966724395751953
10.0,127633.0,0.05133470147848129,-0.18254372477531433,27.969898223876953
10.0,127637.0,0.05141683667898178,-0.18254372477531433,27.97008514404297
10.0,127641.0,0.0515318289399147,-0.18254372477531433,27.970460891723633
10.0,127644.0,0.05165092274546623,-0.1840776950120926,28.108121871948242
10.0,127648.0,0.05174127221107483,-0.1840776950120926,28.105567932128906
10.0,127654.0,0.05190965160727501,-0.1840776950120926,28.109399795532227
10.0,127661.0,0.052082136273384094,-0.1840776950120926,28.114171981811523
10.0,127665.0,0.0521807000041008,-0.1840776950120926,28.116140365600586
10.0,127673.0,0.05242299661040306,-0.1840776950120926,28.114524841308594
10.0,127678.0,0.05254209414124489,-0.1840776950120926,28.10992431640625
10.0,127684.0,0.05273100733757019,-0.1840776950120926,28.10652732849121
10.0,127692.0,0.05296509340405464,-0.1840776950120926,28.102153778076172
10.0,127696.0,0.05307597666978836,-0.1840776950120926,28.10262107849121
10.0,127705.0,0.05334291607141495,-0.18561168015003204,28.46870231628418
10.0,127710.0,0.05344969034194946,-0.18561168015003204,28.23756217956543
10.0,127716.0,0.05359753593802452,-0.18561168015003204,28.237695693969727
10.0,127725.0,0.05375359207391739,-0.18561168015003204,28.252161026000977
10.0,127737.0,0.053843941539525986,-0.1840776950120926,28.14813995361328
10.0,127741.0,0.053852155804634094,-0.1840776950120926,28.162612915039062
10.0,127745.0,0.053856261074543,-0.1840776950120926,28.17595100402832
10.0,127750.0,0.05386447533965111,-0.1840776950120926,28.190000534057617
10.0,127757.0,0.05386858433485031,-0.1840776950120926,28.213470458984375
10.0,127761.0,0.053872689604759216,-0.1840776950120926,28.226354598999023
10.0,127765.0,0.053872689604759216,-0.1840776950120926,28.237468719482422
10.0,127770.0,0.053872689604759216,-0.18254372477531433,27.87990951538086
10.0,127774.0,0.053872689604759216,-0.18254372477531433,28.120107650756836
10.0,127777.0,0.053872689604759216,-0.18254372477531433,28.129732131958008
10.0,127781.0,0.05387679487466812,-0.18254372477531433,28.13820457458496
10.0,127786.0,0.053880903869867325,-0.18254372477531433,28.146257400512695
10.0,127789.0,0.05388500913977623,-0.18254372477531433,28.153911590576172
10.0,127793.0,0.05388911813497543,-0.18254372477531433,28.161176681518555
10.0,127797.0,0.05389322340488434,-0.18254372477531433,28.168075561523438
10.0,127801.0,0.05389322340488434,-0.18254372477531433,28.173551559448242
10.0,127804.0,0.05389733240008354,-0.18254372477531433,28.179813385009766
10.0,127808.0,0.05389733240008354,-0.18254372477531433,28.18647003173828
10.0,127812.0,0.05390143766999245,-0.18254372477531433,28.19207000732422
10.0,127816.0,0.05390143766999245,-0.18254372477531433,28.196611404418945
10.0,127819.0,0.05390143766999245,-0.18254372477531433,28.202390670776367
10.0,127823.0,0.05390143766999245,-0.18254372477531433,28.207868576049805
10.0,127828.0,0.05390554293990135,-0.18254372477531433,28.213586807250977
10.0,127834.0,0.05390554293990135,-0.18254372477531433,28.219619750976562
10.0,127840.0,0.05390554293990135,-0.18254372477531433,28.226308822631836
10.0,127846.0,0.05390554293990135,-0.18254372477531433,28.232437133789062
10.0,127850.0,0.05390554293990135,-0.18254372477531433,28.237140655517578
10.0,127854.0,0.05390554293990135,-0.18254372477531433,28.24064826965332
10.0,127858.0,0.05390554293990135,-0.18254372477531433,28.243135452270508
10.0,127862.0,0.05390554293990135,-0.18254372477531433,28.247028350830078
10.0,127867.0,0.05390554293990135,-0.18254372477531433,28.250608444213867
10.0,127871.0,0.05390554293990135,-0.18254372477531433,28.253253936767578
10.0,127875.0,0.05390554293990135,-0.18254372477531433,28.2557315826416
10.0,127879.0,0.05390554293990135,-0.18254372477531433,28.257465362548828
10.0,127883.0,0.05390554293990135,-0.18254372477531433,28.26015853881836
10.0,127887.0,0.05390554293990135,-0.18254372477531433,28.26212501525879
10.0,127891.0,0.05390554293990135,-0.18254372477531433,28.263500213623047
10.0,127895.0,0.05390554293990135,-0.18254372477531433,28.26560401916504
10.0,127899.0,0.05390554293990135,-0.18254372477531433,28.266765594482422
10.0,127903.0,0.05390554293990135,-0.18254372477531433,28.2681827545166
10.0,127906.0,0.05390554293990135,-0.18254372477531433,28.26947784423828
10.0,127910.0,0.05390554293990135,-0.18254372477531433,28.27063751220703
10.0,127914.0,0.05390554293990135,-0.18254372477531433,28.271682739257812
10.0,127918.0,0.05390554293990135,-0.18254372477531433,28.27260398864746
10.0,127922.0,0.05390554293990135,-0.1840776950120926,28.411470413208008
10.0,127926.0,0.05390554293990135,-0.1840776950120926,28.412166595458984
10.0,127930.0,0.05390554293990135,-0.1840776950120926,28.41263198852539
10.0,127934.0,0.05390554293990135,-0.1840776950120926,28.413148880004883
10.0,127937.0,0.05390554293990135,-0.1840776950120926,28.413576126098633
10.0,127941.0,0.05390554293990135,-0.1840776950120926,28.41383171081543
10.0,127953.0,0.05390554293990135,-0.1840776950120926,28.414377212524414
10.0,127958.0,0.05390554293990135,-0.1840776950120926,28.41436767578125
10.0,127961.0,0.05390554293990135,-0.18561168015003204,28.552352905273438
10.0,127965.0,0.05390554293990135,-0.18561168015003204,28.552188873291016
10.0,127969.0,0.05390554293990135,-0.18561168015003204,28.55196189880371
10.0,127974.0,0.05390554293990135,-0.18561168015003204,28.551664352416992
10.0,127977.0,0.05390554293990135,-0.18561168015003204,28.551313400268555
10.0,127981.0,0.05390554293990135,-0.18561168015003204,28.550884246826172
10.0,127987.0,0.05390554293990135,-0.1871456652879715,28.688201904296875
10.0,127991.0,0.05390554293990135,-0.1871456652879715,28.687637329101562
10.0,127995.0,0.05390143766999245,-0.1871456652879715,28.687728881835938
10.0,128000.0,0.05390143766999245,-0.1871456652879715,28.686843872070312
10.0,128005.0,0.05390143766999245,-0.1871456652879715,28.68608283996582
10.0,128008.0,0.05390143766999245,-0.18867963552474976,29.053436279296875
10.0,128012.0,0.05390143766999245,-0.18867963552474976,28.822492599487305
10.0,128016.0,0.05389733240008354,-0.18867963552474976,28.822307586669922
10.0,128020.0,0.05388911813497543,-0.18867963552474976,28.822765350341797
10.0,128024.0,0.05388911813497543,-0.18867963552474976,28.823692321777344
10.0,128028.0,0.05388500913977623,-0.1902136206626892,28.959686279296875
10.0,128034.0,0.05387679487466812,-0.1902136206626892,28.96066665649414
10.0,128037.0,0.05386858433485031,-0.1902136206626892,28.96159553527832
10.0,128042.0,0.053852155804634094,-0.1902136206626892,28.962074279785156
10.0,128047.0,0.053843941539525986,-0.19174760580062866,29.098526000976562
10.0,128053.0,0.053823407739400864,-0.19174760580062866,29.101774215698242
10.0,128057.0,0.05380287393927574,-0.19174760580062866,29.103675842285156
10.0,128062.0,0.053770020604133606,-0.19174760580062866,29.10710334777832
10.0,128067.0,0.053741272538900375,-0.19328159093856812,29.249601364135742
10.0,128071.0,0.05370841920375824,-0.19328159093856812,29.253131866455078
10.0,128076.0,0.05366324260830879,-0.19328159093856812,29.259986877441406
10.0,128081.0,0.053593430668115616,-0.19481556117534637,29.40472984313965
10.0,128087.0,0.05353182926774025,-0.19481556117534637,29.413114547729492
10.0,128091.0,0.05347433313727379,-0.19481556117534637,29.421783447265625
10.0,128096.0,0.05337576940655708,-0.19481556117534637,29.43152618408203
10.0,128102.0,0.053293634206056595,-0.19634954631328583,29.580652236938477
10.0,128106.0,0.05321560427546501,-0.19634954631328583,29.593711853027344
10.0,128112.0,0.053080081939697266,-0.19634954631328583,29.606916427612305
10.0,128117.0,0.05294455960392952,-0.19634954631328583,29.626605987548828
10.0,128121.0,0.052800823003053665,-0.19634954631328583,29.642526626586914
10.0,128128.0,0.052603695541620255,-0.19788353145122528,29.809953689575195
10.0,128132.0,0.05243531987071037,-0.19788353145122528,29.825956344604492
10.0,128138.0,0.052258726209402084,-0.19788353145122528,29.846433639526367
10.0,128142.0,0.052110884338617325,-0.19788353145122528,29.870668411254883
10.0,128147.0,0.05189322307705879,-0.19788353145122528,29.89305305480957
10.0,128151.0,0.051691990345716476,-0.19788353145122528,29.920251846313477
10.0,128155.0,0.051466118544340134,-0.19788353145122528,29.949663162231445
10.0,128160.0,0.05108419060707092,-0.19788353145122528,30.000083923339844
10.0,128166.0,0.05071868747472763,-0.19634954631328583,29.912067413330078
10.0,128173.0,0.05016837641596794,-0.19634954631328583,29.9936580657959
10.0,128178.0,0.04972073808312416,-0.19481556117534637,29.91299819946289
10.0,128183.0,0.04924846068024635,-0.19481556117534637,29.972383499145508
10.0,128197.0,0.047704312950372696,-0.19174760580062866,29.870346069335938
10.0,128201.0,0.04727720841765404,-0.19174760580062866,29.916561126708984
10.0,128206.0,0.04685010388493538,-0.1902136206626892,29.825756072998047
10.0,128210.0,0.04642299935221672,-0.1902136206626892,29.86910057067871
10.0,128214.0,0.046016428619623184,-0.18867963552474976,29.770729064941406
10.0,128218.0,0.04560985788702965,-0.18867963552474976,29.809234619140625
10.0,128221.0,0.04530595615506172,-0.1871456652879715,29.70854949951172
10.0,128227.0,0.044702257961034775,-0.1871456652879715,29.75954246520996
10.0,128231.0,0.04420533776283264,-0.18561168015003204,29.426000595092773
10.0,128239.0,0.04350307956337929,-0.18561168015003204,29.7194766998291
10.0,128245.0,0.042903490364551544,-0.1840776950120926,29.620088577270508
10.0,128250.0,0.04243942350149155,-0.1840776950120926,29.648582458496094
10.0,128255.0,0.041897330433130264,-0.1840776950120926,29.680686950683594
10.0,128259.0,0.041646815836429596,-0.1840776950120926,29.69209098815918
10.0,128264.0,0.04123203456401825,-0.18254372477531433,29.57801055908203
10.0,128268.0,0.04092402383685112,-0.18254372477531433,29.583309173583984
10.0,128272.0,0.04063655063509941,-0.18254372477531433,29.59351348876953
10.0,128276.0,0.0403449684381485,-0.18254372477531433,29.60007095336914
10.0,128280.0,0.04007392376661301,-0.18254372477531433,29.602149963378906
10.0,128284.0,0.03981519490480423,-0.18254372477531433,29.603717803955078
10.0,128290.0,0.03943326324224472,-0.1840776950120926,29.74515151977539
10.0,128294.0,0.039112936705350876,-0.1840776950120926,29.749828338623047
10.0,128298.0,0.038850102573633194,-0.1840776950120926,29.753833770751953
10.0,128305.0,0.038431212306022644,-0.1840776950120926,29.7667236328125
10.0,128309.0,0.03814373537898064,-0.1840776950120926,29.775060653686523
10.0,128313.0,0.03785626217722893,-0.1840776950120926,29.783775329589844
10.0,128317.0,0.037564679980278015,-0.1840776950120926,29.794639587402344
10.0,128321.0,0.0372731015086174,-0.1840776950120926,29.805408477783203
10.0,128325.0,0.036969199776649475,-0.1840776950120926,29.81624412536621
10.0,128329.0,0.036661192774772644,-0.1840776950120926,29.824634552001953
10.0,128333.0,0.03635729104280472,-0.1840776950120926,29.835205078125
10.0,128337.0,0.03604928031563759,-0.1840776950120926,29.846355438232422
10.0,128340.0,0.03581930324435234,-0.1840776950120926,29.855390548706055
10.0,128344.0,0.035515401512384415,-0.1840776950120926,29.865550994873047
10.0,128350.0,0.035059548914432526,-0.1840776950120926,29.879680633544922
10.0,128354.0,0.0347556471824646,-0.1840776950120926,29.889583587646484
10.0,128359.0,0.03435318171977997,-0.18561168015003204,30.04503059387207
10.0,128365.0,0.033848050981760025,-0.18561168015003204,29.70694351196289
10.0,128368.0,0.033577002584934235,-0.1840776950120926,29.951337814331055
10.0,128372.0,0.033203285187482834,-0.1840776950120926,29.976104736328125
10.0,128376.0,0.032804928719997406,-0.1840776950120926,29.996042251586914
10.0,128380.0,0.032394248992204666,-0.1840776950120926,30.030805587768555
10.0,128384.0,0.031954824924468994,-0.1840776950120926,30.06325340270996
10.0,128388.0,0.03151950612664223,-0.18254372477531433,29.954174041748047
10.0,128392.0,0.031059548258781433,-0.18254372477531433,29.99065399169922
10.0,128396.0,0.030579054728150368,-0.18254372477531433,30.023927688598633
10.0,128400.0,0.030110882595181465,-0.18254372477531433,30.049779891967773
10.0,128404.0,0.029507186263799667,-0.18100973963737488,29.954330444335938
10.0,128408.0,0.02914579026401043,-0.18100973963737488,29.987009048461914
10.0,128412.0,0.028657084330916405,-0.17947575449943542,29.88422393798828
10.0,128416.0,0.028151949867606163,-0.17947575449943542,29.919536590576172
10.0,128420.0,0.027659136801958084,-0.17947575449943542,29.953819274902344
10.0,128424.0,0.027145789936184883,-0.17794176936149597,29.85477638244629
10.0,128428.0,0.026616016402840614,-0.17794176936149597,29.88085174560547
10.0,128431.0,0.0262299794703722,-0.17794176936149597,29.915077209472656
10.0,128437.0,0.025441478937864304,-0.1764077991247177,29.82042694091797
10.0,128442.0,0.024825461208820343,-0.1764077991247177,29.85982322692871
10.0,128447.0,0.024221766740083694,-0.17487381398677826,29.751588821411133
10.0,128453.0,0.02355646900832653,-0.17487381398677826,29.77267074584961
10.0,128456.0,0.023236138746142387,-0.17487381398677826,29.783842086791992
10.0,128461.0,0.022714579477906227,-0.17487381398677826,29.798171997070312
10.0,128468.0,0.022004107013344765,-0.17487381398677826,29.814498901367188
10.0,128472.0,0.021498972550034523,-0.1733398288488388,29.458425521850586
10.0,128478.0,0.020989732816815376,-0.1733398288488388,29.703815460205078
10.0,128490.0,0.019839836284518242,-0.1733398288488388,29.72219467163086
10.0,128496.0,0.019310060888528824,-0.1733398288488388,29.723360061645508
10.0,128501.0,0.018899384886026382,-0.17487381398677826,29.855772018432617
10.0,128505.0,0.018513347953557968,-0.17487381398677826,29.849855422973633
10.0,128509.0,0.018279260024428368,-0.17487381398677826,29.848451614379883
10.0,128513.0,0.017963038757443428,-0.17487381398677826,29.845335006713867
10.0,128516.0,0.017642710357904434,-0.17487381398677826,29.84602165222168
10.0,128520.0,0.017314167693257332,-0.1764077991247177,30.215972900390625
10.0,128525.0,0.016989732161164284,-0.1764077991247177,29.986974716186523
10.0,128531.0,0.01646406576037407,-0.1764077991247177,29.994792938232422
10.0,128534.0,0.01608213596045971,-0.1764077991247177,30.007963180541992
10.0,128538.0,0.01569199189543724,-0.1764077991247177,30.020048141479492
10.0,128543.0,0.015273100696504116,-0.1764077991247177,30.039552688598633
10.0,128547.0,0.014735112898051739,-0.1764077991247177,30.062978744506836
10.0,128551.0,0.014402464032173157,-0.17487381398677826,29.71286392211914
10.0,128554.0,0.013938398100435734,-0.17487381398677826,29.96820831298828
10.0,128558.0,0.013605749234557152,-0.17487381398677826,29.985679626464844
10.0,128564.0,0.012940451502799988,-0.17487381398677826,30.010208129882812
10.0,128567.0,0.012492813169956207,-0.17487381398677826,30.03019905090332
10.0,128571.0,0.012147843837738037,-0.17487381398677826,30.055217742919922
10.0,128577.0,0.011433265171945095,-0.1733398288488388,29.95340919494629
10.0,128582.0,0.010841889306902885,-0.1733398288488388,29.98214340209961
10.0,128586.0,0.010349076241254807,-0.1733398288488388,30.00360679626465
10.0,128590.0,0.009848048910498619,-0.1733398288488388,30.038850784301758
10.0,128596.0,0.009088295511901379,-0.17180585861206055,29.943470001220703
10.0,128600.0,0.008574948646128178,-0.17180585861206055,29.967191696166992
10.0,128606.0,0.007827515713870525,-0.1702718734741211,29.629867553710938
10.0,128612.0,0.00708829564973712,-0.1702718734741211,29.89311408996582
10.0,128617.0,0.006484599784016609,-0.1702718734741211,29.925844192504883
10.0,128625.0,0.005519506987184286,-0.16873788833618164,29.826051712036133
10.0,128629.0,0.005043121054768562,-0.16873788833618164,29.84008026123047
10.0,128634.0,0.004451745189726353,-0.16873788833618164,29.865068435668945
10.0,128642.0,0.0035112935584038496,-0.1672039031982422,29.761159896850586
10.0,128646.0,0.003055441426113248,-0.1672039031982422,29.771753311157227
10.0,128650.0,0.0026119097601622343,-0.1672039031982422,29.785709381103516
10.0,128656.0,0.0019835729617625475,-0.1672039031982422,29.792037963867188
10.0,128660.0,0.001585215562954545,-0.1672039031982422,29.79532814025879
10.0,128664.0,0.0011991786304861307,-0.1672039031982422,29.79674530029297
10.0,128669.0,0.0006324435235001147,-0.1672039031982422,29.799226760864258
10.0,128674.0,0.0002505133452359587,-0.1672039031982422,29.802017211914062
10.0,128679.0,-0.00021355236822273582,-0.1672039031982422,29.8043212890625
10.0,128685.0,-0.0007843942730687559,-0.1672039031982422,29.809524536132812
10.0,128690.0,-0.0012607802636921406,-0.1672039031982422,29.813568115234375
10.0,128695.0,-0.0017453798791393638,-0.1672039031982422,29.823163986206055
10.0,128700.0,-0.002324435394257307,-0.1672039031982422,29.82952880859375
10.0,128705.0,-0.0028090348932892084,-0.1672039031982422,29.835710525512695
10.0,128711.0,-0.0032813141588121653,-0.1672039031982422,29.842458724975586
10.0,128717.0,-0.003835728857666254,-0.1672039031982422,29.845672607421875
10.0,128723.0,-0.004377823323011398,-0.1672039031982422,29.848722457885742
10.0,128728.0,-0.004829568788409233,-0.1672039031982422,29.851030349731445
10.0,128734.0,-0.005375769920647144,-0.1672039031982422,29.86063575744629
10.0,128739.0,-0.005848049186170101,-0.1672039031982422,29.868711471557617
10.0,128744.0,-0.006332648918032646,-0.1672039031982422,29.881134033203125
10.0,128749.0,-0.006837782450020313,-0.1672039031982422,29.89724349975586
10.0,128755.0,-0.007462012115865946,-0.1672039031982422,29.914216995239258
10.0,128759.0,-0.007876796647906303,-0.1672039031982422,29.928539276123047
10.0,128763.0,-0.008299794979393482,-0.1672039031982422,29.943002700805664
10.0,128767.0,-0.008722792379558086,-0.1672039031982422,29.95915412902832
10.0,128771.0,-0.009141683578491211,-0.1672039031982422,29.974666595458984
10.0,128776.0,-0.009667350910604,-0.1672039031982422,29.991849899291992
10.0,128780.0,-0.010094455443322659,-0.16566993296146393,29.870574951171875
10.0,128786.0,-0.010751539841294289,-0.16566993296146393,29.893451690673828
10.0,128790.0,-0.011182751506567001,-0.16566993296146393,29.910600662231445
10.0,128794.0,-0.011626283638179302,-0.16566993296146393,29.92976951599121
10.0,128800.0,-0.012303901836276054,-0.16566993296146393,29.957345962524414
10.0,128806.0,-0.012997946701943874,-0.16413594782352448,29.851179122924805
10.0,128811.0,-0.013577002100646496,-0.16413594782352448,29.873804092407227
10.0,128817.0,-0.014262833632528782,-0.16413594782352448,29.895368576049805
10.0,128823.0,-0.014924024231731892,-0.16260196268558502,29.782136917114258
10.0,128828.0,-0.01544969156384468,-0.16260196268558502,29.794681549072266
10.0,128834.0,-0.016069814562797546,-0.16260196268558502,29.80784797668457
10.0,128845.0,-0.01716221682727337,-0.16260196268558502,29.830066680908203
10.0,128851.0,-0.0177494864910841,-0.16106799244880676,29.700870513916016
10.0,128855.0,-0.01814373768866062,-0.16106799244880676,29.710721969604492
10.0,128861.0,-0.018714578822255135,-0.16106799244880676,29.715993881225586
10.0,128868.0,-0.019355235621333122,-0.16106799244880676,29.72101593017578
10.0,128873.0,-0.019778234884142876,-0.16106799244880676,29.71697998046875
10.0,128877.0,-0.020110882818698883,-0.16106799244880676,29.71579360961914
10.0,128881.0,-0.020422998815774918,-0.16260196268558502,29.84366226196289
10.0,128885.0,-0.02071457915008068,-0.16260196268558502,29.840322494506836
10.0,128889.0,-0.02102258801460266,-0.16260196268558502,29.834548950195312
10.0,128894.0,-0.02139219641685486,-0.16260196268558502,29.829139709472656
10.0,128898.0,-0.021708419546484947,-0.16260196268558502,29.829103469848633
10.0,128902.0,-0.022020533680915833,-0.16260196268558502,29.827547073364258
10.0,128906.0,-0.022340862080454826,-0.16260196268558502,29.831554412841797
10.0,128910.0,-0.022673511877655983,-0.16260196268558502,29.832456588745117
10.0,128914.0,-0.02299794740974903,-0.16260196268558502,29.834217071533203
10.0,128918.0,-0.023338809609413147,-0.16260196268558502,29.84109878540039
11.0,128923.0,-0.02384394221007824,-0.16260196268558502,35.84502410888672
11.0,128928.0,-0.0242258720099926,-0.16260196268558502,35.88787841796875
11.0,128933.0,-0.025535933673381805,-0.1595340073108673,35.55859375
11.0,128938.0,-0.02696509286761284,-0.1564660519361496,35.74007034301758
11.0,128942.0,-0.028887063264846802,-0.14726215600967407,35.0673828125
11.0,128946.0,-0.031154004856944084,-0.14112623035907745,34.73497009277344
11.0,128950.0,-0.033790554851293564,-0.13038836419582367,34.32600402832031
11.0,128954.0,-0.03675153851509094,-0.11811652034521103,33.435203552246094
11.0,128958.0,-0.03993839770555496,-0.11044661700725555,32.94031524658203
11.0,128962.0,-0.04336344823241234,-0.09357283264398575,32.18659973144531
11.0,128966.0,-0.047786448150873184,-0.08130098134279251,31.56084632873535
11.0,128971.0,-0.05140451714396477,-0.06749515980482101,30.798866271972656
10.0,128976.0,-0.05592607706785202,-0.04601942375302315,23.53447723388672
10.0,128983.0,-0.06137577071785927,-0.02761165425181389,22.315814971923828
10.0,128994.0,-0.06572895497083664,-0.010737866163253784,21.246004104614258
10.0,128999.0,-0.06590143591165543,-0.010737866163253784,20.91203498840332
10.0,129004.0,-0.06505544483661652,-0.012271846644580364,20.944923400878906
10.0,129009.0,-0.06332238018512726,-0.019941750913858414,21.019546508789062
10.0,129013.0,-0.06072689965367317,-0.029145635664463043,21.148916244506836
10.0,129018.0,-0.058110881596803665,-0.03988350182771683,21.45182991027832
10.0,129022.0,-0.054188910871744156,-0.05368933081626892,22.086444854736328
10.0,129027.0,-0.05060369521379471,-0.06749515980482101,22.586017608642578
10.0,129031.0,-0.04667351022362709,-0.08283496648073196,23.191797256469727
10.0,129035.0,-0.04245995730161667,-0.09970875084400177,24.1468563079834
10.0,129038.0,-0.038012322038412094,-0.11658254265785217,24.859601974487305
10.0,129043.0,-0.033392198383808136,-0.13499031960964203,25.714204788208008
10.0,129047.0,-0.028694044798612595,-0.1533980816602707,26.587682723999023
10.0,129052.0,-0.021659137681126595,-0.18100973963737488,27.957077026367188
10.0,129056.0,-0.018217658624053,-0.19941750168800354,28.92964744567871
10.0,129060.0,-0.013774127699434757,-0.21168935298919678,29.822938919067383
10.0,129065.0,-0.008554414846003056,-0.23623304069042206,30.701852798461914
10.0,129069.0,-0.0047186859883368015,-0.24697090685367584,31.85323143005371
10.0,129073.0,-0.0012648870470002294,-0.26077672839164734,32.355533599853516
10.0,129077.0,0.0017371663125231862,-0.2761165499687195,33.18638610839844
10.0,129081.0,0.004250513389706612,-0.28378644585609436,33.73702621459961
10.0,129085.0,0.0062299794517457485,-0.2929903268814087,34.23150634765625
10.0,129089.0,0.007626283448189497,-0.29759228229522705,34.662715911865234
10.0,129094.0,0.008550307713449001,-0.30066025257110596,34.862056732177734
10.0,129098.0,0.008636550046503544,-0.3021942377090454,35.30219650268555
10.0,129102.0,0.008193018846213818,-0.2991262674331665,35.120445251464844
10.0,129106.0,0.00699794664978981,-0.2960582971572876,35.23582458496094
10.0,129111.0,0.0055605750530958176,-0.2914563715457916,35.2723388671875
10.0,129116.0,0.0031745380256325006,-0.2822524607181549,35.08654022216797
10.0,129119.0,0.0008459959062747657,-0.2730485796928406,34.593605041503906
10.0,129124.0,-0.0018316222121939063,-0.2623107135295868,34.13141632080078
10.0,129130.0,-0.006431211717426777,-0.24543693661689758,33.56636047363281
10.0,129134.0,-0.009819301776587963,-0.22856314480304718,32.76632308959961
10.0,129138.0,-0.013396304100751877,-0.21475732326507568,32.42745590209961
10.0,129142.0,-0.01804928109049797,-0.200951486825943,31.852033615112305
10.0,129147.0,-0.021864475682377815,-0.18561168015003204,31.01595115661621
10.0,129151.0,-0.025704311206936836,-0.1672039031982422,30.262113571166992
10.0,129156.0,-0.030435318127274513,-0.15186409652233124,29.34323501586914
10.0,129161.0,-0.03497741371393204,-0.13499031960964203,28.634370803833008
10.0,129165.0,-0.03841067850589752,-0.11811652034521103,27.709989547729492
10.0,129170.0,-0.04236961156129837,-0.10584467649459839,26.82646942138672
10.0,129174.0,-0.04585626348853111,-0.0920388475060463,26.178308486938477
10.0,129178.0,-0.04825462028384209,-0.08283496648073196,25.82352066040039
10.0,129183.0,-0.050238192081451416,-0.07516506314277649,25.294200897216797
10.0,129188.0,-0.05213552340865135,-0.06749515980482101,24.694725036621094
10.0,129193.0,-0.053330596536397934,-0.06289321184158325,24.243728637695312
10.0,129197.0,-0.053778234869241714,-0.061359234154224396,24.177570343017578
10.0,129201.0,-0.0537659153342247,-0.061359234154224396,23.972278594970703
10.0,129205.0,-0.05336344987154007,-0.0644271969795227,24.218212127685547
10.0,129218.0,-0.04982340708374977,-0.07669904083013535,24.28438949584961
10.0,129222.0,-0.04769199341535568,-0.08590292930603027,24.590200424194336
10.0,129227.0,-0.04573306068778038,-0.09357283264398575,24.84031105041504
10.0,129230.0,-0.04358110949397087,-0.10277671366930008,25.438549041748047
10.0,129236.0,-0.04064476490020752,-0.11351457983255386,25.970857620239258
10.0,129240.0,-0.03817659243941307,-0.12425244599580765,26.097991943359375
10.0,129244.0,-0.03563039004802704,-0.1365242898464203,26.827434539794922
10.0,129248.0,-0.03239835798740387,-0.14726215600967407,27.138914108276367
10.0,129254.0,-0.029162216931581497,-0.1595340073108673,27.90564727783203
10.0,129258.0,-0.02602464146912098,-0.17180585861206055,28.51519012451172
10.0,129262.0,-0.0236221756786108,-0.18100973963737488,28.751419067382812
10.0,129267.0,-0.02137576974928379,-0.1902136206626892,29.491867065429688
10.0,129271.0,-0.01930595561861992,-0.19788353145122528,29.67654800415039
10.0,129276.0,-0.01701437309384346,-0.20555342733860016,30.091768264770508
10.0,129279.0,-0.015453798696398735,-0.21168935298919678,30.478988647460938
10.0,129284.0,-0.014135523699223995,-0.21629129350185394,30.54685401916504
10.0,129288.0,-0.01309240236878395,-0.2208932340145111,31.130298614501953
10.0,129292.0,-0.012180698104202747,-0.22396120429039001,31.168041229248047
10.0,129296.0,-0.011765914037823677,-0.22549518942832947,31.356796264648438
10.0,129301.0,-0.01164271030575037,-0.22549518942832947,31.456541061401367
10.0,129305.0,-0.011761806905269623,-0.22396120429039001,31.25844383239746
10.0,129309.0,-0.01209034863859415,-0.22242721915245056,31.52082061767578
10.0,129313.0,-0.012735112570226192,-0.2208932340145111,31.570751190185547
10.0,129318.0,-0.013412730768322945,-0.2178252786397934,31.49995994567871
10.0,129322.0,-0.014443531632423401,-0.21322333812713623,31.361984252929688
10.0,129327.0,-0.015363449230790138,-0.20862139761447906,31.23586082458496
10.0,129331.0,-0.01638193055987358,-0.2040194571018219,31.058094024658203
10.0,129336.0,-0.017728952690958977,-0.19941750168800354,30.64958381652832
10.0,129339.0,-0.018882956355810165,-0.19481556117534637,30.477859497070312
10.0,129345.0,-0.020373716950416565,-0.1871456652879715,30.138458251953125
10.0,129350.0,-0.02188911661505699,-0.18254372477531433,29.95265769958496
10.0,129356.0,-0.02369609847664833,-0.17487381398677826,29.86504554748535
10.0,129360.0,-0.024866530671715736,-0.1702718734741211,29.369089126586914
10.0,129364.0,-0.02599589340388775,-0.16566993296146393,29.17978858947754
10.0,129370.0,-0.02754414826631546,-0.1595340073108673,28.854169845581055
10.0,129375.0,-0.028899384662508965,-0.15493206679821014,28.594572067260742
10.0,129379.0,-0.02948254533112049,-0.15186409652233124,28.645307540893555
10.0,129383.0,-0.030184805393218994,-0.15033012628555298,28.216957092285156
10.0,129390.0,-0.031129363924264908,-0.1457281857728958,28.245241165161133
10.0,129394.0,-0.03148665279150009,-0.14419420063495636,28.116111755371094
10.0,129398.0,-0.03170841932296753,-0.14419420063495636,28.09922218322754
10.0,129403.0,-0.031806983053684235,-0.1426602154970169,27.926559448242188
10.0,129406.0,-0.03178644925355911,-0.14419420063495636,28.01386833190918
10.0,129411.0,-0.03164681792259216,-0.14419420063495636,27.939102172851562
10.0,129417.0,-0.031388089060783386,-0.14419420063495636,28.207687377929688
10.0,129421.0,-0.031174538657069206,-0.1457281857728958,27.91028594970703
10.0,129426.0,-0.030866529792547226,-0.14726215600967407,27.976490020751953
10.0,129429.0,-0.03059137612581253,-0.14726215600967407,27.904111862182617
10.0,129434.0,-0.030316222459077835,-0.14879614114761353,27.972332000732422
10.0,129438.0,-0.03002053312957287,-0.14879614114761353,27.902616500854492
10.0,129441.0,-0.02979876846075058,-0.15033012628555298,27.975406646728516
10.0,129446.0,-0.029441477730870247,-0.15186409652233124,28.280094146728516
10.0,129450.0,-0.02916632406413555,-0.15186409652233124,27.990890502929688
10.0,129455.0,-0.028825461864471436,-0.1533980816602707,28.044492721557617
10.0,129458.0,-0.02855030819773674,-0.1533980816602707,28.00391387939453
10.0,129462.0,-0.028291581198573112,-0.15493206679821014,28.094621658325195
10.0,129466.0,-0.028098562732338905,-0.15493206679821014,28.047216415405273
10.0,129470.0,-0.0278603695333004,-0.1564660519361496,28.142345428466797
10.0,129474.0,-0.027630390599370003,-0.1564660519361496,28.10818862915039
10.0,129478.0,-0.027429157868027687,-0.1564660519361496,28.082590103149414
10.0,129483.0,-0.02717043086886406,-0.15800002217292786,28.17069435119629
10.0,129487.0,-0.026973305270075798,-0.15800002217292786,28.14020538330078
10.0,129490.0,-0.026776181533932686,-0.15800002217292786,28.11801528930664
10.0,129498.0,-0.026455851271748543,-0.1595340073108673,28.211923599243164
10.0,129503.0,-0.026225872337818146,-0.1595340073108673,28.179609298706055
10.0,129507.0,-0.0260451752692461,-0.1595340073108673,28.15178871154785
10.0,129511.0,-0.025864476338028908,-0.16106799244880676,28.503068923950195
10.0,129516.0,-0.02565092407166958,-0.16106799244880676,28.246479034423828
10.0,129522.0,-0.02539219707250595,-0.16106799244880676,28.223800659179688
10.0,129526.0,-0.025256672874093056,-0.16106799244880676,28.212648391723633
10.0,129532.0,-0.025088295340538025,-0.16260196268558502,28.563247680664062
10.0,129538.0,-0.024895276874303818,-0.16106799244880676,28.551822662353516
10.0,129543.0,-0.024759752675890923,-0.16106799244880676,28.175607681274414
10.0,129548.0,-0.024657083675265312,-0.16106799244880676,27.94595718383789
10.0,129555.0,-0.02454209513962269,-0.16106799244880676,28.17964744567871
10.0,129559.0,-0.024480493739247322,-0.16106799244880676,28.18114471435547
10.0,129564.0,-0.02440246380865574,-0.16106799244880676,28.183242797851562
10.0,129571.0,-0.02429158054292202,-0.1595340073108673,28.047086715698242
10.0,129575.0,-0.024229979142546654,-0.1595340073108673,28.048662185668945
10.0,129578.0,-0.02416016347706318,-0.1595340073108673,28.048397064208984
10.0,129583.0,-0.02407802827656269,-0.1595340073108673,28.044872283935547
10.0,129588.0,-0.023967145010828972,-0.1595340073108673,28.039382934570312
10.0,129592.0,-0.023876797407865524,-0.1595340073108673,28.03579330444336
10.0,129597.0,-0.023753592744469643,-0.1595340073108673,28.029634475708008
10.0,129602.0,-0.02360164187848568,-0.15800002217292786,27.883739471435547
10.0,129606.0,-0.02351950667798519,-0.15800002217292786,27.875757217407227
10.0,129611.0,-0.023363450542092323,-0.15800002217292786,27.862611770629883
10.0,129617.0,-0.023158110678195953,-0.15800002217292786,27.848997116088867
10.0,129625.0,-0.022854208946228027,-0.15800002217292786,27.817337036132812
10.0,129630.0,-0.022644763812422752,-0.15800002217292786,27.798864364624023
10.0,129636.0,-0.022369610145688057,-0.15800002217292786,27.76759910583496
10.0,129640.0,-0.022160165011882782,-0.15800002217292786,27.746854782104492
10.0,129645.0,-0.021885009482502937,-0.1595340073108673,27.855575561523438
10.0,129651.0,-0.0215236134827137,-0.1595340073108673,27.816761016845703
10.0,129658.0,-0.02106776088476181,-0.1595340073108673,27.773427963256836
10.0,129664.0,-0.02064887061715126,-0.16106799244880676,27.86695098876953
10.0,129674.0,-0.0198932234197855,-0.16260196268558502,27.916234970092773
10.0,129678.0,-0.019560575485229492,-0.16260196268558502,27.879789352416992
10.0,129683.0,-0.019145790487527847,-0.16413594782352448,27.978342056274414
10.0,129691.0,-0.018480492755770683,-0.16566993296146393,28.054811477661133
10.0,129697.0,-0.018016427755355835,-0.16566993296146393,28.02328872680664
10.0,129702.0,-0.017642710357904434,-0.1672039031982422,28.126197814941406
10.0,129707.0,-0.01730184815824032,-0.1672039031982422,28.109386444091797
10.0,129710.0,-0.0170513354241848,-0.1672039031982422,28.098777770996094
10.0,129714.0,-0.016804927960038185,-0.1672039031982422,28.08583641052246
10.0,129718.0,-0.016628336161375046,-0.1672039031982422,28.078500747680664
10.0,129723.0,-0.01635318249464035,-0.1672039031982422,28.070266723632812
10.0,129728.0,-0.016098562628030777,-0.1672039031982422,28.065263748168945
10.0,129733.0,-0.015852155163884163,-0.1672039031982422,28.060422897338867
10.0,129737.0,-0.015605749562382698,-0.1672039031982422,28.054527282714844
10.0,129742.0,-0.015371663495898247,-0.1672039031982422,28.05392837524414
10.0,129748.0,-0.01514579076319933,-0.1672039031982422,28.052364349365234
10.0,129754.0,-0.014850102365016937,-0.1672039031982422,28.04473876953125
10.0,129758.0,-0.014644763432443142,-0.1672039031982422,28.035980224609375
10.0,129762.0,-0.014431211166083813,-0.1672039031982422,28.028871536254883
10.0,129767.0,-0.014164270833134651,-0.1672039031982422,28.020090103149414
10.0,129772.0,-0.013835729099810123,-0.1672039031982422,28.009979248046875
10.0,129777.0,-0.013622176833450794,-0.1672039031982422,28.003137588500977
10.0,129781.0,-0.013408624567091465,-0.1672039031982422,27.996349334716797
10.0,129785.0,-0.013199178501963615,-0.1672039031982422,27.990602493286133
10.0,129789.0,-0.01298973336815834,-0.1672039031982422,27.984317779541016
10.0,129793.0,-0.012780287303030491,-0.1672039031982422,27.979595184326172
10.0,129798.0,-0.012529774568974972,-0.1672039031982422,27.973155975341797
10.0,129803.0,-0.012279260903596878,-0.1672039031982422,27.967330932617188
10.0,129807.0,-0.012082135304808617,-0.1672039031982422,27.964685440063477
10.0,129813.0,-0.011790554039180279,-0.1672039031982422,27.96074676513672
10.0,129818.0,-0.011556467972695827,-0.1672039031982422,27.955570220947266
10.0,129823.0,-0.011277207173407078,-0.1672039031982422,27.9544620513916
10.0,129829.0,-0.011039013974368572,-0.1672039031982422,27.950136184692383
10.0,129835.0,-0.010759753175079823,-0.1672039031982422,27.946758270263672
10.0,129840.0,-0.010529774241149426,-0.1672039031982422,27.941553115844727
10.0,129845.0,-0.010279260575771332,-0.1672039031982422,27.935028076171875
10.0,129851.0,-0.009967145510017872,-0.1672039031982422,27.923276901245117
10.0,129856.0,-0.009708418510854244,-0.1672039031982422,27.91741180419922
10.0,129860.0,-0.00949897337704897,-0.1672039031982422,27.908771514892578
10.0,129865.0,-0.009158111177384853,-0.1672039031982422,27.894845962524414
10.0,129875.0,-0.008599589578807354,-0.1672039031982422,27.859275817871094
10.0,129879.0,-0.008332649245858192,-0.1672039031982422,27.8391170501709
10.0,129886.0,-0.007852155715227127,-0.1672039031982422,27.816848754882812
10.0,129890.0,-0.007568788714706898,-0.1672039031982422,27.794981002807617
10.0,129894.0,-0.007281314115971327,-0.16873788833618164,27.91796112060547
10.0,129898.0,-0.006985626183450222,-0.16873788833618164,27.894250869750977
10.0,129903.0,-0.006628336850553751,-0.16873788833618164,27.87789535522461
10.0,129907.0,-0.006344969384372234,-0.16873788833618164,27.863115310668945
10.0,129913.0,-0.005938398186117411,-0.16873788833618164,27.84290313720703
10.0,129917.0,-0.005671457853168249,-0.1702718734741211,27.96848487854004
10.0,129920.0,-0.005400410853326321,-0.1702718734741211,27.956764221191406
10.0,129924.0,-0.005129363387823105,-0.1702718734741211,27.944026947021484
10.0,129930.0,-0.004809034988284111,-0.1702718734741211,27.928813934326172
10.0,129934.0,-0.0045462013222277164,-0.1702718734741211,27.917884826660156
10.0,129939.0,-0.004217659123241901,-0.1702718734741211,27.904430389404297
10.0,129943.0,-0.003876796690747142,-0.17180585861206055,28.02849769592285
10.0,129948.0,-0.003597535891458392,-0.17180585861206055,28.016496658325195
10.0,129954.0,-0.0031950718257576227,-0.17180585861206055,27.999866485595703
10.0,129958.0,-0.002928131492808461,-0.17180585861206055,27.98920249938965
10.0,129962.0,-0.0026694044936448336,-0.17180585861206055,27.97958755493164
10.0,129966.0,-0.0024188910610973835,-0.17180585861206055,27.97369956970215
10.0,129971.0,-0.0020657083950936794,-0.17180585861206055,27.967493057250977
10.0,129976.0,-0.0018316222121939063,-0.17180585861206055,27.96267318725586
10.0,129982.0,-0.001503080129623413,-0.17180585861206055,27.9600830078125
10.0,129986.0,-0.0012443531304597855,-0.17180585861206055,27.961170196533203
10.0,129991.0,-0.001055441447533667,-0.17180585861206055,27.964881896972656
10.0,129996.0,-0.000763860356528312,-0.17180585861206055,27.965364456176758
10.0,130002.0,-0.0004928131238557398,-0.17180585861206055,27.97254753112793
10.0,130009.0,-0.00019712524954229593,-0.1702718734741211,27.842599868774414
10.0,130015.0,8.21355206426233e-06,-0.1702718734741211,27.849824905395508
10.0,130020.0,0.00022997947235126048,-0.1702718734741211,27.850444793701172
10.0,130024.0,0.0004147843865212053,-0.1702718734741211,27.84896469116211
10.0,130028.0,0.0006078028818592429,-0.1702718734741211,27.848295211791992
10.0,130034.0,0.0009158111060969532,-0.1702718734741211,27.840652465820312
10.0,130039.0,0.0011827514972537756,-0.16873788833618164,27.697616577148438
10.0,130043.0,0.0014004106633365154,-0.1702718734741211,27.829954147338867
10.0,130051.0,0.0018685831455513835,-0.1702718734741211,27.810293197631836
10.0,130059.0,0.002501026727259159,-0.1702718734741211,27.769628524780273
10.0,130068.0,0.003182751592248678,-0.1702718734741211,27.724735260009766
10.0,130074.0,0.0036632444243878126,-0.17180585861206055,27.82918930053711
10.0,130078.0,0.003893223823979497,-0.17180585861206055,27.81160545349121
10.0,130082.0,0.004291580989956856,-0.17180585861206055,27.789793014526367
10.0,130086.0,0.004525667522102594,-0.1733398288488388,27.912370681762695
10.0,130090.0,0.004907597322016954,-0.1733398288488388,27.89476776123047
10.0,130094.0,0.005133470054715872,-0.1733398288488388,27.878938674926758
10.0,130098.0,0.005420944653451443,-0.1733398288488388,27.865520477294922
10.0,130102.0,0.005712525453418493,-0.1733398288488388,27.851585388183594
10.0,130106.0,0.006008213385939598,-0.17487381398677826,27.97719955444336
10.0,130110.0,0.006299794651567936,-0.17487381398677826,27.965288162231445
10.0,130114.0,0.006595482584089041,-0.17487381398677826,27.951251983642578
10.0,130119.0,0.006960985716432333,-0.17487381398677826,27.931316375732422
10.0,130124.0,0.007322381716221571,-0.17487381398677826,27.917823791503906
10.0,130130.0,0.007770020514726639,-0.17487381398677826,27.893232345581055
10.0,130136.0,0.008234086446464062,-0.1764077991247177,28.01348114013672
10.0,130140.0,0.008533881045877934,-0.1764077991247177,28.000085830688477
10.0,130144.0,0.008833675645291805,-0.1764077991247177,27.98574447631836
10.0,130148.0,0.0091088293120265,-0.1764077991247177,27.980607986450195
10.0,130154.0,0.009519507177174091,-0.1764077991247177,27.96662712097168
10.0,130158.0,0.009782341308891773,-0.1764077991247177,27.9613094329834
10.0,130163.0,0.010094455443322659,-0.17794176936149597,28.092254638671875
10.0,130168.0,0.010406570509076118,-0.17794176936149597,28.090553283691406
10.0,130173.0,0.010694045573472977,-0.17794176936149597,28.08897590637207
10.0,130177.0,0.010903490707278252,-0.17794176936149597,28.096899032592773
10.0,130181.0,0.01108418870717287,-0.1764077991247177,27.965471267700195
10.0,130186.0,0.011310061439871788,-0.1764077991247177,27.97161865234375
10.0,130190.0,0.011498973704874516,-0.1764077991247177,27.974655151367188
10.0,130194.0,0.011691992171108723,-0.1764077991247177,27.978370666503906
10.0,130199.0,0.011983572505414486,-0.1764077991247177,27.981576919555664
10.0,130203.0,0.012180698104202747,-0.1764077991247177,27.98318099975586
10.0,130207.0,0.012328541837632656,-0.1764077991247177,27.984495162963867
10.0,130211.0,0.012525667436420918,-0.1764077991247177,27.985523223876953
10.0,130215.0,0.012772073969244957,-0.1764077991247177,27.986270904541016
10.0,130221.0,0.013018480502068996,-0.1764077991247177,27.98691177368164
10.0,130225.0,0.013264887034893036,-0.1764077991247177,27.987016677856445
10.0,130231.0,0.013523614034056664,-0.1764077991247177,27.983440399169922
10.0,130235.0,0.013728952966630459,-0.1764077991247177,27.98291778564453
10.0,130240.0,0.01399589329957962,-0.1764077991247177,27.9746036529541
10.0,130244.0,0.014217658899724483,-0.1764077991247177,27.969629287719727
10.0,130250.0,0.01455441489815712,-0.1764077991247177,27.962982177734375
10.0,130254.0,0.014767967164516449,-0.1764077991247177,27.961801528930664
10.0,130257.0,0.01493223849684,-0.1764077991247177,27.954116821289062
10.0,130263.0,0.015310061164200306,-0.1764077991247177,27.949546813964844
10.0,130267.0,0.015519507229328156,-0.1764077991247177,27.946269989013672
10.0,130272.0,0.015770019963383675,-0.1764077991247177,27.9451904296875
10.0,130277.0,0.015967145562171936,-0.1764077991247177,27.943708419799805
10.0,130280.0,0.01611088216304779,-0.1764077991247177,27.94472312927246
10.0,130286.0,0.01638193055987358,-0.1764077991247177,27.946075439453125
10.0,130291.0,0.016599589958786964,-0.1764077991247177,27.950138092041016
10.0,130296.0,0.016817249357700348,-0.1764077991247177,27.94982147216797
10.0,130301.0,0.017030801624059677,-0.1764077991247177,27.9517879486084
10.0,130307.0,0.017289528623223305,-0.1764077991247177,27.955093383789062
10.0,130311.0,0.01750718615949154,-0.1764077991247177,27.953725814819336
10.0,130316.0,0.017691992223262787,-0.17487381398677826,27.8135929107666
10.0,130321.0,0.017987679690122604,-0.17487381398677826,27.806474685668945
10.0,130326.0,0.01819712482392788,-0.1764077991247177,27.93520736694336
10.0,130331.0,0.018472278490662575,-0.1764077991247177,27.923015594482422
10.0,130339.0,0.018948664888739586,-0.1764077991247177,27.900577545166016
10.0,130343.0,0.01926899328827858,-0.1764077991247177,27.88298988342285
10.0,130348.0,0.019535934552550316,-0.1764077991247177,27.866104125976562
10.0,130353.0,0.01988501101732254,-0.17794176936149597,27.982370376586914
10.0,130357.0,0.02016427181661129,-0.17794176936149597,27.963098526000977
10.0,130363.0,0.020562628284096718,-0.17794176936149597,27.941787719726562
10.0,130369.0,0.020948665216565132,-0.17947575449943542,28.06314468383789
10.0,130374.0,0.021248459815979004,-0.17947575449943542,28.055484771728516
10.0,130379.0,0.021568788215517998,-0.17947575449943542,28.051115036010742
10.0,130387.0,0.021901438012719154,-0.17947575449943542,28.05132293701172
10.0,130392.0,0.022114990279078484,-0.17947575449943542,28.056068420410156
10.0,130396.0,0.022283367812633514,-0.17947575449943542,28.0583553314209
10.0,130400.0,0.022488705813884735,-0.17947575449943542,28.06104850769043
10.0,130406.0,0.022685831412672997,-0.17947575449943542,28.066631317138672
10.0,130410.0,0.022841889411211014,-0.17947575449943542,28.070016860961914
10.0,130414.0,0.022989733144640923,-0.17947575449943542,28.075531005859375
10.0,130420.0,0.023207392543554306,-0.17947575449943542,28.0811767578125
10.0,130424.0,0.02338808961212635,-0.17947575449943542,28.086254119873047
10.0,130428.0,0.023531828075647354,-0.17947575449943542,28.090051651000977
10.0,130433.0,0.023671457543969154,-0.17947575449943542,27.726709365844727
10.0,130440.0,0.023942505940794945,-0.17794176936149597,27.966169357299805
10.0,130445.0,0.02409445494413376,-0.17794176936149597,27.966285705566406
10.0,130451.0,0.024353181943297386,-0.17794176936149597,27.956035614013672
10.0,130460.0,0.02481314167380333,-0.17947575449943542,28.075542449951172
10.0,130465.0,0.025071868672966957,-0.17947575449943542,28.064041137695312
10.0,130469.0,0.025273101404309273,-0.17947575449943542,28.056346893310547
10.0,130474.0,0.025519507005810738,-0.17947575449943542,28.047683715820312
10.0,130478.0,0.02570841833949089,-0.17947575449943542,28.04414176940918
10.0,130482.0,0.025934292003512383,-0.17947575449943542,28.04002571105957
10.0,130486.0,0.026110883802175522,-0.18100973963737488,28.174606323242188
10.0,130490.0,0.026291580870747566,-0.18100973963737488,28.17032814025879
10.0,130496.0,0.026496920734643936,-0.18100973963737488,28.169666290283203
10.0,130502.0,0.026710473001003265,-0.18100973963737488,28.17615509033203
10.0,130507.0,0.026870636269450188,-0.18100973963737488,28.181215286254883
10.0,130511.0,0.02699383907020092,-0.18100973963737488,28.187681198120117
10.0,130517.0,0.02715400420129299,-0.18100973963737488,27.83179473876953
10.0,130524.0,0.027318274602293968,-0.17947575449943542,28.07477378845215
10.0,130529.0,0.027416838333010674,-0.17947575449943542,28.09025001525879
10.0,130535.0,0.027527721598744392,-0.17947575449943542,28.108896255493164
10.0,130540.0,0.02760985679924488,-0.17947575449943542,28.124685287475586
10.0,130545.0,0.0276755653321743,-0.17947575449943542,28.137245178222656
10.0,130550.0,0.027737166732549667,-0.17794176936149597,28.021345138549805
10.0,130555.0,0.02777823433279991,-0.17794176936149597,28.036087036132812
10.0,130559.0,0.02782340906560421,-0.17794176936149597,28.04778480529785
10.0,130564.0,0.027901437133550644,-0.1764077991247177,27.69062042236328
10.0,130570.0,0.02797125279903412,-0.1764077991247177,27.93149757385254
10.0,130575.0,0.028069814667105675,-0.1764077991247177,27.93538475036621
10.0,130578.0,0.02816016413271427,-0.1764077991247177,27.935922622680664
10.0,130583.0,0.028266940265893936,-0.1764077991247177,27.934667587280273
10.0,130587.0,0.02838193066418171,-0.1764077991247177,27.929872512817383
10.0,130592.0,0.028537986800074577,-0.1764077991247177,27.923599243164062
10.0,130596.0,0.028673510998487473,-0.1764077991247177,27.915760040283203
10.0,130600.0,0.028817247599363327,-0.1764077991247177,27.90814208984375
10.0,130605.0,0.029022587463259697,-0.1764077991247177,27.890104293823242
10.0,130609.0,0.029190964996814728,-0.17794176936149597,28.014585494995117
10.0,130614.0,0.02941683866083622,-0.17794176936149597,27.999713897705078
10.0,130619.0,0.029626283794641495,-0.17794176936149597,27.986127853393555
10.0,130626.0,0.029942505061626434,-0.17794176936149597,27.963647842407227
10.0,130631.0,0.030242299661040306,-0.17947575449943542,28.078115463256836
10.0,130637.0,0.03048870712518692,-0.17947575449943542,28.05604362487793
10.0,130641.0,0.030685830861330032,-0.17947575449943542,28.04172706604004
10.0,130648.0,0.031014373525977135,-0.18100973963737488,28.16294288635254
10.0,130653.0,0.03127310052514076,-0.18100973963737488,28.150161743164062
10.0,130659.0,0.031453799456357956,-0.18100973963737488,28.144729614257812
10.0,130663.0,0.0315893217921257,-0.18100973963737488,28.143848419189453
10.0,130668.0,0.03174538165330887,-0.18100973963737488,28.144289016723633
10.0,130672.0,0.0318685844540596,-0.18254372477531433,28.279542922973633
10.0,130676.0,0.03197946771979332,-0.18254372477531433,28.286455154418945
10.0,130680.0,0.03206981346011162,-0.18254372477531433,28.290761947631836
10.0,130684.0,0.032143738120794296,-0.18254372477531433,28.299562454223633
10.0,130689.0,0.03221355378627777,-0.18100973963737488,28.177291870117188
10.0,130693.0,0.03226694092154503,-0.18100973963737488,28.188064575195312
10.0,130699.0,0.032320328056812286,-0.18100973963737488,28.20133399963379
10.0,130704.0,0.03237782418727875,-0.18100973963737488,28.21733283996582
10.0,130709.0,0.03241478279232979,-0.18100973963737488,28.231687545776367
10.0,130714.0,0.03244353085756302,-0.18100973963737488,28.242719650268555
10.0,130720.0,0.03247227892279625,-0.17947575449943542,28.12397003173828
10.0,130725.0,0.03249281272292137,-0.17947575449943542,28.142229080200195
10.0,130729.0,0.03250924125313759,-0.17947575449943542,28.154512405395508
10.0,130735.0,0.032533880323171616,-0.17947575449943542,28.168190002441406
10.0,130742.0,0.032570842653512955,-0.17947575449943542,28.184425354003906
10.0,130748.0,0.03258726745843887,-0.17794176936149597,27.830455780029297
10.0,130753.0,0.032599590718746185,-0.17794176936149597,28.074399948120117
10.0,130758.0,0.03262012451887131,-0.17794176936149597,28.080322265625
10.0,130762.0,0.032644763588905334,-0.17794176936149597,28.088947296142578
10.0,130768.0,0.032673511654138565,-0.17794176936149597,28.096088409423828
10.0,130774.0,0.032710473984479904,-0.17794176936149597,28.10577392578125
10.0,130778.0,0.03273511305451393,-0.17794176936149597,28.110567092895508
10.0,130784.0,0.03276796638965607,-0.17794176936149597,28.118669509887695
10.0,130790.0,0.032784394919872284,-0.17794176936149597,28.12750244140625
10.0,130794.0,0.0327967144548893,-0.17794176936149597,28.13337516784668
10.0,130798.0,0.03280903398990631,-0.17794176936149597,28.140838623046875
10.0,130803.0,0.032813142985105515,-0.1764077991247177,28.009428024291992
10.0,130811.0,0.03282546252012253,-0.1764077991247177,28.022701263427734
10.0,130815.0,0.03283778205513954,-0.1764077991247177,28.025728225708008
10.0,130821.0,0.032850101590156555,-0.1764077991247177,28.033992767333984
10.0,130826.0,0.03286242485046387,-0.1764077991247177,28.03641128540039
10.0,130832.0,0.03287474438548088,-0.1764077991247177,28.043230056762695
10.0,130838.0,0.0328911691904068,-0.1764077991247177,28.047597885131836
10.0,130843.0,0.03290349245071411,-0.1764077991247177,28.05412483215332
10.0,130849.0,0.032915811985731125,-0.1764077991247177,28.056589126586914
10.0,130855.0,0.03292402625083923,-0.17487381398677826,27.925003051757812
10.0,130859.0,0.03293634578585625,-0.17487381398677826,27.92808723449707
10.0,130865.0,0.032960984855890274,-0.17487381398677826,27.927818298339844
10.0,130871.0,0.03299383819103241,-0.17487381398677826,27.927879333496094
10.0,130876.0,0.03302258625626564,-0.17487381398677826,27.927350997924805
10.0,130881.0,0.033063653856515884,-0.17487381398677826,27.923112869262695
10.0,130888.0,0.033129364252090454,-0.17487381398677826,27.918676376342773
10.0,130892.0,0.0331745371222496,-0.1764077991247177,28.05019760131836
10.0,130898.0,0.03325667232275009,-0.1764077991247177,28.039762496948242
10.0,130904.0,0.03333880752325058,-0.1764077991247177,28.03156089782715
10.0,130909.0,0.03341273218393326,-0.1764077991247177,28.027002334594727
10.0,130914.0,0.033494867384433746,-0.1764077991247177,28.01690673828125
10.0,130919.0,0.03359342738986015,-0.1764077991247177,28.004220962524414
10.0,130924.0,0.03369610011577606,-0.17794176936149597,28.128158569335938
10.0,130929.0,0.03380287438631058,-0.17794176936149597,28.118309020996094
10.0,130933.0,0.03387679532170296,-0.17794176936149597,28.110620498657227
10.0,130937.0,0.03394661098718643,-0.17794176936149597,28.10211181640625
10.0,130943.0,0.03404517471790314,-0.17794176936149597,28.09697723388672
10.0,130948.0,0.03411909565329552,-0.17947575449943542,28.228120803833008
10.0,130954.0,0.034193020313978195,-0.17947575449943542,28.22804832458496
10.0,130959.0,0.03425051271915436,-0.17947575449943542,28.226926803588867
10.0,130966.0,0.0342915803194046,-0.17947575449943542,28.22847557067871
10.0,130970.0,0.03431622311472893,-0.17947575449943542,28.232465744018555
10.0,130976.0,0.034332647919654846,-0.17947575449943542,28.237646102905273
10.0,130983.0,0.03435318171977997,-0.17947575449943542,28.242366790771484
10.0,130987.0,0.03436550125479698,-0.17947575449943542,28.247034072875977
10.0,130995.0,0.034377824515104294,-0.17947575449943542,28.252927780151367
10.0,130999.0,0.0343819297850132,-0.17947575449943542,28.25562286376953
10.0,131005.0,0.0343860387802124,-0.17947575449943542,28.261962890625
10.0,131009.0,0.03439014405012131,-0.17947575449943542,28.266008377075195
10.0,131014.0,0.03439014405012131,-0.17947575449943542,28.269615173339844
10.0,131019.0,0.03439014405012131,-0.17947575449943542,28.2727108001709
10.0,131024.0,0.03439424932003021,-0.17947575449943542,28.277124404907227
10.0,131028.0,0.03439424932003021,-0.17947575449943542,28.28012466430664
10.0,131034.0,0.03439424932003021,-0.17947575449943542,28.28430938720703
10.0,131040.0,0.03439424932003021,-0.17947575449943542,28.28813362121582
10.0,131044.0,0.03439424932003021,-0.18100973963737488,28.658649444580078
10.0,131049.0,0.03439424932003021,-0.18100973963737488,28.43183708190918
10.0,131056.0,0.03439424932003021,-0.18100973963737488,28.434831619262695
10.0,131060.0,0.03439424932003021,-0.18100973963737488,28.436655044555664
10.0,131065.0,0.03439424932003021,-0.18100973963737488,28.439178466796875
10.0,131069.0,0.03439424932003021,-0.18100973963737488,28.44071388244629
10.0,131074.0,0.03439424932003021,-0.18100973963737488,28.442148208618164
10.0,131078.0,0.03439424932003021,-0.18100973963737488,28.443784713745117
10.0,131085.0,0.03439424932003021,-0.18100973963737488,28.445816040039062
10.0,131092.0,0.03439424932003021,-0.18100973963737488,28.447566986083984
10.0,131098.0,0.03439424932003021,-0.18254372477531433,28.81680679321289
10.0,131104.0,0.03439424932003021,-0.18254372477531433,28.58783721923828
10.0,131108.0,0.03439424932003021,-0.18254372477531433,28.588647842407227
10.0,131113.0,0.03439424932003021,-0.18254372477531433,28.589210510253906
10.0,131117.0,0.03439424932003021,-0.18254372477531433,28.58970069885254
10.0,131121.0,0.03439424932003021,-0.18254372477531433,28.590120315551758
10.0,131126.0,0.03439424932003021,-0.18254372477531433,28.590564727783203
10.0,131133.0,0.03439424932003021,-0.18254372477531433,28.591062545776367
10.0,131140.0,0.03439424932003021,-0.1840776950120926,28.729373931884766
10.0,131144.0,0.03439424932003021,-0.1840776950120926,28.72943115234375
10.0,131152.0,0.03439424932003021,-0.1840776950120926,28.729415893554688
10.0,131161.0,0.03439014405012131,-0.1840776950120926,28.729873657226562
10.0,131166.0,0.03439014405012131,-0.18561168015003204,29.097768783569336
10.0,131170.0,0.03439014405012131,-0.18561168015003204,28.867420196533203
10.0,131175.0,0.0343860387802124,-0.18561168015003204,28.869718551635742
10.0,131181.0,0.034377824515104294,-0.18561168015003204,28.869951248168945
10.0,131187.0,0.034377824515104294,-0.18561168015003204,28.868013381958008
10.0,131193.0,0.034377824515104294,-0.1871456652879715,29.007144927978516
10.0,131199.0,0.03436550125479698,-0.1871456652879715,29.00786018371582
10.0,131206.0,0.03434907644987106,-0.1871456652879715,29.010034561157227
10.0,131210.0,0.034340862184762955,-0.18867963552474976,29.14674186706543
10.0,131216.0,0.03433675691485405,-0.18867963552474976,29.146373748779297
10.0,131222.0,0.03432032838463783,-0.18867963552474976,29.14957618713379
10.0,131226.0,0.03430800884962082,-0.18867963552474976,29.15069007873535
10.0,131232.0,0.0342874750494957,-0.1902136206626892,29.29061508178711
10.0,131238.0,0.034258726984262466,-0.1902136206626892,29.295665740966797
10.0,131243.0,0.03422176465392113,-0.1902136206626892,29.299236297607422
10.0,131248.0,0.03416016325354576,-0.1902136206626892,29.308738708496094
10.0,131254.0,0.03409445658326149,-0.19174760580062866,29.45932960510254
10.0,131259.0,0.03400000184774399,-0.19174760580062866,29.474700927734375
10.0,131265.0,0.033864475786685944,-0.19174760580062866,29.49228286743164
10.0,131271.0,0.03370020538568497,-0.19174760580062866,29.520689010620117
10.0,131276.0,0.03355235978960991,-0.19174760580062866,29.54276466369629
10.0,131280.0,0.03342094272375107,-0.19174760580062866,29.55852508544922
10.0,131284.0,0.033289529383182526,-0.19174760580062866,29.577640533447266
10.0,131289.0,0.03310472145676613,-0.19174760580062866,29.605693817138672
10.0,131293.0,0.032895278185606,-0.19174760580062866,29.627805709838867
10.0,131299.0,0.03266529738903046,-0.19174760580062866,29.66670799255371
10.0,131305.0,0.032365504652261734,-0.1902136206626892,29.568769454956055
10.0,131311.0,0.032049279659986496,-0.1902136206626892,29.60785675048828
10.0,131317.0,0.031741272658109665,-0.1902136206626892,29.641714096069336
10.0,131321.0,0.03154414892196655,-0.1902136206626892,29.663236618041992
10.0,131327.0,0.031244352459907532,-0.1902136206626892,29.6911563873291
10.0,131331.0,0.031034907326102257,-0.1902136206626892,29.718936920166016
10.0,131336.0,0.030763860791921616,-0.1902136206626892,29.741647720336914
10.0,131340.0,0.03049691952764988,-0.18867963552474976,29.630123138427734
10.0,131345.0,0.03029158152639866,-0.18867963552474976,29.652267456054688
10.0,131350.0,0.030053388327360153,-0.18867963552474976,29.669994354248047
10.0,131355.0,0.02982751466333866,-0.18867963552474976,29.686893463134766
10.0,131359.0,0.029655029997229576,-0.18867963552474976,29.696592330932617
10.0,131364.0,0.0294455848634243,-0.18867963552474976,29.7097110748291
10.0,131370.0,0.029178645461797714,-0.1902136206626892,29.869544982910156
10.0,131374.0,0.028985626995563507,-0.1902136206626892,29.885602951049805
10.0,131378.0,0.028710471466183662,-0.1902136206626892,29.90427017211914
10.0,131384.0,0.028414783999323845,-0.18867963552474976,29.799976348876953
10.0,131390.0,0.028032854199409485,-0.18867963552474976,29.836082458496094
10.0,131394.0,0.027770020067691803,-0.18867963552474976,29.861398696899414
10.0,131398.0,0.027482546865940094,-0.18867963552474976,29.892253875732422
10.0,131404.0,0.027006160467863083,-0.1871456652879715,29.56460952758789
10.0,131409.0,0.02658316306769848,-0.1871456652879715,29.846561431884766
10.0,131413.0,0.026143737137317657,-0.1871456652879715,29.881404876708984
10.0,131420.0,0.025498973205685616,-0.18561168015003204,29.80900001525879
10.0,131425.0,0.025039013475179672,-0.18561168015003204,29.850791931152344
10.0,131429.0,0.024669405072927475,-0.1840776950120926,29.746335983276367
10.0,131433.0,0.024303901940584183,-0.1840776950120926,29.77702522277832
10.0,131438.0,0.02395482547581196,-0.1840776950120926,29.805217742919922
10.0,131443.0,0.02351950667798519,-0.18254372477531433,29.701152801513672
10.0,131447.0,0.02317453734576702,-0.18254372477531433,29.726980209350586
10.0,131453.0,0.022657083347439766,-0.18254372477531433,29.77057456970215
10.0,131457.0,0.022238193079829216,-0.18100973963737488,29.423084259033203
10.0,131461.0,0.02197946608066559,-0.18100973963737488,29.677946090698242
10.0,131468.0,0.02130184881389141,-0.18100973963737488,29.714345932006836
10.0,131475.0,0.02068583108484745,-0.18100973963737488,29.755943298339844
10.0,131479.0,0.02043531835079193,-0.17947575449943542,29.635589599609375
10.0,131485.0,0.019860370084643364,-0.17947575449943542,29.66090965270996
10.0,131491.0,0.01948254555463791,-0.17947575449943542,29.67837142944336
10.0,131496.0,0.01912114955484867,-0.17947575449943542,29.68698501586914
10.0,131500.0,0.01885831542313099,-0.17947575449943542,29.692617416381836
10.0,131504.0,0.018603695556521416,-0.17947575449943542,29.692825317382812
10.0,131508.0,0.018308008089661598,-0.17947575449943542,29.694229125976562
10.0,131513.0,0.0180780291557312,-0.17947575449943542,29.694398880004883
10.0,131518.0,0.017782341688871384,-0.17947575449943542,29.69647216796875
10.0,131523.0,0.017486652359366417,-0.18100973963737488,30.067955017089844
10.0,131527.0,0.01725667342543602,-0.18100973963737488,29.837419509887695
10.0,131533.0,0.01688295602798462,-0.18100973963737488,29.846193313598633
10.0,131539.0,0.016480492427945137,-0.18100973963737488,29.8618106842041
10.0,131544.0,0.0161190964281559,-0.18100973963737488,29.877893447875977
10.0,131548.0,0.015815194696187973,-0.18100973963737488,29.893518447875977
10.0,131553.0,0.015408623963594437,-0.18100973963737488,29.912456512451172
10.0,131559.0,0.014891170896589756,-0.18100973963737488,29.948759078979492
10.0,131563.0,0.014443531632423401,-0.17947575449943542,29.8342342376709
10.0,131568.0,0.014069815166294575,-0.17947575449943542,29.859397888183594
10.0,131572.0,0.01361396349966526,-0.17947575449943542,29.88532066345215
10.0,131577.0,0.013252566568553448,-0.17947575449943542,29.905961990356445
10.0,131581.0,0.01289117056876421,-0.17947575449943542,29.926158905029297
10.0,131585.0,0.012525667436420918,-0.17947575449943542,29.961042404174805
10.0,131591.0,0.011946612037718296,-0.17794176936149597,29.84636116027832
10.0,131595.0,0.011556467972695827,-0.17794176936149597,29.877904891967773
10.0,131599.0,0.011145790107548237,-0.17794176936149597,29.902408599853516
10.0,131604.0,0.010640657506883144,-0.17794176936149597,29.937162399291992
10.0,131608.0,0.010098562575876713,-0.1764077991247177,29.829792022705078
10.0,131613.0,0.009671458043158054,-0.1764077991247177,29.855863571166992
10.0,131617.0,0.009240246377885342,-0.1764077991247177,29.883268356323242
10.0,131621.0,0.008800821378827095,-0.17487381398677826,29.773418426513672
10.0,131625.0,0.008275154046714306,-0.17487381398677826,29.802438735961914
10.0,131629.0,0.007963038980960846,-0.17487381398677826,29.825101852416992
10.0,131633.0,0.00755646824836731,-0.1733398288488388,29.473798751831055
10.0,131637.0,0.007174537982791662,-0.1733398288488388,29.72007942199707
10.0,131641.0,0.006792607717216015,-0.1733398288488388,29.73603057861328
10.0,131646.0,0.006328542251139879,-0.1733398288488388,29.748369216918945
10.0,131651.0,0.0058726901188492775,-0.1733398288488388,29.767099380493164
10.0,131655.0,0.005511293653398752,-0.1733398288488388,29.778980255126953
10.0,131659.0,0.005154004320502281,-0.1733398288488388,29.790081024169922
10.0,131663.0,0.004788501188158989,-0.1733398288488388,29.805465698242188
10.0,131669.0,0.004246406722813845,-0.17180585861206055,29.448951721191406
10.0,131673.0,0.0038685831241309643,-0.17180585861206055,29.694713592529297
10.0,131677.0,0.00351540045812726,-0.17180585861206055,29.704334259033203
10.0,131681.0,0.003166324459016323,-0.17180585861206055,29.7136173248291
10.0,131685.0,0.0028254620265215635,-0.17180585861206055,29.71951675415039
10.0,131691.0,0.002344969194382429,-0.17180585861206055,29.72418785095215
10.0,131697.0,0.0018891170620918274,-0.17180585861206055,29.72489356994629
10.0,131701.0,0.001527720713056624,-0.17180585861206055,29.723180770874023
10.0,131707.0,0.001117043080739677,-0.1733398288488388,30.08750343322754
10.0,131711.0,0.000841889122966677,-0.1733398288488388,29.855587005615234
10.0,131716.0,0.0005585215403698385,-0.1733398288488388,29.856815338134766
10.0,131721.0,0.00019712524954229593,-0.1733398288488388,29.859146118164062
10.0,131726.0,-0.00017248459334950894,-0.1733398288488388,29.862695693969727
10.0,131731.0,-0.0005585215403698385,-0.1733398288488388,29.87333106994629
10.0,131737.0,-0.0010513346642255783,-0.1733398288488388,29.886709213256836
10.0,131741.0,-0.0014702258631587029,-0.1733398288488388,29.898300170898438
10.0,131748.0,-0.0020000000949949026,-0.1733398288488388,29.919246673583984
10.0,131754.0,-0.002546201227232814,-0.1733398288488388,29.942745208740234
10.0,131758.0,-0.002928131492808461,-0.1733398288488388,29.960424423217773
10.0,131762.0,-0.003310061525553465,-0.17180585861206055,29.845874786376953
10.0,131766.0,-0.00370020535774529,-0.17180585861206055,29.86240577697754
10.0,131772.0,-0.004275153856724501,-0.17180585861206055,29.883888244628906
10.0,131776.0,-0.004759753588587046,-0.17180585861206055,29.90570068359375
10.0,131780.0,-0.005137577187269926,-0.17180585861206055,29.9211483001709
10.0,131785.0,-0.005535934120416641,-0.17180585861206055,29.94248390197754
10.0,131789.0,-0.005942505318671465,-0.17180585861206055,29.962440490722656
10.0,131793.0,-0.006357289385050535,-0.1702718734741211,29.85244369506836
10.0,131797.0,-0.006792607717216015,-0.1702718734741211,29.870941162109375
10.0,131801.0,-0.007236139848828316,-0.1702718734741211,29.90166664123535
10.0,131805.0,-0.007782340981066227,-0.16873788833618164,29.788753509521484
10.0,131809.0,-0.008114989846944809,-0.16873788833618164,29.810964584350586
10.0,131813.0,-0.008652977645397186,-0.16873788833618164,29.83256721496582
10.0,131818.0,-0.00907186884433031,-0.16873788833618164,29.850414276123047
10.0,131822.0,-0.009478439576923847,-0.1672039031982422,29.727800369262695
10.0,131826.0,-0.009864476509392262,-0.1672039031982422,29.74233055114746
10.0,131831.0,-0.010336755774915218,-0.1672039031982422,29.756610870361328
10.0,131836.0,-0.010792607441544533,-0.1672039031982422,29.7639102935791
10.0,131842.0,-0.011412731371819973,-0.1672039031982422,29.776962280273438
10.0,131849.0,-0.011950718238949776,-0.1672039031982422,29.789522171020508
10.0,131854.0,-0.01239835750311613,-0.1672039031982422,29.802268981933594
10.0,131858.0,-0.012763860635459423,-0.1672039031982422,29.810073852539062
10.0,131862.0,-0.013211498968303204,-0.16566993296146393,29.682374954223633
10.0,131868.0,-0.013659137301146984,-0.16566993296146393,29.695453643798828
10.0,131875.0,-0.014250513166189194,-0.16566993296146393,29.70076560974121
10.0,131881.0,-0.01472279243171215,-0.16566993296146393,29.699312210083008
10.0,131887.0,-0.01514579076319933,-0.1672039031982422,29.831069946289062
10.0,131894.0,-0.015609856694936752,-0.1672039031982422,29.819772720336914
10.0,131898.0,-0.015885010361671448,-0.1672039031982422,29.817760467529297
10.0,131905.0,-0.01636139675974846,-0.1672039031982422,29.8122615814209
10.0,131914.0,-0.0170061606913805,-0.1672039031982422,29.814441680908203
10.0,131918.0,-0.017375769093632698,-0.1672039031982422,29.816795349121094
10.0,131942.0,-0.019264886155724525,-0.1672039031982422,29.874691009521484
10.0,131947.0,-0.019696097820997238,-0.1672039031982422,29.884157180786133
10.0,131950.0,-0.020049281418323517,-0.1672039031982422,29.89821434020996
10.0,131955.0,-0.020390143617987633,-0.1672039031982422,29.90842056274414
10.0,131959.0,-0.020813141018152237,-0.1672039031982422,29.920257568359375
10.0,131964.0,-0.021158110350370407,-0.1672039031982422,29.931543350219727
10.0,131969.0,-0.021585214883089066,-0.1672039031982422,29.947725296020508
10.0,131974.0,-0.0220369603484869,-0.16566993296146393,29.831159591674805
10.0,131979.0,-0.022505134344100952,-0.16566993296146393,29.847179412841797
10.0,131983.0,-0.022887064144015312,-0.16566993296146393,29.87529182434082
10.0,131988.0,-0.023375770077109337,-0.16566993296146393,29.893598556518555
10.0,131994.0,-0.02397535927593708,-0.16413594782352448,29.55685806274414
10.0,131998.0,-0.024484599009156227,-0.16413594782352448,29.806129455566406
10.0,132003.0,-0.024882957339286804,-0.16413594782352448,29.82479476928711
10.0,132007.0,-0.02528952807188034,-0.16413594782352448,29.848989486694336
10.0,132011.0,-0.025667350739240646,-0.16260196268558502,29.723468780517578
10.0,132016.0,-0.026139630004763603,-0.16260196268558502,29.737869262695312
10.0,132020.0,-0.026488706469535828,-0.16260196268558502,29.744672775268555
10.0,132025.0,-0.026907596737146378,-0.16260196268558502,29.75552749633789
10.0,132029.0,-0.02724435366690159,-0.16260196268558502,29.76095962524414
10.0,132034.0,-0.027650924399495125,-0.16260196268558502,29.767934799194336
10.0,132038.0,-0.02805749513208866,-0.16260196268558502,29.773569107055664
10.0,132043.0,-0.028386037796735764,-0.16260196268558502,29.4135684967041
10.0,132047.0,-0.028887063264846802,-0.16106799244880676,29.654722213745117
10.0,132054.0,-0.029289526864886284,-0.16106799244880676,29.660594940185547
10.0,132058.0,-0.02960164286196232,-0.16106799244880676,29.664608001708984
10.0,132063.0,-0.029991786926984787,-0.16106799244880676,29.6690616607666
10.0,132067.0,-0.030299793928861618,-0.16106799244880676,29.67301368713379
10.0,132073.0,-0.03073921985924244,-0.16106799244880676,29.672969818115234
10.0,132077.0,-0.031014373525977135,-0.16106799244880676,29.669893264770508
10.0,132081.0,-0.03128131479024887,-0.16106799244880676,29.665925979614258
10.0,132087.0,-0.03165503218770027,-0.16106799244880676,29.659137725830078
10.0,132091.0,-0.03195071965456009,-0.16106799244880676,29.650121688842773
10.0,132096.0,-0.03217659145593643,-0.16106799244880676,29.64043617248535
10.0,132100.0,-0.032394248992204666,-0.16106799244880676,29.63433265686035
10.0,132104.0,-0.032607801258563995,-0.16260196268558502,29.762243270874023
10.0,132108.0,-0.032813142985105515,-0.16260196268558502,29.75128936767578
10.0,132113.0,-0.03306776285171509,-0.16260196268558502,29.744192123413086
10.0,132117.0,-0.033277206122875214,-0.16260196268558502,29.735687255859375
10.0,132123.0,-0.033605750650167465,-0.16260196268558502,29.731403350830078
10.0,132130.0,-0.03399178758263588,-0.16260196268558502,29.724607467651367
10.0,132136.0,-0.03434496745467186,-0.16260196268558502,29.494291305541992
10.0,132140.0,-0.034665297716856,-0.16413594782352448,29.870756149291992
10.0,132145.0,-0.03493223711848259,-0.16260196268558502,29.7384033203125
10.0,132150.0,-0.03527720645070076,-0.16260196268558502,29.747657775878906
10.0,132156.0,-0.03567967191338539,-0.16260196268558502,29.755638122558594
10.0,132160.0,-0.03594250604510307,-0.16260196268558502,29.76232147216797
10.0,132166.0,-0.0363408625125885,-0.16260196268558502,29.77118492126465
10.0,132171.0,-0.03667351230978966,-0.16260196268558502,29.779115676879883
10.0,132178.0,-0.03712525591254234,-0.16260196268558502,29.78789710998535
10.0,132183.0,-0.037445586174726486,-0.16260196268558502,29.79125213623047
10.0,132188.0,-0.037761807441711426,-0.16260196268558502,29.7981014251709
10.0,132192.0,-0.03809034824371338,-0.16260196268558502,29.80733871459961
10.0,132197.0,-0.03836139664053917,-0.16260196268558502,29.817588806152344
10.0,132201.0,-0.03863244503736496,-0.16260196268558502,29.823575973510742
10.0,132206.0,-0.03897741436958313,-0.16260196268558502,29.83425521850586
10.0,132210.0,-0.039260778576135635,-0.16106799244880676,29.708698272705078
10.0,132214.0,-0.03954825550317764,-0.16106799244880676,29.719512939453125
10.0,132219.0,-0.03990143910050392,-0.16106799244880676,29.729562759399414
10.0,132226.0,-0.04041067883372307,-0.16106799244880676,29.750625610351562
10.0,132230.0,-0.04070225730538368,-0.1595340073108673,29.393808364868164
10.0,132235.0,-0.041080083698034286,-0.1595340073108673,29.64324951171875
10.0,132241.0,-0.04158932343125343,-0.1595340073108673,29.658214569091797
10.0,132246.0,-0.04187269136309624,-0.1595340073108673,29.668046951293945
10.0,132251.0,-0.042205337435007095,-0.1595340073108673,29.674346923828125
10.0,132264.0,-0.04298152029514313,-0.15800002217292786,29.54010009765625
10.0,132269.0,-0.04322382062673569,-0.15800002217292786,29.52958869934082
10.0,132280.0,-0.04367556422948837,-0.1595340073108673,29.641050338745117
10.0,132286.0,-0.043909650295972824,-0.1595340073108673,29.62546157836914
10.0,132297.0,-0.044320330023765564,-0.1595340073108673,29.602691650390625
10.0,132303.0,-0.04455030709505081,-0.1595340073108673,29.59327507019043
10.0,132310.0,-0.04480082169175148,-0.16106799244880676,29.71416664123535
10.0,132315.0,-0.044973306357860565,-0.16106799244880676,29.704065322875977
10.0,132319.0,-0.045121148228645325,-0.16106799244880676,29.698266983032227
10.0,132336.0,-0.04588090255856514,-0.16106799244880676,29.696901321411133
10.0,132343.0,-0.04616016522049904,-0.16106799244880676,29.700773239135742
10.0,132347.0,-0.04635728895664215,-0.16106799244880676,29.707895278930664
10.0,132351.0,-0.04655852168798447,-0.16106799244880676,29.715389251708984
10.0,132356.0,-0.0468706376850605,-0.1595340073108673,29.585561752319336
10.0,132361.0,-0.04707597568631172,-0.1595340073108673,29.591875076293945
10.0,132365.0,-0.04732649028301239,-0.1595340073108673,29.59755516052246
10.0,132372.0,-0.04765092581510544,-0.1595340073108673,29.601627349853516
10.0,132379.0,-0.0478932224214077,-0.1595340073108673,29.5971736907959
10.0,132384.0,-0.04807392135262489,-0.1595340073108673,29.593725204467773
10.0,132390.0,-0.0482669398188591,-0.1595340073108673,29.58091163635254
10.0,132394.0,-0.04838603734970093,-0.1595340073108673,29.572341918945312
10.0,132398.0,-0.04848460108041763,-0.1595340073108673,29.562652587890625
10.0,132403.0,-0.04859137535095215,-0.16106799244880676,29.687490463256836
10.0,132407.0,-0.04866119101643562,-0.16106799244880676,29.671289443969727
10.0,132411.0,-0.0487310066819191,-0.16106799244880676,29.65667724609375
10.0,132416.0,-0.048813141882419586,-0.16106799244880676,29.64397621154785
10.0,132420.0,-0.04887063801288605,-0.16106799244880676,29.629236221313477
10.0,132426.0,-0.04897741228342056,-0.16260196268558502,29.74758529663086
10.0,132431.0,-0.04905133321881294,-0.16260196268558502,29.739927291870117
10.0,132436.0,-0.04916221648454666,-0.16260196268558502,29.73394775390625
10.0,132443.0,-0.04935934394598007,-0.16260196268558502,29.73317527770996
10.0,132448.0,-0.04951540008187294,-0.16260196268558502,29.734935760498047
10.0,132454.0,-0.04970431327819824,-0.16260196268558502,29.738895416259766
10.0,132460.0,-0.04990554600954056,-0.16260196268558502,29.744712829589844
10.0,132465.0,-0.05008624121546745,-0.16260196268558502,29.75183868408203
10.0,132470.0,-0.05027925968170166,-0.16260196268558502,29.76405143737793
10.0,132479.0,-0.05071868747472763,-0.16260196268558502,29.78961753845215
10.0,132484.0,-0.05091581121087074,-0.16106799244880676,29.668071746826172
10.0,132488.0,-0.05111704394221306,-0.16106799244880676,29.68253517150879
10.0,132493.0,-0.05136755481362343,-0.16106799244880676,29.70409393310547
10.0,132498.0,-0.0516221784055233,-0.1595340073108673,29.581811904907227
10.0,132504.0,-0.05192607641220093,-0.1595340073108673,29.59913444519043
10.0,132512.0,-0.05230800807476044,-0.1595340073108673,29.620466232299805
10.0,132516.0,-0.05248870700597763,-0.15800002217292786,29.493989944458008
10.0,132520.0,-0.052661191672086716,-0.15800002217292786,29.501731872558594
10.0,132525.0,-0.052903492003679276,-0.15800002217292786,29.505674362182617
10.0,132530.0,-0.05305544286966324,-0.15800002217292786,29.50860595703125
10.0,132535.0,-0.05323203280568123,-0.15800002217292786,29.511838912963867
10.0,132541.0,-0.05341273173689842,-0.1564660519361496,29.368488311767578
10.0,132546.0,-0.053527720272541046,-0.1564660519361496,29.357730865478516
10.0,132550.0,-0.05359753593802452,-0.1564660519361496,29.346946716308594
10.0,132556.0,-0.053667351603507996,-0.15800002217292786,29.468294143676758
10.0,132562.0,-0.05372073873877525,-0.15800002217292786,29.44503402709961
10.0,132567.0,-0.05375770106911659,-0.15800002217292786,29.428388595581055
10.0,132573.0,-0.05379465967416763,-0.15800002217292786,29.40648078918457
10.0,132578.0,-0.05381108820438385,-0.15800002217292786,29.391849517822266
10.0,132584.0,-0.05381930246949196,-0.1595340073108673,29.73629379272461
10.0,132589.0,-0.05381930246949196,-0.1595340073108673,29.483816146850586
10.0,132594.0,-0.05381930246949196,-0.1595340073108673,29.466299057006836
10.0,132599.0,-0.053823407739400864,-0.1595340073108673,29.450458526611328
10.0,132604.0,-0.053823407739400864,-0.1595340073108673,29.434818267822266
10.0,132609.0,-0.053823407739400864,-0.1595340073108673,29.422943115234375
10.0,132614.0,-0.053823407739400864,-0.16106799244880676,29.544206619262695
10.0,132620.0,-0.05382751673460007,-0.16106799244880676,29.53181266784668
10.0,132626.0,-0.05383572727441788,-0.16106799244880676,29.519704818725586
10.0,132630.0,-0.05383572727441788,-0.16106799244880676,29.509143829345703
10.0,132636.0,-0.05383983626961708,-0.16106799244880676,29.496692657470703
10.0,132642.0,-0.053843941539525986,-0.16106799244880676,29.483184814453125
10.0,132648.0,-0.053843941539525986,-0.16106799244880676,29.4737548828125
10.0,132654.0,-0.053843941539525986,-0.16106799244880676,29.461519241333008
10.0,132661.0,-0.05384805053472519,-0.16260196268558502,29.58910369873047
10.0,132669.0,-0.0538603700697422,-0.16260196268558502,29.58099365234375
10.0,132681.0,-0.05388911813497543,-0.16260196268558502,29.570207595825195
10.0,132685.0,-0.05390143766999245,-0.16260196268558502,29.567617416381836
10.0,132702.0,-0.05392197147011757,-0.16260196268558502,29.552093505859375
10.0,132719.0,-0.05393429100513458,-0.16260196268558502,29.540111541748047
10.0,132733.0,-0.053938400000333786,-0.16260196268558502,29.531700134277344
10.0,132738.0,-0.053938400000333786,-0.16260196268558502,29.52947998046875
10.0,132743.0,-0.05394250527024269,-0.16260196268558502,29.52715492248535
10.0,132748.0,-0.05394250527024269,-0.16260196268558502,29.52530860900879
10.0,132752.0,-0.05394250527024269,-0.16260196268558502,29.52322006225586
10.0,132756.0,-0.05394250527024269,-0.16260196268558502,29.521699905395508
10.0,132760.0,-0.05394250527024269,-0.16106799244880676,29.382265090942383
10.0,132764.0,-0.05394250527024269,-0.16106799244880676,29.381013870239258
10.0,132768.0,-0.05394250527024269,-0.16106799244880676,29.37989044189453
10.0,132772.0,-0.05394250527024269,-0.16106799244880676,29.378877639770508
10.0,132776.0,-0.05394250527024269,-0.16106799244880676,29.37799835205078
10.0,132780.0,-0.05394250527024269,-0.16106799244880676,29.377225875854492
10.0,132784.0,-0.05394250527024269,-0.16106799244880676,29.376550674438477
10.0,132788.0,-0.05394250527024269,-0.16106799244880676,29.375991821289062
10.0,132793.0,-0.05394250527024269,-0.16106799244880676,29.37541961669922
10.0,132798.0,-0.05394250527024269,-0.16106799244880676,29.37506675720215
10.0,132803.0,-0.05394250527024269,-0.16106799244880676,29.374759674072266
10.0,132809.0,-0.05394250527024269,-0.16106799244880676,29.374557495117188
10.0,132814.0,-0.05394250527024269,-0.16106799244880676,29.37454605102539
10.0,132818.0,-0.05394250527024269,-0.1595340073108673,29.236553192138672
10.0,132822.0,-0.05394250527024269,-0.1595340073108673,29.236743927001953
10.0,132828.0,-0.05394250527024269,-0.1595340073108673,29.23711585998535
10.0,132834.0,-0.05394250527024269,-0.1595340073108673,29.23754119873047
10.0,132839.0,-0.05394250527024269,-0.1595340073108673,29.23816680908203
10.0,132844.0,-0.05394250527024269,-0.1595340073108673,29.238679885864258
10.0,132848.0,-0.05394250527024269,-0.1595340073108673,28.871225357055664
10.0,132854.0,-0.05394250527024269,-0.15800002217292786,29.102108001708984
10.0,132882.0,-0.053938400000333786,-0.1564660519361496,28.969131469726562
10.0,132887.0,-0.05393429100513458,-0.1564660519361496,28.969707489013672
10.0,132892.0,-0.05393429100513458,-0.1564660519361496,28.971349716186523
10.0,132896.0,-0.05393429100513458,-0.15493206679821014,28.834434509277344
10.0,132900.0,-0.05393429100513458,-0.15493206679821014,28.835308074951172
10.0,132904.0,-0.05393018573522568,-0.15493206679821014,28.835783004760742
10.0,132909.0,-0.053926076740026474,-0.15493206679821014,28.836950302124023
10.0,132913.0,-0.05392197147011757,-0.15493206679821014,28.836292266845703
10.0,132918.0,-0.05392197147011757,-0.1533980816602707,28.70083236694336
10.0,132921.0,-0.053917866200208664,-0.1533980816602707,28.70150375366211
10.0,132925.0,-0.05390554293990135,-0.1533980816602707,28.699542999267578
10.0,132929.0,-0.05389733240008354,-0.1533980816602707,28.699251174926758
10.0,132933.0,-0.05388911813497543,-0.1533980816602707,28.330944061279297
10.0,132937.0,-0.053880903869867325,-0.15186409652233124,28.563236236572266
10.0,132941.0,-0.05387679487466812,-0.15186409652233124,28.562267303466797
10.0,132945.0,-0.05386447533965111,-0.15186409652233124,28.5638427734375
10.0,132949.0,-0.053852155804634094,-0.15186409652233124,28.561805725097656
10.0,132953.0,-0.05383983626961708,-0.15033012628555298,28.42325210571289
10.0,132957.0,-0.05382751673460007,-0.15033012628555298,28.421133041381836
10.0,132961.0,-0.05380287393927574,-0.15033012628555298,28.41982078552246
10.0,132965.0,-0.05377412587404251,-0.14879614114761353,28.278079986572266
10.0,132969.0,-0.053741272538900375,-0.14879614114761353,28.274309158325195
10.0,132974.0,-0.05367967113852501,-0.14879614114761353,28.26529884338379
10.0,132978.0,-0.05361806973814964,-0.14879614114761353,28.253572463989258
10.0,132982.0,-0.05354003980755806,-0.14879614114761353,28.245996475219727
10.0,132986.0,-0.05345790460705757,-0.14879614114761353,28.23527717590332
10.0,132990.0,-0.05333470180630684,-0.14726215600967407,28.07958984375
10.0,132996.0,-0.053190965205430984,-0.14726215600967407,28.059165954589844
10.0,132999.0,-0.053051333874464035,-0.14726215600967407,28.038942337036133
10.0,133004.0,-0.052903492003679276,-0.14726215600967407,28.017955780029297
10.0,133008.0,-0.05274743214249611,-0.14726215600967407,27.99282455444336
10.0,133012.0,-0.052587270736694336,-0.14726215600967407,27.970548629760742
10.0,133016.0,-0.05241478607058525,-0.14726215600967407,27.952573776245117
10.0,133020.0,-0.052229978144168854,-0.14726215600967407,27.92926788330078
10.0,133024.0,-0.05202874913811684,-0.14726215600967407,27.896621704101562
10.0,133028.0,-0.05182751640677452,-0.14879614114761353,28.016191482543945
10.0,133031.0,-0.0516180694103241,-0.14879614114761353,27.989831924438477
10.0,133036.0,-0.05140862241387367,-0.14879614114761353,27.954055786132812
10.0,133043.0,-0.051047228276729584,-0.14879614114761353,27.925813674926758
10.0,133047.0,-0.05084599554538727,-0.14879614114761353,27.901378631591797
10.0,133051.0,-0.05064476281404495,-0.14879614114761353,27.881423950195312
10.0,133056.0,-0.050386037677526474,-0.14879614114761353,27.854202270507812
10.0,133060.0,-0.050172485411167145,-0.14879614114761353,27.83358383178711
10.0,133065.0,-0.04989733174443245,-0.14879614114761353,27.81218719482422
10.0,133068.0,-0.049659136682748795,-0.14879614114761353,27.786113739013672
10.0,133072.0,-0.049400411546230316,-0.14879614114761353,27.75847053527832
10.0,133077.0,-0.049129363149404526,-0.14879614114761353,27.720373153686523
10.0,133083.0,-0.04867761954665184,-0.14879614114761353,27.67923927307129
10.0,133087.0,-0.048344969749450684,-0.15033012628555298,27.778745651245117
10.0,133093.0,-0.04769609868526459,-0.15033012628555298,27.704378128051758
10.0,133099.0,-0.04720739275217056,-0.15186409652233124,27.78787612915039
10.0,133103.0,-0.04668993875384331,-0.15186409652233124,27.73040008544922
10.0,133110.0,-0.04606570675969124,-0.1533980816602707,27.80326271057129
10.0,133114.0,-0.0456591360270977,-0.15493206679821014,28.131258010864258
10.0,133119.0,-0.045158110558986664,-0.15493206679821014,27.846166610717773
10.0,133125.0,-0.044554416090250015,-0.1564660519361496,28.167131423950195
10.0,133128.0,-0.04425051435828209,-0.1564660519361496,27.885766983032227
10.0,133136.0,-0.043453797698020935,-0.15800002217292786,28.2116756439209
10.0,133141.0,-0.0429527722299099,-0.15800002217292786,27.94129180908203
10.0,133145.0,-0.04253798723220825,-0.15800002217292786,27.899553298950195
10.0,133150.0,-0.04201642796397209,-0.1595340073108673,27.996614456176758
10.0,133155.0,-0.04141683876514435,-0.1595340073108673,27.962507247924805
10.0,133161.0,-0.040928132832050323,-0.16106799244880676,28.069034576416016
10.0,133165.0,-0.040566734969615936,-0.16106799244880676,28.04491424560547
10.0,133169.0,-0.04021766036748886,-0.16106799244880676,28.033414840698242
10.0,133173.0,-0.03988911584019661,-0.16106799244880676,28.017419815063477
10.0,133177.0,-0.03957289457321167,-0.16106799244880676,28.00798797607422
10.0,133181.0,-0.039260778576135635,-0.16106799244880676,27.99941062927246
10.0,133185.0,-0.03889527544379234,-0.16106799244880676,27.992536544799805
10.0,133189.0,-0.03867761790752411,-0.16106799244880676,27.985658645629883
10.0,133194.0,-0.03831622004508972,-0.16106799244880676,27.97956085205078
10.0,133200.0,-0.03788090497255325,-0.16106799244880676,27.967615127563477
10.0,133204.0,-0.037593428045511246,-0.16106799244880676,27.963396072387695
10.0,133210.0,-0.03716632351279259,-0.16106799244880676,27.954721450805664
10.0,133214.0,-0.03687063604593277,-0.16106799244880676,27.94513511657715
10.0,133219.0,-0.03650102764368057,-0.16106799244880676,27.935575485229492
10.0,133225.0,-0.03604928031563759,-0.16106799244880676,27.92278289794922
10.0,133229.0,-0.03575359284877777,-0.16106799244880676,27.91526985168457
10.0,133234.0,-0.035375770181417465,-0.16106799244880676,27.90448760986328
10.0,133240.0,-0.034919917583465576,-0.16106799244880676,27.891834259033203
10.0,133245.0,-0.03455030918121338,-0.16106799244880676,27.8839168548584
10.0,133249.0,-0.034258726984262466,-0.16106799244880676,27.877302169799805
10.0,133253.0,-0.03397125378251076,-0.16106799244880676,27.501407623291016
10.0,133257.0,-0.033679671585559845,-0.1595340073108673,27.724851608276367
10.0,133261.0,-0.03338398411870003,-0.1595340073108673,27.717479705810547
10.0,133266.0,-0.03299794718623161,-0.1595340073108673,27.703493118286133
10.0,133270.0,-0.03267761692404747,-0.1595340073108673,27.690019607543945
10.0,133275.0,-0.032254621386528015,-0.1595340073108673,27.673870086669922
10.0,133279.0,-0.03189732879400253,-0.1595340073108673,27.65513038635254
10.0,133284.0,-0.03131827339529991,-0.1595340073108673,27.619596481323242
10.0,133289.0,-0.03089938312768936,-0.16106799244880676,27.72101402282715
10.0,133294.0,-0.030361397191882133,-0.16106799244880676,27.683818817138672
10.0,133298.0,-0.029917864128947258,-0.16106799244880676,27.65216827392578
10.0,133304.0,-0.029244353994727135,-0.16260196268558502,27.754703521728516
10.0,133308.0,-0.028677618131041527,-0.16260196268558502,27.716354370117188
10.0,133313.0,-0.028225872665643692,-0.16260196268558502,27.689014434814453
10.0,133317.0,-0.027770020067691803,-0.16413594782352448,27.78995704650879
10.0,133321.0,-0.027314167469739914,-0.16413594782352448,27.76215362548828
10.0,133328.0,-0.026517454534769058,-0.16413594782352448,27.72197151184082
10.0,133333.0,-0.025934292003512383,-0.16413594782352448,27.68565559387207
10.0,133337.0,-0.025453798472881317,-0.16566993296146393,27.792692184448242
10.0,133341.0,-0.024969199672341347,-0.16566993296146393,27.757158279418945
10.0,133346.0,-0.02436550334095955,-0.1672039031982422,27.85945701599121
10.0,133350.0,-0.023889116942882538,-0.1672039031982422,27.83468246459961
10.0,133356.0,-0.023203285411000252,-0.1672039031982422,27.80498504638672
10.0,133361.0,-0.02265297807753086,-0.1672039031982422,27.780323028564453
10.0,133366.0,-0.02210266888141632,-0.16873788833618164,27.892770767211914
10.0,133373.0,-0.02134702168405056,-0.16873788833618164,27.86898422241211
10.0,133377.0,-0.020821355283260345,-0.16873788833618164,27.851699829101562
10.0,133382.0,-0.020402463153004646,-0.16873788833618164,27.83218765258789
10.0,133387.0,-0.019876796752214432,-0.1702718734741211,27.9560604095459
10.0,133394.0,-0.019141683354973793,-0.1702718734741211,27.927396774291992
10.0,133400.0,-0.01850513368844986,-0.1702718734741211,27.907306671142578
10.0,133405.0,-0.018004106357693672,-0.1702718734741211,27.896175384521484
10.0,133409.0,-0.0176098570227623,-0.1702718734741211,27.888782501220703
10.0,133414.0,-0.017149897292256355,-0.1702718734741211,27.88685417175293
10.0,133418.0,-0.01679260842502117,-0.1702718734741211,27.88138198852539
10.0,133423.0,-0.016340862959623337,-0.1702718734741211,27.878416061401367
10.0,133428.0,-0.01591375842690468,-0.1702718734741211,27.877107620239258
10.0,133433.0,-0.015474332496523857,-0.1702718734741211,27.873199462890625
10.0,133437.0,-0.015133470296859741,-0.1702718734741211,27.87164306640625
10.0,133441.0,-0.014784393832087517,-0.1702718734741211,28.0958194732666
10.0,133446.0,-0.014328542165458202,-0.16873788833618164,27.720016479492188
10.0,133449.0,-0.013950718566775322,-0.1702718734741211,28.078250885009766
10.0,133453.0,-0.013556468300521374,-0.16873788833618164,27.69852066040039
10.0,133460.0,-0.01295687910169363,-0.16873788833618164,27.674985885620117
10.0,133464.0,-0.012550308369100094,-0.1702718734741211,27.80147361755371
10.0,133468.0,-0.012151950970292091,-0.1702718734741211,27.789457321166992
10.0,133475.0,-0.011453798972070217,-0.1702718734741211,27.768390655517578
10.0,133479.0,-0.011059548705816269,-0.1702718734741211,27.757225036621094
10.0,133483.0,-0.010566734708845615,-0.1702718734741211,27.746091842651367
10.0,133487.0,-0.010271047241985798,-0.1702718734741211,27.733007431030273
10.0,133492.0,-0.009757700376212597,-0.1702718734741211,27.715600967407227
10.0,133497.0,-0.009244353510439396,-0.1702718734741211,27.70180892944336
10.0,133501.0,-0.008809034712612629,-0.1702718734741211,27.68134307861328
10.0,133507.0,-0.008135523647069931,-0.17180585861206055,27.789363861083984
10.0,133512.0,-0.007552361581474543,-0.17180585861206055,27.75452423095703
10.0,133516.0,-0.007092402316629887,-0.17180585861206055,27.733552932739258
10.0,133520.0,-0.006632443517446518,-0.17180585861206055,27.712921142578125
10.0,133525.0,-0.0060574947856366634,-0.17180585861206055,27.689546585083008
10.0,133529.0,-0.00561396311968565,-0.1733398288488388,27.81048583984375
10.0,133534.0,-0.0050513348542153835,-0.1733398288488388,27.787965774536133
10.0,133540.0,-0.004402464255690575,-0.1733398288488388,27.771268844604492
10.0,133545.0,-0.0038439424242824316,-0.1733398288488388,27.744590759277344
10.0,133549.0,-0.0033921971917152405,-0.17487381398677826,27.864980697631836
10.0,133555.0,-0.0027145789936184883,-0.17487381398677826,27.836896896362305
10.0,133560.0,-0.0021642709616571665,-0.17487381398677826,27.82188606262207
10.0,133565.0,-0.0016344969626516104,-0.17487381398677826,27.808589935302734
10.0,133570.0,-0.0010225872974842787,-0.17487381398677826,27.798131942749023
10.0,133578.0,-0.0003285420825704932,-0.1764077991247177,27.92101287841797
10.0,133583.0,0.00015195072046481073,-0.17487381398677826,27.778879165649414
10.0,133588.0,0.0006283367401920259,-0.17487381398677826,27.54076385498047
10.0,133594.0,0.001195071847178042,-0.1764077991247177,27.535003662109375
10.0,133598.0,0.0015564681962132454,-0.1764077991247177,27.902503967285156
10.0,133604.0,0.002110882895067334,-0.17487381398677826,27.75539207458496
10.0,133611.0,0.002776180626824498,-0.17487381398677826,27.74239158630371
10.0,133617.0,0.0033511293586343527,-0.17487381398677826,27.732980728149414
10.0,133621.0,0.0037289527244865894,-0.1764077991247177,27.864805221557617
10.0,133628.0,0.004369609989225864,-0.1764077991247177,27.8574161529541
10.0,133634.0,0.0049240244552493095,-0.1764077991247177,27.850126266479492
10.0,133639.0,0.00536755658686161,-0.1764077991247177,28.073530197143555
10.0,133644.0,0.00580287491902709,-0.17487381398677826,27.703989028930664
10.0,133649.0,0.00623819325119257,-0.1764077991247177,27.836288452148438
10.0,133654.0,0.006780287250876427,-0.1764077991247177,28.059329986572266
10.0,133665.0,0.0077412729151546955,-0.17487381398677826,27.65908432006836
10.0,133669.0,0.008156057447195053,-0.1764077991247177,27.781959533691406
10.0,133673.0,0.008689938113093376,-0.1764077991247177,27.76280975341797
10.0,133678.0,0.009125256910920143,-0.1764077991247177,27.740190505981445
10.0,133683.0,0.00966324470937252,-0.1764077991247177,27.716691970825195
10.0,133687.0,0.010094455443322659,-0.1764077991247177,27.701496124267578
10.0,133692.0,0.010632443241775036,-0.17794176936149597,27.818531036376953
10.0,133696.0,0.011059548705816269,-0.17794176936149597,27.804445266723633
10.0,133700.0,0.01147433277219534,-0.17794176936149597,27.7887020111084
10.0,133706.0,0.012110883370041847,-0.17794176936149597,27.76569366455078
10.0,133710.0,0.012632443569600582,-0.17947575449943542,28.12158203125
10.0,133715.0,0.01305954810231924,-0.17947575449943542,27.868803024291992
10.0,133721.0,0.013679671101272106,-0.17947575449943542,27.857555389404297
10.0,133727.0,0.01431211456656456,-0.17947575449943542,27.83153533935547
10.0,133731.0,0.014718686230480671,-0.17947575449943542,27.8198184967041
10.0,133737.0,0.015330595895648003,-0.17947575449943542,27.80385971069336
10.0,133743.0,0.015917863696813583,-0.18100973963737488,27.930156707763672
10.0,133747.0,0.01629568822681904,-0.18100973963737488,27.92521095275879
10.0,133752.0,0.016825461760163307,-0.18100973963737488,27.921981811523438
10.0,133757.0,0.017166323959827423,-0.18100973963737488,27.923398971557617
10.0,133762.0,0.01757289469242096,-0.18100973963737488,27.92500114440918
10.0,133766.0,0.017905544489622116,-0.18100973963737488,27.924358367919922
10.0,133772.0,0.018451744690537453,-0.17947575449943542,27.561800003051758
10.0,133777.0,0.018772073090076447,-0.18100973963737488,27.92911148071289
10.0,133781.0,0.01910061575472355,-0.17947575449943542,27.789642333984375
10.0,133787.0,0.01960575021803379,-0.17947575449943542,27.782264709472656
10.0,133791.0,0.01995071955025196,-0.18100973963737488,27.9172306060791
10.0,133796.0,0.020381929352879524,-0.18100973963737488,27.90666389465332
10.0,133800.0,0.020829569548368454,-0.18100973963737488,27.89679527282715
10.0,133806.0,0.021268993616104126,-0.18100973963737488,27.88844108581543
10.0,133811.0,0.021704312413930893,-0.18100973963737488,27.886316299438477
10.0,133816.0,0.02210266888141632,-0.18100973963737488,27.884357452392578
10.0,133820.0,0.022431211546063423,-0.18100973963737488,27.878765106201172
10.0,133824.0,0.02282956801354885,-0.18100973963737488,27.878278732299805
10.0,133829.0,0.0231540035456419,-0.18100973963737488,27.873559951782227
10.0,133833.0,0.023482546210289,-0.18100973963737488,27.86993408203125
10.0,133838.0,0.023885009810328484,-0.18100973963737488,27.86345100402832
10.0,133846.0,0.024566734209656715,-0.18100973963737488,27.847801208496094
10.0,133851.0,0.02501847967505455,-0.18100973963737488,27.83139991760254
10.0,133857.0,0.025564681738615036,-0.18254372477531433,27.95237159729004
10.0,133863.0,0.026180697605013847,-0.18254372477531433,27.940093994140625
10.0,133867.0,0.026431212201714516,-0.18254372477531433,27.935317993164062
10.0,133873.0,0.026924025267362595,-0.18254372477531433,27.927045822143555
10.0,133884.0,0.027790553867816925,-0.18254372477531433,27.919923782348633
10.0,133888.0,0.028086243197321892,-0.18254372477531433,27.922231674194336
10.0,133895.0,0.028599590063095093,-0.18254372477531433,27.919189453125
10.0,133899.0,0.028891170397400856,-0.18254372477531433,27.917861938476562
10.0,133905.0,0.029330596327781677,-0.18254372477531433,27.917278289794922
10.0,133910.0,0.02977002039551735,-0.18254372477531433,27.913070678710938
10.0,133914.0,0.030073922127485275,-0.18254372477531433,27.9075927734375
10.0,133920.0,0.03045995905995369,-0.1840776950120926,28.04025650024414
10.0,133926.0,0.030919918790459633,-0.1840776950120926,28.031251907348633
10.0,133931.0,0.031285420060157776,-0.1840776950120926,28.030057907104492
10.0,133937.0,0.031696099787950516,-0.1840776950120926,28.031538009643555
10.0,133943.0,0.03207802772521973,-0.1840776950120926,28.03646469116211
10.0,133947.0,0.0323326475918293,-0.1840776950120926,28.03862953186035
10.0,133953.0,0.03268583118915558,-0.1840776950120926,28.04729461669922
10.0,133957.0,0.032960984855890274,-0.18254372477531433,27.91912078857422
10.0,133962.0,0.033223818987607956,-0.18254372477531433,27.929012298583984
10.0,133968.0,0.03348254784941673,-0.18254372477531433,27.940229415893555
10.0,133974.0,0.03380287438631058,-0.18254372477531433,27.947433471679688
10.0,133979.0,0.03406570851802826,-0.18254372477531433,27.957704544067383
10.0,133983.0,0.03427104651927948,-0.18254372477531433,27.961589813232422
10.0,133987.0,0.0344763845205307,-0.18254372477531433,27.966936111450195
10.0,133991.0,0.034685831516981125,-0.18100973963737488,27.83500099182129
10.0,133996.0,0.03493634611368179,-0.18100973963737488,27.840120315551758
10.0,134000.0,0.03515400364995003,-0.18100973963737488,27.84067726135254
10.0,134007.0,0.035634495317935944,-0.18100973963737488,27.831695556640625
10.0,134013.0,0.035971254110336304,-0.18100973963737488,27.821727752685547
10.0,134018.0,0.03632854297757149,-0.18254372477531433,27.94059181213379
10.0,134023.0,0.03669404610991478,-0.18254372477531433,27.93009376525879
10.0,134027.0,0.036977414041757584,-0.18254372477531433,27.917484283447266
10.0,134031.0,0.03726488724350929,-0.18254372477531433,27.906591415405273
10.0,134037.0,0.03768377751111984,-0.18254372477531433,27.894817352294922
10.0,134040.0,0.03796304017305374,-0.18254372477531433,27.88541030883789
10.0,134045.0,0.03824229910969734,-0.1840776950120926,28.0117244720459
10.0,134049.0,0.038591377437114716,-0.1840776950120926,28.001981735229492
10.0,134055.0,0.038915809243917465,-0.1840776950120926,27.996444702148438
10.0,134061.0,0.039289526641368866,-0.1840776950120926,27.99187660217285
10.0,134066.0,0.03958110883831978,-0.1840776950120926,27.989906311035156
10.0,134071.0,0.03992607817053795,-0.1840776950120926,27.987579345703125
10.0,134077.0,0.04020944610238075,-0.1840776950120926,27.985403060913086
10.0,134081.0,0.040492814034223557,-0.1840776950120926,27.983280181884766
10.0,134087.0,0.04077207297086716,-0.18561168015003204,28.119539260864258
10.0,134094.0,0.04116632416844368,-0.18561168015003204,28.116575241088867
10.0,134099.0,0.041449692100286484,-0.18561168015003204,28.1124210357666
10.0,134105.0,0.041786447167396545,-0.18561168015003204,28.110492706298828
10.0,134110.0,0.042057495564222336,-0.18561168015003204,28.110504150390625
10.0,134114.0,0.04225872829556465,-0.18561168015003204,28.111358642578125
10.0,134120.0,0.04253798723220825,-0.18561168015003204,28.116952896118164
10.0,134126.0,0.0427720732986927,-0.18561168015003204,28.131061553955078
10.0,134132.0,0.042997945100069046,-0.18561168015003204,28.146835327148438
10.0,134138.0,0.04320739209651947,-0.18561168015003204,28.15634536743164
10.0,134144.0,0.04340451583266258,-0.18561168015003204,28.17315101623535
10.0,134148.0,0.043519508093595505,-0.1840776950120926,28.05153465270996
10.0,134153.0,0.04364681616425514,-0.1840776950120926,28.064510345458984
10.0,134157.0,0.04374537989497185,-0.1840776950120926,28.077503204345703
10.0,134161.0,0.04383983463048935,-0.1840776950120926,28.095458984375
10.0,134166.0,0.04395071789622307,-0.1840776950120926,28.10833740234375
10.0,134170.0,0.044032853096723557,-0.18254372477531433,27.983919143676758
10.0,134176.0,0.04416016489267349,-0.18254372477531433,28.002363204956055
10.0,134180.0,0.04424230009317398,-0.18254372477531433,28.01434326171875
10.0,134184.0,0.044328540563583374,-0.18254372477531433,28.024993896484375
10.0,134188.0,0.04440246522426605,-0.18100973963737488,27.670299530029297
10.0,134193.0,0.04449281468987465,-0.18100973963737488,27.915136337280273
10.0,134197.0,0.04456673562526703,-0.18100973963737488,27.926969528198242
10.0,134201.0,0.04464476555585861,-0.18100973963737488,27.934398651123047
10.0,134206.0,0.04476385936141014,-0.18100973963737488,27.940452575683594
10.0,134210.0,0.04486652836203575,-0.18100973963737488,27.944677352905273
10.0,134214.0,0.04497741162776947,-0.18100973963737488,27.946285247802734
10.0,134220.0,0.045158110558986664,-0.17947575449943542,27.80852508544922
10.0,134226.0,0.04535112902522087,-0.17947575449943542,27.804903030395508
10.0,134230.0,0.04549076035618782,-0.17947575449943542,27.799545288085938
10.0,134235.0,0.04572895169258118,-0.18100973963737488,27.92740821838379
10.0,134241.0,0.045950718224048615,-0.18100973963737488,27.913087844848633
10.0,134246.0,0.04617248475551605,-0.18100973963737488,27.9014892578125
10.0,134252.0,0.046435318887233734,-0.18100973963737488,27.883148193359375
10.0,134258.0,0.04673511162400246,-0.18254372477531433,27.99931526184082
10.0,134263.0,0.04700205475091934,-0.18254372477531433,27.980209350585938
10.0,134269.0,0.04732238128781319,-0.18254372477531433,27.961565017700195
10.0,134274.0,0.047589320689439774,-0.1840776950120926,28.07782745361328
10.0,134278.0,0.047806981950998306,-0.1840776950120926,28.062929153442383
10.0,134284.0,0.04811498895287514,-0.1840776950120926,28.048986434936523
10.0,134290.0,0.04840657114982605,-0.1840776950120926,28.40097427368164
10.0,134294.0,0.04858727008104324,-0.18561168015003204,28.163101196289062
10.0,134298.0,0.048755645751953125,-0.18561168015003204,28.16142463684082
10.0,134302.0,0.04890759661793709,-0.18561168015003204,28.160573959350586
10.0,134306.0,0.04906776174902916,-0.18561168015003204,28.163131713867188
10.0,134311.0,0.04917864501476288,-0.18561168015003204,28.168283462524414
10.0,134316.0,0.0492936335504055,-0.18561168015003204,28.18004608154297
10.0,134322.0,0.04942094534635544,-0.18561168015003204,28.195735931396484
10.0,134330.0,0.049511294811964035,-0.18561168015003204,28.218233108520508
10.0,134335.0,0.04956057667732239,-0.18561168015003204,28.242340087890625
10.0,134340.0,0.04958111047744751,-0.18561168015003204,28.258039474487305
10.0,134346.0,0.049585215747356415,-0.1840776950120926,28.152462005615234
10.0,134353.0,0.049585215747356415,-0.1840776950120926,28.177953720092773
10.0,134366.0,0.04958932101726532,-0.18254372477531433,28.092470169067383
10.0,134370.0,0.04958932101726532,-0.18254372477531433,28.106231689453125
10.0,134387.0,0.04959343001246452,-0.18254372477531433,28.157470703125
10.0,134394.0,0.04959753528237343,-0.18100973963737488,28.03473663330078
10.0,134398.0,0.04959753528237343,-0.18100973963737488,28.047290802001953
10.0,134403.0,0.04960574954748154,-0.18100973963737488,28.055400848388672
10.0,134407.0,0.049613963812589645,-0.18100973963737488,28.06310272216797
10.0,134426.0,0.04963449761271477,-0.18100973963737488,28.09954261779785
10.0,134430.0,0.04963860288262367,-0.18100973963737488,28.105762481689453
10.0,134434.0,0.049642711877822876,-0.18100973963737488,28.111669540405273
10.0,134439.0,0.049642711877822876,-0.17947575449943542,27.979909896850586
10.0,134444.0,0.049650922417640686,-0.17947575449943542,27.985382080078125
10.0,134449.0,0.0496673509478569,-0.17947575449943542,27.988847732543945
10.0,134453.0,0.04967967048287392,-0.17947575449943542,27.992679595947266
10.0,134457.0,0.049696099013090134,-0.17947575449943542,27.99440574645996
10.0,134461.0,0.04970841854810715,-0.17947575449943542,27.99776268005371
10.0,134466.0,0.04972895234823227,-0.17947575449943542,27.999658584594727
10.0,134470.0,0.049745380878448486,-0.17947575449943542,28.001388549804688
10.0,134474.0,0.049761805683374405,-0.17947575449943542,28.002965927124023
10.0,134479.0,0.04978644847869873,-0.17947575449943542,28.004032135009766
10.0,134483.0,0.04980287328362465,-0.17947575449943542,28.005605697631836
10.0,134488.0,0.04982340708374977,-0.17947575449943542,28.006948471069336
10.0,134494.0,0.04984394088387489,-0.17947575449943542,28.009023666381836
10.0,134499.0,0.04986036941409111,-0.17947575449943542,28.010452270507812
10.0,134504.0,0.049872688949108124,-0.17947575449943542,28.012691497802734
10.0,134508.0,0.04988911747932434,-0.18100973963737488,28.15184211730957
10.0,134513.0,0.049901437014341354,-0.18100973963737488,28.1547908782959
10.0,134517.0,0.049901437014341354,-0.18100973963737488,28.15772247314453
10.0,134521.0,0.049901437014341354,-0.18100973963737488,28.160451889038086
10.0,134529.0,0.049901437014341354,-0.18100973963737488,28.1654052734375
10.0,134534.0,0.049901437014341354,-0.18100973963737488,28.167633056640625
10.0,134538.0,0.049901437014341354,-0.18100973963737488,28.169689178466797
10.0,134542.0,0.049901437014341354,-0.18100973963737488,28.170093536376953
10.0,134547.0,0.04990554600954056,-0.18100973963737488,28.1730899810791
10.0,134553.0,0.04990554600954056,-0.18100973963737488,28.175458908081055
10.0,134558.0,0.04990554600954056,-0.18100973963737488,28.17753791809082
10.0,134565.0,0.04990554600954056,-0.18100973963737488,28.179607391357422
10.0,134569.0,0.04990554600954056,-0.18100973963737488,28.180622100830078
10.0,134574.0,0.04990554600954056,-0.18100973963737488,28.181535720825195
10.0,134578.0,0.04990554600954056,-0.18100973963737488,28.182525634765625
10.0,134582.0,0.04990554600954056,-0.18100973963737488,28.183198928833008
10.0,134586.0,0.04990554600954056,-0.18100973963737488,28.183780670166016
10.0,134590.0,0.04990554600954056,-0.18254372477531433,28.322324752807617
10.0,134594.0,0.04990554600954056,-0.18254372477531433,28.322721481323242
10.0,134599.0,0.04990554600954056,-0.18254372477531433,28.32303237915039
10.0,134603.0,0.04990554600954056,-0.18254372477531433,28.323251724243164
10.0,134607.0,0.04990554600954056,-0.18254372477531433,28.323421478271484
10.0,134611.0,0.04990554600954056,-0.18254372477531433,28.323469161987305
10.0,134616.0,0.04990554600954056,-0.18254372477531433,28.32343292236328
10.0,134622.0,0.04990554600954056,-0.18254372477531433,28.32324981689453
10.0,134628.0,0.04990554600954056,-0.18254372477531433,28.322917938232422
10.0,134632.0,0.04990554600954056,-0.1840776950120926,28.46067237854004
10.0,134638.0,0.04990554600954056,-0.1840776950120926,28.460105895996094
10.0,134644.0,0.04990554600954056,-0.1840776950120926,28.45954132080078
10.0,134648.0,0.04990554600954056,-0.1840776950120926,28.459035873413086
10.0,134653.0,0.04990554600954056,-0.1840776950120926,28.45832633972168
10.0,134657.0,0.04990554600954056,-0.1840776950120926,28.82570457458496
10.0,134669.0,0.049901437014341354,-0.18561168015003204,28.595598220825195
10.0,134674.0,0.049901437014341354,-0.18561168015003204,28.593320846557617
10.0,134679.0,0.049901437014341354,-0.18561168015003204,28.592002868652344
10.0,134684.0,0.049901437014341354,-0.1871456652879715,28.728670120239258
10.0,134690.0,0.04989733174443245,-0.1871456652879715,28.728403091430664
10.0,134694.0,0.04989733174443245,-0.1871456652879715,28.729074478149414
10.0,134698.0,0.049893222749233246,-0.1871456652879715,28.726747512817383
10.0,134704.0,0.04988911747932434,-0.18867963552474976,28.863807678222656
10.0,134708.0,0.04988500848412514,-0.18867963552474976,28.86458969116211
10.0,134712.0,0.04987679794430733,-0.18867963552474976,28.863548278808594
10.0,134716.0,0.049864474684000015,-0.18867963552474976,28.865631103515625
10.0,134721.0,0.049856264144182205,-0.18867963552474976,28.86566734313965
10.0,134725.0,0.049852155148983,-0.1902136206626892,29.00137710571289
10.0,134729.0,0.0498480498790741,-0.1902136206626892,29.00058937072754
10.0,134734.0,0.04983573034405708,-0.1902136206626892,29.00243377685547
10.0,134738.0,0.049819301813840866,-0.19174760580062866,29.371841430664062
10.0,134744.0,0.04979466274380684,-0.19174760580062866,29.143680572509766
10.0,134748.0,0.04977001994848251,-0.19174760580062866,29.14803123474121
10.0,134752.0,0.04973306134343147,-0.19174760580062866,29.150983810424805
10.0,134757.0,0.049696099013090134,-0.19328159093856812,29.293264389038086
10.0,134761.0,0.04965503141283989,-0.19328159093856812,29.297992706298828
10.0,134765.0,0.04960985481739044,-0.19328159093856812,29.30593490600586
10.0,134770.0,0.04954414814710617,-0.19328159093856812,29.315645217895508
10.0,134774.0,0.049482546746730804,-0.19328159093856812,29.32311248779297
10.0,134778.0,0.049400411546230316,-0.19481556117534637,29.46903419494629
10.0,134783.0,0.04933059588074684,-0.19481556117534637,29.481115341186523
10.0,134787.0,0.04924846068024635,-0.19481556117534637,29.4886474609375
10.0,134792.0,0.04912114888429642,-0.19481556117534637,29.509286880493164
10.0,134796.0,0.04900616034865379,-0.19481556117534637,29.527917861938477
10.0,134800.0,0.04884599521756172,-0.19481556117534637,29.544218063354492
10.0,134805.0,0.04871457815170288,-0.19481556117534637,29.560653686523438
10.0,134809.0,0.04858727008104324,-0.19481556117534637,29.574541091918945
10.0,134813.0,0.04845995828509331,-0.19634954631328583,29.732196807861328
10.0,134817.0,0.04832854121923447,-0.19634954631328583,29.746896743774414
10.0,134821.0,0.04818890988826752,-0.19634954631328583,29.764488220214844
10.0,134826.0,0.047991786152124405,-0.19634954631328583,29.789112091064453
10.0,134830.0,0.047815196216106415,-0.19634954631328583,29.81175994873047
10.0,134834.0,0.04762628301978111,-0.19634954631328583,29.835845947265625
10.0,134838.0,0.0474250502884388,-0.19634954631328583,29.86131477355957
10.0,134842.0,0.04715811088681221,-0.19634954631328583,29.887409210205078
10.0,134846.0,0.04693223908543587,-0.19634954631328583,29.91358757019043
10.0,134850.0,0.04675564542412758,-0.19481556117534637,29.804241180419922
10.0,134854.0,0.046509239822626114,-0.19481556117534637,29.834203720092773
10.0,134861.0,0.046053387224674225,-0.19481556117534637,29.887235641479492
10.0,134866.0,0.04569609835743904,-0.19481556117534637,29.921039581298828
10.0,134872.0,0.04524024575948715,-0.19481556117534637,29.974716186523438
10.0,134878.0,0.04473511129617691,-0.19328159093856812,29.89518928527832
10.0,134883.0,0.04428747296333313,-0.19328159093856812,29.946712493896484
10.0,134887.0,0.043798767030239105,-0.19174760580062866,29.866565704345703
10.0,134892.0,0.04339219629764557,-0.19174760580062866,29.924640655517578
10.0,134900.0,0.04255441576242447,-0.1902136206626892,29.876924514770508
10.0,134905.0,0.04203285276889801,-0.18867963552474976,29.783227920532227
10.0,134909.0,0.04161396250128746,-0.18867963552474976,29.82380485534668
10.0,134914.0,0.041104722768068314,-0.1871456652879715,29.733787536621094
10.0,134919.0,0.040611907839775085,-0.1871456652879715,29.782522201538086
10.0,134923.0,0.04023408517241478,-0.1871456652879715,29.81505584716797
10.0,134928.0,0.03975769877433777,-0.18561168015003204,29.712766647338867
10.0,134932.0,0.03930184990167618,-0.18561168015003204,29.73737144470215
10.0,134938.0,0.0388542078435421,-0.18561168015003204,29.77419662475586
10.0,134943.0,0.03840246424078941,-0.1840776950120926,29.66632843017578
10.0,134948.0,0.03795482590794563,-0.1840776950120926,29.692890167236328
10.0,134952.0,0.03752361238002777,-0.1840776950120926,29.711580276489258
10.0,134959.0,0.03701848164200783,-0.1840776950120926,29.744529724121094
10.0,134965.0,0.036439426243305206,-0.18254372477531433,29.398929595947266
10.0,134970.0,0.036036960780620575,-0.18254372477531433,29.64689826965332
10.0,134975.0,0.035728953778743744,-0.18254372477531433,29.656339645385742
10.0,134979.0,0.03544558584690094,-0.18254372477531433,29.66347312927246
10.0,134984.0,0.035104721784591675,-0.18254372477531433,29.667194366455078
10.0,134988.0,0.034845996648073196,-0.1840776950120926,29.807098388671875
10.0,134992.0,0.03452156111598015,-0.1840776950120926,29.812114715576172
10.0,134997.0,0.03426283225417137,-0.1840776950120926,29.81821060180664
10.0,135001.0,0.033987678587436676,-0.1840776950120926,29.82433319091797
10.0,135006.0,0.033634498715400696,-0.1840776950120926,29.835548400878906
10.0,135010.0,0.0332648865878582,-0.1840776950120926,29.84518051147461
10.0,135015.0,0.032952770590782166,-0.1840776950120926,29.858810424804688
10.0,135019.0,0.03263244405388832,-0.1840776950120926,29.87367820739746
10.0,135023.0,0.03220533952116966,-0.1840776950120926,29.896236419677734
10.0,135029.0,0.0317741259932518,-0.1840776950120926,29.917713165283203
10.0,135033.0,0.03142094612121582,-0.1840776950120926,29.94205665588379
10.0,135037.0,0.031051333993673325,-0.1840776950120926,29.96462059020996
10.0,135041.0,0.030677618458867073,-0.1840776950120926,29.987430572509766
10.0,135046.0,0.03018891252577305,-0.18254372477531433,29.87259864807129
10.0,135050.0,0.029811087995767593,-0.18254372477531433,29.896949768066406
10.0,135054.0,0.029437372460961342,-0.18254372477531433,29.9162540435791
10.0,135058.0,0.028956878930330276,-0.18254372477531433,29.937294006347656
10.0,135063.0,0.028570841997861862,-0.18254372477531433,29.96457862854004
10.0,135067.0,0.028172485530376434,-0.18254372477531433,29.992778778076172
10.0,135072.0,0.027560574933886528,-0.18100973963737488,29.649587631225586
10.0,135080.0,0.0267885010689497,-0.18100973963737488,29.938560485839844
10.0,135084.0,0.026234086602926254,-0.18100973963737488,29.967390060424805
10.0,135088.0,0.025897329673171043,-0.18100973963737488,29.99380111694336
10.0,135092.0,0.025330595672130585,-0.17947575449943542,29.885435104370117
10.0,135097.0,0.02487063594162464,-0.17947575449943542,29.91898536682129
10.0,135101.0,0.02442299760878086,-0.17947575449943542,29.946508407592773
10.0,135106.0,0.02386447601020336,-0.17794176936149597,29.831493377685547
10.0,135113.0,0.023112935945391655,-0.17794176936149597,29.86730194091797
10.0,135117.0,0.022681724280118942,-0.17794176936149597,29.89325714111328
10.0,135123.0,0.022057494148612022,-0.17794176936149597,29.919965744018555
10.0,135128.0,0.02151540108025074,-0.1764077991247177,29.807464599609375
10.0,135135.0,0.020747432485222816,-0.1764077991247177,29.84051513671875
10.0,135140.0,0.02019301801919937,-0.1764077991247177,29.870159149169922
10.0,135145.0,0.019655030220746994,-0.1764077991247177,29.89504623413086
10.0,135149.0,0.019227925688028336,-0.1764077991247177,29.90855598449707
10.0,135154.0,0.018714578822255135,-0.1764077991247177,29.922948837280273
10.0,135160.0,0.018106775358319283,-0.17487381398677826,29.804378509521484
10.0,135164.0,0.017720738425850868,-0.17487381398677826,29.814199447631836
10.0,135170.0,0.017137577757239342,-0.17487381398677826,29.82964324951172
10.0,135176.0,0.016579056158661842,-0.17487381398677826,29.84284210205078
10.0,135189.0,0.015322381630539894,-0.17487381398677826,29.872739791870117
10.0,135199.0,0.014332649298012257,-0.17487381398677826,29.903127670288086
10.0,135203.0,0.01383162196725607,-0.17487381398677826,29.91739845275879
10.0,135210.0,0.013248460367321968,-0.17487381398677826,29.937580108642578
10.0,135214.0,0.012755646370351315,-0.17487381398677826,29.94554901123047
10.0,135219.0,0.012353182770311832,-0.17487381398677826,29.960651397705078
10.0,135224.0,0.011831622570753098,-0.17487381398677826,29.982940673828125
10.0,135229.0,0.011301848106086254,-0.17487381398677826,30.002042770385742
10.0,135233.0,0.010751539841294289,-0.17487381398677826,30.025341033935547
10.0,135237.0,0.010295688174664974,-0.17487381398677826,30.048892974853516
10.0,135241.0,0.009938398376107216,-0.17487381398677826,29.706979751586914
10.0,135247.0,0.00921971257776022,-0.1733398288488388,29.97333526611328
10.0,135253.0,0.008472279645502567,-0.1733398288488388,30.00716209411621
10.0,135257.0,0.007983572781085968,-0.1733398288488388,30.038043975830078
10.0,135261.0,0.007486653048545122,-0.17180585861206055,29.92547035217285
10.0,135266.0,0.0068747433833777905,-0.17180585861206055,29.94906234741211
10.0,135273.0,0.006008213385939598,-0.17180585861206055,29.992605209350586
10.0,135278.0,0.0053921970538794994,-0.1702718734741211,29.8898868560791
10.0,135283.0,0.004755646921694279,-0.1702718734741211,29.915332794189453
10.0,135287.0,0.004135523457080126,-0.1702718734741211,29.94241714477539
10.0,135291.0,0.003753593424335122,-0.16873788833618164,29.83014678955078
10.0,135296.0,0.003133470192551613,-0.16873788833618164,29.84893035888672
10.0,135300.0,0.0026529773604124784,-0.16873788833618164,29.874237060546875
10.0,135304.0,0.0021806980948895216,-0.1672039031982422,29.749391555786133
10.0,135310.0,0.0015071869129315019,-0.1672039031982422,29.763893127441406
10.0,135315.0,0.0009650923893786967,-0.1672039031982422,29.775527954101562
10.0,135319.0,0.0005503080319613218,-0.1672039031982422,29.78140640258789
10.0,135324.0,2.874743404390756e-05,-0.1672039031982422,29.791059494018555
10.0,135328.0,-0.00046817248221486807,-0.1672039031982422,29.79672622680664
10.0,135333.0,-0.000977412681095302,-0.1672039031982422,29.804931640625
10.0,135339.0,-0.001466119079850614,-0.1672039031982422,29.808629989624023
10.0,135343.0,-0.0018644763622432947,-0.1672039031982422,29.815412521362305
10.0,135348.0,-0.002349075861275196,-0.1672039031982422,29.817848205566406
10.0,135352.0,-0.0027433265931904316,-0.1672039031982422,29.82587432861328
10.0,135356.0,-0.003129363525658846,-0.1672039031982422,29.828155517578125
10.0,135360.0,-0.003597535891458392,-0.1672039031982422,29.82931137084961
10.0,135365.0,-0.003963038790971041,-0.1672039031982422,29.83078956604004
10.0,135369.0,-0.0044147842563688755,-0.1672039031982422,29.831823348999023
10.0,135374.0,-0.00476796692237258,-0.1672039031982422,29.83054542541504
10.0,135378.0,-0.005121150054037571,-0.1672039031982422,29.83267593383789
10.0,135383.0,-0.005572895053774118,-0.1672039031982422,29.834930419921875
10.0,135387.0,-0.005942505318671465,-0.16873788833618164,29.6095027923584
10.0,135391.0,-0.006320328451693058,-0.1672039031982422,29.84710121154785
10.0,135397.0,-0.006924024783074856,-0.1672039031982422,29.866539001464844
10.0,135402.0,-0.007437371648848057,-0.1672039031982422,29.879150390625
10.0,135406.0,-0.007843942381441593,-0.1672039031982422,29.892070770263672
10.0,135412.0,-0.008459959179162979,-0.1672039031982422,29.909603118896484
10.0,135417.0,-0.008965092711150646,-0.1672039031982422,29.922809600830078
10.0,135422.0,-0.009462011978030205,-0.1672039031982422,29.932693481445312
10.0,135426.0,-0.009856263175606728,-0.1672039031982422,29.943668365478516
10.0,135431.0,-0.010365502908825874,-0.1672039031982422,29.957881927490234
10.0,135436.0,-0.010878849774599075,-0.1672039031982422,29.96983528137207
10.0,135440.0,-0.0112977409735322,-0.1672039031982422,29.984464645385742
10.0,135445.0,-0.011843942105770111,-0.16566993296146393,29.644454956054688
10.0,135450.0,-0.012406570836901665,-0.16566993296146393,29.661270141601562
10.0,135454.0,-0.012882957234978676,-0.16566993296146393,29.9223575592041
10.0,135460.0,-0.013597535900771618,-0.16566993296146393,29.95029067993164
10.0,135465.0,-0.014197125099599361,-0.16413594782352448,29.610258102416992
10.0,135469.0,-0.014665298163890839,-0.16413594782352448,29.860475540161133
10.0,135473.0,-0.015117042697966099,-0.16413594782352448,29.87690544128418
10.0,135478.0,-0.01565503142774105,-0.16413594782352448,29.890193939208984
10.0,135482.0,-0.016086243093013763,-0.16413594782352448,29.906587600708008
10.0,135486.0,-0.016513347625732422,-0.16260196268558502,29.781068801879883
10.0,135490.0,-0.01694045215845108,-0.16260196268558502,29.790468215942383
10.0,135495.0,-0.01746201142668724,-0.16260196268558502,29.807146072387695
10.0,135500.0,-0.017979465425014496,-0.16260196268558502,29.815650939941406
10.0,135504.0,-0.01840246468782425,-0.16260196268558502,29.832067489624023
10.0,135509.0,-0.01891581155359745,-0.16260196268558502,29.838729858398438
10.0,135514.0,-0.01943737082183361,-0.16106799244880676,29.485721588134766
10.0,135518.0,-0.019839836284518242,-0.16260196268558502,30.091325759887695
10.0,135522.0,-0.02022998034954071,-0.16106799244880676,29.72968292236328
10.0,135527.0,-0.020689938217401505,-0.16106799244880676,29.729557037353516
10.0,135531.0,-0.021034907549619675,-0.16106799244880676,29.72903060913086
10.0,135536.0,-0.021462012082338333,-0.16106799244880676,29.726964950561523
10.0,135540.0,-0.021782340481877327,-0.16106799244880676,29.723031997680664
10.0,135544.0,-0.02211088314652443,-0.16106799244880676,29.720643997192383
10.0,135548.0,-0.022509239614009857,-0.16260196268558502,29.85392189025879
10.0,135553.0,-0.022833675146102905,-0.16260196268558502,29.85358428955078
10.0,135565.0,-0.023868583142757416,-0.16260196268558502,29.86597442626953
10.0,135570.0,-0.024410678073763847,-0.16260196268558502,29.873794555664062
10.0,135576.0,-0.02487063594162464,-0.16260196268558502,29.886962890625
10.0,135581.0,-0.025425050407648087,-0.16260196268558502,29.895479202270508
10.0,135587.0,-0.025963038206100464,-0.16106799244880676,29.76702308654785
10.0,135593.0,-0.026402464136481285,-0.16106799244880676,29.771259307861328
10.0,135597.0,-0.0267433263361454,-0.16106799244880676,29.77630615234375
10.0,135601.0,-0.027075976133346558,-0.16106799244880676,29.777685165405273
10.0,135605.0,-0.02740451693534851,-0.16106799244880676,29.78052520751953
10.0,135610.0,-0.0278151948004961,-0.16106799244880676,29.783130645751953
10.0,135614.0,-0.02813963033258915,-0.16106799244880676,29.786102294921875
10.0,135618.0,-0.028562627732753754,-0.16106799244880676,29.79277801513672
10.0,135622.0,-0.02890348993241787,-0.16106799244880676,29.79840850830078
10.0,135627.0,-0.02924024686217308,-0.16106799244880676,29.80228042602539
10.0,135630.0,-0.029503080993890762,-0.16106799244880676,29.81096839904785
10.0,135636.0,-0.030024640262126923,-0.16106799244880676,29.824033737182617
10.0,135642.0,-0.030558520928025246,-0.16106799244880676,29.833757400512695
10.0,135646.0,-0.030903490260243416,-0.16106799244880676,29.842723846435547
10.0,135651.0,-0.031330596655607224,-0.16106799244880676,29.85121726989746
10.0,135658.0,-0.03191375732421875,-0.1595340073108673,29.71971893310547
10.0,135662.0,-0.03231211379170418,-0.1595340073108673,29.722599029541016
10.0,135667.0,-0.03262012451887131,-0.1595340073108673,29.723112106323242
10.0,135670.0,-0.032915811985731125,-0.1595340073108673,29.723045349121094
10.0,135675.0,-0.03320739045739174,-0.1595340073108673,29.492687225341797
10.0,135679.0,-0.03349897265434265,-0.1595340073108673,29.722618103027344
10.0,135683.0,-0.03378644585609436,-0.16106799244880676,29.858680725097656
10.0,135687.0,-0.03407392278313637,-0.16106799244880676,29.85908317565918
10.0,135692.0,-0.03445585072040558,-0.1595340073108673,29.729169845581055
10.0,135696.0,-0.03477207571268082,-0.16106799244880676,29.504798889160156
10.0,135700.0,-0.03510061651468277,-0.1595340073108673,29.744884490966797
10.0,135704.0,-0.035507187247276306,-0.1595340073108673,29.752281188964844
10.0,135709.0,-0.03582751378417015,-0.1595340073108673,29.759071350097656
10.0,135713.0,-0.03621765971183777,-0.1595340073108673,29.764739990234375
10.0,135718.0,-0.03653388097882271,-0.1595340073108673,29.77263069152832
10.0,135723.0,-0.03691581264138222,-0.1595340073108673,29.777118682861328
10.0,135728.0,-0.037285421043634415,-0.1595340073108673,29.778913497924805
10.0,135733.0,-0.0376427099108696,-0.1595340073108673,29.78114891052246
10.0,135737.0,-0.0379260778427124,-0.1595340073108673,29.7829532623291
10.0,135741.0,-0.038217660039663315,-0.1595340073108673,29.787729263305664
10.0,135746.0,-0.038570843636989594,-0.1595340073108673,29.788021087646484
10.0,135750.0,-0.0388583168387413,-0.1595340073108673,29.793899536132812
10.0,135754.0,-0.03914579004049301,-0.1595340073108673,29.797542572021484
10.0,135758.0,-0.039437372237443924,-0.15800002217292786,29.66407012939453
10.0,135763.0,-0.039802875369787216,-0.15800002217292786,29.67024040222168
10.0,135767.0,-0.04008624330163002,-0.15800002217292786,29.67528533935547
10.0,135771.0,-0.04037371650338173,-0.15800002217292786,29.679851531982422
10.0,135776.0,-0.04080082103610039,-0.15800002217292786,29.683513641357422
10.0,135782.0,-0.041227925568819046,-0.15800002217292786,29.69038200378418
10.0,135787.0,-0.04151129350066185,-0.15800002217292786,29.694971084594727
10.0,135792.0,-0.04185626283288002,-0.15800002217292786,29.7004337310791
10.0,135797.0,-0.04219301789999008,-0.15800002217292786,29.701866149902344
10.0,135802.0,-0.042505133897066116,-0.15800002217292786,29.699462890625
10.0,135806.0,-0.04280903562903404,-0.15800002217292786,29.696992874145508
10.0,135811.0,-0.04303901270031929,-0.15800002217292786,29.69135856628418
10.0,135816.0,-0.04330184683203697,-0.15800002217292786,29.684120178222656
10.0,135822.0,-0.04361396282911301,-0.15800002217292786,29.67596435546875
10.0,135826.0,-0.04382340982556343,-0.15800002217292786,29.67137908935547
10.0,135830.0,-0.04402874782681465,-0.15800002217292786,29.66656494140625
10.0,135834.0,-0.04422998055815697,-0.15800002217292786,29.661518096923828
10.0,135838.0,-0.044488705694675446,-0.15800002217292786,29.657663345336914
10.0,135843.0,-0.044694043695926666,-0.15800002217292786,29.652999877929688
10.0,135847.0,-0.04489527642726898,-0.15800002217292786,29.64929962158203
