State,Step,X,Theta,U
10.0,55945.0,0.22126078605651855,-0.22856314480304718,28.107494354248047
10.0,55951.0,0.22170841693878174,-0.22856314480304718,28.106170654296875
10.0,55954.0,0.221963033080101,-0.22856314480304718,28.10719871520996
10.0,55959.0,0.22235319018363953,-0.23009712994098663,28.291135787963867
10.0,55963.0,0.22264887392520905,-0.22856314480304718,28.118148803710938
10.0,55967.0,0.2229815125465393,-0.22856314480304718,27.87747573852539
10.0,55973.0,0.22328542172908783,-0.22856314480304718,28.138362884521484
10.0,55977.0,0.2235441505908966,-0.22856314480304718,28.155059814453125
10.0,55983.0,0.22377002239227295,-0.22856314480304718,28.176708221435547
10.0,55987.0,0.22397947311401367,-0.22856314480304718,28.192014694213867
10.0,55991.0,0.22413551807403564,-0.22856314480304718,28.20711326599121
10.0,55995.0,0.22425051033496857,-0.22856314480304718,28.22060203552246
10.0,55999.0,0.2243901491165161,-0.22702915966510773,28.06151008605957
10.0,56004.0,0.22454619407653809,-0.22702915966510773,28.07604217529297
10.0,56009.0,0.22469815611839294,-0.22702915966510773,28.09067726135254
10.0,56013.0,0.22481314837932587,-0.22702915966510773,28.10376739501953
10.0,56017.0,0.2249322384595871,-0.22702915966510773,28.116384506225586
10.0,56021.0,0.22505955398082733,-0.22702915966510773,28.125043869018555
10.0,56025.0,0.22518685460090637,-0.22549518942832947,27.705211639404297
10.0,56029.0,0.2253141701221466,-0.22702915966510773,28.139127731323242
10.0,56033.0,0.22544558346271515,-0.22549518942832947,27.96466827392578
10.0,56038.0,0.22561396658420563,-0.22702915966510773,28.148334503173828
10.0,56068.0,0.2267063707113266,-0.22856314480304718,28.313831329345703
10.0,56072.0,0.22684599459171295,-0.22856314480304718,28.310543060302734
10.0,56078.0,0.22703900933265686,-0.23009712994098663,28.735393524169922
10.0,56090.0,0.22731006145477295,-0.23009712994098663,28.49275016784668
10.0,56093.0,0.22733880579471588,-0.23009712994098663,28.502605438232422
10.0,56098.0,0.2273470163345337,-0.23009712994098663,28.51353645324707
10.0,56101.0,0.2273470163345337,-0.2316311001777649,28.701725006103516
10.0,56105.0,0.2273470163345337,-0.2316311001777649,28.7109317779541
10.0,56109.0,0.22733880579471588,-0.2316311001777649,28.72171974182129
10.0,56113.0,0.22733059525489807,-0.2316311001777649,28.726987838745117
10.0,56117.0,0.22733059525489807,-0.2316311001777649,28.73505210876465
10.0,56121.0,0.22732648253440857,-0.2316311001777649,28.739822387695312
10.0,56124.0,0.22732648253440857,-0.2316311001777649,28.744667053222656
10.0,56128.0,0.22732648253440857,-0.23316508531570435,29.176111221313477
10.0,56133.0,0.22732648253440857,-0.23316508531570435,28.930673599243164
10.0,56137.0,0.22732648253440857,-0.23316508531570435,28.934450149536133
10.0,56141.0,0.22731827199459076,-0.23316508531570435,28.935495376586914
10.0,56145.0,0.22730594873428345,-0.2346990704536438,29.116487503051758
10.0,56149.0,0.22729773819446564,-0.2346990704536438,29.119306564331055
10.0,56153.0,0.22728131711483002,-0.2346990704536438,29.12078285217285
10.0,56156.0,0.22725257277488708,-0.23623304069042206,29.302705764770508
10.0,56161.0,0.22722792625427246,-0.23623304069042206,29.304550170898438
10.0,56164.0,0.22719918191432953,-0.2377670258283615,29.73372459411621
10.0,56169.0,0.22715811431407928,-0.2377670258283615,29.48798370361328
10.0,56174.0,0.22710061073303223,-0.2377670258283615,29.49356460571289
10.0,56178.0,0.22703900933265686,-0.23930101096630096,29.674163818359375
10.0,56181.0,0.22697331011295319,-0.23930101096630096,29.678590774536133
10.0,56186.0,0.22687885165214539,-0.24083499610424042,30.115087509155273
10.0,56189.0,0.22677618265151978,-0.24083499610424042,29.874282836914062
10.0,56193.0,0.22668172419071198,-0.24083499610424042,29.886981964111328
10.0,56198.0,0.22648049890995026,-0.24083499610424042,29.90338897705078
10.0,56201.0,0.2263408601284027,-0.24236896634101868,30.099384307861328
10.0,56205.0,0.22612731158733368,-0.24236896634101868,30.116405487060547
10.0,56209.0,0.22588911652565002,-0.24236896634101868,30.139392852783203
10.0,56212.0,0.2256919890642166,-0.24236896634101868,30.166040420532227
10.0,56216.0,0.22538398206233978,-0.24236896634101868,30.201133728027344
10.0,56220.0,0.2250266969203949,-0.24236896634101868,30.238821029663086
10.0,56224.0,0.22463655471801758,-0.24236896634101868,30.269481658935547
10.0,56229.0,0.2240862399339676,-0.24236896634101868,30.3388729095459
10.0,56233.0,0.22359342873096466,-0.24083499610424042,30.199533462524414
10.0,56236.0,0.2230595499277115,-0.24083499610424042,30.25374412536621
10.0,56242.0,0.2223326414823532,-0.23930101096630096,30.149410247802734
10.0,56245.0,0.22187268733978271,-0.23930101096630096,30.210371017456055
10.0,56249.0,0.22124846279621124,-0.2377670258283615,30.07710838317871
10.0,56253.0,0.22059959173202515,-0.2377670258283615,30.13800621032715
10.0,56256.0,0.21994660794734955,-0.23623304069042206,30.018468856811523
10.0,56262.0,0.21911704540252686,-0.2346990704536438,29.927602767944336
10.0,56266.0,0.21844764053821564,-0.2346990704536438,29.969274520874023
10.0,56270.0,0.21779055893421173,-0.23316508531570435,29.843595504760742
10.0,56273.0,0.217117041349411,-0.23316508531570435,29.896305084228516
10.0,56279.0,0.21629568934440613,-0.2316311001777649,29.777902603149414
10.0,56283.0,0.21563860774040222,-0.2316311001777649,29.823476791381836
10.0,56288.0,0.2146858274936676,-0.23009712994098663,29.706653594970703
10.0,56301.0,0.21293634176254272,-0.23009712994098663,29.80438232421875
10.0,56305.0,0.21237371861934662,-0.22856314480304718,30.078205108642578
10.0,56309.0,0.21181519329547882,-0.22856314480304718,29.42428207397461
10.0,56313.0,0.21126078069210052,-0.23009712994098663,29.877416610717773
10.0,56317.0,0.21070225536823273,-0.22856314480304718,29.469812393188477
10.0,56321.0,0.21015605330467224,-0.23009712994098663,29.91876792907715
10.0,56326.0,0.20949076116085052,-0.23009712994098663,29.93363380432129
10.0,56330.0,0.20897330343723297,-0.23009712994098663,29.948434829711914
10.0,56333.0,0.20845584571361542,-0.23009712994098663,29.961862564086914
10.0,56338.0,0.20794250071048737,-0.2316311001777649,30.152999877929688
10.0,56342.0,0.2074127346277237,-0.2316311001777649,30.175209045410156
10.0,56346.0,0.2068542093038559,-0.2316311001777649,30.189010620117188
10.0,56349.0,0.20627105236053467,-0.2316311001777649,30.212013244628906
10.0,56353.0,0.205646812915802,-0.2316311001777649,30.241737365722656
10.0,56358.0,0.2050061672925949,-0.23316508531570435,30.027496337890625
10.0,56362.0,0.2043326497077942,-0.23316508531570435,30.730106353759766
10.0,56366.0,0.20360985398292542,-0.23316508531570435,30.102949142456055
10.0,56370.0,0.2028583139181137,-0.2316311001777649,30.396560668945312
10.0,56374.0,0.20206160843372345,-0.2316311001777649,30.431537628173828
10.0,56379.0,0.20101436972618103,-0.2316311001777649,30.510000228881836
10.0,56384.0,0.19990554451942444,-0.23009712994098663,30.402454376220703
10.0,56388.0,0.1987597495317459,-0.23009712994098663,30.460098266601562
10.0,56392.0,0.19806160032749176,-0.22856314480304718,30.325605392456055
10.0,56396.0,0.19711293280124664,-0.22856314480304718,30.39867401123047
10.0,56402.0,0.19542504847049713,-0.22702915966510773,30.309158325195312
10.0,56407.0,0.19417248666286469,-0.22549518942832947,30.207660675048828
10.0,56421.0,0.19090348482131958,-0.22396120429039001,30.214948654174805
10.0,56425.0,0.1899137645959854,-0.22242721915245056,30.102638244628906
10.0,56434.0,0.18745379149913788,-0.2208932340145111,30.031959533691406
10.0,56439.0,0.18649281561374664,-0.2208932340145111,30.073427200317383
10.0,56449.0,0.18413962423801422,-0.21935926377773285,29.991104125976562
10.0,56453.0,0.1831991821527481,-0.21935926377773285,30.02802276611328
10.0,56458.0,0.18203285336494446,-0.21935926377773285,30.07757568359375
10.0,56463.0,0.18089938163757324,-0.21935926377773285,30.11672019958496
10.0,56467.0,0.17999178171157837,-0.21935926377773285,30.14348030090332
10.0,56471.0,0.1790965050458908,-0.21935926377773285,30.17080307006836
10.0,56475.0,0.17819713056087494,-0.21935926377773285,30.199617385864258
10.0,56481.0,0.17683367431163788,-0.21935926377773285,30.243188858032227
10.0,56485.0,0.1759178638458252,-0.21935926377773285,30.27157974243164
10.0,56489.0,0.17476797103881836,-0.21935926377773285,30.30002784729004
10.0,56494.0,0.1736057549715042,-0.2208932340145111,30.515424728393555
10.0,56499.0,0.17264476418495178,-0.2208932340145111,30.550140380859375
10.0,56503.0,0.17141273617744446,-0.21935926377773285,30.418540954589844
10.0,56508.0,0.17039835453033447,-0.21935926377773285,30.208934783935547
10.0,56512.0,0.16913346946239471,-0.21935926377773285,30.505535125732422
10.0,56517.0,0.1681026667356491,-0.21935926377773285,30.557218551635742
10.0,56521.0,0.16704311966896057,-0.21935926377773285,30.590341567993164
10.0,56525.0,0.1659630388021469,-0.21935926377773285,30.63592529296875
10.0,56529.0,0.16485010087490082,-0.21935926377773285,30.686843872070312
10.0,56533.0,0.1637084186077118,-0.21935926377773285,30.739057540893555
10.0,56537.0,0.16255031526088715,-0.2178252786397934,30.629148483276367
10.0,56541.0,0.16134701669216156,-0.2178252786397934,30.689393997192383
10.0,56545.0,0.16011910140514374,-0.21629129350185394,30.572372436523438
10.0,56549.0,0.1588788479566574,-0.21629129350185394,30.63371467590332
10.0,56553.0,0.15761807560920715,-0.21475732326507568,30.520023345947266
10.0,56557.0,0.15634086728096008,-0.21475732326507568,30.58095359802246
10.0,56561.0,0.15473100543022156,-0.21322333812713623,30.468786239624023
10.0,56565.0,0.15342916548252106,-0.21322333812713623,30.53098487854004
10.0,56569.0,0.15213552117347717,-0.21168935298919678,30.414386749267578
10.0,56574.0,0.15082545578479767,-0.21015536785125732,30.313291549682617
10.0,56578.0,0.1491909623146057,-0.21015536785125732,30.372663497924805
10.0,56582.0,0.14820945262908936,-0.20862139761447906,30.253440856933594
10.0,56586.0,0.14690759778022766,-0.20862139761447906,30.294586181640625
10.0,56591.0,0.14531005918979645,-0.20862139761447906,30.358949661254883
10.0,56595.0,0.14402464032173157,-0.2070874124765396,30.23394775390625
10.0,56599.0,0.1427474319934845,-0.2070874124765396,30.282320022583008
10.0,56603.0,0.14148254692554474,-0.2070874124765396,30.329792022705078
10.0,56606.0,0.1402217596769333,-0.20555342733860016,29.948532104492188
10.0,56611.0,0.13896919786930084,-0.20555342733860016,30.24139404296875
10.0,56614.0,0.13770842552185059,-0.20555342733860016,30.287010192871094
10.0,56618.0,0.13644352555274963,-0.20555342733860016,30.33171844482422
10.0,56623.0,0.1352114975452423,-0.2040194571018219,30.202743530273438
10.0,56627.0,0.13395893573760986,-0.2040194571018219,30.235078811645508
10.0,56631.0,0.13272279500961304,-0.2040194571018219,30.271587371826172
10.0,56635.0,0.1311991810798645,-0.2040194571018219,30.32845115661621
10.0,56641.0,0.12966324388980865,-0.2040194571018219,30.363096237182617
10.0,56645.0,0.12846407294273376,-0.2040194571018219,30.39480209350586
10.0,56649.0,0.12722793221473694,-0.2040194571018219,30.433975219726562
10.0,56652.0,0.1256919950246811,-0.2040194571018219,30.479019165039062
10.0,56658.0,0.12445174902677536,-0.2040194571018219,30.52815055847168
10.0,56671.0,0.12031211704015732,-0.2040194571018219,30.66448402404785
10.0,56675.0,0.11900615692138672,-0.2040194571018219,30.699077606201172
10.0,56679.0,0.11766735464334488,-0.20248547196388245,30.572345733642578
10.0,56683.0,0.11630389839410782,-0.20248547196388245,30.623855590820312
10.0,56686.0,0.11527310311794281,-0.20248547196388245,30.678600311279297
10.0,56690.0,0.11387679725885391,-0.20248547196388245,30.73459815979004
10.0,56694.0,0.11211088299751282,-0.200951486825943,30.6126708984375
10.0,56698.0,0.11104311794042587,-0.200951486825943,30.67042350769043
10.0,56702.0,0.10959753394126892,-0.19941750168800354,30.554214477539062
10.0,56706.0,0.10813962668180466,-0.19941750168800354,30.598922729492188
10.0,56710.0,0.10668172687292099,-0.19788353145122528,30.479951858520508
10.0,56713.0,0.1055687889456749,-0.19788353145122528,30.54233741760254
10.0,56717.0,0.10371663421392441,-0.19634954631328583,30.175519943237305
10.0,56721.0,0.10222586989402771,-0.19634954631328583,30.486591339111328
10.0,56725.0,0.10110882669687271,-0.19634954631328583,30.54505729675293
10.0,56729.0,0.09962628036737442,-0.19481556117534637,30.424962997436523
10.0,56733.0,0.09813552349805832,-0.19481556117534637,30.4699649810791
10.0,56736.0,0.09664887189865112,-0.19328159093856812,30.348173141479492
10.0,56741.0,0.09517453610897064,-0.19328159093856812,30.402719497680664
10.0,56745.0,0.09370020776987076,-0.19174760580062866,30.277767181396484
10.0,56749.0,0.09223819524049759,-0.19174760580062866,30.329256057739258
10.0,56753.0,0.09080082178115845,-0.19174760580062866,30.375083923339844
10.0,56758.0,0.08866529911756516,-0.19174760580062866,30.44267463684082
10.0,56765.0,0.08654209226369858,-0.1902136206626892,30.329849243164062
10.0,56769.0,0.08514168113470078,-0.1902136206626892,30.3691349029541
10.0,56773.0,0.0837659165263176,-0.1902136206626892,30.41507339477539
10.0,56777.0,0.08204106986522675,-0.1902136206626892,30.45286750793457
10.0,56782.0,0.08066529780626297,-0.1902136206626892,30.49000358581543
10.0,56785.0,0.07963449507951736,-0.1902136206626892,30.527070999145508
10.0,56789.0,0.07825461775064468,-0.1902136206626892,30.563236236572266
10.0,56793.0,0.0768706351518631,-0.1902136206626892,30.604177474975586
10.0,56797.0,0.07511293888092041,-0.1902136206626892,30.646446228027344
10.0,56801.0,0.07405339181423187,-0.1902136206626892,30.689693450927734
10.0,56805.0,0.07262012362480164,-0.1902136206626892,30.72407341003418
10.0,56809.0,0.07116221636533737,-0.1902136206626892,30.77265167236328
10.0,56812.0,0.06967967003583908,-0.18867963552474976,30.647193908691406
10.0,56816.0,0.06855441629886627,-0.18867963552474976,30.7012882232666
10.0,56821.0,0.06665708124637604,-0.18867963552474976,30.772520065307617
10.0,56825.0,0.06510882824659348,-0.1871456652879715,30.6542911529541
10.0,56829.0,0.0635441467165947,-0.1871456652879715,30.7142276763916
10.0,56833.0,0.06198357418179512,-0.18561168015003204,30.581174850463867
10.0,56838.0,0.05960575118660927,-0.18561168015003204,30.673337936401367
10.0,56842.0,0.058418892323970795,-0.1840776950120926,30.556766510009766
10.0,56848.0,0.05601642653346062,-0.1840776950120926,30.634647369384766
10.0,56851.0,0.0544188916683197,-0.18254372477531433,30.518203735351562
10.0,56855.0,0.05321149900555611,-0.18254372477531433,30.579957962036133
10.0,56859.0,0.051215603947639465,-0.18100973963737488,30.459911346435547
10.0,56863.0,0.049613963812589645,-0.18100973963737488,30.520090103149414
10.0,56868.0,0.04800821468234062,-0.17947575449943542,30.40059471130371
10.0,56871.0,0.04641067609190941,-0.17947575449943542,30.45817756652832
10.0,56884.0,0.04170020669698715,-0.17794176936149597,30.448339462280273
10.0,56888.0,0.039774127304553986,-0.1764077991247177,30.31744384765625
10.0,56893.0,0.03825872763991356,-0.1764077991247177,30.37179946899414
10.0,56897.0,0.03674332797527313,-0.1764077991247177,30.415998458862305
10.0,56901.0,0.03524845838546753,-0.17487381398677826,30.018136978149414
10.0,56904.0,0.03376591205596924,-0.17487381398677826,30.30716323852539
10.0,56909.0,0.03227926045656204,-0.17487381398677826,30.346576690673828
10.0,56913.0,0.03080492839217186,-0.17487381398677826,30.384342193603516
10.0,56917.0,0.02934291586279869,-0.17487381398677826,30.421363830566406
10.0,56921.0,0.027893224731087685,-0.17487381398677826,30.455991744995117
10.0,56925.0,0.026447638869285583,-0.17487381398677826,30.49111557006836
10.0,56929.0,0.024997945874929428,-0.17487381398677826,30.527057647705078
10.0,56932.0,0.023552361875772476,-0.17487381398677826,30.56264305114746
10.0,56936.0,0.022468172013759613,-0.17487381398677826,30.599876403808594
10.0,56941.0,0.020652977749705315,-0.17487381398677826,30.635639190673828
10.0,56945.0,0.019190965220332146,-0.17487381398677826,30.686071395874023
10.0,56949.0,0.017716633155941963,-0.17487381398677826,30.71623420715332
10.0,56953.0,0.016225872561335564,-0.1733398288488388,30.33244514465332
10.0,56958.0,0.014332649298012257,-0.1733398288488388,30.653194427490234
10.0,56962.0,0.012796714901924133,-0.1733398288488388,30.690242767333984
10.0,56965.0,0.011646817438304424,-0.1733398288488388,30.739938735961914
10.0,56969.0,0.010098562575876713,-0.1733398288488388,30.791784286499023
10.0,56973.0,0.00852977391332388,-0.17180585861206055,30.405353546142578
10.0,56977.0,0.006940451916307211,-0.17180585861206055,30.711368560791016
10.0,56980.0,0.005342915654182434,-0.17180585861206055,30.76874542236328
10.0,56984.0,0.004135523457080126,-0.1702718734741211,30.65009880065918
10.0,56989.0,0.0020985626615583897,-0.1702718734741211,30.710437774658203
10.0,56992.0,0.0004640656989067793,-0.16873788833618164,30.593767166137695
10.0,56996.0,-0.0007679671398364007,-0.16873788833618164,30.63966178894043
10.0,57001.0,-0.002833675593137741,-0.1672039031982422,30.540151596069336
10.0,57004.0,-0.004476386122405529,-0.16566993296146393,30.17207145690918
10.0,57009.0,-0.006114989519119263,-0.16566993296146393,30.480649948120117
10.0,57013.0,-0.007749486714601517,-0.16413594782352448,30.11058807373047
10.0,57018.0,-0.010184804908931255,-0.16413594782352448,30.443506240844727
10.0,57024.0,-0.012193018570542336,-0.16260196268558502,30.345794677734375
10.0,57030.0,-0.01458726916462183,-0.16106799244880676,30.242582321166992
10.0,57034.0,-0.016151951625943184,-0.16106799244880676,30.276704788208008
10.0,57038.0,-0.017691992223262787,-0.16106799244880676,30.318815231323242
10.0,57043.0,-0.019597535952925682,-0.16106799244880676,29.951351165771484
10.0,57047.0,-0.02109650894999504,-0.1595340073108673,30.665250778198242
10.0,57052.0,-0.02294045127928257,-0.1595340073108673,30.280853271484375
10.0,57056.0,-0.024398356676101685,-0.1595340073108673,30.305856704711914
10.0,57061.0,-0.026550307869911194,-0.1595340073108673,30.35039520263672
10.0,57065.0,-0.027613963931798935,-0.1595340073108673,30.37855339050293
10.0,57069.0,-0.029022587463259697,-0.1595340073108673,30.408411026000977
10.0,57073.0,-0.030435318127274513,-0.1595340073108673,30.429155349731445
10.0,57079.0,-0.0328911691904068,-0.1595340073108673,30.479015350341797
10.0,57083.0,-0.03394661098718643,-0.16106799244880676,30.68834114074707
10.0,57087.0,-0.03535934165120125,-0.1595340073108673,30.54201316833496
10.0,57095.0,-0.038209445774555206,-0.1595340073108673,30.603700637817383
10.0,57099.0,-0.03965502977371216,-0.1595340073108673,30.65060043334961
10.0,57103.0,-0.04111704230308533,-0.1595340073108673,30.69361686706543
10.0,57107.0,-0.04259137436747551,-0.1595340073108673,30.737150192260742
10.0,57113.0,-0.044841889292001724,-0.1595340073108673,30.79560661315918
10.0,57116.0,-0.04636550322175026,-0.15800002217292786,30.6685848236084
10.0,57120.0,-0.0475195087492466,-0.15800002217292786,30.718687057495117
10.0,57124.0,-0.049063656479120255,-0.15800002217292786,30.344722747802734
10.0,57129.0,-0.05101437494158745,-0.1564660519361496,30.649742126464844
10.0,57132.0,-0.05219712480902672,-0.1564660519361496,30.70830726623535
10.0,57136.0,-0.05379465967416763,-0.15493206679821014,30.589263916015625
10.0,57141.0,-0.055782340466976166,-0.1533980816602707,30.48322868347168
10.0,57146.0,-0.05777823552489281,-0.1533980816602707,30.542396545410156
10.0,57149.0,-0.05937987565994263,-0.15186409652233124,30.42219352722168
10.0,57153.0,-0.06057494878768921,-0.15186409652233124,30.49423599243164
10.0,57159.0,-0.06297330558300018,-0.15033012628555298,30.373735427856445
10.0,57165.0,-0.06533059477806091,-0.14879614114761353,30.274463653564453
10.0,57169.0,-0.06688706576824188,-0.14879614114761353,30.324996948242188
10.0,57174.0,-0.06880492717027664,-0.14726215600967407,30.206512451171875
10.0,57182.0,-0.07179055362939835,-0.1457281857728958,30.110483169555664
10.0,57186.0,-0.07323203235864639,-0.1457281857728958,30.144702911376953
10.0,57191.0,-0.07499794661998749,-0.1457281857728958,30.189769744873047
10.0,57199.0,-0.07774948328733444,-0.1457281857728958,30.23837661743164
10.0,57202.0,-0.07909240573644638,-0.1457281857728958,30.26227569580078
10.0,57208.0,-0.08076796680688858,-0.14419420063495636,30.547212600708008
10.0,57215.0,-0.08304722607135773,-0.1457281857728958,30.327653884887695
10.0,57219.0,-0.0843244343996048,-0.1457281857728958,30.346601486206055
10.0,57222.0,-0.08527720719575882,-0.1457281857728958,30.3659610748291
10.0,57229.0,-0.08751539885997772,-0.1457281857728958,30.402130126953125
10.0,57233.0,-0.08878850191831589,-0.1457281857728958,30.425424575805664
10.0,57237.0,-0.09006160497665405,-0.1457281857728958,30.44816017150879
10.0,57243.0,-0.09200000017881393,-0.1457281857728958,30.482324600219727
10.0,57246.0,-0.09297330677509308,-0.1457281857728958,30.51165008544922
10.0,57250.0,-0.09428336471319199,-0.1457281857728958,30.541948318481445
10.0,57254.0,-0.0956016406416893,-0.1457281857728958,30.56606101989746
10.0,57260.0,-0.09761396050453186,-0.1457281857728958,30.63213539123535
10.0,57264.0,-0.09931416809558868,-0.14419420063495636,30.493061065673828
10.0,57269.0,-0.10069815069437027,-0.14419420063495636,30.537418365478516
10.0,57273.0,-0.10209035128355026,-0.14419420063495636,30.580602645874023
10.0,57278.0,-0.10386037081480026,-0.1426602154970169,30.47694206237793
10.0,57282.0,-0.105289526283741,-0.1426602154970169,30.52639389038086
10.0,57286.0,-0.10672279447317123,-0.14112623035907745,30.39988136291504
10.0,57290.0,-0.10817248374223709,-0.14112623035907745,30.452192306518555
10.0,57294.0,-0.10962217301130295,-0.1395922601222992,30.31439208984375
10.0,57298.0,-0.111063651740551,-0.1395922601222992,30.36458969116211
10.0,57301.0,-0.11249281466007233,-0.13805827498435974,30.235084533691406
10.0,57305.0,-0.11356057226657867,-0.1365242898464203,29.855016708374023
10.0,57309.0,-0.11496920138597488,-0.1365242898464203,30.152387619018555
10.0,57313.0,-0.11636549979448318,-0.1365242898464203,30.182397842407227
10.0,57316.0,-0.11772484332323074,-0.13499031960964203,30.043506622314453
10.0,57321.0,-0.11906365305185318,-0.13499031960964203,30.0792179107666
10.0,57326.0,-0.12069815397262573,-0.13499031960964203,29.698719024658203
10.0,57331.0,-0.12229568511247635,-0.13345633447170258,29.977312088012695
10.0,57335.0,-0.12353182584047318,-0.13345633447170258,29.999711990356445
10.0,57338.0,-0.12475564330816269,-0.13345633447170258,30.02370262145996
10.0,57343.0,-0.12594661116600037,-0.13345633447170258,30.042253494262695
10.0,57348.0,-0.12740862369537354,-0.13345633447170258,30.067520141601562
10.0,57352.0,-0.12854620814323425,-0.13345633447170258,30.081300735473633
10.0,57356.0,-0.12966735661029816,-0.13345633447170258,30.09531593322754
10.0,57361.0,-0.13106365501880646,-0.13345633447170258,30.10760498046875
10.0,57364.0,-0.13187679648399353,-0.13345633447170258,30.119232177734375
10.0,57368.0,-0.1332361400127411,-0.13345633447170258,30.129779815673828
10.0,57372.0,-0.13429979979991913,-0.13499031960964203,30.317401885986328
10.0,57376.0,-0.13509240746498108,-0.13499031960964203,30.329368591308594
10.0,57380.0,-0.13617658615112305,-0.13499031960964203,30.34650993347168
10.0,57384.0,-0.1372566670179367,-0.13499031960964203,30.3626651763916
10.0,57390.0,-0.13890348374843597,-0.13499031960964203,30.39386558532715
10.0,57394.0,-0.13999588787555695,-0.13499031960964203,30.41404151916504
10.0,57398.0,-0.14139220118522644,-0.13499031960964203,30.440784454345703
10.0,57402.0,-0.14252977073192596,-0.13499031960964203,30.46883773803711
10.0,57406.0,-0.14338809251785278,-0.13499031960964203,30.500919342041016
10.0,57411.0,-0.14484599232673645,-0.13345633447170258,30.381948471069336
10.0,57417.0,-0.14689527451992035,-0.13345633447170258,30.416500091552734
10.0,57421.0,-0.1477905511856079,-0.13345633447170258,30.456586837768555
10.0,57425.0,-0.14898152649402618,-0.13192234933376312,30.306884765625
10.0,57429.0,-0.15017248690128326,-0.13192234933376312,30.345237731933594
10.0,57432.0,-0.15107186138629913,-0.13038836419582367,30.208465576171875
10.0,57436.0,-0.15227104723453522,-0.13038836419582367,30.24705696105957
10.0,57449.0,-0.15610677003860474,-0.1288543939590454,30.18807029724121
10.0,57454.0,-0.15755236148834229,-0.12732040882110596,30.052902221679688
10.0,57460.0,-0.1592361330986023,-0.12732040882110596,30.09830665588379
10.0,57464.0,-0.1603572964668274,-0.1257864236831665,29.944189071655273
10.0,57467.0,-0.16142915189266205,-0.1257864236831665,29.96599006652832
10.0,57474.0,-0.16302669048309326,-0.1257864236831665,30.008121490478516
10.0,57479.0,-0.16430389881134033,-0.1257864236831665,30.02691650390625
10.0,57483.0,-0.16533058881759644,-0.12425244599580765,29.871435165405273
10.0,57487.0,-0.1663244366645813,-0.12425244599580765,29.889652252197266
10.0,57491.0,-0.16727720201015472,-0.12425244599580765,29.89808464050293
10.0,57495.0,-0.16821765899658203,-0.12425244599580765,29.908742904663086
10.0,57499.0,-0.1691170483827591,-0.12425244599580765,29.914722442626953
10.0,57504.0,-0.1702299863100052,-0.12425244599580765,29.926456451416016
10.0,57509.0,-0.17131006717681885,-0.1257864236831665,30.107669830322266
10.0,57514.0,-0.172386035323143,-0.1257864236831665,30.117685317993164
10.0,57519.0,-0.17344148457050323,-0.1257864236831665,30.125438690185547
10.0,57524.0,-0.1745215654373169,-0.1257864236831665,30.139917373657227
10.0,57529.0,-0.17559753358364105,-0.1257864236831665,30.14990997314453
10.0,57534.0,-0.17669814825057983,-0.1257864236831665,30.1732177734375
10.0,57540.0,-0.17800410091876984,-0.1257864236831665,30.19207191467285
10.0,57545.0,-0.1791006177663803,-0.1257864236831665,30.21768569946289
10.0,57550.0,-0.18041889369487762,-0.1257864236831665,30.242908477783203
10.0,57556.0,-0.18154415488243103,-0.12425244599580765,30.09754180908203
10.0,57563.0,-0.18312114477157593,-0.12425244599580765,30.14059829711914
10.0,57569.0,-0.18445585668087006,-0.12425244599580765,30.168174743652344
10.0,57573.0,-0.18534702062606812,-0.12271846830844879,29.76478385925293
10.0,57579.0,-0.18668994307518005,-0.12271846830844879,30.05304718017578
10.0,57584.0,-0.18781518936157227,-0.12271846830844879,30.09198570251465
10.0,57589.0,-0.18891991674900055,-0.12118448317050934,29.945560455322266
10.0,57593.0,-0.189794659614563,-0.12118448317050934,29.968740463256836
10.0,57597.0,-0.1906529814004898,-0.11965050548315048,29.812227249145508
10.0,57601.0,-0.19149897992610931,-0.11965050548315048,29.832611083984375
10.0,57607.0,-0.19275563955307007,-0.11965050548315048,29.863399505615234
10.0,57611.0,-0.19356879591941833,-0.11811652034521103,29.698373794555664
10.0,57616.0,-0.1945503056049347,-0.11811652034521103,29.716941833496094
10.0,57620.0,-0.19528542459011078,-0.11811652034521103,29.725311279296875
10.0,57624.0,-0.19599589705467224,-0.11811652034521103,29.729463577270508
10.0,57628.0,-0.19666939973831177,-0.11811652034521103,29.73030662536621
10.0,57631.0,-0.1971622109413147,-0.11811652034521103,29.731857299804688
10.0,57636.0,-0.19796714186668396,-0.11811652034521103,29.73082733154297
10.0,57640.0,-0.19858315587043762,-0.11811652034521103,29.72838020324707
10.0,57644.0,-0.19919095933437347,-0.11965050548315048,29.90472984313965
10.0,57648.0,-0.19976592063903809,-0.11965050548315048,29.89848518371582
10.0,57653.0,-0.20048870146274567,-0.11965050548315048,29.896263122558594
10.0,57657.0,-0.20105543732643127,-0.11965050548315048,29.892797470092773
10.0,57663.0,-0.20189733803272247,-0.11965050548315048,29.890159606933594
10.0,57668.0,-0.20259548723697662,-0.11965050548315048,30.317150115966797
10.0,57672.0,-0.20315811038017273,-0.12118448317050934,30.070959091186523
10.0,57676.0,-0.20372895896434784,-0.12118448317050934,30.075042724609375
10.0,57680.0,-0.20431211590766907,-0.12118448317050934,30.08330726623535
10.0,57684.0,-0.2049075961112976,-0.12118448317050934,30.090496063232422
10.0,57688.0,-0.20550307631492615,-0.12118448317050934,29.67721939086914
10.0,57692.0,-0.2061067819595337,-0.11965050548315048,29.935699462890625
10.0,57696.0,-0.20671868324279785,-0.11965050548315048,29.953277587890625
10.0,57702.0,-0.20762628316879272,-0.11965050548315048,29.974605560302734
10.0,57708.0,-0.20869815349578857,-0.11965050548315048,29.99917984008789
10.0,57713.0,-0.20932649075984955,-0.11811652034521103,29.84610366821289
10.0,57719.0,-0.21023818850517273,-0.11811652034521103,29.86528778076172
10.0,57724.0,-0.21098972856998444,-0.11658254265785217,29.708555221557617
10.0,57729.0,-0.2117043137550354,-0.11658254265785217,29.72391128540039
10.0,57734.0,-0.21240246295928955,-0.11658254265785217,29.741636276245117
10.0,57740.0,-0.2132032811641693,-0.11658254265785217,29.75341796875
10.0,57746.0,-0.21398356556892395,-0.11504856497049332,29.5897216796875
10.0,57751.0,-0.2145995944738388,-0.11504856497049332,29.598411560058594
10.0,57756.0,-0.21530595421791077,-0.11504856497049332,29.601455688476562
10.0,57763.0,-0.21596714854240417,-0.11504856497049332,29.60416030883789
10.0,57767.0,-0.21637782454490662,-0.11504856497049332,29.60082244873047
10.0,57772.0,-0.21685831248760223,-0.11504856497049332,29.5965576171875
10.0,57776.0,-0.2173018455505371,-0.11504856497049332,29.587507247924805
10.0,57781.0,-0.21763859689235687,-0.11504856497049332,29.577795028686523
10.0,57785.0,-0.2179548293352127,-0.11504856497049332,29.568038940429688
10.0,57789.0,-0.21826693415641785,-0.11504856497049332,29.559003829956055
10.0,57794.0,-0.21864065527915955,-0.11504856497049332,29.54755210876465
10.0,57798.0,-0.21892812848091125,-0.11504856497049332,29.539335250854492
10.0,57802.0,-0.21919918060302734,-0.11504856497049332,29.531152725219727
10.0,57808.0,-0.21959753334522247,-0.11504856497049332,29.518033981323242
10.0,57813.0,-0.21992197632789612,-0.11658254265785217,29.68450927734375
10.0,57817.0,-0.2201807051897049,-0.11658254265785217,29.679569244384766
10.0,57824.0,-0.2206488698720932,-0.11658254265785217,29.673561096191406
10.0,57829.0,-0.22097741067409515,-0.11658254265785217,29.669034957885742
10.0,57833.0,-0.22123613953590393,-0.11658254265785217,29.665809631347656
10.0,57840.0,-0.22168788313865662,-0.11658254265785217,29.66384506225586
10.0,57844.0,-0.22193840146064758,-0.11658254265785217,29.912137985229492
10.0,57848.0,-0.22218480706214905,-0.11504856497049332,29.481569290161133
10.0,57852.0,-0.22240246832370758,-0.11504856497049332,29.47905731201172
12.0,57856.0,-0.2225954830646515,-0.11504856497049332,37.469451904296875
12.0,57861.0,-0.22285009920597076,-0.11658254265785217,37.65168380737305
12.0,57865.0,-0.22356468439102173,-0.11351457983255386,37.14738464355469
12.0,57869.0,-0.2248501032590866,-0.11044661700725555,36.96851348876953
12.0,57873.0,-0.22675974667072296,-0.10277671366930008,36.34181594848633
12.0,57877.0,-0.229215607047081,-0.09357283264398575,35.35024642944336
12.0,57881.0,-0.2321190983057022,-0.08283496648073196,34.484352111816406
12.0,57884.0,-0.23457494378089905,-0.07056311517953873,33.479759216308594
12.0,57889.0,-0.2390102595090866,-0.05675728991627693,32.32038116455078
12.0,57894.0,-0.24376180768013,-0.03834952041506767,30.079477310180664
12.0,57898.0,-0.24760575592517853,-0.01840776950120926,28.733274459838867
12.0,57904.0,-0.25329774618148804,0.0,27.35688591003418
12.0,57908.0,-0.25683367252349854,0.015339808538556099,25.65212631225586
12.0,57914.0,-0.26152360439300537,0.03528155758976936,23.72730255126953
12.0,57920.0,-0.26512524485588074,0.05062136799097061,22.489459991455078
12.0,57925.0,-0.2671211361885071,0.061359234154224396,21.527114868164062
12.0,57930.0,-0.2680944502353668,0.06596117466688156,21.103837966918945
12.0,57937.0,-0.267535924911499,0.06596117466688156,20.678340911865234
12.0,57942.0,-0.2660082280635834,0.06289321184158325,21.019859313964844
12.0,57948.0,-0.26299384236335754,0.05368933081626892,21.36478614807129
12.0,57953.0,-0.2596016526222229,0.04295146465301514,22.229549407958984
12.0,57956.0,-0.2563613951206207,0.03221359848976135,22.918724060058594
12.0,57961.0,-0.2527269124984741,0.02147573232650757,23.325489044189453
12.0,57969.0,-0.24462422728538513,-0.00920388475060463,25.757308959960938
12.0,57975.0,-0.2381683737039566,-0.02761165425181389,27.7724552154541
12.0,57979.0,-0.23383162915706635,-0.04295146465301514,28.548603057861328
12.0,57993.0,-0.2199055403470993,-0.08897088468074799,31.988893508911133
12.0,58003.0,-0.2126283347606659,-0.11198060214519501,33.66969680786133
12.0,58007.0,-0.21061190962791443,-0.11658254265785217,34.09165954589844
12.0,58011.0,-0.20916631817817688,-0.11811652034521103,33.99201202392578
12.0,58016.0,-0.2081560641527176,-0.11811652034521103,34.06862258911133
12.0,58021.0,-0.20800000429153442,-0.11504856497049332,33.60368728637695
12.0,58024.0,-0.20838193595409393,-0.11044661700725555,33.263938903808594
12.0,58029.0,-0.20913347601890564,-0.10431069880723953,32.78955841064453
12.0,58032.0,-0.21019302308559418,-0.09664079546928406,32.16802978515625
12.0,58036.0,-0.2111375778913498,-0.09050486981868744,31.13991928100586
12.0,58040.0,-0.2125461995601654,-0.08130098134279251,30.369962692260742
12.0,58044.0,-0.21406981348991394,-0.07056311517953873,29.705398559570312
12.0,58048.0,-0.21564270555973053,-0.05982525274157524,28.75292205810547
12.0,58051.0,-0.21680082380771637,-0.05062136799097061,28.211009979248047
12.0,58055.0,-0.21827104687690735,-0.04295146465301514,27.5113582611084
12.0,58059.0,-0.21957699954509735,-0.03221359848976135,26.23915672302246
12.0,58063.0,-0.2206611931324005,-0.02147573232650757,25.212039947509766
12.0,58067.0,-0.22144147753715515,-0.016873789951205254,24.86600112915039
12.0,58071.0,-0.2218685895204544,-0.00920388475060463,24.202709197998047
12.0,58074.0,-0.22191786766052246,-0.004601942375302315,23.68639373779297
12.0,58080.0,-0.22145789861679077,-0.0015339808305725455,23.52950096130371
12.0,58084.0,-0.22069814801216125,0.0015339808305725455,22.829938888549805
12.0,58088.0,-0.21957290172576904,0.0015339808305725455,22.8929386138916
12.0,58093.0,-0.2171868532896042,0.0,22.811445236206055
12.0,58098.0,-0.21513347327709198,-0.003067961661145091,23.156673431396484
12.0,58102.0,-0.2127227932214737,-0.0076699042692780495,23.487144470214844
12.0,58106.0,-0.20999999344348907,-0.012271846644580364,23.678714752197266
12.0,58110.0,-0.20697741210460663,-0.02147573232650757,24.197277069091797
12.0,58114.0,-0.20370842516422272,-0.02761165425181389,24.87047004699707
12.0,58118.0,-0.2002422958612442,-0.03528155758976936,25.11115074157715
12.0,58122.0,-0.1966201215982437,-0.04448544234037399,26.02287483215332
12.0,58126.0,-0.19291581213474274,-0.052155349403619766,26.259986877441406
12.0,58130.0,-0.18917453289031982,-0.06289321184158325,27.194129943847656
12.0,58134.0,-0.18544147908687592,-0.07056311517953873,27.62360382080078
12.0,58138.0,-0.18177823722362518,-0.08130098134279251,28.765050888061523
12.0,58143.0,-0.17738808691501617,-0.09050486981868744,29.18668556213379
12.0,58146.0,-0.17409445345401764,-0.09817477315664291,29.80217742919922
12.0,58151.0,-0.17104312777519226,-0.10431069880723953,30.283100128173828
12.0,58154.0,-0.168932244181633,-0.1089126393198967,30.63351058959961
12.0,58158.0,-0.16639424860477448,-0.11351457983255386,31.034000396728516
12.0,58162.0,-0.16416427493095398,-0.11504856497049332,30.877037048339844
12.0,58166.0,-0.16226693987846375,-0.11658254265785217,31.020797729492188
12.0,58170.0,-0.16071458160877228,-0.11658254265785217,31.029550552368164
12.0,58174.0,-0.15947023034095764,-0.11504856497049332,30.477760314941406
12.0,58178.0,-0.15854209661483765,-0.11198060214519501,30.6403751373291
12.0,58182.0,-0.15788501501083374,-0.10737866163253784,30.229074478149414
12.0,58186.0,-0.1574743390083313,-0.10124273598194122,29.41878890991211
12.0,58191.0,-0.15721970796585083,-0.0951068103313446,28.871784210205078
12.0,58194.0,-0.15716631710529327,-0.08897088468074799,28.3334903717041
12.0,58199.0,-0.15714168548583984,-0.08283496648073196,27.791015625
12.0,58203.0,-0.15712936222553253,-0.07516506314277649,26.922868728637695
12.0,58215.0,-0.15668994188308716,-0.05522330850362778,24.978008270263672
12.0,58219.0,-0.1562669426202774,-0.04908738657832146,24.758678436279297
12.0,58223.0,-0.15563039481639862,-0.04448544234037399,24.256916046142578
12.0,58227.0,-0.1544928103685379,-0.03988350182771683,23.46466636657715
12.0,58231.0,-0.15325666964054108,-0.03681553900241852,23.057292938232422
12.0,58235.0,-0.15212319791316986,-0.03528155758976936,22.7838134765625
12.0,58239.0,-0.15032854676246643,-0.03528155758976936,22.891246795654297
12.0,58243.0,-0.14818480610847473,-0.03681553900241852,22.881519317626953
12.0,58247.0,-0.1457207351922989,-0.03834952041506767,23.26171112060547
12.0,58252.0,-0.1421971321105957,-0.04295146465301514,23.461265563964844
12.0,58258.0,-0.13654619455337524,-0.052155349403619766,23.89073371887207
12.0,58262.0,-0.13294866681098938,-0.058291271328926086,24.25967788696289
12.0,58266.0,-0.13011498749256134,-0.06596117466688156,25.0403995513916
12.0,58270.0,-0.12619301676750183,-0.07363107800483704,25.55921745300293
12.0,58274.0,-0.12110061943531036,-0.08130098134279251,25.82472038269043
12.0,58279.0,-0.1169363483786583,-0.09050486981868744,26.768768310546875
12.0,58283.0,-0.11273511499166489,-0.09817477315664291,27.042543411254883
12.0,58287.0,-0.10857084393501282,-0.10737866163253784,27.856037139892578
12.0,58292.0,-0.10349076241254807,-0.11811652034521103,28.85582733154297
12.0,58296.0,-0.09958932548761368,-0.12425244599580765,29.03312110900879
12.0,58300.0,-0.09588911384344101,-0.13192234933376312,29.6749324798584
12.0,58303.0,-0.0932731032371521,-0.1365242898464203,29.7530517578125
12.0,58307.0,-0.08924024552106857,-0.14112623035907745,30.12526512145996
12.0,58311.0,-0.08704312145709991,-0.1457281857728958,30.790864944458008
12.0,58315.0,-0.08436550199985504,-0.14726215600967407,30.649560928344727
12.0,58319.0,-0.08204106986522675,-0.14726215600967407,30.62830352783203
12.0,58324.0,-0.07958521693944931,-0.14726215600967407,30.64950942993164
12.0,58328.0,-0.0779876783490181,-0.14419420063495636,30.110706329345703
12.0,58331.0,-0.076685830950737,-0.14112623035907745,29.854873657226562
12.0,58335.0,-0.07586447894573212,-0.1365242898464203,29.447952270507812
12.0,58340.0,-0.07478439062833786,-0.13192234933376312,29.065336227416992
12.0,58344.0,-0.07410677522420883,-0.12425244599580765,28.381839752197266
12.0,58349.0,-0.0734291598200798,-0.11658254265785217,27.533809661865234
12.0,58353.0,-0.0729609876871109,-0.1089126393198967,26.70026969909668
12.0,58357.0,-0.07247638702392578,-0.09970875084400177,25.832122802734375
12.0,58361.0,-0.07195892930030823,-0.0951068103313446,25.511104583740234
12.0,58365.0,-0.07131417095661163,-0.08897088468074799,25.061119079589844
12.0,58369.0,-0.07050102949142456,-0.08130098134279251,24.260637283325195
12.0,58372.0,-0.06949486583471298,-0.07669904083013535,23.780315399169922
12.0,58376.0,-0.06856673210859299,-0.07209710031747818,23.257999420166016
12.0,58381.0,-0.06669404357671738,-0.06902913749217987,23.123191833496094
12.0,58384.0,-0.06534702330827713,-0.06749515980482101,22.87167739868164
12.0,58388.0,-0.06325256824493408,-0.06596117466688156,22.57196807861328
12.0,58391.0,-0.060841888189315796,-0.06596117466688156,22.451892852783203
12.0,58395.0,-0.0587926059961319,-0.06749515980482101,22.426513671875
12.0,58399.0,-0.055761806666851044,-0.07056311517953873,22.787303924560547
12.0,58403.0,-0.05240657180547714,-0.07363107800483704,22.933765411376953
12.0,58407.0,-0.04871457815170288,-0.0782330259680748,23.152484893798828
12.0,58411.0,-0.04473511129617691,-0.08436894416809082,23.519901275634766
12.0,58416.0,-0.03940451890230179,-0.09664079546928406,24.629898071289062
12.0,58429.0,-0.02429158054292202,-0.12271846830844879,26.710100173950195
12.0,58435.0,-0.017149897292256355,-0.13805827498435974,27.65679931640625
12.0,58440.0,-0.011301848106086254,-0.15033012628555298,28.304393768310547
12.0,58445.0,-0.0045708417892456055,-0.16106799244880676,29.163694381713867
12.0,58451.0,0.0016755646793171763,-0.17180585861206055,30.030216217041016
12.0,58455.0,0.0045626284554600716,-0.17794176936149597,30.549123764038086
12.0,58459.0,0.008119096048176289,-0.18254372477531433,30.941164016723633
12.0,58463.0,0.01133059523999691,-0.1840776950120926,31.19346046447754
12.0,58469.0,0.015478439629077911,-0.18561168015003204,30.920068740844727
12.0,58473.0,0.01778644695878029,-0.18561168015003204,30.943248748779297
12.0,58478.0,0.020176591351628304,-0.18100973963737488,30.281490325927734
12.0,58483.0,0.022032855078577995,-0.17794176936149597,29.917322158813477
12.0,58489.0,0.023663245141506195,-0.16873788833618164,29.24695587158203
12.0,58493.0,0.024472279474139214,-0.16106799244880676,28.605323791503906
12.0,58497.0,0.025137577205896378,-0.15493206679821014,27.49483871459961
12.0,58502.0,0.025975359603762627,-0.1426602154970169,26.932573318481445
12.0,58509.0,0.026829568669199944,-0.13038836419582367,25.788267135620117
12.0,58515.0,0.027885010465979576,-0.11965050548315048,24.768983840942383
12.0,58521.0,0.02932238206267357,-0.1089126393198967,23.67578125
12.0,58526.0,0.031359344720840454,-0.10124273598194122,22.8352108001709
12.0,58532.0,0.033577002584934235,-0.09664079546928406,22.493791580200195
12.0,58538.0,0.03763860464096069,-0.0951068103313446,22.13788414001465
12.0,58544.0,0.04124024510383606,-0.09664079546928406,22.02118682861328
12.0,58549.0,0.04634086415171623,-0.09970875084400177,22.051916122436523
12.0,58555.0,0.05119507014751434,-0.10737866163253784,22.707839965820312
12.0,58561.0,0.05771252512931824,-0.11658254265785217,23.31350326538086
12.0,58567.0,0.06481314450502396,-0.1288543939590454,24.129396438598633
12.0,58572.0,0.07107187062501907,-0.14112623035907745,25.518810272216797
12.0,58579.0,0.08011499047279358,-0.16260196268558502,26.910764694213867
12.0,58583.0,0.08528131246566772,-0.17180585861206055,27.32466697692871
12.0,58587.0,0.09166324138641357,-0.18254372477531433,28.436248779296875
12.0,58592.0,0.09660780429840088,-0.19174760580062866,28.90719985961914
12.0,58598.0,0.10364270955324173,-0.2040194571018219,29.87700843811035
12.0,58602.0,0.10800821334123611,-0.21168935298919678,30.52490997314453
12.0,58606.0,0.11202464252710342,-0.2178252786397934,31.18871307373047
12.0,58610.0,0.116570845246315,-0.22396120429039001,31.59869956970215
12.0,58614.0,0.1197289526462555,-0.22549518942832947,31.470308303833008
12.0,58619.0,0.12248460203409195,-0.22702915966510773,31.642562866210938
12.0,58623.0,0.12482135742902756,-0.22549518942832947,31.2688045501709
12.0,58627.0,0.1267227977514267,-0.22242721915245056,31.055898666381836
12.0,58631.0,0.12824229896068573,-0.21935926377773285,30.68625259399414
12.0,58635.0,0.1294168382883072,-0.21168935298919678,30.177701950073242
12.0,58639.0,0.13027925789356232,-0.2040194571018219,29.269376754760742
12.0,58644.0,0.13103900849819183,-0.19481556117534637,28.760324478149414
12.0,58649.0,0.1315729022026062,-0.18561168015003204,27.69613265991211
12.0,58655.0,0.13209855556488037,-0.17180585861206055,26.461713790893555
12.0,58660.0,0.13254620134830475,-0.15800002217292786,25.19565200805664
12.0,58664.0,0.13300615549087524,-0.14879614114761353,24.31747817993164
12.0,58669.0,0.1337946653366089,-0.14112623035907745,23.832260131835938
12.0,58673.0,0.13468994200229645,-0.13345633447170258,23.052734375
12.0,58677.0,0.13590143620967865,-0.12732040882110596,22.653039932250977
12.0,58681.0,0.13745790719985962,-0.12271846830844879,21.855205535888672
12.0,58687.0,0.14053799211978912,-0.11965050548315048,21.617111206054688
12.0,58691.0,0.14310471713542938,-0.11965050548315048,21.456998825073242
12.0,58697.0,0.1486160159111023,-0.12271846830844879,21.712364196777344
12.0,58703.0,0.15435318648815155,-0.1288543939590454,21.958419799804688
12.0,58709.0,0.15979056060314178,-0.1395922601222992,22.63396453857422
12.0,58714.0,0.16574537754058838,-0.15033012628555298,23.351806640625
12.0,58719.0,0.1721108853816986,-0.16106799244880676,24.395450592041016
12.0,58723.0,0.17743326723575592,-0.17180585861206055,25.416364669799805
12.0,58729.0,0.1856057494878769,-0.18867963552474976,26.440082550048828
12.0,58733.0,0.19248870015144348,-0.2040194571018219,27.654823303222656
12.0,58739.0,0.19924025237560272,-0.2178252786397934,28.734325408935547
12.0,58744.0,0.20576180517673492,-0.2346990704536438,30.134517669677734
12.0,58749.0,0.2118767946958542,-0.24543693661689758,30.75745964050293
12.0,58754.0,0.21746611595153809,-0.25310683250427246,31.96077537536621
12.0,58759.0,0.22245995700359344,-0.26077672839164734,32.234840393066406
12.0,58763.0,0.22592607140541077,-0.26691266894340515,32.69524383544922
12.0,58769.0,0.23022587597370148,-0.2684466540813446,32.62678527832031
12.0,58774.0,0.2329363375902176,-0.26691266894340515,32.16229248046875
12.0,58778.0,0.2349158078432083,-0.2623107135295868,31.97462272644043
12.0,58782.0,0.23597535490989685,-0.2577087879180908,31.66494369506836
12.0,58786.0,0.23664066195487976,-0.25003886222839355,31.03875732421875
12.0,58791.0,0.2369692027568817,-0.24083499610424042,30.020315170288086
12.0,58795.0,0.2370431274175644,-0.2316311001777649,29.268878936767578
12.0,58799.0,0.23698152601718903,-0.22242721915245056,28.767173767089844
12.0,58803.0,0.2368706315755844,-0.21168935298919678,27.294301986694336
12.0,58808.0,0.23680903017520905,-0.19634954631328583,26.212631225585938
12.0,58814.0,0.2369609922170639,-0.18254372477531433,25.204967498779297
12.0,58820.0,0.2375154048204422,-0.16873788833618164,23.612014770507812
12.0,58826.0,0.2386406511068344,-0.16106799244880676,23.10610580444336
12.0,58832.0,0.24046406149864197,-0.15186409652233124,22.33791732788086
12.0,58837.0,0.24261191487312317,-0.14879614114761353,21.910804748535156
12.0,58841.0,0.24479670822620392,-0.14726215600967407,21.606426239013672
12.0,58845.0,0.24740862846374512,-0.14726215600967407,21.84990119934082
12.0,58849.0,0.25043943524360657,-0.15033012628555298,21.53427505493164
12.0,58853.0,0.2538932263851166,-0.1533980816602707,22.024276733398438
12.0,58859.0,0.25981518626213074,-0.16260196268558502,22.562868118286133
12.0,58863.0,0.26420122385025024,-0.1702718734741211,23.48101043701172
12.0,58869.0,0.271334707736969,-0.1840776950120926,23.93850326538086
12.0,58874.0,0.2776468098163605,-0.200951486825943,25.467636108398438
12.0,58880.0,0.2854784429073334,-0.2178252786397934,26.7430477142334
12.0,58885.0,0.29205748438835144,-0.23316508531570435,27.979339599609375
12.0,58891.0,0.29979056119918823,-0.24697090685367584,29.075363159179688
12.0,58896.0,0.3071088194847107,-0.2623107135295868,30.08291244506836
12.0,58901.0,0.31163859367370605,-0.27458256483078003,31.4093074798584
12.0,58905.0,0.3157946467399597,-0.2822524607181549,32.0916748046875
12.0,58909.0,0.31954413652420044,-0.28685441613197327,31.979509353637695
12.0,58913.0,0.3228418827056885,-0.2899223864078522,32.688758850097656
12.0,58919.0,0.32685011625289917,-0.2929903268814087,32.619667053222656
12.0,58923.0,0.3289076089859009,-0.2929903268814087,32.72430419921875
12.0,58929.0,0.3310636579990387,-0.2899223864078522,32.19662857055664
12.0,58933.0,0.33194661140441895,-0.28378644585609436,31.716175079345703
12.0,58939.0,0.332537978887558,-0.2730485796928406,30.891468048095703
12.0,58945.0,0.33249691128730774,-0.26077672839164734,30.031885147094727
12.0,58950.0,0.33221766352653503,-0.24697090685367584,28.89241600036621
12.0,58956.0,0.33186447620391846,-0.2346990704536438,27.289766311645508
12.0,58963.0,0.33166325092315674,-0.21629129350185394,26.18244743347168
12.0,58968.0,0.33177822828292847,-0.20555342733860016,25.176973342895508
12.0,58972.0,0.3320615887641907,-0.19941750168800354,24.44032096862793
12.0,58978.0,0.3329158127307892,-0.18867963552474976,23.521146774291992
12.0,58982.0,0.33382341265678406,-0.1840776950120926,23.026451110839844
12.0,58986.0,0.3350513279438019,-0.18100973963737488,22.908729553222656
12.0,58993.0,0.33801642060279846,-0.17794176936149597,22.438251495361328
12.0,58999.0,0.3414866626262665,-0.17947575449943542,22.380525588989258
12.0,59003.0,0.34500616788864136,-0.1840776950120926,22.88351821899414
12.0,59008.0,0.3482299745082855,-0.18867963552474976,22.817035675048828
12.0,59012.0,0.3517700135707855,-0.19634954631328583,23.638397216796875
12.0,59016.0,0.3555852174758911,-0.2040194571018219,24.4252986907959
12.0,59022.0,0.36280080676078796,-0.21629129350185394,25.291656494140625
12.0,59028.0,0.36933469772338867,-0.23009712994098663,26.06585121154785
12.0,59032.0,0.37266528606414795,-0.24083499610424042,27.180431365966797
12.0,59038.0,0.380353182554245,-0.25617480278015137,28.420696258544922
12.0,59044.0,0.3856509327888489,-0.2684466540813446,29.44074249267578
12.0,59049.0,0.39066940546035767,-0.2791845202445984,30.33599853515625
12.0,59053.0,0.39439836144447327,-0.28685441613197327,30.996793746948242
12.0,59060.0,0.40015193819999695,-0.2960582971572876,31.285812377929688
12.0,59066.0,0.40416836738586426,-0.3021942377090454,31.89473533630371
12.0,59071.0,0.40723612904548645,-0.3037281930446625,32.11808776855469
12.0,59077.0,0.4093223810195923,-0.3021942377090454,32.08177185058594
12.0,59086.0,0.41077208518981934,-0.2914563715457916,31.02347183227539
12.0,59092.0,0.41086652874946594,-0.28378644585609436,30.44666290283203
12.0,59096.0,0.4107227921485901,-0.2761165499687195,29.822275161743164
12.0,59103.0,0.4101848006248474,-0.26077672839164734,28.56354522705078
12.0,59109.0,0.4098193049430847,-0.2485048919916153,27.487098693847656
12.0,59114.0,0.409687876701355,-0.23930101096630096,26.667247772216797
12.0,59119.0,0.4097042977809906,-0.23316508531570435,26.122257232666016
12.0,59123.0,0.4098891317844391,-0.22702915966510773,25.795209884643555
12.0,59127.0,0.4102422893047333,-0.21935926377773285,24.779088973999023
12.0,59133.0,0.4111745357513428,-0.21475732326507568,24.311243057250977
12.0,59138.0,0.41237783432006836,-0.21015536785125732,23.774662017822266
12.0,59142.0,0.4136098623275757,-0.21015536785125732,23.975080490112305
12.0,59149.0,0.4164106845855713,-0.21015536785125732,23.828166961669922
12.0,59153.0,0.418373703956604,-0.21168935298919678,23.82177734375
12.0,59158.0,0.42119506001472473,-0.21629129350185394,24.118946075439453
12.0,59163.0,0.42439836263656616,-0.2208932340145111,24.679431915283203
12.0,59167.0,0.42717042565345764,-0.22549518942832947,24.72332763671875
12.0,59173.0,0.43164271116256714,-0.2346990704536438,25.645700454711914
12.0,59179.0,0.4363490641117096,-0.24543693661689758,26.482128143310547
12.0,59183.0,0.43958109617233276,-0.25310683250427246,27.094482421875
12.0,59187.0,0.4428049325942993,-0.26077672839164734,27.83206558227539
12.0,59191.0,0.4459630250930786,-0.2684466540813446,28.29773712158203
12.0,59195.0,0.4490472376346588,-0.27458256483078003,28.96236228942871
12.0,59199.0,0.4526858329772949,-0.2822524607181549,29.47743034362793
12.0,59204.0,0.4553922116756439,-0.28685441613197327,29.595277786254883
12.0,59210.0,0.4590266942977905,-0.29452431201934814,30.5539493560791
12.0,59216.0,0.46202462911605835,-0.2991262674331665,30.745628356933594
12.0,59222.0,0.46434086561203003,-0.30066025257110596,30.94927978515625
12.0,59228.0,0.46595892310142517,-0.2991262674331665,30.857357025146484
12.0,59233.0,0.4668131470680237,-0.2960582971572876,30.67995834350586
12.0,59239.0,0.46732237935066223,-0.2914563715457916,30.334924697875977
12.0,59244.0,0.4674004018306732,-0.2853204309940338,29.462465286254883
12.0,59250.0,0.467273086309433,-0.2761165499687195,28.84060287475586
12.0,59254.0,0.46716633439064026,-0.26998063921928406,28.29374885559082
12.0,59260.0,0.46706774830818176,-0.26384469866752625,28.054462432861328
12.0,59267.0,0.46712526679039,-0.2546408176422119,26.950414657592773
12.0,59271.0,0.46726489067077637,-0.251572847366333,26.940902709960938
12.0,59275.0,0.4674907624721527,-0.2485048919916153,26.663076400756836
12.0,59279.0,0.46781107783317566,-0.24543693661689758,26.367216110229492
12.0,59283.0,0.4682258665561676,-0.24236896634101868,26.052518844604492
12.0,59289.0,0.4690718650817871,-0.24083499610424042,25.89731788635254
12.0,59294.0,0.47021764516830444,-0.23930101096630096,25.70022201538086
12.0,59299.0,0.47117865085601807,-0.23930101096630096,25.656442642211914
12.0,59303.0,0.47229158878326416,-0.23930101096630096,25.57069206237793
12.0,59307.0,0.4738932251930237,-0.24083499610424042,25.657386779785156
12.0,59314.0,0.47611087560653687,-0.24543693661689758,26.23724937438965
12.0,59320.0,0.478579044342041,-0.2485048919916153,26.421619415283203
12.0,59324.0,0.4803531765937805,-0.251572847366333,26.379709243774414
12.0,59329.0,0.48310473561286926,-0.2577087879180908,27.11102294921875
12.0,59334.0,0.4850102663040161,-0.2623107135295868,27.48506736755371
12.0,59339.0,0.48737165331840515,-0.26691266894340515,27.582002639770508
12.0,59344.0,0.48969200253486633,-0.2730485796928406,28.365331649780273
12.0,59349.0,0.4918973445892334,-0.27765053510665894,28.74407958984375
12.0,59353.0,0.49354004859924316,-0.28071850538253784,29.149768829345703
12.0,59357.0,0.4954291582107544,-0.2853204309940338,29.42528533935547
12.0,59362.0,0.4967597424983978,-0.28685441613197327,29.297595977783203
12.0,59366.0,0.49791374802589417,-0.2899223864078522,29.617536544799805
12.0,59372.0,0.49931827187538147,-0.2899223864078522,29.625320434570312
12.0,59378.0,0.5003162026405334,-0.2899223864078522,29.667234420776367
12.0,59382.0,0.5007802844047546,-0.2883884012699127,29.56179428100586
12.0,59386.0,0.5011005997657776,-0.28685441613197327,29.207168579101562
12.0,59391.0,0.5013306140899658,-0.2853204309940338,29.365135192871094
12.0,59395.0,0.5013839602470398,-0.2822524607181549,29.130172729492188
12.0,59399.0,0.5013798475265503,-0.2791845202445984,28.620573043823242
12.0,59405.0,0.5013223886489868,-0.2761165499687195,28.629356384277344
12.0,59410.0,0.5013182759284973,-0.2715145945549011,27.963533401489258
12.0,59414.0,0.5013306140899658,-0.2715145945549011,27.712799072265625
12.0,59420.0,0.5013757944107056,-0.26691266894340515,27.847898483276367
12.0,59424.0,0.5014168620109558,-0.2653786838054657,27.727109909057617
12.0,59430.0,0.5015523433685303,-0.2623107135295868,27.185413360595703
12.0,59436.0,0.5018028616905212,-0.2623107135295868,27.0479736328125
12.0,59442.0,0.5021642446517944,-0.26077672839164734,27.31786346435547
12.0,59447.0,0.5025420784950256,-0.2592427730560303,27.142915725708008
12.0,59453.0,0.5030965209007263,-0.2592427730560303,27.129854202270508
12.0,59459.0,0.5037577152252197,-0.26077672839164734,27.271696090698242
12.0,59464.0,0.5043696165084839,-0.26077672839164734,27.234363555908203
12.0,59468.0,0.5050431489944458,-0.2623107135295868,27.376754760742188
12.0,59473.0,0.5056057572364807,-0.26384469866752625,27.51565933227539
12.0,59477.0,0.5061971545219421,-0.2653786838054657,27.637046813964844
12.0,59481.0,0.5068049430847168,-0.2653786838054657,27.590150833129883
12.0,59485.0,0.5074291825294495,-0.2684466540813446,27.899477005004883
12.0,59489.0,0.5080493092536926,-0.26998063921928406,28.27920150756836
12.0,59493.0,0.5086653232574463,-0.2715145945549011,28.161880493164062
12.0,59499.0,0.5095071792602539,-0.2730485796928406,28.276660919189453
12.0,59504.0,0.5101355314254761,-0.27458256483078003,28.43440055847168
12.0,59510.0,0.5107597708702087,-0.2761165499687195,28.585529327392578
12.0,59516.0,0.5112648606300354,-0.27765053510665894,28.749713897705078
12.0,59522.0,0.5116098523139954,-0.27765053510665894,28.75933265686035
12.0,59528.0,0.5118316411972046,-0.27765053510665894,28.780752182006836
12.0,59533.0,0.5119466185569763,-0.27765053510665894,28.80498504638672
12.0,59539.0,0.5119917988777161,-0.27765053510665894,28.831357955932617
12.0,59544.0,0.5119917988777161,-0.27765053510665894,28.865718841552734
12.0,59550.0,0.5119876861572266,-0.27765053510665894,28.893150329589844
12.0,59555.0,0.5119917988777161,-0.2761165499687195,28.73044204711914
12.0,59561.0,0.5119917988777161,-0.2761165499687195,28.75052261352539
12.0,59566.0,0.5119917988777161,-0.27765053510665894,28.944351196289062
12.0,59572.0,0.5119917988777161,-0.27765053510665894,28.956233978271484
12.0,59578.0,0.5119876861572266,-0.27765053510665894,28.963836669921875
12.0,59584.0,0.5119835734367371,-0.2791845202445984,29.148073196411133
12.0,59589.0,0.5119794607162476,-0.2791845202445984,29.150686264038086
12.0,59593.0,0.5119712352752686,-0.28071850538253784,29.32958221435547
12.0,59596.0,0.5119548439979553,-0.28071850538253784,29.331071853637695
12.0,59601.0,0.5119219422340393,-0.2822524607181549,29.510822296142578
12.0,59605.0,0.5118891000747681,-0.2822524607181549,29.512094497680664
12.0,59609.0,0.5118316411972046,-0.28378644585609436,29.693466186523438
12.0,59613.0,0.5117617845535278,-0.28378644585609436,29.696298599243164
12.0,59618.0,0.5116180777549744,-0.2853204309940338,29.88360023498535
12.0,59623.0,0.5114701986312866,-0.28685441613197327,30.073274612426758
12.0,59627.0,0.5112854242324829,-0.28685441613197327,30.093544006347656
12.0,59631.0,0.51105135679245,-0.2883884012699127,30.294126510620117
12.0,59635.0,0.510776162147522,-0.2883884012699127,30.319177627563477
12.0,59641.0,0.51027512550354,-0.2883884012699127,30.359209060668945
12.0,59648.0,0.5095482468605042,-0.2883884012699127,30.439428329467773
12.0,59653.0,0.508919894695282,-0.2883884012699127,30.500680923461914
12.0,59658.0,0.5082135796546936,-0.2883884012699127,30.567398071289062
12.0,59662.0,0.5075975656509399,-0.28685441613197327,30.449127197265625
12.0,59666.0,0.5069281458854675,-0.28685441613197327,30.50919532775879
12.0,59671.0,0.5060616135597229,-0.2853204309940338,30.408906936645508
12.0,59677.0,0.5049363374710083,-0.28378644585609436,30.330638885498047
12.0,59687.0,0.5026776194572449,-0.28071850538253784,29.896465301513672
12.0,59693.0,0.5013839602470398,-0.2791845202445984,29.81888771057129
12.0,59699.0,0.5002998113632202,-0.2791845202445984,30.1462459564209
12.0,59703.0,0.4994414746761322,-0.27765053510665894,30.026885986328125
12.0,59708.0,0.4981273114681244,-0.2761165499687195,29.687894821166992
12.0,59718.0,0.4961601495742798,-0.27458256483078003,29.891138076782227
12.0,59726.0,0.49446818232536316,-0.27458256483078003,29.96273422241211
12.0,59733.0,0.49305543303489685,-0.27458256483078003,30.02198600769043
12.0,59737.0,0.49204108119010925,-0.27458256483078003,30.0647029876709
12.0,59742.0,0.4912238121032715,-0.27458256483078003,30.102882385253906
12.0,59746.0,0.4902176558971405,-0.27458256483078003,30.13095474243164
12.0,59751.0,0.4894004166126251,-0.2761165499687195,30.33724021911621
12.0,59757.0,0.4881724715232849,-0.2761165499687195,30.386014938354492
12.0,59763.0,0.4868829548358917,-0.2761165499687195,30.42701530456543
12.0,59768.0,0.4857494831085205,-0.2761165499687195,30.481155395507812
12.0,59772.0,0.484817236661911,-0.27765053510665894,30.69816017150879
12.0,59776.0,0.4836016297340393,-0.27765053510665894,30.74155044555664
12.0,59782.0,0.4823203384876251,-0.27765053510665894,30.800146102905273
12.0,59786.0,0.48124435544013977,-0.27765053510665894,30.86865997314453
12.0,59791.0,0.47981518507003784,-0.2761165499687195,30.767751693725586
12.0,59795.0,0.47863245010375977,-0.2761165499687195,30.827871322631836
12.0,59799.0,0.4774250388145447,-0.2761165499687195,30.89481544494629
12.0,59803.0,0.4761601686477661,-0.27458256483078003,30.78667449951172
12.0,59809.0,0.47420534491539,-0.2730485796928406,30.44952964782715
12.0,59815.0,0.4721437394618988,-0.2715145945549011,30.657649993896484
12.0,59820.0,0.47002875804901123,-0.26998063921928406,30.32918357849121
12.0,59828.0,0.4674702286720276,-0.2684466540813446,30.542377471923828
12.0,59832.0,0.4660041034221649,-0.26691266894340515,30.460586547851562
12.0,59836.0,0.4645174443721771,-0.2653786838054657,30.357784271240234
12.0,59840.0,0.46268171072006226,-0.26384469866752625,30.002193450927734
12.0,59844.0,0.4612279236316681,-0.26384469866752625,30.317943572998047
12.0,59849.0,0.4597741365432739,-0.2623107135295868,30.204954147338867
12.0,59853.0,0.458344966173172,-0.2623107135295868,30.276742935180664
12.0,59857.0,0.4565708339214325,-0.2623107135295868,30.33272933959961
12.0,59863.0,0.4548213481903076,-0.26077672839164734,30.230056762695312
12.0,59869.0,0.4527433216571808,-0.26077672839164734,30.2880802154541
12.0,59874.0,0.45102670788764954,-0.26077672839164734,30.350719451904297
12.0,59880.0,0.44900205731391907,-0.26077672839164734,30.40766716003418
12.0,59886.0,0.4469732940196991,-0.2623107135295868,30.630434036254883
12.0,59891.0,0.4449445605278015,-0.2623107135295868,30.68351173400879
12.0,59896.0,0.44357290863990784,-0.2623107135295868,30.722002029418945
12.0,59900.0,0.44218069314956665,-0.2623107135295868,30.771156311035156
12.0,59904.0,0.4407638609409332,-0.26384469866752625,30.992734909057617
12.0,59909.0,0.438952773809433,-0.26384469866752625,31.039199829101562
12.0,59913.0,0.43744969367980957,-0.26384469866752625,31.093013763427734
12.0,59917.0,0.4358932375907898,-0.26384469866752625,31.15205955505371
12.0,59921.0,0.43428748846054077,-0.26384469866752625,31.233787536621094
12.0,59925.0,0.43220534920692444,-0.2623107135295868,31.127197265625
12.0,59929.0,0.4304887056350708,-0.2623107135295868,31.202157974243164
12.0,59933.0,0.4287269115447998,-0.2623107135295868,31.282245635986328
12.0,59938.0,0.42691171169281006,-0.26077672839164734,31.211774826049805
12.0,59944.0,0.42411500215530396,-0.2592427730560303,31.14548683166504
12.0,59950.0,0.42122381925582886,-0.2577087879180908,31.10826301574707
12.0,59956.0,0.4182792603969574,-0.2546408176422119,30.919998168945312
12.0,59960.0,0.41627106070518494,-0.25310683250427246,30.837953567504883
12.0,59964.0,0.4142628312110901,-0.25310683250427246,30.50535774230957
12.0,59970.0,0.411215603351593,-0.25003886222839355,30.695417404174805
12.0,59974.0,0.40918686985969543,-0.2485048919916153,30.60739517211914
12.0,59978.0,0.40716633200645447,-0.24697090685367584,30.539705276489258
12.0,59982.0,0.405141681432724,-0.24543693661689758,30.44413185119629
12.0,59987.0,0.4021560549736023,-0.24390295147895813,30.11314582824707
12.0,59992.0,0.4001848101615906,-0.24390295147895813,30.43520736694336
12.0,59998.0,0.3973018527030945,-0.24236896634101868,30.35160255432129
12.0,60002.0,0.39539220929145813,-0.24236896634101868,30.41193962097168
12.0,60006.0,0.39353594183921814,-0.24236896634101868,30.47348976135254
12.0,60011.0,0.39122793078422546,-0.24236896634101868,30.523693084716797
12.0,60015.0,0.3889445662498474,-0.24236896634101868,30.5798282623291
12.0,60020.0,0.38712525367736816,-0.24236896634101868,30.636247634887695
12.0,60024.0,0.3852895200252533,-0.24236896634101868,30.682157516479492
12.0,60029.0,0.38301438093185425,-0.24236896634101868,30.72509002685547
12.0,60036.0,0.379338800907135,-0.24390295147895813,30.993183135986328
12.0,60041.0,0.3774948716163635,-0.24390295147895813,31.03858757019043
12.0,60046.0,0.3751334846019745,-0.24390295147895813,31.116844177246094
12.0,60051.0,0.3727310001850128,-0.24390295147895813,30.923398971557617
12.0,60057.0,0.36976179480552673,-0.24543693661689758,31.036373138427734
12.0,60063.0,0.3666858375072479,-0.24390295147895813,31.37310028076172
12.0,60067.0,0.36458316445350647,-0.24390295147895813,31.472902297973633
12.0,60073.0,0.3613223731517792,-0.24236896634101868,31.40134620666504
12.0,60079.0,0.3579671382904053,-0.24083499610424042,31.111610412597656
12.0,60085.0,0.35448458790779114,-0.23930101096630096,31.08315086364746
12.0,60089.0,0.352110892534256,-0.2377670258283615,31.260623931884766
12.0,60094.0,0.34845173358917236,-0.23623304069042206,31.24789810180664
12.0,60100.0,0.3447474241256714,-0.23316508531570435,31.05992317199707
12.0,60104.0,0.3428829610347748,-0.2316311001777649,30.990001678466797
12.0,60109.0,0.33978644013404846,-0.23009712994098663,30.91748809814453
12.0,60115.0,0.33606159687042236,-0.22702915966510773,30.741071701049805
12.0,60119.0,0.3335934281349182,-0.22549518942832947,30.410831451416016
12.0,60123.0,0.330517441034317,-0.22396120429039001,30.579259872436523
12.0,60128.0,0.328078031539917,-0.22396120429039001,30.26184844970703
12.0,60134.0,0.3244722783565521,-0.22242721915245056,30.614805221557617
12.0,60139.0,0.3214866518974304,-0.2208932340145111,30.535139083862305
12.0,60146.0,0.3173922002315521,-0.21935926377773285,30.480554580688477
12.0,60150.0,0.31509241461753845,-0.21935926377773285,30.129322052001953
12.0,60154.0,0.31283366680145264,-0.21935926377773285,30.84861946105957
12.0,60160.0,0.30947843194007874,-0.2178252786397934,30.501361846923828
12.0,60163.0,0.30726900696754456,-0.2178252786397934,30.30140495300293
12.0,60168.0,0.305059552192688,-0.21935926377773285,31.029172897338867
12.0,60173.0,0.30233675241470337,-0.21935926377773285,30.834991455078125
12.0,60177.0,0.3001437485218048,-0.21935926377773285,30.89695167541504
12.0,60184.0,0.2962997853755951,-0.2208932340145111,31.39543914794922
12.0,60190.0,0.2929691970348358,-0.2208932340145111,31.22344970703125
12.0,60195.0,0.2901519536972046,-0.2208932340145111,31.294445037841797
12.0,60201.0,0.28667351603507996,-0.2208932340145111,31.39391326904297
12.0,60206.0,0.28310060501098633,-0.2208932340145111,31.09907341003418
12.0,60213.0,0.2794250547885895,-0.21935926377773285,31.451047897338867
12.0,60218.0,0.27567145228385925,-0.2178252786397934,31.405384063720703
12.0,60225.0,0.2718151807785034,-0.21629129350185394,31.371322631835938
12.0,60231.0,0.26786038279533386,-0.21475732326507568,31.347814559936523
12.0,60236.0,0.26381930708885193,-0.21322333812713623,31.331026077270508
12.0,60242.0,0.2604106664657593,-0.21015536785125732,31.13924217224121
12.0,60248.0,0.25630390644073486,-0.20862139761447906,31.096782684326172
12.0,60253.0,0.2528788447380066,-0.2070874124765396,30.64822006225586
12.0,60259.0,0.2487843930721283,-0.2040194571018219,30.846961975097656
12.0,60264.0,0.24540451169013977,-0.20248547196388245,30.81123924255371
12.0,60269.0,0.24205338954925537,-0.200951486825943,30.745925903320312
12.0,60274.0,0.2387227863073349,-0.19941750168800354,30.65441131591797
12.0,60279.0,0.23543326556682587,-0.19788353145122528,30.57653045654297
12.0,60283.0,0.23284189403057098,-0.19788353145122528,30.65045738220215
12.0,60287.0,0.23028747737407684,-0.19788353145122528,30.718660354614258
12.0,60291.0,0.22775770723819733,-0.19634954631328583,30.62238311767578
12.0,60297.0,0.22402054071426392,-0.19634954631328583,30.708728790283203
12.0,60303.0,0.22032444179058075,-0.19634954631328583,30.77632713317871
12.0,60307.0,0.2172895222902298,-0.19634954631328583,30.84003448486328
12.0,60313.0,0.21424229443073273,-0.19634954631328583,30.919200897216797
12.0,60319.0,0.21062012016773224,-0.19788353145122528,31.17426872253418
12.0,60323.0,0.20818480849266052,-0.19788353145122528,31.229341506958008
12.0,60327.0,0.20511293411254883,-0.19788353145122528,31.287443161010742
12.0,60332.0,0.20262423157691956,-0.19788353145122528,31.350494384765625
12.0,60337.0,0.19882135093212128,-0.19788353145122528,31.455547332763672
12.0,60342.0,0.19625051319599152,-0.19788353145122528,31.528865814208984
12.0,60346.0,0.193634495139122,-0.19634954631328583,31.431840896606445
12.0,60351.0,0.19031621515750885,-0.19634954631328583,31.559864044189453
12.0,60355.0,0.18761396408081055,-0.19481556117534637,31.475061416625977
12.0,60359.0,0.18418069183826447,-0.19328159093856812,31.145124435424805
12.0,60363.0,0.18138809502124786,-0.19328159093856812,31.495058059692383
12.0,60367.0,0.17857083678245544,-0.19174760580062866,31.420743942260742
12.0,60371.0,0.1757289469242096,-0.1902136206626892,31.34869384765625
12.0,60378.0,0.17143326997756958,-0.1871456652879715,31.152210235595703
12.0,60384.0,0.16712115705013275,-0.18561168015003204,30.729572296142578
12.0,60389.0,0.1635277271270752,-0.18254372477531433,30.93170738220215
12.0,60395.0,0.15921971201896667,-0.18100973963737488,30.880657196044922
12.0,60402.0,0.15423819422721863,-0.17794176936149597,30.715723037719727
12.0,60406.0,0.1514127254486084,-0.1764077991247177,30.3776798248291
12.0,60412.0,0.14655031263828278,-0.17487381398677826,30.32333755493164
12.0,60420.0,0.14178644120693207,-0.1733398288488388,30.524925231933594
12.0,60425.0,0.13777002692222595,-0.1733398288488388,30.627960205078125
12.0,60432.0,0.13383573293685913,-0.17180585861206055,30.556060791015625
12.0,60436.0,0.13123613595962524,-0.17180585861206055,30.612642288208008
12.0,60441.0,0.1280369609594345,-0.17180585861206055,30.664453506469727
12.0,60445.0,0.1255112886428833,-0.17180585861206055,30.724977493286133
12.0,60450.0,0.12176180630922318,-0.17180585861206055,30.78280258178711
12.0,60456.0,0.11866530030965805,-0.1733398288488388,31.027891159057617
12.0,60463.0,0.11430800706148148,-0.1733398288488388,31.10135841369629
12.0,60467.0,0.11117864400148392,-0.1733398288488388,31.1660213470459
12.0,60472.0,0.1086529791355133,-0.1733398288488388,31.221723556518555
12.0,60479.0,0.10419712215662003,-0.1733398288488388,31.326494216918945
12.0,60484.0,0.10096920281648636,-0.1733398288488388,31.42533302307129
12.0,60491.0,0.09635728597640991,-0.1733398288488388,31.55516242980957
12.0,60496.0,0.09300616383552551,-0.17180585861206055,31.45848274230957
12.0,60500.0,0.08958932012319565,-0.17180585861206055,31.1622314453125
12.0,60505.0,0.08611088246107101,-0.1702718734741211,31.50564956665039
12.0,60510.0,0.08258315920829773,-0.16873788833618164,31.44977569580078
12.0,60515.0,0.07973305881023407,-0.1672039031982422,31.372922897338867
12.0,60520.0,0.07541272789239883,-0.16566993296146393,31.351482391357422
12.0,60526.0,0.07179465889930725,-0.16260196268558502,30.874584197998047
12.0,60532.0,0.06742504984140396,-0.1595340073108673,30.70255470275879
12.0,60537.0,0.06379877030849457,-0.15800002217292786,30.901195526123047
12.0,60543.0,0.05944147706031799,-0.1564660519361496,30.873634338378906
12.0,60549.0,0.055129364132881165,-0.1533980816602707,30.386058807373047
12.0,60554.0,0.05154825374484062,-0.15186409652233124,30.59671974182129
12.0,60560.0,0.04732238128781319,-0.15033012628555298,30.544477462768555
12.0,60566.0,0.04318685829639435,-0.14879614114761353,30.477798461914062
12.0,60572.0,0.03915400430560112,-0.14726215600967407,30.39571762084961
12.0,60577.0,0.03586447611451149,-0.14726215600967407,30.466638565063477
12.0,60583.0,0.031379878520965576,-0.14726215600967407,30.543203353881836
12.0,60590.0,0.027630390599370003,-0.14726215600967407,30.61688804626465
12.0,60594.0,0.025170430541038513,-0.14726215600967407,30.656688690185547
12.0,60599.0,0.02213963121175766,-0.14726215600967407,30.690853118896484
12.0,60603.0,0.019737165421247482,-0.14726215600967407,30.734159469604492
12.0,60608.0,0.016767967492341995,-0.14879614114761353,30.94470977783203
12.0,60612.0,0.014398356899619102,-0.14879614114761353,30.97982406616211
12.0,60616.0,0.012024641036987305,-0.14879614114761353,31.025617599487305
12.0,60620.0,0.009642710909247398,-0.15033012628555298,31.242626190185547
12.0,60624.0,0.00724435318261385,-0.15033012628555298,31.288013458251953
12.0,60630.0,0.003597535891458392,-0.15033012628555298,31.35072135925293
12.0,60634.0,0.0011211498640477657,-0.15033012628555298,31.408103942871094
12.0,60639.0,-0.0020205338951200247,-0.15033012628555298,31.487701416015625
12.0,60645.0,-0.0058767967857420444,-0.14879614114761353,31.437143325805664
12.0,60650.0,-0.009145790711045265,-0.14726215600967407,31.108715057373047
12.0,60656.0,-0.013133469969034195,-0.1457281857728958,31.06088638305664
12.0,60661.0,-0.016517452895641327,-0.1457281857728958,31.40201187133789
12.0,60667.0,-0.021330595016479492,-0.1426602154970169,31.214210510253906
12.0,60673.0,-0.024792607873678207,-0.14112623035907745,31.184295654296875
12.0,60677.0,-0.027577001601457596,-0.1395922601222992,31.104764938354492
12.0,60681.0,-0.0303778238594532,-0.1365242898464203,30.601011276245117
12.0,60685.0,-0.03319096565246582,-0.13499031960964203,30.522951126098633
12.0,60689.0,-0.03597535938024521,-0.13345633447170258,30.441701889038086
12.0,60693.0,-0.038747433573007584,-0.13192234933376312,30.604888916015625
12.0,60698.0,-0.04215605929493904,-0.13038836419582367,30.51031494140625
12.0,60702.0,-0.04484599456191063,-0.1288543939590454,30.43435287475586
12.0,60706.0,-0.04750308021903038,-0.12732040882110596,30.08078384399414
12.0,60710.0,-0.05073922127485275,-0.12732040882110596,30.394235610961914
12.0,60718.0,-0.0551622174680233,-0.1257864236831665,30.32954216003418
12.0,60722.0,-0.05819712579250336,-0.1257864236831665,30.37459373474121
12.0,60726.0,-0.05999178811907768,-0.1257864236831665,30.41501808166504
12.0,60731.0,-0.062903493642807,-0.1257864236831665,30.44952392578125
12.0,60736.0,-0.06577002257108688,-0.1257864236831665,30.49658203125
12.0,60740.0,-0.0680164247751236,-0.1257864236831665,30.522844314575195
12.0,60744.0,-0.07024640589952469,-0.1257864236831665,30.549924850463867
12.0,60749.0,-0.07299383729696274,-0.12732040882110596,30.75607681274414
12.0,60754.0,-0.07572484761476517,-0.12732040882110596,30.783626556396484
12.0,60759.0,-0.07899794727563858,-0.12732040882110596,30.82544708251953
12.0,60766.0,-0.0822792574763298,-0.1288543939590454,31.058147430419922
12.0,60771.0,-0.08502258360385895,-0.1288543939590454,31.10428237915039
12.0,60776.0,-0.08780698478221893,-0.1288543939590454,31.14627456665039
12.0,60781.0,-0.09062012284994125,-0.1288543939590454,31.218263626098633
12.0,60787.0,-0.09463655203580856,-0.1288543939590454,31.29947853088379
12.0,60793.0,-0.09757289290428162,-0.12732040882110596,31.202329635620117
12.0,60799.0,-0.10116221755743027,-0.1257864236831665,30.880704879760742
12.0,60805.0,-0.1048336774110794,-0.12425244599580765,30.81987762451172
12.0,60810.0,-0.10793018341064453,-0.12271846830844879,31.017864227294922
12.0,60815.0,-0.111063651740551,-0.12118448317050934,30.945114135742188
12.0,60821.0,-0.11482957005500793,-0.11811652034521103,30.449060440063477
12.0,60826.0,-0.11794250458478928,-0.11658254265785217,30.64171028137207
12.0,60832.0,-0.12228747457265854,-0.11504856497049332,30.5845947265625
12.0,60839.0,-0.12591375410556793,-0.11198060214519501,30.08647346496582
12.0,60845.0,-0.12945379316806793,-0.11044661700725555,30.265380859375
12.0,60851.0,-0.13291992247104645,-0.11044661700725555,30.350025177001953
12.0,60857.0,-0.13627925515174866,-0.1089126393198967,30.243621826171875
12.0,60862.0,-0.13954004645347595,-0.1089126393198967,30.291391372680664
12.0,60867.0,-0.14164681732654572,-0.1089126393198967,30.33197021484375
12.0,60874.0,-0.14524435997009277,-0.1089126393198967,30.380563735961914
12.0,60879.0,-0.14776180684566498,-0.1089126393198967,30.40387535095215
12.0,60883.0,-0.1497412770986557,-0.1089126393198967,30.429611206054688
12.0,60888.0,-0.15218070149421692,-0.1089126393198967,30.457271575927734
12.0,60895.0,-0.15554414689540863,-0.1089126393198967,30.918182373046875
12.0,60901.0,-0.15839014947414398,-0.11044661700725555,30.697885513305664
12.0,60905.0,-0.16028337180614471,-0.11044661700725555,30.721405029296875
12.0,60911.0,-0.16313757002353668,-0.11044661700725555,30.752246856689453
12.0,60916.0,-0.16552771627902985,-0.11044661700725555,30.797761917114258
12.0,60922.0,-0.16841067373752594,-0.11044661700725555,30.84673500061035
12.0,60926.0,-0.17035728693008423,-0.11044661700725555,30.63799285888672
12.0,60933.0,-0.17383983731269836,-0.11044661700725555,30.971345901489258
12.0,60939.0,-0.17687885463237762,-0.1089126393198967,30.875730514526367
12.0,60943.0,-0.17893634736537933,-0.1089126393198967,30.93598747253418
12.0,60947.0,-0.18153592944145203,-0.10737866163253784,30.818910598754883
12.0,60952.0,-0.18363039195537567,-0.10584467649459839,30.704647064208984
12.0,60956.0,-0.18572483956813812,-0.10584467649459839,30.357227325439453
12.0,60962.0,-0.1888706386089325,-0.10431069880723953,30.277002334594727
12.0,60968.0,-0.19200821220874786,-0.10124273598194122,30.444530487060547
12.0,60974.0,-0.1951088309288025,-0.09970875084400177,30.357017517089844
12.0,60979.0,-0.197638601064682,-0.09817477315664291,30.233720779418945
12.0,60983.0,-0.19961395859718323,-0.09817477315664291,30.293996810913086
12.0,60989.0,-0.20250512659549713,-0.09664079546928406,30.169925689697266
12.0,60993.0,-0.20437783002853394,-0.09664079546928406,30.21320343017578
12.0,60997.0,-0.206661194562912,-0.0951068103313446,29.817533493041992
12.0,61002.0,-0.20887884497642517,-0.0951068103313446,30.099531173706055
12.0,61007.0,-0.21060369908809662,-0.0951068103313446,30.125350952148438
12.0,61011.0,-0.21229158341884613,-0.0951068103313446,30.14097785949707
12.0,61015.0,-0.2139301896095276,-0.0951068103313446,30.15294075012207
12.0,61019.0,-0.21595482528209686,-0.0951068103313446,30.165964126586914
12.0,61024.0,-0.21753183007240295,-0.09664079546928406,30.352319717407227
12.0,61028.0,-0.21909651160240173,-0.09664079546928406,30.361858367919922
12.0,61035.0,-0.22183161973953247,-0.09664079546928406,30.386571884155273
12.0,61040.0,-0.22376181185245514,-0.09817477315664291,30.577898025512695
12.0,61044.0,-0.2253018468618393,-0.09817477315664291,30.841978073120117
12.0,61049.0,-0.22724024951457977,-0.09817477315664291,30.626693725585938
12.0,61055.0,-0.22957700490951538,-0.09817477315664291,30.655683517456055
12.0,61059.0,-0.2315523624420166,-0.09817477315664291,30.68364906311035
12.0,61063.0,-0.23314169049263,-0.09664079546928406,30.535364151000977
12.0,61069.0,-0.23514989018440247,-0.09664079546928406,30.58688735961914
12.0,61075.0,-0.23757700622081757,-0.09664079546928406,30.643892288208008
12.0,61081.0,-0.24001643061637878,-0.0951068103313446,30.514652252197266
12.0,61086.0,-0.24204517900943756,-0.09357283264398575,30.147607803344727
12.0,61091.0,-0.24406981468200684,-0.09357283264398575,30.43865966796875
12.0,61095.0,-0.24569198489189148,-0.09357283264398575,30.481197357177734
12.0,61099.0,-0.24770431220531464,-0.0920388475060463,30.35550308227539
12.0,61104.0,-0.24929773807525635,-0.09050486981868744,30.216388702392578
12.0,61108.0,-0.25126078724861145,-0.09050486981868744,30.263526916503906
12.0,61114.0,-0.2531827390193939,-0.08897088468074799,30.136316299438477
12.0,61119.0,-0.25506776571273804,-0.08743690699338913,29.988405227661133
12.0,61123.0,-0.2565338909626007,-0.08743690699338913,30.013660430908203
12.0,61126.0,-0.25795483589172363,-0.08743690699338913,30.03389549255371
12.0,61133.0,-0.26003286242485046,-0.08743690699338913,30.064706802368164
12.0,61139.0,-0.2620410621166229,-0.08590292930603027,29.907747268676758
12.0,61145.0,-0.2639794647693634,-0.08590292930603027,29.66964340209961
12.0,61150.0,-0.2655687928199768,-0.08743690699338913,30.112260818481445
12.0,61156.0,-0.2674209475517273,-0.08743690699338913,30.12162971496582
12.0,61162.0,-0.2692115008831024,-0.08743690699338913,30.126575469970703
12.0,61169.0,-0.271248459815979,-0.08743690699338913,30.134084701538086
12.0,61173.0,-0.27239423990249634,-0.08743690699338913,30.13753890991211
12.0,61178.0,-0.27381110191345215,-0.08743690699338913,30.142595291137695
12.0,61182.0,-0.27493223547935486,-0.08743690699338913,30.146093368530273
12.0,61186.0,-0.27603286504745483,-0.08897088468074799,29.90358543395996
12.0,61190.0,-0.27715811133384705,-0.08897088468074799,30.34088897705078
12.0,61194.0,-0.27826693654060364,-0.08743690699338913,30.599613189697266
12.0,61199.0,-0.27968376874923706,-0.08743690699338913,29.938608169555664
12.0,61203.0,-0.28079670667648315,-0.08743690699338913,30.200223922729492
12.0,61207.0,-0.28192198276519775,-0.08743690699338913,30.221960067749023
12.0,61213.0,-0.28387680649757385,-0.08743690699338913,30.2456111907959
12.0,61218.0,-0.28499382734298706,-0.08743690699338913,30.265457153320312
12.0,61222.0,-0.28610268235206604,-0.08590292930603027,30.106691360473633
12.0,61229.0,-0.28806158900260925,-0.08590292930603027,30.145946502685547
12.0,61233.0,-0.28917863965034485,-0.08436894416809082,29.74700355529785
12.0,61238.0,-0.290554404258728,-0.08436894416809082,30.01930809020996
12.0,61244.0,-0.29216837882995605,-0.08283496648073196,29.87483787536621
12.0,61249.0,-0.29347842931747437,-0.08283496648073196,29.892732620239258
12.0,61253.0,-0.29450923204421997,-0.08283496648073196,29.910459518432617
12.0,61256.0,-0.29551950097084045,-0.08130098134279251,29.746957778930664
12.0,61261.0,-0.2964845895767212,-0.08130098134279251,29.756450653076172
12.0,61267.0,-0.2978809177875519,-0.08130098134279251,29.76548194885254
12.0,61271.0,-0.29877206683158875,-0.08130098134279251,29.769289016723633
12.0,61277.0,-0.30027514696121216,-0.08130098134279251,29.770193099975586
12.0,61284.0,-0.30149897933006287,-0.08130098134279251,29.766586303710938
12.0,61290.0,-0.3026570975780487,-0.08130098134279251,29.758190155029297
12.0,61294.0,-0.3034086227416992,-0.08130098134279251,29.752546310424805
12.0,61299.0,-0.3043203353881836,-0.08130098134279251,29.74591636657715
12.0,61303.0,-0.30503490567207336,-0.08130098134279251,29.738048553466797
12.0,61309.0,-0.30606159567832947,-0.08130098134279251,29.726539611816406
12.0,61313.0,-0.3067186772823334,-0.08130098134279251,29.713441848754883
12.0,61318.0,-0.307498961687088,-0.08283496648073196,29.878915786743164
12.0,61322.0,-0.30809444189071655,-0.08283496648073196,29.859642028808594
12.0,61327.0,-0.30882957577705383,-0.08283496648073196,29.845491409301758
12.0,61331.0,-0.3095605671405792,-0.08283496648073196,29.837099075317383
12.0,61337.0,-0.31043943762779236,-0.08283496648073196,29.825637817382812
12.0,61342.0,-0.31116220355033875,-0.08283496648073196,29.818506240844727
12.0,61348.0,-0.3118726909160614,-0.08436894416809082,29.989490509033203
12.0,61353.0,-0.31257084012031555,-0.08436894416809082,29.982898712158203
12.0,61359.0,-0.31339630484580994,-0.08283496648073196,29.800142288208008
12.0,61363.0,-0.3139384090900421,-0.08283496648073196,29.796903610229492
12.0,61367.0,-0.3144640624523163,-0.08283496648073196,29.794361114501953
12.0,61372.0,-0.3151211440563202,-0.08283496648073196,29.79193878173828
12.0,61376.0,-0.31563448905944824,-0.08283496648073196,29.792512893676758
12.0,61381.0,-0.31628337502479553,-0.08283496648073196,29.79287338256836
12.0,61385.0,-0.3167926073074341,-0.08283496648073196,29.794328689575195
12.0,61389.0,-0.3172895312309265,-0.08130098134279251,29.61556625366211
12.0,61394.0,-0.31787270307540894,-0.08130098134279251,29.612640380859375
12.0,61399.0,-0.31852978467941284,-0.08130098134279251,29.606008529663086
12.0,61405.0,-0.3190390169620514,-0.08130098134279251,29.595542907714844
12.0,61409.0,-0.3195277154445648,-0.08130098134279251,29.58953285217285
12.0,61413.0,-0.3198069930076599,-0.08130098134279251,29.580516815185547
12.0,61417.0,-0.3201766014099121,-0.08130098134279251,29.57476043701172
12.0,61423.0,-0.3207227885723114,-0.08130098134279251,29.56882667541504
12.0,61429.0,-0.32124024629592896,-0.07976700365543365,29.381803512573242
12.0,61435.0,-0.32172074913978577,-0.07976700365543365,29.36920928955078
12.0,61439.0,-0.322004109621048,-0.07976700365543365,29.358367919921875
12.0,61444.0,-0.3223203420639038,-0.07976700365543365,29.336668014526367
12.0,61450.0,-0.3226529657840729,-0.07976700365543365,29.317628860473633
12.0,61455.0,-0.3228747546672821,-0.07976700365543365,29.2921085357666
12.0,61459.0,-0.3230636417865753,-0.08130098134279251,29.693876266479492
12.0,61464.0,-0.32318276166915894,-0.08130098134279251,29.4205265045166
12.0,61469.0,-0.3233223855495453,-0.08130098134279251,29.39320945739746
12.0,61473.0,-0.3234127163887024,-0.08130098134279251,29.37109375
12.0,61479.0,-0.3235194981098175,-0.08130098134279251,29.335689544677734
12.0,61484.0,-0.32357290387153625,-0.08130098134279251,29.298097610473633
12.0,61489.0,-0.3235975503921509,-0.08283496648073196,29.450162887573242
12.0,61493.0,-0.323601633310318,-0.08283496648073196,29.425241470336914
12.0,61497.0,-0.3236057460308075,-0.08283496648073196,29.395715713500977
12.0,61502.0,-0.323609858751297,-0.08283496648073196,29.374849319458008
12.0,61506.0,-0.323609858751297,-0.08283496648073196,29.350439071655273
12.0,61510.0,-0.323609858751297,-0.08283496648073196,29.332740783691406
12.0,61516.0,-0.323609858751297,-0.08283496648073196,29.31280517578125
12.0,61520.0,-0.323609858751297,-0.08283496648073196,29.295198440551758
12.0,61525.0,-0.323609858751297,-0.08130098134279251,29.101818084716797
12.0,61531.0,-0.323609858751297,-0.08130098134279251,29.08850860595703
12.0,61535.0,-0.3236057460308075,-0.08130098134279251,29.078737258911133
12.0,61539.0,-0.3236057460308075,-0.08130098134279251,29.070777893066406
12.0,61546.0,-0.3236057460308075,-0.07976700365543365,28.880374908447266
12.0,61550.0,-0.3235975503921509,-0.07976700365543365,28.873245239257812
12.0,61554.0,-0.3235893249511719,-0.0782330259680748,28.44341468811035
12.0,61559.0,-0.32358109951019287,-0.0782330259680748,28.6884822845459
12.0,61563.0,-0.32356056571006775,-0.07669904083013535,28.50457763671875
12.0,61567.0,-0.3235359489917755,-0.07669904083013535,28.501514434814453
12.0,61573.0,-0.3235030770301819,-0.07516506314277649,28.32004165649414
12.0,61577.0,-0.32346612215042114,-0.07516506314277649,28.314041137695312
12.0,61581.0,-0.3234127163887024,-0.07363107800483704,28.1289005279541
12.0,61587.0,-0.32326897978782654,-0.07209710031747818,27.69001007080078
12.0,61593.0,-0.32311704754829407,-0.07209710031747818,27.91948699951172
12.0,61597.0,-0.32291170954704285,-0.07056311517953873,27.47432518005371
12.0,61603.0,-0.3226078152656555,-0.07056311517953873,27.692373275756836
12.0,61609.0,-0.3222012221813202,-0.07056311517953873,27.64899444580078
12.0,61615.0,-0.32180696725845337,-0.06902913749217987,27.421785354614258
12.0,61621.0,-0.32124024629592896,-0.06902913749217987,27.371261596679688
12.0,61627.0,-0.32057493925094604,-0.06902913749217987,27.28989028930664
12.0,61633.0,-0.3198069930076599,-0.07056311517953873,27.639135360717773
12.0,61639.0,-0.3189568817615509,-0.07056311517953873,27.319021224975586
12.0,61645.0,-0.3180164396762848,-0.07056311517953873,27.211828231811523
12.0,61651.0,-0.3169732987880707,-0.07209710031747818,27.286298751831055
12.0,61656.0,-0.31602874398231506,-0.07363107800483704,27.373687744140625
12.0,61662.0,-0.314829558134079,-0.07516506314277649,27.4416561126709
12.0,61667.0,-0.31358933448791504,-0.07516506314277649,27.352073669433594
12.0,61676.0,-0.311889111995697,-0.0782330259680748,27.814037322998047
12.0,61680.0,-0.31079259514808655,-0.0782330259680748,27.47627830505371
12.0,61685.0,-0.3099055588245392,-0.07976700365543365,27.569032669067383
12.0,61693.0,-0.30792608857154846,-0.08130098134279251,27.621688842773438
12.0,61699.0,-0.306837797164917,-0.08283496648073196,27.712629318237305
12.0,61704.0,-0.3057330548763275,-0.08283496648073196,27.6428165435791
12.0,61709.0,-0.30465298891067505,-0.08436894416809082,27.754671096801758
12.0,61713.0,-0.3037905693054199,-0.08436894416809082,27.706642150878906
12.0,61718.0,-0.3027515411376953,-0.08436894416809082,27.665767669677734
12.0,61724.0,-0.301519513130188,-0.08436894416809082,27.59593963623047
12.0,61729.0,-0.30027925968170166,-0.08436894416809082,27.546672821044922
12.0,61734.0,-0.2994496822357178,-0.08436894416809082,27.501216888427734
12.0,61740.0,-0.2981971204280853,-0.08436894416809082,27.445392608642578
12.0,61745.0,-0.2971540093421936,-0.08436894416809082,27.410873413085938
12.0,61749.0,-0.2963080108165741,-0.08436894416809082,27.375816345214844
12.0,61753.0,-0.29523202776908875,-0.08436894416809082,27.32937240600586
12.0,61758.0,-0.2943367660045624,-0.08436894416809082,27.277080535888672
12.0,61762.0,-0.2934209406375885,-0.08436894416809082,27.236536026000977
12.0,61766.0,-0.2924928069114685,-0.08436894416809082,27.192752838134766
12.0,61771.0,-0.2912895381450653,-0.08436894416809082,27.14628791809082
12.0,61780.0,-0.2890184819698334,-0.08436894416809082,27.0334529876709
12.0,61784.0,-0.2879466116428375,-0.08436894416809082,26.962953567504883
12.0,61789.0,-0.28656673431396484,-0.08436894416809082,26.90328598022461
12.0,61793.0,-0.2854250371456146,-0.08590292930603027,27.018739700317383
12.0,61798.0,-0.28394660353660583,-0.08590292930603027,26.935575485229492
12.0,61802.0,-0.28273099660873413,-0.08590292930603027,26.84992218017578
12.0,61806.0,-0.2814784348011017,-0.08743690699338913,26.955413818359375
12.0,61811.0,-0.2798932194709778,-0.08743690699338913,26.865659713745117
12.0,61815.0,-0.278587281703949,-0.08897088468074799,26.96826934814453
12.0,61819.0,-0.2769158184528351,-0.09050486981868744,27.31980323791504
12.0,61824.0,-0.275544136762619,-0.09050486981868744,26.99118995666504
12.0,61829.0,-0.27381929755210876,-0.0920388475060463,27.073945999145508
12.0,61835.0,-0.27168378233909607,-0.09357283264398575,27.12944793701172
12.0,61840.0,-0.26989322900772095,-0.0951068103313446,27.190902709960938
12.0,61846.0,-0.2677248418331146,-0.09664079546928406,27.256200790405273
12.0,61852.0,-0.2655564546585083,-0.09817477315664291,27.323129653930664
12.0,61856.0,-0.26412320137023926,-0.09817477315664291,27.256959915161133
12.0,61860.0,-0.26234906911849976,-0.09970875084400177,27.369365692138672
12.0,61865.0,-0.26093634963035583,-0.09970875084400177,27.292516708374023
12.0,61869.0,-0.25953593850135803,-0.09970875084400177,27.23329734802246
12.0,61873.0,-0.25813552737236023,-0.10124273598194122,27.3548583984375
12.0,61877.0,-0.25640246272087097,-0.10124273598194122,27.300050735473633
12.0,61882.0,-0.2550143599510193,-0.10124273598194122,27.233524322509766
12.0,61887.0,-0.25294455885887146,-0.10124273598194122,27.169937133789062
12.0,61891.0,-0.2515605688095093,-0.10124273598194122,27.118837356567383
12.0,61898.0,-0.24947844445705414,-0.10277671366930008,27.222469329833984
12.0,61904.0,-0.2473839819431305,-0.10277671366930008,27.148635864257812
12.0,61909.0,-0.24529774487018585,-0.10277671366930008,27.078081130981445
12.0,61915.0,-0.24353593587875366,-0.10277671366930008,27.004663467407227
12.0,61921.0,-0.24138809740543365,-0.10277671366930008,26.939546585083008
12.0,61927.0,-0.2392032891511917,-0.10277671366930008,26.84429931640625
12.0,61932.0,-0.2373223751783371,-0.10277671366930008,26.771121978759766
12.0,61938.0,-0.2350102663040161,-0.10277671366930008,26.674049377441406
12.0,61943.0,-0.23301848769187927,-0.10277671366930008,26.58674430847168
12.0,61948.0,-0.23096920549869537,-0.10431069880723953,26.69129180908203
12.0,61952.0,-0.22928953170776367,-0.10431069880723953,26.614212036132812
12.0,61957.0,-0.2267104685306549,-0.10584467649459839,26.67127227783203
12.0,61963.0,-0.22406570613384247,-0.10737866163253784,26.973281860351562
12.0,61968.0,-0.22225873172283173,-0.1089126393198967,26.792482376098633
12.0,61972.0,-0.22043120861053467,-0.1089126393198967,26.70275115966797
12.0,61976.0,-0.2176550328731537,-0.11044661700725555,26.769460678100586
12.0,61982.0,-0.2157905548810959,-0.11198060214519501,26.858789443969727
12.0,61986.0,-0.21391375362873077,-0.11351457983255386,27.19765281677246
12.0,61990.0,-0.21204106509685516,-0.11504856497049332,27.041746139526367
12.0,61994.0,-0.21017248928546906,-0.11504856497049332,26.95876693725586
12.0,61998.0,-0.20829568803310394,-0.11658254265785217,27.03400993347168
12.0,62002.0,-0.20596304535865784,-0.11811652034521103,27.133201599121094
12.0,62007.0,-0.20409034192562103,-0.11811652034521103,27.464162826538086
12.0,62011.0,-0.20222997665405273,-0.11965050548315048,27.1397705078125
12.0,62017.0,-0.19946612417697906,-0.12118448317050934,27.21282196044922
12.0,62022.0,-0.19674332439899445,-0.12118448317050934,27.134347915649414
12.0,62028.0,-0.19450514018535614,-0.12118448317050934,27.4705867767334
12.0,62034.0,-0.19183982908725739,-0.12271846830844879,27.150272369384766
12.0,62039.0,-0.1896221786737442,-0.12271846830844879,27.067047119140625
12.0,62044.0,-0.18741683661937714,-0.12271846830844879,26.997879028320312
12.0,62049.0,-0.18520739674568176,-0.12271846830844879,26.944936752319336
12.0,62054.0,-0.1829938441514969,-0.12271846830844879,26.86187744140625
12.0,62059.0,-0.1803080141544342,-0.12425244599580765,26.970115661621094
12.0,62063.0,-0.17850923538208008,-0.12271846830844879,26.735004425048828
12.0,62068.0,-0.17668582499027252,-0.12425244599580765,26.852140426635742
12.0,62071.0,-0.17484189569950104,-0.12425244599580765,26.790786743164062
12.0,62077.0,-0.17250923812389374,-0.12425244599580765,26.692129135131836
12.0,62083.0,-0.1696673482656479,-0.12425244599580765,26.591215133666992
12.0,62089.0,-0.16676796972751617,-0.1257864236831665,26.67760467529297
12.0,62093.0,-0.16481724381446838,-0.1257864236831665,26.60572052001953
12.0,62098.0,-0.16234496235847473,-0.12732040882110596,26.68881607055664
12.0,62103.0,-0.15936756134033203,-0.12732040882110596,26.576791763305664
12.0,62108.0,-0.15734702348709106,-0.1288543939590454,26.655412673950195
12.0,62114.0,-0.15427105128765106,-0.13038836419582367,26.980039596557617
12.0,62119.0,-0.1511334627866745,-0.13038836419582367,26.602100372314453
12.0,62123.0,-0.1495564728975296,-0.13192234933376312,26.69415855407715
12.0,62128.0,-0.14689938724040985,-0.13345633447170258,26.785484313964844
12.0,62131.0,-0.14476796984672546,-0.13499031960964203,27.126115798950195
12.0,62135.0,-0.14261601865291595,-0.13499031960964203,26.7883358001709
12.0,62140.0,-0.14048048853874207,-0.1365242898464203,26.86244010925293
12.0,62146.0,-0.1372607797384262,-0.13805827498435974,26.914875030517578
12.0,62152.0,-0.13404516875743866,-0.1395922601222992,26.989524841308594
12.0,62156.0,-0.13190144300460815,-0.14112623035907745,27.338056564331055
12.0,62162.0,-0.12872278690338135,-0.14112623035907745,26.97482681274414
12.0,62169.0,-0.12507186830043793,-0.1426602154970169,27.01755142211914
12.0,62175.0,-0.12198767811059952,-0.14419420063495636,27.114526748657227
12.0,62179.0,-0.11994661390781403,-0.14419420063495636,27.039379119873047
12.0,62186.0,-0.11590144038200378,-0.14419420063495636,26.92152976989746
12.0,62192.0,-0.11288706213235855,-0.1457281857728958,27.278419494628906
12.0,62197.0,-0.11087063699960709,-0.1457281857728958,26.95845603942871
12.0,62207.0,-0.1058480516076088,-0.1457281857728958,26.81676483154297
12.0,62211.0,-0.10332649201154709,-0.1457281857728958,26.759029388427734
12.0,62219.0,-0.09976591169834137,-0.1457281857728958,26.6391658782959
12.0,62224.0,-0.0971868559718132,-0.1457281857728958,26.575136184692383
12.0,62229.0,-0.09405749291181564,-0.14726215600967407,26.652965545654297
12.0,62235.0,-0.0914086252450943,-0.14726215600967407,26.546287536621094
12.0,62239.0,-0.08873511105775833,-0.14726215600967407,26.472753524780273
12.0,62243.0,-0.08710882812738419,-0.14879614114761353,26.573999404907227
12.0,62250.0,-0.08326488733291626,-0.15033012628555298,26.610715866088867
12.0,62254.0,-0.08102669566869736,-0.15033012628555298,26.527658462524414
12.0,62259.0,-0.07823408395051956,-0.15186409652233124,26.624000549316406
12.0,62263.0,-0.07597946375608444,-0.1533980816602707,26.966028213500977
12.0,62269.0,-0.0725872665643692,-0.15493206679821014,27.019472122192383
12.0,62273.0,-0.07029979676008224,-0.15493206679821014,26.681344985961914
12.0,62279.0,-0.06685831397771835,-0.1564660519361496,26.731142044067383
12.0,62285.0,-0.06339630484580994,-0.15800002217292786,26.777511596679688
12.0,62290.0,-0.060533881187438965,-0.1595340073108673,26.831768035888672
12.0,62296.0,-0.05710883066058159,-0.16106799244880676,26.891372680664062
12.0,62303.0,-0.05317043140530586,-0.16260196268558502,26.95778465270996
12.0,62309.0,-0.049819301813840866,-0.16413594782352448,27.028945922851562
12.0,62314.0,-0.04703490808606148,-0.16413594782352448,26.922945022583008
12.0,62319.0,-0.044283367693424225,-0.16566993296146393,27.036319732666016
12.0,62324.0,-0.04098973423242569,-0.16566993296146393,26.93747901916504
12.0,62330.0,-0.03827515244483948,-0.1672039031982422,27.02143669128418
12.0,62336.0,-0.035030800849199295,-0.1672039031982422,26.948328018188477
12.0,62341.0,-0.03181108832359314,-0.1672039031982422,26.85910987854004
12.0,62347.0,-0.02913757786154747,-0.1672039031982422,27.200439453125
12.0,62353.0,-0.02592197060585022,-0.16873788833618164,26.876239776611328
12.0,62357.0,-0.023802874609827995,-0.16873788833618164,26.80838394165039
12.0,62363.0,-0.020607803016901016,-0.16873788833618164,26.735349655151367
12.0,62368.0,-0.017934290692210197,-0.16873788833618164,26.6617488861084
12.0,62372.0,-0.015778234228491783,-0.16873788833618164,26.598617553710938
12.0,62377.0,-0.013055441901087761,-0.1702718734741211,26.678607940673828
12.0,62381.0,-0.010866530239582062,-0.1702718734741211,26.60970687866211
12.0,62385.0,-0.008648870512843132,-0.1702718734741211,26.539718627929688
12.0,62389.0,-0.005864476319402456,-0.17180585861206055,26.645315170288086
12.0,62393.0,-0.003618069924414158,-0.17180585861206055,26.570859909057617
12.0,62398.0,-0.0013552361633628607,-0.1733398288488388,26.67235565185547
12.0,62402.0,0.0009075975394807756,-0.1733398288488388,26.597885131835938
12.0,62406.0,0.0031909651588648558,-0.17487381398677826,26.67690086364746
12.0,62411.0,0.006032854318618774,-0.1764077991247177,26.76272964477539
12.0,62417.0,0.010016427375376225,-0.17794176936149597,26.824995040893555
12.0,62425.0,0.014562628231942654,-0.17947575449943542,26.852067947387695
12.0,62430.0,0.016850102692842484,-0.17947575449943542,26.756467819213867
12.0,62434.0,0.019133470952510834,-0.18100973963737488,26.85588836669922
12.0,62439.0,0.02255852147936821,-0.18254372477531433,26.943283081054688
12.0,62444.0,0.02481314167380333,-0.18254372477531433,26.872961044311523
12.0,62448.0,0.027055442333221436,-0.1840776950120926,26.965394973754883
12.0,62453.0,0.02982751466333866,-0.1840776950120926,27.313274383544922
12.0,62458.0,0.03259548172354698,-0.18561168015003204,26.983314514160156
12.0,62464.0,0.035860370844602585,-0.18561168015003204,26.908878326416016
12.0,62469.0,0.03911704197525978,-0.1871456652879715,26.99760627746582
12.0,62474.0,0.04126899316906929,-0.1871456652879715,26.925369262695312
12.0,62479.0,0.04395071789622307,-0.1871456652879715,26.86916160583496
12.0,62483.0,0.046082135289907455,-0.18867963552474976,26.992265701293945
12.0,62487.0,0.04822176694869995,-0.18867963552474976,26.919904708862305
12.0,62493.0,0.051412731409072876,-0.18867963552474976,26.835670471191406
12.0,62499.0,0.0546036958694458,-0.18867963552474976,26.76587677001953
12.0,62504.0,0.05725667253136635,-0.1902136206626892,26.857627868652344
12.0,62509.0,0.0599137581884861,-0.1902136206626892,26.802091598510742
12.0,62513.0,0.062024641782045364,-0.1902136206626892,26.745344161987305
12.0,62517.0,0.06415195018053055,-0.19174760580062866,26.848827362060547
12.0,62521.0,0.06628336757421494,-0.19174760580062866,26.789180755615234
12.0,62527.0,0.06949897110462189,-0.19174760580062866,26.69368553161621
12.0,62533.0,0.07272689789533615,-0.19328159093856812,26.794010162353516
12.0,62539.0,0.07595482468605042,-0.19328159093856812,26.698654174804688
12.0,62543.0,0.07810267060995102,-0.19481556117534637,26.79735565185547
12.0,62550.0,0.08187679946422577,-0.19634954631328583,26.860380172729492
12.0,62554.0,0.08403696119785309,-0.19634954631328583,26.79619026184082
12.0,62558.0,0.08673511445522308,-0.19788353145122528,27.156940460205078
12.0,62566.0,0.09050924330949783,-0.19788353145122528,26.77739906311035
12.0,62575.0,0.09536345303058624,-0.200951486825943,26.98751449584961
12.0,62579.0,0.09804517775774002,-0.200951486825943,26.919347763061523
12.0,62585.0,0.10073511302471161,-0.20248547196388245,27.000736236572266
12.0,62589.0,0.102866530418396,-0.2040194571018219,27.364837646484375
12.0,62596.0,0.10709650814533234,-0.2040194571018219,27.0120849609375
12.0,62601.0,0.10917864739894867,-0.20555342733860016,27.117334365844727
12.0,62606.0,0.11176591366529465,-0.20555342733860016,27.052692413330078
12.0,62612.0,0.11533470451831818,-0.2070874124765396,27.149141311645508
12.0,62619.0,0.11836139857769012,-0.2070874124765396,27.07562255859375
12.0,62625.0,0.12137987464666367,-0.2070874124765396,26.99917984008789
12.0,62631.0,0.12435318529605865,-0.20862139761447906,27.106306076049805
12.0,62636.0,0.1268254667520523,-0.20862139761447906,27.036304473876953
12.0,62642.0,0.12974126636981964,-0.20862139761447906,26.969131469726562
12.0,62647.0,0.13266940414905548,-0.20862139761447906,26.91120147705078
12.0,62653.0,0.1351047158241272,-0.21015536785125732,27.016605377197266
12.0,62658.0,0.13804517686367035,-0.21015536785125732,26.95430564880371
12.0,62663.0,0.14048048853874207,-0.21015536785125732,26.891529083251953
12.0,62670.0,0.1434045135974884,-0.21168935298919678,26.994354248046875
12.0,62675.0,0.1458398401737213,-0.21168935298919678,26.915996551513672
12.0,62681.0,0.14876796305179596,-0.21322333812713623,27.02791404724121
12.0,62685.0,0.15072278678417206,-0.21322333812713623,26.960336685180664
12.0,62689.0,0.15267762541770935,-0.21475732326507568,27.083621978759766
12.0,62694.0,0.15512114763259888,-0.21475732326507568,27.01447868347168
12.0,62699.0,0.1575564742088318,-0.21475732326507568,26.9597225189209
12.0,62703.0,0.1599835753440857,-0.21629129350185394,27.0693302154541
12.0,62709.0,0.16238193213939667,-0.21629129350185394,27.005800247192383
12.0,62713.0,0.16429980099201202,-0.2178252786397934,27.117572784423828
12.0,62719.0,0.16714578866958618,-0.2178252786397934,27.056703567504883
12.0,62723.0,0.1690349131822586,-0.21935926377773285,27.17160987854004
12.0,62727.0,0.1713634431362152,-0.21935926377773285,27.12751579284668
12.0,62732.0,0.1732073873281479,-0.2208932340145111,27.509212493896484
12.0,62736.0,0.17503900825977325,-0.2208932340145111,27.215831756591797
12.0,62740.0,0.17728541791439056,-0.2208932340145111,27.1561279296875
12.0,62745.0,0.17951950430870056,-0.2208932340145111,27.116186141967773
12.0,62750.0,0.18128952383995056,-0.22242721915245056,27.234880447387695
12.0,62755.0,0.18351128697395325,-0.22242721915245056,27.193603515625
12.0,62759.0,0.1856960952281952,-0.22242721915245056,27.156007766723633
12.0,62764.0,0.18744148313999176,-0.22242721915245056,27.115694046020508
12.0,62769.0,0.1896098554134369,-0.22242721915245056,27.068504333496094
12.0,62772.0,0.19133470952510834,-0.22242721915245056,27.02881622314453
12.0,62776.0,0.1930677592754364,-0.22396120429039001,27.165790557861328
12.0,62781.0,0.19479671120643616,-0.22396120429039001,27.114933013916016
12.0,62785.0,0.1965215653181076,-0.22396120429039001,27.071582794189453
12.0,62790.0,0.19868993759155273,-0.22549518942832947,27.455015182495117
12.0,62794.0,0.2004188895225525,-0.22549518942832947,27.149747848510742
12.0,62799.0,0.2025790512561798,-0.22549518942832947,27.094636917114258
12.0,62805.0,0.20514579117298126,-0.22702915966510773,27.2182674407959
12.0,62809.0,0.2068583220243454,-0.22702915966510773,27.164306640625
12.0,62814.0,0.20896509289741516,-0.22702915966510773,27.112838745117188
12.0,62820.0,0.21148665249347687,-0.22856314480304718,27.22644805908203
12.0,62824.0,0.21315811574459076,-0.22856314480304718,27.186656951904297
12.0,62830.0,0.21565093100070953,-0.23009712994098663,27.55885887145996
12.0,62836.0,0.218131422996521,-0.23009712994098663,27.248523712158203
12.0,62841.0,0.22016838192939758,-0.23009712994098663,27.186887741088867
12.0,62847.0,0.2226036936044693,-0.2316311001777649,27.30659294128418
12.0,62853.0,0.22501437366008759,-0.23316508531570435,27.42626190185547
12.0,62859.0,0.22737987339496613,-0.23316508531570435,27.38240623474121
12.0,62864.0,0.2296919971704483,-0.23316508531570435,27.334060668945312
12.0,62871.0,0.23195071518421173,-0.23316508531570435,27.290674209594727
12.0,62875.0,0.23344969749450684,-0.2346990704536438,27.438886642456055
12.0,62879.0,0.23493224382400513,-0.2346990704536438,27.403430938720703
12.0,62883.0,0.23674742877483368,-0.2346990704536438,27.377864837646484
12.0,62888.0,0.23819711804389954,-0.2346990704536438,27.34317970275879
12.0,62892.0,0.23962628841400146,-0.2346990704536438,27.319631576538086
12.0,62896.0,0.24103491008281708,-0.2346990704536438,27.293376922607422
12.0,62901.0,0.24314579367637634,-0.2346990704536438,27.26319694519043
12.0,62906.0,0.24454620480537415,-0.2346990704536438,27.235759735107422
12.0,62912.0,0.2466488778591156,-0.2346990704536438,27.186954498291016
12.0,62918.0,0.24909651279449463,-0.23623304069042206,27.319053649902344
12.0,62924.0,0.2508583068847656,-0.23623304069042206,27.277814865112305
12.0,62929.0,0.2529568672180176,-0.2377670258283615,27.65662384033203
12.0,62935.0,0.25470635294914246,-0.2377670258283615,27.364198684692383
12.0,62939.0,0.256082147359848,-0.2377670258283615,27.324508666992188
12.0,62943.0,0.2574537992477417,-0.2377670258283615,27.30191421508789
12.0,62950.0,0.2598069906234741,-0.23930101096630096,27.426921844482422
12.0,62954.0,0.26113757491111755,-0.23930101096630096,27.39882469177246
12.0,62959.0,0.2627720832824707,-0.24083499610424042,27.54290199279785
12.0,62965.0,0.2647145688533783,-0.24083499610424042,27.497106552124023
12.0,62970.0,0.2662997841835022,-0.24083499610424042,27.46637535095215
12.0,62974.0,0.26755645871162415,-0.24083499610424042,27.44089698791504
12.0,62979.0,0.26942914724349976,-0.24236896634101868,27.58681297302246
12.0,62984.0,0.27066120505332947,-0.24236896634101868,27.556598663330078
12.0,62989.0,0.2721971273422241,-0.24236896634101868,27.531845092773438
12.0,62993.0,0.2734045088291168,-0.24236896634101868,27.50880241394043
12.0,62997.0,0.2745913863182068,-0.24390295147895813,27.659788131713867
12.0,63003.0,0.27631622552871704,-0.24390295147895813,27.63998031616211
12.0,63009.0,0.27799999713897705,-0.24390295147895813,27.616390228271484
12.0,63014.0,0.2793593406677246,-0.24390295147895813,27.599884033203125
12.0,63019.0,0.28097331523895264,-0.24390295147895813,27.579286575317383
12.0,63025.0,0.28228747844696045,-0.24390295147895813,27.560564041137695
12.0,63030.0,0.2836139500141144,-0.24390295147895813,27.540042877197266
12.0,63036.0,0.28516632318496704,-0.24390295147895813,27.523393630981445
12.0,63042.0,0.2867227792739868,-0.24543693661689758,27.677078247070312
12.0,63047.0,0.28798356652259827,-0.24543693661689758,27.656099319458008
12.0,63053.0,0.2894907593727112,-0.24543693661689758,27.634628295898438
12.0,63060.0,0.2911745309829712,-0.24543693661689758,27.61420249938965
12.0,63064.0,0.2921273112297058,-0.24543693661689758,27.60393714904785
12.0,63069.0,0.29327309131622314,-0.24543693661689758,27.594581604003906
12.0,63073.0,0.29420122504234314,-0.24543693661689758,27.581165313720703
12.0,63078.0,0.29534703493118286,-0.24543693661689758,27.56720733642578
12.0,63082.0,0.29625463485717773,-0.24543693661689758,27.549726486206055
12.0,63086.0,0.2971663177013397,-0.24543693661689758,27.536094665527344
12.0,63091.0,0.2982874810695648,-0.24697090685367584,27.70003318786621
12.0,63095.0,0.2991950809955597,-0.24697090685367584,27.678668975830078
12.0,63099.0,0.3003244400024414,-0.24697090685367584,27.661561965942383
12.0,63103.0,0.30121150612831116,-0.24697090685367584,27.64474105834961
12.0,63109.0,0.30230802297592163,-0.24697090685367584,27.624616622924805
12.0,63113.0,0.3033798635005951,-0.2485048919916153,27.784080505371094
12.0,63119.0,0.3044312000274658,-0.2485048919916153,27.762754440307617
12.0,63128.0,0.3062751591205597,-0.2485048919916153,27.737123489379883
12.0,63133.0,0.30727308988571167,-0.25003886222839355,27.899648666381836
12.0,63137.0,0.3082299828529358,-0.25003886222839355,27.888830184936523
12.0,63142.0,0.3089650869369507,-0.25003886222839355,27.88242530822754
12.0,63145.0,0.30968376994132996,-0.25003886222839355,27.87775230407715
12.0,63152.0,0.31090348958969116,-0.25003886222839355,27.869335174560547
12.0,63158.0,0.31175360083580017,-0.25003886222839355,27.862533569335938
12.0,63163.0,0.31257906556129456,-0.25003886222839355,27.859554290771484
12.0,63169.0,0.3135277330875397,-0.251572847366333,28.0367488861084
12.0,63174.0,0.3142710328102112,-0.251572847366333,28.03972053527832
12.0,63180.0,0.3151211440563202,-0.251572847366333,28.0455265045166
12.0,63185.0,0.31592196226119995,-0.25003886222839355,27.8757381439209
12.0,63191.0,0.31658726930618286,-0.25003886222839355,27.881378173828125
12.0,63197.0,0.3173593282699585,-0.25003886222839355,27.884044647216797
12.0,63203.0,0.31825461983680725,-0.25003886222839355,27.887531280517578
12.0,63208.0,0.3187392055988312,-0.25003886222839355,27.891141891479492
12.0,63213.0,0.3193347156047821,-0.25003886222839355,27.89557456970215
12.0,63219.0,0.32001641392707825,-0.25003886222839355,27.901216506958008
12.0,63225.0,0.32068994641304016,-0.25003886222839355,27.902069091796875
12.0,63230.0,0.32135114073753357,-0.25003886222839355,27.903932571411133
12.0,63237.0,0.3221273124217987,-0.251572847366333,28.078523635864258
12.0,63243.0,0.322673499584198,-0.251572847366333,28.076461791992188
12.0,63249.0,0.32327720522880554,-0.251572847366333,28.077526092529297
12.0,63254.0,0.32382750511169434,-0.251572847366333,28.083799362182617
12.0,63259.0,0.3241724967956543,-0.251572847366333,28.09127426147461
12.0,63263.0,0.32448869943618774,-0.251572847366333,28.097610473632812
12.0,63268.0,0.3248459994792938,-0.251572847366333,28.113431930541992
12.0,63273.0,0.3251786530017853,-0.251572847366333,28.12717628479004
12.0,63278.0,0.3254948556423187,-0.251572847366333,28.138282775878906
12.0,63282.0,0.3257371783256531,-0.251572847366333,28.151626586914062
12.0,63286.0,0.3259589374065399,-0.251572847366333,28.16242027282715
12.0,63294.0,0.3263819217681885,-0.251572847366333,28.182401657104492
12.0,63299.0,0.32666531205177307,-0.251572847366333,28.19939613342285
12.0,63305.0,0.32690349221229553,-0.251572847366333,28.212162017822266
12.0,63311.0,0.32718685269355774,-0.251572847366333,28.219240188598633
12.0,63316.0,0.3274209499359131,-0.251572847366333,28.227725982666016
12.0,63320.0,0.3275975286960602,-0.251572847366333,28.232553482055664
12.0,63326.0,0.32784804701805115,-0.251572847366333,28.242244720458984
12.0,63333.0,0.32811087369918823,-0.25310683250427246,28.428722381591797
12.0,63339.0,0.32829567790031433,-0.25310683250427246,28.44289207458496
12.0,63345.0,0.32842299342155457,-0.25310683250427246,28.457740783691406
12.0,63349.0,0.32848048210144043,-0.25310683250427246,28.474149703979492
12.0,63355.0,0.3285338878631592,-0.25310683250427246,28.492334365844727
12.0,63361.0,0.3285585343837738,-0.25310683250427246,28.519058227539062
12.0,63365.0,0.3285585343837738,-0.25310683250427246,28.53333282470703
12.0,63370.0,0.3285585343837738,-0.25310683250427246,28.549163818359375
12.0,63375.0,0.3285585343837738,-0.25310683250427246,28.562849044799805
12.0,63381.0,0.3285585343837738,-0.25310683250427246,28.574504852294922
12.0,63386.0,0.3285585343837738,-0.2546408176422119,28.763916015625
12.0,63392.0,0.3285585343837738,-0.2546408176422119,28.772727966308594
12.0,63397.0,0.3285544216632843,-0.2546408176422119,28.77875328063965
12.0,63401.0,0.3285544216632843,-0.25617480278015137,28.95988655090332
12.0,63406.0,0.3285544216632843,-0.25617480278015137,28.962051391601562
12.0,63410.0,0.3285461962223053,-0.2577087879180908,29.143367767333984
12.0,63414.0,0.3285420835018158,-0.2577087879180908,29.144529342651367
12.0,63419.0,0.32851335406303406,-0.2592427730560303,29.575319290161133
12.0,63423.0,0.32848048210144043,-0.2592427730560303,29.32864761352539
12.0,63429.0,0.32842710614204407,-0.26077672839164734,29.509552001953125
12.0,63433.0,0.3283778131008148,-0.26077672839164734,29.516489028930664
12.0,63439.0,0.32824641466140747,-0.2623107135295868,29.705839157104492
12.0,63443.0,0.32813140749931335,-0.2623107135295868,29.71782875061035
12.0,63449.0,0.3279096484184265,-0.26384469866752625,29.91279411315918
12.0,63454.0,0.32764682173728943,-0.26384469866752625,29.9372615814209
12.0,63460.0,0.32737165689468384,-0.2653786838054657,30.140888214111328
12.0,63464.0,0.3271252512931824,-0.2653786838054657,30.163883209228516
12.0,63468.0,0.3267597556114197,-0.2653786838054657,30.199052810668945
12.0,63473.0,0.3264312148094177,-0.2653786838054657,30.23016357421875
12.0,63478.0,0.3259548246860504,-0.2653786838054657,30.27716064453125
12.0,63482.0,0.32551950216293335,-0.2653786838054657,30.330808639526367
12.0,63486.0,0.3250349164009094,-0.2653786838054657,30.379947662353516
12.0,63490.0,0.32450923323631287,-0.2653786838054657,30.43269920349121
12.0,63494.0,0.32392609119415283,-0.26384469866752625,30.313310623168945
12.0,63499.0,0.3231293559074402,-0.26384469866752625,30.37641143798828
12.0,63503.0,0.32244762778282166,-0.2623107135295868,30.26336669921875
12.0,63507.0,0.3217248320579529,-0.2623107135295868,30.349098205566406
12.0,63513.0,0.32060369849205017,-0.26077672839164734,30.255094528198242
12.0,63518.0,0.3196098506450653,-0.2592427730560303,30.18399429321289
12.0,63524.0,0.3183737099170685,-0.2577087879180908,30.114391326904297
12.0,63529.0,0.3170800805091858,-0.25617480278015137,30.025602340698242
12.0,63535.0,0.31601232290267944,-0.2546408176422119,29.93099021911621
12.0,63541.0,0.3147638738155365,-0.25310683250427246,29.841747283935547
12.0,63545.0,0.31375768780708313,-0.251572847366333,29.479427337646484
12.0,63551.0,0.3127761781215668,-0.251572847366333,29.798072814941406
12.0,63557.0,0.31164681911468506,-0.251572847366333,29.859304428100586
12.0,63563.0,0.3105503022670746,-0.251572847366333,29.900489807128906
12.0,63569.0,0.30949485301971436,-0.251572847366333,29.945478439331055
12.0,63574.0,0.30863243341445923,-0.251572847366333,29.984146118164062
12.0,63580.0,0.30742505192756653,-0.251572847366333,30.021331787109375
12.0,63584.0,0.30689117312431335,-0.251572847366333,30.048599243164062
12.0,63589.0,0.3059999942779541,-0.251572847366333,30.075403213500977
12.0,63593.0,0.30528131127357483,-0.251572847366333,30.107332229614258
12.0,63597.0,0.30436959862709045,-0.25310683250427246,30.312196731567383
12.0,63604.0,0.30326899886131287,-0.25310683250427246,30.35002899169922
12.0,63609.0,0.302110880613327,-0.25310683250427246,30.39626121520996
12.0,63613.0,0.3015071749687195,-0.25310683250427246,30.430938720703125
12.0,63617.0,0.3006611764431,-0.25310683250427246,30.47076416015625
12.0,63622.0,0.2995688021183014,-0.25310683250427246,30.524293899536133
12.0,63626.0,0.29866528511047363,-0.25310683250427246,30.56774139404297
12.0,63632.0,0.2972484529018402,-0.25310683250427246,30.64096450805664
12.0,63636.0,0.29626283049583435,-0.25310683250427246,30.696428298950195
12.0,63641.0,0.29496097564697266,-0.25310683250427246,30.753461837768555
12.0,63645.0,0.2938726842403412,-0.251572847366333,30.63872528076172
12.0,63651.0,0.29217249155044556,-0.251572847366333,30.738182067871094
12.0,63656.0,0.2907022535800934,-0.25003886222839355,30.66635513305664
12.0,63661.0,0.2891581058502197,-0.2485048919916153,30.582420349121094
12.0,63665.0,0.28789323568344116,-0.2485048919916153,30.661272048950195
12.0,63671.0,0.28592607378959656,-0.24697090685367584,30.603479385375977
12.0,63676.0,0.28425052762031555,-0.24543693661689758,30.506925582885742
12.0,63681.0,0.28219300508499146,-0.24390295147895813,30.450210571289062
12.0,63688.0,0.2798028886318207,-0.24083499610424042,30.22861671447754
12.0,63694.0,0.2777741253376007,-0.23930101096630096,30.15544319152832
12.0,63700.0,0.2761026620864868,-0.23930101096630096,30.237340927124023
12.0,63706.0,0.2741560637950897,-0.2377670258283615,30.159345626831055
12.0,63710.0,0.27286651730537415,-0.23623304069042206,30.034875869750977
12.0,63714.0,0.2715893089771271,-0.23623304069042206,30.08527946472168
12.0,63719.0,0.2700328528881073,-0.23623304069042206,30.1290225982666
12.0,63723.0,0.2688008248806,-0.23623304069042206,30.182878494262695
12.0,63729.0,0.2669815123081207,-0.23623304069042206,30.229549407958984
12.0,63733.0,0.265765905380249,-0.23623304069042206,30.269067764282227
12.0,63743.0,0.2627802789211273,-0.23623304069042206,30.362728118896484
12.0,63749.0,0.2609815299510956,-0.23623304069042206,30.40484619140625
12.0,63766.0,0.25575360655784607,-0.2377670258283615,30.760072708129883
12.0,63777.0,0.25181931257247925,-0.2377670258283615,30.880346298217773
12.0,63782.0,0.25043120980262756,-0.2377670258283615,30.9522647857666
12.0,63786.0,0.24863654375076294,-0.23623304069042206,30.83436393737793
12.0,63791.0,0.24715811014175415,-0.23623304069042206,30.918224334716797
12.0,63795.0,0.24563860893249512,-0.23623304069042206,30.988643646240234
12.0,63799.0,0.24368788301944733,-0.2346990704536438,30.88468360900879
12.0,63804.0,0.2420862466096878,-0.2346990704536438,30.96219825744629
12.0,63808.0,0.24044764041900635,-0.23316508531570435,30.884811401367188
12.0,63812.0,0.23878028988838196,-0.2316311001777649,30.790632247924805
12.0,63816.0,0.23708419501781464,-0.23009712994098663,30.69856834411621
12.0,63821.0,0.23493634164333344,-0.22856314480304718,30.356592178344727
12.0,63824.0,0.23320329189300537,-0.22856314480304718,30.69122314453125
12.0,63829.0,0.231449693441391,-0.22702915966510773,30.599409103393555
12.0,63833.0,0.2297002077102661,-0.22549518942832947,30.254003524780273
12.0,63837.0,0.22794251143932343,-0.22396120429039001,30.428701400756836
12.0,63841.0,0.22618070244789124,-0.22396120429039001,30.509201049804688
12.0,63845.0,0.22443531453609467,-0.22242721915245056,30.406314849853516
12.0,63849.0,0.22225873172283173,-0.2208932340145111,30.053298950195312
12.0,63853.0,0.22096508741378784,-0.2208932340145111,30.371074676513672
12.0,63857.0,0.21885010600090027,-0.21935926377773285,30.255537033081055
12.0,63862.0,0.21716631948947906,-0.21935926377773285,30.31793975830078
12.0,63866.0,0.21550717949867249,-0.2178252786397934,30.6373233795166
12.0,63870.0,0.21386858820915222,-0.2178252786397934,30.26243019104004
12.0,63874.0,0.21224640309810638,-0.2178252786397934,30.310457229614258
12.0,63880.0,0.20986036956310272,-0.2178252786397934,30.367568969726562
12.0,63884.0,0.20827926695346832,-0.2178252786397934,30.410600662231445
12.0,63889.0,0.20633675158023834,-0.2178252786397934,30.45842933654785
12.0,63894.0,0.20399999618530273,-0.2178252786397934,30.518909454345703
12.0,63899.0,0.20245584845542908,-0.2178252786397934,30.564899444580078
12.0,63903.0,0.2009034901857376,-0.2178252786397934,30.604694366455078
12.0,63908.0,0.1989404559135437,-0.2178252786397934,30.645694732666016
12.0,63912.0,0.19737577438354492,-0.21935926377773285,30.874347686767578
12.0,63916.0,0.19578644633293152,-0.21935926377773285,30.919870376586914
12.0,63920.0,0.19375769793987274,-0.21935926377773285,30.968185424804688
12.0,63924.0,0.19209855794906616,-0.21935926377773285,31.022300720214844
12.0,63929.0,0.19039425253868103,-0.2178252786397934,30.654733657836914
12.0,63933.0,0.18866939842700958,-0.2178252786397934,30.96442413330078
12.0,63938.0,0.1864435374736786,-0.2178252786397934,31.067935943603516
12.0,63944.0,0.18370841443538666,-0.21629129350185394,30.981420516967773
12.0,63948.0,0.18183572590351105,-0.21629129350185394,31.078845977783203
12.0,63952.0,0.17944969236850739,-0.21475732326507568,30.982942581176758
12.0,63956.0,0.17800000309944153,-0.21475732326507568,31.06707000732422
12.0,63961.0,0.1755400449037552,-0.21322333812713623,30.97552490234375
12.0,63966.0,0.17255030572414398,-0.21168935298919678,30.929325103759766
12.0,63973.0,0.16953593492507935,-0.21015536785125732,30.881425857543945
12.0,63977.0,0.16701026260852814,-0.20862139761447906,30.811176300048828
12.0,63983.0,0.16448870301246643,-0.2070874124765396,30.759735107421875
12.0,63989.0,0.16146612167358398,-0.20555342733860016,30.27643394470215
12.0,63993.0,0.15945379436016083,-0.2040194571018219,30.603857040405273
12.0,63997.0,0.15696097910404205,-0.20248547196388245,30.500410079956055
12.0,64010.0,0.15106365084648132,-0.200951486825943,30.54530143737793
12.0,64016.0,0.14818480610847473,-0.19941750168800354,30.441709518432617
12.0,64021.0,0.1453675627708435,-0.19941750168800354,30.522428512573242
12.0,64028.0,0.14258727431297302,-0.19788353145122528,30.419269561767578
12.0,64033.0,0.13981930911540985,-0.19788353145122528,30.494436264038086
12.0,64039.0,0.1370800882577896,-0.19788353145122528,30.56273078918457
12.0,64045.0,0.13480493426322937,-0.19788353145122528,30.63002586364746
12.0,64051.0,0.13208213448524475,-0.19788353145122528,30.68743133544922
12.0,64056.0,0.1298069804906845,-0.19788353145122528,30.756107330322266
12.0,64062.0,0.12706366181373596,-0.19788353145122528,30.827880859375
12.0,64068.0,0.1242956891655922,-0.19788353145122528,30.9029541015625
12.0,64073.0,0.12195893377065659,-0.19788353145122528,30.97258949279785
12.0,64077.0,0.12006159871816635,-0.19788353145122528,31.02852439880371
12.0,64081.0,0.11814373731613159,-0.19788353145122528,31.08987045288086
12.0,64086.0,0.11519917845726013,-0.19788353145122528,31.173702239990234
12.0,64094.0,0.11167145520448685,-0.19634954631328583,31.14335060119629
12.0,64099.0,0.10907186567783356,-0.19481556117534637,30.795669555664062
12.0,64106.0,0.10535523295402527,-0.19328159093856812,30.766958236694336
12.0,64110.0,0.10319096595048904,-0.19174760580062866,30.699174880981445
12.0,64116.0,0.09990554302930832,-0.1902136206626892,30.9089412689209
12.0,64121.0,0.09658316522836685,-0.18867963552474976,30.84388542175293
12.0,64127.0,0.09323614090681076,-0.1871456652879715,30.80594825744629
12.0,64137.0,0.0876837745308876,-0.1840776950120926,30.667896270751953
12.0,64142.0,0.08548254519701004,-0.18254372477531433,30.571407318115234
12.0,64146.0,0.0832977443933487,-0.18100973963737488,30.494670867919922
12.0,64152.0,0.08006159961223602,-0.17947575449943542,30.422016143798828
12.0,64161.0,0.07536755502223969,-0.17794176936149597,30.381155014038086
12.0,64165.0,0.07334291934967041,-0.17794176936149597,30.43346405029297
12.0,64170.0,0.07083367556333542,-0.1764077991247177,30.07061004638672
12.0,64174.0,0.06886652857065201,-0.1764077991247177,30.364473342895508
12.0,64180.0,0.06594250351190567,-0.1764077991247177,30.419837951660156
12.0,64185.0,0.06355646997690201,-0.1764077991247177,30.468021392822266
12.0,64190.0,0.06119917705655098,-0.17794176936149597,30.699953079223633
12.0,64194.0,0.05933470278978348,-0.17794176936149597,30.72511863708496
12.0,64200.0,0.056537989526987076,-0.17794176936149597,30.779661178588867
12.0,64205.0,0.05418480560183525,-0.17794176936149597,30.828609466552734
12.0,64211.0,0.0513429157435894,-0.17947575449943542,31.320032119750977
12.0,64216.0,0.04845995828509331,-0.17947575449943542,31.389894485473633
12.0,64221.0,0.04651745408773422,-0.17794176936149597,31.02623748779297
12.0,64226.0,0.04405749589204788,-0.17947575449943542,31.258588790893555
12.0,64230.0,0.0415605753660202,-0.17794176936149597,31.1556339263916
12.0,64235.0,0.039511293172836304,-0.17794176936149597,31.22099494934082
12.0,64239.0,0.03690759837627411,-0.17794176936149597,31.3105411529541
12.0,64243.0,0.035310059785842896,-0.1764077991247177,31.208703994750977
12.0,64247.0,0.0326119102537632,-0.17487381398677826,30.862308502197266
12.0,64252.0,0.030398357659578323,-0.17487381398677826,31.199796676635742
12.0,64255.0,0.02816837839782238,-0.1733398288488388,31.10964584350586
12.0,64261.0,0.02535523660480976,-0.17180585861206055,31.06705093383789
12.0,64266.0,0.0219425056129694,-0.1702718734741211,31.003820419311523
12.0,64272.0,0.019075974822044373,-0.1672039031982422,30.78704071044922
12.0,64279.0,0.014501026831567287,-0.16566993296146393,30.764766693115234
12.0,64284.0,0.012238193303346634,-0.16413594782352448,30.690847396850586
12.0,64289.0,0.009425051510334015,-0.16260196268558502,30.594449996948242
12.0,64294.0,0.006661191117018461,-0.16106799244880676,30.510061264038086
12.0,64298.0,0.003930184990167618,-0.1595340073108673,30.420446395874023
12.0,64303.0,0.0017782340291887522,-0.15800002217292786,30.05847930908203
12.0,64307.0,-0.0008706365479156375,-0.15800002217292786,30.385066986083984
12.0,64312.0,-0.00295277195982635,-0.1564660519361496,30.274335861206055
12.0,64318.0,-0.006008213385939598,-0.1564660519361496,30.336170196533203
12.0,64323.0,-0.008985626511275768,-0.1564660519361496,30.39967155456543
12.0,64329.0,-0.011893223971128464,-0.1564660519361496,30.4565372467041
12.0,64335.0,-0.014739220030605793,-0.1564660519361496,30.506553649902344
12.0,64342.0,-0.017544148489832878,-0.1564660519361496,30.55290985107422
12.0,64348.0,-0.020308008417487144,-0.1564660519361496,30.604158401489258
12.0,64354.0,-0.023059548810124397,-0.15800002217292786,30.818885803222656
12.0,64358.0,-0.02488706447184086,-0.15800002217292786,30.858356475830078
12.0,64364.0,-0.027667351067066193,-0.15800002217292786,30.913047790527344
12.0,64370.0,-0.030484599992632866,-0.15800002217292786,30.977584838867188
12.0,64375.0,-0.03287474438548088,-0.15800002217292786,31.03628158569336
12.0,64380.0,-0.035301849246025085,-0.15800002217292786,31.089195251464844
12.0,64384.0,-0.037277206778526306,-0.15800002217292786,31.146480560302734
12.0,64389.0,-0.040295686572790146,-0.1564660519361496,30.814002990722656
12.0,64394.0,-0.04235318303108215,-0.1564660519361496,31.13168716430664
12.0,64398.0,-0.04442710429430008,-0.15493206679821014,31.043354034423828
12.0,64403.0,-0.04707597568631172,-0.15493206679821014,31.139253616333008
12.0,64408.0,-0.049724847078323364,-0.1533980816602707,31.03728485107422
12.0,64412.0,-0.05189322307705879,-0.15186409652233124,30.96445083618164
12.0,64416.0,-0.05406981334090233,-0.15033012628555298,30.868648529052734
12.0,64421.0,-0.056817248463630676,-0.14879614114761353,30.777441024780273
12.0,64427.0,-0.06011088192462921,-0.14726215600967407,30.743480682373047
12.0,64433.0,-0.06340451538562775,-0.14419420063495636,30.510034561157227
12.0,64438.0,-0.06611499190330505,-0.1426602154970169,30.429702758789062
12.0,64443.0,-0.06882135570049286,-0.14112623035907745,30.07860565185547
12.0,64447.0,-0.07093223929405212,-0.1395922601222992,29.98311424255371
12.0,64453.0,-0.07405339181423187,-0.1395922601222992,30.31203269958496
12.0,64457.0,-0.07607392221689224,-0.13805827498435974,30.200551986694336
12.0,64461.0,-0.07806160300970078,-0.13805827498435974,29.824371337890625
12.0,64466.0,-0.0814332664012909,-0.1365242898464203,30.13432502746582
12.0,64476.0,-0.08510061353445053,-0.1365242898464203,30.196502685546875
12.0,64481.0,-0.0873059555888176,-0.1365242898464203,30.232807159423828
12.0,64487.0,-0.09030389785766602,-0.1365242898464203,30.25750732421875
12.0,64492.0,-0.09198767691850662,-0.13805827498435974,30.458026885986328
12.0,64498.0,-0.09446406364440918,-0.1395922601222992,30.906251907348633
12.0,64504.0,-0.09692402184009552,-0.1395922601222992,30.681739807128906
12.0,64509.0,-0.09897740930318832,-0.1395922601222992,30.700639724731445
12.0,64513.0,-0.100632444024086,-0.14112623035907745,30.908817291259766
12.0,64517.0,-0.10273100435733795,-0.14112623035907745,30.936832427978516
12.0,64523.0,-0.10489117354154587,-0.14112623035907745,30.9833984375
12.0,64529.0,-0.10754414647817612,-0.14112623035907745,31.06199073791504
12.0,64535.0,-0.11027926206588745,-0.14112623035907745,31.127782821655273
12.0,64541.0,-0.11310061812400818,-0.1395922601222992,31.05801010131836
12.0,64547.0,-0.11598357558250427,-0.13805827498435974,30.9822940826416
12.0,64553.0,-0.11893223971128464,-0.1365242898464203,30.9141788482666
12.0,64559.0,-0.12192197144031525,-0.13345633447170258,30.671907424926758
12.0,64566.0,-0.125420942902565,-0.13192234933376312,30.625581741333008
12.0,64572.0,-0.12841889262199402,-0.13038836419582367,30.539958953857422
12.0,64577.0,-0.13140040636062622,-0.1288543939590454,30.470378875732422
12.0,64583.0,-0.13384805619716644,-0.12732040882110596,30.377140045166016
12.0,64587.0,-0.13626283407211304,-0.1257864236831665,30.27842140197754
12.0,64592.0,-0.13816426694393158,-0.12425244599580765,30.159364700317383
12.0,64596.0,-0.14002464711666107,-0.12271846830844879,30.04703712463379
12.0,64600.0,-0.1422956883907318,-0.12271846830844879,30.09319305419922
12.0,64605.0,-0.1440657079219818,-0.12118448317050934,29.96619987487793
12.0,64610.0,-0.1462012380361557,-0.12118448317050934,30.004108428955078
12.0,64619.0,-0.1498439460992813,-0.12118448317050934,30.049110412597656
12.0,64624.0,-0.15176591277122498,-0.12118448317050934,30.06932258605957
12.0,64631.0,-0.15438193082809448,-0.12271846830844879,30.515165328979492
12.0,64636.0,-0.15618069469928741,-0.12271846830844879,30.271148681640625
12.0,64640.0,-0.15760575234889984,-0.12271846830844879,30.278982162475586
12.0,64646.0,-0.15972073376178741,-0.12425244599580765,30.468914031982422
12.0,64654.0,-0.16286242008209229,-0.1257864236831665,30.663719177246094
12.0,64660.0,-0.16498151421546936,-0.1257864236831665,30.687007904052734
12.0,64666.0,-0.1667802929878235,-0.1257864236831665,30.719970703125
12.0,64672.0,-0.16897331178188324,-0.1257864236831665,30.75246238708496
12.0,64676.0,-0.17046406865119934,-0.1257864236831665,30.783950805664062
12.0,64681.0,-0.17236140370368958,-0.1257864236831665,30.839435577392578
12.0,64685.0,-0.17390555143356323,-0.1257864236831665,30.882617950439453
12.0,64690.0,-0.17588090896606445,-0.1257864236831665,30.931882858276367
12.0,64694.0,-0.1774948686361313,-0.12425244599580765,30.806013107299805
12.0,64698.0,-0.17914168536663055,-0.12271846830844879,30.45101547241211
12.0,64703.0,-0.1812279224395752,-0.12271846830844879,30.77769660949707
12.0,64709.0,-0.18377824127674103,-0.12118448317050934,30.6984920501709
12.0,64715.0,-0.1863614022731781,-0.11811652034521103,30.42613410949707
12.0,64721.0,-0.18894456326961517,-0.11658254265785217,30.363656997680664
12.0,64727.0,-0.19190554320812225,-0.11351457983255386,29.84882164001465
12.0,64733.0,-0.19398356974124908,-0.11198060214519501,29.756906509399414
12.0,64739.0,-0.19639013707637787,-0.11198060214519501,30.076610565185547
12.0,64745.0,-0.19870226085186005,-0.11044661700725555,29.947139739990234
12.0,64750.0,-0.20055441558361053,-0.1089126393198967,29.81865692138672
12.0,64755.0,-0.20234496891498566,-0.1089126393198967,29.84450340270996
12.0,64760.0,-0.2040615975856781,-0.1089126393198967,29.869104385375977
12.0,64763.0,-0.20538398623466492,-0.1089126393198967,29.88328742980957
12.0,64770.0,-0.20758932828903198,-0.1089126393198967,29.89661407470703
12.0,64774.0,-0.2088049352169037,-0.1089126393198967,29.901840209960938
12.0,64779.0,-0.20997536182403564,-0.1089126393198967,29.90081214904785
12.0,64783.0,-0.21112525463104248,-0.11044661700725555,30.078445434570312
12.0,64788.0,-0.21280081570148468,-0.11044661700725555,30.074182510375977
12.0,64795.0,-0.21445995569229126,-0.11198060214519501,30.251672744750977
12.0,64800.0,-0.21609856188297272,-0.11198060214519501,30.25254249572754
12.0,64805.0,-0.2172073870897293,-0.11198060214519501,30.257543563842773
12.0,64811.0,-0.21885010600090027,-0.11351457983255386,30.443693161010742
12.0,64817.0,-0.2205462008714676,-0.11351457983255386,30.469511032104492
12.0,64821.0,-0.22169199585914612,-0.11351457983255386,30.487863540649414
12.0,64825.0,-0.22286653518676758,-0.11351457983255386,30.51006507873535
12.0,64829.0,-0.22404107451438904,-0.11351457983255386,30.53477668762207
12.0,64833.0,-0.22523613274097443,-0.11351457983255386,30.564821243286133
12.0,64838.0,-0.22676797211170197,-0.11351457983255386,30.598371505737305
12.0,64842.0,-0.2280123233795166,-0.11198060214519501,30.467601776123047
12.0,64846.0,-0.2296016365289688,-0.11198060214519501,30.5090274810791
12.0,64852.0,-0.23119507730007172,-0.11044661700725555,30.39345932006836
12.0,64858.0,-0.23312115669250488,-0.1089126393198967,30.26981544494629
12.0,64863.0,-0.23502258956432343,-0.10737866163253784,30.153512954711914
12.0,64868.0,-0.236295685172081,-0.10737866163253784,30.20706558227539
12.0,64872.0,-0.23755235970020294,-0.10584467649459839,30.070369720458984
12.0,64878.0,-0.23942095041275024,-0.10431069880723953,29.94582748413086
12.0,64883.0,-0.24091170728206635,-0.10431069880723953,29.979825973510742
12.0,64888.0,-0.24236960709095,-0.10277671366930008,29.83863639831543
12.0,64892.0,-0.24350719153881073,-0.10277671366930008,29.870975494384766
12.0,64898.0,-0.2451498955488205,-0.10124273598194122,29.722013473510742
12.0,64903.0,-0.2464558482170105,-0.10124273598194122,29.738386154174805
12.0,64907.0,-0.24746611714363098,-0.10124273598194122,29.74968147277832
12.0,64911.0,-0.24843120574951172,-0.10124273598194122,29.758813858032227
12.0,64915.0,-0.24960985779762268,-0.10124273598194122,29.764314651489258
12.0,64920.0,-0.25070637464523315,-0.10124273598194122,29.761005401611328
12.0,64924.0,-0.25134703516960144,-0.10124273598194122,29.75690269470215
12.0,64929.0,-0.2523573040962219,-0.10277671366930008,30.17432403564453
12.0,64933.0,-0.2531416714191437,-0.10124273598194122,29.738597869873047
12.0,64938.0,-0.2540985643863678,-0.10277671366930008,29.907817840576172
12.0,64942.0,-0.2548418939113617,-0.10277671366930008,29.897443771362305
12.0,64947.0,-0.2557576894760132,-0.10431069880723953,30.310853958129883
12.0,64953.0,-0.2568090260028839,-0.10431069880723953,30.048906326293945
12.0,64961.0,-0.2581971287727356,-0.10584467649459839,30.211788177490234
12.0,64967.0,-0.25947433710098267,-0.10584467649459839,30.213960647583008
12.0,64972.0,-0.2602382004261017,-0.10584467649459839,30.223018646240234
12.0,64984.0,-0.2625954747200012,-0.10584467649459839,30.26634407043457
12.0,64989.0,-0.2635893225669861,-0.10431069880723953,30.113569259643555
12.0,64994.0,-0.2646324336528778,-0.10431069880723953,30.141414642333984
12.0,64999.0,-0.2656755745410919,-0.10431069880723953,30.174718856811523
12.0,65006.0,-0.2671498954296112,-0.10277671366930008,30.0351619720459
12.0,65011.0,-0.2681889235973358,-0.10124273598194122,29.888580322265625
12.0,65015.0,-0.2690061628818512,-0.10124273598194122,29.912322998046875
12.0,65019.0,-0.26981109380722046,-0.09970875084400177,29.757925033569336
12.0,65023.0,-0.2706119120121002,-0.09970875084400177,29.78082847595215
12.0,65029.0,-0.27176591753959656,-0.09817477315664291,29.382993698120117
12.0,65034.0,-0.27268582582473755,-0.09817477315664291,29.654720306396484
12.0,65041.0,-0.27389323711395264,-0.09817477315664291,29.67008399963379
12.0,65045.0,-0.27453386783599854,-0.09664079546928406,29.495941162109375
12.0,65049.0,-0.2751539945602417,-0.09664079546928406,29.49956512451172
12.0,65055.0,-0.27604106068611145,-0.09664079546928406,29.50040626525879
12.0,65059.0,-0.27660369873046875,-0.09664079546928406,29.496780395507812
12.0,65065.0,-0.27736344933509827,-0.09664079546928406,29.48704719543457
12.0,65073.0,-0.27828747034072876,-0.09664079546928406,29.463769912719727
12.0,65079.0,-0.2788788378238678,-0.09817477315664291,29.61600112915039
12.0,65084.0,-0.27940863370895386,-0.09817477315664291,29.58584213256836
12.0,65096.0,-0.28031212091445923,-0.09970875084400177,29.712329864501953
12.0,65100.0,-0.28071457147598267,-0.09970875084400177,29.69194221496582
12.0,65105.0,-0.2810308039188385,-0.10124273598194122,29.856281280517578
12.0,65109.0,-0.28135934472084045,-0.10124273598194122,29.84606170654297
12.0,65113.0,-0.2816961109638214,-0.10124273598194122,29.83614730834961
12.0,65119.0,-0.2822381854057312,-0.10124273598194122,29.833457946777344
12.0,65124.0,-0.2826940417289734,-0.10124273598194122,29.832767486572266
12.0,65129.0,-0.2831581234931946,-0.10124273598194122,29.83482551574707
12.0,65136.0,-0.283811092376709,-0.09970875084400177,29.665115356445312
12.0,65140.0,-0.2841848134994507,-0.09970875084400177,29.668983459472656
12.0,65146.0,-0.28470635414123535,-0.09970875084400177,29.6711483001709
12.0,65152.0,-0.2852895259857178,-0.09970875084400177,29.674440383911133
12.0,65156.0,-0.28553181886672974,-0.09817477315664291,29.24962615966797
12.0,65161.0,-0.28593841195106506,-0.09817477315664291,29.50247573852539
12.0,65165.0,-0.2862546145915985,-0.09817477315664291,29.505329132080078
12.0,65169.0,-0.28655850887298584,-0.09817477315664291,29.507802963256836
12.0,65173.0,-0.28684598207473755,-0.09817477315664291,29.509540557861328
12.0,65177.0,-0.28720739483833313,-0.09664079546928406,29.08405876159668
12.0,65184.0,-0.28761807084083557,-0.09664079546928406,29.335773468017578
12.0,65189.0,-0.2879096567630768,-0.09664079546928406,29.329526901245117
12.0,65193.0,-0.28816425800323486,-0.09664079546928406,29.322750091552734
12.0,65198.0,-0.28833675384521484,-0.09664079546928406,29.314016342163086
12.0,65202.0,-0.2884969115257263,-0.0951068103313446,29.550539016723633
12.0,65206.0,-0.28863245248794556,-0.0951068103313446,29.111555099487305
12.0,65212.0,-0.2887803018093109,-0.0951068103313446,28.837467193603516
12.0,65216.0,-0.2888377904891968,-0.09664079546928406,29.244504928588867
12.0,65223.0,-0.28889116644859314,-0.09664079546928406,29.214567184448242
12.0,65229.0,-0.28890350461006165,-0.09664079546928406,29.183574676513672
12.0,65234.0,-0.28890350461006165,-0.09664079546928406,29.155229568481445
12.0,65239.0,-0.28890350461006165,-0.09664079546928406,29.134201049804688
12.0,65245.0,-0.28890350461006165,-0.09664079546928406,29.111894607543945
12.0,65250.0,-0.28890350461006165,-0.09664079546928406,29.095626831054688
12.0,65256.0,-0.28890350461006165,-0.09664079546928406,29.078723907470703
12.0,65261.0,-0.28890350461006165,-0.09664079546928406,29.066720962524414
12.0,65266.0,-0.28890350461006165,-0.09664079546928406,29.056495666503906
12.0,65272.0,-0.28890350461006165,-0.0951068103313446,28.868499755859375
12.0,65277.0,-0.28890350461006165,-0.0951068103313446,28.859363555908203
12.0,65282.0,-0.28889939188957214,-0.0951068103313446,28.854860305786133
12.0,65286.0,-0.28889527916908264,-0.09357283264398575,28.67475700378418
12.0,65291.0,-0.28888705372810364,-0.09357283264398575,28.67067527770996
12.0,65295.0,-0.288870632648468,-0.0920388475060463,28.23978614807129
12.0,65299.0,-0.2888542115688324,-0.0920388475060463,28.486093521118164
12.0,65305.0,-0.2888295650482178,-0.09050486981868744,28.056901931762695
12.0,65311.0,-0.28879261016845703,-0.09050486981868744,28.303279876708984
12.0,65317.0,-0.2887433171272278,-0.08897088468074799,28.121564865112305
12.0,65323.0,-0.2886447608470917,-0.08743690699338913,27.935434341430664
12.0,65327.0,-0.2885585129261017,-0.08743690699338913,27.924657821655273
12.0,65333.0,-0.2883695960044861,-0.08590292930603027,27.48166275024414
12.0,65339.0,-0.2881314158439636,-0.08590292930603027,27.704477310180664
12.0,65345.0,-0.2878192961215973,-0.08590292930603027,27.677303314208984
12.0,65351.0,-0.28742915391921997,-0.08436894416809082,27.460180282592773
12.0,65356.0,-0.28703901171684265,-0.08436894416809082,27.411378860473633
12.0,65361.0,-0.28659138083457947,-0.08436894416809082,27.366361618041992
12.0,65367.0,-0.2858603596687317,-0.08436894416809082,27.30204963684082
12.0,65373.0,-0.28525257110595703,-0.08590292930603027,27.418292999267578
12.0,65377.0,-0.28471457958221436,-0.08590292930603027,27.35085105895996
12.0,65383.0,-0.2838398218154907,-0.08743690699338913,27.706144332885742
12.0,65390.0,-0.2826981544494629,-0.08897088468074799,27.756784439086914
12.0,65394.0,-0.28199589252471924,-0.08897088468074799,27.440292358398438
12.0,65398.0,-0.28126898407936096,-0.09050486981868744,27.553064346313477
12.0,65402.0,-0.28053387999534607,-0.09050486981868744,27.486358642578125
12.0,65408.0,-0.27939629554748535,-0.0920388475060463,27.582897186279297
12.0,65412.0,-0.27863243222236633,-0.09357283264398575,27.68287467956543
12.0,65416.0,-0.2778521478176117,-0.09357283264398575,28.048391342163086
12.0,65420.0,-0.27708420157432556,-0.0951068103313446,27.741058349609375
12.0,65424.0,-0.27630800008773804,-0.09664079546928406,27.863529205322266
12.0,65430.0,-0.2751704454421997,-0.09664079546928406,27.798274993896484
12.0,65435.0,-0.27408623695373535,-0.09817477315664291,27.911848068237305
12.0,65441.0,-0.2731868624687195,-0.09817477315664291,27.859472274780273
12.0,65446.0,-0.27229979634284973,-0.09817477315664291,27.801918029785156
12.0,65452.0,-0.271248459815979,-0.09817477315664291,27.750612258911133
12.0,65458.0,-0.2702176570892334,-0.09817477315664291,27.711336135864258
12.0,65462.0,-0.2695482671260834,-0.09817477315664291,27.685304641723633
12.0,65465.0,-0.26888707280158997,-0.09817477315664291,27.659761428833008
12.0,65471.0,-0.267880916595459,-0.09817477315664291,27.620380401611328
12.0,65476.0,-0.26720738410949707,-0.09817477315664291,27.587955474853516
12.0,65480.0,-0.2665092349052429,-0.09817477315664291,27.559335708618164
12.0,65484.0,-0.26581108570098877,-0.09817477315664291,27.53168296813965
12.0,65488.0,-0.2649158239364624,-0.09817477315664291,27.504093170166016
12.0,65492.0,-0.26420122385025024,-0.09664079546928406,27.050064086914062
12.0,65499.0,-0.2631170451641083,-0.09664079546928406,27.259536743164062
12.0,65509.0,-0.26095688343048096,-0.09664079546928406,27.162696838378906
12.0,65516.0,-0.25965091586112976,-0.09664079546928406,27.095069885253906
12.0,65520.0,-0.2587392330169678,-0.09664079546928406,27.034727096557617
12.0,65524.0,-0.2577987611293793,-0.09817477315664291,27.15939712524414
12.0,65528.0,-0.2568172514438629,-0.09817477315664291,27.103328704833984
12.0,65532.0,-0.2557987570762634,-0.09817477315664291,27.042348861694336
12.0,65538.0,-0.2541971206665039,-0.09970875084400177,27.125404357910156
12.0,65544.0,-0.25254619121551514,-0.10124273598194122,27.47214126586914
12.0,65549.0,-0.2508542239665985,-0.10124273598194122,27.124109268188477
12.0,65555.0,-0.24913346767425537,-0.10277671366930008,27.203655242919922
12.0,65561.0,-0.24737988412380219,-0.10431069880723953,27.28367042541504
12.0,65567.0,-0.2456139624118805,-0.10584467649459839,27.36690902709961
12.0,65573.0,-0.2441396266222,-0.10584467649459839,27.275550842285156
12.0,65579.0,-0.2423655092716217,-0.10737866163253784,27.37975311279297
12.0,65584.0,-0.24089117348194122,-0.10737866163253784,27.29645347595215
12.0,65588.0,-0.23942504823207855,-0.1089126393198967,27.420541763305664
12.0,65594.0,-0.23796303570270538,-0.1089126393198967,27.34345054626465
12.0,65600.0,-0.2362053394317627,-0.11044661700725555,27.44662094116211
12.0,65605.0,-0.23475565016269684,-0.11044661700725555,27.400184631347656
12.0,65613.0,-0.23243942856788635,-0.11044661700725555,27.302200317382812
12.0,65617.0,-0.2309979498386383,-0.11044661700725555,27.2583065032959
12.0,65623.0,-0.22955647110939026,-0.11198060214519501,27.374616622924805
12.0,65628.0,-0.2281108796596527,-0.11044661700725555,27.155851364135742
12.0,65632.0,-0.22695277631282806,-0.11044661700725555,27.104944229125977
12.0,65636.0,-0.22578644752502441,-0.11198060214519501,27.24144172668457
12.0,65643.0,-0.22369609773159027,-0.11198060214519501,27.176645278930664
12.0,65648.0,-0.2218603640794754,-0.11198060214519501,27.104713439941406
12.0,65654.0,-0.22030800580978394,-0.11198060214519501,27.034330368041992
12.0,65659.0,-0.21871457993984222,-0.11198060214519501,26.981597900390625
12.0,65666.0,-0.21610267460346222,-0.11198060214519501,26.62309455871582
12.0,65678.0,-0.2123572826385498,-0.11351457983255386,26.889623641967773
12.0,65682.0,-0.210965096950531,-0.11504856497049332,26.990699768066406
12.0,65686.0,-0.20954415202140808,-0.11504856497049332,26.925697326660156
12.0,65690.0,-0.20809446275234222,-0.11658254265785217,27.288284301757812
12.0,65695.0,-0.20627515017986298,-0.11658254265785217,26.972620010375977
12.0,65699.0,-0.20477618277072906,-0.11811652034521103,27.062585830688477
12.0,65703.0,-0.20326077938079834,-0.11811652034521103,26.991840362548828
12.0,65708.0,-0.20134291052818298,-0.11965050548315048,27.09912872314453
12.0,65714.0,-0.19901026785373688,-0.12118448317050934,27.41680335998535
12.0,65719.0,-0.19705133140087128,-0.12118448317050934,27.062145233154297
12.0,65725.0,-0.19471047818660736,-0.12271846830844879,27.155195236206055
12.0,65730.0,-0.19275563955307007,-0.12425244599580765,27.249801635742188
12.0,65736.0,-0.19041888415813446,-0.1257864236831665,27.581924438476562
12.0,65742.0,-0.18810677528381348,-0.1257864236831665,27.243331909179688
12.0,65748.0,-0.1858110874891281,-0.1257864236831665,27.157962799072266
12.0,65753.0,-0.18353593349456787,-0.12732040882110596,27.256332397460938
12.0,65759.0,-0.18125666677951813,-0.12732040882110596,27.17717170715332
12.0,65764.0,-0.17975769937038422,-0.1288543939590454,27.556474685668945
12.0,65770.0,-0.1775071918964386,-0.1288543939590454,27.235429763793945
12.0,65776.0,-0.1752731055021286,-0.1288543939590454,27.144115447998047
12.0,65782.0,-0.17305132746696472,-0.1288543939590454,27.088443756103516
12.0,65786.0,-0.1715564727783203,-0.1288543939590454,27.043256759643555
12.0,65791.0,-0.1696796715259552,-0.1288543939590454,26.996566772460938
12.0,65796.0,-0.16777823865413666,-0.1288543939590454,26.92388343811035
12.0,65800.0,-0.1658562570810318,-0.1288543939590454,26.873340606689453
12.0,65805.0,-0.16429568827152252,-0.1288543939590454,26.819683074951172
12.0,65810.0,-0.16192197799682617,-0.13038836419582367,26.91634178161621
12.0,65815.0,-0.16032443940639496,-0.13038836419582367,26.859233856201172
12.0,65819.0,-0.15871046483516693,-0.13038836419582367,26.78685760498047
12.0,65823.0,-0.15707597136497498,-0.13038836419582367,26.726564407348633
12.0,65827.0,-0.15498973429203033,-0.13192234933376312,26.83823013305664
12.0,65832.0,-0.153293639421463,-0.13192234933376312,26.77169418334961
12.0,65836.0,-0.15155646204948425,-0.13345633447170258,27.126136779785156
12.0,65842.0,-0.14891169965267181,-0.13345633447170258,26.76693344116211
12.0,65846.0,-0.1471293568611145,-0.13499031960964203,26.8702449798584
12.0,65850.0,-0.14533059298992157,-0.1365242898464203,26.95507049560547
12.0,65854.0,-0.14353182911872864,-0.1365242898464203,26.87885284423828
12.0,65859.0,-0.1412648856639862,-0.13805827498435974,26.96560287475586
12.0,65863.0,-0.13945791125297546,-0.1395922601222992,27.31968879699707
12.0,65867.0,-0.13717453181743622,-0.1395922601222992,26.996599197387695
12.0,65872.0,-0.13535523414611816,-0.14112623035907745,27.104026794433594
12.0,65876.0,-0.1335277259349823,-0.14112623035907745,27.030847549438477
12.0,65880.0,-0.13124845921993256,-0.1426602154970169,27.122434616088867
12.0,65884.0,-0.129889115691185,-0.1426602154970169,27.056306838989258
12.0,65889.0,-0.12763860821723938,-0.14419420063495636,27.170732498168945
12.0,65894.0,-0.12498152256011963,-0.14419420063495636,27.082124710083008
12.0,65900.0,-0.12278439104557037,-0.1457281857728958,27.17568016052246
12.0,65907.0,-0.1197330579161644,-0.1457281857728958,27.082416534423828
12.0,65913.0,-0.11713346838951111,-0.14726215600967407,27.44590187072754
12.0,65919.0,-0.11452566832304001,-0.14726215600967407,27.11623191833496
12.0,65924.0,-0.1123696118593216,-0.14726215600967407,27.05625343322754
12.0,65929.0,-0.10977823287248611,-0.14726215600967407,26.980342864990234
12.0,65935.0,-0.10763038694858551,-0.14879614114761353,27.084068298339844
12.0,65941.0,-0.10502669215202332,-0.14879614114761353,27.021886825561523
12.0,65947.0,-0.10243120789527893,-0.14879614114761353,26.946773529052734
12.0,65953.0,-0.09982340782880783,-0.14879614114761353,26.85719108581543
12.0,65958.0,-0.09761807322502136,-0.14879614114761353,26.8024959564209
12.0,65962.0,-0.09584394097328186,-0.15033012628555298,26.912158966064453
12.0,65966.0,-0.09405338764190674,-0.15033012628555298,26.839515686035156
12.0,65972.0,-0.09134702384471893,-0.15033012628555298,26.764362335205078
12.0,65976.0,-0.08952771872282028,-0.15186409652233124,26.88136863708496
12.0,65980.0,-0.0876837745308876,-0.15186409652233124,26.817424774169922
12.0,65986.0,-0.08489527553319931,-0.15186409652233124,26.720088958740234
12.0,65991.0,-0.08254209160804749,-0.1533980816602707,26.813617706298828
12.0,65995.0,-0.08064476400613785,-0.1533980816602707,26.74442481994629
12.0,65999.0,-0.0787351131439209,-0.15493206679821014,26.85215950012207
12.0,66003.0,-0.07681313902139664,-0.15493206679821014,26.782316207885742
12.0,66008.0,-0.07392607629299164,-0.1564660519361496,26.872533798217773
12.0,66015.0,-0.07101437449455261,-0.15800002217292786,26.944303512573242
12.0,66020.0,-0.06808213889598846,-0.1595340073108673,27.264232635498047
12.0,66025.0,-0.06613142043352127,-0.1595340073108673,26.943771362304688
12.0,66030.0,-0.06319507211446762,-0.16106799244880676,27.01624298095703
12.0,66035.0,-0.06124435365200043,-0.16106799244880676,26.93187713623047
12.0,66039.0,-0.05882135406136513,-0.16260196268558502,27.0436954498291
12.0,66043.0,-0.05688706412911415,-0.16260196268558502,26.978609085083008
12.0,66047.0,-0.05496919900178909,-0.16413594782352448,27.095069885253906
12.0,66053.0,-0.05257905647158623,-0.16413594782352448,27.00448989868164
12.0,66058.0,-0.04972073808312416,-0.16566993296146393,27.107725143432617
12.0,66065.0,-0.04687885195016861,-0.16566993296146393,27.007434844970703
12.0,66070.0,-0.044517453759908676,-0.1672039031982422,27.114309310913086
12.0,66076.0,-0.04170841723680496,-0.1672039031982422,27.03553009033203
12.0,66082.0,-0.03891170397400856,-0.16873788833618164,27.133691787719727
12.0,66089.0,-0.035663243383169174,-0.16873788833618164,27.055593490600586
12.0,66095.0,-0.032895278185606,-0.16873788833618164,26.96807861328125
12.0,66100.0,-0.030123203992843628,-0.16873788833618164,26.903898239135742
12.0,66104.0,-0.02872689999639988,-0.1702718734741211,27.029541015625
12.0,66109.0,-0.0264147836714983,-0.1702718734741211,26.977746963500977
12.0,66113.0,-0.02457084134221077,-0.1702718734741211,26.914480209350586
12.0,66117.0,-0.022266941145062447,-0.1702718734741211,26.863637924194336
12.0,66122.0,-0.020410677418112755,-0.1702718734741211,26.80927848815918
12.0,66126.0,-0.01853388175368309,-0.17180585861206055,26.91791534423828
12.0,66130.0,-0.016180697828531265,-0.17180585861206055,26.86037826538086
12.0,66136.0,-0.013806981965899467,-0.17180585861206055,26.771469116210938
12.0,66141.0,-0.01095277164131403,-0.1733398288488388,26.87586784362793
12.0,66146.0,-0.009047227911651134,-0.1733398288488388,26.817533493041992
12.0,66150.0,-0.007133470382541418,-0.17487381398677826,27.16773223876953
12.0,66156.0,-0.00424229959025979,-0.17487381398677826,26.824047088623047
12.0,66162.0,-0.0008377823396585882,-0.1764077991247177,26.90481185913086
12.0,66166.0,0.0006283367401920259,-0.17794176936149597,27.265705108642578
12.0,66173.0,0.0040574949234724045,-0.17794176936149597,26.919448852539062
12.0,66179.0,0.006981519516557455,-0.17947575449943542,27.00201988220215
12.0,66184.0,0.009412731043994427,-0.18100973963737488,27.35187530517578
12.0,66189.0,0.011835728771984577,-0.18100973963737488,27.02545738220215
12.0,66194.0,0.014234086498618126,-0.18254372477531433,27.116113662719727
12.0,66199.0,0.0166324432939291,-0.18254372477531433,27.057567596435547
12.0,66205.0,0.019470226019620895,-0.1840776950120926,27.154829025268555
12.0,66211.0,0.02228747494518757,-0.1840776950120926,27.076759338378906
12.0,66215.0,0.024135524407029152,-0.1840776950120926,27.028413772583008
12.0,66220.0,0.02689938433468342,-0.18561168015003204,27.38348960876465
12.0,66227.0,0.02965913712978363,-0.18561168015003204,27.046184539794922
12.0,66231.0,0.031498972326517105,-0.18561168015003204,26.998260498046875
12.0,66235.0,0.033334702253341675,-0.18561168015003204,26.949188232421875
12.0,66242.0,0.036558520048856735,-0.1871456652879715,27.051557540893555
12.0,66246.0,0.0383901447057724,-0.1871456652879715,26.989694595336914
12.0,66251.0,0.04067351296544075,-0.1871456652879715,26.94292449951172
12.0,66255.0,0.042484600096940994,-0.18867963552474976,27.06072998046875
12.0,66259.0,0.04477207362651825,-0.18867963552474976,27.00948715209961
12.0,66264.0,0.0465913750231266,-0.18867963552474976,26.961360931396484
12.0,66268.0,0.04887474328279495,-0.18867963552474976,26.897558212280273
12.0,66274.0,0.05116632580757141,-0.1902136206626892,26.999217987060547
12.0,66280.0,0.053938400000333786,-0.1902136206626892,26.929067611694336
12.0,66285.0,0.05624640733003616,-0.1902136206626892,27.276418685913086
12.0,66290.0,0.05902669578790665,-0.19174760580062866,26.956499099731445
12.0,66296.0,0.061326488852500916,-0.19174760580062866,26.87689781188965
12.0,66302.0,0.0641026720404625,-0.19328159093856812,26.970260620117188
12.0,66308.0,0.06688706576824188,-0.19481556117534637,27.062156677246094
12.0,66314.0,0.06968788802623749,-0.19481556117534637,26.976356506347656
12.0,66320.0,0.07246406376361847,-0.19634954631328583,27.0703067779541
12.0,66326.0,0.07521560788154602,-0.19634954631328583,27.420997619628906
12.0,66332.0,0.07794250547885895,-0.19788353145122528,27.0920467376709
12.0,66338.0,0.08110472559928894,-0.19941750168800354,27.194957733154297
12.0,66344.0,0.08335934579372406,-0.19941750168800354,27.121143341064453
12.0,66350.0,0.08601642400026321,-0.200951486825943,27.4898681640625
12.0,66355.0,0.08865708112716675,-0.200951486825943,27.172975540161133
12.0,66360.0,0.0903860405087471,-0.200951486825943,27.130643844604492
12.0,66364.0,0.09253798425197601,-0.200951486825943,27.079870223999023
12.0,66371.0,0.09509650617837906,-0.20248547196388245,27.44635772705078
12.0,66374.0,0.096817247569561,-0.20248547196388245,27.15256690979004
12.0,66379.0,0.09852566570043564,-0.20248547196388245,27.111040115356445
12.0,66383.0,0.10024230182170868,-0.20248547196388245,27.066083908081055
12.0,66387.0,0.10195893049240112,-0.2040194571018219,27.449668884277344
12.0,66391.0,0.10366734862327576,-0.2040194571018219,27.14510154724121
12.0,66395.0,0.1053839847445488,-0.2040194571018219,27.099246978759766
12.0,66399.0,0.10708007961511612,-0.2040194571018219,27.05718421936035
12.0,66403.0,0.10877207666635513,-0.20555342733860016,27.19024658203125
12.0,66407.0,0.11047638952732086,-0.20555342733860016,27.147321701049805
12.0,66413.0,0.11298562586307526,-0.20555342733860016,27.094114303588867
12.0,66417.0,0.11466119438409805,-0.20555342733860016,26.791641235351562
12.0,66421.0,0.1167515367269516,-0.2070874124765396,27.176706314086914
12.0,66430.0,0.12008213251829147,-0.2070874124765396,27.079627990722656
12.0,66435.0,0.1221601665019989,-0.20862139761447906,27.202791213989258
12.0,66440.0,0.12423819303512573,-0.20862139761447906,27.147136688232422
12.0,66446.0,0.1267227977514267,-0.20862139761447906,27.08192253112793
12.0,66451.0,0.12920738756656647,-0.21015536785125732,27.202131271362305
12.0,66458.0,0.13169610500335693,-0.21168935298919678,27.56018829345703
12.0,66463.0,0.1341848075389862,-0.21168935298919678,27.241214752197266
12.0,66468.0,0.13580697774887085,-0.21168935298919678,27.18747901916504
12.0,66474.0,0.13825051486492157,-0.21322333812713623,27.311670303344727
12.0,66481.0,0.1410677582025528,-0.21475732326507568,27.417396545410156
12.0,66485.0,0.1426529735326767,-0.21475732326507568,27.370298385620117
12.0,66489.0,0.14422176778316498,-0.21475732326507568,27.33208656311035
12.0,66493.0,0.14578233659267426,-0.21629129350185394,27.723121643066406
12.0,66498.0,0.1477002054452896,-0.21475732326507568,27.262054443359375
12.0,66502.0,0.14923202991485596,-0.21629129350185394,27.404687881469727
12.0,66506.0,0.15074743330478668,-0.21629129350185394,27.364639282226562
12.0,66511.0,0.1526160091161728,-0.21629129350185394,27.33258819580078
12.0,66515.0,0.15410266816616058,-0.21629129350185394,27.293811798095703
12.0,66519.0,0.15593428909778595,-0.21629129350185394,27.265995025634766
12.0,66523.0,0.15703080594539642,-0.21629129350185394,26.985267639160156
12.0,66527.0,0.15884189307689667,-0.2178252786397934,27.634660720825195
12.0,66532.0,0.16029979288578033,-0.2178252786397934,27.344945907592773
12.0,66536.0,0.16209855675697327,-0.2178252786397934,27.31574249267578
12.0,66541.0,0.1635277271270752,-0.2178252786397934,27.279720306396484
12.0,66545.0,0.1652977466583252,-0.2178252786397934,27.250417709350586
12.0,66550.0,0.16671869158744812,-0.2178252786397934,27.218751907348633
12.0,66554.0,0.16813552379608154,-0.2178252786397934,27.180667877197266
12.0,66560.0,0.17025461792945862,-0.21935926377773285,27.310802459716797
12.0,66564.0,0.17167146503925323,-0.21935926377773285,27.277273178100586
12.0,66568.0,0.17342504858970642,-0.21935926377773285,27.246070861816406
12.0,66572.0,0.17482136189937592,-0.21935926377773285,27.213760375976562
12.0,66579.0,0.17691580951213837,-0.2208932340145111,27.341716766357422
12.0,66583.0,0.17831210792064667,-0.2208932340145111,27.300094604492188
12.0,66590.0,0.18073101341724396,-0.2208932340145111,27.248863220214844
12.0,66594.0,0.18211087584495544,-0.22242721915245056,27.393505096435547
12.0,66598.0,0.18348665535449982,-0.22242721915245056,27.350296020507812
12.0,66604.0,0.18554003536701202,-0.22242721915245056,27.30847930908203
12.0,66610.0,0.1875728964805603,-0.22396120429039001,27.43610382080078
12.0,66615.0,0.18959753215312958,-0.22396120429039001,27.386899948120117
12.0,66622.0,0.1915852129459381,-0.22549518942832947,27.510543823242188
12.0,66626.0,0.19289939105510712,-0.22549518942832947,27.480621337890625
12.0,66633.0,0.19517454504966736,-0.22549518942832947,27.43490219116211
12.0,66639.0,0.1970883011817932,-0.22549518942832947,27.387222290039062
12.0,66643.0,0.1986694037914276,-0.22702915966510773,27.53704261779785
12.0,66649.0,0.20025873184204102,-0.22702915966510773,27.493425369262695
12.0,66655.0,0.20243531465530396,-0.22702915966510773,27.453004837036133
12.0,66662.0,0.20427516102790833,-0.22856314480304718,27.84136962890625
12.0,66668.0,0.2061067819595337,-0.22856314480304718,27.551115036010742
12.0,66674.0,0.2078685760498047,-0.22856314480304718,27.52046012878418
12.0,66679.0,0.20931005477905273,-0.22856314480304718,27.496414184570312
12.0,66683.0,0.21045175194740295,-0.22856314480304718,27.4753475189209
12.0,66688.0,0.2118767946958542,-0.23009712994098663,27.62375831604004
12.0,66692.0,0.21296919882297516,-0.23009712994098663,27.61053466796875
12.0,66697.0,0.21432854235172272,-0.23009712994098663,27.589574813842773
12.0,66701.0,0.21539629995822906,-0.23009712994098663,27.577056884765625
12.0,66706.0,0.21671868860721588,-0.23009712994098663,27.560752868652344
12.0,66712.0,0.21828337013721466,-0.23009712994098663,27.542125701904297
12.0,66717.0,0.21955646574497223,-0.23009712994098663,27.520214080810547
12.0,66723.0,0.22108829021453857,-0.23009712994098663,27.498624801635742
12.0,66727.0,0.22235728800296783,-0.23009712994098663,27.482746124267578
12.0,66733.0,0.2236303836107254,-0.23009712994098663,27.458770751953125
12.0,66739.0,0.2251170426607132,-0.23009712994098663,27.438243865966797
12.0,66743.0,0.22612319886684418,-0.23009712994098663,27.419261932373047
12.0,66747.0,0.22711704671382904,-0.23009712994098663,27.82332992553711
12.0,66753.0,0.22863654792308807,-0.2316311001777649,27.544679641723633
12.0,66758.0,0.2298603653907776,-0.2316311001777649,27.523719787597656
12.0,66762.0,0.23083367943763733,-0.2316311001777649,27.498363494873047
12.0,66768.0,0.2322956919670105,-0.2316311001777649,27.467151641845703
12.0,66773.0,0.23352360725402832,-0.2316311001777649,27.865585327148438
12.0,66777.0,0.23473921418190002,-0.23316508531570435,27.594715118408203
12.0,66784.0,0.23616015911102295,-0.23316508531570435,27.559534072875977
12.0,66790.0,0.23757289350032806,-0.2346990704536438,27.70709991455078
12.0,66796.0,0.23897741734981537,-0.2346990704536438,27.675798416137695
12.0,66802.0,0.24034497141838074,-0.2346990704536438,27.64763832092285
12.0,66808.0,0.24167145788669586,-0.2346990704536438,28.05187225341797
12.0,66813.0,0.24275153875350952,-0.23623304069042206,27.78255844116211
12.0,66819.0,0.2440492808818817,-0.23623304069042206,27.762758255004883
12.0,66823.0,0.2448870688676834,-0.23623304069042206,27.745729446411133
12.0,66827.0,0.24591375887393951,-0.23623304069042206,27.483478546142578
12.0,66832.0,0.24671047925949097,-0.2377670258283615,27.897701263427734
12.0,66836.0,0.2474948614835739,-0.2377670258283615,27.88666534423828
12.0,66841.0,0.24845173954963684,-0.2377670258283615,27.87880516052246
12.0,66845.0,0.24938808381557465,-0.2377670258283615,27.868867874145508
12.0,66850.0,0.25011909008026123,-0.2377670258283615,27.86277198791504
12.0,66856.0,0.25117865204811096,-0.2377670258283615,27.8539981842041
12.0,66863.0,0.2525215744972229,-0.2377670258283615,27.853206634521484
12.0,66869.0,0.25331827998161316,-0.2377670258283615,27.60419464111328
12.0,66873.0,0.2539342939853668,-0.2377670258283615,27.85550308227539
12.0,66878.0,0.2546735107898712,-0.2377670258283615,27.860342025756836
12.0,66884.0,0.2556796669960022,-0.2377670258283615,27.866743087768555
12.0,66899.0,0.2575564682483673,-0.2377670258283615,27.88492774963379
12.0,66903.0,0.25817248225212097,-0.2377670258283615,27.894481658935547
12.0,66908.0,0.2586529850959778,-0.23623304069042206,27.724315643310547
12.0,66913.0,0.2592402398586273,-0.23623304069042206,27.732738494873047
12.0,66918.0,0.25982752442359924,-0.23623304069042206,27.739511489868164
12.0,66925.0,0.26068171858787537,-0.23623304069042206,27.737850189208984
12.0,66930.0,0.26142916083335876,-0.23623304069042206,27.733396530151367
12.0,66936.0,0.26205340027809143,-0.23623304069042206,27.724529266357422
12.0,66941.0,0.26281723380088806,-0.23623304069042206,27.71457290649414
12.0,66948.0,0.26356056332588196,-0.23623304069042206,27.70088005065918
12.0,66952.0,0.2640698254108429,-0.2377670258283615,27.86806869506836
12.0,66961.0,0.2652073800563812,-0.2377670258283615,27.841768264770508
12.0,66965.0,0.2658398449420929,-0.2377670258283615,27.828781127929688
12.0,66970.0,0.2663367688655853,-0.23930101096630096,27.99040985107422
12.0,66974.0,0.2668377757072449,-0.23930101096630096,27.97764778137207
12.0,66978.0,0.2674497067928314,-0.23930101096630096,27.96442222595215
12.0,66983.0,0.26792198419570923,-0.24083499610424042,28.128355026245117
12.0,66989.0,0.26859548687934875,-0.24083499610424042,28.118131637573242
12.0,66994.0,0.2691129446029663,-0.24083499610424042,28.54084587097168
12.0,67000.0,0.2696837782859802,-0.24236896634101868,28.29119300842285
12.0,67004.0,0.2700328528881073,-0.24236896634101868,28.29332733154297
12.0,67010.0,0.2705174684524536,-0.24236896634101868,28.301319122314453
12.0,67015.0,0.2708542048931122,-0.24236896634101868,28.31304359436035
12.0,67021.0,0.271248459815979,-0.24236896634101868,28.323213577270508
12.0,67027.0,0.27158111333847046,-0.24236896634101868,28.346160888671875
12.0,67033.0,0.2718808948993683,-0.24236896634101868,28.36115264892578
12.0,67039.0,0.27211910486221313,-0.24236896634101868,28.39139175415039
12.0,67045.0,0.27231210470199585,-0.24236896634101868,28.41650390625
12.0,67050.0,0.2724394202232361,-0.24083499610424042,28.272388458251953
12.0,67058.0,0.2725626230239868,-0.24083499610424042,28.313674926757812
12.0,67063.0,0.2726406455039978,-0.24083499610424042,28.33303451538086
12.0,67066.0,0.27269816398620605,-0.24083499610424042,28.35223960876465
12.0,67072.0,0.2727474272251129,-0.23930101096630096,28.20382308959961
12.0,67076.0,0.27278029918670654,-0.23930101096630096,28.221837997436523
12.0,67081.0,0.2728172540664673,-0.23930101096630096,28.238935470581055
12.0,67084.0,0.272845983505249,-0.23930101096630096,28.254608154296875
12.0,67090.0,0.27287885546684265,-0.23930101096630096,28.27268409729004
12.0,67094.0,0.27289527654647827,-0.23930101096630096,28.287874221801758
12.0,67098.0,0.2729035019874573,-0.23930101096630096,28.30289649963379
12.0,67102.0,0.2729116976261139,-0.23930101096630096,28.319107055664062
12.0,67106.0,0.2729116976261139,-0.23930101096630096,28.331586837768555
12.0,67111.0,0.2729116976261139,-0.23930101096630096,28.34547233581543
12.0,67117.0,0.2729116976261139,-0.23930101096630096,28.35975456237793
12.0,67122.0,0.2729116976261139,-0.23930101096630096,28.369770050048828
12.0,67128.0,0.2729116976261139,-0.23930101096630096,28.379655838012695
12.0,67134.0,0.2729116976261139,-0.23930101096630096,28.387338638305664
12.0,67139.0,0.2729116976261139,-0.23930101096630096,28.391294479370117
12.0,67144.0,0.2729116976261139,-0.24083499610424042,28.57356071472168
12.0,67150.0,0.2729116976261139,-0.24083499610424042,28.57598876953125
12.0,67156.0,0.2729116976261139,-0.24236896634101868,28.754608154296875
12.0,67162.0,0.2729116976261139,-0.24236896634101868,28.755023956298828
12.0,67168.0,0.2729035019874573,-0.24390295147895813,28.93012046813965
12.0,67174.0,0.27289527654647827,-0.24390295147895813,29.355989456176758
12.0,67180.0,0.27287885546684265,-0.24543693661689758,29.10373878479004
12.0,67186.0,0.27285832166671753,-0.24697090685367584,29.277162551879883
12.0,67190.0,0.2728336751461029,-0.2485048919916153,29.70286750793457
12.0,67194.0,0.2728131413459778,-0.2485048919916153,29.452863693237305
12.0,67200.0,0.2727474272251129,-0.25003886222839355,29.629911422729492
12.0,67204.0,0.27267763018608093,-0.25003886222839355,29.633895874023438
12.0,67208.0,0.27258315682411194,-0.251572847366333,29.82040786743164
12.0,67212.0,0.2724558413028717,-0.251572847366333,29.831817626953125
12.0,67216.0,0.2722874879837036,-0.25310683250427246,30.027402877807617
12.0,67223.0,0.2719014286994934,-0.25310683250427246,30.060497283935547
12.0,67228.0,0.27154824137687683,-0.25310683250427246,30.094898223876953
12.0,67234.0,0.2710636556148529,-0.25310683250427246,30.142227172851562
12.0,67240.0,0.2705133557319641,-0.25310683250427246,30.204275131225586
12.0,67246.0,0.2698768079280853,-0.25310683250427246,30.257503509521484
12.0,67251.0,0.2692854106426239,-0.25310683250427246,30.324953079223633
12.0,67255.0,0.26877206563949585,-0.25310683250427246,30.377260208129883
12.0,67259.0,0.26803696155548096,-0.251572847366333,30.257919311523438
12.0,67265.0,0.2672484517097473,-0.251572847366333,29.921344757080078
12.0,67269.0,0.26656264066696167,-0.25003886222839355,30.23809051513672
12.0,67276.0,0.26533058285713196,-0.2485048919916153,30.170541763305664
12.0,67283.0,0.26404517889022827,-0.24697090685367584,30.087081909179688
12.0,67288.0,0.2631211578845978,-0.24543693661689758,30.001283645629883
12.0,67294.0,0.26197534799575806,-0.24390295147895813,29.913423538208008
12.0,67298.0,0.2610225975513458,-0.24390295147895813,29.971649169921875
12.0,67303.0,0.2600698173046112,-0.24236896634101868,29.861387252807617
12.0,67309.0,0.25896918773651123,-0.24236896634101868,29.932870864868164
12.0,67315.0,0.25804927945137024,-0.24083499610424042,29.822519302368164
12.0,67321.0,0.2569692134857178,-0.24083499610424042,29.87432098388672
12.0,67326.0,0.2560616135597229,-0.24083499610424042,29.934743881225586
12.0,67331.0,0.25517454743385315,-0.23930101096630096,29.799097061157227
12.0,67337.0,0.25397536158561707,-0.23930101096630096,29.844614028930664
12.0,67343.0,0.2531704306602478,-0.23930101096630096,29.871824264526367
12.0,67347.0,0.2525297701358795,-0.24083499610424042,30.079875946044922
12.0,67353.0,0.2515769898891449,-0.24083499610424042,30.110492706298828
12.0,67358.0,0.25075563788414,-0.24083499610424042,30.141387939453125
12.0,67364.0,0.24956057965755463,-0.24083499610424042,30.179407119750977
12.0,67370.0,0.24868172407150269,-0.24083499610424042,30.220672607421875
12.0,67375.0,0.24760164320468903,-0.24236896634101868,30.441333770751953
12.0,67381.0,0.24666941165924072,-0.24236896634101868,30.481475830078125
12.0,67385.0,0.24588501453399658,-0.24236896634101868,30.51984977722168
12.0,67390.0,0.24485009908676147,-0.24236896634101868,30.57134437561035
12.0,67400.0,0.24259138107299805,-0.24083499610424042,30.517986297607422
12.0,67404.0,0.24163450300693512,-0.24083499610424042,30.57267951965332
12.0,67412.0,0.239371657371521,-0.23930101096630096,30.51274871826172
12.0,67416.0,0.23857083916664124,-0.23930101096630096,30.575956344604492
12.0,67421.0,0.237223818898201,-0.2377670258283615,30.461917877197266
12.0,67425.0,0.2361108809709549,-0.2377670258283615,30.527795791625977
12.0,67429.0,0.2350020557641983,-0.23623304069042206,30.462980270385742
12.0,67436.0,0.23298972845077515,-0.2346990704536438,30.368677139282227
12.0,67442.0,0.23125256597995758,-0.23316508531570435,30.28594398498535
12.0,67446.0,0.23007802665233612,-0.23316508531570435,30.334922790527344
12.0,67452.0,0.22833675146102905,-0.2316311001777649,30.26085090637207
12.0,67459.0,0.22629158198833466,-0.2316311001777649,30.35959243774414
12.0,67463.0,0.22514989972114563,-0.23009712994098663,30.2366943359375
12.0,67467.0,0.22369198501110077,-0.23009712994098663,30.291030883789062
12.0,67474.0,0.2216796725988388,-0.22856314480304718,30.200923919677734
12.0,67479.0,0.22052977979183197,-0.22856314480304718,30.247766494750977
12.0,67485.0,0.21884599328041077,-0.22702915966510773,29.88532829284668
12.0,67490.0,0.21741683781147003,-0.22702915966510773,30.201515197753906
12.0,67496.0,0.2157125324010849,-0.22702915966510773,30.255449295043945
12.0,67502.0,0.21400821208953857,-0.22702915966510773,30.31548309326172
12.0,67507.0,0.21231621503829956,-0.22702915966510773,30.385570526123047
12.0,67512.0,0.21088705956935883,-0.22702915966510773,30.424205780029297
12.0,67516.0,0.2100287526845932,-0.22702915966510773,30.465734481811523
12.0,67522.0,0.208266943693161,-0.22702915966510773,30.529178619384766
12.0,67528.0,0.20650924742221832,-0.22549518942832947,30.416488647460938
12.0,67534.0,0.20467761158943176,-0.22549518942832947,30.485910415649414
12.0,67540.0,0.20282956957817078,-0.22549518942832947,30.558408737182617
12.0,67545.0,0.20094044506549835,-0.22549518942832947,30.619943618774414
12.0,67553.0,0.1986570805311203,-0.22549518942832947,30.717395782470703
12.0,67557.0,0.19700205326080322,-0.22396120429039001,30.608701705932617
12.0,67562.0,0.19564270973205566,-0.22396120429039001,30.668806076049805
12.0,67568.0,0.19321149587631226,-0.22242721915245056,30.59992027282715
12.0,67573.0,0.19179466366767883,-0.22242721915245056,30.68113136291504
12.0,67577.0,0.1899999976158142,-0.2208932340145111,30.565914154052734
12.0,67582.0,0.18855030834674835,-0.2208932340145111,30.631309509277344
12.0,67586.0,0.18708418309688568,-0.21935926377773285,30.520523071289062
12.0,67590.0,0.1856221705675125,-0.21935926377773285,30.598947525024414
12.0,67594.0,0.18415194749832153,-0.2178252786397934,30.48552131652832
12.0,67599.0,0.18230800330638885,-0.2178252786397934,30.547107696533203
12.0,67603.0,0.18083368241786957,-0.21629129350185394,30.445030212402344
12.0,67607.0,0.1793593466281891,-0.21629129350185394,30.50480079650879
12.0,67611.0,0.17789733409881592,-0.21475732326507568,30.13435935974121
12.0,67617.0,0.17569199204444885,-0.21475732326507568,30.469043731689453
12.0,67623.0,0.17351539433002472,-0.21475732326507568,30.54814338684082
12.0,67629.0,0.17132237553596497,-0.21322333812713623,30.436559677124023
12.0,67634.0,0.1695030778646469,-0.21322333812713623,30.499671936035156
12.0,67640.0,0.16733059287071228,-0.21168935298919678,30.395389556884766
12.0,67645.0,0.16515401005744934,-0.21168935298919678,30.4681453704834
12.0,67650.0,0.1637084186077118,-0.21168935298919678,30.51506805419922
12.0,67655.0,0.16154004633426666,-0.21168935298919678,30.58435821533203
12.0,67662.0,0.1593470275402069,-0.21168935298919678,30.65668296813965
12.0,67666.0,0.15751129388809204,-0.21168935298919678,30.71723747253418
12.0,67673.0,0.15526899695396423,-0.21015536785125732,30.62997055053711
12.0,67680.0,0.1526365429162979,-0.21015536785125732,30.70590591430664
12.0,67685.0,0.15073101222515106,-0.21015536785125732,30.78579330444336
12.0,67689.0,0.1491909623146057,-0.20862139761447906,30.416597366333008
12.0,67696.0,0.14642710983753204,-0.20862139761447906,30.768150329589844
12.0,67700.0,0.14483778178691864,-0.20862139761447906,30.8295955657959
12.0,67704.0,0.1432197093963623,-0.2070874124765396,30.716215133666992
12.0,67709.0,0.1411745399236679,-0.2070874124765396,30.779325485229492
12.0,67714.0,0.13910061120986938,-0.20555342733860016,30.701650619506836
12.0,67719.0,0.13700205087661743,-0.20555342733860016,30.76861572265625
12.0,67723.0,0.1353018432855606,-0.2040194571018219,30.678436279296875
12.0,67728.0,0.13272279500961304,-0.20248547196388245,30.339754104614258
12.0,67733.0,0.13098973035812378,-0.20248547196388245,30.678464889526367
12.0,67738.0,0.12880903482437134,-0.200951486825943,30.571496963500977
12.0,67742.0,0.12706366181373596,-0.19941750168800354,30.497713088989258
12.0,67749.0,0.1240164265036583,-0.19941750168800354,30.58230972290039
12.0,67753.0,0.12228336930274963,-0.19788353145122528,30.486310958862305
12.0,67761.0,0.11841478198766708,-0.19634954631328583,30.43001365661621
12.0,67772.0,0.11419301480054855,-0.19481556117534637,30.391033172607422
12.0,67775.0,0.11252566426992416,-0.19481556117534637,30.442546844482422
12.0,67787.0,0.10795893520116806,-0.19328159093856812,30.403099060058594
12.0,67793.0,0.10549486428499222,-0.19328159093856812,30.4735050201416
12.0,67798.0,0.10346201062202454,-0.19328159093856812,30.540843963623047
12.0,67803.0,0.10143737494945526,-0.19328159093856812,30.58357810974121
12.0,67807.0,0.09981930255889893,-0.19328159093856812,30.639057159423828
12.0,67811.0,0.09818891435861588,-0.19328159093856812,30.685577392578125
12.0,67815.0,0.09655030816793442,-0.19174760580062866,30.55229377746582
12.0,67819.0,0.0944887027144432,-0.19328159093856812,30.780216217041016
12.0,67824.0,0.09282546490430832,-0.19174760580062866,30.65228843688965
12.0,67828.0,0.09114989638328552,-0.19174760580062866,30.715618133544922
12.0,67832.0,0.08946611732244492,-0.19174760580062866,30.75540542602539
12.0,67835.0,0.08775359392166138,-0.19174760580062866,30.812379837036133
12.0,67840.0,0.08603285253047943,-0.19174760580062866,30.882518768310547
12.0,67844.0,0.08429158478975296,-0.1902136206626892,30.75063705444336
10.0,67849.0,0.0820944532752037,-0.1902136206626892,22.842321395874023
10.0,67854.0,0.07946201413869858,-0.1902136206626892,22.908708572387695
10.0,67860.0,0.07802053540945053,-0.19174760580062866,22.988008499145508
10.0,67865.0,0.0774332657456398,-0.19788353145122528,23.740293502807617
10.0,67871.0,0.07804517447948456,-0.21015536785125732,24.78522491455078
10.0,67875.0,0.0788254588842392,-0.2208932340145111,25.99263572692871
10.0,67880.0,0.07991786301136017,-0.23009712994098663,26.49091339111328
10.0,67884.0,0.08112936466932297,-0.24543693661689758,27.874483108520508
10.0,67889.0,0.08276385813951492,-0.2592427730560303,29.65739631652832
10.0,67893.0,0.08403285592794418,-0.26998063921928406,30.65373992919922
10.0,67897.0,0.08511704206466675,-0.2853204309940338,31.832992553710938
10.0,67901.0,0.08602053672075272,-0.29452431201934814,32.69858169555664
10.0,67907.0,0.08676385879516602,-0.30833014845848083,33.866905212402344
10.0,67913.0,0.08649691939353943,-0.3190680146217346,35.0547981262207
10.0,67919.0,0.08556878566741943,-0.32520392537117004,35.82200622558594
10.0,67925.0,0.08360164612531662,-0.3298058807849884,36.33944320678711
10.0,67931.0,0.08058726787567139,-0.32827189564704895,36.51001739501953
10.0,67937.0,0.0757618099451065,-0.323669970035553,36.4586181640625
10.0,67942.0,0.07239425182342529,-0.31753402948379517,35.80533218383789
10.0,67949.0,0.06548254936933517,-0.30526217818260193,34.7612419128418
10.0,67953.0,0.06104312092065811,-0.2929903268814087,34.19741439819336
10.0,67958.0,0.05508829653263092,-0.2822524607181549,33.72747039794922
10.0,67963.0,0.048792608082294464,-0.26384469866752625,32.150699615478516
10.0,67968.0,0.04229568690061569,-0.251572847366333,31.265554428100586
10.0,67974.0,0.03443942591547966,-0.23316508531570435,29.67403793334961
10.0,67980.0,0.026755647733807564,-0.21475732326507568,28.482845306396484
10.0,67985.0,0.019515400752425194,-0.19788353145122528,27.137775421142578
10.0,67992.0,0.012919917702674866,-0.1840776950120926,26.027996063232422
10.0,67998.0,0.006398357450962067,-0.1733398288488388,25.40932273864746
10.0,68004.0,0.0025913757272064686,-0.16873788833618164,25.028133392333984
10.0,68010.0,-0.0009404517477378249,-0.16873788833618164,25.273683547973633
10.0,68015.0,-0.0030800821259617805,-0.17180585861206055,25.764009475708008
10.0,68021.0,-0.004706365521997213,-0.17794176936149597,26.231290817260742
10.0,68027.0,-0.005470226053148508,-0.18867963552474976,27.129499435424805
10.0,68033.0,-0.005605749320238829,-0.19941750168800354,28.053428649902344
10.0,68039.0,-0.00542505132034421,-0.21475732326507568,29.684436798095703
10.0,68044.0,-0.005305954720824957,-0.22549518942832947,30.92913055419922
10.0,68048.0,-0.005305954720824957,-0.2377670258283615,31.784500122070312
10.0,68054.0,-0.005515400320291519,-0.2485048919916153,32.69871139526367
10.0,68061.0,-0.006422997917979956,-0.26384469866752625,34.094215393066406
10.0,68066.0,-0.007507186848670244,-0.2715145945549011,34.91946029663086
10.0,68071.0,-0.008743326179683208,-0.27458256483078003,35.47218704223633
10.0,68075.0,-0.010361396707594395,-0.2791845202445984,35.880733489990234
10.0,68079.0,-0.012361396104097366,-0.28071850538253784,35.96561050415039
10.0,68083.0,-0.01544969156384468,-0.28071850538253784,36.1568717956543
10.0,68087.0,-0.018381930887699127,-0.27765053510665894,35.79510498046875
10.0,68092.0,-0.021724846214056015,-0.27458256483078003,35.734893798828125
10.0,68096.0,-0.025470225140452385,-0.2684466540813446,35.459354400634766
10.0,68101.0,-0.030644763261079788,-0.26077672839164734,34.96156692504883
10.0,68106.0,-0.036336757242679596,-0.25003886222839355,34.00501251220703
10.0,68111.0,-0.04242710396647453,-0.23623304069042206,33.09122848510742
10.0,68116.0,-0.04880492761731148,-0.22549518942832947,32.568626403808594
10.0,68122.0,-0.05668993666768074,-0.20862139761447906,31.31866455078125
10.0,68128.0,-0.06458727270364761,-0.1902136206626892,29.608333587646484
10.0,68133.0,-0.07103080302476883,-0.17794176936149597,28.444313049316406
10.0,68138.0,-0.0783572867512703,-0.16413594782352448,27.885995864868164
10.0,68144.0,-0.08399589359760284,-0.1533980816602707,27.002307891845703
10.0,68149.0,-0.08909650892019272,-0.1426602154970169,26.071277618408203
10.0,68155.0,-0.0943860337138176,-0.13805827498435974,25.53606605529785
10.0,68161.0,-0.09868583083152771,-0.13499031960964203,25.393829345703125
10.0,68166.0,-0.10149897634983063,-0.13805827498435974,26.168487548828125
10.0,68172.0,-0.1039917841553688,-0.1426602154970169,26.50026512145996
10.0,68177.0,-0.10560985654592514,-0.14879614114761353,26.968826293945312
10.0,68183.0,-0.10639835894107819,-0.1595340073108673,28.030241012573242
10.0,68191.0,-0.1069733053445816,-0.1764077991247177,29.88747787475586
10.0,68195.0,-0.10711293667554855,-0.18867963552474976,30.449405670166016
10.0,68200.0,-0.10731416940689087,-0.19788353145122528,31.276456832885742
10.0,68205.0,-0.10763038694858551,-0.21015536785125732,32.56475830078125
10.0,68214.0,-0.10886652767658234,-0.23009712994098663,34.38113784790039
10.0,68219.0,-0.11011499166488647,-0.23623304069042206,35.02829360961914
10.0,68224.0,-0.11187679320573807,-0.24236896634101868,35.48459243774414
10.0,68228.0,-0.11373716592788696,-0.24543693661689758,35.9275016784668
10.0,68232.0,-0.1160041093826294,-0.24697090685367584,36.24089050292969
10.0,68237.0,-0.12024229764938354,-0.24543693661689758,36.07512283325195
10.0,68243.0,-0.12451335042715073,-0.24236896634101868,36.313377380371094
10.0,68247.0,-0.1284065693616867,-0.23623304069042206,35.60068893432617
10.0,68254.0,-0.13731826841831207,-0.22242721915245056,34.88517379760742
10.0,68260.0,-0.14353592693805695,-0.21015536785125732,33.7769660949707
10.0,68264.0,-0.14877617359161377,-0.19941750168800354,33.00471878051758
10.0,68268.0,-0.1542094498872757,-0.18867963552474976,32.24525833129883
10.0,68272.0,-0.15973716974258423,-0.1764077991247177,31.06674575805664
10.0,68278.0,-0.16805750131607056,-0.15800002217292786,30.050203323364258
10.0,68283.0,-0.17486652731895447,-0.14112623035907745,28.550241470336914
10.0,68287.0,-0.18139630556106567,-0.13038836419582367,27.680740356445312
10.0,68292.0,-0.18634086847305298,-0.12118448317050934,27.193222045898438
10.0,68296.0,-0.19095687568187714,-0.11198060214519501,26.147750854492188
10.0,68300.0,-0.1951991766691208,-0.10431069880723953,25.765174865722656
10.0,68304.0,-0.1990225911140442,-0.09970875084400177,25.182674407958984
10.0,68308.0,-0.203121155500412,-0.09664079546928406,25.31374740600586
10.0,68313.0,-0.20586037635803223,-0.0951068103313446,25.130868911743164
10.0,68319.0,-0.20902669429779053,-0.09817477315664291,25.315059661865234
10.0,68325.0,-0.2114168405532837,-0.10584467649459839,26.172048568725586
10.0,68331.0,-0.21233674883842468,-0.11658254265785217,27.282007217407227
10.0,68337.0,-0.21279260516166687,-0.12732040882110596,28.434995651245117
10.0,68342.0,-0.21280904114246368,-0.1426602154970169,29.472217559814453
10.0,68348.0,-0.212735116481781,-0.15800002217292786,30.81563377380371
10.0,68354.0,-0.21279671788215637,-0.1733398288488388,32.21509552001953
10.0,68359.0,-0.21313346922397614,-0.1840776950120926,32.94736862182617
10.0,68366.0,-0.21389733254909515,-0.19941750168800354,34.46341323852539
10.0,68371.0,-0.21501027047634125,-0.20555342733860016,35.09236145019531
10.0,68375.0,-0.21629157662391663,-0.21168935298919678,35.77960968017578
10.0,68379.0,-0.21796715259552002,-0.21475732326507568,35.9212760925293
10.0,68383.0,-0.22006160020828247,-0.21629129350185394,36.19744110107422
10.0,68389.0,-0.22406570613384247,-0.21629129350185394,36.46607971191406
10.0,68394.0,-0.2281806915998459,-0.21322333812713623,36.0850830078125
10.0,68399.0,-0.23296919465065002,-0.2070874124765396,35.88677215576172
10.0,68404.0,-0.23841477930545807,-0.19634954631328583,35.237060546875
10.0,68409.0,-0.24566324055194855,-0.1840776950120926,34.12276077270508
10.0,68415.0,-0.25220122933387756,-0.17180585861206055,33.29981231689453
10.0,68421.0,-0.2604476511478424,-0.1533980816602707,31.909452438354492
10.0,68426.0,-0.26747024059295654,-0.13805827498435974,30.507598876953125
10.0,68434.0,-0.2786078155040741,-0.11351457983255386,28.561264038085938
10.0,68438.0,-0.28395482897758484,-0.09817477315664291,27.534862518310547
10.0,68442.0,-0.29031211137771606,-0.08743690699338913,26.63591766357422
10.0,68447.0,-0.2950061559677124,-0.0782330259680748,25.558799743652344
10.0,68451.0,-0.2993018627166748,-0.06749515980482101,24.873205184936523
10.0,68455.0,-0.303117036819458,-0.0644271969795227,24.716922760009766
10.0,68459.0,-0.30642300844192505,-0.05982525274157524,24.665048599243164
10.0,68463.0,-0.30979466438293457,-0.058291271328926086,24.465850830078125
10.0,68468.0,-0.3119014501571655,-0.058291271328926086,24.376182556152344
10.0,68474.0,-0.31405749917030334,-0.0644271969795227,24.768173217773438
10.0,68479.0,-0.31500205397605896,-0.07209710031747818,25.893081665039062
10.0,68484.0,-0.31529363989830017,-0.08436894416809082,26.847251892089844
10.0,68491.0,-0.3149609863758087,-0.09817477315664291,28.200227737426758
10.0,68495.0,-0.3145749568939209,-0.11198060214519501,29.105594635009766
10.0,68500.0,-0.31408214569091797,-0.12271846830844879,30.030004501342773
10.0,68504.0,-0.31377002596855164,-0.13345633447170258,31.271728515625
10.0,68509.0,-0.3136221766471863,-0.14879614114761353,32.39460372924805
10.0,68514.0,-0.31379055976867676,-0.15800002217292786,33.272369384765625
10.0,68518.0,-0.3141971230506897,-0.1672039031982422,33.91245651245117
10.0,68522.0,-0.31488296389579773,-0.17180585861206055,34.53848648071289
10.0,68526.0,-0.31590554118156433,-0.17947575449943542,35.2187614440918
10.0,68531.0,-0.3176632523536682,-0.18254372477531433,35.598472595214844
10.0,68534.0,-0.3195071816444397,-0.1840776950120926,35.60856246948242
10.0,68539.0,-0.3217371702194214,-0.1840776950120926,35.74467468261719
10.0,68543.0,-0.324373722076416,-0.1840776950120926,35.9373893737793
10.0,68546.0,-0.3274127244949341,-0.18100973963737488,35.46870040893555
10.0,68551.0,-0.33083367347717285,-0.1764077991247177,35.23869323730469
10.0,68556.0,-0.3356221914291382,-0.1672039031982422,34.609893798828125
10.0,68561.0,-0.34090349078178406,-0.15800002217292786,34.111209869384766
10.0,68565.0,-0.3454250395298004,-0.14879614114761353,33.20851516723633
10.0,68569.0,-0.3501396179199219,-0.1395922601222992,32.81867599487305
10.0,68573.0,-0.3550184667110443,-0.1257864236831665,31.76404571533203
10.0,68577.0,-0.36119505763053894,-0.11351457983255386,30.520151138305664
10.0,68582.0,-0.36613962054252625,-0.10277671366930008,29.69185447692871
10.0,68585.0,-0.37100204825401306,-0.0920388475060463,28.837322235107422
10.0,68590.0,-0.375712513923645,-0.08130098134279251,28.19948959350586
10.0,68594.0,-0.3801847994327545,-0.07209710031747818,27.443099975585938
10.0,68598.0,-0.3843778371810913,-0.06289321184158325,26.52161407470703
10.0,68602.0,-0.38823819160461426,-0.05522330850362778,25.960372924804688
10.0,68605.0,-0.3908665180206299,-0.05062136799097061,25.821664810180664
10.0,68609.0,-0.3939835727214813,-0.04601942375302315,25.105356216430664
10.0,68613.0,-0.3966447710990906,-0.04448544234037399,24.777694702148438
10.0,68617.0,-0.398817241191864,-0.04295146465301514,24.97801971435547
10.0,68621.0,-0.400509238243103,-0.04448544234037399,25.0413761138916
10.0,68625.0,-0.40172484517097473,-0.04601942375302315,25.095413208007812
10.0,68629.0,-0.40248459577560425,-0.052155349403619766,25.843961715698242
10.0,68632.0,-0.40285009145736694,-0.058291271328926086,26.3007755279541
10.0,68636.0,-0.4029034972190857,-0.06596117466688156,27.155467987060547
10.0,68640.0,-0.4027104675769806,-0.07363107800483704,27.496301651000977
10.0,68645.0,-0.40239015221595764,-0.08283496648073196,28.3671817779541
10.0,68650.0,-0.40184393525123596,-0.09664079546928406,29.68059730529785
10.0,68656.0,-0.4014414846897125,-0.1089126393198967,30.777925491333008
10.0,68661.0,-0.4012156128883362,-0.12118448317050934,31.62450408935547
10.0,68667.0,-0.4013264775276184,-0.13038836419582367,32.62226867675781
10.0,68671.0,-0.40163859724998474,-0.13805827498435974,33.241878509521484
10.0,68674.0,-0.4021807014942169,-0.1426602154970169,33.688453674316406
10.0,68679.0,-0.4030061662197113,-0.14726215600967407,33.933406829833984
10.0,68683.0,-0.4041232168674469,-0.15033012628555298,34.731327056884766
10.0,68687.0,-0.40558111667633057,-0.1533980816602707,34.75933837890625
10.0,68701.0,-0.41338399052619934,-0.14726215600967407,34.38938903808594
10.0,68706.0,-0.41794660687446594,-0.14112623035907745,34.02228546142578
10.0,68710.0,-0.42133060097694397,-0.13499031960964203,33.61872482299805
10.0,68716.0,-0.4259055554866791,-0.1257864236831665,32.88247299194336
10.0,68722.0,-0.43174126744270325,-0.11044661700725555,31.816316604614258
10.0,68728.0,-0.4377864599227905,-0.09817477315664291,30.592233657836914
10.0,68733.0,-0.44385215640068054,-0.08436894416809082,29.507600784301758
10.0,68739.0,-0.4487679600715637,-0.07056311517953873,28.369972229003906
10.0,68745.0,-0.4543244242668152,-0.05982525274157524,27.586238861083984
10.0,68751.0,-0.45933058857917786,-0.05062136799097061,26.945789337158203
10.0,68756.0,-0.46297329664230347,-0.04141748324036598,26.077775955200195
10.0,68761.0,-0.4660780429840088,-0.03834952041506767,25.79056167602539
10.0,68766.0,-0.4685790538787842,-0.03528155758976936,25.436805725097656
10.0,68772.0,-0.47078028321266174,-0.03681553900241852,25.777326583862305
10.0,68776.0,-0.4717700183391571,-0.03988350182771683,26.22356414794922
10.0,68781.0,-0.4725010395050049,-0.04295146465301514,26.401521682739258
10.0,68785.0,-0.4727227985858917,-0.0475534051656723,26.846288681030273
10.0,68789.0,-0.4726817309856415,-0.05522330850362778,27.322792053222656
10.0,68793.0,-0.4724845886230469,-0.06289321184158325,27.971200942993164
10.0,68797.0,-0.4721314311027527,-0.06902913749217987,28.447486877441406
10.0,68802.0,-0.47182750701904297,-0.0782330259680748,29.235998153686523
10.0,68806.0,-0.4715113043785095,-0.08590292930603027,29.923377990722656
10.0,68811.0,-0.47134292125701904,-0.09357283264398575,30.59058952331543
10.0,68815.0,-0.4713018536567688,-0.09970875084400177,31.157499313354492
10.0,68819.0,-0.4714004099369049,-0.10584467649459839,31.749794006347656
10.0,68825.0,-0.47181931138038635,-0.11044661700725555,32.336151123046875
10.0,68831.0,-0.47264477610588074,-0.11658254265785217,32.82168960571289
10.0,68836.0,-0.4739260673522949,-0.11965050548315048,33.18383026123047
10.0,68842.0,-0.47534292936325073,-0.11965050548315048,33.01106262207031
10.0,68849.0,-0.47787678241729736,-0.11965050548315048,33.15782165527344
10.0,68855.0,-0.48058727383613586,-0.11658254265785217,33.0141716003418
10.0,68860.0,-0.48317864537239075,-0.11198060214519501,32.320159912109375
10.0,68867.0,-0.4872320294380188,-0.10431069880723953,31.79358673095703
10.0,68872.0,-0.49102258682250977,-0.09664079546928406,31.362579345703125
10.0,68877.0,-0.4943039119243622,-0.08897088468074799,30.758298873901367
10.0,68884.0,-0.49827927350997925,-0.07976700365543365,30.026939392089844
10.0,68888.0,-0.5015400648117065,-0.07209710031747818,29.39870834350586
10.0,68893.0,-0.5040615797042847,-0.06596117466688156,28.877954483032227
10.0,68901.0,-0.5086981654167175,-0.05675728991627693,28.11771583557129
10.0,68905.0,-0.5107556581497192,-0.052155349403619766,27.97014808654785
10.0,68911.0,-0.5134578943252563,-0.0475534051656723,27.275415420532227
10.0,68916.0,-0.5153264999389648,-0.04601942375302315,27.38555335998535
10.0,68922.0,-0.5170636773109436,-0.04448544234037399,27.1863956451416
10.0,68927.0,-0.5180862545967102,-0.04601942375302315,27.270267486572266
10.0,68933.0,-0.5188172459602356,-0.04908738657832146,27.75039291381836
10.0,68938.0,-0.519047200679779,-0.05368933081626892,28.120275497436523
10.0,68947.0,-0.5188952684402466,-0.06289321184158325,28.822200775146484
10.0,68952.0,-0.5187638401985168,-0.06749515980482101,29.2152099609375
10.0,68956.0,-0.5186529755592346,-0.07209710031747818,29.620376586914062
10.0,68960.0,-0.5185831785202026,-0.07516506314277649,30.0134334564209
10.0,68964.0,-0.5185831785202026,-0.07976700365543365,30.024423599243164
10.0,68970.0,-0.5186899304389954,-0.08436894416809082,30.436962127685547
10.0,68976.0,-0.5189445614814758,-0.08897088468074799,31.134296417236328
10.0,68981.0,-0.519305944442749,-0.09050486981868744,31.02764892578125
10.0,68987.0,-0.5199260711669922,-0.09357283264398575,31.60833168029785
10.0,68993.0,-0.5207638740539551,-0.09357283264398575,31.373245239257812
10.0,68999.0,-0.5218726992607117,-0.09357283264398575,31.4284610748291
10.0,69004.0,-0.5232484340667725,-0.0920388475060463,31.345861434936523
10.0,69011.0,-0.5248706340789795,-0.08897088468074799,31.14296531677246
10.0,69017.0,-0.5266981720924377,-0.08590292930603027,30.94612693786621
10.0,69023.0,-0.5286940336227417,-0.08130098134279251,30.30885124206543
10.0,69028.0,-0.5307967066764832,-0.07669904083013535,29.956398010253906
10.0,69034.0,-0.5325708389282227,-0.07209710031747818,29.853044509887695
10.0,69040.0,-0.5346488952636719,-0.06749515980482101,29.055828094482422
10.0,69046.0,-0.5365913510322571,-0.06289321184158325,29.06417465209961
10.0,69052.0,-0.5383408665657043,-0.05675728991627693,28.2325439453125
10.0,69059.0,-0.5400862693786621,-0.05522330850362778,28.37615966796875
10.0,69065.0,-0.5412772297859192,-0.052155349403619766,27.802120208740234
10.0,69070.0,-0.5421231985092163,-0.052155349403619766,28.03615379333496
10.0,69076.0,-0.5425585508346558,-0.052155349403619766,27.989971160888672
10.0,69080.0,-0.5427515506744385,-0.05368933081626892,28.099180221557617
10.0,69084.0,-0.54282546043396,-0.05522330850362778,28.209308624267578
10.0,69088.0,-0.542809009552002,-0.05675728991627693,28.313642501831055
10.0,69092.0,-0.542747437953949,-0.058291271328926086,28.420047760009766
10.0,69096.0,-0.542677640914917,-0.05982525274157524,28.532318115234375
10.0,69101.0,-0.5426036715507507,-0.061359234154224396,28.64746856689453
10.0,69105.0,-0.5425544381141663,-0.06289321184158325,28.75630760192871
10.0,69109.0,-0.5425092577934265,-0.0644271969795227,28.885475158691406
10.0,69113.0,-0.542496919631958,-0.06596117466688156,29.0208683013916
10.0,69119.0,-0.542505145072937,-0.06749515980482101,29.145557403564453
10.0,69125.0,-0.5425338745117188,-0.06902913749217987,29.534931182861328
10.0,69130.0,-0.5425544381141663,-0.06902913749217987,29.242874145507812
10.0,69137.0,-0.5425872802734375,-0.07056311517953873,29.38530921936035
10.0,69143.0,-0.5426324605941772,-0.07056311517953873,29.3582706451416
10.0,69149.0,-0.5426940321922302,-0.07056311517953873,29.338436126708984
10.0,69154.0,-0.542755663394928,-0.07056311517953873,29.322330474853516
10.0,69160.0,-0.5428049564361572,-0.07056311517953873,29.3110408782959
10.0,69165.0,-0.5428583025932312,-0.07056311517953873,29.301433563232422
10.0,69171.0,-0.5428870916366577,-0.07056311517953873,29.29337501525879
10.0,69177.0,-0.54291170835495,-0.07056311517953873,29.286087036132812
10.0,69183.0,-0.5429240465164185,-0.06902913749217987,28.854827880859375
10.0,69188.0,-0.5429240465164185,-0.06902913749217987,29.10063934326172
10.0,69192.0,-0.5429240465164185,-0.06902913749217987,29.100685119628906
10.0,69196.0,-0.5429240465164185,-0.06902913749217987,29.1021728515625
10.0,69201.0,-0.5429240465164185,-0.06749515980482101,28.927080154418945
10.0,69205.0,-0.542919933795929,-0.06749515980482101,28.929880142211914
10.0,69210.0,-0.542919933795929,-0.06596117466688156,28.761489868164062
10.0,69214.0,-0.542919933795929,-0.06596117466688156,28.76883888244629
10.0,69219.0,-0.5429158210754395,-0.0644271969795227,28.3516845703125
10.0,69225.0,-0.5429075956344604,-0.0644271969795227,28.615236282348633
10.0,69232.0,-0.5428788661956787,-0.06289321184158325,28.449247360229492
10.0,69236.0,-0.5428541898727417,-0.061359234154224396,28.28325653076172
10.0,69242.0,-0.542809009552002,-0.05982525274157524,28.11956214904785
10.0,69249.0,-0.5427268743515015,-0.058291271328926086,27.955812454223633
10.0,69256.0,-0.5425708293914795,-0.05675728991627693,27.784204483032227
10.0,69260.0,-0.5423983335494995,-0.05675728991627693,27.782907485961914
10.0,69266.0,-0.5421560406684875,-0.05522330850362778,27.594209671020508
10.0,69271.0,-0.5418439507484436,-0.05522330850362778,27.576025009155273
10.0,69275.0,-0.5415359139442444,-0.05368933081626892,27.372339248657227
10.0,69279.0,-0.5410923957824707,-0.05368933081626892,27.34642791748047
10.0,69284.0,-0.5406817197799683,-0.05368933081626892,27.31556510925293
10.0,69288.0,-0.5402217507362366,-0.05368933081626892,27.269941329956055
10.0,69294.0,-0.5393100380897522,-0.05368933081626892,27.208106994628906
10.0,69300.0,-0.5384230017662048,-0.05368933081626892,27.13787078857422
10.0,69305.0,-0.5377782583236694,-0.05368933081626892,27.072168350219727
10.0,69309.0,-0.5370718836784363,-0.05368933081626892,27.0136661529541
10.0,69315.0,-0.5359055399894714,-0.05522330850362778,27.09354591369629
10.0,69319.0,-0.5348254442214966,-0.05522330850362778,27.019655227661133
10.0,69325.0,-0.5336673259735107,-0.05675728991627693,27.082685470581055
10.0,69331.0,-0.5322176814079285,-0.058291271328926086,27.146127700805664
10.0,69337.0,-0.5306940674781799,-0.05982525274157524,27.22441864013672
10.0,69342.0,-0.5290800929069519,-0.061359234154224396,27.277833938598633
10.0,69350.0,-0.5271704196929932,-0.0644271969795227,27.499753952026367
10.0,69355.0,-0.5258069634437561,-0.06596117466688156,27.567157745361328
10.0,69360.0,-0.5241683721542358,-0.06749515980482101,27.660602569580078
10.0,69366.0,-0.5225667357444763,-0.06902913749217987,27.748384475708008
10.0,69372.0,-0.5212895274162292,-0.07056311517953873,27.852954864501953
10.0,69383.0,-0.5186119079589844,-0.07056311517953873,27.748693466186523
10.0,69389.0,-0.5172279477119446,-0.07056311517953873,27.714115142822266
10.0,69397.0,-0.5154538154602051,-0.07056311517953873,27.668272018432617
10.0,69402.0,-0.5143737196922302,-0.07056311517953873,27.650178909301758
10.0,69406.0,-0.5135113000869751,-0.06902913749217987,27.20797348022461
10.0,69410.0,-0.512640655040741,-0.06902913749217987,27.436933517456055
10.0,69414.0,-0.5117617845535278,-0.06902913749217987,27.42388916015625
10.0,69418.0,-0.510644793510437,-0.06749515980482101,27.2238826751709
10.0,69425.0,-0.5092607736587524,-0.06749515980482101,27.192678451538086
10.0,69429.0,-0.5082957148551941,-0.06596117466688156,26.987895965576172
10.0,69436.0,-0.5064927935600281,-0.06596117466688156,26.91788101196289
10.0,69443.0,-0.5045543909072876,-0.0644271969795227,26.67684555053711
10.0,69446.0,-0.5033798813819885,-0.0644271969795227,26.62638282775879
10.0,69451.0,-0.5021519660949707,-0.0644271969795227,26.57111930847168
10.0,69458.0,-0.499843955039978,-0.06596117466688156,26.61829948425293
10.0,69462.0,-0.49845996499061584,-0.06596117466688156,26.544572830200195
10.0,69466.0,-0.4970266819000244,-0.06596117466688156,26.466415405273438
10.0,69472.0,-0.494767963886261,-0.06749515980482101,26.51819610595703
10.0,69476.0,-0.4931950867176056,-0.06902913749217987,26.607988357543945
10.0,69483.0,-0.4903326630592346,-0.07056311517953873,26.644529342651367
10.0,69488.0,-0.48822176456451416,-0.07363107800483704,27.10736846923828
10.0,69492.0,-0.4865010380744934,-0.07363107800483704,26.76097869873047
10.0,69499.0,-0.4834168255329132,-0.07669904083013535,26.971094131469727
10.0,69505.0,-0.48076385259628296,-0.07976700365543365,27.437650680541992
10.0,69511.0,-0.4781108796596527,-0.08130098134279251,27.2329044342041
10.0,69516.0,-0.47591787576675415,-0.08283496648073196,27.289506912231445
10.0,69523.0,-0.4728911817073822,-0.08436894416809082,27.355836868286133
10.0,69529.0,-0.4703860282897949,-0.08590292930603027,27.442384719848633
10.0,69534.0,-0.4679507315158844,-0.08743690699338913,27.540136337280273
10.0,69539.0,-0.4663655161857605,-0.08743690699338913,27.48587989807129
10.0,69544.0,-0.46444353461265564,-0.08743690699338913,27.447738647460938
10.0,69548.0,-0.4629404544830322,-0.08743690699338913,27.41598129272461
10.0,69553.0,-0.46108418703079224,-0.08743690699338913,27.379283905029297
10.0,69557.0,-0.45962628722190857,-0.08590292930603027,27.171659469604492
10.0,69561.0,-0.4581765830516815,-0.08590292930603027,27.14796257019043
10.0,69566.0,-0.4563696086406708,-0.08436894416809082,26.94646644592285
10.0,69570.0,-0.4545462131500244,-0.08436894416809082,26.916406631469727
10.0,69574.0,-0.45344558358192444,-0.08283496648073196,26.711021423339844
10.0,69579.0,-0.4515687823295593,-0.08283496648073196,26.68093490600586
10.0,69583.0,-0.44963860511779785,-0.08130098134279251,26.457557678222656
10.0,69588.0,-0.44804516434669495,-0.08130098134279251,26.415515899658203
10.0,69594.0,-0.44554415345191956,-0.07976700365543365,26.157405853271484
10.0,69598.0,-0.4438110888004303,-0.07976700365543365,26.08131980895996
10.0,69602.0,-0.44200822710990906,-0.08130098134279251,26.188472747802734
10.0,69606.0,-0.44013142585754395,-0.08130098134279251,26.10759925842285
10.0,69610.0,-0.43819302320480347,-0.08130098134279251,26.0214900970459
10.0,69614.0,-0.436176598072052,-0.08283496648073196,26.354022979736328
10.0,69620.0,-0.4330184757709503,-0.08436894416809082,26.124698638916016
10.0,69626.0,-0.42971664667129517,-0.08590292930603027,26.133634567260742
10.0,69632.0,-0.4262915849685669,-0.08897088468074799,26.341562271118164
10.0,69638.0,-0.4227679669857025,-0.0920388475060463,26.48341178894043
10.0,69644.0,-0.4191950857639313,-0.0951068103313446,26.687101364135742
10.0,69649.0,-0.4155934154987335,-0.09817477315664291,26.86533546447754
10.0,69655.0,-0.4125995934009552,-0.10124273598194122,27.05128288269043
10.0,69661.0,-0.4090431332588196,-0.10431069880723953,27.527469635009766
10.0,69667.0,-0.404969185590744,-0.10737866163253784,27.717086791992188
10.0,69672.0,-0.40268582105636597,-0.10737866163253784,27.382001876831055
10.0,69676.0,-0.40045586228370667,-0.1089126393198967,27.46845817565918
10.0,69681.0,-0.39775359630584717,-0.11044661700725555,27.567541122436523
10.0,69685.0,-0.3956468105316162,-0.11044661700725555,27.51560401916504
10.0,69689.0,-0.3935975432395935,-0.11044661700725555,27.471080780029297
10.0,69693.0,-0.39159753918647766,-0.11044661700725555,27.433963775634766
10.0,69700.0,-0.3881930112838745,-0.11044661700725555,27.388072967529297
10.0,69704.0,-0.3862956762313843,-0.11044661700725555,26.9284725189209
10.0,69709.0,-0.38396304845809937,-0.1089126393198967,27.158737182617188
10.0,69714.0,-0.3816632330417633,-0.10737866163253784,26.957658767700195
10.0,69718.0,-0.37983572483062744,-0.10584467649459839,26.51239013671875
10.0,69722.0,-0.3779999911785126,-0.10584467649459839,26.74152374267578
10.0,69725.0,-0.37659958004951477,-0.10431069880723953,26.536035537719727
10.0,69729.0,-0.37471047043800354,-0.10277671366930008,26.329130172729492
10.0,69733.0,-0.37277618050575256,-0.10277671366930008,26.289541244506836
10.0,69737.0,-0.3702792525291443,-0.10124273598194122,26.06547737121582
10.0,69743.0,-0.3676961064338684,-0.10124273598194122,25.99643898010254
10.0,69747.0,-0.3649979531764984,-0.10124273598194122,25.911462783813477
10.0,69752.0,-0.3627638518810272,-0.10124273598194122,25.834667205810547
10.0,69756.0,-0.36044764518737793,-0.10124273598194122,25.72355842590332
10.0,69761.0,-0.3574414849281311,-0.10277671366930008,25.77569007873535
10.0,69765.0,-0.35430800914764404,-0.10431069880723953,25.842029571533203
10.0,69769.0,-0.35237783193588257,-0.10584467649459839,25.902223587036133
10.0,69773.0,-0.34974128007888794,-0.10737866163253784,25.955087661743164
10.0,69777.0,-0.3463696241378784,-0.1089126393198967,26.00537109375
10.0,69782.0,-0.34360986948013306,-0.11198060214519501,26.476043701171875
10.0,69785.0,-0.34081724286079407,-0.11351457983255386,26.270658493041992
10.0,69790.0,-0.3379876911640167,-0.11658254265785217,26.738147735595703
10.0,69794.0,-0.33512526750564575,-0.11811652034521103,26.527965545654297
10.0,69799.0,-0.3315564692020416,-0.12118448317050934,26.719682693481445
10.0,69803.0,-0.3287063539028168,-0.12425244599580765,26.946699142456055
10.0,69807.0,-0.3251868486404419,-0.12732040882110596,27.153684616088867
10.0,69811.0,-0.3224065601825714,-0.1288543939590454,27.218868255615234
10.0,69816.0,-0.3196755647659302,-0.13038836419582367,27.295541763305664
10.0,69820.0,-0.3169979453086853,-0.13345633447170258,27.786375045776367
10.0,69833.0,-0.30873921513557434,-0.13499031960964203,27.4942626953125
10.0,69838.0,-0.3057412803173065,-0.1365242898464203,27.623493194580078
10.0,69842.0,-0.3034045100212097,-0.13499031960964203,27.397716522216797
10.0,69846.0,-0.3011416792869568,-0.13499031960964203,27.366788864135742
10.0,69852.0,-0.29727309942245483,-0.13345633447170258,26.904247283935547
10.0,69859.0,-0.2940574884414673,-0.13192234933376312,26.700265884399414
10.0,69865.0,-0.2909034788608551,-0.13038836419582367,26.7503662109375
10.0,69871.0,-0.287195086479187,-0.1288543939590454,26.537710189819336
10.0,69877.0,-0.2844928205013275,-0.12732040882110596,26.31686782836914
10.0,69881.0,-0.28228336572647095,-0.1257864236831665,26.100753784179688
10.0,69887.0,-0.2788747549057007,-0.12425244599580765,25.848020553588867
10.0,69891.0,-0.27652156352996826,-0.12425244599580765,25.790538787841797
10.0,69895.0,-0.27409857511520386,-0.12425244599580765,25.717792510986328
10.0,69899.0,-0.2715893089771271,-0.12425244599580765,25.63494300842285
10.0,69903.0,-0.2690020501613617,-0.12425244599580765,25.54058837890625
10.0,69909.0,-0.2649363577365875,-0.1257864236831665,25.556354522705078
10.0,69913.0,-0.26213961839675903,-0.12732040882110596,25.615703582763672
10.0,69919.0,-0.25777411460876465,-0.13038836419582367,26.0584774017334
10.0,69924.0,-0.2540123164653778,-0.13345633447170258,25.95214080810547
10.0,69930.0,-0.24936755001544952,-0.1365242898464203,26.12398910522461
10.0,69936.0,-0.24465297162532806,-0.14112623035907745,26.397266387939453
10.0,69941.0,-0.24071457982063293,-0.14419420063495636,26.860809326171875
10.0,69945.0,-0.23757289350032806,-0.14726215600967407,27.076414108276367
10.0,69950.0,-0.23367556929588318,-0.15033012628555298,26.984159469604492
10.0,69954.0,-0.23058316111564636,-0.1533980816602707,27.464740753173828
10.0,69959.0,-0.2268049269914627,-0.15493206679821014,27.2833251953125
10.0,69963.0,-0.22311703860759735,-0.15800002217292786,27.762855529785156
10.0,69968.0,-0.22025051712989807,-0.15800002217292786,27.425846099853516
10.0,69974.0,-0.21609444916248322,-0.1595340073108673,27.49477767944336
10.0,69979.0,-0.21277207136154175,-0.16106799244880676,27.589557647705078
10.0,69985.0,-0.20894455909729004,-0.16106799244880676,27.540084838867188
10.0,69990.0,-0.20589321851730347,-0.1595340073108673,27.322750091552734
10.0,69997.0,-0.20175769925117493,-0.15800002217292786,27.110990524291992
10.0,70003.0,-0.1982915848493576,-0.1564660519361496,26.91236114501953
10.0,70009.0,-0.19430801272392273,-0.15493206679821014,26.70929527282715
10.0,70016.0,-0.19089117646217346,-0.15186409652233124,26.077590942382812
10.0,70022.0,-0.18740862607955933,-0.15033012628555298,25.857473373413086
10.0,70028.0,-0.18382751941680908,-0.15033012628555298,26.047555923461914
10.0,70033.0,-0.18009445071220398,-0.14879614114761353,25.787248611450195
10.0,70039.0,-0.17688295245170593,-0.14879614114761353,25.682109832763672
10.0,70045.0,-0.17287063598632812,-0.14879614114761353,25.57956886291504
10.0,70050.0,-0.16937577724456787,-0.15033012628555298,25.60430908203125
10.0,70056.0,-0.1650225818157196,-0.15186409652233124,25.641897201538086
10.0,70062.0,-0.16050103306770325,-0.15493206679821014,25.7783203125
10.0,70068.0,-0.15585626661777496,-0.15800002217292786,25.930208206176758
10.0,70073.0,-0.1518809050321579,-0.16106799244880676,26.10919761657715
10.0,70080.0,-0.14623408019542694,-0.16566993296146393,26.673622131347656
10.0,70084.0,-0.14299383759498596,-0.16873788833618164,26.60417366027832
10.0,70089.0,-0.13894866406917572,-0.17180585861206055,27.071828842163086
10.0,70094.0,-0.13494455814361572,-0.17487381398677826,26.98479652404785
10.0,70101.0,-0.1294127255678177,-0.17794176936149597,27.56032943725586
10.0,70105.0,-0.1263449639081955,-0.18100973963737488,27.38384437561035
10.0,70109.0,-0.12259548157453537,-0.18254372477531433,27.47227668762207
10.0,70114.0,-0.11967967450618744,-0.1840776950120926,27.54874610900879
10.0,70118.0,-0.11615195125341415,-0.18561168015003204,27.661874771118164
10.0,70123.0,-0.11342915892601013,-0.18561168015003204,27.608013153076172
10.0,70127.0,-0.11080082505941391,-0.18561168015003204,27.558652877807617
10.0,70133.0,-0.10700204968452454,-0.18561168015003204,27.519451141357422
10.0,70139.0,-0.10335934162139893,-0.1840776950120926,27.316421508789062
10.0,70143.0,-0.1010102704167366,-0.18254372477531433,27.13153839111328
10.0,70147.0,-0.09813962876796722,-0.18100973963737488,26.696962356567383
10.0,70153.0,-0.095322385430336,-0.17947575449943542,26.766429901123047
10.0,70159.0,-0.09194250404834747,-0.17794176936149597,26.577302932739258
10.0,70163.0,-0.08967145532369614,-0.1764077991247177,26.382896423339844
10.0,70167.0,-0.08678439259529114,-0.17487381398677826,26.181772232055664
10.0,70172.0,-0.08443120867013931,-0.1733398288488388,25.97549819946289
10.0,70176.0,-0.08202874660491943,-0.17180585861206055,25.49509048461914
10.0,70181.0,-0.0789240226149559,-0.17180585861206055,25.693546295166016
10.0,70185.0,-0.07637782394886017,-0.17180585861206055,25.612651824951172
10.0,70190.0,-0.0730595514178276,-0.17180585861206055,25.513336181640625
10.0,70194.0,-0.06963039189577103,-0.1733398288488388,25.59840965270996
10.0,70200.0,-0.06604106724262238,-0.17487381398677826,25.641090393066406
10.0,70205.0,-0.0623367540538311,-0.1764077991247177,25.669960021972656
10.0,70209.0,-0.05927720665931702,-0.17794176936149597,26.111265182495117
10.0,70214.0,-0.055371664464473724,-0.18100973963737488,26.29247283935547
10.0,70219.0,-0.05137576907873154,-0.18561168015003204,26.46535873413086
10.0,70224.0,-0.04731416702270508,-0.18867963552474976,26.672183990478516
10.0,70229.0,-0.043248459696769714,-0.19174760580062866,26.563758850097656
10.0,70235.0,-0.03841889277100563,-0.19634954631328583,27.177490234375
10.0,70239.0,-0.0352197140455246,-0.19941750168800354,27.121063232421875
10.0,70243.0,-0.03126899525523186,-0.20248547196388245,27.603086471557617
10.0,70247.0,-0.028156057000160217,-0.2040194571018219,27.416746139526367
10.0,70253.0,-0.02438603714108467,-0.2070874124765396,27.65017318725586
10.0,70258.0,-0.020763861015439034,-0.20862139761447906,27.727109909057617
10.0,70262.0,-0.017967145889997482,-0.21015536785125732,27.82493782043457
10.0,70268.0,-0.013971252366900444,-0.21015536785125732,27.766082763671875
10.0,70272.0,-0.011425050906836987,-0.21015536785125732,27.73285675048828
10.0,70276.0,-0.008977413177490234,-0.21015536785125732,27.707765579223633
10.0,70281.0,-0.006032854318618774,-0.20862139761447906,27.27069664001465
10.0,70285.0,-0.0037700205575674772,-0.20862139761447906,27.520565032958984
10.0,70289.0,-0.001564681762829423,-0.2070874124765396,27.34715461730957
10.0,70293.0,0.0005831622402183712,-0.20555342733860016,27.179128646850586
10.0,70298.0,0.0032197125256061554,-0.2040194571018219,27.010635375976562
10.0,70303.0,0.005815194919705391,-0.200951486825943,26.670625686645508
10.0,70309.0,0.008948665112257004,-0.19941750168800354,26.49495506286621
10.0,70313.0,0.011043121106922626,-0.19788353145122528,26.317020416259766
10.0,70317.0,0.013190965168178082,-0.19634954631328583,26.12079429626465
10.0,70321.0,0.015400410629808903,-0.19481556117534637,25.915973663330078
10.0,70326.0,0.018246406689286232,-0.19328159093856812,25.68885040283203
10.0,70332.0,0.021835729479789734,-0.19328159093856812,25.62015151977539
10.0,70338.0,0.025618070736527443,-0.19328159093856812,25.913555145263672
10.0,70344.0,0.02960164286196232,-0.19481556117534637,25.949007034301758
10.0,70349.0,0.033084187656641006,-0.19788353145122528,25.73369789123535
10.0,70355.0,0.03743737190961838,-0.200951486825943,26.18202018737793
10.0,70360.0,0.0419342927634716,-0.2040194571018219,26.084609985351562
10.0,70365.0,0.04497741162776947,-0.2070874124765396,26.269865036010742
10.0,70371.0,0.0495728962123394,-0.21168935298919678,26.878026962280273
10.0,70376.0,0.05420123040676117,-0.21629129350185394,26.888883590698242
10.0,70383.0,0.0587967149913311,-0.2208932340145111,27.51171112060547
10.0,70387.0,0.061782341450452805,-0.22242721915245056,27.329208374023438
10.0,70391.0,0.06469404697418213,-0.22549518942832947,27.83053970336914
10.0,70397.0,0.0696098580956459,-0.22856314480304718,28.056514739990234
10.0,70402.0,0.07229568809270859,-0.22856314480304718,27.734582901000977
10.0,70406.0,0.07488706707954407,-0.23009712994098663,27.843992233276367
10.0,70411.0,0.07797124981880188,-0.2316311001777649,27.9810733795166
10.0,70415.0,0.08033675700426102,-0.2316311001777649,27.95233726501465
10.0,70419.0,0.08260369300842285,-0.2316311001777649,27.932580947875977
10.0,70423.0,0.08477207273244858,-0.23009712994098663,27.75264549255371
10.0,70427.0,0.08737166225910187,-0.23009712994098663,27.756860733032227
10.0,70432.0,0.0893593430519104,-0.22856314480304718,27.593578338623047
10.0,70438.0,0.09270226210355759,-0.22549518942832947,27.270458221435547
10.0,70443.0,0.09501848369836807,-0.22396120429039001,27.11873435974121
10.0,70448.0,0.09687063843011856,-0.22242721915245056,26.532087326049805
10.0,70452.0,0.09872689843177795,-0.21935926377773285,26.36730194091797
10.0,70458.0,0.10152361541986465,-0.2178252786397934,26.443580627441406
10.0,70462.0,0.10343737155199051,-0.21629129350185394,26.259544372558594
10.0,70466.0,0.10539219528436661,-0.21629129350185394,26.24397087097168
10.0,70471.0,0.10791786760091782,-0.21475732326507568,26.03888702392578
10.0,70475.0,0.11000820994377136,-0.21475732326507568,26.001434326171875
10.0,70479.0,0.11217248439788818,-0.21475732326507568,25.937061309814453
10.0,70483.0,0.1144188940525055,-0.21475732326507568,25.871442794799805
10.0,70487.0,0.11673922091722488,-0.21629129350185394,26.22374153137207
10.0,70492.0,0.11975769698619843,-0.21629129350185394,25.884687423706055
10.0,70496.0,0.12224230170249939,-0.2178252786397934,25.968515396118164
10.0,70500.0,0.12478850036859512,-0.2208932340145111,26.442785263061523
10.0,70504.0,0.12804517149925232,-0.22242721915245056,26.259798049926758
10.0,70509.0,0.13135524094104767,-0.22549518942832947,26.721296310424805
10.0,70514.0,0.13404928147792816,-0.22702915966510773,26.5297908782959
10.0,70519.0,0.13742093741893768,-0.2316311001777649,27.167037963867188
10.0,70523.0,0.14012731611728668,-0.23316508531570435,26.977163314819336
10.0,70527.0,0.14347432553768158,-0.23623304069042206,27.195207595825195
10.0,70531.0,0.1460903435945511,-0.23930101096630096,27.70121192932129
10.0,70536.0,0.14867761731147766,-0.24083499610424042,27.5333251953125
10.0,70540.0,0.15118275582790375,-0.24390295147895813,27.790864944458008
10.0,70544.0,0.15360985696315765,-0.24543693661689758,27.89636993408203
10.0,70549.0,0.1565297693014145,-0.24697090685367584,28.269792556762695
10.0,70554.0,0.15927310287952423,-0.24697090685367584,27.971206665039062
10.0,70559.0,0.16189733147621155,-0.24697090685367584,27.936695098876953
10.0,70564.0,0.1643531769514084,-0.24697090685367584,27.922243118286133
10.0,70570.0,0.1671663224697113,-0.24697090685367584,27.91984748840332
10.0,70582.0,0.17226694524288177,-0.24390295147895813,27.619556427001953
10.0,70587.0,0.17422586679458618,-0.24236896634101868,27.472869873046875
10.0,70591.0,0.17575770616531372,-0.24083499610424042,27.324312210083008
10.0,70595.0,0.17726078629493713,-0.23930101096630096,27.172216415405273
10.0,70599.0,0.17875975370407104,-0.2377670258283615,27.018842697143555
10.0,70603.0,0.18024641275405884,-0.2346990704536438,26.43522071838379
10.0,70607.0,0.18213552236557007,-0.2346990704536438,26.697599411010742
10.0,70613.0,0.18409855663776398,-0.23316508531570435,26.520662307739258
10.0,70619.0,0.1865420937538147,-0.2316311001777649,26.321725845336914
10.0,70623.0,0.18825462460517883,-0.2316311001777649,26.295021057128906
10.0,70627.0,0.19047227501869202,-0.23009712994098663,26.07904815673828
10.0,70631.0,0.1918521523475647,-0.2316311001777649,26.20880699157715
10.0,70637.0,0.19524024426937103,-0.2316311001777649,26.116539001464844
10.0,70643.0,0.19831621646881104,-0.2346990704536438,26.603778839111328
10.0,70650.0,0.20152361690998077,-0.23623304069042206,26.39931297302246
10.0,70654.0,0.20373716950416565,-0.2377670258283615,26.477432250976562
10.0,70659.0,0.20710882544517517,-0.24236896634101868,27.10932731628418
10.0,70665.0,0.20995071530342102,-0.24543693661689758,27.060958862304688
10.0,70669.0,0.21220944821834564,-0.24697090685367584,27.142000198364258
10.0,70673.0,0.21444353461265564,-0.25003886222839355,27.402305603027344
10.0,70679.0,0.2177659124135971,-0.25310683250427246,27.89547348022461
10.0,70684.0,0.22043532133102417,-0.2546408176422119,27.727338790893555
10.0,70688.0,0.22303490340709686,-0.2577087879180908,27.99563980102539
10.0,70695.0,0.2259589284658432,-0.2592427730560303,28.086990356445312
10.0,70700.0,0.22868582606315613,-0.26077672839164734,28.227643966674805
10.0,70705.0,0.23036549985408783,-0.26077672839164734,28.212623596191406
10.0,70709.0,0.23196303844451904,-0.2623107135295868,28.384428024291992
10.0,70713.0,0.23347432911396027,-0.26077672839164734,28.213787078857422
10.0,70718.0,0.23522792756557465,-0.26077672839164734,28.231199264526367
10.0,70722.0,0.23654620349407196,-0.2592427730560303,28.07820701599121
10.0,70726.0,0.2377823442220688,-0.2577087879180908,27.940372467041016
10.0,70730.0,0.23926898837089539,-0.25617480278015137,27.549013137817383
10.0,70736.0,0.2406693994998932,-0.2546408176422119,27.680940628051758
10.0,70743.0,0.24252977967262268,-0.251572847366333,27.398561477661133
10.0,70749.0,0.24436961114406586,-0.2485048919916153,26.844329833984375
10.0,70754.0,0.2454414814710617,-0.24697090685367584,26.695016860961914
10.0,70758.0,0.2465420961380005,-0.24697090685367584,26.966476440429688
10.0,70763.0,0.24799178540706635,-0.24543693661689758,26.795795440673828
10.0,70767.0,0.24919097125530243,-0.24543693661689758,26.364593505859375
10.0,70771.0,0.2504681646823883,-0.24390295147895813,26.598228454589844
10.0,70775.0,0.2517905533313751,-0.24390295147895813,26.574460983276367
10.0,70779.0,0.2531704306602478,-0.24543693661689758,26.717809677124023
10.0,70783.0,0.25461602210998535,-0.24543693661689758,26.67292022705078
10.0,70788.0,0.2568706274032593,-0.24697090685367584,26.787378311157227
10.0,70795.0,0.2592073976993561,-0.2485048919916153,26.879003524780273
10.0,70799.0,0.2608008086681366,-0.25003886222839355,27.242107391357422
10.0,70803.0,0.2624106705188751,-0.251572847366333,27.08896255493164
10.0,70808.0,0.2644476294517517,-0.25310683250427246,27.199800491333008
10.0,70812.0,0.266094446182251,-0.2546408176422119,27.28891944885254
10.0,70816.0,0.26774948835372925,-0.25617480278015137,27.396469116210938
10.0,70821.0,0.26979467272758484,-0.2592427730560303,27.672088623046875
10.0,70827.0,0.272184818983078,-0.2623107135295868,28.18907356262207
10.0,70833.0,0.27447637915611267,-0.26384469866752625,28.04673957824707
10.0,70838.0,0.2762669324874878,-0.2653786838054657,28.188831329345703
10.0,70842.0,0.27763450145721436,-0.26691266894340515,28.583494186401367
10.0,70846.0,0.2789034843444824,-0.26691266894340515,28.320026397705078
10.0,70851.0,0.28040245175361633,-0.26691266894340515,28.313072204589844
10.0,70855.0,0.2814989686012268,-0.26691266894340515,28.32304573059082
10.0,70859.0,0.2827802896499634,-0.26691266894340515,28.33354949951172
10.0,70864.0,0.2837289571762085,-0.26691266894340515,28.355449676513672
10.0,70868.0,0.28480494022369385,-0.2653786838054657,28.213665008544922
10.0,70873.0,0.2856180667877197,-0.26384469866752625,27.81855010986328
10.0,70878.0,0.2865420877933502,-0.26384469866752625,28.118223190307617
10.0,70882.0,0.28740862011909485,-0.26077672839164734,27.563753128051758
10.0,70888.0,0.28822997212409973,-0.2592427730560303,27.69767189025879
10.0,70892.0,0.2890307903289795,-0.2592427730560303,27.736181259155273
10.0,70897.0,0.28983572125434875,-0.25617480278015137,27.174121856689453
10.0,70902.0,0.29048049449920654,-0.25617480278015137,27.4539737701416
10.0,70906.0,0.29114988446235657,-0.2546408176422119,27.30453872680664
10.0,70911.0,0.2920164167881012,-0.25310683250427246,26.893918991088867
10.0,70917.0,0.29311293363571167,-0.25310683250427246,27.15862274169922
10.0,70921.0,0.2938891053199768,-0.25310683250427246,27.154085159301758
10.0,70925.0,0.2947145700454712,-0.25310683250427246,27.14522361755371
10.0,70929.0,0.2955687940120697,-0.25310683250427246,27.12807846069336
10.0,70935.0,0.29691171646118164,-0.25310683250427246,27.101072311401367
10.0,70939.0,0.29784804582595825,-0.2546408176422119,27.24298858642578
10.0,70943.0,0.29904723167419434,-0.25617480278015137,27.638164520263672
10.0,70948.0,0.3000451624393463,-0.25617480278015137,27.75752067565918
10.0,70953.0,0.30130183696746826,-0.2577087879180908,27.46955108642578
10.0,70958.0,0.3025503158569336,-0.2592427730560303,27.609088897705078
10.0,70962.0,0.30354005098342896,-0.26077672839164734,27.7421932220459
10.0,70967.0,0.30475565791130066,-0.2623107135295868,27.8751277923584
10.0,70971.0,0.3057166337966919,-0.26384469866752625,28.01949691772461
10.0,70975.0,0.3066488802433014,-0.26384469866752625,27.9907283782959
10.0,70979.0,0.30754825472831726,-0.2653786838054657,28.14525032043457
10.0,70983.0,0.30840247869491577,-0.2653786838054657,28.127277374267578
10.0,70987.0,0.30940040946006775,-0.26691266894340515,28.293163299560547
10.0,70991.0,0.30997124314308167,-0.26691266894340515,28.285634994506836
10.0,70995.0,0.31068992614746094,-0.26691266894340515,28.71052360534668
10.0,71000.0,0.3115153908729553,-0.2684466540813446,28.46316909790039
10.0,71004.0,0.31211087107658386,-0.2684466540813446,28.474748611450195
10.0,71008.0,0.31264474987983704,-0.2684466540813446,28.496963500976562
10.0,71015.0,0.31342095136642456,-0.2684466540813446,28.53925132751465
10.0,71021.0,0.31394249200820923,-0.26691266894340515,28.41492462158203
10.0,71027.0,0.3143942654132843,-0.2653786838054657,28.30437469482422
10.0,71032.0,0.31470635533332825,-0.26384469866752625,28.1766357421875
10.0,71038.0,0.3150513470172882,-0.2623107135295868,27.807870864868164
10.0,71044.0,0.31536754965782166,-0.2623107135295868,28.114028930664062
10.0,71050.0,0.315679669380188,-0.26077672839164734,27.97848892211914
10.0,71055.0,0.31602054834365845,-0.26077672839164734,28.019350051879883
10.0,71063.0,0.316443532705307,-0.2592427730560303,27.883033752441406
10.0,71068.0,0.3167884945869446,-0.2592427730560303,27.90062713623047
10.0,71074.0,0.3172115087509155,-0.2592427730560303,27.912134170532227
10.0,71079.0,0.3176632523536682,-0.2592427730560303,27.920658111572266
10.0,71083.0,0.3179548382759094,-0.2592427730560303,27.928115844726562
10.0,71087.0,0.31825050711631775,-0.2592427730560303,27.93107795715332
10.0,71091.0,0.3184763789176941,-0.26077672839164734,28.112337112426758
10.0,71095.0,0.3187597393989563,-0.26077672839164734,28.115219116210938
10.0,71099.0,0.3190307915210724,-0.26077672839164734,28.11992835998535
10.0,71103.0,0.3193470239639282,-0.26077672839164734,28.12561798095703
10.0,71110.0,0.3196796774864197,-0.26077672839164734,28.138059616088867
10.0,71116.0,0.3199958801269531,-0.2623107135295868,28.32682228088379
10.0,71122.0,0.3202628195285797,-0.2623107135295868,28.343292236328125
10.0,71127.0,0.3204640746116638,-0.2623107135295868,28.357667922973633
10.0,71132.0,0.3206242322921753,-0.2623107135295868,28.372243881225586
10.0,71135.0,0.3207351267337799,-0.2623107135295868,28.386199951171875
10.0,71140.0,0.320825457572937,-0.2623107135295868,28.401533126831055
10.0,71145.0,0.3209158182144165,-0.2623107135295868,28.428348541259766
10.0,71151.0,0.32096099853515625,-0.2623107135295868,28.457351684570312
10.0,71157.0,0.32098153233528137,-0.2623107135295868,28.486454010009766
10.0,71163.0,0.32098153233528137,-0.2623107135295868,28.513397216796875
10.0,71169.0,0.32098153233528137,-0.2623107135295868,28.533184051513672
10.0,71174.0,0.32098153233528137,-0.26384469866752625,28.73186492919922
10.0,71180.0,0.32098153233528137,-0.26384469866752625,28.75087547302246
10.0,71185.0,0.32097330689430237,-0.26384469866752625,28.762989044189453
10.0,71191.0,0.32097330689430237,-0.2653786838054657,28.9532470703125
10.0,71195.0,0.32096919417381287,-0.2653786838054657,28.96053695678711
10.0,71199.0,0.32095688581466675,-0.2653786838054657,28.967832565307617
10.0,71203.0,0.32094866037368774,-0.26691266894340515,29.154325485229492
10.0,71209.0,0.3209281265735626,-0.2684466540813446,29.5865535736084
10.0,71213.0,0.3209075927734375,-0.2684466540813446,29.342069625854492
10.0,71217.0,0.32086241245269775,-0.26998063921928406,29.529170989990234
10.0,71222.0,0.3208131492137909,-0.26998063921928406,29.535789489746094
10.0,71226.0,0.3207433223724365,-0.2715145945549011,29.7238712310791
10.0,71230.0,0.3206447660923004,-0.2715145945549011,29.741540908813477
10.0,71234.0,0.32050925493240356,-0.2730485796928406,29.935937881469727
10.0,71238.0,0.32029980421066284,-0.2730485796928406,29.95646095275879
10.0,71243.0,0.32009854912757874,-0.27458256483078003,30.407032012939453
10.0,71247.0,0.3198603689670563,-0.27458256483078003,30.192230224609375
10.0,71251.0,0.3194127380847931,-0.27458256483078003,30.236948013305664
10.0,71257.0,0.3190513253211975,-0.27458256483078003,30.288110733032227
10.0,71262.0,0.31851333379745483,-0.27458256483078003,30.338167190551758
10.0,71266.0,0.3180246353149414,-0.27458256483078003,30.392091751098633
10.0,71270.0,0.3173387944698334,-0.2730485796928406,30.288978576660156
10.0,71274.0,0.3167351186275482,-0.2730485796928406,30.35275650024414
10.0,71279.0,0.31611499190330505,-0.2715145945549011,29.988021850585938
10.0,71283.0,0.31528130173683167,-0.2715145945549011,30.32268524169922
10.0,71288.0,0.3145749568939209,-0.26998063921928406,30.230182647705078
10.0,71292.0,0.3138480484485626,-0.26998063921928406,30.300556182861328
10.0,71297.0,0.312895268201828,-0.2684466540813446,30.194887161254883
10.0,71309.0,0.31051746010780334,-0.2653786838054657,30.063236236572266
10.0,71313.0,0.3097330629825592,-0.26384469866752625,29.94561195373535
10.0,71318.0,0.30874332785606384,-0.26384469866752625,30.006183624267578
10.0,71322.0,0.3079548180103302,-0.26384469866752625,30.07655906677246
10.0,71326.0,0.30717042088508606,-0.2623107135295868,29.955888748168945
10.0,71330.0,0.3063614070415497,-0.2623107135295868,30.011722564697266
10.0,71334.0,0.30537986755371094,-0.26077672839164734,29.881811141967773
10.0,71339.0,0.3045913875102997,-0.26077672839164734,29.93166732788086
10.0,71343.0,0.30382752418518066,-0.26077672839164734,29.984149932861328
10.0,71348.0,0.30288705229759216,-0.26077672839164734,30.024171829223633
10.0,71352.0,0.30194249749183655,-0.26077672839164734,30.07279396057129
10.0,71356.0,0.30136755108833313,-0.26077672839164734,30.112621307373047
10.0,71362.0,0.29999589920043945,-0.26077672839164734,30.1729793548584
10.0,71369.0,0.298813134431839,-0.26077672839164734,30.229856491088867
10.0,71374.0,0.2978110909461975,-0.2623107135295868,30.466764450073242
10.0,71380.0,0.29634085297584534,-0.2623107135295868,30.532386779785156
10.0,71384.0,0.29544559121131897,-0.2623107135295868,30.830440521240234
10.0,71390.0,0.2942792475223541,-0.26077672839164734,30.480770111083984
10.0,71396.0,0.29281723499298096,-0.26077672839164734,30.563844680786133
10.0,71401.0,0.2915646731853485,-0.26077672839164734,30.63671112060547
10.0,71405.0,0.29050925374031067,-0.2592427730560303,30.523303985595703
10.0,71409.0,0.2894209325313568,-0.2592427730560303,30.58765411376953
10.0,71413.0,0.2883162200450897,-0.2592427730560303,30.65516471862793
10.0,71417.0,0.2871622145175934,-0.2577087879180908,30.546733856201172
10.0,71421.0,0.2859959006309509,-0.2577087879180908,30.61446189880371
10.0,71426.0,0.2844928205013275,-0.25617480278015137,30.53021812438965
10.0,71431.0,0.28295278549194336,-0.2546408176422119,30.17409896850586
10.0,71435.0,0.28171664476394653,-0.2546408176422119,30.495758056640625
10.0,71440.0,0.2801149785518646,-0.25310683250427246,30.429380416870117
10.0,71446.0,0.2782176733016968,-0.251572847366333,30.338512420654297
10.0,71450.0,0.2769117057323456,-0.251572847366333,30.429391860961914
10.0,71454.0,0.275630384683609,-0.25003886222839355,30.299238204956055
10.0,71460.0,0.2733716666698456,-0.2485048919916153,30.238040924072266
10.0,71464.0,0.272090345621109,-0.2485048919916153,30.299190521240234
10.0,71469.0,0.27080902457237244,-0.24697090685367584,30.18152618408203
10.0,71474.0,0.2692073881626129,-0.24697090685367584,30.267601013183594
10.0,71478.0,0.26763859391212463,-0.24697090685367584,30.320051193237305
10.0,71483.0,0.26636549830436707,-0.24697090685367584,30.374895095825195
10.0,71487.0,0.2647967040538788,-0.24697090685367584,30.435684204101562
10.0,71492.0,0.26354002952575684,-0.24697090685367584,30.485393524169922
10.0,71496.0,0.26225873827934265,-0.24543693661689758,30.37199592590332
10.0,71500.0,0.2609774172306061,-0.24697090685367584,30.60102081298828
10.0,71504.0,0.2596755623817444,-0.24543693661689758,30.47440528869629
10.0,71510.0,0.2577371597290039,-0.24543693661689758,30.547218322753906
10.0,71515.0,0.25609034299850464,-0.24543693661689758,30.614675521850586
10.0,71521.0,0.2540821433067322,-0.24543693661689758,30.6926212310791
10.0,71525.0,0.2527227997779846,-0.24543693661689758,30.748823165893555
10.0,71531.0,0.2506324350833893,-0.24543693661689758,30.821971893310547
10.0,71537.0,0.24847227334976196,-0.24390295147895813,30.4893741607666
10.0,71542.0,0.24661190807819366,-0.24390295147895813,30.839885711669922
10.0,71555.0,0.24155236780643463,-0.24236896634101868,30.885498046875
10.0,71561.0,0.23912525177001953,-0.24083499610424042,30.843603134155273
10.0,71567.0,0.23624640703201294,-0.23930101096630096,30.785123825073242
10.0,71573.0,0.2341519445180893,-0.2377670258283615,30.72726821899414
10.0,71577.0,0.2320246398448944,-0.23623304069042206,30.63191795349121
10.0,71582.0,0.23030801117420197,-0.2346990704536438,30.28452491760254
10.0,71585.0,0.22858315706253052,-0.2346990704536438,30.614974975585938
10.0,71591.0,0.2264271080493927,-0.23316508531570435,30.554052352905273
10.0,71597.0,0.22384804487228394,-0.2316311001777649,30.488304138183594
10.0,71603.0,0.22125256061553955,-0.2316311001777649,30.582164764404297
10.0,71607.0,0.2195318341255188,-0.23009712994098663,30.49091911315918
10.0,71613.0,0.21694865822792053,-0.22856314480304718,30.167625427246094
10.0,71618.0,0.21396303176879883,-0.22856314480304718,30.51401138305664
10.0,71624.0,0.21184805035591125,-0.22856314480304718,30.591190338134766
10.0,71629.0,0.21016426384449005,-0.22702915966510773,30.471845626831055
10.0,71633.0,0.20847637951374054,-0.22702915966510773,30.531795501708984
10.0,71637.0,0.20636960864067078,-0.22702915966510773,30.603139877319336
10.0,71641.0,0.20468993484973907,-0.22702915966510773,30.659143447875977
10.0,71645.0,0.20299795269966125,-0.22702915966510773,30.7169189453125
10.0,71649.0,0.20129774510860443,-0.22549518942832947,30.34764289855957
10.0,71653.0,0.20001642405986786,-0.22702915966510773,30.834095001220703
10.0,71658.0,0.19786447286605835,-0.22549518942832947,30.727903366088867
10.0,71662.0,0.1961478441953659,-0.22549518942832947,30.786273956298828
10.0,71666.0,0.19442710280418396,-0.22549518942832947,30.844480514526367
10.0,71672.0,0.19136755168437958,-0.22549518942832947,30.9350643157959
10.0,71678.0,0.1886940449476242,-0.22396120429039001,30.853544235229492
10.0,71685.0,0.18596303462982178,-0.22396120429039001,30.972618103027344
10.0,71689.0,0.18410266935825348,-0.22396120429039001,31.049489974975586
10.0,71693.0,0.18173305690288544,-0.22242721915245056,30.947559356689453
10.0,71698.0,0.17932237684726715,-0.2208932340145111,30.89004898071289
10.0,71703.0,0.17736345529556274,-0.2208932340145111,30.972084045410156
10.0,71708.0,0.1748870611190796,-0.21935926377773285,30.898252487182617
10.0,71714.0,0.17188090085983276,-0.2178252786397934,30.846887588500977
10.0,71719.0,0.16935934126377106,-0.21629129350185394,30.775964736938477
10.0,71725.0,0.166312113404274,-0.21629129350185394,30.880321502685547
10.0,71730.0,0.1632525622844696,-0.21475732326507568,30.827590942382812
10.0,71735.0,0.16121971607208252,-0.21322333812713623,30.74915313720703
10.0,71741.0,0.15818069875240326,-0.21168935298919678,30.6671085357666
10.0,71748.0,0.15462833642959595,-0.21015536785125732,30.64179801940918
10.0,71753.0,0.15211088955402374,-0.21015536785125732,30.71345329284668
10.0,71757.0,0.1501026749610901,-0.20862139761447906,30.60650634765625
10.0,71764.0,0.14660780131816864,-0.2070874124765396,30.297836303710938
10.0,71768.0,0.14411088824272156,-0.2070874124765396,30.631385803222656
10.0,71773.0,0.14214374125003815,-0.2070874124765396,30.691974639892578
10.0,71776.0,0.14066529273986816,-0.2070874124765396,30.756546020507812
10.0,71781.0,0.1381889134645462,-0.2070874124765396,30.83259391784668
10.0,71785.0,0.1362299770116806,-0.20555342733860016,30.71547508239746
10.0,71790.0,0.1332484632730484,-0.20555342733860016,30.79559898376465
10.0,71796.0,0.13076797127723694,-0.20555342733860016,30.88985824584961
10.0,71801.0,0.12825872004032135,-0.2040194571018219,30.7923526763916
10.0,71808.0,0.12473100423812866,-0.2040194571018219,30.890859603881836
10.0,71813.0,0.12217659503221512,-0.20248547196388245,30.56591796875
10.0,71820.0,0.11858727037906647,-0.20248547196388245,30.918739318847656
10.0,71826.0,0.11547022312879562,-0.20248547196388245,31.026771545410156
10.0,71830.0,0.11338398605585098,-0.200951486825943,30.939138412475586
10.0,71836.0,0.11020533740520477,-0.19941750168800354,30.606746673583984
10.0,71842.0,0.10700616240501404,-0.19941750168800354,30.97060775756836
10.0,71847.0,0.10431621968746185,-0.19788353145122528,30.891008377075195
10.0,71852.0,0.10161806643009186,-0.19788353145122528,30.987607955932617
10.0,71856.0,0.09943326562643051,-0.19634954631328583,30.913246154785156
10.0,71861.0,0.09668583422899246,-0.19481556117534637,30.833311080932617
10.0,71866.0,0.09393429011106491,-0.19481556117534637,30.915794372558594
10.0,71870.0,0.09174537658691406,-0.19328159093856812,30.83295249938965
10.0,71874.0,0.08955647051334381,-0.19174760580062866,30.75265884399414
10.0,71884.0,0.08406981825828552,-0.1902136206626892,30.726003646850586
10.0,71889.0,0.08131827414035797,-0.18867963552474976,30.431928634643555
10.0,71895.0,0.07803696393966675,-0.18867963552474976,30.754261016845703
10.0,71899.0,0.075843945145607,-0.1871456652879715,30.417558670043945
10.0,71903.0,0.07366734743118286,-0.1871456652879715,30.736162185668945
10.0,71908.0,0.07094455510377884,-0.1871456652879715,30.807754516601562
10.0,71912.0,0.06878028810024261,-0.18561168015003204,30.696136474609375
10.0,71915.0,0.0666201263666153,-0.18561168015003204,30.764122009277344
10.0,71920.0,0.06444352865219116,-0.18561168015003204,30.83327865600586
10.0,71923.0,0.062287475913763046,-0.1840776950120926,30.72039031982422
10.0,71928.0,0.060114990919828415,-0.1840776950120926,30.80604362487793
10.0,71932.0,0.05794661119580269,-0.1840776950120926,30.855533599853516
10.0,71935.0,0.055782340466976166,-0.18254372477531433,30.496122360229492
10.0,71942.0,0.05250924080610275,-0.18254372477531433,30.846607208251953
10.0,71946.0,0.050349075347185135,-0.18254372477531433,30.93049430847168
10.0,71950.0,0.04815605655312538,-0.18100973963737488,30.821969985961914
10.0,71955.0,0.04543326422572136,-0.18100973963737488,30.88884162902832
10.0,71959.0,0.0432320311665535,-0.17947575449943542,30.551311492919922
10.0,71963.0,0.04102669283747673,-0.17947575449943542,30.86820411682129
10.0,71969.0,0.03772895410656929,-0.17947575449943542,30.95671272277832
10.0,71973.0,0.03496098518371582,-0.17794176936149597,30.866575241088867
10.0,71979.0,0.03165092319250107,-0.1764077991247177,30.54514503479004
10.0,71986.0,0.027782341465353966,-0.1764077991247177,30.914752960205078
10.0,71991.0,0.025564681738615036,-0.17487381398677826,30.82693862915039
10.0,71996.0,0.022804928943514824,-0.17487381398677826,30.89130210876465
10.0,72000.0,0.020045174285769463,-0.1733398288488388,30.80146598815918
10.0,72005.0,0.017831621691584587,-0.1733398288488388,30.869722366333008
10.0,72017.0,0.010648870840668678,-0.17180585861206055,30.91366195678711
10.0,72022.0,0.008431211113929749,-0.1702718734741211,30.80644989013672
10.0,72026.0,0.00621765898540616,-0.1702718734741211,30.873136520385742
10.0,72030.0,0.004008213523775339,-0.1702718734741211,30.94249725341797
10.0,72034.0,0.0017782340291887522,-0.16873788833618164,30.852720260620117
10.0,72039.0,-0.0009856262477114797,-0.16873788833618164,30.917850494384766
10.0,72043.0,-0.0032156058587133884,-0.1672039031982422,30.829450607299805
10.0,72047.0,-0.005987679585814476,-0.1672039031982422,30.895509719848633
10.0,72052.0,-0.00821765884757042,-0.16566993296146393,30.54062271118164
10.0,72056.0,-0.010447639040648937,-0.16566993296146393,30.858230590820312
10.0,72060.0,-0.012661190703511238,-0.16566993296146393,30.516712188720703
10.0,72065.0,-0.015453798696398735,-0.16413594782352448,30.8525447845459
10.0,72069.0,-0.017671458423137665,-0.16413594782352448,30.9204044342041
10.0,72073.0,-0.019901437684893608,-0.16260196268558502,30.813411712646484
10.0,72077.0,-0.022123202681541443,-0.16260196268558502,30.880327224731445
10.0,72082.0,-0.024895276874303818,-0.16106799244880676,30.78847312927246
10.0,72086.0,-0.027112936601042747,-0.16106799244880676,30.853376388549805
10.0,72091.0,-0.02987268939614296,-0.16106799244880676,30.93779754638672
10.0,72095.0,-0.032094456255435944,-0.1595340073108673,30.811267852783203
10.0,72099.0,-0.03429979458451271,-0.1595340073108673,30.89575958251953
10.0,72103.0,-0.03653388097882271,-0.15800002217292786,30.787975311279297
10.0,72107.0,-0.03931006044149399,-0.15800002217292786,30.854122161865234
10.0,72113.0,-0.04209034889936447,-0.1564660519361496,30.779964447021484
10.0,72118.0,-0.044841889292001724,-0.15493206679821014,30.415908813476562
10.0,72124.0,-0.04814784228801727,-0.15493206679821014,30.764554977416992
10.0,72130.0,-0.05140451714396477,-0.1533980816602707,30.678375244140625
10.0,72135.0,-0.0541396290063858,-0.1533980816602707,30.77437973022461
10.0,72141.0,-0.05738808959722519,-0.15186409652233124,30.6903076171875
10.0,72146.0,-0.060086242854595184,-0.15186409652233124,30.762304306030273
10.0,72151.0,-0.06276386231184006,-0.15033012628555298,30.39590835571289
10.0,72154.0,-0.06490759551525116,-0.15033012628555298,30.703319549560547
10.0,72159.0,-0.06704311817884445,-0.15033012628555298,30.762174606323242
10.0,72163.0,-0.06918685883283615,-0.14879614114761353,30.395137786865234
10.0,72169.0,-0.07239014655351639,-0.14879614114761353,30.733985900878906
10.0,72174.0,-0.07506365329027176,-0.14726215600967407,30.382291793823242
10.0,72179.0,-0.0777166336774826,-0.14726215600967407,30.718849182128906
10.0,72185.0,-0.08089527487754822,-0.14726215600967407,30.805707931518555
10.0,72191.0,-0.0840492844581604,-0.1457281857728958,30.69911766052246
10.0,72198.0,-0.08773306012153625,-0.1457281857728958,30.799903869628906
10.0,72203.0,-0.09036139398813248,-0.14419420063495636,30.710418701171875
10.0,72209.0,-0.09351129084825516,-0.14419420063495636,30.782737731933594
10.0,72215.0,-0.09666940569877625,-0.1426602154970169,30.71044921875
10.0,72219.0,-0.0987720713019371,-0.1426602154970169,30.769126892089844
10.0,72223.0,-0.10139219462871552,-0.1426602154970169,30.82986831665039
10.0,72229.0,-0.10401643067598343,-0.14112623035907745,30.72743034362793
10.0,72233.0,-0.10611499100923538,-0.14112623035907745,30.78815460205078
10.0,72237.0,-0.10822587460279465,-0.1395922601222992,30.688426971435547
10.0,72242.0,-0.11083367466926575,-0.1395922601222992,30.33432960510254
10.0,72246.0,-0.1129322350025177,-0.13805827498435974,30.64712142944336
10.0,72252.0,-0.11604928225278854,-0.1365242898464203,30.55697250366211
10.0,72259.0,-0.12020944803953171,-0.1365242898464203,30.660823822021484
10.0,72265.0,-0.12278439104557037,-0.13499031960964203,30.571449279785156
10.0,72271.0,-0.12584805488586426,-0.13345633447170258,30.475387573242188
10.0,72276.0,-0.12888705730438232,-0.13345633447170258,30.542829513549805
10.0,72281.0,-0.13087473809719086,-0.13345633447170258,30.604042053222656
10.0,72285.0,-0.13285832107067108,-0.13192234933376312,30.47516632080078
10.0,72289.0,-0.1348295658826828,-0.13192234933376312,30.524677276611328
10.0,72293.0,-0.1367885023355484,-0.13192234933376312,30.57177734375
10.0,72298.0,-0.1392156034708023,-0.13038836419582367,30.438526153564453
10.0,72304.0,-0.1421108841896057,-0.13038836419582367,30.519412994384766
10.0,72309.0,-0.14450512826442719,-0.13038836419582367,30.56378936767578
10.0,72314.0,-0.14687885344028473,-0.13038836419582367,30.628948211669922
10.0,72320.0,-0.14971663057804108,-0.1288543939590454,30.50662612915039
10.0,72324.0,-0.1516057550907135,-0.1288543939590454,30.563051223754883
10.0,72329.0,-0.15395481884479523,-0.1288543939590454,30.60658073425293
10.0,72333.0,-0.15583162009716034,-0.1288543939590454,30.65181541442871
10.0,72337.0,-0.15816427767276764,-0.1288543939590454,30.707677841186523
10.0,72342.0,-0.16003696620464325,-0.12732040882110596,30.588031768798828
10.0,72346.0,-0.16191375255584717,-0.12732040882110596,30.636146545410156
10.0,72352.0,-0.16519507765769958,-0.12732040882110596,30.709409713745117
10.0,72358.0,-0.1680123209953308,-0.1257864236831665,30.60771942138672
10.0,72364.0,-0.17034496366977692,-0.1257864236831665,30.680137634277344
10.0,72371.0,-0.17360985279083252,-0.12425244599580765,30.578371047973633
10.0,72376.0,-0.17594251036643982,-0.12425244599580765,30.655460357666016
10.0,72382.0,-0.1787310093641281,-0.12271846830844879,30.541950225830078
10.0,72389.0,-0.1819671392440796,-0.12271846830844879,30.643096923828125
10.0,72395.0,-0.18472279608249664,-0.12118448317050934,30.5410213470459
10.0,72400.0,-0.1870143711566925,-0.11965050548315048,30.439266204833984
10.0,72407.0,-0.19020533561706543,-0.11965050548315048,30.51099395751953
10.0,72412.0,-0.19245585799217224,-0.11811652034521103,30.3948917388916
10.0,72419.0,-0.19556468725204468,-0.11658254265785217,30.04395294189453
10.0,72425.0,-0.1981848031282425,-0.11658254265785217,30.355518341064453
10.0,72429.0,-0.19989322125911713,-0.11658254265785217,30.391786575317383
10.0,72433.0,-0.20158521831035614,-0.11658254265785217,30.428194046020508
10.0,72440.0,-0.20450924336910248,-0.11504856497049332,30.054933547973633
10.0,72444.0,-0.20617248117923737,-0.11504856497049332,30.347726821899414
10.0,72450.0,-0.20861601829528809,-0.11504856497049332,30.387914657592773
10.0,72454.0,-0.21023409068584442,-0.11504856497049332,30.42676544189453
10.0,72458.0,-0.21222998201847076,-0.11504856497049332,30.458356857299805
10.0,72463.0,-0.21382752060890198,-0.11504856497049332,30.491130828857422
10.0,72467.0,-0.2158152014017105,-0.11351457983255386,30.105056762695312
10.0,72472.0,-0.21741272509098053,-0.11504856497049332,30.56780242919922
10.0,72476.0,-0.21898972988128662,-0.11351457983255386,30.421693801879883
10.0,72480.0,-0.22057905793190002,-0.11351457983255386,30.46774673461914
10.0,72484.0,-0.2221437394618988,-0.11351457983255386,30.491199493408203
10.0,72489.0,-0.2241026759147644,-0.11351457983255386,30.53729820251465
10.0,72492.0,-0.22566324472427368,-0.11351457983255386,30.820817947387695
10.0,72496.0,-0.22721971571445465,-0.11198060214519501,30.43047523498535
10.0,72501.0,-0.22877618670463562,-0.11198060214519501,30.474477767944336
10.0,72505.0,-0.23031622171401978,-0.11198060214519501,30.512067794799805
10.0,72511.0,-0.23264065384864807,-0.11044661700725555,30.382539749145508
10.0,72516.0,-0.23456263542175293,-0.11044661700725555,30.42928123474121
10.0,72521.0,-0.2368583232164383,-0.11044661700725555,30.485958099365234
10.0,72527.0,-0.23914578557014465,-0.1089126393198967,30.367265701293945
10.0,72533.0,-0.2410472333431244,-0.1089126393198967,30.415964126586914
10.0,72539.0,-0.24331827461719513,-0.10737866163253784,30.30780601501465
10.0,72545.0,-0.24557289481163025,-0.10584467649459839,30.188100814819336
10.0,72549.0,-0.24706776440143585,-0.10584467649459839,30.22641372680664
10.0,72553.0,-0.24855031073093414,-0.10584467649459839,30.26244354248047
10.0,72557.0,-0.2503737211227417,-0.10431069880723953,29.87279510498047
10.0,72562.0,-0.25181108713150024,-0.10431069880723953,30.1619873046875
10.0,72567.0,-0.2539137601852417,-0.10277671366930008,29.771921157836914
10.0,72573.0,-0.25563448667526245,-0.10277671366930008,30.06106185913086
10.0,72580.0,-0.25795891880989075,-0.10277671366930008,30.09373664855957
10.0,72584.0,-0.2592443525791168,-0.10277671366930008,30.112472534179688
10.0,72589.0,-0.26084598898887634,-0.10277671366930008,30.137372970581055
10.0,72596.0,-0.26302260160446167,-0.10277671366930008,30.16712188720703
10.0,72600.0,-0.264238178730011,-0.10277671366930008,30.18370819091797
10.0,72604.0,-0.2654537856578827,-0.10277671366930008,30.202587127685547
10.0,72609.0,-0.266952782869339,-0.10277671366930008,30.216936111450195
10.0,72613.0,-0.26813551783561707,-0.10277671366930008,30.232711791992188
10.0,72618.0,-0.26988911628723145,-0.10277671366930008,30.25459861755371
10.0,72623.0,-0.2710636556148529,-0.10277671366930008,30.27460289001465
10.0,72629.0,-0.2728213667869568,-0.10277671366930008,30.302385330200195
10.0,72635.0,-0.2745831608772278,-0.10277671366930008,30.336254119873047
10.0,72641.0,-0.27632853388786316,-0.10124273598194122,30.192646026611328
10.0,72646.0,-0.27779465913772583,-0.10124273598194122,30.226917266845703
10.0,72650.0,-0.27893224358558655,-0.10124273598194122,30.250272750854492
10.0,72656.0,-0.2806570827960968,-0.10124273598194122,30.530107498168945
10.0,72661.0,-0.2820739150047302,-0.09970875084400177,30.1405029296875
10.0,72665.0,-0.28321561217308044,-0.09970875084400177,30.164447784423828
10.0,72670.0,-0.2845996022224426,-0.09970875084400177,30.19343376159668
10.0,72674.0,-0.28571662306785583,-0.09817477315664291,30.039897918701172
10.0,72679.0,-0.2870883047580719,-0.09817477315664291,30.0639591217041
10.0,72683.0,-0.2881971299648285,-0.09817477315664291,30.09082794189453
10.0,72687.0,-0.28928953409194946,-0.09664079546928406,29.942459106445312
10.0,72693.0,-0.290899395942688,-0.09664079546928406,29.977798461914062
10.0,72699.0,-0.2924681603908539,-0.09664079546928406,29.583890914916992
10.0,72703.0,-0.2934989631175995,-0.0951068103313446,29.84702491760254
10.0,72709.0,-0.2950061559677124,-0.0951068103313446,29.878488540649414
10.0,72715.0,-0.29643532633781433,-0.09357283264398575,29.464792251586914
10.0,72720.0,-0.297815203666687,-0.09357283264398575,29.72939682006836
10.0,72726.0,-0.2989158034324646,-0.09357283264398575,29.73818016052246
10.0,72732.0,-0.30019301176071167,-0.09357283264398575,29.74343490600586
10.0,72738.0,-0.30140042304992676,-0.09357283264398575,29.74420166015625
10.0,72742.0,-0.3021724820137024,-0.0951068103313446,29.49030113220215
10.0,72748.0,-0.3033018410205841,-0.0951068103313446,29.917640686035156
10.0,72753.0,-0.3042299747467041,-0.0951068103313446,29.917814254760742
10.0,72760.0,-0.3055318295955658,-0.0951068103313446,29.9194393157959
10.0,72765.0,-0.30644354224205017,-0.0951068103313446,29.923494338989258
10.0,72770.0,-0.3073264956474304,-0.0951068103313446,29.922908782958984
10.0,72775.0,-0.30836549401283264,-0.0951068103313446,29.925350189208984
10.0,72781.0,-0.30923202633857727,-0.0951068103313446,29.931079864501953
10.0,72786.0,-0.3101026713848114,-0.0951068103313446,29.941852569580078
10.0,72792.0,-0.3111457824707031,-0.0951068103313446,29.953468322753906
10.0,72800.0,-0.3125133514404297,-0.0951068103313446,29.96855926513672
10.0,72805.0,-0.3133511245250702,-0.0951068103313446,29.977466583251953
10.0,72809.0,-0.3140164315700531,-0.0951068103313446,29.98623275756836
10.0,72813.0,-0.3146858215332031,-0.09357283264398575,29.823699951171875
10.0,72817.0,-0.31553593277931213,-0.09357283264398575,29.839136123657227
10.0,72822.0,-0.31620943546295166,-0.09357283264398575,29.8580265045166
10.0,72826.0,-0.3168829679489136,-0.0920388475060463,29.443626403808594
10.0,72831.0,-0.31769198179244995,-0.0920388475060463,29.708309173583984
10.0,72835.0,-0.31832852959632874,-0.0920388475060463,29.718538284301758
10.0,72839.0,-0.31908419728279114,-0.0920388475060463,29.727275848388672
10.0,72844.0,-0.3196755647659302,-0.09050486981868744,29.558372497558594
10.0,72848.0,-0.3202463984489441,-0.09050486981868744,29.564044952392578
10.0,72852.0,-0.32079261541366577,-0.09050486981868744,29.568382263183594
10.0,72855.0,-0.32132238149642944,-0.09050486981868744,29.57084846496582
10.0,72860.0,-0.3218193054199219,-0.09050486981868744,29.570892333984375
10.0,72864.0,-0.3223038911819458,-0.08897088468074799,29.392641067504883
10.0,72868.0,-0.3227556347846985,-0.08897088468074799,29.388341903686523
10.0,72872.0,-0.32318276166915894,-0.08897088468074799,29.382102966308594
10.0,72876.0,-0.32356056571006775,-0.09050486981868744,29.79705047607422
10.0,72880.0,-0.3239014446735382,-0.09050486981868744,29.529071807861328
10.0,72884.0,-0.32422176003456116,-0.09050486981868744,29.516420364379883
10.0,72889.0,-0.32467350363731384,-0.09050486981868744,29.494096755981445
10.0,72893.0,-0.32488706707954407,-0.09050486981868744,29.478139877319336
10.0,72898.0,-0.325223833322525,-0.09050486981868744,29.46170997619629
10.0,72901.0,-0.3254825472831726,-0.0920388475060463,29.8732852935791
10.0,72905.0,-0.3256673514842987,-0.0920388475060463,29.608932495117188
10.0,72911.0,-0.3260533809661865,-0.0920388475060463,29.596708297729492
10.0,72915.0,-0.3263121247291565,-0.0920388475060463,29.58645248413086
10.0,72919.0,-0.3265749514102936,-0.0920388475060463,29.577545166015625
10.0,72925.0,-0.3269609808921814,-0.0920388475060463,29.568918228149414
10.0,72931.0,-0.3273347020149231,-0.0920388475060463,29.56098175048828
10.0,72935.0,-0.32756468653678894,-0.0920388475060463,29.55255126953125
10.0,72941.0,-0.3279014229774475,-0.0920388475060463,29.545127868652344
10.0,72948.0,-0.3282710611820221,-0.09050486981868744,29.357635498046875
10.0,72954.0,-0.32860368490219116,-0.09050486981868744,29.342723846435547
10.0,72960.0,-0.32878848910331726,-0.09050486981868744,29.332529067993164
10.0,72964.0,-0.3289076089859009,-0.09050486981868744,29.319761276245117
10.0,72968.0,-0.329006165266037,-0.09050486981868744,29.30108642578125
10.0,72973.0,-0.3290964961051941,-0.09050486981868744,29.28396987915039
10.0,72977.0,-0.32914578914642334,-0.09050486981868744,29.267240524291992
10.0,72981.0,-0.32917043566703796,-0.0920388475060463,29.418869018554688
10.0,72985.0,-0.32917454838752747,-0.09050486981868744,29.648902893066406
10.0,72989.0,-0.32917454838752747,-0.0920388475060463,29.381153106689453
10.0,72994.0,-0.3291786313056946,-0.0920388475060463,29.361083984375
10.0,72999.0,-0.3291786313056946,-0.0920388475060463,29.342796325683594
10.0,73005.0,-0.3291786313056946,-0.0920388475060463,29.323820114135742
10.0,73011.0,-0.3291786313056946,-0.0920388475060463,29.310367584228516
10.0,73016.0,-0.3291786313056946,-0.0920388475060463,29.296884536743164
10.0,73029.0,-0.3291786313056946,-0.09050486981868744,29.098907470703125
10.0,73034.0,-0.3291786313056946,-0.09050486981868744,29.09432601928711
10.0,73039.0,-0.3291786313056946,-0.08897088468074799,28.913816452026367
10.0,73044.0,-0.32917454838752747,-0.08897088468074799,28.911453247070312
10.0,73049.0,-0.32916221022605896,-0.08743690699338913,28.731571197509766
10.0,73053.0,-0.32915809750556946,-0.08743690699338913,28.730609893798828
10.0,73059.0,-0.32914990186691284,-0.08590292930603027,28.554611206054688
10.0,73064.0,-0.3291334807872772,-0.08590292930603027,28.556337356567383
10.0,73070.0,-0.3291006088256836,-0.08436894416809082,28.378787994384766
10.0,73076.0,-0.3290348947048187,-0.08283496648073196,28.19881248474121
10.0,73081.0,-0.3289486765861511,-0.08283496648073196,28.190778732299805
10.0,73086.0,-0.32880082726478577,-0.08130098134279251,28.00467872619629
10.0,73091.0,-0.32867762446403503,-0.08130098134279251,27.995683670043945
10.0,73094.0,-0.3285626173019409,-0.07976700365543365,27.804336547851562
10.0,73101.0,-0.32823407649993896,-0.07976700365543365,27.77898406982422
10.0,73105.0,-0.3279958963394165,-0.0782330259680748,27.5740909576416
10.0,73109.0,-0.3277289569377899,-0.0782330259680748,27.547407150268555
10.0,73113.0,-0.3274168372154236,-0.0782330259680748,27.515926361083984
10.0,73117.0,-0.3269650936126709,-0.0782330259680748,27.480331420898438
10.0,73122.0,-0.32655030488967896,-0.0782330259680748,27.440418243408203
10.0,73128.0,-0.3258726894855499,-0.0782330259680748,27.36427116394043
10.0,73133.0,-0.32524436712265015,-0.0782330259680748,27.305301666259766
10.0,73139.0,-0.32441067695617676,-0.07976700365543365,27.403432846069336
10.0,73145.0,-0.32347431778907776,-0.07976700365543365,27.314273834228516
10.0,73151.0,-0.32243531942367554,-0.08130098134279251,27.394134521484375
10.0,73155.0,-0.32170429825782776,-0.08283496648073196,27.50543975830078
10.0,73159.0,-0.32094046473503113,-0.08283496648073196,27.43813705444336
10.0,73164.0,-0.3199630379676819,-0.08436894416809082,27.531394958496094
10.0,73169.0,-0.3189527690410614,-0.08590292930603027,27.642086029052734
10.0,73173.0,-0.3181314170360565,-0.08590292930603027,27.987823486328125
10.0,73177.0,-0.31729772686958313,-0.08743690699338913,27.672710418701172
10.0,73181.0,-0.31646817922592163,-0.08897088468074799,27.79079818725586
10.0,73185.0,-0.31564271450042725,-0.08897088468074799,27.733760833740234
10.0,73190.0,-0.3146529793739319,-0.09050486981868744,27.8614501953125
10.0,73196.0,-0.31349074840545654,-0.09050486981868744,27.79290199279785
10.0,73202.0,-0.31237372756004333,-0.0920388475060463,27.911697387695312
10.0,73208.0,-0.31127721071243286,-0.0920388475060463,27.85965347290039
10.0,73215.0,-0.31004106998443604,-0.0920388475060463,27.800966262817383
10.0,73221.0,-0.30901026725769043,-0.09050486981868744,27.586332321166992
10.0,73227.0,-0.30800822377204895,-0.09050486981868744,27.55449867248535
10.0,73233.0,-0.30698153376579285,-0.09050486981868744,27.525371551513672
10.0,73239.0,-0.3059178590774536,-0.08897088468074799,27.308921813964844
10.0,73245.0,-0.3047802746295929,-0.08897088468074799,27.253755569458008
10.0,73251.0,-0.3035687804222107,-0.08897088468074799,27.205381393432617
10.0,73259.0,-0.30185216665267944,-0.08897088468074799,27.122859954833984
10.0,73264.0,-0.30046817660331726,-0.08897088468074799,27.049713134765625
10.0,73270.0,-0.29924023151397705,-0.08897088468074799,26.967763900756836
10.0,73278.0,-0.2971663177013397,-0.09050486981868744,27.040904998779297
10.0,73283.0,-0.29581519961357117,-0.09050486981868744,26.96345329284668
10.0,73287.0,-0.29469403624534607,-0.0920388475060463,27.058073043823242
10.0,73291.0,-0.2935318350791931,-0.0920388475060463,26.987924575805664
10.0,73295.0,-0.29234087467193604,-0.09357283264398575,27.095243453979492
10.0,73299.0,-0.29112115502357483,-0.0951068103313446,27.4472713470459
10.0,73303.0,-0.2898726761341095,-0.0951068103313446,27.12489891052246
10.0,73307.0,-0.28861191868782043,-0.09664079546928406,27.22754669189453
10.0,73311.0,-0.28732648491859436,-0.09817477315664291,27.331777572631836
10.0,73315.0,-0.2860451638698578,-0.09817477315664291,27.260761260986328
10.0,73319.0,-0.2847556471824646,-0.09970875084400177,27.36722183227539
10.0,73325.0,-0.2828213572502136,-0.10124273598194122,27.443805694580078
10.0,73329.0,-0.2812073826789856,-0.10277671366930008,27.80681610107422
10.0,73333.0,-0.27994662523269653,-0.10277671366930008,27.49970054626465
10.0,73338.0,-0.2787022590637207,-0.10277671366930008,27.445045471191406
10.0,73343.0,-0.27716222405433655,-0.10431069880723953,27.558717727661133
10.0,73347.0,-0.27595072984695435,-0.10431069880723953,27.500499725341797
10.0,73351.0,-0.2747597396373749,-0.10431069880723953,27.45853614807129
10.0,73355.0,-0.2735893130302429,-0.10431069880723953,27.419029235839844
10.0,73359.0,-0.27210676670074463,-0.10431069880723953,27.377304077148438
10.0,73364.0,-0.27064067125320435,-0.10431069880723953,27.330791473388672
10.0,73369.0,-0.2694537937641144,-0.10431069880723953,27.291051864624023
10.0,73375.0,-0.2676878869533539,-0.10431069880723953,27.23630142211914
10.0,73381.0,-0.26587268710136414,-0.10431069880723953,27.176443099975586
10.0,73387.0,-0.26404517889022827,-0.10431069880723953,27.104835510253906
10.0,73393.0,-0.2621930241584778,-0.10431069880723953,27.042564392089844
10.0,73398.0,-0.2602710425853729,-0.10431069880723953,26.981536865234375
10.0,73404.0,-0.2586447596549988,-0.10431069880723953,26.921489715576172
10.0,73408.0,-0.2572977542877197,-0.10431069880723953,26.85279083251953
10.0,73414.0,-0.255232036113739,-0.10431069880723953,26.765968322753906
10.0,73420.0,-0.2530636489391327,-0.10584467649459839,26.86174201965332
10.0,73425.0,-0.2512114942073822,-0.10584467649459839,26.757997512817383
10.0,73431.0,-0.24891580641269684,-0.10737866163253784,26.82772445678711
10.0,73437.0,-0.2461724877357483,-0.1089126393198967,26.895151138305664
10.0,73443.0,-0.24418480694293976,-0.11044661700725555,26.96039390563965
10.0,73449.0,-0.24174126982688904,-0.11198060214519501,27.289615631103516
10.0,73454.0,-0.23969198763370514,-0.11198060214519501,26.923683166503906
10.0,73460.0,-0.23717454075813293,-0.11351457983255386,27.00228500366211
10.0,73464.0,-0.23549486696720123,-0.11504856497049332,27.10329818725586
10.0,73471.0,-0.23254209756851196,-0.11658254265785217,27.148792266845703
10.0,73477.0,-0.23002053797245026,-0.11811652034521103,27.219270706176758
10.0,73482.0,-0.22752772271633148,-0.11965050548315048,27.28058433532715
10.0,73489.0,-0.22505544126033783,-0.11965050548315048,27.203466415405273
10.0,73493.0,-0.22342094779014587,-0.12118448317050934,27.569881439208984
10.0,73497.0,-0.2213839888572693,-0.12118448317050934,27.247594833374023
10.0,73505.0,-0.21854619681835175,-0.12118448317050934,27.138425827026367
10.0,73511.0,-0.21614374220371246,-0.12271846830844879,27.253210067749023
10.0,73516.0,-0.2141355276107788,-0.12271846830844879,27.189165115356445
10.0,73520.0,-0.21255441009998322,-0.12271846830844879,27.131616592407227
10.0,73526.0,-0.21018479764461517,-0.12271846830844879,27.06279945373535
10.0,73532.0,-0.20781108736991882,-0.12271846830844879,27.00480842590332
10.0,73538.0,-0.20542094111442566,-0.12271846830844879,26.934343338012695
10.0,73544.0,-0.20298562943935394,-0.12271846830844879,26.857900619506836
10.0,73549.0,-0.2005133479833603,-0.12271846830844879,26.777664184570312
10.0,73553.0,-0.1988295614719391,-0.12271846830844879,26.720312118530273
10.0,73558.0,-0.19712114334106445,-0.12425244599580765,26.823617935180664
10.0,73562.0,-0.1953921914100647,-0.12425244599580765,26.75982093811035
10.0,73566.0,-0.19364681839942932,-0.12425244599580765,26.69605255126953
10.0,73572.0,-0.19053387641906738,-0.1257864236831665,26.772850036621094
10.0,73577.0,-0.18825051188468933,-0.1257864236831665,26.681472778320312
10.0,73583.0,-0.18593017756938934,-0.12732040882110596,26.765546798706055
10.0,73587.0,-0.18405748903751373,-0.12732040882110596,26.690872192382812
10.0,73591.0,-0.1821601688861847,-0.1288543939590454,26.77096176147461
10.0,73598.0,-0.1788213551044464,-0.13038836419582367,26.83336639404297
10.0,73602.0,-0.17689938843250275,-0.13192234933376312,26.915481567382812
10.0,73608.0,-0.17400822043418884,-0.13345633447170258,26.978395462036133
10.0,73615.0,-0.1706078052520752,-0.13499031960964203,27.29141616821289
10.0,73619.0,-0.1681807041168213,-0.13499031960964203,26.948213577270508
10.0,73624.0,-0.166234090924263,-0.1365242898464203,27.035242080688477
10.0,73628.0,-0.1638192981481552,-0.1365242898464203,26.96590232849121
10.0,73633.0,-0.16189733147621155,-0.13805827498435974,27.076629638671875
10.0,73637.0,-0.159987673163414,-0.13805827498435974,26.99643325805664
10.0,73641.0,-0.15809035301208496,-0.1395922601222992,27.35956573486328
10.0,73645.0,-0.15619301795959473,-0.1395922601222992,27.049386978149414
10.0,73649.0,-0.154299795627594,-0.1395922601222992,26.988418579101562
10.0,73653.0,-0.15241478383541107,-0.1395922601222992,26.944917678833008
10.0,73657.0,-0.15052977204322815,-0.14112623035907745,27.06405258178711
10.0,73661.0,-0.1481642723083496,-0.14112623035907745,26.98909568786621
10.0,73665.0,-0.1462874710559845,-0.14112623035907745,26.933385848999023
10.0,73670.0,-0.14441068470478058,-0.14112623035907745,26.87725830078125
10.0,73673.0,-0.14252977073192596,-0.14112623035907745,26.556377410888672
10.0,73679.0,-0.14018069207668304,-0.1426602154970169,26.91576385498047
10.0,73683.0,-0.13831211626529694,-0.1426602154970169,26.862092971801758
10.0,73688.0,-0.13595892488956451,-0.1426602154970169,26.805572509765625
10.0,73694.0,-0.13263244926929474,-0.1426602154970169,26.703428268432617
10.0,73709.0,-0.12582752108573914,-0.14419420063495636,26.66077423095703
10.0,73713.0,-0.12385626137256622,-0.1457281857728958,26.75627899169922
10.0,73718.0,-0.12084599584341049,-0.1457281857728958,26.6675968170166
10.0,73723.0,-0.11881314218044281,-0.14726215600967407,26.75340461730957
10.0,73728.0,-0.11622998118400574,-0.14726215600967407,26.676467895507812
10.0,73732.0,-0.1141437366604805,-0.14879614114761353,26.75543785095215
10.0,73736.0,-0.11203695833683014,-0.15033012628555298,27.102184295654297
10.0,73741.0,-0.10938398540019989,-0.15033012628555298,26.771347045898438
10.0,73745.0,-0.1072525680065155,-0.15186409652233124,26.84839630126953
10.0,73749.0,-0.10512115061283112,-0.1533980816602707,26.94683074951172
10.0,73753.0,-0.10298562794923782,-0.1533980816602707,26.887346267700195
10.0,73757.0,-0.10087063908576965,-0.15493206679821014,26.97157096862793
10.0,73761.0,-0.09875565022230148,-0.1564660519361496,27.077672958374023
10.0,73765.0,-0.09666118770837784,-0.1564660519361496,27.007963180541992
10.0,73769.0,-0.09458316117525101,-0.15800002217292786,27.382991790771484
10.0,73773.0,-0.09250513464212418,-0.15800002217292786,27.0665340423584
10.0,73777.0,-0.09044352918863297,-0.15800002217292786,27.003128051757812
10.0,73783.0,-0.08735934644937515,-0.1595340073108673,27.084474563598633
10.0,73789.0,-0.0843285396695137,-0.1595340073108673,26.999391555786133
10.0,73793.0,-0.08231211453676224,-0.16106799244880676,27.11887550354004
10.0,73798.0,-0.07932648807764053,-0.16106799244880676,27.04058837890625
10.0,73804.0,-0.07685831934213638,-0.16106799244880676,26.97599983215332
10.0,73808.0,-0.07441067695617676,-0.16106799244880676,26.914989471435547
10.0,73813.0,-0.07245174795389175,-0.16106799244880676,26.865230560302734
10.0,73817.0,-0.07048870623111725,-0.16106799244880676,26.800979614257812
10.0,73822.0,-0.06802874803543091,-0.16106799244880676,26.735387802124023
10.0,73826.0,-0.06604106724262238,-0.16260196268558502,26.857746124267578
10.0,73832.0,-0.06303490698337555,-0.16260196268558502,26.77301788330078
10.0,73836.0,-0.0610308013856411,-0.16260196268558502,26.716583251953125
10.0,73841.0,-0.058513347059488297,-0.16260196268558502,26.642961502075195
10.0,73847.0,-0.05545790493488312,-0.16413594782352448,26.725399017333984
10.0,73853.0,-0.05234907567501068,-0.16413594782352448,26.62428855895996
10.0,73857.0,-0.04970841854810715,-0.16566993296146393,26.97894859313965
10.0,73861.0,-0.04757700115442276,-0.16566993296146393,26.656627655029297
10.0,73867.0,-0.04489527642726898,-0.1672039031982422,26.720783233642578
10.0,73871.0,-0.042726900428533554,-0.1672039031982422,26.644039154052734
10.0,73875.0,-0.040566734969615936,-0.16873788833618164,26.74557876586914
10.0,73879.0,-0.038377825170755386,-0.1702718734741211,26.843652725219727
10.0,73883.0,-0.036176592111587524,-0.1702718734741211,26.765506744384766
10.0,73888.0,-0.03341683745384216,-0.17180585861206055,26.861146926879883
10.0,73891.0,-0.031190965324640274,-0.1733398288488388,26.957414627075195
10.0,73897.0,-0.028435317799448967,-0.17487381398677826,27.019529342651367
10.0,73902.0,-0.025145791471004486,-0.1764077991247177,27.105066299438477
10.0,73908.0,-0.022459959611296654,-0.1764077991247177,27.02077865600586
10.0,73914.0,-0.019248459488153458,-0.17794176936149597,27.08391761779785
10.0,73919.0,-0.0166324432939291,-0.17947575449943542,27.187807083129883
10.0,73924.0,-0.013511293567717075,-0.17947575449943542,27.116228103637695
10.0,73931.0,-0.01046817284077406,-0.17947575449943542,27.04036521911621
10.0,73935.0,-0.008451745845377445,-0.17947575449943542,26.9786376953125
10.0,73939.0,-0.006451745517551899,-0.18100973963737488,27.109493255615234
10.0,73943.0,-0.003946612123399973,-0.18100973963737488,27.058549880981445
10.0,73948.0,-0.001954825362190604,-0.18100973963737488,26.999238967895508
10.0,73952.0,2.464065619278699e-05,-0.18100973963737488,26.952220916748047
10.0,73956.0,0.002501026727259159,-0.18100973963737488,26.90557861328125
10.0,73961.0,0.004459958989173174,-0.18100973963737488,26.848716735839844
10.0,73965.0,0.006431211717426777,-0.18100973963737488,26.802684783935547
10.0,73972.0,0.00987679697573185,-0.18254372477531433,26.89422607421875
10.0,73976.0,0.011860369704663754,-0.18254372477531433,26.845233917236328
10.0,73980.0,0.013835729099810123,-0.18254372477531433,26.794164657592773
10.0,73984.0,0.01582340896129608,-0.18254372477531433,26.740983963012695
10.0,73989.0,0.018320327624678612,-0.18254372477531433,26.68859100341797
10.0,73994.0,0.020845996215939522,-0.18254372477531433,26.601390838623047
10.0,73998.0,0.02338808961212635,-0.1840776950120926,26.7181453704834
10.0,74004.0,0.025954825803637505,-0.1840776950120926,26.625213623046875
10.0,74009.0,0.029059547930955887,-0.18561168015003204,26.720569610595703
10.0,74014.0,0.031154004856944084,-0.18561168015003204,26.634841918945312
10.0,74020.0,0.03432032838463783,-0.1871456652879715,26.70531463623047
10.0,74026.0,0.03753182664513588,-0.18867963552474976,26.79014778137207
10.0,74032.0,0.04076796770095825,-0.1902136206626892,26.85475730895996
10.0,74038.0,0.04400821402668953,-0.19174760580062866,26.90249252319336
10.0,74044.0,0.047227926552295685,-0.19328159093856812,26.98793601989746
10.0,74049.0,0.049893222749233246,-0.19481556117534637,27.06192970275879
10.0,74055.0,0.05306365340948105,-0.19634954631328583,27.139402389526367
10.0,74064.0,0.05772484466433525,-0.19788353145122528,27.1967830657959
10.0,74073.0,0.06227104738354683,-0.19941750168800354,27.24073028564453
10.0,74078.0,0.06525256484746933,-0.19941750168800354,27.1771240234375
10.0,74086.0,0.06865708529949188,-0.200951486825943,27.275497436523438
10.0,74095.0,0.07337166368961334,-0.200951486825943,27.180789947509766
10.0,74107.0,0.07839014381170273,-0.200951486825943,27.081754684448242
10.0,74111.0,0.08019712567329407,-0.200951486825943,27.051433563232422
10.0,74115.0,0.0819917842745781,-0.200951486825943,27.01752471923828
10.0,74119.0,0.08424640446901321,-0.200951486825943,26.983705520629883
10.0,74123.0,0.08604107052087784,-0.200951486825943,26.9483699798584
10.0,74128.0,0.08784393966197968,-0.19941750168800354,26.73377799987793
10.0,74132.0,0.08964681625366211,-0.19941750168800354,26.697097778320312
10.0,74136.0,0.09146612137556076,-0.19941750168800354,26.65472412109375
10.0,74140.0,0.09331827610731125,-0.200951486825943,26.78495216369629
10.0,74144.0,0.09519096463918686,-0.200951486825943,26.734569549560547
10.0,74147.0,0.0970882922410965,-0.200951486825943,26.679393768310547
10.0,74153.0,0.09949486702680588,-0.20248547196388245,26.78426742553711
10.0,74157.0,0.101938396692276,-0.20248547196388245,26.704792022705078
10.0,74161.0,0.10391375422477722,-0.2040194571018219,26.815858840942383
10.0,74165.0,0.10589732974767685,-0.20555342733860016,27.176843643188477
10.0,74171.0,0.10839014500379562,-0.20555342733860016,27.253223419189453
10.0,74175.0,0.11038603633642197,-0.2070874124765396,26.935739517211914
10.0,74180.0,0.11286652833223343,-0.20862139761447906,27.03070068359375
10.0,74185.0,0.1153552383184433,-0.21015536785125732,27.124488830566406
10.0,74189.0,0.11733470112085342,-0.21168935298919678,27.487573623657227
10.0,74193.0,0.11930184811353683,-0.21168935298919678,27.174068450927734
10.0,74197.0,0.12173306196928024,-0.21322333812713623,27.294410705566406
10.0,74202.0,0.1236468181014061,-0.21322333812713623,27.2228946685791
10.0,74206.0,0.12554825842380524,-0.21475732326507568,27.348073959350586
10.0,74210.0,0.12741273641586304,-0.21475732326507568,27.301454544067383
10.0,74214.0,0.1292484551668167,-0.21629129350185394,27.433412551879883
10.0,74219.0,0.13150718808174133,-0.21629129350185394,27.3924617767334
10.0,74224.0,0.13415195047855377,-0.21629129350185394,27.33494758605957
10.0,74230.0,0.1363162249326706,-0.21629129350185394,27.2845458984375
10.0,74235.0,0.13887473940849304,-0.2178252786397934,27.420589447021484
10.0,74241.0,0.1413634568452835,-0.2178252786397934,27.38194465637207
10.0,74247.0,0.14379876852035522,-0.2178252786397934,27.34463119506836
10.0,74254.0,0.14617247879505157,-0.2178252786397934,27.313859939575195
10.0,74259.0,0.148525670170784,-0.21629129350185394,27.10397720336914
10.0,74266.0,0.1508624255657196,-0.21629129350185394,27.0704402923584
10.0,74271.0,0.15322792530059814,-0.21629129350185394,27.0290584564209
10.0,74278.0,0.1556180715560913,-0.21629129350185394,26.980758666992188
10.0,74284.0,0.1580246388912201,-0.21629129350185394,26.929492950439453
10.0,74288.0,0.15964682400226593,-0.21629129350185394,26.89080238342285
10.0,74292.0,0.1612854152917862,-0.2178252786397934,27.01502227783203
10.0,74296.0,0.16293634474277496,-0.2178252786397934,26.971420288085938
10.0,74300.0,0.16500616073608398,-0.2178252786397934,26.926578521728516
10.0,74304.0,0.16626283526420593,-0.21935926377773285,27.055397033691406
10.0,74310.0,0.16879260540008545,-0.21935926377773285,26.990312576293945
10.0,74316.0,0.17175769805908203,-0.2208932340145111,27.077848434448242
10.0,74321.0,0.17344148457050323,-0.22242721915245056,27.205455780029297
10.0,74325.0,0.17512114346027374,-0.22242721915245056,27.1544132232666
10.0,74329.0,0.1772156059741974,-0.22396120429039001,27.268686294555664
10.0,74334.0,0.17888295650482178,-0.22549518942832947,27.646636962890625
10.0,74339.0,0.1809486597776413,-0.22549518942832947,27.337133407592773
10.0,74343.0,0.18257905542850494,-0.22702915966510773,27.469738006591797
10.0,74348.0,0.1845872700214386,-0.22702915966510773,27.41700553894043
10.0,74352.0,0.18615606427192688,-0.22856314480304718,27.80708122253418
10.0,74356.0,0.18771252036094666,-0.22856314480304718,27.520427703857422
10.0,74360.0,0.18922792375087738,-0.22856314480304718,27.48206901550293
10.0,74364.0,0.19071047008037567,-0.22856314480304718,27.453670501708984
10.0,74369.0,0.19252976775169373,-0.22856314480304718,27.429046630859375
10.0,74373.0,0.19396303594112396,-0.23009712994098663,27.576318740844727
10.0,74377.0,0.1953839808702469,-0.23009712994098663,27.554182052612305
10.0,74381.0,0.19676385819911957,-0.23009712994098663,27.53653335571289
10.0,74385.0,0.19812731444835663,-0.23009712994098663,27.51839828491211
10.0,74389.0,0.19947433471679688,-0.23009712994098663,27.501178741455078
10.0,74393.0,0.2008049339056015,-0.23009712994098663,27.484867095947266
10.0,74397.0,0.20244763791561127,-0.22856314480304718,27.2900447845459
10.0,74403.0,0.2040698081254959,-0.22856314480304718,27.2663631439209
10.0,74409.0,0.20603695511817932,-0.22856314480304718,27.23981475830078
10.0,74413.0,0.20734292268753052,-0.22856314480304718,27.214664459228516
10.0,74417.0,0.20898151397705078,-0.22856314480304718,27.190231323242188
10.0,74422.0,0.21029157936573029,-0.23009712994098663,27.336210250854492
10.0,74428.0,0.21228747069835663,-0.23009712994098663,27.29313850402832
10.0,74437.0,0.21526488661766052,-0.23009712994098663,27.226579666137695
10.0,74448.0,0.21893224120140076,-0.2316311001777649,27.311573028564453
10.0,74455.0,0.22126078605651855,-0.23316508531570435,27.43903350830078
10.0,74459.0,0.22292813658714294,-0.23316508531570435,27.394695281982422
10.0,74466.0,0.22488296031951904,-0.2346990704536438,27.524158477783203
10.0,74471.0,0.22648459672927856,-0.2346990704536438,27.479787826538086
10.0,74479.0,0.22899794578552246,-0.23623304069042206,27.857330322265625
10.0,74485.0,0.23083367943763733,-0.23623304069042206,27.57046127319336
10.0,74489.0,0.23204517364501953,-0.23623304069042206,27.54482078552246
10.0,74493.0,0.23324845731258392,-0.23623304069042206,27.51514434814453
10.0,74498.0,0.2347227931022644,-0.2377670258283615,27.66498374938965
10.0,74503.0,0.23617248237133026,-0.2377670258283615,27.64000129699707
10.0,74508.0,0.23757700622081757,-0.2377670258283615,27.622695922851562
10.0,74514.0,0.23951950669288635,-0.2377670258283615,27.592418670654297
10.0,74519.0,0.2405954897403717,-0.2377670258283615,27.57720947265625
10.0,74524.0,0.24192197620868683,-0.2377670258283615,27.56063461303711
10.0,74529.0,0.2434784322977066,-0.23930101096630096,27.71889877319336
10.0,74535.0,0.2447843998670578,-0.23930101096630096,27.69873809814453
10.0,74541.0,0.24630390107631683,-0.23930101096630096,27.680707931518555
10.0,74545.0,0.24730184674263,-0.23930101096630096,27.66956901550293
10.0,74549.0,0.24827516078948975,-0.23930101096630096,27.658397674560547
10.0,74553.0,0.24924024939537048,-0.23930101096630096,27.644277572631836
10.0,74557.0,0.2504435181617737,-0.23930101096630096,27.63450050354004
10.0,74563.0,0.2518521547317505,-0.23930101096630096,27.619335174560547
10.0,74569.0,0.25301027297973633,-0.23930101096630096,27.60404396057129
10.0,74573.0,0.2539178729057312,-0.23930101096630096,27.595508575439453
10.0,74579.0,0.2552895247936249,-0.23930101096630096,27.576629638671875
10.0,74585.0,0.2566324472427368,-0.23930101096630096,27.56319808959961
10.0,74589.0,0.25752362608909607,-0.23930101096630096,27.54750633239746
10.0,74594.0,0.2588377892971039,-0.24083499610424042,27.710712432861328
10.0,74601.0,0.2601314187049866,-0.24083499610424042,27.690147399902344
10.0,74605.0,0.2609897255897522,-0.24083499610424042,27.679798126220703
10.0,74609.0,0.2618357241153717,-0.24083499610424042,27.667125701904297
10.0,74615.0,0.26308009028434753,-0.24083499610424042,27.648361206054688
10.0,74620.0,0.26429978013038635,-0.24083499610424042,27.63693618774414
10.0,74624.0,0.2649075984954834,-0.24083499610424042,27.625717163085938
10.0,74628.0,0.2659178674221039,-0.24236896634101868,28.039867401123047
10.0,74634.0,0.26694455742836,-0.24236896634101868,27.766483306884766
10.0,74639.0,0.26795893907546997,-0.24236896634101868,27.749969482421875
10.0,74643.0,0.26875975728034973,-0.24236896634101868,27.735000610351562
10.0,74647.0,0.2695482671260834,-0.24390295147895813,28.14475440979004
10.0,74653.0,0.2707063555717468,-0.24390295147895813,27.875104904174805
10.0,74659.0,0.2720082104206085,-0.24390295147895813,27.858203887939453
10.0,74666.0,0.27308008074760437,-0.24390295147895813,27.844324111938477
10.0,74671.0,0.2739343047142029,-0.24543693661689758,28.014604568481445
10.0,74675.0,0.2745872735977173,-0.24390295147895813,27.83579444885254
10.0,74679.0,0.27521151304244995,-0.24543693661689758,28.01255226135254
10.0,74684.0,0.27596303820610046,-0.24543693661689758,28.017982482910156
10.0,74688.0,0.2766653001308441,-0.24390295147895813,27.84353256225586
10.0,74692.0,0.27708420157432556,-0.24543693661689758,28.025489807128906
10.0,74696.0,0.27762627601623535,-0.24390295147895813,27.85369300842285
10.0,74700.0,0.27826693654060364,-0.24390295147895813,27.609241485595703
10.0,74704.0,0.27864477038383484,-0.24390295147895813,27.867727279663086
10.0,74709.0,0.2792279124259949,-0.24390295147895813,27.87810707092285
10.0,74713.0,0.27969199419021606,-0.24390295147895813,27.885990142822266
10.0,74717.0,0.28013551235198975,-0.24390295147895813,27.89801597595215
10.0,74723.0,0.28080493211746216,-0.24390295147895813,27.905258178710938
10.0,74729.0,0.28146612644195557,-0.24390295147895813,27.913930892944336
10.0,74734.0,0.28200820088386536,-0.24390295147895813,27.919597625732422
10.0,74739.0,0.28266119956970215,-0.24390295147895813,27.923053741455078
10.0,74746.0,0.28331416845321655,-0.24390295147895813,28.172517776489258
10.0,74752.0,0.2839384078979492,-0.24390295147895813,27.925140380859375
10.0,74757.0,0.2845544219017029,-0.24390295147895813,27.925479888916016
10.0,74763.0,0.2850431203842163,-0.24390295147895813,27.926223754882812
10.0,74768.0,0.28552770614624023,-0.24390295147895813,27.926780700683594
10.0,74771.0,0.2858973443508148,-0.24390295147895813,27.927574157714844
10.0,74776.0,0.2863613963127136,-0.24390295147895813,27.92657470703125
10.0,74781.0,0.2867310047149658,-0.24390295147895813,27.925174713134766
10.0,74785.0,0.287092387676239,-0.24543693661689758,28.102426528930664
10.0,74789.0,0.2874538004398346,-0.24543693661689758,28.097747802734375
10.0,74795.0,0.28798356652259827,-0.24543693661689758,28.094764709472656
10.0,74799.0,0.2883244454860687,-0.24543693661689758,28.092411041259766
10.0,74803.0,0.28873100876808167,-0.24543693661689758,28.090614318847656
10.0,74811.0,0.2893264889717102,-0.24697090685367584,28.270841598510742
10.0,74820.0,0.28983572125434875,-0.24697090685367584,28.283756256103516
10.0,74826.0,0.29018479585647583,-0.24697090685367584,28.301998138427734
10.0,74833.0,0.2904147803783417,-0.24697090685367584,28.327795028686523
10.0,74839.0,0.29059138894081116,-0.24697090685367584,28.34920883178711
10.0,74844.0,0.2907063663005829,-0.24697090685367584,28.377517700195312
10.0,74849.0,0.2907926142215729,-0.24697090685367584,28.39841651916504
10.0,74853.0,0.2908377945423126,-0.24543693661689758,28.2470703125
10.0,74858.0,0.29086241126060486,-0.24543693661689758,28.27035903930664
10.0,74862.0,0.29087474942207336,-0.24543693661689758,28.29804039001465
10.0,74869.0,0.29087886214256287,-0.24543693661689758,28.328399658203125
10.0,74875.0,0.29087886214256287,-0.24543693661689758,28.36005210876465
10.0,74880.0,0.29087886214256287,-0.24543693661689758,28.376100540161133
10.0,74886.0,0.29087886214256287,-0.24390295147895813,28.222856521606445
10.0,74892.0,0.29087886214256287,-0.24543693661689758,28.418813705444336
10.0,74896.0,0.29088294506073,-0.24543693661689758,28.428682327270508
10.0,74901.0,0.29088294506073,-0.24543693661689758,28.440080642700195
10.0,74905.0,0.29088294506073,-0.24543693661689758,28.44792366027832
10.0,74911.0,0.29088294506073,-0.24543693661689758,28.456209182739258
10.0,74915.0,0.29088294506073,-0.24543693661689758,28.461668014526367
10.0,74921.0,0.29088294506073,-0.24697090685367584,28.645984649658203
10.0,74926.0,0.29088294506073,-0.24697090685367584,28.650222778320312
10.0,74933.0,0.29087474942207336,-0.2485048919916153,28.8317813873291
10.0,74939.0,0.29087474942207336,-0.2485048919916153,28.831947326660156
10.0,74944.0,0.29087063670158386,-0.25003886222839355,29.010507583618164
10.0,74949.0,0.29085832834243774,-0.25003886222839355,29.008325576782227
10.0,74954.0,0.29084187746047974,-0.251572847366333,29.186386108398438
10.0,74960.0,0.2907926142215729,-0.25310683250427246,29.61702537536621
10.0,74967.0,0.29068583250045776,-0.25310683250427246,29.373205184936523
10.0,74972.0,0.2906119227409363,-0.2546408176422119,29.55719566345215
10.0,74976.0,0.2905256748199463,-0.2546408176422119,29.561782836914062
10.0,74980.0,0.2904230058193207,-0.25617480278015137,29.748807907104492
10.0,74985.0,0.2902628481388092,-0.2577087879180908,30.189834594726562
10.0,74989.0,0.29009854793548584,-0.2577087879180908,29.95720672607422
10.0,74993.0,0.2898809015750885,-0.2577087879180908,29.980361938476562
10.0,74997.0,0.2896221876144409,-0.2577087879180908,30.007936477661133
10.0,75003.0,0.28916221857070923,-0.2577087879180908,30.05306625366211
10.0,75008.0,0.28873512148857117,-0.2592427730560303,30.263505935668945
10.0,75014.0,0.28814372420310974,-0.2592427730560303,30.32242202758789
10.0,75019.0,0.28758111596107483,-0.2577087879180908,30.198442459106445
10.0,75024.0,0.28695276379585266,-0.2577087879180908,30.272483825683594
10.0,75029.0,0.2861272990703583,-0.2577087879180908,30.339763641357422
10.0,75034.0,0.2855195105075836,-0.25617480278015137,30.21955680847168
10.0,75040.0,0.28452977538108826,-0.25617480278015137,30.313692092895508
10.0,75046.0,0.2834455966949463,-0.2546408176422119,30.254703521728516
10.0,75051.0,0.2823121249675751,-0.25310683250427246,30.160369873046875
10.0,75057.0,0.2811375856399536,-0.251572847366333,30.08322525024414
10.0,75064.0,0.2799835801124573,-0.25003886222839355,29.996076583862305
10.0,75069.0,0.27881723642349243,-0.2485048919916153,29.905603408813477
10.0,75075.0,0.2778398394584656,-0.24697090685367584,29.814014434814453
10.0,75081.0,0.27668172121047974,-0.24697090685367584,29.88759994506836
10.0,75087.0,0.27557289600372314,-0.24543693661689758,29.776554107666016
10.0,75093.0,0.2744969129562378,-0.24543693661689758,29.823265075683594
10.0,75098.0,0.27344557642936707,-0.24543693661689758,29.875957489013672
10.0,75103.0,0.2727597653865814,-0.24543693661689758,29.90567398071289
10.0,75107.0,0.2720656991004944,-0.24543693661689758,29.94685173034668
10.0,75112.0,0.27120327949523926,-0.24543693661689758,29.98058319091797
10.0,75116.0,0.27053388953208923,-0.24543693661689758,30.007205963134766
10.0,75121.0,0.2696755528450012,-0.24543693661689758,30.032926559448242
10.0,75125.0,0.2689938545227051,-0.24543693661689758,30.058778762817383
10.0,75129.0,0.26829978823661804,-0.24697090685367584,30.27161407470703
10.0,75133.0,0.26756879687309265,-0.24697090685367584,30.302860260009766
10.0,75138.0,0.26662832498550415,-0.24697090685367584,30.335926055908203
10.0,75143.0,0.26543736457824707,-0.24697090685367584,30.392730712890625
10.0,75148.0,0.2646242380142212,-0.24697090685367584,30.441801071166992
10.0,75154.0,0.2633429169654846,-0.24697090685367584,30.49579620361328
10.0,75161.0,0.2617535889148712,-0.24697090685367584,30.594989776611328
10.0,75165.0,0.260784387588501,-0.24543693661689758,30.474231719970703
10.0,75169.0,0.2597823441028595,-0.24543693661689758,30.530080795288086
10.0,75173.0,0.2587679624557495,-0.24543693661689758,30.59018898010254
10.0,75179.0,0.25716632604599,-0.24390295147895813,30.491151809692383
10.0,75183.0,0.2560698091983795,-0.24236896634101868,30.127849578857422
10.0,75187.0,0.2549363374710083,-0.24236896634101868,30.464656829833984
10.0,75193.0,0.25292402505874634,-0.24083499610424042,30.383211135864258
10.0,75199.0,0.25117453932762146,-0.23930101096630096,30.305736541748047
10.0,75203.0,0.250008225440979,-0.23930101096630096,30.36701202392578
10.0,75210.0,0.2482423037290573,-0.2377670258283615,30.284151077270508
10.0,75214.0,0.24707597494125366,-0.2377670258283615,30.341045379638672
10.0,75218.0,0.24592196941375732,-0.23623304069042206,30.234596252441406
10.0,75222.0,0.24473510682582855,-0.23623304069042206,30.292577743530273
10.0,75226.0,0.2435728907585144,-0.2346990704536438,30.16619110107422
10.0,75232.0,0.24182751774787903,-0.2346990704536438,30.242013931274414
10.0,75238.0,0.2401231974363327,-0.23316508531570435,30.131282806396484
10.0,75244.0,0.23840247094631195,-0.23316508531570435,30.199752807617188
10.0,75250.0,0.23673510551452637,-0.23316508531570435,30.247173309326172
10.0,75255.0,0.23506775498390198,-0.23316508531570435,30.30340576171875
10.0,75261.0,0.2336878776550293,-0.23316508531570435,30.359786987304688
10.0,75267.0,0.23198768496513367,-0.23316508531570435,30.407485961914062
10.0,75273.0,0.23029157519340515,-0.23316508531570435,30.475069046020508
10.0,75279.0,0.2285585254430771,-0.2346990704536438,30.702648162841797
10.0,75284.0,0.22706365585327148,-0.23316508531570435,31.023630142211914
10.0,75290.0,0.2252238243818283,-0.23316508531570435,30.654775619506836
10.0,75294.0,0.22395893931388855,-0.23316508531570435,30.721738815307617
10.0,75299.0,0.2223326414823532,-0.23316508531570435,30.778961181640625
10.0,75304.0,0.22066529095172882,-0.23316508531570435,30.870758056640625
10.0,75309.0,0.21893633902072906,-0.2316311001777649,30.75682830810547
10.0,75313.0,0.21752771735191345,-0.2316311001777649,30.82286262512207
10.0,75317.0,0.2160739153623581,-0.23009712994098663,30.73636245727539
10.0,75322.0,0.2142258733510971,-0.23009712994098663,30.80776596069336
10.0,75326.0,0.2127269059419632,-0.22856314480304718,30.70494270324707
10.0,75332.0,0.21042299270629883,-0.22702915966510773,30.640480041503906
10.0,75336.0,0.20887474715709686,-0.22549518942832947,30.558391571044922
10.0,75343.0,0.20613962411880493,-0.22396120429039001,30.242298126220703
10.0,75349.0,0.2037782371044159,-0.22242721915245056,30.427045822143555
10.0,75354.0,0.20142504572868347,-0.2208932340145111,30.35256576538086
10.0,75359.0,0.19985215365886688,-0.2208932340145111,30.424503326416016
10.0,75365.0,0.1975318342447281,-0.21935926377773285,30.339200973510742
10.0,75370.0,0.19562628865242004,-0.21935926377773285,30.413232803344727
10.0,75374.0,0.19411088526248932,-0.2178252786397934,30.29118537902832
10.0,75378.0,0.1926119029521942,-0.2178252786397934,30.356924057006836
10.0,75383.0,0.1907433271408081,-0.2178252786397934,30.420190811157227
10.0,75387.0,0.18889527022838593,-0.21629129350185394,30.04136085510254
10.0,75393.0,0.18704311549663544,-0.21629129350185394,30.351133346557617
10.0,75399.0,0.184862419962883,-0.21629129350185394,30.415538787841797
10.0,75404.0,0.18268583714962006,-0.21629129350185394,30.47825813293457
10.0,75411.0,0.18051335215568542,-0.21629129350185394,30.540218353271484
10.0,75418.0,0.1776016354560852,-0.21629129350185394,30.62437629699707
10.0,75423.0,0.17612731456756592,-0.21629129350185394,30.66883087158203
10.0,75428.0,0.1738850176334381,-0.21629129350185394,30.739376068115234
10.0,75434.0,0.17198356986045837,-0.21629129350185394,30.802143096923828
10.0,75440.0,0.16965913772583008,-0.21629129350185394,30.8809871673584
10.0,75445.0,0.16769199073314667,-0.21629129350185394,30.966251373291016
10.0,75450.0,0.1656673550605774,-0.21475732326507568,30.865707397460938
10.0,75456.0,0.16318686306476593,-0.21475732326507568,30.94600486755371
10.0,75462.0,0.1606447696685791,-0.21322333812713623,30.623390197753906
10.0,75466.0,0.15891581773757935,-0.21322333812713623,30.94382667541504
10.0,75472.0,0.15627515316009521,-0.21168935298919678,30.880084991455078
10.0,75478.0,0.15358111262321472,-0.21015536785125732,30.836286544799805
10.0,75484.0,0.15084189176559448,-0.20862139761447906,30.512264251708984
10.0,75488.0,0.1489979475736618,-0.20862139761447906,30.84077262878418
10.0,75494.0,0.1462094485759735,-0.20555342733860016,30.377788543701172
10.0,75500.0,0.1434127241373062,-0.2040194571018219,30.2972354888916
10.0,75504.0,0.1415318250656128,-0.2040194571018219,30.64659881591797
10.0,75509.0,0.1391991823911667,-0.20248547196388245,30.563426971435547
10.0,75514.0,0.1368829607963562,-0.200951486825943,30.456619262695312
10.0,75518.0,0.13504311442375183,-0.19941750168800354,30.11408233642578
10.0,75527.0,0.13052156567573547,-0.19788353145122528,30.326913833618164
10.0,75534.0,0.12786036729812622,-0.19788353145122528,30.426883697509766
10.0,75540.0,0.1252279281616211,-0.19634954631328583,30.076391220092773
10.0,75545.0,0.12306365370750427,-0.19634954631328583,30.376399993896484
10.0,75550.0,0.12090759724378586,-0.19634954631328583,30.448604583740234
10.0,75556.0,0.11836139857769012,-0.19634954631328583,30.516056060791016
10.0,75562.0,0.1158234104514122,-0.19634954631328583,30.58074951171875
10.0,75568.0,0.11328952759504318,-0.19634954631328583,30.644771575927734
10.0,75574.0,0.11075564473867416,-0.19634954631328583,30.711545944213867
10.0,75580.0,0.10819301754236221,-0.19634954631328583,30.771535873413086
10.0,75585.0,0.10604517161846161,-0.19634954631328583,30.842891693115234
10.0,75591.0,0.1034250482916832,-0.19634954631328583,30.910152435302734
10.0,75596.0,0.10120739042758942,-0.19634954631328583,30.979337692260742
10.0,75601.0,0.09894455969333649,-0.19481556117534637,30.89375877380371
10.0,75608.0,0.09571252763271332,-0.19481556117534637,31.006271362304688
10.0,75612.0,0.09384394437074661,-0.19481556117534637,30.647401809692383
10.0,75616.0,0.09195072203874588,-0.19328159093856812,30.966699600219727
10.0,75624.0,0.08808623999357224,-0.19174760580062866,30.920562744140625
10.0,75629.0,0.0856303870677948,-0.1902136206626892,30.856792449951172
10.0,75637.0,0.08165092766284943,-0.18867963552474976,30.816722869873047
10.0,75641.0,0.07964681833982468,-0.1871456652879715,30.73775863647461
10.0,75645.0,0.07762628048658371,-0.1871456652879715,30.818910598754883
10.0,75649.0,0.07560575008392334,-0.18561168015003204,30.719696044921875
10.0,75653.0,0.07358110696077347,-0.1840776950120926,30.601594924926758
10.0,75657.0,0.07103901356458664,-0.18254372477531433,30.521352767944336
10.0,75662.0,0.06902669370174408,-0.18254372477531433,30.595355987548828
10.0,75666.0,0.06702258437871933,-0.18100973963737488,30.508432388305664
10.0,75671.0,0.06454209238290787,-0.17947575449943542,30.414159774780273
10.0,75675.0,0.06257905811071396,-0.17947575449943542,30.478384017944336
10.0,75679.0,0.06063244491815567,-0.17794176936149597,30.36190414428711
10.0,75683.0,0.05871047079563141,-0.17794176936149597,30.432954788208008
10.0,75689.0,0.05585215613245964,-0.17794176936149597,30.488115310668945
10.0,75695.0,0.053034909069538116,-0.1764077991247177,30.388227462768555
10.0,75700.0,0.05072689801454544,-0.1764077991247177,30.457197189331055
10.0,75705.0,0.04844353348016739,-0.1764077991247177,30.512849807739258
10.0,75709.0,0.04618891328573227,-0.1764077991247177,30.555442810058594
10.0,75714.0,0.044394250959157944,-0.1764077991247177,30.606718063354492
10.0,75719.0,0.04215605929493904,-0.1764077991247177,30.65880012512207
10.0,75723.0,0.04036550223827362,-0.1764077991247177,30.700855255126953
10.0,75728.0,0.038123201578855515,-0.1764077991247177,30.74381446838379
10.0,75733.0,0.03586447611451149,-0.1764077991247177,30.812246322631836
10.0,75738.0,0.03359342738986015,-0.1764077991247177,30.860191345214844
10.0,75742.0,0.03175770118832588,-0.1764077991247177,30.910614013671875
10.0,75745.0,0.02989322319626808,-0.1764077991247177,30.96601104736328
10.0,75750.0,0.028016427531838417,-0.17487381398677826,30.84432601928711
10.0,75754.0,0.026114989072084427,-0.17487381398677826,30.920228958129883
10.0,75759.0,0.023232033476233482,-0.1733398288488388,30.81991958618164
10.0,75766.0,0.0203121155500412,-0.1733398288488388,30.917617797851562
10.0,75772.0,0.017371663823723793,-0.17180585861206055,30.839502334594727
10.0,75777.0,0.014891170896589756,-0.1702718734741211,30.516281127929688
10.0,75783.0,0.011901437304913998,-0.1702718734741211,30.853574752807617
10.0,75789.0,0.008919917978346348,-0.16873788833618164,30.77692985534668
10.0,75794.0,0.0059219710528850555,-0.1672039031982422,30.703392028808594
10.0,75800.0,0.0034332647919654846,-0.16566993296146393,30.377605438232422
10.0,75805.0,0.0009363449644297361,-0.16566993296146393,30.711881637573242
10.0,75811.0,-0.002057494828477502,-0.16413594782352448,30.616836547851562
10.0,75815.0,-0.0040533882565796375,-0.16260196268558502,30.27273178100586
10.0,75821.0,-0.00703080091625452,-0.16260196268558502,30.618209838867188
10.0,75827.0,-0.009967145510017872,-0.16106799244880676,30.5301456451416
10.0,75833.0,-0.012887063436210155,-0.16106799244880676,30.616214752197266
10.0,75839.0,-0.015770019963383675,-0.1595340073108673,30.522037506103516
10.0,75845.0,-0.018624229356646538,-0.1595340073108673,30.586355209350586
10.0,75849.0,-0.02050924114882946,-0.15800002217292786,30.472410202026367
10.0,75853.0,-0.02238192968070507,-0.15800002217292786,30.519241333007812
10.0,75859.0,-0.025154003873467445,-0.15800002217292786,30.587797164916992
10.0,75865.0,-0.02835318259894848,-0.15800002217292786,30.653287887573242
10.0,75870.0,-0.030184805393218994,-0.15800002217292786,30.698869705200195
10.0,75874.0,-0.032012321054935455,-0.15800002217292786,30.993741989135742
10.0,75881.0,-0.03522792458534241,-0.1564660519361496,30.66223907470703
10.0,75888.0,-0.038431212306022644,-0.1564660519361496,30.731809616088867
10.0,75891.0,-0.039811089634895325,-0.1564660519361496,30.781593322753906
10.0,75895.0,-0.0421149879693985,-0.15493206679821014,30.653499603271484
10.0,75899.0,-0.04350307956337929,-0.15493206679821014,30.705677032470703
10.0,75903.0,-0.04535934329032898,-0.15493206679821014,30.744779586791992
10.0,75907.0,-0.047219712287187576,-0.15493206679821014,30.81084632873535
10.0,75911.0,-0.04908419027924538,-0.1533980816602707,30.68807029724121
10.0,75916.0,-0.05142915993928909,-0.1533980816602707,30.743772506713867
10.0,75920.0,-0.05331416800618172,-0.15186409652233124,30.636621475219727
10.0,75926.0,-0.05613962933421135,-0.15186409652233124,30.722070693969727
10.0,75931.0,-0.05848870798945427,-0.15186409652233124,30.36532974243164
10.0,75935.0,-0.06037371605634689,-0.15033012628555298,30.67223358154297
10.0,75939.0,-0.0622464083135128,-0.15033012628555298,30.728099822998047
10.0,75943.0,-0.06412731111049652,-0.14879614114761353,30.594125747680664
10.0,75947.0,-0.06600410491228104,-0.14879614114761353,30.649141311645508
10.0,75950.0,-0.06787679344415665,-0.14879614114761353,30.706241607666016
10.0,75954.0,-0.06929363310337067,-0.14726215600967407,30.58782386779785
10.0,75958.0,-0.07163449376821518,-0.14726215600967407,30.642093658447266
10.0,75962.0,-0.07303079962730408,-0.1457281857728958,30.51910400390625
10.0,75966.0,-0.07489938288927078,-0.1457281857728958,30.562604904174805
10.0,75970.0,-0.07674743235111237,-0.14419420063495636,30.45110511779785
10.0,75973.0,-0.07860780507326126,-0.14419420063495636,30.493789672851562
10.0,75979.0,-0.08090349286794662,-0.1426602154970169,30.12946891784668
10.0,75982.0,-0.08273511379957199,-0.1426602154970169,30.431873321533203
10.0,75986.0,-0.08409856259822845,-0.1426602154970169,30.468055725097656
10.0,75991.0,-0.08633675426244736,-0.1426602154970169,30.11189842224121
10.0,75994.0,-0.08813142031431198,-0.14112623035907745,30.39620018005371
10.0,75999.0,-0.08988501131534576,-0.14112623035907745,30.435691833496094
10.0,76003.0,-0.09250513464212418,-0.14112623035907745,30.50970458984375
10.0,76015.0,-0.09723203629255295,-0.1395922601222992,30.4321346282959
10.0,76019.0,-0.09850513190031052,-0.1395922601222992,30.46870994567871
10.0,76032.0,-0.10397946834564209,-0.1395922601222992,30.592876434326172
10.0,76036.0,-0.1056632474064827,-0.13805827498435974,30.4434757232666
10.0,76040.0,-0.1073388084769249,-0.13805827498435974,30.244428634643555
10.0,76044.0,-0.10903079807758331,-0.13805827498435974,30.525482177734375
10.0,76048.0,-0.11072279512882233,-0.13805827498435974,30.577529907226562
10.0,76052.0,-0.11283367872238159,-0.13805827498435974,30.62270164489746
10.0,76056.0,-0.11453798413276672,-0.1365242898464203,30.490489959716797
10.0,76060.0,-0.11623408645391464,-0.1365242898464203,30.535621643066406
10.0,76064.0,-0.11751129478216171,-0.1365242898464203,30.582429885864258
10.0,76070.0,-0.12006571143865585,-0.13499031960964203,30.47523307800293
10.0,76074.0,-0.1217823401093483,-0.13499031960964203,30.513586044311523
10.0,76078.0,-0.12348254770040512,-0.13345633447170258,30.381589889526367
10.0,76084.0,-0.12603695690631866,-0.13345633447170258,30.455333709716797
10.0,76088.0,-0.1277371644973755,-0.13345633447170258,30.50322723388672
10.0,76091.0,-0.1294209510087967,-0.13192234933376312,30.372112274169922
10.0,76097.0,-0.13153183460235596,-0.13192234933376312,30.44157600402832
10.0,76102.0,-0.1336098611354828,-0.13192234933376312,30.49936866760254
10.0,76105.0,-0.13527309894561768,-0.13038836419582367,30.35358428955078
10.0,76110.0,-0.13691170513629913,-0.13038836419582367,30.40582847595215
10.0,76116.0,-0.13934291899204254,-0.13038836419582367,30.466190338134766
10.0,76122.0,-0.1417289525270462,-0.1288543939590454,30.334096908569336
10.0,76129.0,-0.14448459446430206,-0.1288543939590454,30.646240234375
10.0,76135.0,-0.14680492877960205,-0.12732040882110596,30.26934814453125
10.0,76140.0,-0.1487227976322174,-0.12732040882110596,30.318918228149414
10.0,76145.0,-0.15062834322452545,-0.12732040882110596,30.359477996826172
10.0,76151.0,-0.1528993844985962,-0.12732040882110596,30.409465789794922
10.0,76156.0,-0.15478849411010742,-0.1257864236831665,30.264690399169922
10.0,76161.0,-0.15703080594539642,-0.1257864236831665,30.31389617919922
10.0,76167.0,-0.15891170501708984,-0.1257864236831665,30.36678695678711
10.0,76172.0,-0.16077618300914764,-0.1257864236831665,30.41023063659668
10.0,76177.0,-0.16300205886363983,-0.12425244599580765,30.274396896362305
10.0,76183.0,-0.1648377776145935,-0.12425244599580765,30.315536499023438
10.0,76189.0,-0.16701026260852814,-0.12425244599580765,30.36171531677246
10.0,76194.0,-0.16878028213977814,-0.12425244599580765,30.39666175842285
10.0,76200.0,-0.17090348899364471,-0.12425244599580765,30.44767189025879
10.0,76204.0,-0.17230801284313202,-0.12271846830844879,30.051456451416016
10.0,76209.0,-0.1740574985742569,-0.12425244599580765,30.50757598876953
10.0,76213.0,-0.1754537969827652,-0.12271846830844879,30.360937118530273
10.0,76217.0,-0.1768665313720703,-0.12271846830844879,30.403182983398438
10.0,76222.0,-0.1786201298236847,-0.12271846830844879,30.435327529907227
10.0,76226.0,-0.1800287514925003,-0.12118448317050934,30.300697326660156
10.0,76230.0,-0.1817823350429535,-0.12118448317050934,30.086589813232422
10.0,76235.0,-0.18317864835262299,-0.12118448317050934,30.37093734741211
10.0,76239.0,-0.18456673622131348,-0.12118448317050934,29.985673904418945
10.0,76244.0,-0.18629568815231323,-0.11965050548315048,30.02926254272461
10.0,76249.0,-0.18801642954349518,-0.11965050548315048,30.313386917114258
10.0,76253.0,-0.18938809633255005,-0.11965050548315048,30.346569061279297
10.0,76256.0,-0.19075565040111542,-0.11811652034521103,30.20530128479004
10.0,76262.0,-0.1927761733531952,-0.11811652034521103,30.252391815185547
10.0,76267.0,-0.19411088526248932,-0.11811652034521103,29.864009857177734
10.0,76271.0,-0.19541683793067932,-0.11811652034521103,30.319345474243164
10.0,76277.0,-0.19767145812511444,-0.11658254265785217,30.18229103088379
10.0,76284.0,-0.19954825937747955,-0.11658254265785217,30.217069625854492
10.0,76289.0,-0.2010882943868637,-0.11658254265785217,30.244192123413086
10.0,76293.0,-0.20230801403522491,-0.11658254265785217,30.273820877075195
10.0,76297.0,-0.20383572578430176,-0.11504856497049332,30.118886947631836
10.0,76301.0,-0.20474332571029663,-0.11658254265785217,30.320621490478516
10.0,76308.0,-0.20683778822422028,-0.11504856497049332,30.174816131591797
10.0,76312.0,-0.20801642537117004,-0.11504856497049332,30.20238494873047
10.0,76316.0,-0.209195077419281,-0.11504856497049332,30.224096298217773
10.0,76321.0,-0.21064886450767517,-0.11504856497049332,30.245990753173828
10.0,76325.0,-0.21181519329547882,-0.11504856497049332,30.268680572509766
10.0,76329.0,-0.21295687556266785,-0.11504856497049332,30.29549789428711
10.0,76333.0,-0.214119091629982,-0.11351457983255386,30.145648956298828
10.0,76338.0,-0.21556879580020905,-0.11351457983255386,30.168169021606445
10.0,76342.0,-0.21671457588672638,-0.11351457983255386,30.20035743713379
10.0,76348.0,-0.2184106707572937,-0.11351457983255386,30.228029251098633
10.0,76352.0,-0.2195400446653366,-0.11198060214519501,29.827266693115234
10.0,76356.0,-0.22068582475185394,-0.11198060214519501,30.107925415039062
10.0,76361.0,-0.22206981480121613,-0.11198060214519501,30.132823944091797
10.0,76365.0,-0.22317864000797272,-0.11198060214519501,30.156160354614258
10.0,76370.0,-0.22452156245708466,-0.11044661700725555,30.00388526916504
10.0,76374.0,-0.22560985386371613,-0.11044661700725555,30.03372573852539
10.0,76379.0,-0.22693224251270294,-0.11044661700725555,30.053794860839844
10.0,76383.0,-0.22798357903957367,-0.11044661700725555,30.074316024780273
10.0,76388.0,-0.22951540350914001,-0.1089126393198967,29.672855377197266
10.0,76393.0,-0.2305297702550888,-0.1089126393198967,29.94109344482422
10.0,76397.0,-0.23177412152290344,-0.1089126393198967,29.96198081970215
10.0,76402.0,-0.232755646109581,-0.1089126393198967,29.97780990600586
10.0,76406.0,-0.23370841145515442,-0.1089126393198967,29.989885330200195
10.0,76411.0,-0.23487474024295807,-0.1089126393198967,30.00737190246582
10.0,76415.0,-0.23579055070877075,-0.1089126393198967,30.017606735229492
10.0,76419.0,-0.23670226335525513,-0.1089126393198967,30.02995491027832
10.0,76423.0,-0.2376139611005783,-0.1089126393198967,30.0449275970459
10.0,76428.0,-0.2387392222881317,-0.1089126393198967,30.055667877197266
10.0,76432.0,-0.23963038623332977,-0.1089126393198967,30.07059097290039
10.0,76436.0,-0.2405051290988922,-0.1089126393198967,30.082809448242188
10.0,76440.0,-0.24137577414512634,-0.10737866163253784,29.917680740356445
10.0,76446.0,-0.24268172681331635,-0.10737866163253784,29.93910026550293
10.0,76451.0,-0.2437535971403122,-0.10737866163253784,29.950782775878906
10.0,76455.0,-0.2445954829454422,-0.10737866163253784,29.963544845581055
10.0,76459.0,-0.24540451169013977,-0.10737866163253784,29.974973678588867
10.0,76465.0,-0.24661602079868317,-0.10737866163253784,29.988563537597656
10.0,76471.0,-0.24781519174575806,-0.10737866163253784,30.004093170166016
10.0,76477.0,-0.24900205433368683,-0.10584467649459839,29.84760093688965
10.0,76483.0,-0.2501601576805115,-0.10584467649459839,29.856813430786133
10.0,76489.0,-0.25125256180763245,-0.10584467649459839,29.864856719970703
10.0,76494.0,-0.2521273195743561,-0.10584467649459839,29.870309829711914
10.0,76499.0,-0.2531540095806122,-0.10584467649459839,29.874427795410156
10.0,76503.0,-0.25365912914276123,-0.10584467649459839,29.878488540649414
10.0,76507.0,-0.25434085726737976,-0.10584467649459839,29.883588790893555
10.0,76514.0,-0.2555030882358551,-0.10584467649459839,29.893680572509766
10.0,76521.0,-0.2566201090812683,-0.10584467649459839,29.89845085144043
10.0,76526.0,-0.2575523555278778,-0.10584467649459839,29.90237808227539
10.0,76532.0,-0.2584804892539978,-0.10584467649459839,29.911108016967773
10.0,76538.0,-0.2594045102596283,-0.10584467649459839,29.921112060546875
10.0,76544.0,-0.26018890738487244,-0.10584467649459839,29.9345645904541
10.0,76550.0,-0.2611047327518463,-0.10584467649459839,29.949756622314453
10.0,76556.0,-0.2620164155960083,-0.10431069880723953,29.532865524291992
10.0,76564.0,-0.263154000043869,-0.10431069880723953,29.7927188873291
10.0,76569.0,-0.26382750272750854,-0.10431069880723953,29.799211502075195
10.0,76574.0,-0.2646283507347107,-0.10431069880723953,29.804546356201172
10.0,76581.0,-0.26541683077812195,-0.10431069880723953,29.81290054321289
10.0,76585.0,-0.2659342885017395,-0.10431069880723953,29.819190979003906
10.0,76589.0,-0.2665749490261078,-0.10277671366930008,29.648649215698242
10.0,76594.0,-0.2670636475086212,-0.10277671366930008,29.651121139526367
10.0,76598.0,-0.26763859391212463,-0.10277671366930008,29.65044403076172
10.0,76603.0,-0.2680739164352417,-0.10277671366930008,29.647289276123047
10.0,76607.0,-0.26857906579971313,-0.10277671366930008,29.642803192138672
10.0,76611.0,-0.26896920800209045,-0.10277671366930008,29.638755798339844
10.0,76615.0,-0.26933470368385315,-0.10277671366930008,29.630924224853516
10.0,76620.0,-0.26969608664512634,-0.10277671366930008,29.625574111938477
10.0,76624.0,-0.2701314091682434,-0.10277671366930008,29.617673873901367
10.0,76629.0,-0.27048459649086,-0.10277671366930008,29.615074157714844
10.0,76635.0,-0.2709897458553314,-0.10277671366930008,29.606142044067383
10.0,76640.0,-0.27139630913734436,-0.10277671366930008,29.601343154907227
10.0,76644.0,-0.2717125117778778,-0.10277671366930008,29.597496032714844
10.0,76648.0,-0.2720164358615875,-0.10277671366930008,29.59321403503418
10.0,76652.0,-0.27230390906333923,-0.10277671366930008,29.584739685058594
10.0,76659.0,-0.27277618646621704,-0.10277671366930008,29.574729919433594
10.0,76664.0,-0.27313756942749023,-0.10277671366930008,29.561016082763672
10.0,76670.0,-0.2734045088291168,-0.10431069880723953,29.72342300415039
10.0,76676.0,-0.27372074127197266,-0.10431069880723953,29.712900161743164
10.0,76680.0,-0.2739425003528595,-0.10431069880723953,29.70613670349121
10.0,76684.0,-0.2741601765155792,-0.10431069880723953,29.703134536743164
10.0,76688.0,-0.2745010256767273,-0.10431069880723953,29.700803756713867
10.0,76694.0,-0.27473101019859314,-0.10277671366930008,29.52263069152832
10.0,76698.0,-0.27501848340034485,-0.10277671366930008,29.52378273010254
10.0,76702.0,-0.2752402424812317,-0.10277671366930008,29.52464485168457
10.0,76707.0,-0.2754579186439514,-0.10277671366930008,29.526792526245117
10.0,76713.0,-0.27579465508461,-0.10124273598194122,29.352991104125977
10.0,76722.0,-0.2762505114078522,-0.10124273598194122,29.354812622070312
10.0,76726.0,-0.2764599621295929,-0.09970875084400177,28.924022674560547
10.0,76731.0,-0.27661192417144775,-0.09970875084400177,29.17041015625
10.0,76735.0,-0.2767392098903656,-0.09970875084400177,29.16155242919922
10.0,76740.0,-0.2768459916114807,-0.09970875084400177,29.147228240966797
10.0,76744.0,-0.2769075930118561,-0.09970875084400177,29.13212013244629
10.0,76750.0,-0.2769240140914917,-0.09970875084400177,29.10991859436035
10.0,76754.0,-0.2769240140914917,-0.09970875084400177,29.093238830566406
10.0,76760.0,-0.2769240140914917,-0.09970875084400177,29.07082748413086
10.0,76764.0,-0.2769240140914917,-0.09970875084400177,29.051368713378906
10.0,76769.0,-0.2769240140914917,-0.09970875084400177,29.03996467590332
10.0,76774.0,-0.2769240140914917,-0.09970875084400177,29.029735565185547
10.0,76778.0,-0.2769240140914917,-0.09970875084400177,29.0185604095459
10.0,76783.0,-0.2769240140914917,-0.09970875084400177,28.581680297851562
10.0,76788.0,-0.2769240140914917,-0.09817477315664291,28.824691772460938
10.0,76792.0,-0.2769158184528351,-0.09817477315664291,28.818111419677734
10.0,76795.0,-0.2769034802913666,-0.09817477315664291,28.81195640563965
10.0,76800.0,-0.27689528465270996,-0.09664079546928406,28.62864875793457
10.0,76804.0,-0.27689117193222046,-0.09664079546928406,28.624319076538086
10.0,76809.0,-0.27687063813209534,-0.09664079546928406,28.620532989501953
10.0,76813.0,-0.2768501043319702,-0.0951068103313446,28.439077377319336
10.0,76817.0,-0.2768254578113556,-0.0951068103313446,28.434080123901367
10.0,76821.0,-0.27678850293159485,-0.0951068103313446,28.43018913269043
10.0,76825.0,-0.2767474353313446,-0.09357283264398575,28.247215270996094
10.0,76829.0,-0.27669405937194824,-0.09357283264398575,28.24273681640625
10.0,76834.0,-0.27661192417144775,-0.0920388475060463,28.057170867919922
10.0,76838.0,-0.2765338718891144,-0.0920388475060463,28.04943084716797
10.0,76842.0,-0.27643531560897827,-0.0920388475060463,28.040082931518555
10.0,76846.0,-0.27632442116737366,-0.09050486981868744,27.850576400756836
10.0,76851.0,-0.27614784240722656,-0.09050486981868744,27.832935333251953
10.0,76855.0,-0.27597126364707947,-0.09050486981868744,27.388551712036133
10.0,76859.0,-0.275716632604599,-0.08897088468074799,27.617294311523438
10.0,76863.0,-0.27547845244407654,-0.08897088468074799,27.593822479248047
10.0,76868.0,-0.27521559596061707,-0.08897088468074799,27.561872482299805
10.0,76873.0,-0.27483779191970825,-0.08897088468074799,27.523216247558594
10.0,76878.0,-0.2744024693965912,-0.08897088468074799,27.48773765563965
10.0,76883.0,-0.27390143275260925,-0.08897088468074799,27.426528930664062
10.0,76888.0,-0.27332648634910583,-0.08897088468074799,27.379812240600586
10.0,76892.0,-0.27267351746559143,-0.09050486981868744,27.74199867248535
10.0,76897.0,-0.2720944583415985,-0.09050486981868744,27.41889762878418
10.0,76902.0,-0.27131417393684387,-0.09050486981868744,27.769821166992188
10.0,76908.0,-0.27031210064888,-0.0920388475060463,27.439281463623047
10.0,76912.0,-0.26961395144462585,-0.09357283264398575,27.536989212036133
10.0,76917.0,-0.268722802400589,-0.0951068103313446,27.651212692260742
10.0,76921.0,-0.2679835855960846,-0.09664079546928406,27.748720169067383
10.0,76929.0,-0.2664640545845032,-0.09817477315664291,27.798370361328125
10.0,76933.0,-0.26551130414009094,-0.09970875084400177,28.167314529418945
10.0,76939.0,-0.26457905769348145,-0.09970875084400177,27.836936950683594
10.0,76943.0,-0.2636837661266327,-0.10124273598194122,27.969301223754883
10.0,76949.0,-0.26282134652137756,-0.10124273598194122,27.91789436340332
10.0,76961.0,-0.26085421442985535,-0.10124273598194122,28.23417854309082
10.0,76965.0,-0.26021355390548706,-0.10277671366930008,27.957937240600586
10.0,76970.0,-0.2594373822212219,-0.10277671366930008,27.933082580566406
10.0,76973.0,-0.2588419020175934,-0.10124273598194122,27.485239028930664
10.0,76978.0,-0.2582710385322571,-0.10124273598194122,27.71933364868164
10.0,76982.0,-0.25768378376960754,-0.10124273598194122,27.69904899597168
10.0,76986.0,-0.2570964992046356,-0.10124273598194122,27.678085327148438
10.0,76990.0,-0.2565092444419861,-0.10124273598194122,27.65822982788086
10.0,76994.0,-0.2558932304382324,-0.09970875084400177,27.214384078979492
10.0,76998.0,-0.2551047205924988,-0.09970875084400177,27.434968948364258
10.0,77003.0,-0.25443121790885925,-0.09970875084400177,27.407325744628906
10.0,77007.0,-0.2537412643432617,-0.09970875084400177,27.37833595275879
10.0,77011.0,-0.25302669405937195,-0.09970875084400177,27.336843490600586
10.0,77016.0,-0.25210678577423096,-0.09970875084400177,27.296661376953125
10.0,77020.0,-0.25134292244911194,-0.09970875084400177,27.257570266723633
10.0,77024.0,-0.2505502998828888,-0.09970875084400177,27.218496322631836
10.0,77029.0,-0.24951951205730438,-0.09970875084400177,27.17438316345215
10.0,77033.0,-0.24865707755088806,-0.09970875084400177,27.117406845092773
10.0,77038.0,-0.24754004180431366,-0.09970875084400177,27.06663703918457
10.0,77042.0,-0.24661190807819366,-0.09970875084400177,27.000890731811523
10.0,77046.0,-0.24564681947231293,-0.10124273598194122,27.12066078186035
10.0,77051.0,-0.24438193440437317,-0.10124273598194122,27.05983543395996
10.0,77055.0,-0.24333880841732025,-0.10277671366930008,27.15884780883789
10.0,77059.0,-0.2419876754283905,-0.10277671366930008,27.09322166442871
10.0,77064.0,-0.24062423408031464,-0.10431069880723953,27.190065383911133
10.0,77069.0,-0.23951129615306854,-0.10584467649459839,27.28750991821289
10.0,77074.0,-0.23809035122394562,-0.10584467649459839,27.203046798706055
10.0,77079.0,-0.23663654923439026,-0.10737866163253784,27.312044143676758
10.0,77085.0,-0.23487885296344757,-0.1089126393198967,27.375099182128906
10.0,77089.0,-0.23339219391345978,-0.11044661700725555,27.73603630065918
10.0,77093.0,-0.2322053462266922,-0.11044661700725555,27.42423439025879
10.0,77098.0,-0.23103080689907074,-0.11198060214519501,27.54326820373535
10.0,77102.0,-0.2295811027288437,-0.11198060214519501,27.47503662109375
10.0,77107.0,-0.22843942046165466,-0.11198060214519501,27.40941047668457
10.0,77112.0,-0.22701026499271393,-0.11351457983255386,27.526046752929688
10.0,77116.0,-0.22588911652565002,-0.11351457983255386,27.48172378540039
10.0,77121.0,-0.22449691593647003,-0.11351457983255386,27.43905258178711
10.0,77125.0,-0.22340862452983856,-0.11351457983255386,27.81875228881836
10.0,77129.0,-0.22230800986289978,-0.11351457983255386,27.348814010620117
10.0,77133.0,-0.2212114930152893,-0.11504856497049332,27.491369247436523
10.0,77138.0,-0.21983984112739563,-0.11504856497049332,27.45248794555664
10.0,77142.0,-0.21873922646045685,-0.11504856497049332,27.407480239868164
10.0,77146.0,-0.21765092015266418,-0.11504856497049332,27.372882843017578
10.0,77152.0,-0.21600821614265442,-0.11504856497049332,27.319385528564453
10.0,77156.0,-0.21490348875522614,-0.11504856497049332,27.28416633605957
10.0,77161.0,-0.21351951360702515,-0.11504856497049332,27.240646362304688
10.0,77165.0,-0.21241067349910736,-0.11351457983255386,27.026933670043945
10.0,77169.0,-0.21128542721271515,-0.11351457983255386,26.988117218017578
10.0,77173.0,-0.2101231962442398,-0.11351457983255386,26.944820404052734
10.0,77178.0,-0.2086242288351059,-0.11351457983255386,26.89775276184082
10.0,77182.0,-0.20739220082759857,-0.11504856497049332,27.013038635253906
10.0,77188.0,-0.20547433197498322,-0.11504856497049332,26.942527770996094
10.0,77193.0,-0.20382340252399445,-0.11504856497049332,26.85097885131836
10.0,77198.0,-0.2021149843931198,-0.11658254265785217,26.965402603149414
10.0,77203.0,-0.20037782192230225,-0.11658254265785217,26.884292602539062
10.0,77208.0,-0.19858726859092712,-0.11811652034521103,26.97427749633789
10.0,77212.0,-0.19714990258216858,-0.11811652034521103,27.31744956970215
10.0,77217.0,-0.19495277106761932,-0.11965050548315048,26.980144500732422
10.0,77222.0,-0.19346611201763153,-0.12118448317050934,27.06692886352539
10.0,77226.0,-0.1915728896856308,-0.12271846830844879,27.420991897583008
10.0,77231.0,-0.19005338847637177,-0.12271846830844879,27.100921630859375
10.0,77235.0,-0.1885133534669876,-0.12425244599580765,27.184879302978516
10.0,77240.0,-0.18657495081424713,-0.1257864236831665,27.27408218383789
10.0,77244.0,-0.18502669036388397,-0.1257864236831665,27.62995719909668
10.0,77248.0,-0.1830965131521225,-0.12732040882110596,27.31470489501953
10.0,77253.0,-0.18156057596206665,-0.1288543939590454,27.411176681518555
10.0,77259.0,-0.17929774522781372,-0.1288543939590454,27.752952575683594
10.0,77263.0,-0.17781519889831543,-0.13038836419582367,27.448522567749023
10.0,77269.0,-0.1756386011838913,-0.13038836419582367,27.389978408813477
10.0,77273.0,-0.17420944571495056,-0.13038836419582367,27.344209671020508
10.0,77278.0,-0.17244353890419006,-0.13038836419582367,27.291522979736328
10.0,77282.0,-0.17103490233421326,-0.13192234933376312,27.42778968811035
10.0,77286.0,-0.16927720606327057,-0.13192234933376312,27.37757110595703
10.0,77291.0,-0.16789323091506958,-0.13192234933376312,27.33199119567871
10.0,77295.0,-0.16617658734321594,-0.13192234933376312,27.297622680664062
10.0,77300.0,-0.16481314599514008,-0.13038836419582367,27.08580780029297
10.0,77304.0,-0.1634455919265747,-0.13038836419582367,27.050724029541016
10.0,77308.0,-0.16174127161502838,-0.13038836419582367,27.009723663330078
10.0,77313.0,-0.1603490710258484,-0.13038836419582367,26.970722198486328
10.0,77318.0,-0.1585790514945984,-0.13038836419582367,26.91861343383789
10.0,77322.0,-0.15713757276535034,-0.13038836419582367,26.874265670776367
10.0,77326.0,-0.15566734969615936,-0.13038836419582367,26.81353187561035
10.0,77331.0,-0.15379054844379425,-0.13038836419582367,26.74593162536621
10.0,77335.0,-0.15224230289459229,-0.13038836419582367,26.686656951904297
10.0,77339.0,-0.1506694108247757,-0.13192234933376312,27.050762176513672
10.0,77344.0,-0.14863654971122742,-0.13192234933376312,26.71670150756836
10.0,77349.0,-0.1465708464384079,-0.13192234933376312,26.647640228271484
10.0,77354.0,-0.14445996284484863,-0.13345633447170258,26.73436737060547
10.0,77359.0,-0.14232033491134644,-0.13499031960964203,26.799043655395508
10.0,77363.0,-0.14057494699954987,-0.1365242898464203,26.899330139160156
10.0,77368.0,-0.1383696049451828,-0.1365242898464203,26.8206844329834
10.0,77372.0,-0.13657084107398987,-0.13805827498435974,26.91595458984375
10.0,77376.0,-0.13475975394248962,-0.1395922601222992,26.992671966552734
10.0,77382.0,-0.1320328563451767,-0.14112623035907745,27.049039840698242
10.0,77388.0,-0.1293223798274994,-0.1426602154970169,27.133394241333008
10.0,77393.0,-0.12707597017288208,-0.14419420063495636,27.21912956237793
10.0,77399.0,-0.12441478669643402,-0.1457281857728958,27.294368743896484
10.0,77405.0,-0.12135523557662964,-0.14726215600967407,27.6124324798584
10.0,77410.0,-0.11962628364562988,-0.14726215600967407,27.288087844848633
10.0,77414.0,-0.11791376024484634,-0.14726215600967407,27.661283493041992
10.0,77419.0,-0.11581108719110489,-0.14879614114761353,27.35993003845215
10.0,77423.0,-0.11413552612066269,-0.14879614114761353,27.299945831298828
10.0,77428.0,-0.11208624392747879,-0.14879614114761353,27.255395889282227
10.0,77432.0,-0.11005749553442001,-0.14879614114761353,26.95301055908203
10.0,77437.0,-0.10806981474161148,-0.15033012628555298,27.33500099182129
10.0,77442.0,-0.10649280995130539,-0.14879614114761353,27.111839294433594
10.0,77449.0,-0.10375770181417465,-0.14879614114761353,27.058616638183594
10.0,77456.0,-0.1010061576962471,-0.14879614114761353,26.985511779785156
10.0,77463.0,-0.09822586923837662,-0.14879614114761353,26.925792694091797
10.0,77468.0,-0.09621354937553406,-0.14879614114761353,26.861968994140625
10.0,77476.0,-0.09294455498456955,-0.14879614114761353,26.767013549804688
10.0,77481.0,-0.0908500999212265,-0.14879614114761353,26.714736938476562
10.0,77485.0,-0.08914168179035187,-0.14879614114761353,26.64276123046875
10.0,77490.0,-0.08695277571678162,-0.15033012628555298,26.75668716430664
10.0,77494.0,-0.0851663276553154,-0.15033012628555298,26.690895080566406
10.0,77498.0,-0.08335112780332565,-0.15186409652233124,26.78026008605957
10.0,77503.0,-0.08104722946882248,-0.15186409652233124,26.70895767211914
10.0,77507.0,-0.07919096201658249,-0.1533980816602707,26.796024322509766
10.0,77511.0,-0.07731827348470688,-0.1533980816602707,26.719820022583008
10.0,77516.0,-0.07494866847991943,-0.15493206679821014,26.821067810058594
10.0,77521.0,-0.07255441695451736,-0.1564660519361496,26.90239906311035
10.0,77525.0,-0.0706324428319931,-0.15800002217292786,27.002412796020508
10.0,77529.0,-0.06869815289974213,-0.15800002217292786,26.924551010131836
10.0,77533.0,-0.06677207350730896,-0.1595340073108673,27.02593421936035
10.0,77537.0,-0.06437371671199799,-0.16106799244880676,27.11262321472168
10.0,77542.0,-0.06247638538479805,-0.16106799244880676,27.454862594604492
10.0,77546.0,-0.060591377317905426,-0.16260196268558502,27.138219833374023
10.0,77551.0,-0.05825462192296982,-0.16413594782352448,27.254119873046875
10.0,77555.0,-0.05640246346592903,-0.16413594782352448,27.192569732666016
10.0,77559.0,-0.054570842534303665,-0.16566993296146393,27.301136016845703
10.0,77564.0,-0.05230390280485153,-0.16566993296146393,27.233318328857422
10.0,77569.0,-0.05005749315023422,-0.16566993296146393,27.180208206176758
10.0,77573.0,-0.048279259353876114,-0.1672039031982422,27.29649543762207
10.0,77579.0,-0.04562217742204666,-0.1672039031982422,27.235977172851562
10.0,77583.0,-0.043880902230739594,-0.1672039031982422,27.180574417114258
10.0,77588.0,-0.04171663150191307,-0.1672039031982422,27.127212524414062
10.0,77592.0,-0.03999589383602142,-0.1672039031982422,27.086061477661133
10.0,77596.0,-0.03827926144003868,-0.1672039031982422,27.0438175201416
10.0,77600.0,-0.03656262904405594,-0.1672039031982422,26.999916076660156
10.0,77604.0,-0.034398358315229416,-0.1672039031982422,26.954057693481445
10.0,77609.0,-0.03266119211912155,-0.16873788833618164,27.086265563964844
10.0,77613.0,-0.03091581165790558,-0.16873788833618164,27.03836441040039
10.0,77618.0,-0.02871868573129177,-0.16873788833618164,26.977245330810547
10.0,77622.0,-0.02696509286761284,-0.16873788833618164,26.918020248413086
10.0,77626.0,-0.025207392871379852,-0.16873788833618164,26.86753273010254
10.0,77631.0,-0.022993840277194977,-0.16873788833618164,26.56585121154785
10.0,77635.0,-0.021211499348282814,-0.1702718734741211,26.926420211791992
10.0,77639.0,-0.018965091556310654,-0.1702718734741211,26.87076187133789
10.0,77643.0,-0.017149897292256355,-0.1702718734741211,26.813762664794922
10.0,77648.0,-0.015322381630539894,-0.1702718734741211,27.16586685180664
10.0,77652.0,-0.013470225967466831,-0.17180585861206055,26.85327911376953
10.0,77656.0,-0.011613963171839714,-0.1733398288488388,27.217254638671875
10.0,77662.0,-0.00879671424627304,-0.1733398288488388,26.869413375854492
10.0,77666.0,-0.006907597649842501,-0.17487381398677826,26.981670379638672
10.0,77671.0,-0.004529774188995361,-0.17487381398677826,26.9123592376709
10.0,77675.0,-0.002624229993671179,-0.1764077991247177,27.023983001708984
10.0,77680.0,-0.00024229979317169636,-0.17794176936149597,27.11855697631836
10.0,77684.0,0.0016673511127009988,-0.17794176936149597,27.05171012878418
10.0,77688.0,0.003560574958100915,-0.17947575449943542,27.1505126953125
10.0,77701.0,0.009589322842657566,-0.18100973963737488,27.144643783569336
10.0,77706.0,0.011872690171003342,-0.18254372477531433,27.2562255859375
10.0,77710.0,0.014135523699223995,-0.18254372477531433,27.204097747802734
10.0,77714.0,0.015482545830309391,-0.18254372477531433,27.156414031982422
10.0,77719.0,0.0177043117582798,-0.18254372477531433,27.10857391357422
10.0,77723.0,0.01946611888706684,-0.1840776950120926,27.22881507873535
10.0,77727.0,0.021642711013555527,-0.1840776950120926,27.189176559448242
10.0,77732.0,0.02335934340953827,-0.1840776950120926,27.149728775024414
10.0,77736.0,0.025059549137949944,-0.1840776950120926,27.10124969482422
10.0,77741.0,0.027178645133972168,-0.1840776950120926,27.06407928466797
10.0,77745.0,0.028870636597275734,-0.1840776950120926,27.015779495239258
10.0,77749.0,0.03098973259329796,-0.1840776950120926,26.975120544433594
10.0,77754.0,0.03269815072417259,-0.1840776950120926,26.93222427368164
10.0,77758.0,0.034414783120155334,-0.1840776950120926,26.877323150634766
10.0,77763.0,0.03657494857907295,-0.18561168015003204,27.00862693786621
10.0,77767.0,0.038328543305397034,-0.18561168015003204,26.947036743164062
10.0,77771.0,0.0400657095015049,-0.18561168015003204,26.899471282958984
10.0,77775.0,0.04225461930036545,-0.18561168015003204,26.84850311279297
10.0,77780.0,0.04401642829179764,-0.18561168015003204,26.79702377319336
10.0,77783.0,0.045347023755311966,-0.1871456652879715,26.919384002685547
10.0,77789.0,0.04803696274757385,-0.1871456652879715,26.849130630493164
10.0,77793.0,0.04983983561396599,-0.18867963552474976,26.967926025390625
10.0,77799.0,0.05254209414124489,-0.18867963552474976,26.88285255432129
10.0,77804.0,0.05480903387069702,-0.1902136206626892,26.987133026123047
10.0,77809.0,0.05708008259534836,-0.1902136206626892,26.912960052490234
10.0,77813.0,0.058895278722047806,-0.19174760580062866,27.030189514160156
10.0,77818.0,0.061149898916482925,-0.19328159093856812,27.388338088989258
10.0,77822.0,0.06295277178287506,-0.19328159093856812,27.066274642944336
10.0,77826.0,0.06475154310464859,-0.19481556117534637,27.188886642456055
10.0,77831.0,0.06698151677846909,-0.19481556117534637,27.134342193603516
10.0,77835.0,0.06875154376029968,-0.19634954631328583,27.497648239135742
10.0,77840.0,0.07094866782426834,-0.19634954631328583,27.19678497314453
10.0,77844.0,0.072681725025177,-0.19634954631328583,27.138416290283203
10.0,77849.0,0.0748254656791687,-0.19788353145122528,27.272300720214844
10.0,77855.0,0.07736755907535553,-0.19788353145122528,27.207443237304688
10.0,77859.0,0.07945790886878967,-0.19788353145122528,27.155792236328125
10.0,77864.0,0.08111293613910675,-0.19788353145122528,27.106975555419922
10.0,77869.0,0.08318685740232468,-0.19941750168800354,27.24410057067871
10.0,77873.0,0.08483777940273285,-0.19941750168800354,27.194822311401367
10.0,77877.0,0.08689116686582565,-0.19941750168800354,27.154983520507812
10.0,77883.0,0.08892813324928284,-0.19941750168800354,27.10833740234375
10.0,77887.0,0.09095276892185211,-0.19941750168800354,27.059907913208008
10.0,77892.0,0.09257905185222626,-0.200951486825943,27.188138961791992
10.0,77896.0,0.094205342233181,-0.200951486825943,27.147686004638672
10.0,77902.0,0.09663654863834381,-0.200951486825943,27.088489532470703
10.0,77907.0,0.09866119176149368,-0.200951486825943,27.03719711303711
10.0,77911.0,0.10029157996177673,-0.200951486825943,26.992639541625977
10.0,77915.0,0.10193018615245819,-0.20248547196388245,27.125856399536133
10.0,77920.0,0.103983573615551,-0.20248547196388245,27.065750122070312
10.0,77924.0,0.10563449561595917,-0.20248547196388245,27.01835823059082
10.0,77929.0,0.10768788307905197,-0.2040194571018219,27.151161193847656
10.0,77933.0,0.10933059453964233,-0.2040194571018219,27.09237289428711
10.0,77937.0,0.11138398200273514,-0.20555342733860016,27.222900390625
10.0,77942.0,0.11301026493310928,-0.20555342733860016,27.179079055786133
10.0,77945.0,0.11422587186098099,-0.20555342733860016,27.13289451599121
10.0,77949.0,0.11625872552394867,-0.2070874124765396,27.252880096435547
10.0,77955.0,0.11827515065670013,-0.2070874124765396,27.199386596679688
10.0,77959.0,0.11988089978694916,-0.20862139761447906,27.331405639648438
10.0,77963.0,0.12147843837738037,-0.20862139761447906,27.29985237121582
10.0,77967.0,0.12344148010015488,-0.20862139761447906,27.250085830688477
10.0,77971.0,0.12500205636024475,-0.21015536785125732,27.6394100189209
10.0,77975.0,0.1261560618877411,-0.21015536785125732,27.353927612304688
10.0,77979.0,0.12768788635730743,-0.21015536785125732,27.31691551208496
10.0,77983.0,0.12920738756656647,-0.21015536785125732,27.291135787963867
10.0,77987.0,0.13107597827911377,-0.21015536785125732,27.250497817993164
10.0,77991.0,0.13257905840873718,-0.21015536785125732,27.21444320678711
10.0,77995.0,0.13407392799854279,-0.21015536785125732,27.181316375732422
10.0,77999.0,0.1355646848678589,-0.21168935298919678,27.323488235473633
10.0,78003.0,0.1370677649974823,-0.21168935298919678,27.28522300720215
10.0,78009.0,0.1389240175485611,-0.21168935298919678,27.242351531982422
10.0,78015.0,0.14150719344615936,-0.21322333812713623,27.3591251373291
10.0,78020.0,0.14296920597553253,-0.21322333812713623,27.325504302978516
10.0,78032.0,0.14727720618247986,-0.21322333812713623,27.22113037109375
10.0,78037.0,0.14942504465579987,-0.21475732326507568,27.35690689086914
10.0,78042.0,0.1508459895849228,-0.21475732326507568,27.324748992919922
10.0,78045.0,0.15190143883228302,-0.21475732326507568,27.292692184448242
10.0,78049.0,0.15330594778060913,-0.21475732326507568,27.2618350982666
10.0,78053.0,0.15470226109027863,-0.21475732326507568,27.22991180419922
10.0,78059.0,0.15679261088371277,-0.21475732326507568,27.19029998779297
10.0,78064.0,0.15852977335453033,-0.21629129350185394,27.31776237487793
10.0,78068.0,0.1602669358253479,-0.21629129350185394,27.284934997558594
10.0,78073.0,0.16164271533489227,-0.21629129350185394,27.25224494934082
10.0,78078.0,0.16369609534740448,-0.21629129350185394,27.203227996826172
10.0,78083.0,0.16506364941596985,-0.2178252786397934,27.34777069091797
10.0,78087.0,0.16644763946533203,-0.2178252786397934,27.310474395751953
10.0,78091.0,0.1678234040737152,-0.2178252786397934,27.276222229003906
10.0,78095.0,0.16919095814228058,-0.21935926377773285,27.409948348999023
10.0,78099.0,0.17055852711200714,-0.21935926377773285,27.37369728088379
10.0,78103.0,0.171921968460083,-0.21935926377773285,27.346519470214844
10.0,78109.0,0.17394661903381348,-0.2208932340145111,27.4727725982666
10.0,78113.0,0.1752772033214569,-0.2208932340145111,27.44042205810547
10.0,78117.0,0.17660780251026154,-0.2208932340145111,27.39932632446289
10.0,78121.0,0.17791786789894104,-0.2208932340145111,27.796213150024414
10.0,78125.0,0.17921970784664154,-0.22242721915245056,27.515230178833008
10.0,78130.0,0.1811375766992569,-0.22242721915245056,27.48111915588379
10.0,78135.0,0.18239836394786835,-0.22242721915245056,27.453472137451172
10.0,78139.0,0.1836509257555008,-0.22242721915245056,27.420108795166016
10.0,78143.0,0.18489116430282593,-0.22396120429039001,27.5792293548584
10.0,78149.0,0.1867268979549408,-0.22396120429039001,27.542024612426758
10.0,78153.0,0.18824639916419983,-0.22396120429039001,27.510990142822266
10.0,78159.0,0.18972894549369812,-0.22396120429039001,27.47794532775879
10.0,78164.0,0.1914825439453125,-0.22396120429039001,27.453001022338867
10.0,78169.0,0.19263243675231934,-0.22396120429039001,27.43283462524414
10.0,78173.0,0.19379055500030518,-0.22549518942832947,27.83237648010254
10.0,78181.0,0.1960574984550476,-0.22549518942832947,27.54434585571289
10.0,78188.0,0.19798767566680908,-0.22549518942832947,27.513490676879883
10.0,78194.0,0.19964681565761566,-0.22549518942832947,27.487632751464844
10.0,78201.0,0.20156057178974152,-0.22549518942832947,27.452089309692383
10.0,78204.0,0.2023819237947464,-0.22549518942832947,27.431377410888672
10.0,78210.0,0.20401231944561005,-0.22549518942832947,27.403085708618164
10.0,78216.0,0.20566734671592712,-0.22702915966510773,27.537817001342773
10.0,78224.0,0.20783573389053345,-0.22702915966510773,27.488855361938477
10.0,78230.0,0.20942915976047516,-0.22702915966510773,27.462759017944336
10.0,78235.0,0.21075975894927979,-0.22856314480304718,27.601768493652344
10.0,78243.0,0.21285010874271393,-0.22856314480304718,27.566146850585938
10.0,78246.0,0.21362628042697906,-0.22856314480304718,27.542421340942383
10.0,78251.0,0.21490760147571564,-0.22856314480304718,27.52206039428711
10.0,78254.0,0.21592196822166443,-0.23009712994098663,27.676538467407227
10.0,78258.0,0.21694865822792053,-0.23009712994098663,27.652942657470703
10.0,78263.0,0.2179425060749054,-0.23009712994098663,27.628938674926758
10.0,78269.0,0.21941272914409637,-0.2316311001777649,28.03145980834961
10.0,78273.0,0.2203819304704666,-0.2316311001777649,27.76413917541504
10.0,78277.0,0.22133469581604004,-0.2316311001777649,27.745906829833984
10.0,78286.0,0.22342504560947418,-0.2316311001777649,27.711254119873047
10.0,78289.0,0.22431211173534393,-0.2316311001777649,27.699722290039062
10.0,78294.0,0.2254004180431366,-0.2316311001777649,27.68634605407715
10.0,78299.0,0.2262464016675949,-0.2316311001777649,27.67877769470215
10.0,78303.0,0.22709651291370392,-0.2316311001777649,27.667722702026367
10.0,78309.0,0.22835318744182587,-0.2316311001777649,27.648597717285156
10.0,78313.0,0.22917865216732025,-0.23316508531570435,27.819833755493164
10.0,78316.0,0.22999179363250732,-0.2316311001777649,27.632736206054688
10.0,78322.0,0.2309897392988205,-0.2316311001777649,27.371761322021484
10.0,78328.0,0.23217248916625977,-0.23316508531570435,27.78575897216797
10.0,78334.0,0.23334291577339172,-0.23316508531570435,27.76902961730957
10.0,78339.0,0.23448050022125244,-0.23316508531570435,27.760080337524414
10.0,78345.0,0.23538808524608612,-0.23316508531570435,27.75346565246582
10.0,78351.0,0.23645995557308197,-0.23316508531570435,27.74468994140625
10.0,78356.0,0.2373264878988266,-0.23316508531570435,27.737829208374023
10.0,78361.0,0.23820944130420685,-0.23316508531570435,27.727373123168945
10.0,78365.0,0.2388993799686432,-0.23316508531570435,27.72286605834961
10.0,78369.0,0.23958110809326172,-0.23316508531570435,27.714073181152344
10.0,78373.0,0.24026283621788025,-0.23316508531570435,27.706974029541016
10.0,78378.0,0.2412484586238861,-0.23316508531570435,27.70045280456543
10.0,78383.0,0.2419014424085617,-0.23316508531570435,27.69124984741211
10.0,78388.0,0.2427186816930771,-0.23316508531570435,27.682748794555664
10.0,78393.0,0.24354825913906097,-0.23316508531570435,27.664566040039062
10.0,78397.0,0.24438603222370148,-0.2346990704536438,27.82920265197754
10.0,78402.0,0.2450554370880127,-0.2346990704536438,27.80968475341797
10.0,78406.0,0.2457248419523239,-0.2346990704536438,27.79983139038086
10.0,78410.0,0.24653388559818268,-0.2346990704536438,27.78527069091797
10.0,78414.0,0.2470102608203888,-0.2346990704536438,27.77275848388672
10.0,78419.0,0.24779877066612244,-0.23623304069042206,27.939287185668945
10.0,78424.0,0.24856263399124146,-0.23623304069042206,27.925142288208008
10.0,78429.0,0.24946200847625732,-0.23623304069042206,27.911441802978516
10.0,78434.0,0.25003695487976074,-0.2377670258283615,28.082746505737305
10.0,78438.0,0.25059959292411804,-0.2377670258283615,28.073179244995117
10.0,78444.0,0.2513839900493622,-0.2377670258283615,28.073389053344727
10.0,78450.0,0.25210267305374146,-0.2377670258283615,28.075687408447266
10.0,78454.0,0.25254619121551514,-0.2377670258283615,28.085426330566406
10.0,78458.0,0.2529568672180176,-0.2377670258283615,28.092634201049805
10.0,78463.0,0.2535564601421356,-0.2377670258283615,28.103605270385742
10.0,78469.0,0.2540000081062317,-0.2377670258283615,28.119760513305664
10.0,78473.0,0.2543613910675049,-0.23623304069042206,27.953296661376953
10.0,78479.0,0.25488707423210144,-0.23623304069042206,27.962818145751953
10.0,78485.0,0.2554086148738861,-0.23623304069042206,27.976930618286133
10.0,78490.0,0.2558973431587219,-0.23623304069042206,27.987525939941406
10.0,78496.0,0.25629979372024536,-0.23623304069042206,27.99574089050293
10.0,78502.0,0.25675153732299805,-0.23623304069042206,28.009855270385742
10.0,78508.0,0.2571786344051361,-0.23623304069042206,28.02081298828125
10.0,78512.0,0.2574332654476166,-0.2346990704536438,27.60556983947754
10.0,78518.0,0.2578151822090149,-0.2346990704536438,27.867265701293945
10.0,78523.0,0.25815194845199585,-0.2346990704536438,27.87313461303711
10.0,78529.0,0.2585708498954773,-0.2346990704536438,27.87529182434082
10.0,78535.0,0.25899794697761536,-0.2346990704536438,27.873682022094727
10.0,78540.0,0.25935932993888855,-0.23623304069042206,28.047487258911133
10.0,78545.0,0.25972485542297363,-0.23623304069042206,28.042072296142578
10.0,78551.0,0.2601642608642578,-0.23623304069042206,28.03508758544922
10.0,78556.0,0.2605297863483429,-0.23623304069042206,28.454187393188477
10.0,78560.0,0.2608870565891266,-0.2377670258283615,28.197927474975586
10.0,78568.0,0.2613470256328583,-0.2377670258283615,28.18964385986328
10.0,78572.0,0.26159343123435974,-0.23930101096630096,28.366939544677734
10.0,78576.0,0.2618275284767151,-0.23930101096630096,28.365692138671875
10.0,78583.0,0.26215195655822754,-0.23930101096630096,28.37454605102539
10.0,78586.0,0.2622956931591034,-0.23930101096630096,28.382883071899414
10.0,78591.0,0.2624147832393646,-0.23930101096630096,28.394344329833984
10.0,78595.0,0.26250922679901123,-0.23930101096630096,28.407180786132812
10.0,78599.0,0.2625790536403656,-0.23930101096630096,28.422178268432617
10.0,78603.0,0.26262423396110535,-0.23930101096630096,28.444400787353516
10.0,78609.0,0.2626529633998871,-0.23930101096630096,28.47391128540039
10.0,78613.0,0.2626529633998871,-0.23930101096630096,28.4925594329834
10.0,78618.0,0.2626529633998871,-0.23930101096630096,28.51386070251465
10.0,78622.0,0.2626529633998871,-0.23930101096630096,28.52935791015625
10.0,78626.0,0.2626529633998871,-0.23930101096630096,28.543540954589844
10.0,78631.0,0.2626529633998871,-0.23930101096630096,28.559513092041016
10.0,78635.0,0.26264888048171997,-0.23930101096630096,28.571495056152344
10.0,78640.0,0.26264888048171997,-0.23930101096630096,28.581745147705078
10.0,78645.0,0.26264888048171997,-0.23930101096630096,28.595064163208008
10.0,78649.0,0.26264888048171997,-0.23930101096630096,28.60263442993164
10.0,78655.0,0.26264888048171997,-0.23930101096630096,28.610692977905273
10.0,78661.0,0.26264888048171997,-0.24083499610424042,28.79638671875
10.0,78664.0,0.26264888048171997,-0.24083499610424042,28.800403594970703
10.0,78670.0,0.26264065504074097,-0.24083499610424042,28.805965423583984
10.0,78675.0,0.26263242959976196,-0.24236896634101868,28.987337112426758
10.0,78681.0,0.26261600852012634,-0.24236896634101868,28.991477966308594
10.0,78687.0,0.2625872790813446,-0.24390295147895813,29.17336082458496
10.0,78693.0,0.262554407119751,-0.24390295147895813,29.176326751708984
10.0,78698.0,0.26251333951950073,-0.24543693661689758,29.356975555419922
10.0,78702.0,0.26247638463974,-0.24543693661689758,29.360475540161133
10.0,78706.0,0.2624188959598541,-0.24697090685367584,29.54368019104004
10.0,78712.0,0.262320339679718,-0.24697090685367584,29.552492141723633
10.0,78716.0,0.262225866317749,-0.2485048919916153,29.737459182739258
10.0,78721.0,0.26208624243736267,-0.2485048919916153,29.74812889099121
10.0,78725.0,0.2619260847568512,-0.2485048919916153,29.76504135131836
10.0,78733.0,0.2615318298339844,-0.25003886222839355,29.988075256347656
10.0,78738.0,0.26121559739112854,-0.25003886222839355,30.0187931060791
10.0,78743.0,0.2607802748680115,-0.25003886222839355,30.055986404418945
10.0,78748.0,0.2603490650653839,-0.25003886222839355,30.09950065612793
10.0,78754.0,0.2598891258239746,-0.25003886222839355,30.14373207092285
10.0,78758.0,0.2593922019004822,-0.25003886222839355,30.18893814086914
10.0,78763.0,0.2589609920978546,-0.25003886222839355,30.241804122924805
10.0,78768.0,0.2583613991737366,-0.25003886222839355,30.287782669067383
10.0,78773.0,0.25770843029022217,-0.2485048919916153,30.185302734375
10.0,78777.0,0.2569856345653534,-0.2485048919916153,30.240249633789062
10.0,78782.0,0.25637370347976685,-0.24697090685367584,30.119159698486328
10.0,78786.0,0.25571662187576294,-0.24697090685367584,30.180198669433594
10.0,78790.0,0.25505954027175903,-0.24543693661689758,30.0747013092041
10.0,78794.0,0.2543860375881195,-0.24543693661689758,30.116592407226562
10.0,78798.0,0.253704309463501,-0.24390295147895813,30.01056671142578
10.0,78802.0,0.25302258133888245,-0.24390295147895813,30.04986572265625
10.0,78814.0,0.2509486675262451,-0.24083499610424042,29.849409103393555
10.0,78818.0,0.25024229288101196,-0.24083499610424042,29.91236114501953
10.0,78822.0,0.24953593313694,-0.23930101096630096,29.7806453704834
10.0,78826.0,0.24883778393268585,-0.23930101096630096,29.82547378540039
10.0,78831.0,0.24798767268657684,-0.23930101096630096,29.864978790283203
10.0,78835.0,0.24732649326324463,-0.23930101096630096,29.90952491760254
10.0,78839.0,0.24666941165924072,-0.23930101096630096,29.943912506103516
10.0,78843.0,0.24584394693374634,-0.2377670258283615,29.79963493347168
10.0,78848.0,0.24518275260925293,-0.2377670258283615,29.832977294921875
10.0,78852.0,0.2445133477449417,-0.2377670258283615,29.872127532958984
10.0,78856.0,0.2438562661409378,-0.2377670258283615,29.901485443115234
10.0,78861.0,0.24304312467575073,-0.2377670258283615,29.934167861938477
10.0,78865.0,0.24240246415138245,-0.2377670258283615,29.959003448486328
10.0,78870.0,0.2416098564863205,-0.2377670258283615,29.987682342529297
10.0,78875.0,0.24080903828144073,-0.23930101096630096,30.438047409057617
10.0,78879.0,0.24015605449676514,-0.23930101096630096,30.220745086669922
10.0,78884.0,0.23930595815181732,-0.23930101096630096,30.248462677001953
10.0,78888.0,0.23860369622707367,-0.23930101096630096,30.285350799560547
10.0,78892.0,0.2378809005022049,-0.23930101096630096,30.31870460510254
10.0,78896.0,0.237137570977211,-0.23930101096630096,30.343223571777344
10.0,78901.0,0.23618891835212708,-0.23930101096630096,30.3956241607666
10.0,78905.0,0.23540040850639343,-0.23930101096630096,30.43474578857422
10.0,78909.0,0.23457905650138855,-0.23930101096630096,30.4773006439209
10.0,78913.0,0.23372484743595123,-0.23930101096630096,30.511974334716797
10.0,78917.0,0.23282957077026367,-0.23930101096630096,30.574867248535156
10.0,78922.0,0.23166324198246002,-0.2377670258283615,30.20083999633789
10.0,78925.0,0.23069815337657928,-0.2377670258283615,30.50611686706543
10.0,78929.0,0.22971253097057343,-0.2377670258283615,30.5623722076416
10.0,78933.0,0.22869814932346344,-0.2377670258283615,30.62185287475586
10.0,78938.0,0.2276344895362854,-0.23623304069042206,30.509387969970703
10.0,78942.0,0.22654619812965393,-0.2346990704536438,30.147428512573242
10.0,78945.0,0.22544148564338684,-0.2346990704536438,30.462703704833984
10.0,78951.0,0.22403696179389954,-0.23316508531570435,30.383893966674805
10.0,78955.0,0.22290349006652832,-0.23316508531570435,30.022275924682617
10.0,78959.0,0.22174948453903198,-0.2316311001777649,30.3399658203125
10.0,78964.0,0.22030390799045563,-0.23009712994098663,30.237375259399414
10.0,78969.0,0.2188747376203537,-0.23009712994098663,29.88750648498535
10.0,78973.0,0.21742504835128784,-0.22856314480304718,30.196088790893555
10.0,78978.0,0.21628747880458832,-0.22702915966510773,30.08632469177246
10.0,78982.0,0.2151375710964203,-0.22702915966510773,30.141803741455078
10.0,78986.0,0.2140246480703354,-0.22702915966510773,30.175363540649414
10.0,78990.0,0.21292813122272491,-0.22549518942832947,29.807371139526367
10.0,78994.0,0.21181519329547882,-0.22549518942832947,30.102035522460938
10.0,78998.0,0.21045584976673126,-0.22549518942832947,30.14276123046875
10.0,79003.0,0.20935934782028198,-0.22549518942832947,30.185958862304688
10.0,79006.0,0.20828336477279663,-0.22549518942832947,30.22198486328125
10.0,79011.0,0.2072320282459259,-0.22549518942832947,30.266159057617188
10.0,79016.0,0.20588091015815735,-0.22549518942832947,30.305028915405273
10.0,79020.0,0.2048131376504898,-0.22396120429039001,30.16980743408203
10.0,79024.0,0.20373305678367615,-0.22549518942832947,30.38504981994629
10.0,79036.0,0.20049281418323517,-0.22549518942832947,30.492881774902344
10.0,79042.0,0.19880081713199615,-0.22396120429039001,30.114200592041016
10.0,79046.0,0.19765913486480713,-0.22549518942832947,30.584129333496094
10.0,79052.0,0.19590555131435394,-0.22396120429039001,30.48310089111328
10.0,79056.0,0.1947351098060608,-0.22396120429039001,30.52849769592285
10.0,79064.0,0.1923121213912964,-0.22396120429039001,30.623783111572266
10.0,79073.0,0.18950307369232178,-0.22396120429039001,30.740697860717773
10.0,79081.0,0.18688707053661346,-0.22242721915245056,30.68204689025879
10.0,79085.0,0.18521149456501007,-0.22242721915245056,30.74061393737793
10.0,79090.0,0.18382751941680908,-0.2208932340145111,30.644943237304688
10.0,79096.0,0.18172073364257812,-0.21935926377773285,30.56504249572754
10.0,79101.0,0.179938405752182,-0.21935926377773285,30.63204574584961
10.0,79106.0,0.1781478375196457,-0.2178252786397934,30.535375595092773
10.0,79111.0,0.17633265256881714,-0.21629129350185394,30.44169044494629
10.0,79115.0,0.17487885057926178,-0.21629129350185394,30.50564193725586
10.0,79119.0,0.17343737185001373,-0.21475732326507568,30.404808044433594
10.0,79123.0,0.17198356986045837,-0.21475732326507568,30.466766357421875
10.0,79127.0,0.17018891870975494,-0.21322333812713623,30.34585952758789
10.0,79132.0,0.16875974833965302,-0.21322333812713623,30.414615631103516
10.0,79136.0,0.1673552393913269,-0.21322333812713623,30.464828491210938
10.0,79140.0,0.16559343039989471,-0.21168935298919678,30.339635848999023
10.0,79146.0,0.16384394466876984,-0.21168935298919678,30.412328720092773
10.0,79150.0,0.16244763135910034,-0.21168935298919678,30.45864486694336
10.0,79157.0,0.16000410914421082,-0.21015536785125732,30.352453231811523
10.0,79161.0,0.158603698015213,-0.21015536785125732,30.399133682250977
10.0,79165.0,0.1572073996067047,-0.21015536785125732,30.444612503051758
10.0,79169.0,0.15581108629703522,-0.21015536785125732,30.489530563354492
10.0,79173.0,0.1544065773487091,-0.21015536785125732,30.535877227783203
10.0,79177.0,0.1530061662197113,-0.21015536785125732,30.590290069580078
10.0,79182.0,0.1512361466884613,-0.21015536785125732,30.638595581054688
10.0,79186.0,0.14981108903884888,-0.21015536785125732,30.698345184326172
10.0,79191.0,0.14799179136753082,-0.20862139761447906,30.58578109741211
10.0,79195.0,0.14652155339717865,-0.20862139761447906,30.637136459350586
10.0,79201.0,0.14429979026317596,-0.20862139761447906,30.7180118560791
10.0,79206.0,0.14241068065166473,-0.20862139761447906,30.78705596923828
10.0,79212.0,0.14010678231716156,-0.2070874124765396,30.68457794189453
10.0,79216.0,0.1385503113269806,-0.2070874124765396,30.74414825439453
10.0,79221.0,0.13657905161380768,-0.20555342733860016,30.644683837890625
10.0,79225.0,0.13498151302337646,-0.20555342733860016,30.722036361694336
10.0,79229.0,0.13338398933410645,-0.2040194571018219,30.61037826538086
10.0,79233.0,0.1317494809627533,-0.2040194571018219,30.661306381225586
10.0,79237.0,0.1297084242105484,-0.20248547196388245,30.314441680908203
10.0,79241.0,0.12805338203907013,-0.20248547196388245,30.632644653320312
10.0,79246.0,0.12639425694942474,-0.200951486825943,30.52043342590332
10.0,79250.0,0.12474332749843597,-0.200951486825943,30.58574104309082
10.0,79254.0,0.12307187169790268,-0.19941750168800354,30.474990844726562
10.0,79258.0,0.12098973244428635,-0.19788353145122528,30.143089294433594
10.0,79263.0,0.11932238191366196,-0.19788353145122528,30.45741081237793
10.0,79267.0,0.11766324192285538,-0.19788353145122528,30.5174560546875
10.0,79271.0,0.1160123199224472,-0.19634954631328583,30.14818572998047
10.0,79276.0,0.11394660919904709,-0.19634954631328583,30.46990966796875
10.0,79281.0,0.1119096502661705,-0.19481556117534637,30.09763526916504
10.0,79285.0,0.11028336733579636,-0.19481556117534637,30.401060104370117
10.0,79289.0,0.10866529494524002,-0.19481556117534637,30.452552795410156
10.0,79293.0,0.10705544054508209,-0.19481556117534637,30.503278732299805
10.0,79299.0,0.10465297847986221,-0.19328159093856812,30.39810562133789
10.0,79304.0,0.10265297442674637,-0.19328159093856812,30.469024658203125
10.0,79309.0,0.10067351162433624,-0.19328159093856812,30.52613639831543
10.0,79315.0,0.0982997938990593,-0.19328159093856812,30.583784103393555
10.0,79319.0,0.09632033109664917,-0.19174760580062866,30.461462020874023
10.0,79324.0,0.09434086084365845,-0.19174760580062866,30.518526077270508
10.0,79329.0,0.09275564551353455,-0.19174760580062866,30.56270980834961
10.0,79333.0,0.09117043018341064,-0.19174760580062866,30.607568740844727
10.0,79337.0,0.08958521485328674,-0.19174760580062866,30.653108596801758
10.0,79341.0,0.08798767626285553,-0.19174760580062866,30.71221923828125
10.0,79347.0,0.08557700365781784,-0.19174760580062866,30.784652709960938
10.0,79353.0,0.08272279053926468,-0.19174760580062866,30.861141204833984
10.0,79358.0,0.0810595452785492,-0.19174760580062866,30.917295455932617
10.0,79363.0,0.07851745188236237,-0.1902136206626892,30.828500747680664
10.0,79369.0,0.07636550068855286,-0.1902136206626892,30.922805786132812
10.0,79373.0,0.07461601495742798,-0.18867963552474976,30.810659408569336
10.0,79379.0,0.07195071876049042,-0.1871456652879715,30.46992301940918
10.0,79384.0,0.0692279264330864,-0.18561168015003204,30.685190200805664
10.0,79390.0,0.06694456189870834,-0.18561168015003204,30.761333465576172
10.0,79394.0,0.06509651243686676,-0.1840776950120926,30.63855743408203
10.0,79398.0,0.06324846297502518,-0.18254372477531433,30.283498764038086
10.0,79403.0,0.060952771455049515,-0.18254372477531433,30.62116050720215
10.0,79407.0,0.05912936478853226,-0.18100973963737488,30.527061462402344
10.0,79412.0,0.05685010179877281,-0.17947575449943542,30.43272590637207
10.0,79418.0,0.053675565868616104,-0.17794176936149597,30.101253509521484
10.0,79423.0,0.05144147947430611,-0.17794176936149597,30.425151824951172
10.0,79429.0,0.049232032150030136,-0.1764077991247177,30.3305721282959
10.0,79439.0,0.04488295689225197,-0.17487381398677826,30.03024673461914
10.0,79445.0,0.04233264923095703,-0.17487381398677826,30.08684730529785
10.0,79453.0,0.03899383917450905,-0.17487381398677826,30.420764923095703
10.0,79458.0,0.03692813217639923,-0.17487381398677826,30.47069549560547
10.0,79463.0,0.03487474471330643,-0.17487381398677826,30.53942108154297
10.0,79470.0,0.032020535320043564,-0.17487381398677826,30.597259521484375
10.0,79478.0,0.028747433796525,-0.17487381398677826,30.666542053222656
10.0,79483.0,0.026689939200878143,-0.17487381398677826,30.730079650878906
10.0,79490.0,0.023782340809702873,-0.1733398288488388,30.63048553466797
10.0,79494.0,0.02210266888141632,-0.1733398288488388,30.429182052612305
10.0,79500.0,0.019556468352675438,-0.1733398288488388,30.755332946777344
10.0,79504.0,0.01783572882413864,-0.1733398288488388,30.807798385620117
10.0,79509.0,0.015667350962758064,-0.1733398288488388,30.863300323486328
10.0,79516.0,0.012587268836796284,-0.17180585861206055,30.787015914916992
10.0,79521.0,0.010377823375165462,-0.17180585861206055,30.875497817993164
10.0,79526.0,0.008143736980855465,-0.1702718734741211,30.776201248168945
10.0,79531.0,0.0058932239189744,-0.16873788833618164,30.67582130432129
10.0,79535.0,0.0040821353904902935,-0.16873788833618164,30.740432739257812
10.0,79541.0,0.0013470225967466831,-0.1672039031982422,30.643033981323242
10.0,79547.0,-0.0013757699634879827,-0.16566993296146393,30.57512092590332
10.0,79552.0,-0.003642710391432047,-0.16566993296146393,30.649770736694336
10.0,79556.0,-0.005433265119791031,-0.16566993296146393,30.708242416381836
10.0,79563.0,-0.008566735312342644,-0.16413594782352448,30.61676788330078
10.0,79569.0,-0.01123203244060278,-0.16260196268558502,30.52377700805664
10.0,79574.0,-0.013433264568448067,-0.16106799244880676,30.424604415893555
10.0,79579.0,-0.016061602160334587,-0.16106799244880676,30.489215850830078
10.0,79583.0,-0.017347022891044617,-0.16106799244880676,30.53453254699707
10.0,79588.0,-0.019486652687191963,-0.16106799244880676,30.58257293701172
10.0,79593.0,-0.021613962948322296,-0.1595340073108673,30.21091079711914
10.0,79597.0,-0.023745380342006683,-0.1595340073108673,30.51955795288086
10.0,79602.0,-0.025449691340327263,-0.1595340073108673,30.5664005279541
10.0,79606.0,-0.027137577533721924,-0.1595340073108673,30.610321044921875
10.0,79610.0,-0.0288377832621336,-0.1595340073108673,30.668546676635742
10.0,79614.0,-0.030529774725437164,-0.15800002217292786,30.537918090820312
10.0,79618.0,-0.03265297785401344,-0.15800002217292786,30.583820343017578
10.0,79623.0,-0.03433675691485405,-0.15800002217292786,30.62823486328125
10.0,79628.0,-0.03687474504113197,-0.1564660519361496,30.521224975585938
10.0,79634.0,-0.03899794816970825,-0.1564660519361496,30.593021392822266
10.0,79639.0,-0.041544146835803986,-0.1564660519361496,30.65425682067871
10.0,79645.0,-0.043667349964380264,-0.15493206679821014,30.548097610473633
10.0,79651.0,-0.0462176576256752,-0.15493206679821014,30.621753692626953
10.0,79657.0,-0.04918685927987099,-0.1533980816602707,30.517276763916016
10.0,79663.0,-0.051310062408447266,-0.1533980816602707,30.589780807495117
10.0,79669.0,-0.053843941539525986,-0.15186409652233124,30.22507095336914
10.0,79675.0,-0.056369610130786896,-0.15186409652233124,30.545589447021484
10.0,79681.0,-0.058895278722047806,-0.15186409652233124,30.61804962158203
10.0,79686.0,-0.06141683831810951,-0.15033012628555298,30.512466430664062
10.0,79693.0,-0.06393840163946152,-0.15033012628555298,30.58453941345215
10.0,79696.0,-0.06562217324972153,-0.14879614114761353,30.207256317138672
10.0,79704.0,-0.06856262683868408,-0.14879614114761353,30.126502990722656
10.0,79709.0,-0.07066119462251663,-0.14726215600967407,30.425283432006836
10.0,79713.0,-0.07233675569295883,-0.14726215600967407,30.47426986694336
10.0,79717.0,-0.07399178296327591,-0.14726215600967407,30.531570434570312
10.0,79721.0,-0.07564681768417358,-0.1457281857728958,30.400339126586914
10.0,79725.0,-0.07730184495449066,-0.1457281857728958,30.444551467895508
10.0,79731.0,-0.07975359261035919,-0.1457281857728958,30.500518798828125
10.0,79737.0,-0.0821848064661026,-0.14419420063495636,30.396900177001953
10.0,79741.0,-0.0837741270661354,-0.1426602154970169,30.2554988861084
10.0,79745.0,-0.0853511318564415,-0.14419420063495636,30.471717834472656
10.0,79749.0,-0.08691991865634918,-0.1426602154970169,30.32999610900879
10.0,79755.0,-0.08925667405128479,-0.1426602154970169,30.375925064086914
10.0,79759.0,-0.09118275344371796,-0.1426602154970169,30.419130325317383
10.0,79763.0,-0.09272279590368271,-0.1426602154970169,30.45498275756836
10.0,79769.0,-0.09463655203580856,-0.1426602154970169,30.498300552368164
10.0,79773.0,-0.0961601659655571,-0.1426602154970169,30.532487869262695
10.0,79777.0,-0.09807802736759186,-0.14112623035907745,30.402769088745117
10.0,79781.0,-0.09922792762517929,-0.14112623035907745,30.190086364746094
10.0,79785.0,-0.10075975209474564,-0.14112623035907745,30.480512619018555
10.0,79789.0,-0.1023038998246193,-0.14112623035907745,30.519515991210938
10.0,79795.0,-0.10462012141942978,-0.14112623035907745,30.570751190185547
10.0,79800.0,-0.10655441135168076,-0.1395922601222992,30.457231521606445
10.0,79805.0,-0.10850102454423904,-0.1395922601222992,30.51229476928711
10.0,79809.0,-0.11006160080432892,-0.13805827498435974,30.129844665527344
10.0,79814.0,-0.1120041087269783,-0.13805827498435974,30.434818267822266
10.0,79820.0,-0.1143285408616066,-0.1365242898464203,30.31098175048828
10.0,79825.0,-0.11625872552394867,-0.1365242898464203,30.375635147094727
10.0,79833.0,-0.11931417137384415,-0.13499031960964203,30.27189826965332
10.0,79837.0,-0.12120739370584488,-0.13499031960964203,30.32176399230957
10.0,79843.0,-0.12307597696781158,-0.13499031960964203,30.379087448120117
10.0,79849.0,-0.12565502524375916,-0.13345633447170258,30.25652313232422
10.0,79855.0,-0.1274702250957489,-0.13345633447170258,30.298439025878906
10.0,79860.0,-0.12925668060779572,-0.13345633447170258,30.345075607299805
10.0,79865.0,-0.1313880831003189,-0.13345633447170258,30.385953903198242
10.0,79872.0,-0.13350307941436768,-0.13192234933376312,30.255929946899414
10.0,79877.0,-0.1359466165304184,-0.13192234933376312,30.308956146240234
10.0,79883.0,-0.1373388022184372,-0.13192234933376312,30.348337173461914
10.0,79887.0,-0.13871046900749207,-0.13192234933376312,30.37674903869629
10.0,79892.0,-0.1404229998588562,-0.13192234933376312,30.40738868713379
10.0,79896.0,-0.14178644120693207,-0.13038836419582367,30.26740264892578
10.0,79901.0,-0.143507182598114,-0.13038836419582367,30.30179214477539
10.0,79907.0,-0.1455441415309906,-0.13038836419582367,30.35619354248047
10.0,79911.0,-0.14723613858222961,-0.13038836419582367,30.38686180114746
10.0,79916.0,-0.14859136939048767,-0.13038836419582367,30.000337600708008
10.0,79922.0,-0.15061601996421814,-0.1288543939590454,30.291112899780273
10.0,79927.0,-0.15229979157447815,-0.1288543939590454,30.332977294921875
10.0,79932.0,-0.15397125482559204,-0.1288543939590454,30.382848739624023
10.0,79938.0,-0.1559753566980362,-0.12732040882110596,30.254281997680664
10.0,79945.0,-0.15828336775302887,-0.12732040882110596,30.301746368408203
10.0,79949.0,-0.15959343314170837,-0.12732040882110596,30.342144012451172
10.0,79953.0,-0.16089938580989838,-0.1257864236831665,30.19515609741211
10.0,79959.0,-0.16284599900245667,-0.1257864236831665,30.235227584838867
10.0,79963.0,-0.16413553059101105,-0.1257864236831665,30.27381134033203
10.0,79968.0,-0.16574127972126007,-0.12425244599580765,29.879243850708008
10.0,79972.0,-0.16701026260852814,-0.12425244599580765,30.16352653503418
10.0,79976.0,-0.16824640333652496,-0.12425244599580765,30.1888370513916
10.0,79981.0,-0.1697823405265808,-0.12425244599580765,30.21444320678711
10.0,79985.0,-0.1709856241941452,-0.12425244599580765,30.237459182739258
10.0,79989.0,-0.1721930205821991,-0.12425244599580765,30.270423889160156
10.0,79993.0,-0.17338398098945618,-0.12425244599580765,30.291738510131836
10.0,79998.0,-0.17486652731895447,-0.12425244599580765,30.317106246948242
10.0,80002.0,-0.17606981098651886,-0.12271846830844879,30.166837692260742
10.0,80006.0,-0.17725667357444763,-0.12271846830844879,30.200166702270508
10.0,80010.0,-0.17875154316425323,-0.12271846830844879,30.227699279785156
10.0,80015.0,-0.1802053451538086,-0.12271846830844879,30.2578182220459
10.0,80020.0,-0.18139630556106567,-0.12118448317050934,30.111169815063477
10.0,80024.0,-0.182550311088562,-0.12118448317050934,30.138710021972656
10.0,80028.0,-0.18398357927799225,-0.12118448317050934,30.16524887084961
10.0,80033.0,-0.18510882556438446,-0.12118448317050934,30.1857967376709
10.0,80037.0,-0.18621766567230225,-0.12118448317050934,30.215625762939453
10.0,80042.0,-0.18763038516044617,-0.12118448317050934,30.2404727935791
10.0,80046.0,-0.18873099982738495,-0.11965050548315048,30.091367721557617
10.0,80050.0,-0.19011498987674713,-0.11965050548315048,30.113868713378906
10.0,80055.0,-0.19118686020374298,-0.11965050548315048,30.133474349975586
10.0,80059.0,-0.19226282835006714,-0.11965050548315048,30.1622371673584
10.0,80065.0,-0.19386036694049835,-0.11965050548315048,30.186986923217773
10.0,80071.0,-0.19544148445129395,-0.11811652034521103,30.0466365814209
10.0,80075.0,-0.19646817445755005,-0.11811652034521103,30.062788009643555
10.0,80079.0,-0.19748665392398834,-0.11811652034521103,30.081628799438477
10.0,80086.0,-0.19923202693462372,-0.11811652034521103,30.105745315551758
10.0,80090.0,-0.20021766424179077,-0.11811652034521103,30.12464141845703
10.0,80096.0,-0.20167145133018494,-0.11811652034521103,30.145404815673828
10.0,80101.0,-0.203121155500412,-0.11811652034521103,30.170040130615234
10.0,80105.0,-0.20384393632411957,-0.11811652034521103,30.189495086669922
10.0,80111.0,-0.20531006157398224,-0.11811652034521103,30.21439552307129
10.0,80115.0,-0.20626693964004517,-0.11811652034521103,30.23334503173828
10.0,80119.0,-0.2072361409664154,-0.11658254265785217,30.08250617980957
10.0,80123.0,-0.20819713175296783,-0.11658254265785217,30.102581024169922
10.0,80129.0,-0.2096468210220337,-0.11658254265785217,30.132923126220703
10.0,80134.0,-0.21084189414978027,-0.11504856497049332,29.988208770751953
10.0,80140.0,-0.2122669368982315,-0.11504856497049332,30.01607322692871
10.0,80145.0,-0.213663250207901,-0.11504856497049332,30.048254013061523
10.0,80151.0,-0.21482135355472565,-0.11351457983255386,29.900867462158203
10.0,80157.0,-0.2161765843629837,-0.11351457983255386,29.930967330932617
10.0,80162.0,-0.21726898849010468,-0.11351457983255386,29.946704864501953
10.0,80168.0,-0.21854209899902344,-0.11198060214519501,29.792566299438477
10.0,80173.0,-0.21958932280540466,-0.11198060214519501,29.808204650878906
10.0,80179.0,-0.22080902755260468,-0.11198060214519501,29.822818756103516
10.0,80184.0,-0.22197125852108002,-0.11198060214519501,29.834224700927734
10.0,80189.0,-0.22272279858589172,-0.11198060214519501,29.839460372924805
10.0,80192.0,-0.2234496921300888,-0.11198060214519501,29.843280792236328
10.0,80196.0,-0.22398357093334198,-0.11198060214519501,29.84846305847168
10.0,80203.0,-0.22520329058170319,-0.11198060214519501,29.849952697753906
10.0,80207.0,-0.22589322924613953,-0.11198060214519501,29.85513687133789
10.0,80212.0,-0.22674332559108734,-0.11198060214519501,29.8602237701416
10.0,80218.0,-0.2277412712574005,-0.11198060214519501,29.861942291259766
10.0,80222.0,-0.2283860296010971,-0.11351457983255386,30.29169464111328
10.0,80226.0,-0.22901847958564758,-0.11198060214519501,29.86536979675293
10.0,80231.0,-0.22979876399040222,-0.11351457983255386,30.046079635620117
10.0,80235.0,-0.2304230034351349,-0.11351457983255386,30.050800323486328
10.0,80239.0,-0.23105134069919586,-0.11351457983255386,30.305908203125
10.0,80245.0,-0.2320082187652588,-0.11198060214519501,29.893983840942383
10.0,80249.0,-0.2326611876487732,-0.11198060214519501,29.904361724853516
10.0,80255.0,-0.23363038897514343,-0.11198060214519501,29.919391632080078
10.0,80262.0,-0.2347227931022644,-0.11198060214519501,29.936378479003906
10.0,80266.0,-0.23535113036632538,-0.11198060214519501,29.949304580688477
10.0,80272.0,-0.23627515137195587,-0.11198060214519501,29.970470428466797
10.0,80278.0,-0.23738808929920197,-0.11044661700725555,29.816003799438477
10.0,80283.0,-0.23799589276313782,-0.11044661700725555,29.82712173461914
10.0,80287.0,-0.23860369622707367,-0.11044661700725555,29.841459274291992
10.0,80291.0,-0.23917454481124878,-0.11044661700725555,29.850976943969727
10.0,80295.0,-0.2397494912147522,-0.1089126393198967,29.682615280151367
10.0,80301.0,-0.24055851995944977,-0.1089126393198967,29.689105987548828
10.0,80307.0,-0.2413305938243866,-0.1089126393198967,29.69424819946289
10.0,80312.0,-0.24194660782814026,-0.1089126393198967,29.700298309326172
10.0,80318.0,-0.24266940355300903,-0.1089126393198967,29.704334259033203
10.0,80324.0,-0.2433880865573883,-0.1089126393198967,29.710224151611328
10.0,80328.0,-0.2439507246017456,-0.10737866163253784,29.28374481201172
10.0,80334.0,-0.2445051372051239,-0.1089126393198967,29.286161422729492
10.0,80340.0,-0.24512526392936707,-0.10737866163253784,29.534090042114258
10.0,80344.0,-0.2456139624118805,-0.10737866163253784,29.529258728027344
10.0,80350.0,-0.24606160819530487,-0.10737866163253784,29.522192001342773
10.0,80355.0,-0.24648459255695343,-0.10737866163253784,29.512128829956055
10.0,80359.0,-0.24688296020030975,-0.10737866163253784,29.50387954711914
10.0,80365.0,-0.24724845588207245,-0.10737866163253784,29.48811912536621
10.0,80370.0,-0.24759753048419952,-0.1089126393198967,29.654796600341797
10.0,80375.0,-0.2479383945465088,-0.1089126393198967,29.64444351196289
10.0,80381.0,-0.24835729598999023,-0.1089126393198967,29.637283325195312
10.0,80387.0,-0.24877618253231049,-0.1089126393198967,29.627717971801758
10.0,80392.0,-0.2491663247346878,-0.1089126393198967,29.62195587158203
10.0,80396.0,-0.2493511289358139,-0.1089126393198967,29.615055084228516
10.0,80400.0,-0.24958932399749756,-0.1089126393198967,29.609600067138672
10.0,80405.0,-0.24987268447875977,-0.1089126393198967,29.60276222229004
10.0,80409.0,-0.2500821352005005,-0.1089126393198967,29.59417152404785
10.0,80413.0,-0.2502833604812622,-0.1089126393198967,29.584552764892578
10.0,80417.0,-0.25050923228263855,-0.1089126393198967,29.576091766357422
10.0,80422.0,-0.2506735026836395,-0.1089126393198967,29.565715789794922
10.0,80426.0,-0.2508172392845154,-0.1089126393198967,29.553701400756836
10.0,80431.0,-0.2510184943675995,-0.1089126393198967,29.5364933013916
10.0,80438.0,-0.25124436616897583,-0.1089126393198967,29.51969337463379
10.0,80443.0,-0.2514045238494873,-0.1089126393198967,29.508913040161133
10.0,80448.0,-0.25152772665023804,-0.1089126393198967,29.501543045043945
10.0,80456.0,-0.2517412602901459,-0.1089126393198967,29.48130226135254
10.0,80461.0,-0.251848042011261,-0.1089126393198967,29.468788146972656
10.0,80465.0,-0.25192198157310486,-0.1089126393198967,29.459571838378906
10.0,80471.0,-0.2520451843738556,-0.1089126393198967,29.447280883789062
10.0,80475.0,-0.2521149814128876,-0.1089126393198967,29.440229415893555
10.0,80482.0,-0.2522135376930237,-0.1089126393198967,29.430740356445312
10.0,80488.0,-0.25229978561401367,-0.1089126393198967,29.419363021850586
10.0,80492.0,-0.2523449659347534,-0.1089126393198967,29.413127899169922
10.0,80496.0,-0.25238603353500366,-0.1089126393198967,29.404449462890625
10.0,80502.0,-0.2524189054965973,-0.1089126393198967,29.39348793029785
10.0,80509.0,-0.2524353265762329,-0.10737866163253784,29.203102111816406
10.0,80514.0,-0.2524353265762329,-0.10737866163253784,29.190387725830078
10.0,80521.0,-0.2524353265762329,-0.10737866163253784,29.183088302612305
10.0,80526.0,-0.2524353265762329,-0.10737866163253784,29.17616844177246
10.0,80531.0,-0.2524353265762329,-0.10584467649459839,28.993900299072266
10.0,80537.0,-0.2524353265762329,-0.10584467649459839,28.990402221679688
10.0,80543.0,-0.2524353265762329,-0.10584467649459839,28.988794326782227
10.0,80549.0,-0.2524353265762329,-0.10431069880723953,28.810375213623047
10.0,80554.0,-0.2524271011352539,-0.10431069880723953,28.80889892578125
10.0,80560.0,-0.2524147927761078,-0.10277671366930008,28.631837844848633
10.0,80565.0,-0.2524147927761078,-0.10124273598194122,28.2076358795166
10.0,80571.0,-0.25239837169647217,-0.10124273598194122,28.45949363708496
10.0,80576.0,-0.2523573040962219,-0.09970875084400177,28.28199577331543
10.0,80584.0,-0.25228747725486755,-0.09817477315664291,28.10161781311035
10.0,80588.0,-0.2522258758544922,-0.09817477315664291,28.099821090698242
10.0,80594.0,-0.2521314024925232,-0.09664079546928406,27.916900634765625
10.0,80600.0,-0.2519548237323761,-0.0951068103313446,27.726213455200195
10.0,80605.0,-0.25181519985198975,-0.0951068103313446,27.714174270629883
10.0,80613.0,-0.2513921856880188,-0.0951068103313446,27.671255111694336
10.0,80617.0,-0.2511252462863922,-0.09357283264398575,27.460237503051758
10.0,80623.0,-0.2506447732448578,-0.09357283264398575,27.417306900024414
10.0,80627.0,-0.25014784932136536,-0.09357283264398575,27.36388397216797
10.0,80632.0,-0.24968788027763367,-0.0951068103313446,27.492374420166016
10.0,80636.0,-0.24919506907463074,-0.0951068103313446,27.4436092376709
10.0,80641.0,-0.24852977693080902,-0.0951068103313446,27.789085388183594
10.0,80648.0,-0.24754004180431366,-0.09664079546928406,27.45868682861328
10.0,80652.0,-0.24695688486099243,-0.09817477315664291,27.568065643310547
10.0,80656.0,-0.24634908139705658,-0.09817477315664291,27.514127731323242
10.0,80660.0,-0.24539630115032196,-0.09970875084400177,27.62017822265625
10.0,80666.0,-0.24473921954631805,-0.09970875084400177,27.562379837036133
10.0,80670.0,-0.24405749142169952,-0.10124273598194122,27.66630744934082
10.0,80674.0,-0.24336345493793488,-0.10277671366930008,27.78774070739746
10.0,80678.0,-0.24248048663139343,-0.10277671366930008,27.73155975341797
10.0,80684.0,-0.24145379662513733,-0.10431069880723953,27.834428787231445
10.0,80690.0,-0.24061602354049683,-0.10431069880723953,27.7784423828125
10.0,80696.0,-0.23963449895381927,-0.10584467649459839,27.893924713134766
10.0,80702.0,-0.23866118490695953,-0.10584467649459839,27.836811065673828
10.0,80708.0,-0.2376919984817505,-0.10584467649459839,27.77397346496582
10.0,80712.0,-0.2370554357767105,-0.10584467649459839,27.741050720214844
10.0,80716.0,-0.23641479015350342,-0.10584467649459839,27.460731506347656
10.0,80721.0,-0.23549897968769073,-0.10737866163253784,27.85590171813965
10.0,80727.0,-0.23473511636257172,-0.10584467649459839,27.639625549316406
10.0,80733.0,-0.23381109535694122,-0.10584467649459839,27.600780487060547
10.0,80739.0,-0.23284189403057098,-0.10584467649459839,27.563467025756836
10.0,80744.0,-0.2320123165845871,-0.10584467649459839,27.518775939941406
10.0,80749.0,-0.2311663180589676,-0.10584467649459839,27.48051643371582
10.0,80755.0,-0.230143740773201,-0.10584467649459839,27.44464874267578
10.0,80760.0,-0.22927309572696686,-0.10584467649459839,27.398929595947266
10.0,80764.0,-0.2285626232624054,-0.10584467649459839,27.36709976196289
10.0,80768.0,-0.227823406457901,-0.10584467649459839,27.330820083618164
10.0,80773.0,-0.22687064111232758,-0.10584467649459839,27.283700942993164
10.0,80778.0,-0.2258726954460144,-0.10584467649459839,27.232046127319336
10.0,80782.0,-0.22504723072052002,-0.10584467649459839,27.189184188842773
10.0,80786.0,-0.2242012321949005,-0.10584467649459839,27.143308639526367
10.0,80791.0,-0.22309650480747223,-0.10737866163253784,27.521575927734375
10.0,80795.0,-0.22217248380184174,-0.10737866163253784,27.21927833557129
10.0,80799.0,-0.2212032824754715,-0.10737866163253784,27.160778045654297
10.0,80803.0,-0.22022177278995514,-0.1089126393198967,27.28270149230957
10.0,80807.0,-0.21894866228103638,-0.1089126393198967,27.20598602294922
10.0,80812.0,-0.21791785955429077,-0.11044661700725555,27.32398796081543
10.0,80816.0,-0.21687884628772736,-0.11044661700725555,27.266244888305664
10.0,80820.0,-0.21581929922103882,-0.11198060214519501,27.367795944213867
10.0,80824.0,-0.21475563943386078,-0.11198060214519501,27.310976028442383
10.0,80829.0,-0.21317453682422638,-0.11351457983255386,27.419965744018555
10.0,80833.0,-0.21211910247802734,-0.11351457983255386,27.366363525390625
10.0,80839.0,-0.21080082654953003,-0.11504856497049332,27.465456008911133
10.0,80843.0,-0.2097412794828415,-0.11504856497049332,27.41618537902832
10.0,80847.0,-0.2084353119134903,-0.11504856497049332,27.369922637939453
10.0,80851.0,-0.20739220082759857,-0.11658254265785217,27.501996994018555
10.0,80856.0,-0.20634907484054565,-0.11658254265785217,27.457231521606445
10.0,80860.0,-0.20531006157398224,-0.11658254265785217,27.402240753173828
10.0,80864.0,-0.2042587250471115,-0.11658254265785217,27.787513732910156
10.0,80869.0,-0.202948659658432,-0.11811652034521103,27.49472427368164
10.0,80873.0,-0.2019096463918686,-0.11811652034521103,27.455745697021484
10.0,80877.0,-0.20087063312530518,-0.11811652034521103,27.40594482421875
10.0,80881.0,-0.19982340931892395,-0.11811652034521103,27.368343353271484
10.0,80887.0,-0.19798357784748077,-0.11811652034521103,27.308242797851562
10.0,80893.0,-0.19666118919849396,-0.11811652034521103,27.26116371154785
10.0,80899.0,-0.19505132734775543,-0.11811652034521103,27.200395584106445
10.0,80904.0,-0.19340862333774567,-0.11811652034521103,27.136873245239258
10.0,80909.0,-0.19228336215019226,-0.11811652034521103,27.0916690826416
10.0,80915.0,-0.1905626356601715,-0.11965050548315048,27.199462890625
10.0,80920.0,-0.18909651041030884,-0.11965050548315048,27.123510360717773
10.0,80924.0,-0.18790143728256226,-0.11965050548315048,27.07196617126465
10.0,80929.0,-0.18638603389263153,-0.12118448317050934,27.198589324951172
10.0,80933.0,-0.1851416826248169,-0.12118448317050934,27.14208984375
10.0,80938.0,-0.18357700109481812,-0.12118448317050934,27.07309913635254
10.0,80942.0,-0.18229569494724274,-0.12271846830844879,27.178747177124023
10.0,80946.0,-0.18100616335868835,-0.12271846830844879,27.12181282043457
10.0,80952.0,-0.17905133962631226,-0.12425244599580765,27.210947036743164
10.0,80956.0,-0.17774127423763275,-0.12425244599580765,27.154197692871094
10.0,80969.0,-0.173392191529274,-0.12732040882110596,27.31694984436035
10.0,80974.0,-0.17168788611888885,-0.12732040882110596,27.257823944091797
10.0,80978.0,-0.1703326553106308,-0.1288543939590454,27.6284236907959
10.0,80983.0,-0.16862012445926666,-0.1288543939590454,27.30782699584961
10.0,80987.0,-0.16728131473064423,-0.1288543939590454,27.2426700592041
10.0,80993.0,-0.16526488959789276,-0.13038836419582367,27.357196807861328
10.0,80999.0,-0.16326899826526642,-0.13038836419582367,27.284622192382812
10.0,81005.0,-0.1612936407327652,-0.13038836419582367,27.21747589111328
10.0,81010.0,-0.15963038802146912,-0.13192234933376312,27.3266658782959
10.0,81017.0,-0.15733470022678375,-0.13192234933376312,27.25218391418457
10.0,81023.0,-0.15536755323410034,-0.13192234933376312,27.2001895904541
10.0,81029.0,-0.15338808298110962,-0.13192234933376312,27.136154174804688
10.0,81034.0,-0.15172073245048523,-0.13192234933376312,27.069894790649414
10.0,81039.0,-0.15003284811973572,-0.13192234933376312,27.012426376342773
10.0,81045.0,-0.1479671448469162,-0.13345633447170258,27.128435134887695
10.0,81051.0,-0.14587269723415375,-0.13345633447170258,27.054052352905273
10.0,81056.0,-0.14411909878253937,-0.13345633447170258,26.97869300842285
10.0,81063.0,-0.14160574972629547,-0.13499031960964203,27.074626922607422
10.0,81068.0,-0.13941273093223572,-0.13499031960964203,26.989778518676758
10.0,81074.0,-0.13755646347999573,-0.13499031960964203,27.328500747680664
10.0,81080.0,-0.13527721166610718,-0.1365242898464203,26.98642921447754
10.0,81086.0,-0.132965087890625,-0.13805827498435974,27.084087371826172
10.0,81092.0,-0.13061191141605377,-0.13805827498435974,26.985843658447266
10.0,81097.0,-0.12864065170288086,-0.1395922601222992,27.067096710205078
10.0,81101.0,-0.12706366181373596,-0.14112623035907745,27.43130111694336
10.0,81105.0,-0.12548665702342987,-0.14112623035907745,27.11964988708496
10.0,81110.0,-0.12312114983797073,-0.1426602154970169,27.221174240112305
10.0,81115.0,-0.12154825776815414,-0.1426602154970169,27.16156768798828
10.0,81119.0,-0.11997946351766586,-0.1426602154970169,27.088647842407227
10.0,81123.0,-0.11840246617794037,-0.14419420063495636,27.209659576416016
10.0,81128.0,-0.11644352972507477,-0.14419420063495636,27.138046264648438
10.0,81134.0,-0.11407802999019623,-0.1457281857728958,27.24517822265625
10.0,81140.0,-0.11172895133495331,-0.1457281857728958,27.15147590637207
10.0,81144.0,-0.11016837507486343,-0.14726215600967407,27.276880264282227
10.0,81149.0,-0.10822997987270355,-0.14726215600967407,27.215044021606445
10.0,81155.0,-0.10591786354780197,-0.14726215600967407,27.154203414916992
10.0,81160.0,-0.10400000214576721,-0.14879614114761353,27.260986328125
10.0,81164.0,-0.10245995968580246,-0.14879614114761353,27.214805603027344
10.0,81170.0,-0.10018070042133331,-0.14879614114761353,27.14969825744629
10.0,81176.0,-0.09790554642677307,-0.14879614114761353,27.094934463500977
10.0,81180.0,-0.09638603776693344,-0.14879614114761353,27.040481567382812
10.0,81184.0,-0.09486652910709381,-0.14879614114761353,27.00665855407715
10.0,81189.0,-0.09256263077259064,-0.14879614114761353,26.936471939086914
10.0,81194.0,-0.09100615978240967,-0.15033012628555298,27.066211700439453
10.0,81199.0,-0.08903901278972626,-0.15033012628555298,26.988494873046875
10.0,81205.0,-0.08663655072450638,-0.15033012628555298,26.920373916625977
10.0,81210.0,-0.08461601287126541,-0.15186409652233124,27.01463508605957
10.0,81216.0,-0.08215605467557907,-0.15186409652233124,26.94133186340332
10.0,81222.0,-0.07967966794967651,-0.1533980816602707,27.01479721069336
10.0,81228.0,-0.07718686014413834,-0.1533980816602707,26.942474365234375
10.0,81233.0,-0.0750965103507042,-0.15493206679821014,27.030101776123047
10.0,81240.0,-0.07216838002204895,-0.15493206679821014,26.927265167236328
10.0,81245.0,-0.07005339115858078,-0.1564660519361496,27.02811622619629
10.0,81251.0,-0.06751950830221176,-0.1564660519361496,26.953899383544922
10.0,81256.0,-0.06538809090852737,-0.15800002217292786,27.05479621887207
10.0,81261.0,-0.06325667351484299,-0.1595340073108673,27.39176368713379
10.0,81265.0,-0.06154414638876915,-0.1595340073108673,27.081785202026367
10.0,81270.0,-0.05942915752530098,-0.1595340073108673,27.02604866027832
10.0,81275.0,-0.057301849126815796,-0.16106799244880676,27.11734962463379
10.0,81281.0,-0.05475975200533867,-0.16260196268558502,27.460186004638672
10.0,81288.0,-0.051774125546216965,-0.16260196268558502,27.12335777282715
10.0,81293.0,-0.04967145621776581,-0.16260196268558502,27.04363250732422
10.0,81299.0,-0.04712936282157898,-0.16413594782352448,27.15294647216797
10.0,81305.0,-0.04459548369050026,-0.16413594782352448,27.05897331237793
10.0,81309.0,-0.0424928143620491,-0.16566993296146393,27.185821533203125
10.0,81313.0,-0.040809035301208496,-0.16566993296146393,27.132627487182617
10.0,81318.0,-0.03870636597275734,-0.16566993296146393,27.068607330322266
10.0,81322.0,-0.037026695907115936,-0.1672039031982422,27.444652557373047
10.0,81326.0,-0.035757701843976974,-0.1672039031982422,27.141462326049805
10.0,81332.0,-0.0327967144548893,-0.16873788833618164,27.24125862121582
10.0,81338.0,-0.030258726328611374,-0.16873788833618164,27.16177749633789
10.0,81344.0,-0.0277207400649786,-0.16873788833618164,27.0843448638916
10.0,81351.0,-0.02519507147371769,-0.1702718734741211,27.43549346923828
10.0,81355.0,-0.02351950667798519,-0.1702718734741211,27.122695922851562
10.0,81359.0,-0.021416837349534035,-0.1702718734741211,27.073474884033203
10.0,81363.0,-0.019314168021082878,-0.1702718734741211,27.009693145751953
10.0,81369.0,-0.01763039082288742,-0.17180585861206055,27.138004302978516
10.0,81373.0,-0.015950718894600868,-0.17180585861206055,27.088146209716797
10.0,81377.0,-0.01427515409886837,-0.17180585861206055,27.026567459106445
10.0,81382.0,-0.012184805236756802,-0.1733398288488388,27.155874252319336
10.0,81387.0,-0.009687884710729122,-0.1733398288488388,27.085121154785156
10.0,81393.0,-0.007618069648742676,-0.1733398288488388,27.02688980102539
10.0,81399.0,-0.005125256720930338,-0.1733398288488388,26.955598831176758
10.0,81405.0,-0.002624229993671179,-0.17487381398677826,27.06014060974121
10.0,81411.0,-0.00011909651220776141,-0.1764077991247177,27.414302825927734
10.0,81415.0,0.0019712524954229593,-0.1764077991247177,27.352828979492188
10.0,81422.0,0.004492813255637884,-0.1764077991247177,27.027738571166992
10.0,81427.0,0.007002053316682577,-0.1764077991247177,26.954633712768555
10.0,81433.0,0.009100615978240967,-0.17794176936149597,27.056589126586914
10.0,81439.0,0.011618069373071194,-0.17794176936149597,26.993816375732422
10.0,81445.0,0.014135523699223995,-0.17947575449943542,27.345096588134766
10.0,81449.0,0.01583162136375904,-0.17947575449943542,27.042964935302734
10.0,81453.0,0.017531827092170715,-0.17947575449943542,26.975311279296875
10.0,81459.0,0.020094456151127815,-0.18100973963737488,27.07044219970703
10.0,81464.0,0.022238193079829216,-0.18100973963737488,27.016536712646484
10.0,81470.0,0.024817248806357384,-0.18254372477531433,27.110300064086914
10.0,81475.0,0.026969200000166893,-0.1840776950120926,27.4680233001709
10.0,81480.0,0.029544148594141006,-0.1840776950120926,27.137054443359375
10.0,81485.0,0.03126078099012375,-0.1840776950120926,27.081388473510742
10.0,81489.0,0.03297741338610649,-0.18561168015003204,27.19062042236328
10.0,81493.0,0.03469815105199814,-0.18561168015003204,27.13677406311035
10.0,81498.0,0.036829568445682526,-0.1871456652879715,27.24843978881836
10.0,81504.0,0.03937987610697746,-0.18867963552474976,27.36209487915039
10.0,81509.0,0.0414661206305027,-0.18867963552474976,27.303688049316406
10.0,81515.0,0.04436550289392471,-0.1902136206626892,27.650325775146484
10.0,81521.0,0.046398356556892395,-0.1902136206626892,27.588415145874023
10.0,81528.0,0.04919096454977989,-0.1902136206626892,27.282541275024414
10.0,81533.0,0.05154414847493172,-0.1902136206626892,27.229347229003906
10.0,81540.0,0.05387679487466812,-0.1902136206626892,26.92831802368164
10.0,81544.0,0.05580698326230049,-0.19174760580062866,27.56232261657715
10.0,81550.0,0.05774127319455147,-0.1902136206626892,27.081737518310547
10.0,81556.0,0.06006570905447006,-0.1902136206626892,27.034912109375
10.0,81562.0,0.06237371638417244,-0.19174760580062866,27.160812377929688
10.0,81568.0,0.06467761844396591,-0.19174760580062866,27.10638427734375
10.0,81573.0,0.06659547984600067,-0.19174760580062866,27.05132293701172
10.0,81579.0,0.06891170144081116,-0.19174760580062866,27.00120735168457
10.0,81584.0,0.07085420936346054,-0.19174760580062866,26.93870735168457
10.0,81590.0,0.07320739328861237,-0.19328159093856812,27.049880981445312
10.0,81595.0,0.07517454028129578,-0.19328159093856812,26.99258804321289
10.0,81601.0,0.07756879180669785,-0.19481556117534637,27.359683990478516
10.0,81608.0,0.08037782460451126,-0.19481556117534637,27.009838104248047
10.0,81612.0,0.0820000022649765,-0.19481556117534637,26.956157684326172
10.0,81616.0,0.08361806720495224,-0.19634954631328583,27.082382202148438
10.0,81621.0,0.08564681559801102,-0.19634954631328583,27.02997589111328
10.0,81629.0,0.08887884765863419,-0.19788353145122528,27.10548973083496
10.0,81633.0,0.0904804915189743,-0.19941750168800354,27.234508514404297
10.0,81637.0,0.09208624064922333,-0.19941750168800354,27.171770095825195
10.0,81641.0,0.09367967396974564,-0.19941750168800354,27.122779846191406
10.0,81645.0,0.09527720510959625,-0.200951486825943,27.25098991394043
10.0,81650.0,0.09726078063249588,-0.20248547196388245,27.61781120300293
10.0,81657.0,0.10004106909036636,-0.20248547196388245,27.28398323059082
10.0,81662.0,0.10199999809265137,-0.2040194571018219,27.405441284179688
10.0,81666.0,0.10394661128520966,-0.2040194571018219,27.360244750976562
10.0,81675.0,0.1069733053445816,-0.20555342733860016,27.46217918395996
10.0,81685.0,0.11062012612819672,-0.20555342733860016,27.80207633972168
10.0,81696.0,0.11443942785263062,-0.2070874124765396,27.487457275390625
10.0,81704.0,0.1171252578496933,-0.2070874124765396,27.452993392944336
10.0,81708.0,0.1184312105178833,-0.2070874124765396,27.43022918701172
10.0,81713.0,0.12007392197847366,-0.20555342733860016,27.22658348083496
10.0,81719.0,0.12202053517103195,-0.20555342733860016,27.197017669677734
10.0,81723.0,0.12333059310913086,-0.20555342733860016,27.175678253173828
10.0,81727.0,0.12496509402990341,-0.20555342733860016,27.151094436645508
10.0,81733.0,0.12695276737213135,-0.20555342733860016,27.109750747680664
10.0,81738.0,0.12829157710075378,-0.20555342733860016,27.071063995361328
10.0,81744.0,0.13032853603363037,-0.20555342733860016,27.0269832611084
10.0,81750.0,0.1324065774679184,-0.2070874124765396,27.146730422973633
10.0,81755.0,0.1341848075389862,-0.2070874124765396,27.089962005615234
10.0,81760.0,0.13597945868968964,-0.20862139761447906,27.19731330871582
10.0,81765.0,0.1378069818019867,-0.21015536785125732,27.559078216552734
10.0,81769.0,0.13927720487117767,-0.21015536785125732,27.25958824157715
10.0,81773.0,0.14073511958122253,-0.21015536785125732,27.63857650756836
10.0,81778.0,0.14254209399223328,-0.21168935298919678,27.340885162353516
10.0,81781.0,0.1439753621816635,-0.21322333812713623,27.472990036010742
10.0,81786.0,0.14538809657096863,-0.21322333812713623,27.4186954498291
10.0,81790.0,0.14678439497947693,-0.21322333812713623,27.37795066833496
10.0,81794.0,0.1481683850288391,-0.21475732326507568,27.515092849731445
10.0,81800.0,0.15021765232086182,-0.21475732326507568,27.470172882080078
10.0,81804.0,0.15154825150966644,-0.21629129350185394,27.614587783813477
10.0,81809.0,0.1531868577003479,-0.21629129350185394,27.575864791870117
10.0,81814.0,0.15478849411010742,-0.21629129350185394,27.540388107299805
10.0,81818.0,0.15604107081890106,-0.2178252786397934,27.68767738342285
10.0,81822.0,0.15726488828659058,-0.2178252786397934,27.6689453125
10.0,81826.0,0.15845584869384766,-0.2178252786397934,27.65239715576172
10.0,81831.0,0.1599014401435852,-0.2178252786397934,27.635486602783203
10.0,81835.0,0.16103491187095642,-0.2178252786397934,27.62157440185547
10.0,81839.0,0.16214784979820251,-0.21629129350185394,27.184736251831055
10.0,81843.0,0.1632402390241623,-0.21629129350185394,27.42630958557129
10.0,81848.0,0.16459548473358154,-0.21629129350185394,27.41403579711914
10.0,81851.0,0.16569198668003082,-0.21629129350185394,27.399349212646484
10.0,81856.0,0.1667967140674591,-0.21629129350185394,27.383161544799805
10.0,81863.0,0.16871868073940277,-0.21629129350185394,27.354612350463867
10.0,81868.0,0.17009034752845764,-0.21629129350185394,27.33094024658203
10.0,81872.0,0.17119507491588593,-0.21629129350185394,27.303943634033203
10.0,81878.0,0.17287063598632812,-0.21629129350185394,27.274633407592773
10.0,81882.0,0.17397946119308472,-0.21629129350185394,27.24513053894043
10.0,81888.0,0.17567145824432373,-0.2178252786397934,27.38803482055664
10.0,81892.0,0.17681314051151276,-0.2178252786397934,27.349567413330078
10.0,81898.0,0.17854620516300201,-0.2178252786397934,27.299213409423828
10.0,81903.0,0.18027515709400177,-0.21935926377773285,27.437271118164062
10.0,81910.0,0.18203285336494446,-0.21935926377773285,27.381858825683594
10.0,81914.0,0.1831950694322586,-0.2208932340145111,27.524261474609375
10.0,81919.0,0.18466119468212128,-0.2208932340145111,27.477298736572266
10.0,81923.0,0.18581520020961761,-0.22242721915245056,27.61199188232422
10.0,81928.0,0.18725667893886566,-0.22242721915245056,27.57520866394043
10.0,81932.0,0.18839424848556519,-0.22396120429039001,27.715173721313477
10.0,81936.0,0.18950307369232178,-0.22396120429039001,27.684459686279297
10.0,81941.0,0.19086652994155884,-0.22396120429039001,27.656858444213867
10.0,81945.0,0.19191375374794006,-0.22549518942832947,27.807029724121094
10.0,81951.0,0.19347433745861053,-0.22549518942832947,27.774412155151367
10.0,81956.0,0.19496098160743713,-0.22549518942832947,27.755512237548828
10.0,81961.0,0.19593429565429688,-0.22549518942832947,27.734832763671875
10.0,81965.0,0.1968788504600525,-0.22702915966510773,27.903247833251953
10.0,81969.0,0.19779466092586517,-0.22702915966510773,27.890914916992188
10.0,81974.0,0.19916632771492004,-0.22702915966510773,27.87833023071289
10.0,81980.0,0.200250506401062,-0.22702915966510773,27.870725631713867
10.0,81993.0,0.20292812585830688,-0.22549518942832947,27.683652877807617
10.0,81998.0,0.20393839478492737,-0.22549518942832947,27.678720474243164
10.0,82002.0,0.20475153625011444,-0.22549518942832947,27.668899536132812
10.0,82006.0,0.2055564671754837,-0.22549518942832947,27.663131713867188
10.0,82011.0,0.20655441284179688,-0.22549518942832947,27.653573989868164
10.0,82016.0,0.20753182470798492,-0.22549518942832947,27.649375915527344
10.0,82021.0,0.20848870277404785,-0.22549518942832947,27.642162322998047
10.0,82025.0,0.20924845337867737,-0.22549518942832947,27.636648178100586
10.0,82030.0,0.2102176547050476,-0.22549518942832947,27.620914459228516
10.0,82035.0,0.21118275821208954,-0.22549518942832947,27.607147216796875
10.0,82041.0,0.21251334249973297,-0.22549518942832947,27.592191696166992
10.0,82047.0,0.2136509269475937,-0.22549518942832947,27.574060440063477
10.0,82054.0,0.21479672193527222,-0.22549518942832947,27.547704696655273
10.0,82059.0,0.21577413380146027,-0.22549518942832947,27.528348922729492
10.0,82064.0,0.21676796674728394,-0.22702915966510773,27.92455291748047
10.0,82073.0,0.21855852007865906,-0.22702915966510773,27.629573822021484
10.0,82079.0,0.21974126994609833,-0.22856314480304718,27.7691707611084
10.0,82084.0,0.22072279453277588,-0.22856314480304718,27.746471405029297
10.0,82089.0,0.22170841693878174,-0.22856314480304718,27.716527938842773
10.0,82093.0,0.22248460352420807,-0.23009712994098663,27.866790771484375
10.0,82099.0,0.22361396253108978,-0.23009712994098663,27.843568801879883
10.0,82103.0,0.22432854771614075,-0.2316311001777649,28.007339477539062
10.0,82107.0,0.2250307947397232,-0.2316311001777649,27.993213653564453
10.0,82113.0,0.22602464258670807,-0.2316311001777649,27.979999542236328
10.0,82118.0,0.2269774079322815,-0.2316311001777649,27.968664169311523
10.0,82123.0,0.22758932411670685,-0.23316508531570435,28.39073371887207
10.0,82129.0,0.2284681797027588,-0.23316508531570435,28.387420654296875
10.0,82134.0,0.22914168238639832,-0.2316311001777649,27.963558197021484
10.0,82139.0,0.22990554571151733,-0.2316311001777649,27.969924926757812
10.0,82145.0,0.23049691319465637,-0.2316311001777649,27.979055404663086
10.0,82150.0,0.2310800850391388,-0.2316311001777649,27.98993492126465
10.0,82155.0,0.2317453771829605,-0.2316311001777649,27.997682571411133
10.0,82162.0,0.23242299258708954,-0.2316311001777649,28.005094528198242
10.0,82167.0,0.23307186365127563,-0.2316311001777649,28.011056900024414
10.0,82173.0,0.2335934340953827,-0.2316311001777649,28.02147102355957
10.0,82180.0,0.23426693677902222,-0.23009712994098663,27.857328414916992
10.0,82184.0,0.23463654518127441,-0.23009712994098663,27.867504119873047
10.0,82188.0,0.2350800782442093,-0.23009712994098663,27.87434959411621
10.0,82195.0,0.23561395704746246,-0.23009712994098663,27.886127471923828
10.0,82199.0,0.23596303164958954,-0.23009712994098663,27.891345977783203
10.0,82203.0,0.23632033169269562,-0.22856314480304718,27.716211318969727
10.0,82207.0,0.23674742877483368,-0.22856314480304718,27.720178604125977
10.0,82213.0,0.23730595409870148,-0.22856314480304718,27.714797973632812
10.0,82217.0,0.2376960963010788,-0.23009712994098663,27.88715362548828
10.0,82221.0,0.23809856176376343,-0.23009712994098663,27.87810516357422
10.0,82225.0,0.23851744830608368,-0.23009712994098663,27.866823196411133
10.0,82229.0,0.23891581594944,-0.23009712994098663,27.858558654785156
10.0,82235.0,0.23942095041275024,-0.2316311001777649,28.01923370361328
10.0,82243.0,0.24020123481750488,-0.2316311001777649,28.003299713134766
10.0,82247.0,0.24065297842025757,-0.2316311001777649,27.99700927734375
10.0,82251.0,0.24098563194274902,-0.23316508531570435,28.171892166137695
10.0,82256.0,0.24138809740543365,-0.23316508531570435,28.170629501342773
10.0,82261.0,0.24167145788669586,-0.23316508531570435,28.17135238647461
10.0,82268.0,0.24214373528957367,-0.23316508531570435,28.17454719543457
10.0,82274.0,0.24251745641231537,-0.23316508531570435,28.181392669677734
10.0,82279.0,0.24280492961406708,-0.23316508531570435,28.1860408782959
10.0,82284.0,0.24314168095588684,-0.23316508531570435,28.190053939819336
10.0,82290.0,0.24342505633831024,-0.2346990704536438,28.372827529907227
10.0,82295.0,0.2436591386795044,-0.2346990704536438,28.381139755249023
10.0,82301.0,0.24391786754131317,-0.2346990704536438,28.39308738708496
10.0,82308.0,0.2441314160823822,-0.2346990704536438,28.41561508178711
10.0,82314.0,0.24425050616264343,-0.2346990704536438,28.43851661682129
10.0,82319.0,0.2443080097436905,-0.23316508531570435,28.29092025756836
10.0,82324.0,0.2443244308233261,-0.23316508531570435,28.312143325805664
10.0,82328.0,0.2443244308233261,-0.23316508531570435,28.33418083190918
10.0,82332.0,0.2443285435438156,-0.23316508531570435,28.35332679748535
10.0,82336.0,0.2443285435438156,-0.23316508531570435,28.37163543701172
10.0,82341.0,0.2443285435438156,-0.2316311001777649,28.21462059020996
10.0,82347.0,0.24433675408363342,-0.2316311001777649,28.23799705505371
10.0,82353.0,0.24434496462345123,-0.2316311001777649,28.25455093383789
10.0,82357.0,0.24434496462345123,-0.2316311001777649,28.269054412841797
10.0,82363.0,0.24434496462345123,-0.2316311001777649,28.284189224243164
10.0,82370.0,0.24434496462345123,-0.2316311001777649,28.298898696899414
10.0,82374.0,0.24434496462345123,-0.2316311001777649,28.305959701538086
10.0,82380.0,0.24434496462345123,-0.23316508531570435,28.491453170776367
10.0,82386.0,0.24434496462345123,-0.23316508531570435,28.499671936035156
10.0,82391.0,0.24434496462345123,-0.23316508531570435,28.503990173339844
10.0,82395.0,0.24434496462345123,-0.23316508531570435,28.50655746459961
10.0,82399.0,0.24434496462345123,-0.2346990704536438,28.935768127441406
10.0,82405.0,0.24434496462345123,-0.2346990704536438,28.68759536743164
10.0,82409.0,0.24434086680412292,-0.2346990704536438,28.689756393432617
10.0,82415.0,0.24433675408363342,-0.23623304069042206,28.865999221801758
10.0,82419.0,0.24433675408363342,-0.23623304069042206,28.864137649536133
10.0,82424.0,0.2443203330039978,-0.2377670258283615,29.042444229125977
10.0,82429.0,0.2443080097436905,-0.2377670258283615,29.04041290283203
10.0,82436.0,0.24426694214344025,-0.23930101096630096,29.217897415161133
10.0,82441.0,0.24422587454319,-0.23930101096630096,29.22047233581543
10.0,82447.0,0.24415194988250732,-0.24083499610424042,29.400266647338867
10.0,82452.0,0.24406981468200684,-0.24083499610424042,29.83376121520996
10.0,82460.0,0.24389733374118805,-0.24236896634101868,29.595853805541992
10.0,82467.0,0.2436591386795044,-0.24390295147895813,29.787097930908203
10.0,82473.0,0.2434784322977066,-0.24543693661689758,30.229333877563477
10.0,82479.0,0.24324025213718414,-0.24543693661689758,29.995882034301758
10.0,82486.0,0.24287064373493195,-0.24697090685367584,30.20606803894043
10.0,82491.0,0.24257494509220123,-0.24697090685367584,30.237546920776367
10.0,82497.0,0.24210678040981293,-0.24697090685367584,30.27617073059082
10.0,82502.0,0.24155236780643463,-0.24697090685367584,30.32879066467285
10.0,82507.0,0.24111293256282806,-0.24697090685367584,30.3841552734375
10.0,82511.0,0.24062833189964294,-0.24697090685367584,30.433744430541992
10.0,82517.0,0.23979465663433075,-0.24543693661689758,30.343584060668945
10.0,82521.0,0.23917454481124878,-0.24390295147895813,29.97818374633789
10.0,82525.0,0.23852567374706268,-0.24390295147895813,30.292776107788086
10.0,82529.0,0.23783573508262634,-0.24236896634101868,30.17912483215332
10.0,82533.0,0.237137570977211,-0.24236896634101868,30.245059967041016
10.0,82538.0,0.23623408377170563,-0.24083499610424042,30.13216209411621
10.0,82542.0,0.23548665642738342,-0.23930101096630096,30.0203800201416
10.0,82547.0,0.234525665640831,-0.2377670258283615,29.942947387695312
10.0,82552.0,0.23333880305290222,-0.23623304069042206,29.598228454589844
10.0,82558.0,0.23234085738658905,-0.2346990704536438,29.763429641723633
10.0,82565.0,0.230985626578331,-0.23316508531570435,29.41893196105957
10.0,82569.0,0.2302464097738266,-0.23316508531570435,29.71609115600586
10.0,82573.0,0.22951950132846832,-0.2316311001777649,29.344356536865234
10.0,82578.0,0.22863654792308807,-0.2316311001777649,29.634973526000977
10.0,82583.0,0.22779054939746857,-0.2316311001777649,29.683334350585938
10.0,82587.0,0.2269938439130783,-0.2316311001777649,29.710739135742188
10.0,82591.0,0.22637782990932465,-0.2316311001777649,29.73346710205078
10.0,82598.0,0.22551129758358002,-0.2316311001777649,29.75966453552246
10.0,82604.0,0.22466941177845,-0.2316311001777649,29.78019905090332
10.0,82609.0,0.2240000069141388,-0.23316508531570435,30.219911575317383
10.0,82614.0,0.22332237660884857,-0.23316508531570435,29.986278533935547
10.0,82619.0,0.22264476120471954,-0.2346990704536438,30.180063247680664
10.0,82625.0,0.22179466485977173,-0.2346990704536438,30.19870948791504
10.0,82630.0,0.22105954587459564,-0.2346990704536438,30.22376251220703
10.0,82636.0,0.22013552486896515,-0.23623304069042206,30.425573348999023
10.0,82641.0,0.21931417286396027,-0.23623304069042206,30.465070724487305
10.0,82646.0,0.21843942999839783,-0.23623304069042206,30.50648307800293
10.0,82652.0,0.2172895222902298,-0.23623304069042206,30.567039489746094
10.0,82658.0,0.21603696048259735,-0.23623304069042206,30.640647888183594
10.0,82663.0,0.21491169929504395,-0.23623304069042206,30.70928382873535
10.0,82669.0,0.2134866565465927,-0.2346990704536438,30.604068756103516
10.0,82674.0,0.21221765875816345,-0.23316508531570435,30.526376724243164
10.0,82679.0,0.21089527010917664,-0.2316311001777649,30.18501853942871
10.0,82683.0,0.20979876816272736,-0.2316311001777649,30.507020950317383
10.0,82687.0,0.20868171751499176,-0.23009712994098663,30.39818000793457
10.0,82692.0,0.20729362964630127,-0.22856314480304718,30.039600372314453
10.0,82696.0,0.20616015791893005,-0.22856314480304718,30.359630584716797
10.0,82700.0,0.20503079891204834,-0.22702915966510773,30.2636661529541
10.0,82706.0,0.20333880186080933,-0.22549518942832947,30.180931091308594
10.0,82711.0,0.20165914297103882,-0.22396120429039001,29.826364517211914
10.0,82717.0,0.19997535645961761,-0.22396120429039001,30.163972854614258
10.0,82724.0,0.19832853972911835,-0.22242721915245056,30.062284469604492
10.0,82729.0,0.1969815194606781,-0.2208932340145111,29.945079803466797
10.0,82734.0,0.1956755667924881,-0.2208932340145111,30.003503799438477
10.0,82741.0,0.19388501346111298,-0.2208932340145111,30.059850692749023
10.0,82745.0,0.1928911656141281,-0.2208932340145111,30.090526580810547
10.0,82749.0,0.19191375374794006,-0.2208932340145111,30.119976043701172
10.0,82753.0,0.1909322440624237,-0.2208932340145111,30.148624420166016
10.0,82758.0,0.18973717093467712,-0.2208932340145111,30.187070846557617
10.0,82763.0,0.1885092407464981,-0.2208932340145111,30.224016189575195
10.0,82768.0,0.1873018443584442,-0.2208932340145111,30.247243881225586
10.0,82772.0,0.18632443249225616,-0.2208932340145111,30.27577781677246
10.0,82776.0,0.1853388100862503,-0.22242721915245056,30.480484008789062
10.0,82781.0,0.18409855663776398,-0.22242721915245056,30.527324676513672
10.0,82787.0,0.18251334130764008,-0.22242721915245056,30.584545135498047
10.0,82793.0,0.18061190843582153,-0.22242721915245056,30.646751403808594
10.0,82798.0,0.17948254942893982,-0.22242721915245056,30.691959381103516
10.0,82803.0,0.17774127423763275,-0.2208932340145111,30.58795738220215
10.0,82809.0,0.175926074385643,-0.2208932340145111,30.669971466064453
10.0,82815.0,0.17439013719558716,-0.21935926377773285,30.57435417175293
10.0,82821.0,0.1724846065044403,-0.21935926377773285,30.664072036743164
10.0,82825.0,0.17119507491588593,-0.2178252786397934,30.547941207885742
10.0,82831.0,0.1692197173833847,-0.2178252786397934,30.624755859375
10.0,82835.0,0.1678973287343979,-0.21629129350185394,30.508251190185547
10.0,82839.0,0.16654619574546814,-0.21629129350185394,30.589380264282227
10.0,82843.0,0.16518275439739227,-0.21475732326507568,30.47480583190918
10.0,82847.0,0.16347022354602814,-0.21475732326507568,30.538862228393555
10.0,82852.0,0.16209445893764496,-0.21322333812713623,30.42334747314453
10.0,82858.0,0.16001231968402863,-0.21168935298919678,30.34011459350586
10.0,82863.0,0.1579425036907196,-0.21015536785125732,30.249778747558594
10.0,82871.0,0.15554414689540863,-0.21015536785125732,30.348533630371094
10.0,82876.0,0.1538439393043518,-0.20862139761447906,30.25067710876465
10.0,82881.0,0.152151957154274,-0.20862139761447906,30.30160903930664
10.0,82888.0,0.14947843551635742,-0.20862139761447906,30.395381927490234
10.0,82893.0,0.14813552796840668,-0.2070874124765396,30.277692794799805
10.0,82899.0,0.14616838097572327,-0.2070874124765396,30.32668113708496
10.0,82904.0,0.1445256620645523,-0.2070874124765396,30.379146575927734
10.0,82909.0,0.14289937913417816,-0.2070874124765396,30.42940902709961
10.0,82913.0,0.14158110320568085,-0.2070874124765396,30.470884323120117
10.0,82917.0,0.14027105271816254,-0.2070874124765396,30.510753631591797
10.0,82921.0,0.13894866406917572,-0.20555342733860016,30.37480354309082
10.0,82924.0,0.13760575652122498,-0.20555342733860016,30.419254302978516
10.0,82928.0,0.1365954875946045,-0.20555342733860016,30.462926864624023
10.0,82932.0,0.13525667786598206,-0.20555342733860016,30.50495147705078
10.0,82936.0,0.1339014321565628,-0.20555342733860016,30.53987693786621
10.0,82940.0,0.13253387808799744,-0.20555342733860016,30.584253311157227
10.0,82943.0,0.13150307536125183,-0.20555342733860016,30.63092803955078
10.0,82947.0,0.13010677695274353,-0.2040194571018219,30.253114700317383
10.0,82951.0,0.12870225310325623,-0.2040194571018219,30.55263900756836
10.0,82956.0,0.12657494843006134,-0.2040194571018219,30.616039276123047
10.0,82962.0,0.12477617710828781,-0.2040194571018219,30.69353485107422
10.0,82968.0,0.12259548157453537,-0.20248547196388245,30.59922981262207
10.0,82973.0,0.12073100358247757,-0.20248547196388245,30.670696258544922
10.0,82979.0,0.11848460137844086,-0.200951486825943,30.31690216064453
10.0,82982.0,0.11733880639076233,-0.200951486825943,30.628860473632812
10.0,82988.0,0.11502669751644135,-0.200951486825943,30.706085205078125
10.0,82993.0,0.11306365579366684,-0.19941750168800354,30.623706817626953
10.0,83000.0,0.11030800640583038,-0.19788353145122528,30.542577743530273
10.0,83004.0,0.10870225727558136,-0.19634954631328583,30.181442260742188
10.0,83008.0,0.10710883140563965,-0.19634954631328583,30.50872802734375
10.0,83015.0,0.10392607748508453,-0.19481556117534637,30.44023323059082
10.0,83020.0,0.10234496742486954,-0.19328159093856812,30.32061767578125
10.0,83024.0,0.10076797008514404,-0.19328159093856812,30.378488540649414
10.0,83028.0,0.09919917583465576,-0.19328159093856812,30.4472713470459
10.0,83032.0,0.09763860702514648,-0.19174760580062866,30.323392868041992
10.0,83036.0,0.09608624130487442,-0.19174760580062866,30.37436866760254
10.0,83040.0,0.09417248517274857,-0.1902136206626892,29.994586944580078
10.0,83044.0,0.09302258491516113,-0.1902136206626892,30.292678833007812
10.0,83049.0,0.0911334678530693,-0.1902136206626892,30.335866928100586
10.0,83053.0,0.08964681625366211,-0.1902136206626892,30.376766204833984
10.0,83057.0,0.08815605938434601,-0.1902136206626892,30.427608489990234
10.0,83063.0,0.08595893532037735,-0.1902136206626892,30.47652244567871
10.0,83068.0,0.08413141965866089,-0.1902136206626892,30.53123664855957
10.0,83072.0,0.08267761766910553,-0.1902136206626892,30.569488525390625
10.0,83076.0,0.08120328187942505,-0.1902136206626892,30.609207153320312
10.0,83081.0,0.07936345040798187,-0.1902136206626892,30.65836524963379
10.0,83086.0,0.07751129567623138,-0.1902136206626892,30.701393127441406
10.0,83090.0,0.07599999755620956,-0.1902136206626892,30.75809097290039
10.0,83094.0,0.07448049634695053,-0.1902136206626892,30.806535720825195
10.0,83099.0,0.07253798842430115,-0.18867963552474976,30.69268035888672
10.0,83105.0,0.07015194743871689,-0.18867963552474976,30.76561737060547
10.0,83111.0,0.06771663576364517,-0.18867963552474976,30.854509353637695
10.0,83115.0,0.06606981158256531,-0.1871456652879715,30.73859405517578
10.0,83121.0,0.06356057524681091,-0.18561168015003204,30.657472610473633
10.0,83126.0,0.06103901565074921,-0.18561168015003204,30.754409790039062
10.0,83131.0,0.059342917054891586,-0.1840776950120926,30.659194946289062
10.0,83137.0,0.05677207559347153,-0.18254372477531433,30.582582473754883
10.0,83142.0,0.05461191013455391,-0.18100973963737488,30.239627838134766
10.0,83146.0,0.05288706347346306,-0.18100973963737488,30.55527687072754
10.0,83151.0,0.05073511227965355,-0.17947575449943542,30.441383361816406
10.0,83155.0,0.04900616034865379,-0.17947575449943542,30.507619857788086
10.0,83159.0,0.0468706376850605,-0.17794176936149597,30.406024932861328
10.0,83164.0,0.04517043009400368,-0.17794176936149597,30.465190887451172
10.0,83169.0,0.043071869760751724,-0.1764077991247177,30.356969833374023
10.0,83175.0,0.040566734969615936,-0.1764077991247177,30.450077056884766
10.0,83181.0,0.03810266777873039,-0.17487381398677826,30.3352108001709
10.0,83186.0,0.03565913811326027,-0.1733398288488388,30.22808074951172
10.0,83192.0,0.0332648865878582,-0.1733398288488388,30.291906356811523
10.0,83196.0,0.03207392245531082,-0.1733398288488388,30.335548400878906
10.0,83202.0,0.029712526127696037,-0.1733398288488388,30.39395523071289
10.0,83208.0,0.027006160467863083,-0.1733398288488388,30.447650909423828
10.0,83213.0,0.02546611987054348,-0.1733398288488388,30.48519515991211
10.0,83217.0,0.023930184543132782,-0.1733398288488388,30.52964210510254
10.0,83224.0,0.021260781213641167,-0.1733398288488388,30.58270263671875
10.0,83228.0,0.019728953018784523,-0.1733398288488388,30.62995719909668
10.0,83232.0,0.01818891242146492,-0.1733398288488388,30.666793823242188
10.0,83236.0,0.016644764691591263,-0.1733398288488388,30.70729637145996
10.0,83240.0,0.015088295564055443,-0.1733398288488388,30.75115966796875
10.0,83244.0,0.013511293567717075,-0.1733398288488388,30.795202255249023
10.0,83249.0,0.011125256307423115,-0.17180585861206055,30.42666244506836
10.0,83255.0,0.009100615978240967,-0.17180585861206055,30.753124237060547
10.0,83260.0,0.0070554413832724094,-0.17180585861206055,30.806547164916992
10.0,83264.0,0.0054127308540046215,-0.1702718734741211,30.432153701782227
10.0,83270.0,0.0029034907929599285,-0.1702718734741211,30.782981872558594
10.0,83274.0,0.0012279261136427522,-0.1702718734741211,30.841304779052734
10.0,83279.0,-0.0008911704062484205,-0.16873788833618164,30.723669052124023
10.0,83284.0,-0.0034537988249212503,-0.1672039031982422,30.6368350982666
10.0,83290.0,-0.005605749320238829,-0.1672039031982422,30.302003860473633
10.0,83296.0,-0.008201232179999352,-0.16566993296146393,30.63224220275879
10.0,83302.0,-0.010800821706652641,-0.16413594782352448,30.562402725219727
10.0,83306.0,-0.012521560303866863,-0.16260196268558502,30.443187713623047
10.0,83310.0,-0.014669404365122318,-0.16260196268558502,30.503902435302734
10.0,83316.0,-0.016788501292467117,-0.16260196268558502,30.15867042541504
10.0,83321.0,-0.018891170620918274,-0.16106799244880676,30.460834503173828
10.0,83326.0,-0.02099383994936943,-0.1595340073108673,30.350130081176758
10.0,83331.0,-0.023084189742803574,-0.1595340073108673,30.427330017089844
10.0,83336.0,-0.025145791471004486,-0.1595340073108673,30.738130569458008
10.0,83341.0,-0.027195071801543236,-0.15800002217292786,30.366239547729492
10.0,83345.0,-0.028809035196900368,-0.15800002217292786,30.410667419433594
10.0,83349.0,-0.030817247927188873,-0.1564660519361496,30.27618980407715
10.0,83353.0,-0.03241067752242088,-0.1564660519361496,30.31654167175293
10.0,83358.0,-0.03397946432232857,-0.1564660519361496,30.364089965820312
10.0,83362.0,-0.035544149577617645,-0.15493206679821014,30.224937438964844
10.0,83367.0,-0.03748254477977753,-0.1564660519361496,30.445314407348633
10.0,83373.0,-0.03977002203464508,-0.1564660519361496,30.489578247070312
10.0,83378.0,-0.042057495564222336,-0.1564660519361496,30.791624069213867
10.0,83384.0,-0.043967146426439285,-0.15493206679821014,30.417142868041992
10.0,83388.0,-0.04547844082117081,-0.15493206679821014,30.45029067993164
10.0,83394.0,-0.04773716628551483,-0.15493206679821014,30.49367332458496
10.0,83400.0,-0.04998357221484184,-0.15493206679821014,30.545520782470703
10.0,83404.0,-0.05148254707455635,-0.15493206679821014,30.58820915222168
10.0,83408.0,-0.053367555141448975,-0.15493206679821014,30.62629508972168
10.0,83414.0,-0.055268995463848114,-0.15493206679821014,30.686132431030273
10.0,83419.0,-0.05718275159597397,-0.1533980816602707,30.55014991760254
10.0,83423.0,-0.05873921886086464,-0.15493206679821014,30.773895263671875
10.0,83427.0,-0.0602874755859375,-0.1533980816602707,30.651369094848633
10.0,83432.0,-0.062238194048404694,-0.15186409652233124,30.282922744750977
10.0,83438.0,-0.06460369378328323,-0.15186409652233124,30.343595504760742
10.0,83443.0,-0.06659137457609177,-0.15186409652233124,30.682477951049805
10.0,83449.0,-0.06898973137140274,-0.15033012628555298,30.570871353149414
10.0,83453.0,-0.07059548050165176,-0.14879614114761353,30.194808959960938
10.0,83458.0,-0.07259958982467651,-0.14879614114761353,30.497846603393555
10.0,83465.0,-0.07539219409227371,-0.14879614114761353,30.586942672729492
10.0,83469.0,-0.07699383795261383,-0.14726215600967407,30.461254119873047
10.0,83473.0,-0.07857905328273773,-0.14726215600967407,30.510412216186523
10.0,83477.0,-0.08016426861286163,-0.1457281857728958,30.39764404296875
10.0,83481.0,-0.08174127340316772,-0.14419420063495636,30.013643264770508
10.0,83487.0,-0.08406160026788712,-0.14419420063495636,30.329330444335938
10.0,83492.0,-0.08595893532037735,-0.14419420063495636,30.37974739074707
10.0,83498.0,-0.08821355551481247,-0.1426602154970169,30.250503540039062
10.0,83504.0,-0.09043531864881516,-0.1426602154970169,30.305830001831055
10.0,83509.0,-0.09227104485034943,-0.1426602154970169,30.359413146972656
10.0,83516.0,-0.09481313824653625,-0.14112623035907745,29.984237670898438
10.0,83521.0,-0.09659958630800247,-0.14112623035907745,30.279537200927734
10.0,83527.0,-0.09907186776399612,-0.14112623035907745,30.325695037841797
10.0,83533.0,-0.10080903768539429,-0.14112623035907745,30.3682861328125
10.0,83539.0,-0.10288706421852112,-0.14112623035907745,30.40631103515625
10.0,83547.0,-0.10601232200860977,-0.1395922601222992,30.298919677734375
10.0,83552.0,-0.10774127393960953,-0.1395922601222992,30.33772850036621
10.0,83559.0,-0.10981930047273636,-0.1395922601222992,30.38712501525879
10.0,83564.0,-0.11187679320573807,-0.1395922601222992,30.435047149658203
10.0,83570.0,-0.11360985785722733,-0.1395922601222992,30.478662490844727
10.0,83577.0,-0.11604106426239014,-0.13805827498435974,30.375577926635742
10.0,83581.0,-0.11743326485157013,-0.13805827498435974,30.41008186340332
10.0,83587.0,-0.11953182518482208,-0.1365242898464203,30.293296813964844
10.0,83599.0,-0.12371663004159927,-0.1365242898464203,30.408231735229492
10.0,83603.0,-0.12510061264038086,-0.13499031960964203,30.268842697143555
10.0,83607.0,-0.12683777511119843,-0.13499031960964203,30.30984115600586
10.0,83612.0,-0.128205344080925,-0.13499031960964203,30.34529685974121
10.0,83616.0,-0.12957699596881866,-0.13345633447170258,30.205482482910156
10.0,83620.0,-0.13094866275787354,-0.13345633447170258,30.25354766845703
10.0,83624.0,-0.13230390846729279,-0.13345633447170258,30.289018630981445
10.0,83629.0,-0.1339917927980423,-0.13192234933376312,30.155576705932617
10.0,83635.0,-0.13597945868968964,-0.13192234933376312,30.1968994140625
10.0,83640.0,-0.1376221776008606,-0.13192234933376312,30.2374210357666
10.0,83645.0,-0.13922381401062012,-0.13038836419582367,30.102663040161133
10.0,83651.0,-0.14112114906311035,-0.13038836419582367,30.134618759155273
10.0,83656.0,-0.14267762005329132,-0.13038836419582367,30.175146102905273
10.0,83662.0,-0.1448049247264862,-0.13038836419582367,30.206655502319336
10.0,83668.0,-0.14661191403865814,-0.13038836419582367,30.24074935913086
10.0,83674.0,-0.14810267090797424,-0.13038836419582367,30.2701358795166
10.0,83679.0,-0.14959342777729034,-0.1288543939590454,29.874794006347656
10.0,83685.0,-0.15135934948921204,-0.1288543939590454,30.156612396240234
10.0,83689.0,-0.15251745283603668,-0.1288543939590454,30.18070411682129
10.0,83695.0,-0.15425051748752594,-0.1288543939590454,30.209604263305664
10.0,83701.0,-0.15595072507858276,-0.1288543939590454,30.243896484375
10.0,83706.0,-0.1576550304889679,-0.1288543939590454,30.27192497253418
10.0,83711.0,-0.1587761789560318,-0.1288543939590454,30.293161392211914
10.0,83718.0,-0.16077207028865814,-0.1288543939590454,30.337148666381836
10.0,83722.0,-0.16189321875572205,-0.1288543939590454,30.360647201538086
10.0,83726.0,-0.16304312646389008,-0.1288543939590454,30.389812469482422
10.0,83730.0,-0.1641848087310791,-0.12732040882110596,30.247041702270508
10.0,83734.0,-0.16534702479839325,-0.12732040882110596,30.281435012817383
10.0,83739.0,-0.1668008267879486,-0.12732040882110596,30.310426712036133
10.0,83743.0,-0.16794250905513763,-0.12732040882110596,30.341039657592773
10.0,83747.0,-0.16910061240196228,-0.1257864236831665,30.19658851623535
10.0,83752.0,-0.1705133467912674,-0.1257864236831665,30.239219665527344
10.0,83758.0,-0.17222587764263153,-0.12425244599580765,30.107789993286133
10.0,83762.0,-0.17333470284938812,-0.12425244599580765,30.135866165161133
10.0,83768.0,-0.17500616610050201,-0.12425244599580765,30.178939819335938
10.0,83772.0,-0.17609445750713348,-0.12425244599580765,30.204313278198242
10.0,83776.0,-0.17719095945358276,-0.12271846830844879,29.80698585510254
10.0,83782.0,-0.1788172423839569,-0.12271846830844879,30.08867835998535
10.0,83785.0,-0.17988911271095276,-0.12271846830844879,30.116182327270508
10.0,83789.0,-0.18069404363632202,-0.12271846830844879,30.14128303527832
10.0,83793.0,-0.18174538016319275,-0.12118448317050934,29.98847198486328
10.0,83799.0,-0.18330594897270203,-0.12118448317050934,30.017807006835938
10.0,83805.0,-0.18480081856250763,-0.12118448317050934,30.04439353942871
10.0,83811.0,-0.1862751543521881,-0.12118448317050934,30.072656631469727
10.0,83817.0,-0.18796303868293762,-0.11965050548315048,29.924076080322266
10.0,83823.0,-0.18914169073104858,-0.11965050548315048,29.945959091186523
10.0,83829.0,-0.19051334261894226,-0.11965050548315048,29.965208053588867
10.0,83835.0,-0.1918439418077469,-0.11965050548315048,29.978063583374023
10.0,83841.0,-0.1931622177362442,-0.11965050548315048,29.994049072265625
10.0,83847.0,-0.19445174932479858,-0.11965050548315048,30.011459350585938
10.0,83852.0,-0.19570019841194153,-0.11965050548315048,30.021331787109375
10.0,83858.0,-0.19673511385917664,-0.11965050548315048,30.034223556518555
10.0,83862.0,-0.1975523680448532,-0.11965050548315048,30.043840408325195
10.0,83866.0,-0.1983696073293686,-0.11965050548315048,30.055980682373047
10.0,83871.0,-0.19938808679580688,-0.11965050548315048,30.069032669067383
10.0,83875.0,-0.20019301772117615,-0.11965050548315048,30.078983306884766
10.0,83879.0,-0.2009938359260559,-0.11965050548315048,30.09222984313965
10.0,83883.0,-0.20200000703334808,-0.11965050548315048,30.105642318725586
10.0,83888.0,-0.20280492305755615,-0.11965050548315048,30.12000274658203
10.0,83891.0,-0.20362217724323273,-0.11965050548315048,30.13784408569336
10.0,83896.0,-0.2044435292482376,-0.11965050548315048,30.1571102142334
10.0,83900.0,-0.2052731066942215,-0.11811652034521103,30.00356101989746
10.0,83904.0,-0.20609034597873688,-0.11811652034521103,30.021678924560547
10.0,83910.0,-0.2073182761669159,-0.11811652034521103,30.052635192871094
10.0,83914.0,-0.20812320709228516,-0.11811652034521103,30.072256088256836
10.0,83918.0,-0.20914168655872345,-0.11658254265785217,29.917186737060547
10.0,83923.0,-0.2099425047636032,-0.11658254265785217,29.9359188079834
10.0,83929.0,-0.21112525463104248,-0.11658254265785217,29.96442413330078
10.0,83933.0,-0.2118809074163437,-0.11504856497049332,29.805570602416992
10.0,83937.0,-0.2126283347606659,-0.11504856497049332,29.81850242614746
10.0,83942.0,-0.21352361142635345,-0.11504856497049332,29.833955764770508
10.0,83946.0,-0.2142299860715866,-0.11504856497049332,29.844572067260742
10.0,83951.0,-0.21509650349617004,-0.11504856497049332,29.853567123413086
10.0,83955.0,-0.21577823162078857,-0.11504856497049332,29.86795425415039
10.0,83963.0,-0.2171047180891037,-0.11351457983255386,29.704912185668945
10.0,83968.0,-0.21788911521434784,-0.11351457983255386,29.70987892150879
10.0,83972.0,-0.21864065527915955,-0.11351457983255386,29.713407516479492
10.0,83978.0,-0.21937577426433563,-0.11351457983255386,29.7164249420166
10.0,83983.0,-0.2200903445482254,-0.11351457983255386,29.718856811523438
10.0,83987.0,-0.22079260647296906,-0.11351457983255386,29.721115112304688
10.0,83992.0,-0.22145789861679077,-0.11351457983255386,29.719179153442383
10.0,83997.0,-0.22198356688022614,-0.11351457983255386,29.7182674407959
10.0,84001.0,-0.22248049080371857,-0.11351457983255386,29.7145938873291
10.0,84005.0,-0.22296097874641418,-0.11351457983255386,29.70991325378418
10.0,84009.0,-0.22342094779014587,-0.11504856497049332,30.12965202331543
10.0,84013.0,-0.22386857867240906,-0.11504856497049332,29.875038146972656
10.0,84017.0,-0.22432032227516174,-0.11504856497049332,29.871742248535156
10.0,84021.0,-0.22476796805858612,-0.11504856497049332,29.870548248291016
10.0,84025.0,-0.22523613274097443,-0.11504856497049332,29.873445510864258
10.0,84029.0,-0.22571252286434174,-0.11504856497049332,29.875276565551758
10.0,84032.0,-0.22619302570819855,-0.11504856497049332,29.881990432739258
10.0,84036.0,-0.22656673192977905,-0.11504856497049332,29.89029312133789
10.0,84040.0,-0.2271786481142044,-0.11504856497049332,29.8983097076416
10.0,84044.0,-0.2275441437959671,-0.11351457983255386,29.726783752441406
10.0,84048.0,-0.2280205339193344,-0.11351457983255386,29.734392166137695
10.0,84051.0,-0.2284763902425766,-0.11351457983255386,29.738672256469727
10.0,84055.0,-0.22891992330551147,-0.11351457983255386,29.742807388305664
10.0,84060.0,-0.22934292256832123,-0.11351457983255386,29.744163513183594
10.0,84063.0,-0.22965914011001587,-0.11351457983255386,29.7490291595459
10.0,84067.0,-0.23007802665233612,-0.11351457983255386,29.75202751159668
10.0,84071.0,-0.23058727383613586,-0.11351457983255386,29.755664825439453
10.0,84075.0,-0.2309979498386383,-0.11351457983255386,29.760822296142578
10.0,84081.0,-0.23159754276275635,-0.11198060214519501,29.58997917175293
10.0,84089.0,-0.23227104544639587,-0.11198060214519501,29.594650268554688
10.0,84093.0,-0.23271457850933075,-0.11198060214519501,29.595434188842773
10.0,84098.0,-0.2330513298511505,-0.11198060214519501,29.5944881439209
10.0,84103.0,-0.2335071861743927,-0.11198060214519501,29.587709426879883
10.0,84109.0,-0.23384805023670197,-0.11198060214519501,29.57740020751953
10.0,84113.0,-0.23409034311771393,-0.11198060214519501,29.566307067871094
10.0,84117.0,-0.23437781631946564,-0.11198060214519501,29.554771423339844
10.0,84122.0,-0.23459547758102417,-0.11198060214519501,29.542659759521484
10.0,84126.0,-0.2348090410232544,-0.11198060214519501,29.53252601623535
10.0,84132.0,-0.23510882258415222,-0.11198060214519501,29.518884658813477
10.0,84137.0,-0.23535113036632538,-0.11198060214519501,29.93453598022461
10.0,84142.0,-0.23561806976795197,-0.11351457983255386,29.673799514770508
10.0,84146.0,-0.23575769364833832,-0.11351457983255386,29.66853141784668
10.0,84151.0,-0.23599588871002197,-0.11351457983255386,29.663511276245117
10.0,84155.0,-0.2362094521522522,-0.11198060214519501,29.485858917236328
10.0,84161.0,-0.23654209077358246,-0.11198060214519501,29.48931121826172
10.0,84168.0,-0.23692402243614197,-0.11198060214519501,29.492948532104492
10.0,84173.0,-0.23717863857746124,-0.11198060214519501,29.494264602661133
10.0,84176.0,-0.23737576603889465,-0.11044661700725555,29.068559646606445
10.0,84181.0,-0.23756468296051025,-0.11044661700725555,29.318496704101562
10.0,84185.0,-0.23774127662181854,-0.11044661700725555,29.318078994750977
10.0,84189.0,-0.2378850132226944,-0.11044661700725555,29.313058853149414
10.0,84193.0,-0.23800410330295563,-0.11044661700725555,29.303503036499023
10.0,84197.0,-0.23809856176376343,-0.11044661700725555,29.29547882080078
10.0,84202.0,-0.23819711804389954,-0.11044661700725555,29.28395652770996
10.0,84206.0,-0.2382546216249466,-0.11044661700725555,29.272096633911133
10.0,84211.0,-0.23830389976501465,-0.11044661700725555,29.25285530090332
10.0,84215.0,-0.23832854628562927,-0.11044661700725555,29.238147735595703
10.0,84221.0,-0.23832854628562927,-0.11044661700725555,29.21531105041504
10.0,84228.0,-0.23832854628562927,-0.11044661700725555,29.193065643310547
10.0,84234.0,-0.23832854628562927,-0.11044661700725555,29.179292678833008
10.0,84239.0,-0.23832854628562927,-0.11044661700725555,29.164939880371094
10.0,84245.0,-0.23832854628562927,-0.11044661700725555,29.152854919433594
10.0,84251.0,-0.23832854628562927,-0.11044661700725555,29.1444091796875
10.0,84256.0,-0.23832854628562927,-0.1089126393198967,28.7087345123291
10.0,84262.0,-0.23832854628562927,-0.1089126393198967,28.95177459716797
10.0,84268.0,-0.23832854628562927,-0.1089126393198967,28.947172164916992
10.0,84274.0,-0.23832854628562927,-0.1089126393198967,28.944644927978516
10.0,84279.0,-0.23832854628562927,-0.10737866163253784,28.765092849731445
10.0,84284.0,-0.23832443356513977,-0.10737866163253784,28.762958526611328
10.0,84288.0,-0.23831622302532196,-0.10584467649459839,28.585872650146484
10.0,84292.0,-0.23830801248550415,-0.10584467649459839,28.583152770996094
10.0,84299.0,-0.2382628321647644,-0.10431069880723953,28.402652740478516
10.0,84303.0,-0.23823818564414978,-0.10431069880723953,28.40227508544922
10.0,84308.0,-0.23818890750408173,-0.10277671366930008,28.222152709960938
10.0,84318.0,-0.23805338144302368,-0.10124273598194122,28.03354263305664
10.0,84322.0,-0.2379753589630127,-0.10124273598194122,28.027462005615234
10.0,84326.0,-0.23786447942256927,-0.10124273598194122,28.017549514770508
10.0,84331.0,-0.2377043068408966,-0.09970875084400177,27.822885513305664
10.0,84337.0,-0.23737576603889465,-0.09970875084400177,27.7949275970459
10.0,84343.0,-0.23709240555763245,-0.09970875084400177,27.760589599609375
10.0,84349.0,-0.23671047389507294,-0.09817477315664291,27.552745819091797
10.0,84354.0,-0.23634496331214905,-0.09817477315664291,27.508304595947266
10.0,84361.0,-0.2357453852891922,-0.09817477315664291,27.458030700683594
10.0,84365.0,-0.23535113036632538,-0.09970875084400177,27.597463607788086
10.0,84369.0,-0.23491992056369781,-0.09970875084400177,27.54227066040039
10.0,84374.0,-0.23432853817939758,-0.09970875084400177,27.48603057861328
10.0,84378.0,-0.2337002009153366,-0.09970875084400177,27.438047409057617
10.0,84382.0,-0.2331457883119583,-0.10124273598194122,27.56301498413086
10.0,84386.0,-0.23272278904914856,-0.10124273598194122,27.511117935180664
10.0,84391.0,-0.23198357224464417,-0.10277671366930008,27.634300231933594
10.0,84397.0,-0.2310759723186493,-0.10277671366930008,27.543743133544922
10.0,84403.0,-0.2301478385925293,-0.10431069880723953,27.65711784362793
10.0,84408.0,-0.22936345636844635,-0.10584467649459839,27.7597713470459
10.0,84412.0,-0.22872279584407806,-0.10584467649459839,27.710878372192383
10.0,84418.0,-0.22775770723819733,-0.10737866163253784,27.81682777404785
10.0,84423.0,-0.22694456577301025,-0.10737866163253784,27.761133193969727
10.0,84427.0,-0.226139634847641,-0.1089126393198967,28.144615173339844
10.0,84431.0,-0.22565503418445587,-0.1089126393198967,27.855928421020508
10.0,84435.0,-0.2250390201807022,-0.1089126393198967,27.81989097595215
10.0,84440.0,-0.22426694631576538,-0.1089126393198967,27.78598403930664
10.0,84444.0,-0.22367556393146515,-0.1089126393198967,27.74942398071289
10.0,84448.0,-0.22291170060634613,-0.1089126393198967,27.715599060058594
10.0,84453.0,-0.22216427326202393,-0.1089126393198967,27.681840896606445
10.0,84458.0,-0.22153182327747345,-0.11044661700725555,27.818540573120117
10.0,84464.0,-0.22059547901153564,-0.11044661700725555,27.774648666381836
10.0,84470.0,-0.21964681148529053,-0.11044661700725555,27.73809242248535
10.0,84474.0,-0.21903491020202637,-0.11044661700725555,27.706501007080078
10.0,84479.0,-0.21825462579727173,-0.11044661700725555,27.680814743041992
10.0,84483.0,-0.21764270961284637,-0.1089126393198967,27.48057746887207
10.0,84489.0,-0.21667350828647614,-0.1089126393198967,27.436838150024414
10.0,84493.0,-0.2160000056028366,-0.1089126393198967,27.4063720703125
10.0,84499.0,-0.21493223309516907,-0.1089126393198967,27.353200912475586
10.0,84503.0,-0.2142094522714615,-0.1089126393198967,27.32008171081543
10.0,84509.0,-0.21308007836341858,-0.1089126393198967,27.262319564819336
10.0,84515.0,-0.21190965175628662,-0.11044661700725555,27.369857788085938
10.0,84521.0,-0.2106693983078003,-0.11044661700725555,27.313072204589844
10.0,84526.0,-0.2093675583600998,-0.11044661700725555,27.240318298339844
10.0,84533.0,-0.20802874863147736,-0.11198060214519501,27.343551635742188
10.0,84539.0,-0.206661194562912,-0.11198060214519501,27.26883316040039
10.0,84544.0,-0.20549897849559784,-0.11351457983255386,27.369836807250977
10.0,84550.0,-0.2040574997663498,-0.11351457983255386,27.290674209594727
10.0,84555.0,-0.20258726179599762,-0.11504856497049332,27.40179443359375
10.0,84561.0,-0.20112115144729614,-0.11504856497049332,27.326608657836914
10.0,84568.0,-0.19962218403816223,-0.11658254265785217,27.42705726623535
10.0,84573.0,-0.19812320172786713,-0.11658254265785217,27.352569580078125
10.0,84579.0,-0.196874737739563,-0.11811652034521103,27.46205711364746
10.0,84584.0,-0.19562217593193054,-0.11811652034521103,27.401836395263672
10.0,84590.0,-0.19411498308181763,-0.11811652034521103,27.347108840942383
10.0,84595.0,-0.19283778965473175,-0.11965050548315048,27.45439338684082
10.0,84601.0,-0.1913100630044937,-0.11965050548315048,27.40118408203125
10.0,84604.0,-0.1905461996793747,-0.11965050548315048,27.3586368560791
10.0,84609.0,-0.18927720189094543,-0.11965050548315048,27.317646026611328
10.0,84615.0,-0.18771252036094666,-0.12118448317050934,27.428194046020508
10.0,84619.0,-0.18667350709438324,-0.12118448317050934,27.375423431396484
10.0,84623.0,-0.1856221705675125,-0.12118448317050934,27.332883834838867
10.0,84627.0,-0.184320330619812,-0.12118448317050934,27.293838500976562
10.0,84631.0,-0.18326078355312347,-0.12118448317050934,27.25025177001953
10.0,84635.0,-0.18218070268630981,-0.12271846830844879,27.38351058959961
10.0,84642.0,-0.18056263029575348,-0.12271846830844879,27.309101104736328
10.0,84649.0,-0.17867350578308105,-0.12271846830844879,27.247644424438477
10.0,84653.0,-0.17758110165596008,-0.12271846830844879,27.192907333374023
10.0,84657.0,-0.17618070542812347,-0.12271846830844879,27.148099899291992
10.0,84663.0,-0.17475976049900055,-0.12425244599580765,27.266948699951172
10.0,84667.0,-0.1735975295305252,-0.12425244599580765,27.205570220947266
10.0,84671.0,-0.17242710292339325,-0.12425244599580765,27.169076919555664
10.0,84675.0,-0.17124024033546448,-0.1257864236831665,27.53074073791504
10.0,84679.0,-0.17002463340759277,-0.1257864236831665,27.228721618652344
10.0,84684.0,-0.16821354627609253,-0.1257864236831665,27.167081832885742
10.0,84690.0,-0.16668583452701569,-0.12732040882110596,27.268095016479492
10.0,84695.0,-0.16514989733695984,-0.12732040882110596,27.215394973754883
10.0,84699.0,-0.16358521580696106,-0.1288543939590454,27.57700538635254
10.0,84705.0,-0.1620369553565979,-0.1288543939590454,27.253141403198242
10.0,84711.0,-0.1601642668247223,-0.1288543939590454,27.179086685180664
10.0,84717.0,-0.15827925503253937,-0.1288543939590454,27.529882431030273
10.0,84721.0,-0.1570020467042923,-0.13038836419582367,27.230966567993164
10.0,84725.0,-0.15573306381702423,-0.13038836419582367,27.180715560913086
10.0,84729.0,-0.1541232019662857,-0.13038836419582367,27.129018783569336
10.0,84733.0,-0.15315811336040497,-0.13192234933376312,27.255624771118164
10.0,84737.0,-0.151515394449234,-0.13192234933376312,27.203100204467773
10.0,84743.0,-0.14986857771873474,-0.13192234933376312,27.138202667236328
10.0,84748.0,-0.14819301664829254,-0.13345633447170258,27.24697494506836
10.0,84753.0,-0.14653798937797546,-0.13345633447170258,27.17192840576172
10.0,84760.0,-0.14421355724334717,-0.13499031960964203,27.264368057250977
10.0,84766.0,-0.14222587645053864,-0.13499031960964203,27.192340850830078
10.0,84773.0,-0.13991786539554596,-0.13499031960964203,27.11041831970215
10.0,84779.0,-0.1379096508026123,-0.1365242898464203,27.227500915527344
10.0,84783.0,-0.13655441999435425,-0.1365242898464203,27.16621971130371
10.0,84787.0,-0.13485831022262573,-0.1365242898464203,27.10407257080078
10.0,84793.0,-0.1331540048122406,-0.13805827498435974,27.469242095947266
10.0,84800.0,-0.13071869313716888,-0.13805827498435974,27.129650115966797
10.0,84804.0,-0.12898151576519012,-0.13805827498435974,27.078222274780273
10.0,84809.0,-0.12758521735668182,-0.13805827498435974,27.02776336669922
10.0,84813.0,-0.12618891894817352,-0.1395922601222992,27.140779495239258
10.0,84817.0,-0.12476796656847,-0.1395922601222992,27.089834213256836
10.0,84822.0,-0.12264065444469452,-0.1395922601222992,27.024831771850586
10.0,84826.0,-0.12156467884778976,-0.14112623035907745,27.148868560791016
10.0,84831.0,-0.11974538117647171,-0.14112623035907745,27.09279441833496
10.0,84835.0,-0.11827104538679123,-0.1426602154970169,27.462604522705078
10.0,84839.0,-0.11679260432720184,-0.1426602154970169,27.141260147094727
10.0,84843.0,-0.11530184745788574,-0.1426602154970169,27.082626342773438
10.0,84849.0,-0.11305133253335953,-0.14419420063495636,27.189796447753906
10.0,84854.0,-0.1111663207411766,-0.14419420063495636,27.116857528686523
10.0,84859.0,-0.10928131639957428,-0.1457281857728958,27.223960876464844
10.0,84864.0,-0.10739219933748245,-0.14726215600967407,27.567203521728516
10.0,84870.0,-0.10512525588274002,-0.14726215600967407,27.235225677490234
10.0,84876.0,-0.10285420715808868,-0.14879614114761353,27.331571578979492
10.0,84883.0,-0.10021766275167465,-0.14879614114761353,27.25308609008789
10.0,84886.0,-0.09872689843177795,-0.14879614114761353,27.204402923583984
10.0,84891.0,-0.09723203629255295,-0.15033012628555298,27.321828842163086
10.0,84895.0,-0.09575770050287247,-0.15033012628555298,27.277042388916016
10.0,84900.0,-0.09356468170881271,-0.15033012628555298,27.221895217895508
10.0,84904.0,-0.09247638285160065,-0.15033012628555298,27.18064308166504
10.0,84909.0,-0.09065297991037369,-0.15033012628555298,27.13619041442871
10.0,84913.0,-0.08883367478847504,-0.15186409652233124,27.261125564575195
10.0,84918.0,-0.08736345171928406,-0.15186409652233124,27.2047061920166
10.0,84922.0,-0.08588911592960358,-0.15186409652233124,27.15877342224121
10.0,84926.0,-0.08441067487001419,-0.15186409652233124,27.115358352661133
10.0,84931.0,-0.08256673812866211,-0.15186409652233124,27.06024742126465
10.0,84935.0,-0.08108829706907272,-0.15186409652233124,27.01594352722168
10.0,84941.0,-0.07885421067476273,-0.15186409652233124,26.95860481262207
10.0,84945.0,-0.07735934108495712,-0.15186409652233124,26.91173553466797
10.0,84949.0,-0.07583572715520859,-0.1533980816602707,27.038236618041992
10.0,84953.0,-0.07431211322546005,-0.1533980816602707,26.989665985107422
10.0,84957.0,-0.07278028875589371,-0.1533980816602707,26.923439025878906
10.0,84961.0,-0.07045174390077591,-0.15493206679821014,27.285463333129883
10.0,84967.0,-0.0684804916381836,-0.15493206679821014,26.965909957885742
10.0,84972.0,-0.06687884777784348,-0.15493206679821014,26.90595054626465
10.0,84976.0,-0.06486652791500092,-0.1564660519361496,27.009613037109375
10.0,84982.0,-0.06282135844230652,-0.1564660519361496,26.932525634765625
10.0,84986.0,-0.06118275225162506,-0.15800002217292786,27.03303337097168
10.0,84994.0,-0.057876795530319214,-0.1595340073108673,27.100976943969727
10.0,84999.0,-0.05579466000199318,-0.1595340073108673,27.022254943847656
10.0,85003.0,-0.054123204201459885,-0.16106799244880676,27.120586395263672
10.0,85008.0,-0.05202053487300873,-0.16106799244880676,27.05584144592285
10.0,85012.0,-0.05033675581216812,-0.16260196268558502,27.156015396118164
10.0,85017.0,-0.048234086483716965,-0.16413594782352448,27.254926681518555
10.0,85021.0,-0.04654620215296745,-0.16413594782352448,27.195531845092773
10.0,85025.0,-0.04489527642726898,-0.16566993296146393,27.316993713378906
10.0,85029.0,-0.04283778369426727,-0.16566993296146393,27.263723373413086
10.0,85034.0,-0.04122382029891014,-0.16566993296146393,27.2139892578125
10.0,85038.0,-0.03961807116866112,-0.1672039031982422,27.330320358276367
10.0,85042.0,-0.03802464157342911,-0.1672039031982422,27.285856246948242
10.0,85046.0,-0.03645174577832222,-0.1672039031982422,27.24148178100586
10.0,85051.0,-0.03448870778083801,-0.16873788833618164,27.625938415527344
10.0,85055.0,-0.03293634578585625,-0.16873788833618164,27.324312210083008
10.0,85059.0,-0.03098973259329796,-0.16873788833618164,27.282100677490234
10.0,85064.0,-0.02945379912853241,-0.16873788833618164,27.24436378479004
10.0,85069.0,-0.02754414826631546,-0.16873788833618164,27.197132110595703
10.0,85073.0,-0.026028746739029884,-0.16873788833618164,27.14961051940918
10.0,85078.0,-0.024131417274475098,-0.16873788833618164,27.112327575683594
10.0,85082.0,-0.022611910477280617,-0.16873788833618164,27.064388275146484
10.0,85086.0,-0.021092401817440987,-0.16873788833618164,27.026023864746094
10.0,85092.0,-0.018772073090076447,-0.16873788833618164,26.97149658203125
10.0,85096.0,-0.01721971295773983,-0.16873788833618164,26.916278839111328
10.0,85101.0,-0.014850102365016937,-0.1702718734741211,27.032941818237305
10.0,85106.0,-0.013252566568553448,-0.1702718734741211,26.983352661132812
10.0,85110.0,-0.011646817438304424,-0.1702718734741211,26.919113159179688
10.0,85114.0,-0.010032854042947292,-0.17180585861206055,27.29351234436035
10.0,85119.0,-0.00800000037997961,-0.17180585861206055,26.9901065826416
10.0,85123.0,-0.006344969384372234,-0.17180585861206055,26.932323455810547
10.0,85127.0,-0.004698151722550392,-0.17180585861206055,27.288557052612305
10.0,85131.0,-0.0030225871596485376,-0.1733398288488388,26.97857093811035
10.0,85137.0,-8.624229667475447e-05,-0.17487381398677826,27.06938362121582
10.0,85144.0,0.0024353181943297386,-0.1764077991247177,27.145973205566406
10.0,85150.0,0.004944558721035719,-0.17794176936149597,27.48756980895996
10.0,85155.0,0.007018480449914932,-0.17794176936149597,27.170915603637695
10.0,85161.0,0.009503080509603024,-0.17794176936149597,26.85228729248047
10.0,85165.0,0.011145790107548237,-0.17947575449943542,27.22918128967285
10.0,85169.0,0.012767966836690903,-0.17947575449943542,27.17995834350586
10.0,85173.0,0.014394250698387623,-0.18100973963737488,27.557567596435547
10.0,85177.0,0.016004106029868126,-0.18100973963737488,27.24962043762207
10.0,85181.0,0.017613962292671204,-0.18100973963737488,27.203481674194336
10.0,85186.0,0.01960575021803379,-0.18100973963737488,27.158138275146484
10.0,85192.0,0.021983573213219643,-0.18254372477531433,27.260976791381836
10.0,85196.0,0.023544147610664368,-0.18254372477531433,27.21977424621582
10.0,85202.0,0.02587679587304592,-0.18254372477531433,27.16000747680664
10.0,85208.0,0.028193019330501556,-0.18254372477531433,27.11042022705078
10.0,85213.0,0.030509240925312042,-0.1840776950120926,27.22821617126465
10.0,85219.0,0.03244763985276222,-0.1840776950120926,27.16620445251465
10.0,85224.0,0.034759752452373505,-0.1840776950120926,27.115581512451172
10.0,85237.0,0.039400409907102585,-0.18561168015003204,27.15715980529785
10.0,85243.0,0.04172484576702118,-0.18561168015003204,27.10328483581543
10.0,85249.0,0.04405338689684868,-0.18561168015003204,27.036958694458008
10.0,85253.0,0.045605748891830444,-0.1871456652879715,27.159700393676758
10.0,85259.0,0.047946613281965256,-0.1871456652879715,27.091630935668945
10.0,85265.0,0.05029568821191788,-0.18867963552474976,27.20003318786621
10.0,85271.0,0.0526488721370697,-0.18867963552474976,27.128129959106445
10.0,85275.0,0.054225873202085495,-0.18867963552474976,27.081274032592773
10.0,85281.0,0.056574948132038116,-0.1902136206626892,27.200464248657227
10.0,85286.0,0.058537986129522324,-0.1902136206626892,27.140056610107422
10.0,85290.0,0.0601026676595211,-0.1902136206626892,27.082275390625
10.0,85294.0,0.06166324391961098,-0.19174760580062866,27.21364974975586
10.0,85299.0,0.06361396610736847,-0.19174760580062866,27.153757095336914
10.0,85303.0,0.06557700037956238,-0.19328159093856812,27.28447723388672
10.0,85308.0,0.06713757663965225,-0.19328159093856812,27.237411499023438
10.0,85313.0,0.06908008456230164,-0.19328159093856812,27.169078826904297
10.0,85319.0,0.07139630615711212,-0.19481556117534637,27.280576705932617
10.0,85325.0,0.07405339181423187,-0.19481556117534637,27.219560623168945
10.0,85332.0,0.0763162225484848,-0.19634954631328583,27.334957122802734
10.0,85336.0,0.07781108468770981,-0.19634954631328583,27.287540435791016
10.0,85341.0,0.07965502887964249,-0.19634954631328583,27.25020408630371
10.0,85345.0,0.08112525939941406,-0.19788353145122528,27.641223907470703
10.0,85349.0,0.08259548246860504,-0.19788353145122528,27.344884872436523
10.0,85353.0,0.0840533897280693,-0.19788353145122528,27.30832862854004
10.0,85358.0,0.08622997999191284,-0.19788353145122528,27.264341354370117
10.0,85369.0,0.08981108665466309,-0.19788353145122528,27.178810119628906
10.0,85374.0,0.0915934294462204,-0.19941750168800354,27.56284523010254
10.0,85380.0,0.09409034997224808,-0.19941750168800354,27.251081466674805
10.0,85386.0,0.09586447477340698,-0.19941750168800354,27.207714080810547
10.0,85392.0,0.09798768162727356,-0.19941750168800354,27.15437126159668
10.0,85398.0,0.10013552010059357,-0.200951486825943,27.26535415649414
10.0,85402.0,0.10155235975980759,-0.200951486825943,27.22820281982422
10.0,85406.0,0.1029691994190216,-0.200951486825943,27.199888229370117
10.0,85410.0,0.10474743694067001,-0.200951486825943,27.141935348510742
10.0,85416.0,0.10652156174182892,-0.20248547196388245,27.27988624572754
10.0,85420.0,0.10794250667095184,-0.20248547196388245,27.232877731323242
10.0,85424.0,0.10935523360967636,-0.20248547196388245,27.192516326904297
10.0,85432.0,0.11253798753023148,-0.2040194571018219,27.291698455810547
10.0,85437.0,0.11393839865922928,-0.2040194571018219,27.24375343322754
10.0,85441.0,0.11533880978822708,-0.20555342733860016,27.382766723632812
10.0,85445.0,0.11673511564731598,-0.20555342733860016,27.343975067138672
10.0,85451.0,0.118804931640625,-0.20555342733860016,27.29913902282715
10.0,85458.0,0.12154825776815414,-0.2070874124765396,27.403841018676758
10.0,85466.0,0.12391375750303268,-0.2070874124765396,27.337411880493164
10.0,85472.0,0.12590965628623962,-0.20862139761447906,27.474355697631836
10.0,85479.0,0.12822997570037842,-0.20862139761447906,27.41733741760254
10.0,85483.0,0.12953592836856842,-0.20862139761447906,27.38625144958496
10.0,85487.0,0.1308336704969406,-0.20862139761447906,27.348731994628906
10.0,85493.0,0.1327761858701706,-0.21015536785125732,27.479894638061523
10.0,85498.0,0.13439424335956573,-0.21015536785125732,27.44891929626465
10.0,85502.0,0.1356673538684845,-0.21015536785125732,27.419340133666992
10.0,85508.0,0.13757289946079254,-0.21015536785125732,27.36764144897461
10.0,85513.0,0.13914990425109863,-0.21168935298919678,27.50821304321289
10.0,85519.0,0.14132648706436157,-0.21168935298919678,27.468952178955078
10.0,85526.0,0.14317864179611206,-0.21168935298919678,27.42579460144043
10.0,85532.0,0.144985631108284,-0.21168935298919678,27.389833450317383
10.0,85537.0,0.14678439497947693,-0.21322333812713623,27.529495239257812
10.0,85544.0,0.14855441451072693,-0.21322333812713623,27.494239807128906
10.0,85550.0,0.1503080129623413,-0.21322333812713623,27.460269927978516
10.0,85555.0,0.15203285217285156,-0.21322333812713623,27.42671775817871
10.0,85561.0,0.153457909822464,-0.21322333812713623,27.399824142456055
10.0,85566.0,0.15488706529140472,-0.21322333812713623,27.363000869750977
10.0,85572.0,0.15659137070178986,-0.21322333812713623,27.328323364257812
10.0,85578.0,0.1582997888326645,-0.21322333812713623,27.28986358642578
10.0,85584.0,0.16001643240451813,-0.21475732326507568,27.68174934387207
10.0,85589.0,0.16146612167358398,-0.21475732326507568,27.386934280395508
10.0,85594.0,0.16289527714252472,-0.21475732326507568,27.35906982421875
10.0,85599.0,0.16433264315128326,-0.21629129350185394,27.490230560302734
10.0,85605.0,0.16606570780277252,-0.21629129350185394,27.438976287841797
10.0,85609.0,0.16751950979232788,-0.21629129350185394,27.407371520996094
10.0,85613.0,0.1683778166770935,-0.2178252786397934,27.554712295532227
10.0,85618.0,0.17008213698863983,-0.2178252786397934,27.516313552856445
10.0,85623.0,0.17119096219539642,-0.2178252786397934,27.48076629638672
10.0,85627.0,0.1725749522447586,-0.21935926377773285,27.6312255859375
10.0,85633.0,0.17391376197338104,-0.21935926377773285,27.603294372558594
10.0,85638.0,0.17523203790187836,-0.21935926377773285,27.570125579833984
10.0,85643.0,0.17677618563175201,-0.21935926377773285,27.544408798217773
10.0,85649.0,0.1780574917793274,-0.2208932340145111,27.691484451293945
10.0,85654.0,0.17930595576763153,-0.2208932340145111,27.670822143554688
10.0,85660.0,0.180780291557312,-0.2208932340145111,27.64541244506836
10.0,85665.0,0.1819753646850586,-0.2208932340145111,27.627546310424805
10.0,85671.0,0.18341684341430664,-0.2208932340145111,27.604686737060547
10.0,85675.0,0.18435728549957275,-0.2208932340145111,27.5908260345459
10.0,85679.0,0.18528132140636444,-0.2208932340145111,27.572429656982422
10.0,85684.0,0.1864476352930069,-0.2208932340145111,27.552764892578125
10.0,85689.0,0.18760164082050323,-0.2208932340145111,27.536102294921875
10.0,85693.0,0.18852977454662323,-0.2208932340145111,27.517099380493164
10.0,85697.0,0.1894455850124359,-0.22242721915245056,27.673969268798828
10.0,85701.0,0.1903572827577591,-0.22242721915245056,27.657522201538086
10.0,85705.0,0.1914784461259842,-0.22242721915245056,27.641910552978516
10.0,85711.0,0.19258315861225128,-0.22242721915245056,27.6220645904541
10.0,85715.0,0.19347022473812103,-0.22242721915245056,27.60468864440918
10.0,85720.0,0.19478438794612885,-0.22242721915245056,27.58011245727539
10.0,85726.0,0.19609856605529785,-0.22242721915245056,27.552738189697266
10.0,85733.0,0.19740451872348785,-0.22396120429039001,27.702619552612305
10.0,85739.0,0.19870226085186005,-0.22396120429039001,27.67386245727539
10.0,85744.0,0.19999179244041443,-0.22396120429039001,27.64532470703125
10.0,85751.0,0.201264888048172,-0.22549518942832947,27.79072380065918
10.0,85757.0,0.20250923931598663,-0.22549518942832947,27.770463943481445
10.0,85763.0,0.20372073352336884,-0.22549518942832947,27.74115562438965
10.0,85770.0,0.20511293411254883,-0.22549518942832947,27.72106170654297
10.0,85776.0,0.2062833607196808,-0.22702915966510773,27.876731872558594
10.0,85782.0,0.20740041136741638,-0.22702915966510773,27.862422943115234
10.0,85787.0,0.20846816897392273,-0.22702915966510773,27.851903915405273
10.0,85794.0,0.20949076116085052,-0.22702915966510773,27.843564987182617
10.0,85802.0,0.21083366870880127,-0.22702915966510773,27.833084106445312
10.0,85806.0,0.21148665249347687,-0.22702915966510773,27.829113006591797
10.0,85811.0,0.2122669368982315,-0.22702915966510773,27.828521728515625
10.0,85824.0,0.21420122683048248,-0.22702915966510773,27.825420379638672
10.0,85829.0,0.21493223309516907,-0.22702915966510773,27.821556091308594
10.0,85833.0,0.2155154049396515,-0.22702915966510773,27.818145751953125
10.0,85837.0,0.21623818576335907,-0.22702915966510773,27.813823699951172
10.0,85842.0,0.21681314706802368,-0.22702915966510773,27.808996200561523
10.0,85846.0,0.21737165749073029,-0.22702915966510773,27.806243896484375
10.0,85850.0,0.21792608499526978,-0.22702915966510773,27.802112579345703
10.0,85854.0,0.21846817433834076,-0.22702915966510773,27.799480438232422
10.0,85859.0,0.21912525594234467,-0.22702915966510773,27.796518325805664
10.0,85863.0,0.21965503692626953,-0.22702915966510773,27.792036056518555
10.0,85867.0,0.22030800580978394,-0.22702915966510773,27.787677764892578
10.0,85872.0,0.2208418846130371,-0.22702915966510773,27.77971839904785
10.0,85877.0,0.22151128947734833,-0.22702915966510773,27.76813507080078
10.0,85881.0,0.2220410704612732,-0.22702915966510773,27.757911682128906
10.0,85885.0,0.22257906198501587,-0.22702915966510773,27.74710464477539
10.0,85889.0,0.22310471534729004,-0.22702915966510773,27.74201774597168
10.0,85893.0,0.2236303836107254,-0.22702915966510773,27.72789764404297
10.0,85897.0,0.2242710441350937,-0.22702915966510773,27.71950912475586
10.0,85901.0,0.22478850185871124,-0.22856314480304718,27.886274337768555
10.0,85905.0,0.22517453134059906,-0.22856314480304718,27.87630271911621
10.0,85909.0,0.22579465806484222,-0.22856314480304718,27.86643409729004
10.0,85913.0,0.22628746926784515,-0.22856314480304718,27.856332778930664
10.0,85918.0,0.22677618265151978,-0.22856314480304718,27.846025466918945
10.0,85922.0,0.2272689938545227,-0.23009712994098663,28.012340545654297
10.0,85926.0,0.22775770723819733,-0.23009712994098663,28.000530242919922
10.0,85930.0,0.22822175920009613,-0.23009712994098663,27.990886688232422
10.0,85935.0,0.22889527678489685,-0.23009712994098663,27.982006072998047
10.0,85941.0,0.22942094504833221,-0.2316311001777649,28.154132843017578
10.0,85948.0,0.23009446263313293,-0.2316311001777649,28.15508460998535
10.0,85952.0,0.23044353723526,-0.2316311001777649,28.158008575439453
10.0,85956.0,0.23077617585659027,-0.2316311001777649,28.162120819091797
10.0,85960.0,0.2310841828584671,-0.2316311001777649,28.1710205078125
10.0,85964.0,0.2313716560602188,-0.2316311001777649,28.177961349487305
10.0,85969.0,0.2317330539226532,-0.2316311001777649,28.184518814086914
10.0,85973.0,0.2320123165845871,-0.2316311001777649,28.19285774230957
