State,Step,X,Theta,U
2.0,8822.0,0.0,-28938.0,-4.748583793640137
2.0,8830.0,0.0,-28919.0,-4.748583793640137
2.0,8834.0,0.0,-28908.0,-4.748583793640137
2.0,8840.0,0.0,-28895.0,-4.748583793640137
2.0,8848.0,0.0,-28874.0,-4.748583793640137
2.0,8852.0,0.0,-28861.0,-4.748583793640137
2.0,8857.0,0.0,-28850.0,-4.748583793640137
2.0,8861.0,0.0,-28839.0,-4.748583793640137
2.0,8866.0,0.0,-28822.0,-4.748583793640137
2.0,8870.0,0.0,-28811.0,-4.748583793640137
2.0,8874.0,0.0,-28799.0,-4.748583793640137
2.0,8881.0,0.0,-28782.0,-4.748583793640137
2.0,8885.0,0.0,-28771.0,-4.748583793640137
2.0,8889.0,0.0,-28759.0,-4.748583793640137
2.0,8895.0,0.0,-28742.0,-4.748583793640137
2.0,8899.0,0.0,-28730.0,-4.748583793640137
2.0,8902.0,0.0,-28718.0,-4.748583793640137
2.0,8909.0,0.0,-28701.0,-4.748583793640137
2.0,8915.0,0.0,-28683.0,-4.748583793640137
2.0,8920.0,0.0,-28665.0,-4.748583793640137
2.0,8925.0,0.0,-28651.0,-4.748583793640137
2.0,8930.0,0.0,-28639.0,-4.748583793640137
2.0,8935.0,0.0,-28621.0,-4.748583793640137
2.0,8939.0,0.0,-28610.0,-4.748583793640137
2.0,8943.0,0.0,-28598.0,-4.748583793640137
2.0,8950.0,0.0,-28581.0,-4.748583793640137
2.0,8955.0,0.0,-28566.0,-4.748583793640137
2.0,8960.0,0.0,-28546.0,-4.748583793640137
2.0,8966.0,0.0,-28535.0,-4.748583793640137
2.0,8970.0,0.0,-28521.0,-4.748583793640137
2.0,8974.0,0.0,-28510.0,-4.748583793640137
2.0,8978.0,0.0,-28499.0,-4.748583793640137
2.0,8984.0,0.0,-28485.0,-4.748583793640137
2.0,8990.0,0.0,-28469.0,-4.748583793640137
2.0,8996.0,0.0,-28454.0,-4.748583793640137
2.0,9001.0,0.0,-28438.0,-4.748583793640137
2.0,9007.0,0.0,-28423.0,-4.748583793640137
2.0,9014.0,0.0,-28406.0,-4.748583793640137
2.0,9020.0,0.0,-28392.0,-4.748583793640137
2.0,9024.0,0.0,-28383.0,-4.748583793640137
2.0,9029.0,0.0,-28374.0,-4.748583793640137
2.0,9033.0,0.0,-28362.0,-4.748583793640137
2.0,9037.0,0.0,-28354.0,-4.748583793640137
2.0,9044.0,0.0,-28341.0,-4.748583793640137
2.0,9049.0,0.0,-28329.0,-4.748583793640137
2.0,9055.0,0.0,-28319.0,-4.748583793640137
2.0,9060.0,0.0,-28308.0,-4.748583793640137
2.0,9066.0,0.0,-28297.0,-4.748583793640137
2.0,9072.0,0.0,-28288.0,-4.748583793640137
2.0,9078.0,0.0,-28277.0,-4.748583793640137
2.0,9086.0,0.0,-28266.0,-4.748583793640137
2.0,9090.0,0.0,-28259.0,-4.748583793640137
2.0,9094.0,0.0,-28253.0,-4.748583793640137
2.0,9104.0,0.0,-28242.0,-4.748583793640137
2.0,9109.0,0.0,-28236.0,-4.748583793640137
2.0,9118.0,0.0,-28226.0,-4.748583793640137
2.0,9125.0,0.0,-28220.0,-4.748583793640137
2.0,9132.0,0.0,-28215.0,-4.748583793640137
2.0,9137.0,0.0,-28211.0,-4.748583793640137
2.0,9143.0,0.0,-28208.0,-4.748583793640137
2.0,9150.0,0.0,-28204.0,-4.748583793640137
2.0,9155.0,0.0,-28202.0,-4.748583793640137
2.0,9160.0,0.0,-28201.0,-4.748583793640137
2.0,9168.0,0.0,-28199.0,-4.748583793640137
2.0,9172.0,0.0,-28199.0,-4.748583793640137
2.0,9177.0,0.0,-28199.0,-4.748583793640137
2.0,9187.0,0.0,-28200.0,-4.748583793640137
2.0,9192.0,0.0,-28201.0,-4.748583793640137
2.0,9198.0,0.0,-28204.0,-4.748583793640137
2.0,9204.0,0.0,-28206.0,-4.748583793640137
2.0,9210.0,0.0,-28209.0,-4.748583793640137
2.0,9215.0,0.0,-28212.0,-4.748583793640137
2.0,9219.0,0.0,-28215.0,-4.748583793640137
2.0,9223.0,0.0,-28219.0,-4.748583793640137
2.0,9229.0,0.0,-28224.0,-4.748583793640137
2.0,9233.0,0.0,-28228.0,-4.748583793640137
2.0,9238.0,0.0,-28234.0,-4.748583793640137
2.0,9262.0,0.0,-28262.0,-4.748583793640137
2.0,9268.0,0.0,-28273.0,-4.748583793640137
2.0,9273.0,0.0,-28281.0,-4.748583793640137
2.0,9278.0,0.0,-28289.0,-4.748583793640137
2.0,9285.0,0.0,-28299.0,-4.748583793640137
2.0,9291.0,0.0,-28310.0,-4.748583793640137
2.0,9295.0,0.0,-28320.0,-4.748583793640137
2.0,9299.0,0.0,-28327.0,-4.748583793640137
2.0,9304.0,0.0,-28335.0,-4.748583793640137
2.0,9308.0,0.0,-28346.0,-4.748583793640137
2.0,9313.0,0.0,-28354.0,-4.748583793640137
2.0,9317.0,0.0,-28365.0,-4.748583793640137
2.0,9322.0,0.0,-28374.0,-4.748583793640137
2.0,9326.0,0.0,-28383.0,-4.748583793640137
2.0,9330.0,0.0,-28395.0,-4.748583793640137
2.0,9334.0,0.0,-28402.0,-4.748583793640137
2.0,9340.0,0.0,-28416.0,-4.748583793640137
2.0,9344.0,0.0,-28428.0,-4.748583793640137
2.0,9350.0,0.0,-28443.0,-4.748583793640137
2.0,9354.0,0.0,-28454.0,-4.748583793640137
2.0,9358.0,0.0,-28464.0,-4.748583793640137
2.0,1.0,0.0,-28477.0,-4.748583793640137
2.0,1.0,0.0,-28488.0,-4.748583793640137
2.0,1.0,0.0,-28499.0,-4.748583793640137
2.0,1.0,0.0,-28512.0,-4.748583793640137
2.0,1.0,0.0,-28523.0,-4.748583793640137
2.0,1.0,4.0,-28534.0,-4.748583793640137
2.0,1.0,31.0,-28545.0,-4.748583793640137
2.0,1.0,97.0,-28558.0,-4.748583793640137
2.0,1.0,173.0,-28572.0,-4.748583793640137
2.0,1.0,297.0,-28582.0,-4.748583793640137
2.0,1.0,447.0,-28595.0,-4.748583793640137
2.0,1.0,585.0,-28605.0,-4.748583793640137
2.0,1.0,734.0,-28617.0,-4.748583793640137
2.0,1.0,976.0,-28630.0,-4.748583793640137
2.0,1.0,1150.0,-28639.0,-4.748583793640137
2.0,1.0,1384.0,-28654.0,-4.748583793640137
2.0,1.0,1688.0,-28666.0,-4.748583793640137
2.0,1.0,1904.0,-28675.0,-4.748583793640137
2.0,1.0,2245.0,-28689.0,-4.748583793640137
2.0,1.0,2485.0,-28698.0,-4.748583793640137
2.0,1.0,2795.0,-28712.0,-4.748583793640137
2.0,1.0,3184.0,-28725.0,-4.748583793640137
2.0,1.0,3589.0,-28736.0,-4.748583793640137
2.0,1.0,3865.0,-28744.0,-4.748583793640137
2.0,1.0,4146.0,-28753.0,-4.748583793640137
2.0,1.0,4504.0,-28763.0,-4.748583793640137
2.0,1.0,4795.0,-28774.0,-4.748583793640137
2.0,1.0,5165.0,-28782.0,-4.748583793640137
2.0,1.0,5465.0,-28790.0,-4.748583793640137
2.0,1.0,5770.0,-28799.0,-4.748583793640137
2.0,1.0,6080.0,-28805.0,-4.748583793640137
2.0,1.0,6394.0,-28813.0,-4.748583793640137
2.0,1.0,6870.0,-28824.0,-4.748583793640137
2.0,1.0,7192.0,-28831.0,-4.748583793640137
2.0,1.0,7681.0,-28842.0,-4.748583793640137
2.0,1.0,8256.0,-28854.0,-4.748583793640137
2.0,1.0,8587.0,-28861.0,-4.748583793640137
2.0,1.0,9089.0,-28871.0,-4.748583793640137
2.0,1.0,9593.0,-28880.0,-4.748583793640137
2.0,1.0,10017.0,-28888.0,-4.748583793640137
2.0,1.0,10361.0,-28894.0,-4.748583793640137
2.0,1.0,10877.0,-28903.0,-4.748583793640137
2.0,1.0,11313.0,-28910.0,-4.748583793640137
2.0,1.0,11752.0,-28918.0,-4.748583793640137
2.0,3.0,12193.0,-28923.0,-4.748583793640137
2.0,9.0,12725.0,-28930.0,-4.748583793640137
2.0,14.0,13081.0,-28936.0,-4.748583793640137
2.0,19.0,13526.0,-28940.0,-4.748583793640137
2.0,24.0,13974.0,-28946.0,-4.748583793640137
2.0,29.0,14425.0,-28951.0,-4.748583793640137
2.0,34.0,14881.0,-28955.0,-4.748583793640137
2.0,38.0,15340.0,-28959.0,-4.748583793640137
2.0,53.0,16736.0,-28971.0,-4.748583793640137
2.0,61.0,17389.0,-28975.0,-4.748583793640137
2.0,65.0,17762.0,-28978.0,-4.748583793640137
2.0,69.0,18135.0,-28980.0,-4.748583793640137
2.0,80.0,19172.0,-28984.0,-4.748583793640137
2.0,85.0,19647.0,-28986.0,-4.748583793640137
2.0,89.0,20030.0,-28987.0,-4.748583793640137
2.0,98.0,20893.0,-28989.0,-4.748583793640137
2.0,106.0,21755.0,-28989.0,-4.748583793640137
2.0,113.0,22331.0,-28989.0,-4.748583793640137
2.0,119.0,22911.0,-28988.0,-4.748583793640137
2.0,123.0,23296.0,-28988.0,-4.748583793640137
2.0,128.0,23879.0,-28987.0,-4.748583793640137
2.0,133.0,24269.0,-28985.0,-4.748583793640137
2.0,138.0,24753.0,-28984.0,-4.748583793640137
2.0,142.0,25143.0,-28982.0,-4.748583793640137
2.0,146.0,25530.0,-28980.0,-4.748583793640137
2.0,151.0,26015.0,-28978.0,-4.748583793640137
2.0,155.0,26402.0,-28976.0,-4.748583793640137
2.0,159.0,26792.0,-28973.0,-4.748583793640137
2.0,163.0,27182.0,-28971.0,-4.748583793640137
2.0,167.0,27669.0,-28968.0,-4.748583793640137
2.0,172.0,28061.0,-28965.0,-4.748583793640137
2.0,176.0,28448.0,-28961.0,-4.748583793640137
2.0,181.0,28933.0,-28957.0,-4.748583793640137
2.0,187.0,29610.0,-28951.0,-4.748583793640137
2.0,194.0,30189.0,-28946.0,-4.748583793640137
2.0,198.0,30673.0,-28941.0,-4.748583793640137
2.0,204.0,31160.0,-28935.0,-4.748583793640137
2.0,208.0,31648.0,-28929.0,-4.748583793640137
2.0,213.0,32039.0,-28925.0,-4.748583793640137
2.0,219.0,32629.0,-28917.0,-4.748583793640137
2.0,223.0,33118.0,-28911.0,-4.748583793640137
2.0,228.0,33509.0,-28906.0,-4.748583793640137
2.0,232.0,33901.0,-28899.0,-4.748583793640137
2.0,239.0,34585.0,-28891.0,-4.748583793640137
2.0,243.0,35075.0,-28884.0,-4.748583793640137
2.0,248.0,35471.0,-28877.0,-4.748583793640137
2.0,252.0,35865.0,-28872.0,-4.748583793640137
2.0,257.0,36363.0,-28862.0,-4.748583793640137
2.0,262.0,36860.0,-28856.0,-4.748583793640137
2.0,266.0,37257.0,-28850.0,-4.748583793640137
2.0,272.0,37852.0,-28839.0,-4.748583793640137
2.0,277.0,38444.0,-28829.0,-4.748583793640137
2.0,282.0,38839.0,-28823.0,-4.748583793640137
2.0,286.0,39237.0,-28815.0,-4.748583793640137
2.0,293.0,39934.0,-28803.0,-4.748583793640137
2.0,298.0,40433.0,-28794.0,-4.748583793640137
2.0,302.0,40835.0,-28786.0,-4.748583793640137
2.0,309.0,41536.0,-28773.0,-4.748583793640137
2.0,313.0,41935.0,-28764.0,-4.748583793640137
2.0,317.0,42433.0,-28757.0,-4.748583793640137
2.0,324.0,43033.0,-28745.0,-4.748583793640137
2.0,328.0,43433.0,-28735.0,-4.748583793640137
2.0,332.0,43833.0,-28730.0,-4.748583793640137
2.0,338.0,44536.0,-28716.0,-4.748583793640137
2.0,344.0,45037.0,-28704.0,-4.748583793640137
2.0,349.0,45536.0,-28696.0,-4.748583793640137
2.0,353.0,45935.0,-28688.0,-4.748583793640137
2.0,358.0,46433.0,-28678.0,-4.748583793640137
2.0,363.0,46931.0,-28667.0,-4.748583793640137
2.0,369.0,47532.0,-28655.0,-4.748583793640137
2.0,375.0,48134.0,-28645.0,-4.748583793640137
2.0,379.0,48636.0,-28635.0,-4.748583793640137
2.0,384.0,49035.0,-28627.0,-4.748583793640137
2.0,389.0,49532.0,-28616.0,-4.748583793640137
2.0,396.0,50227.0,-28602.0,-4.748583793640137
2.0,402.0,50922.0,-28590.0,-4.748583793640137
2.0,407.0,51320.0,-28583.0,-4.748583793640137
2.0,413.0,52018.0,-28570.0,-4.748583793640137
2.0,418.0,52419.0,-28561.0,-4.748583793640137
2.0,422.0,52819.0,-28554.0,-4.748583793640137
2.0,427.0,53318.0,-28545.0,-4.748583793640137
2.0,432.0,53817.0,-28537.0,-4.748583793640137
2.0,436.0,54214.0,-28529.0,-4.748583793640137
2.0,441.0,54710.0,-28522.0,-4.748583793640137
2.0,446.0,55207.0,-28513.0,-4.748583793640137
2.0,450.0,55605.0,-28505.0,-4.748583793640137
2.0,454.0,56103.0,-28498.0,-4.748583793640137
2.0,460.0,56603.0,-28490.0,-4.748583793640137
2.0,465.0,57103.0,-28483.0,-4.748583793640137
2.0,469.0,57503.0,-28475.0,-4.748583793640137
2.0,475.0,58102.0,-28466.0,-4.748583793640137
2.0,480.0,58599.0,-28460.0,-4.748583793640137
2.0,484.0,58997.0,-28453.0,-4.748583793640137
2.0,489.0,59496.0,-28448.0,-4.748583793640137
2.0,493.0,59894.0,-28441.0,-4.748583793640137
2.0,498.0,60394.0,-28436.0,-4.748583793640137
2.0,502.0,60794.0,-28431.0,-4.748583793640137
2.0,506.0,61194.0,-28425.0,-4.748583793640137
2.0,511.0,61695.0,-28420.0,-4.748583793640137
2.0,515.0,62096.0,-28415.0,-4.748583793640137
2.0,521.0,62694.0,-28409.0,-4.748583793640137
2.0,525.0,63093.0,-28405.0,-4.748583793640137
2.0,529.0,63491.0,-28400.0,-4.748583793640137
2.0,533.0,63891.0,-28396.0,-4.748583793640137
2.0,538.0,64390.0,-28393.0,-4.748583793640137
2.0,542.0,64792.0,-28388.0,-4.748583793640137
2.0,546.0,65291.0,-28386.0,-4.748583793640137
2.0,551.0,65690.0,-28382.0,-4.748583793640137
2.0,555.0,66089.0,-28379.0,-4.748583793640137
2.0,560.0,66586.0,-28377.0,-4.748583793640137
2.0,564.0,66984.0,-28373.0,-4.748583793640137
2.0,569.0,67481.0,-28371.0,-4.748583793640137
2.0,574.0,67981.0,-28368.0,-4.748583793640137
2.0,579.0,68481.0,-28366.0,-4.748583793640137
2.0,583.0,68883.0,-28365.0,-4.748583793640137
2.0,587.0,69383.0,-28364.0,-4.748583793640137
2.0,594.0,69983.0,-28362.0,-4.748583793640137
2.0,599.0,70482.0,-28361.0,-4.748583793640137
2.0,603.0,70879.0,-28361.0,-4.748583793640137
2.0,607.0,71377.0,-28360.0,-4.748583793640137
2.0,612.0,71775.0,-28360.0,-4.748583793640137
2.0,616.0,72175.0,-28360.0,-4.748583793640137
2.0,621.0,72674.0,-28360.0,-4.748583793640137
2.0,625.0,73075.0,-28361.0,-4.748583793640137
2.0,629.0,73476.0,-28362.0,-4.748583793640137
2.0,633.0,73875.0,-28363.0,-4.748583793640137
2.0,638.0,74374.0,-28364.0,-4.748583793640137
2.0,642.0,74770.0,-28366.0,-4.748583793640137
2.0,646.0,75166.0,-28367.0,-4.748583793640137
2.0,651.0,75660.0,-28369.0,-4.748583793640137
2.0,656.0,76153.0,-28371.0,-4.748583793640137
2.0,660.0,76647.0,-28374.0,-4.748583793640137
2.0,664.0,76944.0,-28377.0,-4.748583793640137
2.0,669.0,77438.0,-28379.0,-4.748583793640137
2.0,673.0,77833.0,-28382.0,-4.748583793640137
2.0,678.0,78326.0,-28386.0,-4.748583793640137
2.0,682.0,78720.0,-28389.0,-4.748583793640137
2.0,686.0,79111.0,-28393.0,-4.748583793640137
2.0,690.0,79503.0,-28396.0,-4.748583793640137
2.0,694.0,79895.0,-28401.0,-4.748583793640137
2.0,699.0,80385.0,-28405.0,-4.748583793640137
2.0,703.0,80776.0,-28409.0,-4.748583793640137
2.0,710.0,81461.0,-28416.0,-4.748583793640137
2.0,714.0,81852.0,-28422.0,-4.748583793640137
2.0,719.0,82341.0,-28427.0,-4.748583793640137
2.0,724.0,82828.0,-28434.0,-4.748583793640137
2.0,729.0,83312.0,-28439.0,-4.748583793640137
2.0,733.0,83701.0,-28444.0,-4.748583793640137
2.0,737.0,84186.0,-28451.0,-4.748583793640137
2.0,742.0,84576.0,-28457.0,-4.748583793640137
2.0,747.0,85160.0,-28465.0,-4.748583793640137
2.0,752.0,85550.0,-28471.0,-4.748583793640137
2.0,756.0,85941.0,-28477.0,-4.748583793640137
2.0,760.0,86331.0,-28485.0,-4.748583793640137
2.0,764.0,86721.0,-28492.0,-4.748583793640137
2.0,769.0,87206.0,-28498.0,-4.748583793640137
2.0,773.0,87596.0,-28506.0,-4.748583793640137
2.0,777.0,88083.0,-28513.0,-4.748583793640137
2.0,782.0,88473.0,-28520.0,-4.748583793640137
2.0,789.0,89157.0,-28532.0,-4.748583793640137
2.0,794.0,89647.0,-28542.0,-4.748583793640137
2.0,800.0,90232.0,-28551.0,-4.748583793640137
2.0,805.0,90719.0,-28562.0,-4.748583793640137
2.0,810.0,91206.0,-28569.0,-4.748583793640137
2.0,814.0,91594.0,-28579.0,-4.748583793640137
2.0,819.0,92181.0,-28588.0,-4.748583793640137
2.0,823.0,92571.0,-28595.0,-4.748583793640137
2.0,828.0,92963.0,-28605.0,-4.748583793640137
2.0,832.0,93454.0,-28613.0,-4.748583793640137
2.0,838.0,93948.0,-28622.0,-4.748583793640137
2.0,843.0,94440.0,-28632.0,-4.748583793640137
2.0,847.0,94932.0,-28642.0,-4.748583793640137
2.0,852.0,95324.0,-28649.0,-4.748583793640137
2.0,857.0,95815.0,-28659.0,-4.748583793640137
2.0,861.0,96209.0,-28667.0,-4.748583793640137
2.0,865.0,96604.0,-28676.0,-4.748583793640137
2.0,869.0,97001.0,-28684.0,-4.748583793640137
2.0,873.0,97400.0,-28692.0,-4.748583793640137
2.0,877.0,97800.0,-28700.0,-4.748583793640137
2.0,882.0,98300.0,-28707.0,-4.748583793640137
2.0,886.0,98700.0,-28715.0,-4.748583793640137
2.0,890.0,99101.0,-28724.0,-4.748583793640137
2.0,894.0,99500.0,-28732.0,-4.748583793640137
2.0,900.0,100100.0,-28741.0,-4.748583793640137
2.0,904.0,100502.0,-28749.0,-4.748583793640137
2.0,910.0,101105.0,-28760.0,-4.748583793640137
2.0,917.0,101813.0,-28773.0,-4.748583793640137
2.0,921.0,102220.0,-28780.0,-4.748583793640137
2.0,928.0,102932.0,-28792.0,-4.748583793640137
2.0,932.0,103441.0,-28801.0,-4.748583793640137
2.0,936.0,103745.0,-28808.0,-4.748583793640137
2.0,941.0,104253.0,-28814.0,-4.748583793640137
2.0,953.0,105477.0,-28834.0,-4.748583793640137
2.0,959.0,106091.0,-28844.0,-4.748583793640137
2.0,963.0,106501.0,-28851.0,-4.748583793640137
2.0,968.0,107218.0,-28860.0,-4.748583793640137
2.0,975.0,107728.0,-28868.0,-4.748583793640137
2.0,979.0,108137.0,-28875.0,-4.748583793640137
2.0,983.0,108648.0,-28881.0,-4.748583793640137
2.0,988.0,109160.0,-28888.0,-4.748583793640137
2.0,994.0,109672.0,-28894.0,-4.748583793640137
2.0,999.0,110183.0,-28900.0,-4.748583793640137
2.0,1003.0,110590.0,-28906.0,-4.748583793640137
2.0,1007.0,111097.0,-28911.0,-4.748583793640137
2.0,1011.0,111502.0,-28916.0,-4.748583793640137
2.0,1016.0,111907.0,-28920.0,-4.748583793640137
2.0,1020.0,112313.0,-28926.0,-4.748583793640137
2.0,1024.0,112719.0,-28929.0,-4.748583793640137
2.0,1028.0,113126.0,-28934.0,-4.748583793640137
2.0,1032.0,113533.0,-28937.0,-4.748583793640137
2.0,1036.0,113942.0,-28941.0,-4.748583793640137
2.0,1041.0,114454.0,-28945.0,-4.748583793640137
2.0,1044.0,114863.0,-28948.0,-4.748583793640137
2.0,1049.0,115272.0,-28951.0,-4.748583793640137
2.0,1053.0,115679.0,-28955.0,-4.748583793640137
2.0,1058.0,116189.0,-28957.0,-4.748583793640137
2.0,1062.0,116596.0,-28961.0,-4.748583793640137
2.0,1066.0,117004.0,-28963.0,-4.748583793640137
2.0,1070.0,117413.0,-28965.0,-4.748583793640137
2.0,1074.0,117823.0,-28968.0,-4.748583793640137
2.0,1079.0,118336.0,-28969.0,-4.748583793640137
2.0,1083.0,118850.0,-28971.0,-4.748583793640137
2.0,1088.0,119364.0,-28973.0,-4.748583793640137
2.0,1093.0,119774.0,-28974.0,-4.748583793640137
2.0,1098.0,120386.0,-28975.0,-4.748583793640137
2.0,1102.0,120796.0,-28976.0,-4.748583793640137
2.0,1107.0,121205.0,-28976.0,-4.748583793640137
2.0,1111.0,121717.0,-28977.0,-4.748583793640137
2.0,1116.0,122128.0,-28977.0,-4.748583793640137
2.0,1121.0,122642.0,-28976.0,-4.748583793640137
2.0,1127.0,123259.0,-28976.0,-4.748583793640137
2.0,1131.0,123670.0,-28976.0,-4.748583793640137
2.0,1137.0,124283.0,-28974.0,-4.748583793640137
2.0,1143.0,124898.0,-28972.0,-4.748583793640137
2.0,1149.0,125513.0,-28970.0,-4.748583793640137
2.0,1155.0,126129.0,-28968.0,-4.748583793640137
2.0,1161.0,126745.0,-28965.0,-4.748583793640137
2.0,1166.0,127257.0,-28962.0,-4.748583793640137
2.0,1173.0,127972.0,-28958.0,-4.748583793640137
2.0,1179.0,128582.0,-28953.0,-4.748583793640137
2.0,1185.0,129194.0,-28949.0,-4.748583793640137
2.0,1191.0,129806.0,-28945.0,-4.748583793640137
2.0,1195.0,130213.0,-28942.0,-4.748583793640137
2.0,1201.0,130826.0,-28936.0,-4.748583793640137
2.0,1206.0,131333.0,-28931.0,-4.748583793640137
2.0,1211.0,131840.0,-28926.0,-4.748583793640137
2.0,1215.0,132244.0,-28921.0,-4.748583793640137
2.0,1219.0,132648.0,-28917.0,-4.748583793640137
2.0,1224.0,133253.0,-28911.0,-4.748583793640137
2.0,1229.0,133657.0,-28906.0,-4.748583793640137
2.0,1233.0,134061.0,-28900.0,-4.748583793640137
2.0,1237.0,134770.0,-28893.0,-4.748583793640137
2.0,1244.0,135174.0,-28886.0,-4.748583793640137
2.0,1249.0,135679.0,-28880.0,-4.748583793640137
2.0,1253.0,136082.0,-28875.0,-4.748583793640137
2.0,1258.0,136585.0,-28867.0,-4.748583793640137
2.0,1262.0,136986.0,-28863.0,-4.748583793640137
2.0,1266.0,137390.0,-28855.0,-4.748583793640137
2.0,1273.0,138097.0,-28845.0,-4.748583793640137
2.0,1278.0,138604.0,-28838.0,-4.748583793640137
2.0,1281.0,139009.0,-28832.0,-4.748583793640137
2.0,1289.0,139720.0,-28819.0,-4.748583793640137
2.0,1295.0,140328.0,-28810.0,-4.748583793640137
2.0,1299.0,140731.0,-28801.0,-4.748583793640137
2.0,1303.0,141136.0,-28797.0,-4.748583793640137
2.0,1307.0,141641.0,-28788.0,-4.748583793640137
2.0,1312.0,142047.0,-28781.0,-4.748583793640137
2.0,1318.0,142656.0,-28769.0,-4.748583793640137
2.0,1324.0,143267.0,-28760.0,-4.748583793640137
2.0,1329.0,143774.0,-28750.0,-4.748583793640137
2.0,1335.0,144385.0,-28740.0,-4.748583793640137
2.0,1340.0,144889.0,-28729.0,-4.748583793640137
2.0,1345.0,145397.0,-28720.0,-4.748583793640137
2.0,1351.0,146004.0,-28710.0,-4.748583793640137
2.0,1357.0,146612.0,-28697.0,-4.748583793640137
2.0,1362.0,147120.0,-28688.0,-4.748583793640137
2.0,1368.0,147726.0,-28679.0,-4.748583793640137
2.0,1373.0,148233.0,-28667.0,-4.748583793640137
2.0,1379.0,148835.0,-28658.0,-4.748583793640137
2.0,1383.0,149238.0,-28651.0,-4.748583793640137
2.0,1391.0,150044.0,-28634.0,-4.748583793640137
2.0,1396.0,150546.0,-28627.0,-4.748583793640137
2.0,1403.0,151252.0,-28614.0,-4.748583793640137
2.0,1408.0,151753.0,-28604.0,-4.748583793640137
2.0,1412.0,152154.0,-28597.0,-4.748583793640137
2.0,1419.0,152852.0,-28583.0,-4.748583793640137
2.0,1424.0,153349.0,-28574.0,-4.748583793640137
2.0,1429.0,153848.0,-28567.0,-4.748583793640137
2.0,1433.0,154246.0,-28560.0,-4.748583793640137
2.0,1438.0,154745.0,-28552.0,-4.748583793640137
2.0,1442.0,155146.0,-28545.0,-4.748583793640137
2.0,1446.0,155545.0,-28539.0,-4.748583793640137
2.0,1452.0,156144.0,-28529.0,-4.748583793640137
2.0,1456.0,156541.0,-28522.0,-4.748583793640137
2.0,1462.0,157137.0,-28513.0,-4.748583793640137
2.0,1469.0,157832.0,-28501.0,-4.748583793640137
2.0,1473.0,158326.0,-28495.0,-4.748583793640137
2.0,1479.0,158824.0,-28487.0,-4.748583793640137
2.0,1483.0,159222.0,-28482.0,-4.748583793640137
2.0,1488.0,159721.0,-28475.0,-4.748583793640137
2.0,1492.0,160117.0,-28470.0,-4.748583793640137
2.0,1496.0,160614.0,-28463.0,-4.748583793640137
2.0,1501.0,161008.0,-28458.0,-4.748583793640137
2.0,1505.0,161402.0,-28452.0,-4.748583793640137
2.0,1510.0,161896.0,-28448.0,-4.748583793640137
2.0,1514.0,162289.0,-28443.0,-4.748583793640137
2.0,1519.0,162783.0,-28436.0,-4.748583793640137
2.0,1525.0,163375.0,-28431.0,-4.748583793640137
2.0,1529.0,163771.0,-28426.0,-4.748583793640137
2.0,1535.0,164364.0,-28420.0,-4.748583793640137
2.0,1541.0,164955.0,-28415.0,-4.748583793640137
2.0,1547.0,165545.0,-28410.0,-4.748583793640137
2.0,1552.0,166037.0,-28406.0,-4.748583793640137
2.0,1559.0,166726.0,-28402.0,-4.748583793640137
2.0,1565.0,167318.0,-28398.0,-4.748583793640137
2.0,1570.0,167910.0,-28394.0,-4.748583793640137
2.0,1575.0,168306.0,-28392.0,-4.748583793640137
2.0,1581.0,168896.0,-28389.0,-4.748583793640137
2.0,1588.0,169682.0,-28386.0,-4.748583793640137
2.0,1592.0,169977.0,-28385.0,-4.748583793640137
2.0,1597.0,170469.0,-28383.0,-4.748583793640137
2.0,1601.0,170862.0,-28382.0,-4.748583793640137
2.0,1606.0,171454.0,-28381.0,-4.748583793640137
2.0,1611.0,171845.0,-28381.0,-4.748583793640137
2.0,1615.0,172237.0,-28380.0,-4.748583793640137
2.0,1620.0,172725.0,-28380.0,-4.748583793640137
2.0,1624.0,173113.0,-28380.0,-4.748583793640137
2.0,1629.0,173599.0,-28381.0,-4.748583793640137
2.0,1633.0,173988.0,-28381.0,-4.748583793640137
2.0,1637.0,174378.0,-28382.0,-4.748583793640137
2.0,1644.0,175058.0,-28383.0,-4.748583793640137
2.0,1649.0,175644.0,-28385.0,-4.748583793640137
2.0,1654.0,176034.0,-28387.0,-4.748583793640137
2.0,1659.0,176521.0,-28389.0,-4.748583793640137
2.0,1663.0,176909.0,-28391.0,-4.748583793640137
2.0,1668.0,177393.0,-28393.0,-4.748583793640137
2.0,1673.0,177973.0,-28396.0,-4.748583793640137
2.0,1679.0,178459.0,-28399.0,-4.748583793640137
2.0,1685.0,179043.0,-28404.0,-4.748583793640137
2.0,1689.0,179434.0,-28407.0,-4.748583793640137
2.0,1695.0,180021.0,-28412.0,-4.748583793640137
2.0,1701.0,180609.0,-28416.0,-4.748583793640137
2.0,1707.0,181198.0,-28421.0,-4.748583793640137
2.0,1712.0,181684.0,-28426.0,-4.748583793640137
2.0,1719.0,182370.0,-28433.0,-4.748583793640137
2.0,1723.0,182761.0,-28439.0,-4.748583793640137
2.0,1729.0,183351.0,-28445.0,-4.748583793640137
2.0,1737.0,184141.0,-28453.0,-4.748583793640137
2.0,1741.0,184537.0,-28459.0,-4.748583793640137
2.0,1746.0,185033.0,-28464.0,-4.748583793640137
2.0,1750.0,185427.0,-28471.0,-4.748583793640137
2.0,1754.0,185821.0,-28476.0,-4.748583793640137
2.0,1759.0,186314.0,-28481.0,-4.748583793640137
2.0,1768.0,187301.0,-28495.0,-4.748583793640137
2.0,1772.0,187696.0,-28501.0,-4.748583793640137
2.0,1776.0,188092.0,-28507.0,-4.748583793640137
2.0,1781.0,188585.0,-28515.0,-4.748583793640137
2.0,1786.0,188979.0,-28521.0,-4.748583793640137
2.0,1790.0,189371.0,-28529.0,-4.748583793640137
2.0,1796.0,189957.0,-28538.0,-4.748583793640137
2.0,1801.0,190444.0,-28545.0,-4.748583793640137
2.0,1805.0,190834.0,-28551.0,-4.748583793640137
6.0,1809.0,191223.0,-28560.0,4.040407180786133
6.0,1813.0,191617.0,-28566.0,4.053796291351318
6.0,1818.0,192068.0,-28573.0,4.064709186553955
6.0,1822.0,192303.0,-28582.0,4.0711774826049805
6.0,1830.0,192439.0,-28602.0,4.0769195556640625
6.0,1834.0,192346.0,-28617.0,4.074650287628174
6.0,1840.0,192129.0,-28633.0,4.065352439880371
6.0,1846.0,191763.0,-28654.0,4.055152416229248
6.0,1852.0,191261.0,-28677.0,4.030656337738037
6.0,1857.0,190664.0,-28701.0,4.008988380432129
6.0,1863.0,190081.0,-28721.0,3.9852752685546875
6.0,1869.0,189301.0,-28746.0,3.9513657093048096
6.0,1874.0,188433.0,-28773.0,3.908268451690674
6.0,1879.0,187807.0,-28795.0,3.871288299560547
6.0,1885.0,186809.0,-28818.0,3.821955919265747
6.0,1891.0,185744.0,-28846.0,3.7727880477905273
6.0,1896.0,184817.0,-28873.0,3.7175235748291016
6.0,1902.0,183651.0,-28902.0,3.6510672569274902
6.0,1909.0,182026.0,-28935.0,3.5728392601013184
6.0,1914.0,181186.0,-28954.0,3.525642156600952
6.0,1918.0,180117.0,-28978.0,3.463541269302368
6.0,1924.0,179017.0,-29006.0,3.3901150226593018
6.0,1929.0,177902.0,-29026.0,3.332973003387451
6.0,1933.0,176991.0,-29044.0,3.2846052646636963
6.0,1937.0,175846.0,-29067.0,3.2201428413391113
6.0,1942.0,174913.0,-29086.0,3.1640396118164062
6.0,1946.0,173977.0,-29109.0,3.096405506134033
6.0,1951.0,172797.0,-29127.0,3.0433402061462402
6.0,1957.0,171376.0,-29153.0,2.9509527683258057
6.0,1963.0,169947.0,-29179.0,2.8899288177490234
6.0,1967.0,168996.0,-29196.0,2.8276100158691406
6.0,1974.0,167332.0,-29225.0,2.7523303031921387
6.0,1979.0,166146.0,-29249.0,2.681227684020996
6.0,1983.0,165198.0,-29265.0,2.6328506469726562
6.0,1991.0,163317.0,-29291.0,2.558736801147461
6.0,1995.0,162147.0,-29309.0,2.507985830307007
6.0,2000.0,161220.0,-29327.0,2.4560506343841553
6.0,2006.0,159839.0,-29347.0,2.4023277759552
6.0,2013.0,158247.0,-29367.0,2.3468713760375977
6.0,2017.0,157126.0,-29382.0,2.3100204467773438
6.0,2023.0,156020.0,-29397.0,2.2719104290008545
6.0,2027.0,155146.0,-29408.0,2.2388908863067627
6.0,2033.0,153851.0,-29425.0,2.202662229537964
6.0,2039.0,152579.0,-29440.0,2.1645429134368896
6.0,2045.0,151331.0,-29455.0,2.1371240615844727
6.0,2051.0,150103.0,-29468.0,2.116849422454834
6.0,2056.0,149098.0,-29481.0,2.0917654037475586
6.0,2064.0,147330.0,-29496.0,2.0694384574890137
6.0,2070.0,146369.0,-29506.0,2.0576207637786865
6.0,2076.0,145240.0,-29514.0,2.0494863986968994
6.0,2082.0,144131.0,-29522.0,2.0438332557678223
6.0,2088.0,143041.0,-29530.0,2.037161350250244
6.0,2094.0,141972.0,-29536.0,2.039792537689209
6.0,2099.0,140918.0,-29542.0,2.039491653442383
6.0,2105.0,140056.0,-29546.0,2.043105363845825
6.0,2109.0,139371.0,-29548.0,2.05041766166687
6.0,2114.0,138361.0,-29552.0,2.0559489727020264
6.0,2121.0,137361.0,-29554.0,2.068786382675171
6.0,2125.0,136705.0,-29555.0,2.0809690952301025
6.0,2131.0,135731.0,-29556.0,2.0913281440734863
6.0,2135.0,135091.0,-29556.0,2.105048179626465
6.0,2139.0,134295.0,-29555.0,2.119687795639038
6.0,2143.0,133662.0,-29554.0,2.133108377456665
6.0,2151.0,132563.0,-29551.0,2.1613054275512695
6.0,2158.0,131473.0,-29548.0,2.183028221130371
6.0,2162.0,130855.0,-29545.0,2.2007274627685547
6.0,2166.0,130084.0,-29541.0,2.2223434448242188
6.0,2171.0,129469.0,-29537.0,2.241887331008911
6.0,2176.0,128702.0,-29531.0,2.269116163253784
6.0,2183.0,127632.0,-29523.0,2.3022396564483643
6.0,2187.0,126866.0,-29517.0,2.325258493423462
6.0,2192.0,126253.0,-29511.0,2.347287178039551
6.0,2198.0,125331.0,-29502.0,2.3852365016937256
6.0,2203.0,124402.0,-29491.0,2.4146206378936768
6.0,2209.0,123626.0,-29482.0,2.442434787750244
6.0,2214.0,122843.0,-29472.0,2.477931261062622
6.0,2220.0,121895.0,-29459.0,2.509091377258301
6.0,2225.0,120938.0,-29446.0,-3.4070487022399902
6.0,2230.0,120293.0,-29437.0,-3.4478888511657715
6.0,2236.0,119468.0,-29419.0,-3.4956836700439453
6.0,2242.0,118817.0,-29401.0,-3.5478780269622803
6.0,2249.0,118518.0,-29382.0,-3.5985240936279297
6.0,2255.0,118447.0,-29360.0,-3.651890277862549
6.0,2261.0,118543.0,-29333.0,-3.7113964557647705
6.0,2267.0,118781.0,-29308.0,-3.7611844539642334
6.0,2273.0,119143.0,-29281.0,-3.8095462322235107
6.0,2279.0,119617.0,-29258.0,-3.846855640411377
6.0,2284.0,120200.0,-29228.0,-3.889738082885742
6.0,2290.0,120764.0,-29192.0,-3.933675765991211
6.0,2299.0,121955.0,-29155.0,-3.9707727432250977
6.0,2303.0,122555.0,-29132.0,-3.9888670444488525
6.0,2310.0,123696.0,-29091.0,-4.013505458831787
6.0,2314.0,124397.0,-29061.0,-4.025447845458984
6.0,2319.0,125324.0,-29030.0,-4.031972408294678
6.0,2325.0,126506.0,-28992.0,-4.032585620880127
6.0,2330.0,127548.0,-28959.0,-4.025689125061035
6.0,2334.0,128413.0,-28932.0,-4.0152740478515625
6.0,2340.0,129765.0,-28898.0,-3.9966797828674316
6.0,2345.0,130938.0,-28857.0,-3.966665029525757
6.0,2351.0,132399.0,-28814.0,-3.9232516288757324
6.0,2357.0,133913.0,-28771.0,-3.8710920810699463
6.0,2363.0,135478.0,-28734.0,-3.8069489002227783
6.0,2369.0,137085.0,-28690.0,-3.7455124855041504
6.0,2374.0,138456.0,-28653.0,-3.6611695289611816
6.0,2379.0,140132.0,-28607.0,-3.581745147705078
6.0,2385.0,141549.0,-28562.0,-3.4813685417175293
6.0,2390.0,143273.0,-28525.0,-3.394066095352173
6.0,2397.0,145014.0,-28479.0,-3.256197690963745
6.0,2403.0,146766.0,-28434.0,-3.150305986404419
6.0,2409.0,148528.0,-28389.0,-3.019908905029297
6.0,2414.0,149993.0,-28352.0,-2.9091174602508545
6.0,2420.0,151748.0,-28301.0,-2.751885175704956
6.0,2425.0,153202.0,-28272.0,-2.6594133377075195
6.0,2429.0,154356.0,-28236.0,-2.5420069694519043
6.0,2433.0,155786.0,-28208.0,-2.4513564109802246
6.0,2438.0,156917.0,-28173.0,-2.3350110054016113
6.0,2442.0,158034.0,-28146.0,-2.2473952770233154
6.0,2446.0,159412.0,-28119.0,-2.1578946113586426
6.0,2451.0,160496.0,-28086.0,-2.049529552459717
6.0,2455.0,161561.0,-28060.0,-1.964227557182312
6.0,2461.0,163382.0,-28022.0,-1.8415892124176025
6.0,2467.0,164646.0,-27991.0,-1.7424607276916504
6.0,2473.0,166117.0,-27955.0,-1.6306593418121338
6.0,2479.0,167537.0,-27920.0,-1.5245240926742554
6.0,2486.0,169125.0,-27875.0,-1.3929826021194458
6.0,2492.0,170635.0,-27842.0,-1.2976932525634766
6.0,2504.0,172845.0,-27781.0,-1.1423919200897217
6.0,2509.0,173779.0,-27761.0,-1.0911400318145752
6.0,2515.0,174847.0,-27732.0,-1.0207711458206177
6.0,2523.0,176181.0,-27696.0,-0.9315159320831299
6.0,2533.0,177697.0,-27653.0,-0.8615882992744446
6.0,2537.0,178394.0,-27632.0,0.6656231880187988
6.0,2541.0,178920.0,-27616.0,0.6449004411697388
6.0,2547.0,179617.0,-27593.0,0.6187624335289001
6.0,2551.0,180018.0,-27578.0,0.6017889380455017
6.0,2555.0,180369.0,-27563.0,0.5831103920936584
6.0,2560.0,180676.0,-27549.0,0.57078617811203
6.0,2565.0,180998.0,-27531.0,0.5490936040878296
6.0,2569.0,181208.0,-27518.0,0.5407329797744751
6.0,2573.0,181381.0,-27504.0,0.5229736566543579
6.0,2577.0,181519.0,-27492.0,0.5101854801177979
6.0,2581.0,181625.0,-27479.0,0.5058927536010742
6.0,2584.0,181704.0,-27467.0,0.4986688494682312
6.0,2590.0,181766.0,-27449.0,0.4848710596561432
6.0,2596.0,181797.0,-27435.0,0.4751248061656952
6.0,2601.0,181796.0,-27418.0,0.4657168388366699
6.0,2607.0,181779.0,-27405.0,0.45725417137145996
6.0,2612.0,181763.0,-27390.0,0.45714035630226135
6.0,2619.0,181743.0,-27374.0,0.45862123370170593
6.0,2625.0,181729.0,-27363.0,0.4598430395126343
6.0,2629.0,181720.0,-27353.0,0.4653357267379761
6.0,2637.0,181705.0,-27339.0,0.4691585302352905
6.0,2641.0,181698.0,-27330.0,0.47561684250831604
6.0,2648.0,181685.0,-27319.0,0.49070000648498535
6.0,2654.0,181677.0,-27311.0,0.5025248527526855
6.0,2660.0,181668.0,-27303.0,0.5110559463500977
6.0,2666.0,181658.0,-27294.0,0.5280478596687317
6.0,2671.0,181653.0,-27290.0,0.5386688709259033
6.0,2677.0,181647.0,-27283.0,0.560822069644928
6.0,2684.0,181642.0,-27277.0,0.5814023613929749
6.0,2691.0,181637.0,-27272.0,0.6029779314994812
6.0,2700.0,181629.0,-27268.0,0.6312536001205444
6.0,2706.0,181622.0,-27265.0,0.6540651321411133
6.0,2711.0,181615.0,-27264.0,0.6734710931777954
6.0,2715.0,181609.0,-27263.0,0.6865642070770264
6.0,2720.0,181601.0,-27263.0,0.7070923447608948
6.0,2724.0,181595.0,-27263.0,0.7220807671546936
6.0,2728.0,181587.0,-27264.0,0.7403870224952698
6.0,2733.0,181580.0,-27265.0,0.7603916525840759
6.0,2737.0,181570.0,-27266.0,0.775970458984375
6.0,2742.0,181563.0,-27268.0,0.7947365045547485
6.0,2746.0,181555.0,-27270.0,0.8144854307174683
6.0,2753.0,181539.0,-27274.0,0.8484255075454712
6.0,2759.0,181522.0,-27279.0,0.8723739385604858
6.0,2764.0,181505.0,-27283.0,0.8998295068740845
6.0,2769.0,181484.0,-27288.0,0.9195054173469543
6.0,2774.0,181457.0,-27294.0,0.9473047256469727
6.0,2780.0,181415.0,-27302.0,0.9804530739784241
6.0,2786.0,181363.0,-27308.0,1.0042074918746948
6.0,2791.0,181303.0,-27317.0,1.0374475717544556
6.0,2797.0,181237.0,-27326.0,1.0690172910690308
6.0,2802.0,181189.0,-27333.0,1.0991202592849731
6.0,2806.0,181136.0,-27342.0,1.1217831373214722
6.0,2812.0,181036.0,-27353.0,1.1562488079071045
6.0,2817.0,180973.0,-27361.0,1.1806007623672485
6.0,2821.0,180904.0,-27369.0,-1.3288007974624634
6.0,2827.0,180808.0,-27385.0,-1.3766710758209229
6.0,2832.0,180788.0,-27395.0,-1.4112558364868164
6.0,2836.0,180816.0,-27407.0,-1.4393651485443115
6.0,2841.0,180865.0,-27418.0,-1.4696775674819946
6.0,2845.0,180926.0,-27429.0,-1.5075634717941284
6.0,2849.0,181006.0,-27444.0,-1.5394232273101807
6.0,2853.0,181095.0,-27456.0,-1.570889949798584
6.0,2859.0,181257.0,-27475.0,-1.619810700416565
6.0,2864.0,181415.0,-27491.0,-1.6604372262954712
6.0,2869.0,181595.0,-27509.0,-1.705113172531128
6.0,2875.0,181836.0,-27530.0,-1.7568062543869019
6.0,2880.0,182054.0,-27545.0,-1.8026142120361328
6.0,2884.0,182241.0,-27565.0,-1.8405545949935913
6.0,2890.0,182541.0,-27585.0,-1.887610673904419
6.0,2894.0,182754.0,-27601.0,-1.9343632459640503
6.0,2899.0,183037.0,-27622.0,-1.9732669591903687
6.0,2903.0,183278.0,-27639.0,-2.0119524002075195
6.0,2907.0,183594.0,-27662.0,1.9714182615280151
6.0,2912.0,183848.0,-27680.0,2.0256078243255615
6.0,2918.0,184114.0,-27713.0,2.0900087356567383
6.0,2925.0,184243.0,-27742.0,2.154301404953003
6.0,2929.0,184236.0,-27768.0,2.208653450012207
6.0,2934.0,184182.0,-27789.0,2.2515034675598145
6.0,2939.0,184068.0,-27815.0,2.3040785789489746
6.0,2943.0,183947.0,-27838.0,2.3467061519622803
6.0,2949.0,183709.0,-27871.0,2.4084243774414062
6.0,2955.0,183415.0,-27906.0,2.468950033187866
6.0,2959.0,183185.0,-27936.0,2.5176498889923096
6.0,2963.0,182936.0,-27961.0,2.5552282333374023
6.0,2968.0,182588.0,-27986.0,2.5914149284362793
6.0,2972.0,182286.0,-28011.0,2.6344103813171387
6.0,2976.0,181960.0,-28044.0,2.6668050289154053
6.0,2981.0,181521.0,-28070.0,2.697584867477417
6.0,2990.0,180653.0,-28131.0,2.7635293006896973
6.0,2994.0,180238.0,-28166.0,2.785109043121338
6.0,2999.0,179689.0,-28195.0,2.8026509284973145
6.0,3004.0,179113.0,-28239.0,2.8228540420532227
6.0,3009.0,178507.0,-28268.0,2.8336358070373535
6.0,3017.0,177485.0,-28336.0,2.8403244018554688
6.0,3023.0,176675.0,-28382.0,2.833678722381592
6.0,3028.0,175974.0,-28413.0,2.8238525390625
6.0,3033.0,175247.0,-28453.0,2.7966468334198
6.0,3039.0,174348.0,-28501.0,2.7671821117401123
6.0,3043.0,173734.0,-28533.0,2.7391107082366943
6.0,3048.0,172953.0,-28573.0,2.698357582092285
6.0,3052.0,172318.0,-28606.0,2.656390428543091
6.0,3056.0,171676.0,-28639.0,2.6099655628204346
6.0,3060.0,171026.0,-28672.0,2.5471439361572266
6.0,3065.0,170208.0,-28713.0,2.490954637527466
6.0,3069.0,169548.0,-28746.0,2.4161202907562256
6.0,3073.0,168887.0,-28779.0,2.365553855895996
6.0,3076.0,168225.0,-28811.0,2.302973508834839
6.0,3081.0,167561.0,-28844.0,2.2298853397369385
6.0,3084.0,166900.0,-28877.0,2.1525731086730957
6.0,3089.0,166242.0,-28909.0,2.0783119201660156
6.0,3092.0,165750.0,-28941.0,2.0002737045288086
6.0,3096.0,164942.0,-28973.0,1.9185775518417358
6.0,3101.0,164303.0,-29005.0,1.8332868814468384
6.0,3107.0,163363.0,-29052.0,1.6915210485458374
6.0,3113.0,162447.0,-29106.0,1.5564485788345337
6.0,3118.0,161707.0,-29136.0,1.4736496210098267
6.0,3122.0,161132.0,-29166.0,1.370518445968628
6.0,3128.0,160299.0,-29210.0,1.2633180618286133
6.0,3132.0,159763.0,-29246.0,1.1609712839126587
6.0,3137.0,159120.0,-29274.0,1.0637917518615723
6.0,3141.0,158625.0,-29309.0,0.9835436344146729
6.0,3145.0,158037.0,-29336.0,0.9103192090988159
6.0,3150.0,157590.0,-29363.0,0.813655436038971
6.0,3154.0,157167.0,-29396.0,0.7452269196510315
6.0,3159.0,156670.0,-29421.0,0.6842504739761353
6.0,3163.0,156300.0,-29447.0,0.5985418558120728
6.0,3167.0,155868.0,-29477.0,0.5429448485374451
6.0,3171.0,155629.0,-29501.0,0.48560237884521484
6.0,3176.0,155190.0,-29531.0,0.41167259216308594
6.0,3181.0,154925.0,-29554.0,0.3446587324142456
6.0,3185.0,154625.0,-29582.0,0.30053791403770447
6.0,3190.0,154411.0,-29604.0,0.23852407932281494
6.0,3194.0,154220.0,-29626.0,0.20022623240947723
6.0,3199.0,154014.0,-29652.0,0.1603918969631195
6.0,3203.0,153872.0,-29678.0,0.11072927713394165
6.0,3208.0,153724.0,-29698.0,-0.5360109806060791
6.0,3212.0,153628.0,-29717.0,-0.5019538402557373
6.0,3216.0,153556.0,-29741.0,-0.47446340322494507
6.0,3229.0,153501.0,-29796.0,-0.3886483609676361
6.0,3233.0,153516.0,-29818.0,-0.3716336488723755
6.0,3238.0,153540.0,-29835.0,-0.3529790937900543
6.0,3243.0,153566.0,-29860.0,-0.32628753781318665
6.0,3247.0,153592.0,-29876.0,-0.31215688586235046
6.0,3252.0,153610.0,-29892.0,-0.29649677872657776
6.0,3256.0,153625.0,-29907.0,-0.28757545351982117
6.0,3260.0,153637.0,-29922.0,-0.2802463471889496
6.0,3264.0,153644.0,-29936.0,-0.2730044424533844
6.0,3268.0,153648.0,-29950.0,-0.2616516351699829
6.0,3272.0,153649.0,-29964.0,-0.26182129979133606
6.0,3276.0,153649.0,-29977.0,-0.26023048162460327
6.0,3280.0,153649.0,-29990.0,-0.2560204863548279
6.0,3284.0,153649.0,-30005.0,-0.2596263587474823
6.0,3288.0,153649.0,-30017.0,-0.26051220297813416
6.0,3292.0,153649.0,-30029.0,-0.25977280735969543
6.0,3296.0,153649.0,-30040.0,-0.26471608877182007
6.0,3301.0,153649.0,-30054.0,-0.2666981518268585
6.0,3306.0,153649.0,-30064.0,-0.2749064564704895
6.0,3310.0,153649.0,-30074.0,-0.28135666251182556
6.0,3314.0,153649.0,-30084.0,-0.2861427366733551
6.0,3320.0,153649.0,-30098.0,-0.29703471064567566
6.0,3324.0,153649.0,-30107.0,-0.3076697885990143
6.0,3328.0,153649.0,-30118.0,-0.31304261088371277
6.0,3332.0,153649.0,-30126.0,-0.3232288658618927
6.0,3336.0,153649.0,-30134.0,-0.33177649974823
6.0,3340.0,153650.0,-30141.0,-0.344802588224411
6.0,3344.0,153650.0,-30148.0,-0.3561803698539734
6.0,3349.0,153650.0,-30155.0,-0.36595645546913147
6.0,3353.0,153650.0,-30162.0,-0.3804091513156891
6.0,3357.0,153650.0,-30169.0,-0.3925026059150696
6.0,3361.0,153650.0,-30174.0,-0.4026714563369751
6.0,3366.0,153650.0,-30182.0,-0.4169577360153198
6.0,3371.0,153650.0,-30187.0,-0.4296802878379822
6.0,3375.0,153650.0,-30192.0,-0.4409518539905548
6.0,3380.0,153650.0,-30199.0,-0.45784324407577515
6.0,3385.0,153650.0,-30203.0,-0.4737842381000519
6.0,3389.0,153650.0,-30208.0,-0.48498690128326416
6.0,3393.0,153651.0,-30210.0,-0.4997265934944153
6.0,3398.0,153652.0,-30214.0,-0.513083279132843
6.0,3402.0,153652.0,-30217.0,-0.5250911712646484
6.0,3406.0,153653.0,-30219.0,-0.5404986143112183
6.0,3410.0,153654.0,-30222.0,-0.5499830842018127
6.0,3414.0,153655.0,-30224.0,-0.5680954456329346
6.0,3418.0,153656.0,-30225.0,-0.5794003009796143
6.0,3422.0,153658.0,-30227.0,-0.5892991423606873
6.0,3426.0,153659.0,-30228.0,-0.6071812510490417
6.0,3430.0,153661.0,-30229.0,-0.61933434009552
6.0,3434.0,153664.0,-30229.0,-0.6344856023788452
6.0,3438.0,153668.0,-30230.0,-0.6444829702377319
6.0,3451.0,153683.0,-30229.0,-0.6843175888061523
6.0,3455.0,153690.0,-30228.0,-0.7042233943939209
6.0,3459.0,153698.0,-30226.0,-0.7167789340019226
6.0,3463.0,153707.0,-30225.0,-0.7284584641456604
6.0,3467.0,153718.0,-30223.0,-0.7428560256958008
6.0,3471.0,153731.0,-30221.0,-0.7563602924346924
6.0,3475.0,153748.0,-30219.0,-0.7724649310112
6.0,3479.0,153773.0,-30216.0,-0.7843062877655029
6.0,3483.0,153791.0,-30213.0,-0.7987470626831055
6.0,3487.0,153827.0,-30210.0,-0.8124136328697205
6.0,3492.0,153858.0,-30207.0,-0.8253688812255859
6.0,3496.0,153903.0,-30202.0,-0.8445838689804077
6.0,3501.0,153941.0,-30198.0,-0.8627386093139648
6.0,3507.0,154000.0,-30191.0,-0.8829637765884399
6.0,3511.0,154043.0,-30187.0,-0.8992676138877869
6.0,3515.0,154087.0,-30180.0,-0.9175869226455688
6.0,3519.0,154133.0,-30175.0,-0.9324548244476318
6.0,3523.0,154179.0,-30169.0,-0.9496923089027405
6.0,3528.0,154242.0,-30164.0,-0.9636656641960144
6.0,3532.0,154298.0,-30157.0,-0.9827098846435547
6.0,3536.0,154360.0,-30149.0,-1.0038384199142456
6.0,3541.0,154443.0,-30143.0,-1.019287347793579
6.0,3546.0,154533.0,-30132.0,0.5980167984962463
6.0,3551.0,154627.0,-30122.0,0.6238002777099609
6.0,3555.0,154663.0,-30114.0,0.6439738273620605
6.0,3560.0,154673.0,-30105.0,0.6661989688873291
6.0,3565.0,154663.0,-30091.0,0.7001276612281799
6.0,3569.0,154639.0,-30081.0,0.723998486995697
6.0,3573.0,154621.0,-30071.0,0.7476905584335327
6.0,3578.0,154586.0,-30061.0,0.7712647914886475
6.0,3582.0,154552.0,-30050.0,0.8038976192474365
6.0,3587.0,154507.0,-30036.0,0.8294917941093445
6.0,3592.0,154459.0,-30021.0,0.8640835881233215
6.0,3597.0,154408.0,-30002.0,0.9076042175292969
6.0,3602.0,154356.0,-29990.0,0.9353847503662109
6.0,3606.0,154301.0,-29973.0,0.9741002321243286
6.0,3611.0,154255.0,-29959.0,1.012976050376892
6.0,3615.0,154208.0,-29942.0,1.0449612140655518
6.0,3619.0,154146.0,-29924.0,1.0860697031021118
6.0,3625.0,154075.0,-29909.0,1.1201637983322144
6.0,3629.0,154013.0,-29890.0,1.1634786128997803
6.0,3633.0,153947.0,-29874.0,1.1996128559112549
6.0,3638.0,153836.0,-29853.0,1.2465574741363525
6.0,3643.0,153758.0,-29836.0,1.2846348285675049
6.0,3647.0,153673.0,-29815.0,1.3322395086288452
6.0,3651.0,153559.0,-29797.0,1.3721462488174438
6.0,3656.0,153462.0,-29779.0,1.4122720956802368
6.0,3660.0,153359.0,-29760.0,1.4537498950958252
6.0,3664.0,153253.0,-29741.0,1.5050959587097168
6.0,3669.0,153110.0,-29717.0,1.547952651977539
6.0,3681.0,152753.0,-29656.0,-2.160431146621704
6.0,3686.0,152699.0,-29624.0,-2.217129707336426
6.0,3691.0,152726.0,-29602.0,-2.2622532844543457
6.0,3696.0,152816.0,-29568.0,-2.3296732902526855
6.0,3703.0,153029.0,-29534.0,-2.4072952270507812
6.0,3708.0,153235.0,-29504.0,-2.4510629177093506
6.0,3712.0,153438.0,-29479.0,-2.4939792156219482
6.0,3716.0,153665.0,-29448.0,-2.5466222763061523
6.0,3722.0,154129.0,-29410.0,-2.6076948642730713
6.0,3729.0,154589.0,-29370.0,-2.665102481842041
6.0,3733.0,154932.0,-29343.0,-2.701392412185669
6.0,3738.0,155486.0,-29302.0,-2.7525382041931152
6.0,3744.0,155991.0,-29267.0,-2.7912774085998535
6.0,3749.0,156527.0,-29223.0,-2.8306214809417725
6.0,3755.0,157216.0,-29187.0,-2.8648319244384766
6.0,3761.0,157949.0,-29142.0,-2.8885982036590576
6.0,3766.0,158593.0,-29095.0,-2.9052677154541016
6.0,3772.0,159549.0,-29048.0,-2.9147374629974365
6.0,3778.0,160409.0,-29001.0,-2.9168336391448975
6.0,3783.0,161156.0,-28960.0,-2.906477689743042
6.0,3789.0,161926.0,-28911.0,-2.886634588241577
6.0,3795.0,162884.0,-28869.0,-2.8535234928131104
6.0,3799.0,163540.0,-28827.0,-2.8230316638946533
6.0,3805.0,164548.0,-28785.0,-2.7809267044067383
6.0,3811.0,165576.0,-28734.0,-2.718179225921631
6.0,3817.0,166625.0,-28674.0,-2.6290745735168457
6.0,3821.0,167512.0,-28640.0,-2.5734188556671143
6.0,3825.0,168047.0,-28606.0,-2.5133025646209717
6.0,3830.0,168945.0,-28563.0,-2.4285495281219482
6.0,3834.0,169663.0,-28528.0,-2.3514509201049805
6.0,3838.0,170564.0,-28494.0,-2.2766010761260986
6.0,3843.0,171283.0,-28460.0,-2.1974263191223145
6.0,3847.0,172000.0,-28426.0,-2.0961787700653076
6.0,3851.0,172710.0,-28392.0,-2.0074310302734375
6.0,3855.0,173412.0,-28359.0,-1.9224772453308105
6.0,3859.0,174106.0,-28318.0,-1.8337734937667847
6.0,3863.0,174791.0,-28285.0,-1.7413209676742554
6.0,3867.0,175465.0,-28253.0,-1.6537009477615356
6.0,3871.0,176126.0,-28228.0,-1.562821865081787
6.0,3876.0,176929.0,-28181.0,-1.444694995880127
6.0,3881.0,177707.0,-28150.0,-1.3307876586914062
6.0,3885.0,178309.0,-28111.0,-1.2382338047027588
6.0,3889.0,178893.0,-28081.0,-1.1522424221038818
6.0,3894.0,179601.0,-28052.0,-1.0458691120147705
6.0,3898.0,180274.0,-28015.0,-0.9637820720672607
6.0,3903.0,180791.0,-27987.0,-0.8603217005729675
6.0,3907.0,181283.0,-27951.0,-0.7829205393791199
6.0,3911.0,181752.0,-27924.0,-0.7130404710769653
6.0,3917.0,182412.0,-27884.0,-0.609495997428894
6.0,3923.0,183017.0,-27851.0,-0.5115684270858765
6.0,3927.0,183480.0,-27819.0,-0.4441559314727783
6.0,3931.0,183739.0,-27794.0,-0.38482531905174255
6.0,3935.0,184065.0,-27769.0,-0.32383081316947937
6.0,3939.0,184435.0,-27745.0,-0.27105793356895447
6.0,3944.0,184707.0,-27715.0,-0.20293207466602325
6.0,3949.0,185009.0,-27692.0,-0.15638893842697144
6.0,3953.0,185224.0,-27670.0,-0.1179608702659607
6.0,3957.0,185416.0,-27642.0,-0.0051836431957781315
6.0,3962.0,185620.0,-27620.0,-0.04486040398478508
6.0,3966.0,185761.0,-27599.0,-0.07676737755537033
6.0,3970.0,185879.0,-27578.0,-0.12602023780345917
6.0,3974.0,185979.0,-27552.0,-0.1521814912557602
6.0,3978.0,186079.0,-27532.0,-0.18005961179733276
6.0,3982.0,186129.0,-27512.0,-0.20945098996162415
6.0,3986.0,186187.0,-27493.0,-0.23127397894859314
6.0,3991.0,186239.0,-27474.0,-0.26294440031051636
6.0,3995.0,186270.0,-27451.0,-0.27921974658966064
6.0,3999.0,186297.0,-27433.0,-0.29706189036369324
6.0,4005.0,186314.0,-27411.0,-0.3265240490436554
6.0,4009.0,186323.0,-27389.0,-0.3393123149871826
6.0,4014.0,186327.0,-27372.0,-0.35355594754219055
6.0,4019.0,186328.0,-27348.0,-0.3650582730770111
6.0,4023.0,186328.0,-27332.0,-0.37459635734558105
6.0,4028.0,186328.0,-27316.0,-0.380334734916687
6.0,4032.0,186328.0,-27298.0,-0.3850342035293579
6.0,4038.0,186328.0,-27279.0,-0.39484310150146484
6.0,4042.0,186328.0,-27265.0,-0.3949105143547058
6.0,4048.0,186328.0,-27241.0,-0.39480558037757874
6.0,4053.0,186328.0,-27227.0,-0.3963460624217987
6.0,4059.0,186328.0,-27208.0,-0.39282727241516113
6.0,4064.0,186328.0,-27190.0,-0.3831200897693634
6.0,4070.0,186328.0,-27175.0,-0.3776377737522125
6.0,4074.0,186328.0,-27160.0,-0.3743366599082947
6.0,4080.0,186328.0,-27146.0,-0.36638009548187256
6.0,4085.0,186328.0,-27132.0,-0.354498952627182
6.0,4089.0,186328.0,-27119.0,-0.3504878580570221
6.0,4093.0,186328.0,-27109.0,-0.3414452373981476
6.0,4098.0,186328.0,-27099.0,-0.33380401134490967
6.0,4102.0,186328.0,-27090.0,-0.32310354709625244
6.0,4106.0,186328.0,-27078.0,-0.31244662404060364
6.0,4112.0,186328.0,-27065.0,-0.29615920782089233
6.0,4119.0,186328.0,-27052.0,-0.2828574478626251
6.0,4124.0,186328.0,-27040.0,-0.26690730452537537
6.0,4130.0,186328.0,-27030.0,-0.2537758946418762
6.0,4135.0,186328.0,-27019.0,-0.23959651589393616
6.0,4143.0,186328.0,-27005.0,-0.2188468724489212
6.0,4149.0,186328.0,-26996.0,-0.20945048332214355
6.0,4154.0,186328.0,-26987.0,-0.19173747301101685
6.0,4159.0,186328.0,-26979.0,-0.18124954402446747
6.0,4164.0,186328.0,-26973.0,-0.16784760355949402
6.0,4169.0,186328.0,-26965.0,-0.15610371530056
6.0,4175.0,186328.0,-26958.0,-0.14588963985443115
6.0,4180.0,186328.0,-26951.0,-0.12969982624053955
6.0,4186.0,186328.0,-26945.0,-0.118604876101017
6.0,4191.0,186328.0,-26939.0,-0.10634242743253708
6.0,4195.0,186328.0,-26934.0,-0.0966862291097641
6.0,4201.0,186328.0,-26929.0,-0.08390545099973679
6.0,4207.0,186328.0,-26923.0,-0.07297036796808243
6.0,4212.0,186328.0,-26919.0,-0.06301072984933853
10.0,4216.0,186328.0,-26915.0,11.679450035095215
10.0,4221.0,186283.0,-26911.0,11.519585609436035
10.0,4225.0,186124.0,-26907.0,11.422571182250977
10.0,4229.0,185866.0,-26900.0,10.607661247253418
10.0,4234.0,185374.0,-26894.0,9.839746475219727
10.0,4239.0,184745.0,-26885.0,8.364802360534668
10.0,4245.0,183776.0,-26872.0,5.5358123779296875
10.0,4250.0,182829.0,-26858.0,3.125645875930786
10.0,4255.0,181764.0,-26848.0,1.1037585735321045
10.0,4259.0,180682.0,-26835.0,-1.57791268825531
10.0,4263.0,180046.0,-26826.0,-3.185945510864258
10.0,4270.0,178747.0,-26811.0,-5.790648937225342
10.0,4275.0,178049.0,-26803.0,-6.7408342361450195
10.0,4279.0,177612.0,-26799.0,-6.698866844177246
10.0,4283.0,177448.0,-26796.0,-6.3856987953186035
10.0,4288.0,177447.0,-26795.0,-5.434657573699951
10.0,4294.0,177680.0,-26797.0,-2.8947718143463135
10.0,4299.0,178018.0,-26801.0,0.1756512075662613
10.0,4303.0,178327.0,-26804.0,2.2521109580993652
10.0,4309.0,178749.0,-26809.0,5.455777168273926
10.0,4315.0,178996.0,-26812.0,7.865053653717041
10.0,4321.0,178963.0,-26813.0,9.54318618774414
10.0,4326.0,178721.0,-26811.0,9.91898250579834
10.0,4332.0,178205.0,-26808.0,9.82155990600586
10.0,4336.0,177730.0,-26803.0,9.300045013427734
10.0,4342.0,176842.0,-26798.0,8.704740524291992
10.0,4348.0,175753.0,-26789.0,6.483114242553711
10.0,4353.0,174701.0,-26778.0,4.56030797958374
10.0,4359.0,173290.0,-26768.0,2.3426663875579834
10.0,4365.0,171810.0,-26755.0,-1.049253225326538
10.0,4371.0,170385.0,-26743.0,-3.182703971862793
10.0,4377.0,169146.0,-26733.0,-5.039109706878662
10.0,4382.0,168195.0,-26726.0,-5.89047384262085
10.0,4387.0,167753.0,-26723.0,-5.676304817199707
10.0,4392.0,167426.0,-26723.0,-4.714899063110352
10.0,4399.0,167335.0,-26726.0,-2.1521856784820557
10.0,4403.0,167412.0,-26729.0,0.20421752333641052
10.0,4408.0,167557.0,-26734.0,2.3087329864501953
10.0,4412.0,167681.0,-26739.0,4.8678507804870605
10.0,4417.0,167703.0,-26743.0,7.013208389282227
10.0,4423.0,167570.0,-26746.0,8.91220474243164
10.0,4429.0,167179.0,-26746.0,9.728727340698242
10.0,4434.0,166553.0,-26745.0,10.076377868652344
10.0,4439.0,166013.0,-26742.0,9.722000122070312
10.0,4445.0,165036.0,-26738.0,8.852327346801758
10.0,4450.0,164070.0,-26732.0,7.704017639160156
10.0,4456.0,162504.0,-26722.0,5.353703498840332
10.0,4462.0,161241.0,-26714.0,3.4587903022766113
10.0,4468.0,159630.0,-26702.0,-0.12213435024023056
10.0,4474.0,158029.0,-26689.0,-2.7552666664123535
10.0,4480.0,156578.0,-26679.0,-5.038388729095459
10.0,4486.0,155393.0,-26674.0,-5.762046813964844
10.0,4492.0,154554.0,-26671.0,-5.469894886016846
10.0,4499.0,154044.0,-26672.0,-4.113162517547607
10.0,4504.0,153947.0,-26677.0,-1.4846805334091187
10.0,4511.0,154028.0,-26684.0,1.6967576742172241
10.0,4515.0,154098.0,-26689.0,4.304374694824219
10.0,4520.0,154125.0,-26696.0,6.864099025726318
10.0,4527.0,153877.0,-26702.0,9.538000106811523
10.0,4532.0,153592.0,-26704.0,10.618335723876953
10.0,4536.0,153201.0,-26704.0,10.911821365356445
10.0,4543.0,152133.0,-26703.0,11.124006271362305
10.0,4549.0,151279.0,-26700.0,10.490801811218262
10.0,4553.0,150500.0,-26697.0,9.554039001464844
10.0,4559.0,149174.0,-26690.0,7.711979389190674
10.0,4563.0,148194.0,-26683.0,6.0529913902282715
10.0,4568.0,146861.0,-26677.0,4.460970878601074
10.0,4574.0,145137.0,-26664.0,0.8747807145118713
10.0,4579.0,143678.0,-26656.0,-1.3336745500564575
10.0,4584.0,142280.0,-26647.0,-3.6952712535858154
10.0,4591.0,140584.0,-26637.0,-6.074672222137451
10.0,4595.0,139813.0,-26633.0,-6.68886661529541
10.0,4600.0,139092.0,-26632.0,-6.449787616729736
10.0,4604.0,138719.0,-26634.0,-5.071096420288086
10.0,4609.0,138488.0,-26636.0,-3.9391493797302246
10.0,4612.0,138460.0,-26641.0,-1.7884297370910645
10.0,4617.0,138520.0,-26647.0,0.6474321484565735
10.0,4621.0,138615.0,-26653.0,3.402191162109375
10.0,4625.0,138695.0,-26659.0,5.70572566986084
10.0,4631.0,138687.0,-26667.0,8.75497817993164
10.0,4637.0,138437.0,-26673.0,10.698262214660645
10.0,4643.0,137942.0,-26675.0,11.564552307128906
10.0,4649.0,137220.0,-26676.0,12.125594139099121
10.0,4655.0,136286.0,-26674.0,11.647631645202637
10.0,4661.0,135157.0,-26670.0,10.524145126342773
10.0,4666.0,133836.0,-26666.0,9.435797691345215
10.0,4672.0,132600.0,-26658.0,7.043015003204346
10.0,4678.0,130672.0,-26648.0,4.044928550720215
10.0,4683.0,129170.0,-26639.0,1.4162418842315674
10.0,4689.0,127341.0,-26628.0,-1.7133865356445312
10.0,4694.0,125892.0,-26619.0,-4.223561763763428
10.0,4699.0,124848.0,-26613.0,-5.796535015106201
10.0,4703.0,123948.0,-26607.0,-7.118387222290039
10.0,4708.0,122929.0,-26605.0,-7.342499732971191
10.0,4713.0,122482.0,-26606.0,-6.535682678222656
10.0,4717.0,122171.0,-26609.0,-5.0154643058776855
10.0,4722.0,122102.0,-26615.0,-2.539918899536133
10.0,4726.0,122153.0,-26621.0,-0.22350634634494781
10.0,4733.0,122397.0,-26633.0,4.213067054748535
10.0,4739.0,122495.0,-26642.0,7.436527252197266
10.0,4745.0,122407.0,-26649.0,10.28488826751709
10.0,4751.0,122054.0,-26653.0,11.31273365020752
10.0,4755.0,121683.0,-26655.0,12.01136302947998
10.0,4759.0,121079.0,-26657.0,12.75948429107666
10.0,4763.0,120644.0,-26655.0,12.04472827911377
10.0,4770.0,119434.0,-26653.0,11.097216606140137
10.0,4774.0,118622.0,-26650.0,10.522604942321777
10.0,4779.0,117493.0,-26646.0,9.25703239440918
10.0,4783.0,116498.0,-26641.0,7.00691556930542
10.0,4788.0,115152.0,-26634.0,5.512022018432617
10.0,4792.0,113991.0,-26627.0,2.706789970397949
10.0,4796.0,112773.0,-26618.0,0.6117162108421326
10.0,4801.0,111240.0,-26610.0,-1.8106181621551514
10.0,4805.0,109774.0,-26601.0,-4.434468746185303
10.0,4811.0,108467.0,-26592.0,-6.92714262008667
10.0,4817.0,107053.0,-26588.0,-7.657673358917236
10.0,4823.0,106392.0,-26588.0,-7.076462268829346
10.0,4829.0,105970.0,-26591.0,-5.641131401062012
10.0,4834.0,105898.0,-26596.0,-2.8645801544189453
10.0,4838.0,105976.0,-26605.0,-0.26155853271484375
10.0,4842.0,106121.0,-26611.0,1.8853036165237427
10.0,4846.0,106279.0,-26617.0,4.348907947540283
10.0,4852.0,106428.0,-26627.0,7.483675003051758
10.0,4858.0,106340.0,-26635.0,10.202576637268066
10.0,4864.0,105984.0,-26640.0,11.808842658996582
10.0,4870.0,105381.0,-26642.0,12.41003131866455
10.0,4876.0,104558.0,-26641.0,11.977689743041992
10.0,4882.0,103532.0,-26638.0,10.90344524383545
10.0,4886.0,102523.0,-26636.0,10.264586448669434
10.0,4891.0,101628.0,-26631.0,8.234920501708984
10.0,4896.0,100390.0,-26624.0,6.3106584548950195
10.0,4901.0,99038.0,-26618.0,4.398814678192139
10.0,4905.0,97880.0,-26611.0,1.5454930067062378
10.0,4909.0,96688.0,-26602.0,-0.5965433716773987
10.0,4915.0,94933.0,-26593.0,-3.319723129272461
10.0,4920.0,93603.0,-26584.0,-5.906410217285156
10.0,4926.0,92286.0,-26578.0,-7.559873104095459
10.0,4931.0,91489.0,-26576.0,-7.733227252960205
10.0,4936.0,90982.0,-26578.0,-6.653954982757568
10.0,4942.0,90721.0,-26583.0,-4.596445083618164
10.0,4948.0,90804.0,-26590.0,-1.997904896736145
10.0,4952.0,90958.0,-26597.0,1.2162845134735107
10.0,4958.0,91227.0,-26610.0,5.028144359588623
10.0,4963.0,91376.0,-26618.0,7.719597816467285
10.0,4969.0,91338.0,-26624.0,9.671982765197754
10.0,4974.0,91097.0,-26629.0,11.24041748046875
10.0,4980.0,90574.0,-26631.0,11.761093139648438
10.0,4984.0,90099.0,-26631.0,11.66189956665039
10.0,4997.0,87701.0,-26624.0,9.073140144348145
10.0,5003.0,86593.0,-26619.0,7.380413055419922
10.0,5009.0,84832.0,-26610.0,4.4473137855529785
10.0,5014.0,83732.0,-26603.0,2.1717870235443115
10.0,5019.0,82313.0,-26594.0,-0.682964026927948
10.0,5026.0,80403.0,-26582.0,-4.369414806365967
10.0,5031.0,79213.0,-26576.0,-6.311926364898682
10.0,5035.0,78424.0,-26571.0,-7.409895420074463
10.0,5040.0,77683.0,-26570.0,-7.451205730438232
10.0,5045.0,77167.0,-26571.0,-6.741310119628906
10.0,5052.0,77030.0,-26577.0,-4.378525733947754
10.0,5058.0,77182.0,-26585.0,-0.7667990922927856
10.0,5064.0,77523.0,-26599.0,3.37353777885437
10.0,5071.0,77777.0,-26607.0,7.028757095336914
10.0,5078.0,77813.0,-26616.0,8.95216178894043
10.0,5082.0,77664.0,-26619.0,9.84426212310791
10.0,5086.0,77399.0,-26622.0,10.726499557495117
10.0,5091.0,76914.0,-26623.0,10.956547737121582
10.0,5095.0,76413.0,-26622.0,10.463373184204102
10.0,5100.0,75655.0,-26621.0,10.055658340454102
10.0,5104.0,74948.0,-26618.0,8.953310012817383
10.0,5109.0,73945.0,-26613.0,7.198288440704346
10.0,5114.0,72813.0,-26606.0,4.859695911407471
10.0,5118.0,71562.0,-26600.0,2.889854669570923
10.0,5124.0,70248.0,-26591.0,-0.33072853088378906
10.0,5130.0,68697.0,-26581.0,-3.1990163326263428
10.0,5135.0,67524.0,-26574.0,-5.5781965255737305
10.0,5140.0,66547.0,-26569.0,-6.987695217132568
10.0,5146.0,65711.0,-26566.0,-7.366303443908691
10.0,5150.0,65377.0,-26567.0,-6.749695777893066
10.0,5156.0,65201.0,-26572.0,-4.780550479888916
10.0,5161.0,65296.0,-26577.0,-2.9603400230407715
10.0,5167.0,65592.0,-26586.0,0.17478930950164795
10.0,5173.0,65945.0,-26596.0,3.548522472381592
10.0,5178.0,66196.0,-26605.0,6.491498947143555
10.0,5184.0,66226.0,-26612.0,9.079567909240723
10.0,5189.0,66057.0,-26616.0,9.916994094848633
10.0,5195.0,65620.0,-26617.0,10.063116073608398
10.0,5200.0,65076.0,-26617.0,9.907516479492188
10.0,5204.0,64527.0,-26615.0,9.09051513671875
10.0,5209.0,63715.0,-26612.0,7.977163791656494
10.0,5217.0,62133.0,-26603.0,4.873263835906982
10.0,5222.0,60981.0,-26595.0,2.177196502685547
10.0,5226.0,59756.0,-26589.0,0.24074214696884155
10.0,5249.0,55479.0,-26564.0,-7.234277725219727
10.0,5253.0,55174.0,-26565.0,-6.6319780349731445
10.0,5259.0,55031.0,-26568.0,-5.424253463745117
10.0,5267.0,55309.0,-26579.0,-1.50648033618927
10.0,5274.0,55778.0,-26590.0,2.2108819484710693
10.0,5286.0,56390.0,-26606.0,7.390511989593506
10.0,5292.0,56337.0,-26611.0,9.184329986572266
10.0,5297.0,56010.0,-26614.0,9.680112838745117
10.0,5301.0,55654.0,-26614.0,9.532858848571777
10.0,5305.0,55193.0,-26613.0,9.066749572753906
10.0,5311.0,54482.0,-26610.0,7.540191650390625
10.0,5315.0,53628.0,-26605.0,6.108274459838867
10.0,5320.0,52848.0,-26600.0,4.042809963226318
10.0,5324.0,51990.0,-26594.0,2.393080949783325
10.0,5329.0,50862.0,-26587.0,0.05139351636171341
10.0,5334.0,49741.0,-26578.0,-2.8274760246276855
10.0,5340.0,48514.0,-26571.0,-5.304504871368408
10.0,5345.0,47679.0,-26566.0,-6.785313606262207
10.0,5349.0,47082.0,-26563.0,-7.278478145599365
10.0,5355.0,46752.0,-26564.0,-6.656076908111572
10.0,5361.0,46697.0,-26567.0,-5.478963851928711
10.0,5366.0,46880.0,-26573.0,-2.9680545330047607
10.0,5372.0,47282.0,-26581.0,-0.5728845596313477
10.0,5377.0,47678.0,-26591.0,2.7857022285461426
10.0,5383.0,48107.0,-26598.0,5.323741436004639
10.0,5389.0,48348.0,-26605.0,7.503590106964111
10.0,5394.0,48329.0,-26609.0,8.691228866577148
10.0,5398.0,48114.0,-26611.0,8.864298820495605
10.0,5403.0,47813.0,-26611.0,8.687039375305176
10.0,5409.0,47165.0,-26609.0,7.464808940887451
10.0,5413.0,46607.0,-26605.0,6.359312534332275
10.0,5418.0,45781.0,-26600.0,4.606339931488037
10.0,5422.0,44829.0,-26595.0,2.906864643096924
10.0,5427.0,44007.0,-26589.0,0.895668625831604
10.0,5431.0,43178.0,-26583.0,-1.7437022924423218
10.0,5435.0,42378.0,-26575.0,-3.6765217781066895
10.0,5441.0,41328.0,-26568.0,-5.829009532928467
10.0,5447.0,40463.0,-26564.0,-6.934240818023682
10.0,5453.0,40149.0,-26563.0,-6.686071872711182
10.0,5459.0,40107.0,-26566.0,-5.873030185699463
10.0,5463.0,40248.0,-26571.0,-4.062780857086182
10.0,5467.0,40569.0,-26576.0,-2.3271677494049072
10.0,5473.0,40987.0,-26583.0,0.025842951610684395
10.0,5478.0,41430.0,-26591.0,2.679093599319458
10.0,5482.0,41745.0,-26597.0,4.918381690979004
10.0,5486.0,41982.0,-26603.0,6.485926628112793
10.0,5491.0,42113.0,-26607.0,7.642901420593262
10.0,5498.0,41944.0,-26609.0,8.038948059082031
10.0,5503.0,41602.0,-26609.0,7.889658451080322
10.0,5509.0,40969.0,-26606.0,6.709238052368164
10.0,5514.0,40269.0,-26601.0,4.538729667663574
10.0,5519.0,39256.0,-26594.0,2.4739139080047607
10.0,5523.0,38520.0,-26589.0,0.8138202428817749
10.0,5530.0,37417.0,-26580.0,-2.1641480922698975
10.0,5535.0,36574.0,-26572.0,-4.728276252746582
10.0,5539.0,35878.0,-26568.0,-5.950541019439697
10.0,5543.0,35472.0,-26566.0,-6.460178375244141
10.0,5548.0,35221.0,-26564.0,-6.999083518981934
10.0,5552.0,35134.0,-26566.0,-6.161227703094482
10.0,5558.0,35271.0,-26570.0,-4.679708003997803
10.0,5563.0,35582.0,-26575.0,-2.9535491466522217
10.0,5569.0,36109.0,-26583.0,-0.26673635840415955
10.0,5574.0,36596.0,-26590.0,2.087411403656006
10.0,5578.0,36962.0,-26595.0,4.333822250366211
10.0,5582.0,37262.0,-26600.0,5.827159881591797
10.0,5588.0,37516.0,-26606.0,7.052010536193848
10.0,5592.0,37523.0,-26608.0,7.5689287185668945
10.0,5597.0,37349.0,-26608.0,7.26334285736084
10.0,5603.0,36905.0,-26606.0,6.4504289627075195
10.0,5607.0,36354.0,-26603.0,5.32948637008667
10.0,5612.0,35803.0,-26598.0,3.531311273574829
10.0,5617.0,35017.0,-26591.0,1.1460813283920288
10.0,5621.0,34185.0,-26586.0,-0.502450704574585
10.0,5625.0,33536.0,-26580.0,-2.497091770172119
10.0,5630.0,32939.0,-26575.0,-4.105542182922363
10.0,5634.0,32434.0,-26570.0,-5.659409046173096
10.0,5638.0,31974.0,-26567.0,-6.566953659057617
10.0,5644.0,31741.0,-26566.0,-6.717043876647949
10.0,5650.0,31771.0,-26569.0,-5.5246100425720215
10.0,5654.0,31953.0,-26572.0,-4.448824882507324
10.0,5660.0,32415.0,-26577.0,-2.738551378250122
10.0,5666.0,33012.0,-26585.0,0.2536456286907196
10.0,5672.0,33631.0,-26593.0,2.8267650604248047
10.0,5679.0,34215.0,-26601.0,5.002440452575684
10.0,5683.0,34417.0,-26606.0,6.603686809539795
10.0,5687.0,34492.0,-26607.0,6.686944484710693
10.0,5693.0,34357.0,-26607.0,6.452079772949219
10.0,5698.0,33959.0,-26606.0,5.990095138549805
10.0,5704.0,33446.0,-26601.0,4.149561405181885
10.0,5710.0,32663.0,-26595.0,1.7087359428405762
10.0,5738.0,29694.0,-26568.0,-6.632719039916992
10.0,5748.0,30073.0,-26573.0,-4.728618621826172
10.0,5756.0,30706.0,-26582.0,-1.6508498191833496
10.0,5761.0,31255.0,-26589.0,0.679062008857727
10.0,5766.0,31812.0,-26594.0,2.5791079998016357
10.0,5770.0,32217.0,-26599.0,3.7806637287139893
10.0,5774.0,32547.0,-26604.0,5.37164306640625
10.0,5779.0,32807.0,-26606.0,6.503384113311768
10.0,5784.0,32870.0,-26608.0,6.318022727966309
10.0,5788.0,32737.0,-26608.0,6.193306922912598
10.0,5792.0,32573.0,-26606.0,5.3781208992004395
10.0,5797.0,32170.0,-26602.0,3.8904829025268555
10.0,5802.0,31638.0,-26598.0,2.4744350910186768
10.0,5805.0,31281.0,-26593.0,0.7370113134384155
10.0,5809.0,30781.0,-26589.0,-0.5808599591255188
10.0,5813.0,30290.0,-26583.0,-2.6215291023254395
10.0,5818.0,29737.0,-26579.0,-3.8960113525390625
10.0,5822.0,29383.0,-26575.0,-5.179826259613037
10.0,5826.0,29143.0,-26573.0,-5.743040084838867
10.0,5830.0,29032.0,-26571.0,-6.324900150299072
10.0,5834.0,29057.0,-26572.0,-5.877552032470703
10.0,5839.0,29260.0,-26573.0,-5.498424530029297
10.0,5843.0,29544.0,-26577.0,-4.081942081451416
10.0,5847.0,30015.0,-26581.0,-2.7172515392303467
10.0,5852.0,30456.0,-26586.0,-1.0329322814941406
10.0,5856.0,30924.0,-26591.0,0.9155157208442688
10.0,5860.0,31385.0,-26596.0,2.1448614597320557
10.0,5864.0,31808.0,-26600.0,3.738039016723633
10.0,5868.0,32236.0,-26605.0,4.964638710021973
10.0,5873.0,32465.0,-26607.0,5.788490295410156
10.0,5877.0,32576.0,-26609.0,5.974671363830566
10.0,5882.0,32524.0,-26609.0,5.841153621673584
10.0,5886.0,32363.0,-26607.0,4.635076999664307
10.0,5891.0,32023.0,-26603.0,3.5182604789733887
10.0,5895.0,31666.0,-26599.0,2.090394973754883
10.0,5901.0,31054.0,-26593.0,0.04137151315808296
10.0,5906.0,30543.0,-26587.0,-2.3080525398254395
10.0,5910.0,30097.0,-26582.0,-3.612884759902954
10.0,5914.0,29883.0,-26578.0,-4.922853946685791
10.0,5919.0,29650.0,-26576.0,-5.506467342376709
10.0,5923.0,29593.0,-26575.0,-5.756317615509033
10.0,5927.0,29656.0,-26575.0,-5.6668829917907715
10.0,5932.0,29886.0,-26576.0,-5.281622409820557
10.0,5938.0,30362.0,-26580.0,-3.878556251525879
10.0,5943.0,30889.0,-26586.0,-1.853948712348938
10.0,5949.0,31604.0,-26592.0,0.12964175641536713
10.0,5955.0,32319.0,-26599.0,2.372328519821167
10.0,5959.0,32745.0,-26602.0,3.535306692123413
10.0,5963.0,33092.0,-26607.0,4.785312175750732
10.0,5967.0,33384.0,-26609.0,5.265098571777344
10.0,5973.0,33492.0,-26609.0,5.106329917907715
10.0,5977.0,33445.0,-26608.0,4.61436128616333
10.0,5990.0,32725.0,-26599.0,0.9625616669654846
10.0,5994.0,32328.0,-26594.0,-0.4107635021209717
10.0,5999.0,32013.0,-26590.0,-1.7564448118209839
10.0,6003.0,31731.0,-26586.0,-3.083502769470215
10.0,6007.0,31471.0,-26582.0,-4.373490810394287
10.0,6013.0,31356.0,-26579.0,-5.298392295837402
10.0,6019.0,31430.0,-26578.0,-5.553490161895752
10.0,6025.0,31724.0,-26580.0,-4.783471584320068
10.0,6030.0,32127.0,-26582.0,-3.749807119369507
10.0,6035.0,32643.0,-26587.0,-2.416391372680664
10.0,6041.0,33352.0,-26592.0,-0.7698567509651184
10.0,6047.0,34077.0,-26599.0,1.509798288345337
10.0,6051.0,34521.0,-26602.0,2.7027783393859863
10.0,6057.0,35063.0,-26607.0,3.860305070877075
10.0,6062.0,35399.0,-26609.0,4.37734317779541
10.0,6068.0,35498.0,-26609.0,4.218277931213379
10.0,6074.0,35421.0,-26607.0,3.3805088996887207
10.0,6079.0,35232.0,-26603.0,1.9073621034622192
10.0,6085.0,34912.0,-26597.0,-0.21753662824630737
10.0,6090.0,34624.0,-26594.0,-1.217543601989746
10.0,6094.0,34419.0,-26590.0,-2.5803887844085693
10.0,6101.0,34191.0,-26585.0,-4.556414604187012
10.0,6105.0,34168.0,-26583.0,-4.822810173034668
10.0,6110.0,34261.0,-26582.0,-5.1201982498168945
10.0,6116.0,34545.0,-26583.0,-4.697457313537598
10.0,6125.0,35301.0,-26587.0,-3.31423282623291
10.0,6131.0,35966.0,-26592.0,-1.6443589925765991
10.0,6135.0,36441.0,-26597.0,0.0013174369232729077
10.0,6141.0,37140.0,-26602.0,1.562882900238037
10.0,6146.0,37661.0,-26605.0,2.7970688343048096
10.0,6150.0,38084.0,-26608.0,3.348417043685913
10.0,6154.0,38278.0,-26609.0,3.5532336235046387
10.0,6159.0,38489.0,-26609.0,3.393911600112915
10.0,6163.0,38553.0,-26608.0,2.9443867206573486
10.0,6168.0,38521.0,-26606.0,2.1682486534118652
10.0,6172.0,38432.0,-26604.0,1.434456706047058
10.0,6176.0,38312.0,-26601.0,0.005066908895969391
10.0,6180.0,38181.0,-26597.0,-1.0309950113296509
10.0,6184.0,38061.0,-26595.0,-2.051522731781006
10.0,6188.0,37972.0,-26591.0,-3.0658962726593018
10.0,6192.0,37932.0,-26589.0,-3.736823558807373
10.0,6196.0,37952.0,-26587.0,-4.368858337402344
10.0,6201.0,38068.0,-26586.0,-4.671086311340332
10.0,6205.0,38235.0,-26586.0,-4.6233415603637695
10.0,6210.0,38622.0,-26587.0,-4.243741035461426
10.0,6214.0,38964.0,-26589.0,-3.5416343212127686
10.0,6219.0,39356.0,-26591.0,-2.876988649368286
10.0,6224.0,40010.0,-26596.0,-1.1909579038619995
10.0,6229.0,40467.0,-26599.0,-0.2721153199672699
10.0,6234.0,41025.0,-26602.0,1.0016525983810425
10.0,6239.0,41537.0,-26606.0,1.9434787034988403
10.0,6244.0,41968.0,-26608.0,2.7382540702819824
10.0,6251.0,42386.0,-26609.0,2.5887351036071777
10.0,6255.0,42517.0,-26608.0,2.137342929840088
10.0,6260.0,42578.0,-26607.0,1.3560839891433716
10.0,6264.0,42565.0,-26604.0,0.6249569058418274
10.0,6268.0,42510.0,-26601.0,-0.4527296721935272
10.0,6274.0,42452.0,-26598.0,-1.4820047616958618
10.0,6279.0,42430.0,-26594.0,-2.8746399879455566
10.0,6283.0,42453.0,-26592.0,-3.5370993614196777
10.0,6287.0,42520.0,-26591.0,-4.1680378913879395
10.0,6294.0,42763.0,-26589.0,-4.469522953033447
10.0,6298.0,43047.0,-26589.0,-4.433981418609619
10.0,6303.0,43344.0,-26590.0,-3.69854998588562
10.0,6310.0,44000.0,-26594.0,-2.666670083999634
10.0,6314.0,44435.0,-26596.0,-2.0237958431243896
10.0,6318.0,45009.0,-26599.0,-1.0693095922470093
10.0,6322.0,45471.0,-26602.0,-0.10025974363088608
10.0,6328.0,46026.0,-26605.0,0.7726610898971558
10.0,6334.0,46620.0,-26608.0,1.6554409265518188
10.0,6339.0,47024.0,-26609.0,1.8547652959823608
10.0,6344.0,47373.0,-26609.0,1.726727843284607
10.0,6350.0,47572.0,-26608.0,1.2723939418792725
10.0,6356.0,47639.0,-26605.0,0.14882466197013855
10.0,6362.0,47653.0,-26602.0,-0.905494213104248
10.0,6367.0,47653.0,-26598.0,-2.286210775375366
10.0,6373.0,47683.0,-26594.0,-3.6404078006744385
10.0,6379.0,47793.0,-26592.0,-4.2690558433532715
10.0,6384.0,47978.0,-26590.0,-4.905985355377197
10.0,6389.0,48268.0,-26590.0,-4.858084678649902
10.0,6395.0,48757.0,-26591.0,-4.494604587554932
10.0,6401.0,49390.0,-26594.0,-3.4454047679901123
10.0,6407.0,50136.0,-26598.0,-1.7779676914215088
10.0,6411.0,50670.0,-26602.0,-0.8156424760818481
10.0,6416.0,51345.0,-26605.0,0.07634057104587555
10.0,6423.0,52232.0,-26610.0,1.6109521389007568
10.0,6427.0,52781.0,-26612.0,2.1741530895233154
10.0,6431.0,53145.0,-26613.0,2.3858563899993896
10.0,6436.0,53431.0,-26613.0,2.2239439487457275
10.0,6441.0,53675.0,-26613.0,2.1465370655059814
10.0,6445.0,53784.0,-26611.0,1.3633431196212769
10.0,6449.0,53831.0,-26608.0,0.2548627257347107
10.0,6455.0,53830.0,-26605.0,-1.1465424299240112
10.0,6460.0,53817.0,-26600.0,-2.5218679904937744
10.0,6468.0,53874.0,-26595.0,-4.194295883178711
10.0,6473.0,54002.0,-26592.0,-5.182129859924316
10.0,6477.0,54174.0,-26591.0,-5.445730209350586
10.0,6482.0,54574.0,-26591.0,-5.380384922027588
10.0,6486.0,54945.0,-26591.0,-5.3755412101745605
10.0,6491.0,55394.0,-26593.0,-4.306576728820801
10.0,6495.0,55913.0,-26596.0,-3.2786810398101807
10.0,6500.0,56635.0,-26599.0,-2.6716866493225098
10.0,6505.0,57405.0,-26604.0,-1.0177686214447021
10.0,6511.0,58333.0,-26610.0,0.9079018831253052
10.0,6517.0,59189.0,-26615.0,2.3843953609466553
10.0,6521.0,59793.0,-26617.0,2.926072835922241
10.0,6527.0,60340.0,-26618.0,3.0491833686828613
10.0,6533.0,60633.0,-26618.0,2.9170072078704834
10.0,6538.0,60801.0,-26615.0,1.7374539375305176
10.0,6544.0,60822.0,-26611.0,-0.0743289664387703
10.0,6549.0,60786.0,-26605.0,-1.830809235572815
10.0,6555.0,60755.0,-26601.0,-3.174166202545166
10.0,6560.0,60788.0,-26598.0,-4.469932556152344
10.0,6568.0,61018.0,-26593.0,-5.748918533325195
10.0,6573.0,61314.0,-26592.0,-5.990079402923584
10.0,6579.0,61859.0,-26592.0,-5.94991397857666
10.0,6584.0,62607.0,-26595.0,-4.881624221801758
10.0,6590.0,63360.0,-26599.0,-3.5571179389953613
10.0,6597.0,64548.0,-26606.0,-1.2657307386398315
10.0,6602.0,65599.0,-26612.0,0.6876471042633057
10.0,6608.0,66429.0,-26617.0,2.558302640914917
10.0,6614.0,67426.0,-26622.0,3.695293426513672
10.0,6619.0,67873.0,-26623.0,3.8646204471588135
10.0,6623.0,68214.0,-26623.0,3.672037124633789
10.0,6628.0,68489.0,-26622.0,3.2067575454711914
10.0,6633.0,68608.0,-26619.0,2.0517921447753906
10.0,6640.0,68575.0,-26611.0,-0.8144830465316772
10.0,6645.0,68524.0,-26608.0,-2.528660774230957
10.0,6649.0,68490.0,-26603.0,-3.4967143535614014
10.0,6653.0,68498.0,-26599.0,-4.840001106262207
10.0,6657.0,68592.0,-26596.0,-5.810248374938965
10.0,6662.0,68751.0,-26594.0,-6.388177394866943
10.0,6668.0,69160.0,-26592.0,-6.999880790710449
10.0,6672.0,69559.0,-26593.0,-6.592155456542969
10.0,6679.0,70492.0,-26597.0,-5.143779754638672
10.0,6684.0,71319.0,-26602.0,-3.4550366401672363
10.0,6690.0,72434.0,-26607.0,-1.8279268741607666
10.0,6695.0,73402.0,-26613.0,0.41999614238739014
10.0,6699.0,74157.0,-26618.0,1.6465299129486084
10.0,6704.0,75029.0,-26623.0,3.180508613586426
10.0,6710.0,75909.0,-26626.0,4.3064799308776855
10.0,6716.0,76546.0,-26628.0,4.400367736816406
10.0,6722.0,76944.0,-26626.0,3.5028231143951416
10.0,6727.0,77011.0,-26623.0,2.3697152137756348
10.0,6731.0,76990.0,-26619.0,0.5792779922485352
10.0,6737.0,76878.0,-26611.0,-1.8443820476531982
10.0,6743.0,76769.0,-26604.0,-4.204890251159668
10.0,6748.0,76774.0,-26601.0,-5.47221565246582
10.0,6752.0,76885.0,-26597.0,-6.421171188354492
10.0,6757.0,77137.0,-26594.0,-7.3626708984375
10.0,6762.0,77455.0,-26594.0,-7.238365650177002
10.0,6766.0,77877.0,-26594.0,-7.194480895996094
10.0,6771.0,78539.0,-26596.0,-6.463049411773682
10.0,6775.0,79173.0,-26600.0,-5.041619300842285
10.0,6779.0,79893.0,-26603.0,-4.059347152709961
10.0,6785.0,81089.0,-26610.0,-1.752871036529541
10.0,6789.0,81926.0,-26616.0,0.23399393260478973
10.0,6795.0,83157.0,-26623.0,2.4150619506835938
10.0,6799.0,84086.0,-26626.0,3.2393717765808105
10.0,6804.0,84731.0,-26630.0,4.772946357727051
10.0,6810.0,85479.0,-26632.0,4.867568016052246
10.0,6814.0,85814.0,-26632.0,4.705933570861816
10.0,6819.0,86043.0,-26630.0,3.856334686279297
10.0,6823.0,86092.0,-26627.0,2.738166332244873
10.0,6827.0,86031.0,-26621.0,0.5886062979698181
10.0,6833.0,85909.0,-26614.0,-1.80530846118927
10.0,6838.0,85794.0,-26609.0,-3.4821112155914307
10.0,6843.0,85750.0,-26603.0,-5.791477680206299
10.0,6849.0,85856.0,-26597.0,-7.370370864868164
10.0,6855.0,86187.0,-26595.0,-8.262612342834473
10.0,6859.0,86542.0,-26595.0,-7.781927108764648
10.0,6865.0,87262.0,-26596.0,-7.34597635269165
10.0,6871.0,88196.0,-26599.0,-5.916093349456787
10.0,6877.0,89329.0,-26606.0,-3.8822648525238037
10.0,6882.0,90392.0,-26612.0,-1.9153584241867065
10.0,6888.0,91721.0,-26620.0,0.6596431732177734
10.0,6892.0,92589.0,-26624.0,2.2212815284729004
10.0,6896.0,93597.0,-26630.0,3.7732837200164795
10.0,6901.0,94300.0,-26634.0,4.971292972564697
10.0,6905.0,94878.0,-26636.0,5.392806053161621
10.0,6910.0,95403.0,-26637.0,5.534636497497559
10.0,6916.0,95728.0,-26634.0,4.285848140716553
10.0,6923.0,95747.0,-26628.0,2.091402530670166
10.0,6927.0,95618.0,-26621.0,-0.3665759265422821
10.0,6932.0,95487.0,-26616.0,-2.0520730018615723
10.0,6938.0,95337.0,-26608.0,-5.025441646575928
10.0,6942.0,95318.0,-26602.0,-6.667051315307617
10.0,6946.0,95393.0,-26598.0,-7.951375484466553
10.0,6951.0,95639.0,-26596.0,-8.474470138549805
10.0,6955.0,95961.0,-26595.0,-8.71424674987793
10.0,6959.0,96389.0,-26596.0,-8.254159927368164
10.0,6964.0,97215.0,-26598.0,-7.467769145965576
10.0,6971.0,98251.0,-26603.0,-5.704216480255127
10.0,6975.0,99050.0,-26607.0,-4.358377933502197
10.0,6981.0,100609.0,-26615.0,-1.7077124118804932
10.0,6987.0,101773.0,-26622.0,0.8402376770973206
10.0,6991.0,102682.0,-26629.0,2.7581164836883545
10.0,6995.0,103730.0,-26633.0,3.918271064758301
10.0,7001.0,104617.0,-26638.0,5.407757759094238
10.0,7005.0,105179.0,-26640.0,5.839172840118408
10.0,7009.0,105589.0,-26640.0,5.6524224281311035
10.0,7013.0,105885.0,-26639.0,5.1759796142578125
10.0,7018.0,105954.0,-26635.0,3.2938711643218994
10.0,7024.0,105853.0,-26628.0,1.1633108854293823
10.0,7029.0,105671.0,-26619.0,-1.9317797422409058
10.0,7035.0,105458.0,-26611.0,-4.56512975692749
10.0,7041.0,105385.0,-26604.0,-6.873290538787842
10.0,7047.0,105540.0,-26599.0,-8.729503631591797
10.0,7052.0,105867.0,-26597.0,-9.265430450439453
10.0,7058.0,106483.0,-26597.0,-8.722938537597656
10.0,7063.0,107165.0,-26599.0,-7.923328399658203
10.0,7069.0,108173.0,-26601.0,-7.214441776275635
10.0,7073.0,108955.0,-26606.0,-5.445282936096191
10.0,7079.0,110278.0,-26613.0,-3.103167772293091
10.0,7084.0,111471.0,-26622.0,-0.14605344831943512
10.0,7090.0,112900.0,-26628.0,1.6871463060379028
10.0,7096.0,114214.0,-26636.0,4.165861129760742
10.0,7101.0,115133.0,-26642.0,5.937634468078613
10.0,7105.0,115713.0,-26644.0,6.429111480712891
10.0,7109.0,116132.0,-26643.0,5.862735271453857
10.0,7115.0,116452.0,-26641.0,4.9992499351501465
10.0,7119.0,116483.0,-26636.0,3.150419235229492
10.0,7124.0,116371.0,-26630.0,1.0109275579452515
10.0,7128.0,116177.0,-26623.0,-1.3782025575637817
10.0,7133.0,116019.0,-26617.0,-3.3850409984588623
10.0,7138.0,115885.0,-26609.0,-6.361932277679443
10.0,7144.0,115910.0,-26603.0,-7.915896415710449
10.0,7149.0,116128.0,-26599.0,-9.088139533996582
10.0,7154.0,116525.0,-26598.0,-9.257803916931152
10.0,7160.0,117217.0,-26598.0,-9.1110200881958
10.0,7165.0,117964.0,-26600.0,-8.333930015563965
10.0,7180.0,121023.0,-26615.0,-3.1563310623168945
10.0,7185.0,122251.0,-26623.0,-0.5068007111549377
10.0,7189.0,123491.0,-26630.0,1.6966547966003418
10.0,7194.0,124434.0,-26635.0,3.2088310718536377
10.0,7199.0,125496.0,-26642.0,5.390573978424072
10.0,7204.0,126362.0,-26645.0,6.117077350616455
10.0,7209.0,127070.0,-26646.0,6.143651485443115
10.0,7214.0,127330.0,-26646.0,6.015130519866943
10.0,7218.0,127429.0,-26641.0,4.1105170249938965
10.0,7223.0,127369.0,-26634.0,1.5945826768875122
10.0,7229.0,127146.0,-26625.0,-1.5048799514770508
10.0,7235.0,126900.0,-26618.0,-4.498298168182373
10.0,7241.0,126772.0,-26610.0,-6.4025068283081055
10.0,7249.0,126961.0,-26602.0,-8.906144142150879
10.0,7254.0,127315.0,-26600.0,-9.368629455566406
10.0,7260.0,127961.0,-26599.0,-9.563896179199219
10.0,7266.0,128827.0,-26601.0,-8.749727249145508
10.0,7272.0,129897.0,-26605.0,-7.294931411743164
10.0,7278.0,131162.0,-26612.0,-4.536803245544434
10.0,7284.0,132591.0,-26620.0,-2.2104954719543457
10.0,7289.0,133842.0,-26629.0,0.6944664120674133
10.0,7296.0,135761.0,-26639.0,3.8205318450927734
10.0,7301.0,136597.0,-26644.0,5.258860111236572
10.0,7308.0,137743.0,-26648.0,6.320106029510498
10.0,7312.0,138181.0,-26649.0,6.443063259124756
10.0,7327.0,138465.0,-26635.0,0.8824847340583801
10.0,7331.0,138319.0,-26628.0,-1.1681327819824219
10.0,7339.0,138027.0,-26617.0,-4.845539093017578
10.0,7345.0,137974.0,-26609.0,-7.4384074211120605
10.0,7352.0,138228.0,-26603.0,-9.218903541564941
10.0,7358.0,138724.0,-26601.0,-9.718064308166504
10.0,7363.0,139313.0,-26601.0,-9.588520050048828
10.0,7369.0,140218.0,-26604.0,-8.414130210876465
10.0,7374.0,141126.0,-26609.0,-6.601224422454834
10.0,7379.0,142168.0,-26613.0,-5.271030902862549
10.0,7385.0,143579.0,-26620.0,-2.924144744873047
10.0,7389.0,144581.0,-26627.0,-0.2917386591434479
10.0,7393.0,145589.0,-26634.0,1.6151108741760254
10.0,7399.0,147024.0,-26641.0,3.785766124725342
10.0,7404.0,148066.0,-26648.0,5.888669967651367
10.0,7410.0,149032.0,-26651.0,6.591982364654541
10.0,7415.0,149561.0,-26650.0,5.9867424964904785
10.0,7419.0,149822.0,-26648.0,5.153071403503418
10.0,7423.0,149860.0,-26644.0,3.6655433177948
10.0,7431.0,149669.0,-26635.0,0.5189677476882935
10.0,7435.0,149499.0,-26626.0,-2.5801842212677
10.0,7440.0,149299.0,-26621.0,-4.183991432189941
10.0,7444.0,149213.0,-26614.0,-6.8317437171936035
10.0,7449.0,149241.0,-26609.0,-8.06339168548584
10.0,7453.0,149405.0,-26606.0,-8.893805503845215
10.0,7458.0,149765.0,-26603.0,-9.825825691223145
10.0,7462.0,150176.0,-26603.0,-9.645589828491211
10.0,7466.0,150685.0,-26604.0,-9.177878379821777
10.0,7472.0,151628.0,-26605.0,-8.767702102661133
10.0,7479.0,152976.0,-26611.0,-6.624336242675781
10.0,7484.0,154097.0,-26618.0,-4.205964088439941
10.0,7489.0,155321.0,-26625.0,-1.8921079635620117
10.0,7495.0,156845.0,-26634.0,0.9980862736701965
10.0,7499.0,157827.0,-26641.0,3.1724984645843506
10.0,7504.0,158953.0,-26647.0,4.967736721038818
10.0,7509.0,159900.0,-26651.0,6.142023086547852
10.0,7515.0,160719.0,-26653.0,6.500068664550781
10.0,7520.0,161103.0,-26652.0,5.934469223022461
10.0,7524.0,161224.0,-26650.0,5.1399993896484375
10.0,7528.0,161183.0,-26643.0,2.5893471240997314
10.0,7534.0,161006.0,-26635.0,-0.21259553730487823
10.0,7540.0,160735.0,-26626.0,-3.225088357925415
10.0,7545.0,160570.0,-26619.0,-6.172567844390869
10.0,7551.0,160554.0,-26610.0,-8.380340576171875
10.0,7557.0,160800.0,-26606.0,-9.52896499633789
10.0,7563.0,161301.0,-26604.0,-10.054122924804688
10.0,7569.0,162032.0,-26604.0,-9.87845516204834
10.0,7575.0,163157.0,-26608.0,-8.329110145568848
10.0,7579.0,163921.0,-26612.0,-6.883324146270752
10.0,7583.0,164772.0,-26615.0,-5.8860883712768555
10.0,7587.0,165700.0,-26621.0,-3.8269577026367188
10.0,7593.0,166944.0,-26630.0,-0.8625481128692627
10.0,7599.0,168473.0,-26637.0,1.9949510097503662
10.0,7606.0,170125.0,-26647.0,4.439648151397705
10.0,7611.0,171108.0,-26653.0,6.2582902908325195
10.0,7615.0,171728.0,-26655.0,7.030141353607178
10.0,7621.0,172339.0,-26655.0,6.414215087890625
10.0,7625.0,172532.0,-26653.0,5.187495231628418
10.0,7629.0,172569.0,-26648.0,3.7171618938446045
10.0,7633.0,172484.0,-26642.0,1.5841084718704224
10.0,7638.0,172277.0,-26636.0,-0.47386276721954346
10.0,7643.0,172043.0,-26627.0,-3.463066816329956
10.0,7649.0,171848.0,-26619.0,-6.101652145385742
10.0,7654.0,171846.0,-26613.0,-8.311476707458496
10.0,7661.0,172154.0,-26608.0,-9.458237648010254
10.0,7668.0,172924.0,-26606.0,-9.883296966552734
10.0,7673.0,173605.0,-26607.0,-9.399675369262695
10.0,7678.0,174257.0,-26609.0,-8.625242233276367
10.0,7684.0,175398.0,-26614.0,-6.830732822418213
10.0,7688.0,176266.0,-26619.0,-5.095569133758545
10.0,7693.0,177455.0,-26628.0,-2.0585315227508545
10.0,7698.0,178713.0,-26633.0,-0.487702339887619
10.0,7702.0,179966.0,-26641.0,2.0769529342651367
10.0,7707.0,180912.0,-26649.0,4.6209893226623535
10.0,7712.0,181953.0,-26652.0,5.686470031738281
10.0,7718.0,183042.0,-26657.0,6.758412837982178
10.0,7725.0,183562.0,-26656.0,6.1249775886535645
10.0,7729.0,183696.0,-26653.0,4.9446868896484375
10.0,7736.0,183600.0,-26645.0,1.7317016124725342
10.0,7741.0,183335.0,-26635.0,-1.3877359628677368
10.0,7749.0,183031.0,-26624.0,-5.0404839515686035
10.0,7754.0,182939.0,-26616.0,-7.609580993652344
10.0,7760.0,183061.0,-26612.0,-8.786918640136719
10.0,7767.0,183539.0,-26609.0,-9.890256881713867
10.0,7771.0,183962.0,-26609.0,-9.379814147949219
10.0,7775.0,184482.0,-26609.0,-9.301434516906738
10.0,7779.0,185099.0,-26612.0,-8.150555610656738
10.0,7784.0,185993.0,-26614.0,-7.436122894287109
10.0,7788.0,187021.0,-26619.0,-5.700585842132568
10.0,7793.0,188173.0,-26628.0,-2.632124185562134
10.0,7799.0,189406.0,-26635.0,-0.37013980746269226
10.0,7803.0,190400.0,-26641.0,1.5466214418411255
10.0,7807.0,191590.0,-26647.0,3.4426143169403076
10.0,7814.0,192841.0,-26654.0,5.544031620025635
10.0,7819.0,193651.0,-26657.0,6.296995639801025
10.0,7823.0,194116.0,-26659.0,6.397540092468262
10.0,7827.0,194455.0,-26657.0,5.904644012451172
10.0,7832.0,194542.0,-26653.0,4.005051136016846
10.0,7837.0,194436.0,-26646.0,1.87166428565979
10.0,7842.0,194271.0,-26641.0,-0.5219307541847229
10.0,7846.0,194079.0,-26634.0,-2.9036881923675537
10.0,7851.0,193835.0,-26625.0,-5.176290035247803
10.0,7856.0,193762.0,-26619.0,-7.063614845275879
10.0,7862.0,193870.0,-26613.0,-8.989510536193848
10.0,7866.0,194091.0,-26611.0,-9.51839542388916
10.0,7870.0,194422.0,-26611.0,-9.296412467956543
10.0,7874.0,194862.0,-26610.0,-9.555279731750488
10.0,7879.0,195543.0,-26612.0,-8.73491382598877
10.0,7882.0,196196.0,-26614.0,-7.973554611206055
10.0,7887.0,196936.0,-26618.0,-6.528799533843994
10.0,7891.0,197757.0,-26621.0,-4.8106184005737305
10.0,7895.0,198661.0,-26626.0,-3.520207643508911
10.0,7899.0,199620.0,-26633.0,-0.7845593690872192
10.0,7903.0,200603.0,-26638.0,0.10266797244548798
10.0,7908.0,201801.0,-26647.0,3.04917573928833
10.0,7911.0,202471.0,-26651.0,4.199713230133057
10.0,7915.0,203277.0,-26655.0,5.738603115081787
10.0,7919.0,203957.0,-26659.0,6.568752765655518
10.0,7924.0,204676.0,-26659.0,6.288285732269287
10.0,7929.0,204943.0,-26659.0,6.158539295196533
10.0,7933.0,205047.0,-26655.0,4.622821807861328
10.0,7940.0,204925.0,-26647.0,1.423063039779663
10.0,7944.0,204751.0,-26641.0,-1.0062735080718994
10.0,7948.0,204512.0,-26634.0,-2.630516767501831
10.0,7953.0,204350.0,-26627.0,-4.97640323638916
10.0,7958.0,204256.0,-26621.0,-7.557063579559326
10.0,7962.0,204304.0,-26617.0,-8.044212341308594
10.0,7966.0,204470.0,-26614.0,-9.324484825134277
10.0,7971.0,204837.0,-26613.0,-9.140392303466797
10.0,7976.0,205497.0,-26613.0,-8.955618858337402
10.0,7982.0,206370.0,-26615.0,-8.137140274047852
10.0,7989.0,207448.0,-26619.0,-6.709244728088379
10.0,7993.0,208273.0,-26625.0,-4.63566780090332
10.0,7998.0,209409.0,-26631.0,-2.600219249725342
10.0,8003.0,210846.0,-26640.0,0.34524601697921753
10.0,8009.0,212019.0,-26647.0,2.5470824241638184
10.0,8013.0,212885.0,-26653.0,5.118938446044922
10.0,8017.0,213816.0,-26658.0,5.919269561767578
10.0,8023.0,214516.0,-26660.0,6.333261013031006
10.0,8028.0,214960.0,-26660.0,6.08070182800293
10.0,8034.0,215147.0,-26656.0,4.529524326324463
10.0,8040.0,215037.0,-26650.0,2.3876688480377197
10.0,8044.0,214859.0,-26644.0,0.30573874711990356
10.0,8050.0,214553.0,-26635.0,-2.709679365158081
10.0,8055.0,214349.0,-26627.0,-5.287521839141846
10.0,8061.0,214282.0,-26620.0,-7.501379489898682
10.0,8067.0,214534.0,-26615.0,-9.033177375793457
10.0,8073.0,214928.0,-26613.0,-9.533919334411621
10.0,8079.0,215622.0,-26615.0,-8.661202430725098
10.0,8084.0,216364.0,-26619.0,-7.129659652709961
10.0,8090.0,217444.0,-26623.0,-5.368526935577393
10.0,8096.0,218707.0,-26629.0,-3.7065258026123047
10.0,8101.0,220091.0,-26638.0,-0.7164468765258789
10.0,8107.0,221255.0,-26646.0,2.178715229034424
10.0,8112.0,222540.0,-26654.0,4.38709020614624
10.0,8118.0,223437.0,-26659.0,6.170808792114258
10.0,8122.0,223999.0,-26661.0,6.289785861968994
10.0,8128.0,224537.0,-26661.0,6.045754909515381
10.0,8134.0,224705.0,-26658.0,4.87115478515625
10.0,8138.0,224614.0,-26652.0,2.7054636478424072
10.0,8143.0,224444.0,-26647.0,0.9832824468612671
10.0,8147.0,224234.0,-26641.0,-1.365341067314148
10.0,8151.0,224024.0,-26632.0,-4.101306915283203
10.0,8155.0,223855.0,-26629.0,-5.3127641677856445
10.0,8159.0,223770.0,-26622.0,-7.285262107849121
10.0,8163.0,223799.0,-26619.0,-8.154337882995605
10.0,8167.0,224003.0,-26617.0,-8.681818962097168
10.0,8172.0,224295.0,-26615.0,-9.259471893310547
10.0,8176.0,224696.0,-26616.0,-8.354944229125977
10.0,8183.0,225638.0,-26619.0,-7.166694164276123
10.0,8187.0,226303.0,-26622.0,-6.465750694274902
10.0,8191.0,227257.0,-26627.0,-4.705105781555176
10.0,8198.0,228552.0,-26635.0,-2.005385160446167
10.0,8202.0,229465.0,-26640.0,0.2713221609592438
10.0,8206.0,230586.0,-26648.0,2.202935218811035
10.0,8212.0,231813.0,-26656.0,4.711204528808594
10.0,8217.0,232501.0,-26659.0,5.530939102172852
10.0,8222.0,233162.0,-26662.0,6.279567241668701
10.0,8226.0,233508.0,-26663.0,6.494964599609375
10.0,8231.0,233711.0,-26660.0,5.291660308837891
10.0,8235.0,233685.0,-26656.0,3.8164398670196533
10.0,8239.0,233548.0,-26651.0,2.0557701587677
10.0,8246.0,233233.0,-26642.0,-1.3384708166122437
10.0,8252.0,232911.0,-26633.0,-4.007464408874512
10.0,8256.0,232759.0,-26628.0,-5.600903511047363
10.0,8261.0,232714.0,-26622.0,-7.442513465881348
10.0,8265.0,232795.0,-26618.0,-8.712608337402344
10.0,8272.0,233232.0,-26617.0,-8.78207015991211
10.0,8278.0,233873.0,-26618.0,-8.288914680480957
10.0,8282.0,234572.0,-26621.0,-7.126749515533447
10.0,8286.0,235061.0,-26623.0,-6.42365837097168
10.0,8291.0,235987.0,-26629.0,-4.287387847900391
10.0,8295.0,236812.0,-26633.0,-2.2703256607055664
10.0,8299.0,237684.0,-26640.0,-0.6545804738998413
10.0,8303.0,238569.0,-26647.0,1.678443431854248
10.0,8309.0,239827.0,-26653.0,3.5299859046936035
10.0,8313.0,240570.0,-26658.0,5.087329864501953
10.0,8317.0,241199.0,-26662.0,6.2329230308532715
10.0,8323.0,241869.0,-26663.0,6.334557056427002
10.0,8327.0,242112.0,-26662.0,5.803636074066162
10.0,8331.0,242198.0,-26660.0,5.028014659881592
10.0,8335.0,242122.0,-26655.0,3.2045114040374756
10.0,8340.0,241957.0,-26649.0,1.1251219511032104
10.0,8345.0,241625.0,-26642.0,-1.2322216033935547
10.0,8351.0,241352.0,-26633.0,-4.2106122970581055
10.0,8355.0,241168.0,-26628.0,-5.811304569244385
10.0,8361.0,241139.0,-26623.0,-7.298166751861572
10.0,8366.0,241346.0,-26620.0,-8.076373100280762
10.0,8373.0,241808.0,-26619.0,-8.28909969329834
10.0,8377.0,242379.0,-26620.0,-7.848530292510986
10.0,8384.0,243422.0,-26625.0,-5.997368812561035
10.0,8389.0,244145.0,-26630.0,-4.228029251098633
10.0,8393.0,244938.0,-26634.0,-2.5815727710723877
10.0,8397.0,245991.0,-26642.0,-0.20313547551631927
10.0,8402.0,246838.0,-26649.0,2.061206817626953
10.0,8407.0,247832.0,-26653.0,3.552905321121216
10.0,8411.0,248539.0,-26659.0,5.12709903717041
10.0,8415.0,249134.0,-26662.0,5.986900806427002
10.0,8419.0,249584.0,-26663.0,6.145233631134033
10.0,8423.0,249882.0,-26663.0,6.003756523132324
10.0,8429.0,250033.0,-26660.0,4.813963413238525
10.0,8433.0,249970.0,-26656.0,3.3681693077087402
10.0,8437.0,249760.0,-26651.0,1.6261451244354248
10.0,8443.0,249405.0,-26642.0,-1.4408514499664307
10.0,8449.0,249108.0,-26635.0,-3.739840030670166
10.0,8454.0,248875.0,-26628.0,-5.94760799407959
10.0,8460.0,248856.0,-26624.0,-7.123324871063232
10.0,8465.0,249029.0,-26620.0,-8.316176414489746
10.0,8471.0,249468.0,-26620.0,-8.143399238586426
10.0,8476.0,250023.0,-26622.0,-7.3045525550842285
10.0,8481.0,250725.0,-26627.0,-5.450573444366455
10.0,8487.0,251757.0,-26631.0,-4.081918716430664
10.0,8493.0,252936.0,-26638.0,-1.7491867542266846
10.0,8498.0,253963.0,-26647.0,1.222861647605896
10.0,8502.0,254756.0,-26653.0,3.1768417358398438
10.0,8506.0,255481.0,-26656.0,4.377863883972168
10.0,8513.0,256502.0,-26662.0,5.789409160614014
10.0,8518.0,257033.0,-26664.0,6.30808162689209
10.0,8523.0,257193.0,-26663.0,5.819671630859375
10.0,8528.0,257186.0,-26659.0,3.9551661014556885
10.0,8532.0,257053.0,-26654.0,2.5490543842315674
10.0,8536.0,256846.0,-26649.0,0.8382221460342407
10.0,8541.0,256530.0,-26643.0,-1.2001593112945557
10.0,8545.0,256281.0,-26637.0,-3.126621723175049
10.0,8551.0,255999.0,-26630.0,-5.71380090713501
10.0,8556.0,255919.0,-26625.0,-7.27657413482666
10.0,8561.0,256032.0,-26623.0,-7.774271011352539
10.0,8567.0,256403.0,-26622.0,-7.56105375289917
10.0,8572.0,257024.0,-26623.0,-7.103726863861084
10.0,8579.0,257868.0,-26627.0,-5.635279178619385
10.0,8584.0,258726.0,-26632.0,-3.572361469268799
10.0,8590.0,259870.0,-26641.0,-0.8281147480010986
10.0,8595.0,260854.0,-26649.0,1.7760039567947388
10.0,8599.0,261605.0,-26653.0,2.9865732192993164
10.0,8604.0,262445.0,-26659.0,4.946704864501953
10.0,8608.0,262997.0,-26662.0,5.805020332336426
10.0,8613.0,263557.0,-26663.0,5.87020206451416
10.0,8619.0,263759.0,-26662.0,5.340761184692383
10.0,8626.0,263675.0,-26658.0,3.865415334701538
10.0,8630.0,263434.0,-26653.0,2.1386258602142334
10.0,8634.0,263242.0,-26646.0,-0.30310750007629395
10.0,8643.0,262639.0,-26636.0,-3.5520808696746826
10.0,8647.0,262397.0,-26629.0,-5.835297584533691
10.0,8654.0,262315.0,-26623.0,-7.649429798126221
10.0,8666.0,262959.0,-26623.0,-7.228229999542236
10.0,8675.0,264074.0,-26628.0,-5.342947483062744
10.0,8684.0,265622.0,-26638.0,-1.9106439352035522
10.0,8690.0,266756.0,-26646.0,0.7252679467201233
10.0,8694.0,267484.0,-26652.0,3.384160280227661
10.0,8698.0,268307.0,-26657.0,4.222497940063477
10.0,8704.0,268971.0,-26662.0,5.710927486419678
10.0,8709.0,269429.0,-26665.0,6.639089584350586
10.0,8713.0,269626.0,-26663.0,5.729710102081299
10.0,8717.0,269659.0,-26662.0,5.314823150634766
10.0,8722.0,269500.0,-26658.0,3.8792240619659424
10.0,8726.0,269335.0,-26652.0,1.7544305324554443
10.0,8730.0,269069.0,-26648.0,0.44246551394462585
10.0,8734.0,268775.0,-26642.0,-1.6370609998703003
10.0,8741.0,268309.0,-26632.0,-4.856272220611572
10.0,8748.0,268065.0,-26626.0,-6.711864471435547
10.0,8756.0,268219.0,-26623.0,-7.38697624206543
10.0,8761.0,268638.0,-26623.0,-7.255711078643799
10.0,8766.0,269054.0,-26626.0,-6.086278438568115
10.0,8772.0,269864.0,-26631.0,-4.273056507110596
10.0,8777.0,270851.0,-26637.0,-2.233442544937134
10.0,8783.0,271733.0,-26644.0,0.06849579513072968
10.0,8789.0,272777.0,-26651.0,2.6783766746520996
10.0,8795.0,273693.0,-26659.0,4.96904182434082
10.0,8801.0,274375.0,-26663.0,6.117388725280762
10.0,8807.0,274747.0,-26663.0,6.228848934173584
10.0,8813.0,274793.0,-26660.0,4.66731595993042
10.0,8818.0,274577.0,-26655.0,2.8754467964172363
10.0,8823.0,274336.0,-26652.0,1.8892766237258911
10.0,8827.0,274054.0,-26645.0,-0.4895297884941101
10.0,8833.0,273626.0,-26638.0,-2.8158488273620605
10.0,8837.0,273385.0,-26633.0,-4.363138675689697
10.0,8841.0,273225.0,-26628.0,-5.98771858215332
10.0,8845.0,273173.0,-26627.0,-6.517656326293945
10.0,8850.0,273270.0,-26625.0,-6.669590950012207
10.0,8856.0,273625.0,-26625.0,-6.513516426086426
10.0,8862.0,274349.0,-26628.0,-5.373133659362793
10.0,8869.0,275189.0,-26633.0,-3.281554937362671
10.0,8875.0,276148.0,-26640.0,-1.247557282447815
10.0,8881.0,277137.0,-26649.0,1.7246946096420288
10.0,8885.0,277755.0,-26655.0,3.7261455059051514
10.0,8889.0,278302.0,-26657.0,4.222804069519043
10.0,8896.0,279069.0,-26661.0,5.365022659301758
10.0,8901.0,279255.0,-26663.0,5.9606709480285645
10.0,8905.0,279302.0,-26660.0,4.788230895996094
10.0,8909.0,279183.0,-26658.0,4.0611467361450195
10.0,8913.0,279045.0,-26654.0,2.651731491088867
10.0,8917.0,278736.0,-26649.0,0.91608065366745
10.0,8922.0,278450.0,-26646.0,-0.7115389704704285
10.0,8926.0,278165.0,-26639.0,-2.729295253753662
10.0,8931.0,277853.0,-26634.0,-3.9815988540649414
10.0,8935.0,277681.0,-26630.0,-5.232234001159668
10.0,8939.0,277605.0,-26627.0,-6.459108829498291
10.0,8943.0,277641.0,-26626.0,-6.278393745422363
10.0,8949.0,277907.0,-26626.0,-6.09938383102417
10.0,8955.0,278415.0,-26627.0,-5.678405284881592
10.0,8961.0,279136.0,-26631.0,-4.251922607421875
10.0,8966.0,280000.0,-26638.0,-1.8244647979736328
10.0,8972.0,280763.0,-26646.0,0.8838533163070679
10.0,8978.0,281644.0,-26652.0,3.1635804176330566
10.0,8984.0,282388.0,-26657.0,4.3774213790893555
10.0,8989.0,282833.0,-26660.0,5.207786560058594
10.0,8994.0,283109.0,-26661.0,5.423402786254883
10.0,8999.0,283128.0,-26660.0,4.996681213378906
10.0,9004.0,282999.0,-26656.0,3.1564085483551025
10.0,9010.0,282679.0,-26651.0,1.0716360807418823
10.0,9014.0,282410.0,-26647.0,0.498944491147995
10.0,9019.0,282055.0,-26640.0,-1.921911597251892
10.0,9025.0,281633.0,-26633.0,-4.141199588775635
10.0,9030.0,281481.0,-26629.0,-5.363901615142822
10.0,9034.0,281431.0,-26628.0,-5.542749881744385
10.0,9039.0,281514.0,-26626.0,-6.143587589263916
10.0,9043.0,281693.0,-26627.0,-5.6570916175842285
10.0,9048.0,282057.0,-26628.0,-4.840061187744141
10.0,9053.0,282555.0,-26631.0,-4.135551452636719
10.0,9058.0,283160.0,-26637.0,-1.9780069589614868
10.0,9062.0,283691.0,-26641.0,-0.6567071676254272
10.0,9067.0,284365.0,-26645.0,0.6076464653015137
10.0,9072.0,285007.0,-26651.0,2.5983052253723145
10.0,9077.0,285560.0,-26655.0,4.224681854248047
10.0,9081.0,285903.0,-26657.0,4.4176836013793945
10.0,9085.0,286141.0,-26659.0,5.408383846282959
10.0,9091.0,286273.0,-26659.0,4.926596641540527
10.0,9095.0,286221.0,-26655.0,3.4205727577209473
10.0,9100.0,286036.0,-26654.0,3.103121519088745
10.0,9104.0,285817.0,-26649.0,1.3706228733062744
10.0,9109.0,285494.0,-26645.0,0.026852447539567947
10.0,9113.0,285233.0,-26640.0,-1.605185627937317
10.0,9117.0,284946.0,-26635.0,-3.2733452320098877
10.0,9122.0,284781.0,-26633.0,-3.8154678344726562
10.0,9128.0,284686.0,-26630.0,-4.661674499511719
10.0,9133.0,284765.0,-26627.0,-5.210273742675781
10.0,9138.0,284977.0,-26628.0,-5.115719318389893
10.0,9144.0,285405.0,-26631.0,-3.9731898307800293
10.0,9148.0,285882.0,-26635.0,-2.5164215564727783
10.0,9154.0,286434.0,-26638.0,-1.5162217617034912
10.0,9159.0,287129.0,-26643.0,0.13557614386081696
10.0,9165.0,287676.0,-26649.0,2.1267571449279785
10.0,9170.0,288142.0,-26653.0,3.7953133583068848
10.0,9176.0,288540.0,-26656.0,4.335867881774902
10.0,9182.0,288721.0,-26655.0,3.835012912750244
10.0,9187.0,288682.0,-26653.0,3.061878204345703
10.0,9194.0,288477.0,-26650.0,2.0118727684020996
10.0,9201.0,288124.0,-26645.0,0.33472785353660583
10.0,9205.0,287905.0,-26642.0,-0.6326184868812561
10.0,9209.0,287700.0,-26636.0,-2.6727888584136963
10.0,9213.0,287474.0,-26634.0,-3.2070913314819336
10.0,9219.0,287401.0,-26632.0,-3.752741575241089
10.0,9225.0,287438.0,-26629.0,-4.726848602294922
10.0,9229.0,287550.0,-26630.0,-4.249827861785889
10.0,9233.0,287790.0,-26632.0,-3.4531118869781494
10.0,9238.0,288049.0,-26632.0,-3.451584577560425
10.0,9242.0,288358.0,-26636.0,-1.9991328716278076
10.0,9246.0,288708.0,-26638.0,-1.3244831562042236
10.0,9253.0,289346.0,-26642.0,0.008457696996629238
10.0,9259.0,289856.0,-26646.0,1.3091036081314087
10.0,9264.0,290209.0,-26651.0,2.9888510704040527
10.0,9269.0,290460.0,-26652.0,3.26027774810791
10.0,9273.0,290570.0,-26652.0,2.7897419929504395
10.0,9279.0,290583.0,-26651.0,2.7583112716674805
10.0,9283.0,290511.0,-26650.0,2.416411876678467
10.0,9287.0,290358.0,-26646.0,0.9706708192825317
10.0,9292.0,290207.0,-26646.0,0.333414226770401
10.0,9296.0,290043.0,-26641.0,-0.6720964908599854
10.0,9303.0,289788.0,-26637.0,-1.9770898818969727
10.0,9309.0,289659.0,-26634.0,-2.9149439334869385
10.0,9313.0,289644.0,-26635.0,-2.427690029144287
10.0,9319.0,289724.0,-26633.0,-3.0554089546203613
10.0,9325.0,289915.0,-26633.0,-2.9858686923980713
10.0,9331.0,290198.0,-26634.0,-2.602536201477051
10.0,9337.0,290547.0,-26637.0,-1.52823007106781
10.0,9343.0,290918.0,-26641.0,-0.1359652280807495
10.0,9349.0,291269.0,-26645.0,1.2480498552322388
10.0,9354.0,291508.0,-26647.0,1.9087769985198975
10.0,9360.0,291704.0,-26646.0,1.4585126638412476
10.0,9365.0,291783.0,-26646.0,1.4109100103378296
10.0,9371.0,291767.0,-26647.0,1.794036626815796
10.0,9377.0,291689.0,-26645.0,0.7328779697418213
10.0,9383.0,291587.0,-26643.0,0.43274199962615967
10.0,9388.0,291503.0,-26639.0,-0.9662230610847473
10.0,9394.0,291431.0,-26637.0,-1.6077163219451904
10.0,9398.0,291415.0,-26638.0,-1.1647001504898071
10.0,9404.0,291442.0,-26638.0,-1.077726125717163
10.0,9409.0,291508.0,-26636.0,-1.7812445163726807
10.0,9414.0,291598.0,-26637.0,-1.380524754524231
10.0,9419.0,291711.0,-26638.0,-0.9752497673034668
10.0,9423.0,291811.0,-26637.0,-1.3428183794021606
10.0,9428.0,291941.0,-26639.0,-0.5940895080566406
10.0,9433.0,292073.0,-26641.0,0.1515805721282959
10.0,9440.0,292241.0,-26641.0,0.13705644011497498
10.0,9444.0,292318.0,-26640.0,-0.24940665066242218
10.0,9450.0,292425.0,-26640.0,-0.258526086807251
10.0,9454.0,292455.0,-26642.0,0.5004831552505493
10.0,9459.0,292485.0,-26640.0,-0.2306150197982788
10.0,9465.0,292491.0,-26639.0,-0.5663708448410034
10.0,9471.0,292489.0,-26639.0,-0.527771532535553
10.0,9476.0,292489.0,-26640.0,-0.09521248936653137
10.0,9482.0,292497.0,-26639.0,-0.42582347989082336
10.0,9486.0,292503.0,-26637.0,-1.1340144872665405
10.0,9491.0,292513.0,-26638.0,-0.7113637328147888
10.0,9495.0,292533.0,-26637.0,-1.046608805656433
10.0,9501.0,292571.0,-26636.0,-1.37351393699646
10.0,9507.0,292630.0,-26636.0,-1.3373199701309204
10.0,9514.0,292703.0,-26637.0,-0.9364610910415649
10.0,9518.0,292758.0,-26639.0,-0.1649368554353714
10.0,9522.0,292815.0,-26637.0,-0.9097011089324951
10.0,9528.0,292897.0,-26638.0,-0.9055534601211548
10.0,9532.0,292945.0,-26639.0,-0.14379988610744476
10.0,9536.0,292985.0,-26637.0,-0.8879067897796631
10.0,9541.0,293022.0,-26639.0,-0.12565259635448456
10.0,9545.0,293046.0,-26638.0,-0.10583523660898209
10.0,9549.0,293063.0,-26638.0,-0.4667401909828186
10.0,9553.0,293070.0,-26639.0,-0.0695348009467125
10.0,9558.0,293077.0,-26637.0,-0.7915294766426086
10.0,9562.0,293079.0,-26639.0,-0.3951139450073242
10.0,9568.0,293083.0,-26638.0,-0.35212135314941406
10.0,9576.0,293091.0,-26638.0,-0.6734180450439453
10.0,9582.0,293105.0,-26637.0,-0.637879490852356
10.0,9588.0,293128.0,-26636.0,-0.9756870865821838
10.0,9594.0,293158.0,-26636.0,-0.9457828402519226
10.0,9598.0,293190.0,-26636.0,-0.9286593198776245
10.0,9603.0,293217.0,-26637.0,-0.15582923591136932
10.0,9609.0,293257.0,-26637.0,-0.5167895555496216
10.0,9613.0,293281.0,-26636.0,-0.8838158249855042
10.0,9618.0,293310.0,-26638.0,-0.11801549792289734
10.0,9622.0,293329.0,-26636.0,-0.4779937267303467
10.0,9626.0,293340.0,-26637.0,-0.46749362349510193
10.0,9631.0,293351.0,-26637.0,-0.4461543560028076
10.0,9635.0,293353.0,-26636.0,-0.8087671995162964
10.0,9639.0,293356.0,-26638.0,-0.03374069556593895
10.0,9645.0,293356.0,-26637.0,-0.38045239448547363
10.0,9651.0,293358.0,-26636.0,-0.7312561273574829
10.0,9657.0,293361.0,-26635.0,-0.6979957222938538
10.0,9661.0,293364.0,-26637.0,-0.3070019781589508
10.0,9665.0,293367.0,-26635.0,-0.6602157950401306
10.0,9669.0,293367.0,-26636.0,-0.6451727747917175
10.0,9673.0,293370.0,-26636.0,-0.622549831867218
10.0,9678.0,293372.0,-26635.0,-0.9826284646987915
10.0,9681.0,293376.0,-26637.0,-0.21192564070224762
10.0,9685.0,293380.0,-26635.0,-0.9478575587272644
10.0,9691.0,293382.0,-26636.0,-0.5530014038085938
10.0,9697.0,293386.0,-26636.0,-0.5277854204177856
10.0,9703.0,293391.0,-26636.0,-0.5011387467384338
10.0,9709.0,293394.0,-26637.0,-0.10335871577262878
10.0,9715.0,293396.0,-26636.0,-0.4642103314399719
10.0,9720.0,293396.0,-26635.0,-0.824829638004303
10.0,9724.0,293397.0,-26637.0,-0.0633663758635521
10.0,9729.0,293398.0,-26636.0,-0.42854446172714233
10.0,9733.0,293397.0,-26636.0,-0.4180530309677124
10.0,9737.0,293398.0,-26636.0,-0.4044020473957062
10.0,9742.0,293398.0,-26636.0,-0.39539071917533875
10.0,9746.0,293398.0,-26636.0,-0.38686782121658325
10.0,9753.0,293398.0,-26636.0,-0.37705352902412415
10.0,9757.0,293398.0,-26636.0,-0.3692711293697357
10.0,9762.0,293398.0,-26636.0,-0.3683391213417053
10.0,9767.0,293398.0,-26637.0,0.013511602766811848
10.0,9771.0,293398.0,-26636.0,-0.3564104437828064
10.0,9775.0,293397.0,-26637.0,0.019171999767422676
10.0,9782.0,293396.0,-26637.0,0.02052675560116768
10.0,9788.0,293395.0,-26637.0,0.018474295735359192
10.0,9792.0,293394.0,-26637.0,0.01695309579372406
10.0,9799.0,293392.0,-26637.0,0.014442860148847103
10.0,9804.0,293391.0,-26637.0,0.007720235735177994
10.0,9808.0,293390.0,-26638.0,0.3795565068721771
10.0,9814.0,293387.0,-26638.0,0.36608654260635376
10.0,9820.0,293379.0,-26638.0,0.35549309849739075
10.0,9825.0,293366.0,-26638.0,0.34860411286354065
10.0,9831.0,293354.0,-26638.0,0.3410660922527313
10.0,9837.0,293339.0,-26639.0,0.7074263095855713
10.0,9843.0,293324.0,-26639.0,0.6981651782989502
10.0,9848.0,293306.0,-26639.0,0.6808537244796753
10.0,9854.0,293285.0,-26639.0,0.6697859764099121
10.0,9859.0,293257.0,-26639.0,0.6583868265151978
10.0,9864.0,293230.0,-26639.0,0.6509600877761841
10.0,9871.0,293196.0,-26639.0,0.6431737542152405
10.0,9876.0,293164.0,-26639.0,0.6375389099121094
10.0,9881.0,293133.0,-26639.0,0.6332213282585144
10.0,9887.0,293095.0,-26639.0,0.6276857852935791
10.0,9893.0,293061.0,-26639.0,0.6220601797103882
10.0,9899.0,293029.0,-26639.0,0.6149452328681946
10.0,9903.0,293009.0,-26639.0,0.6085939407348633
10.0,9907.0,292988.0,-26640.0,0.9794397354125977
10.0,9912.0,292954.0,-26640.0,0.9645751714706421
10.0,9917.0,292924.0,-26640.0,0.95477694272995
10.0,9921.0,292878.0,-26640.0,0.949803352355957
10.0,9926.0,292835.0,-26640.0,0.9476410150527954
10.0,9932.0,292763.0,-26639.0,0.5747426152229309
10.0,9938.0,292687.0,-26639.0,0.5893256068229675
10.0,9942.0,292632.0,-26639.0,0.5952442288398743
10.0,9947.0,292591.0,-26639.0,0.6006796360015869
10.0,9951.0,292556.0,-26639.0,0.6022242903709412
10.0,9955.0,292526.0,-26639.0,0.6019667983055115
10.0,9961.0,292483.0,-26639.0,0.6005560755729675
10.0,9967.0,292444.0,-26640.0,0.9619328379631042
10.0,9972.0,292409.0,-26640.0,0.9505088329315186
10.0,9978.0,292352.0,-26641.0,1.3162645101547241
10.0,9985.0,292299.0,-26641.0,1.2957582473754883
10.0,9990.0,292243.0,-26641.0,1.282956600189209
10.0,9996.0,292160.0,-26641.0,1.2791508436203003
10.0,10002.0,292058.0,-26640.0,0.9098579287528992
10.0,10007.0,291940.0,-26640.0,0.9293171167373657
10.0,10012.0,291861.0,-26639.0,0.5685139894485474
10.0,10018.0,291718.0,-26639.0,0.6095088720321655
10.0,10024.0,291629.0,-26639.0,0.6357998847961426
10.0,10028.0,291541.0,-26639.0,0.6519205570220947
10.0,10033.0,291476.0,-26639.0,0.6652558445930481
10.0,10039.0,291369.0,-26639.0,0.6844943165779114
10.0,10044.0,291315.0,-26639.0,0.6918091773986816
10.0,10049.0,291250.0,-26639.0,0.6994917392730713
10.0,10053.0,291203.0,-26639.0,0.7037628293037415
10.0,10058.0,291149.0,-26639.0,0.705671489238739
10.0,10063.0,291086.0,-26640.0,1.080588936805725
10.0,10070.0,291026.0,-26640.0,1.0669234991073608
10.0,10075.0,290969.0,-26640.0,1.060895562171936
10.0,10081.0,290892.0,-26640.0,1.0538742542266846
10.0,10086.0,290805.0,-26641.0,1.421687364578247
10.0,10091.0,290742.0,-26641.0,1.4160335063934326
10.0,10095.0,290669.0,-26641.0,1.4161838293075562
10.0,10102.0,290493.0,-26640.0,1.0519537925720215
10.0,10109.0,290310.0,-26640.0,1.0888744592666626
10.0,10114.0,290202.0,-26640.0,1.1104166507720947
10.0,10119.0,290060.0,-26639.0,0.7726275324821472
10.0,10125.0,289895.0,-26638.0,0.44458362460136414
10.0,10130.0,289764.0,-26638.0,0.4928906261920929
10.0,10136.0,289633.0,-26638.0,0.5268207788467407
10.0,10141.0,289524.0,-26638.0,0.5468012690544128
10.0,10148.0,289438.0,-26638.0,0.5600287914276123
10.0,10154.0,289365.0,-26639.0,0.933577835559845
10.0,10159.0,289307.0,-26639.0,0.9265138506889343
10.0,10165.0,289231.0,-26640.0,1.2922004461288452
10.0,10171.0,289140.0,-26640.0,1.2816871404647827
10.0,10177.0,289031.0,-26641.0,1.6526236534118652
10.0,10182.0,288924.0,-26641.0,1.6516071557998657
10.0,10188.0,288744.0,-26640.0,1.2878401279449463
10.0,10194.0,288594.0,-26640.0,1.3181289434432983
10.0,10200.0,288404.0,-26639.0,0.9840260744094849
10.0,10206.0,288208.0,-26639.0,1.0218183994293213
10.0,10213.0,287991.0,-26638.0,0.7103301882743835
10.0,10218.0,287846.0,-26638.0,0.7459696531295776
10.0,10222.0,287736.0,-26638.0,0.7697194814682007
10.0,10226.0,287634.0,-26637.0,0.4212001860141754
10.0,10233.0,287470.0,-26638.0,0.8351826667785645
10.0,10238.0,287351.0,-26638.0,0.845084011554718
10.0,10243.0,287275.0,-26638.0,0.8516779541969299
10.0,10249.0,287167.0,-26639.0,1.2316406965255737
10.0,10254.0,287062.0,-26639.0,1.2242178916931152
10.0,10261.0,286945.0,-26640.0,1.5977470874786377
10.0,10266.0,286842.0,-26640.0,1.5902730226516724
10.0,10270.0,286749.0,-26640.0,1.5871888399124146
10.0,10276.0,286567.0,-26640.0,1.5914307832717896
10.0,10281.0,286444.0,-26640.0,1.6050297021865845
10.0,10285.0,286312.0,-26640.0,1.2445889711380005
10.0,10289.0,286171.0,-26639.0,1.2719522714614868
10.0,10293.0,285980.0,-26638.0,0.9274149537086487
10.0,10298.0,285827.0,-26638.0,0.9748318195343018
10.0,10304.0,285599.0,-26637.0,0.6586559414863586
10.0,10309.0,285419.0,-26637.0,0.6964297294616699
10.0,10315.0,285221.0,-26637.0,0.7440299987792969
10.0,10321.0,285041.0,-26637.0,0.7876207828521729
10.0,10326.0,284909.0,-26637.0,0.8189136981964111
10.0,10333.0,284747.0,-26637.0,0.8354725241661072
10.0,10338.0,284615.0,-26637.0,0.8451945781707764
10.0,10344.0,284509.0,-26638.0,1.2187089920043945
10.0,10350.0,284376.0,-26639.0,1.5914546251296997
10.0,10355.0,284260.0,-26639.0,1.582310676574707
10.0,10360.0,284100.0,-26639.0,1.5810858011245728
10.0,10366.0,283953.0,-26639.0,1.586160659790039
10.0,10372.0,283754.0,-26639.0,1.6019011735916138
10.0,10378.0,283534.0,-26639.0,1.62599778175354
10.0,10383.0,283294.0,-26638.0,1.2909564971923828
10.0,10390.0,283044.0,-26637.0,0.9743254780769348
10.0,10394.0,282875.0,-26637.0,1.0136947631835938
10.0,10399.0,282670.0,-26637.0,1.0481375455856323
10.0,10406.0,282397.0,-26636.0,0.7469391226768494
10.0,10411.0,282219.0,-26636.0,0.7769320607185364
10.0,10415.0,282083.0,-26636.0,0.8093193769454956
10.0,10419.0,281953.0,-26636.0,0.8322712182998657
10.0,10424.0,281799.0,-26636.0,0.8552647829055786
10.0,10428.0,281652.0,-26636.0,0.8709341287612915
10.0,10433.0,281541.0,-26636.0,0.8834494352340698
10.0,10437.0,281406.0,-26637.0,1.2700146436691284
10.0,10442.0,281304.0,-26637.0,1.2691994905471802
10.0,10448.0,281148.0,-26638.0,1.640909194946289
10.0,10454.0,280981.0,-26638.0,1.6348528861999512
10.0,10459.0,280822.0,-26638.0,1.637938380241394
10.0,10465.0,280613.0,-26638.0,1.649251937866211
10.0,10470.0,280417.0,-26638.0,1.672241449356079
10.0,10476.0,280169.0,-26638.0,1.7002241611480713
10.0,10482.0,279898.0,-26637.0,1.3717998266220093
10.0,10488.0,279624.0,-26636.0,1.0504194498062134
10.0,10494.0,279344.0,-26635.0,0.7376870512962341
10.0,10499.0,279079.0,-26635.0,0.7900958061218262
10.0,10505.0,278872.0,-26635.0,0.83404141664505
10.0,10512.0,278611.0,-26635.0,0.8920379281044006
10.0,10516.0,278476.0,-26635.0,0.9129884839057922
10.0,10526.0,278167.0,-26635.0,0.9403066039085388
10.0,10531.0,278024.0,-26636.0,1.3252559900283813
10.0,10535.0,277911.0,-26636.0,1.3229544162750244
10.0,10542.0,277708.0,-26637.0,1.6905333995819092
10.0,10559.0,277103.0,-26637.0,1.6991139650344849
10.0,10563.0,276930.0,-26637.0,1.7205125093460083
10.0,10568.0,276698.0,-26637.0,1.7425261735916138
10.0,10573.0,276450.0,-26636.0,1.4113067388534546
10.0,10579.0,276139.0,-26635.0,1.0941044092178345
10.0,10583.0,275929.0,-26635.0,1.1391749382019043
10.0,10590.0,275568.0,-26634.0,0.8345221281051636
10.0,10595.0,275322.0,-26633.0,0.5159072875976562
10.0,10600.0,275095.0,-26633.0,0.5703427195549011
10.0,10604.0,274927.0,-26633.0,0.6140710711479187
10.0,10609.0,274736.0,-26633.0,0.6462969779968262
10.0,10613.0,274599.0,-26633.0,0.6646133661270142
10.0,10618.0,274444.0,-26634.0,1.0484422445297241
10.0,10622.0,274330.0,-26634.0,1.0483477115631104
10.0,10626.0,274190.0,-26635.0,1.4164658784866333
10.0,10631.0,274075.0,-26636.0,1.784131646156311
10.0,10635.0,273953.0,-26636.0,1.771325945854187
10.0,10639.0,273825.0,-26637.0,2.137037754058838
10.0,10645.0,273605.0,-26637.0,2.1228690147399902
10.0,10650.0,273347.0,-26637.0,2.1262736320495605
10.0,10655.0,273154.0,-26637.0,2.141312599182129
10.0,10661.0,272838.0,-26636.0,1.80781090259552
10.0,10666.0,272547.0,-26635.0,1.4843217134475708
10.0,10672.0,272188.0,-26634.0,1.1839061975479126
10.0,10678.0,271827.0,-26632.0,0.5199663043022156
10.0,10684.0,271490.0,-26632.0,0.606529176235199
10.0,10689.0,271228.0,-26631.0,0.29826846718788147
10.0,10695.0,270954.0,-26631.0,0.3517844080924988
10.0,10701.0,270719.0,-26631.0,0.39715874195098877
10.0,10705.0,270587.0,-26632.0,0.7881335020065308
10.0,10711.0,270410.0,-26633.0,1.1638143062591553
10.0,10715.0,270306.0,-26633.0,1.524558424949646
10.0,10721.0,270143.0,-26635.0,1.8762761354446411
10.0,10725.0,270026.0,-26636.0,2.2255096435546875
10.0,10729.0,269894.0,-26636.0,2.205188274383545
10.0,10733.0,269701.0,-26636.0,2.1945176124572754
10.0,10738.0,269523.0,-26636.0,2.194885730743408
10.0,10742.0,269325.0,-26636.0,2.2045791149139404
10.0,10748.0,268995.0,-26635.0,1.8543951511383057
10.0,10755.0,268567.0,-26634.0,1.5456770658493042
10.0,10761.0,268177.0,-26633.0,1.2519774436950684
10.0,10765.0,267916.0,-26631.0,0.5804171562194824
10.0,10771.0,267540.0,-26630.0,0.28560870885849
10.0,10775.0,267308.0,-26630.0,0.3627777099609375
10.0,10779.0,267094.0,-26629.0,0.03956568241119385
10.0,10783.0,266897.0,-26629.0,0.08923090249300003
10.0,10788.0,266678.0,-26629.0,0.12790051102638245
10.0,10792.0,266532.0,-26630.0,0.5226260423660278
10.0,10797.0,266372.0,-26631.0,0.9075018167495728
10.0,10802.0,266208.0,-26632.0,1.2696694135665894
10.0,10806.0,266106.0,-26633.0,1.6233574151992798
10.0,10813.0,265946.0,-26634.0,1.9570996761322021
10.0,10819.0,265755.0,-26635.0,2.291948080062866
10.0,10824.0,265564.0,-26636.0,2.6395113468170166
10.0,10829.0,265334.0,-26635.0,2.2545363903045654
10.0,10835.0,265005.0,-26635.0,2.2714951038360596
10.0,10840.0,264632.0,-26634.0,1.935112476348877
10.0,10846.0,264290.0,-26633.0,1.6325889825820923
10.0,10852.0,263866.0,-26631.0,0.9574382901191711
10.0,10856.0,263577.0,-26630.0,0.6709267497062683
10.0,10861.0,263236.0,-26629.0,0.3679724335670471
10.0,10865.0,262973.0,-26628.0,0.08354377001523972
10.0,10869.0,262733.0,-26628.0,0.14580944180488586
10.0,10873.0,262471.0,-26627.0,-0.17386363446712494
10.0,10878.0,262284.0,-26627.0,-0.11839437484741211
10.0,10882.0,262135.0,-26628.0,0.2783065736293793
10.0,10886.0,262008.0,-26629.0,0.6612831950187683
10.0,10892.0,261850.0,-26630.0,1.0133956670761108
10.0,10900.0,261665.0,-26632.0,1.7092581987380981
10.0,10912.0,261310.0,-26635.0,2.71342134475708
10.0,10918.0,261054.0,-26635.0,2.6836085319519043
10.0,10922.0,260843.0,-26635.0,2.6820030212402344
10.0,10927.0,260544.0,-26634.0,2.3158514499664307
10.0,10931.0,260275.0,-26634.0,2.3541271686553955
10.0,10935.0,259909.0,-26632.0,1.6517935991287231
10.0,10940.0,259599.0,-26631.0,1.3579028844833374
10.0,10946.0,259128.0,-26629.0,0.7253244519233704
10.0,10952.0,258674.0,-26627.0,0.1047077476978302
10.0,10959.0,258207.0,-26626.0,-0.1544836461544037
10.0,10963.0,257927.0,-26625.0,-0.453104704618454
10.0,10968.0,257740.0,-26626.0,-0.03260912373661995
10.0,10972.0,257584.0,-26626.0,-0.006827701348811388
10.0,10977.0,257419.0,-26627.0,0.3790399730205536
10.0,10981.0,257313.0,-26629.0,1.118121862411499
10.0,10985.0,257217.0,-26629.0,1.0907691717147827
10.0,10991.0,257078.0,-26631.0,1.7832536697387695
10.0,10995.0,256983.0,-26633.0,2.490166187286377
10.0,10999.0,256869.0,-26633.0,2.443244218826294
10.0,11003.0,256739.0,-26634.0,2.7779479026794434
10.0,11009.0,256487.0,-26635.0,3.1186585426330566
10.0,11015.0,256168.0,-26634.0,2.724493980407715
10.0,11019.0,255914.0,-26634.0,2.3643312454223633
10.0,11024.0,255486.0,-26632.0,2.0309946537017822
10.0,11029.0,255180.0,-26631.0,1.7089283466339111
10.0,11033.0,254853.0,-26629.0,1.0430481433868408
10.0,11040.0,254290.0,-26627.0,0.4333285391330719
10.0,11044.0,253901.0,-26626.0,0.14799372851848602
10.0,11049.0,253624.0,-26625.0,-0.1481042057275772
10.0,11053.0,253371.0,-26625.0,-0.4380227029323578
10.0,11059.0,253053.0,-26624.0,0.016923438757658005
10.0,11063.0,252845.0,-26625.0,0.04826367273926735
10.0,11070.0,252636.0,-26626.0,0.42293959856033325
10.0,11075.0,252539.0,-26628.0,1.1535007953643799
10.0,11079.0,252457.0,-26629.0,1.4805948734283447
10.0,11083.0,252377.0,-26630.0,2.1700384616851807
10.0,11089.0,252236.0,-26632.0,2.489640235900879
10.0,11093.0,252122.0,-26633.0,3.175361156463623
10.0,11098.0,251937.0,-26634.0,3.1271345615386963
10.0,11103.0,251644.0,-26634.0,3.086805820465088
10.0,11108.0,251337.0,-26634.0,3.0825610160827637
10.0,11112.0,251128.0,-26632.0,2.3492066860198975
10.0,11116.0,250742.0,-26632.0,2.392455577850342
10.0,11122.0,250232.0,-26629.0,1.3635987043380737
10.0,11128.0,249794.0,-26627.0,0.7221139669418335
10.0,11134.0,249281.0,-26625.0,0.11448262631893158
10.0,11138.0,248958.0,-26623.0,-0.5119709968566895
10.0,11142.0,248664.0,-26623.0,-0.41995346546173096
10.0,11146.0,248406.0,-26622.0,-0.7197120785713196
10.0,11151.0,248141.0,-26622.0,-0.6610131859779358
10.0,11155.0,247974.0,-26622.0,-0.6148954629898071
10.0,11159.0,247816.0,-26624.0,0.146983340382576
10.0,11164.0,247725.0,-26625.0,0.5018523931503296
10.0,11168.0,247639.0,-26626.0,0.8390939831733704
10.0,11172.0,247596.0,-26629.0,1.913274884223938
10.0,11178.0,247507.0,-26631.0,2.563602924346924
10.0,11184.0,247381.0,-26632.0,3.207306146621704
10.0,11189.0,247234.0,-26634.0,3.4986653327941895
10.0,11195.0,246975.0,-26635.0,3.8152778148651123
10.0,11201.0,246618.0,-26634.0,3.4134938716888428
10.0,11206.0,246241.0,-26633.0,3.0604279041290283
10.0,11211.0,245812.0,-26630.0,2.0076491832733154
10.0,11216.0,245342.0,-26628.0,1.3594200611114502
10.0,11222.0,244759.0,-26626.0,0.3932381570339203
10.0,11228.0,244195.0,-26623.0,-0.17951960861682892
10.0,11232.0,243853.0,-26620.0,-1.1947550773620605
10.0,11236.0,243550.0,-26620.0,-1.0880184173583984
10.0,11242.0,243184.0,-26620.0,-0.966780960559845
10.0,11246.0,243005.0,-26619.0,-1.2979110479354858
10.0,11251.0,242857.0,-26621.0,-0.5292883515357971
10.0,11258.0,242748.0,-26624.0,0.5605725646018982
10.0,11262.0,242721.0,-26626.0,1.2383134365081787
10.0,11266.0,242696.0,-26628.0,1.910152554512024
10.0,11271.0,242643.0,-26631.0,2.9247403144836426
10.0,11276.0,242574.0,-26633.0,3.565582275390625
10.0,11281.0,242437.0,-26634.0,3.859046697616577
10.0,11285.0,242274.0,-26634.0,3.7972564697265625
10.0,11290.0,241998.0,-26634.0,3.746584892272949
10.0,11294.0,241645.0,-26633.0,3.3694159984588623
10.0,11299.0,241311.0,-26632.0,3.0252366065979004
10.0,11303.0,240935.0,-26629.0,1.9974793195724487
10.0,11309.0,240325.0,-26627.0,1.3423240184783936
10.0,11313.0,239904.0,-26625.0,0.7114737629890442
10.0,11318.0,239393.0,-26621.0,-0.6296252012252808
10.0,11323.0,238923.0,-26620.0,-0.8400192260742188
10.0,11327.0,238523.0,-26618.0,-1.440024495124817
10.0,11332.0,238262.0,-26617.0,-1.718306064605713
10.0,11336.0,238059.0,-26618.0,-1.2572240829467773
10.0,11341.0,237871.0,-26619.0,-0.8498983383178711
10.0,11346.0,237805.0,-26620.0,-0.49250155687332153
10.0,11351.0,237776.0,-26623.0,0.5688243508338928
10.0,11355.0,237774.0,-26626.0,1.619136929512024
10.0,11359.0,237774.0,-26628.0,2.2738587856292725
10.0,11364.0,237755.0,-26630.0,2.922480344772339
10.0,11368.0,237711.0,-26632.0,3.5434396266937256
10.0,11372.0,237632.0,-26634.0,4.194313049316406
10.0,11376.0,237503.0,-26635.0,4.490227699279785
10.0,11381.0,237261.0,-26635.0,4.0444769859313965
10.0,11385.0,237001.0,-26634.0,4.025545597076416
10.0,11389.0,236677.0,-26632.0,3.2919468879699707
10.0,11395.0,236105.0,-26629.0,2.2514994144439697
10.0,11401.0,235457.0,-26627.0,1.2824229001998901
10.0,11406.0,234903.0,-26623.0,0.32141873240470886
10.0,11412.0,234261.0,-26619.0,-0.959129810333252
10.0,11419.0,233626.0,-26616.0,-1.8801246881484985
10.0,11423.0,233337.0,-26615.0,-2.113236665725708
10.0,11427.0,233074.0,-26616.0,-1.6560841798782349
10.0,11433.0,232911.0,-26616.0,-1.6077309846878052
10.0,11437.0,232848.0,-26618.0,-0.8635086417198181
10.0,11442.0,232827.0,-26621.0,0.22218121588230133
10.0,11446.0,232834.0,-26623.0,0.9043163061141968
10.0,11452.0,232839.0,-26626.0,1.8963149785995483
10.0,11457.0,232810.0,-26630.0,3.248161792755127
10.0,11462.0,232717.0,-26632.0,3.8748130798339844
10.0,11467.0,232566.0,-26633.0,4.145230293273926
10.0,11473.0,232340.0,-26633.0,4.061055660247803
10.0,11479.0,231949.0,-26633.0,4.0254950523376465
10.0,11483.0,231529.0,-26631.0,3.3011531829833984
10.0,11488.0,231042.0,-26628.0,2.2491393089294434
10.0,11492.0,230730.0,-26626.0,1.5876083374023438
10.0,11498.0,230077.0,-26623.0,0.6466066241264343
10.0,11502.0,229649.0,-26620.0,-0.7191267013549805
10.0,11506.0,229242.0,-26618.0,-0.9533915519714355
10.0,11511.0,228790.0,-26616.0,-1.5674406290054321
10.0,11515.0,228485.0,-26615.0,-1.8249399662017822
10.0,11519.0,228243.0,-26615.0,-1.7082334756851196
10.0,11523.0,228071.0,-26615.0,-1.6564689874649048
10.0,11527.0,227947.0,-26617.0,-0.8896512389183044
10.0,11533.0,227906.0,-26620.0,0.19220392405986786
10.0,11539.0,227912.0,-26622.0,1.2141395807266235
10.0,11543.0,227920.0,-26625.0,1.8701157569885254
10.0,11548.0,227908.0,-26628.0,2.8978641033172607
10.0,11553.0,227839.0,-26630.0,3.495380401611328
10.0,11559.0,227714.0,-26631.0,3.7357656955718994
10.0,11566.0,227409.0,-26632.0,4.017776966094971
10.0,11572.0,227016.0,-26631.0,3.6079041957855225
10.0,11578.0,226516.0,-26630.0,3.2683112621307373
10.0,11584.0,225929.0,-26627.0,2.244394540786743
10.0,11590.0,225299.0,-26623.0,0.9013955593109131
10.0,11595.0,224776.0,-26619.0,-0.4074139893054962
10.0,11601.0,224194.0,-26616.0,-1.3333961963653564
10.0,11607.0,223712.0,-26615.0,-1.9069374799728394
10.0,11611.0,223412.0,-26614.0,-1.817418098449707
10.0,11616.0,223245.0,-26614.0,-1.749786615371704
10.0,11628.0,223073.0,-26619.0,0.06789180636405945
10.0,11633.0,223083.0,-26622.0,1.1224106550216675
10.0,11638.0,223088.0,-26625.0,2.107182741165161
10.0,11643.0,223059.0,-26627.0,2.75655198097229
10.0,11647.0,222986.0,-26630.0,3.7560179233551025
10.0,11659.0,222589.0,-26631.0,3.9225003719329834
10.0,11663.0,222347.0,-26631.0,3.884517192840576
10.0,11669.0,221885.0,-26629.0,3.153870105743408
10.0,11676.0,221220.0,-26626.0,2.142749786376953
10.0,11681.0,220698.0,-26622.0,0.7996847033500671
10.0,11686.0,220167.0,-26619.0,-0.19893008470535278
10.0,11691.0,219658.0,-26617.0,-0.8115195035934448
10.0,11695.0,219293.0,-26615.0,-1.39643132686615
10.0,11699.0,218972.0,-26613.0,-2.0323755741119385
10.0,11703.0,218713.0,-26613.0,-1.9348546266555786
10.0,11707.0,218479.0,-26613.0,-1.8710579872131348
10.0,11711.0,218365.0,-26615.0,-1.089639663696289
10.0,11716.0,218311.0,-26615.0,-1.0989947319030762
10.0,11720.0,218294.0,-26618.0,-0.02570459432899952
10.0,11724.0,218306.0,-26620.0,0.6749889850616455
10.0,11728.0,218318.0,-26622.0,1.3157421350479126
10.0,11732.0,218318.0,-26626.0,2.721050262451172
10.0,11736.0,218295.0,-26626.0,2.994149923324585
10.0,11742.0,218203.0,-26629.0,3.5966594219207764
10.0,11748.0,218023.0,-26630.0,3.850815773010254
10.0,11754.0,217726.0,-26631.0,4.167112350463867
10.0,11759.0,217313.0,-26629.0,3.401212215423584
10.0,11767.0,216702.0,-26626.0,2.36405086517334
10.0,11773.0,216006.0,-26622.0,1.00266432762146
10.0,11779.0,215404.0,-26618.0,-0.32260656356811523
10.0,11785.0,214937.0,-26616.0,-0.9201442003250122
10.0,11790.0,214460.0,-26614.0,-1.4986472129821777
10.0,11797.0,214103.0,-26614.0,-1.3497899770736694
10.0,11803.0,213881.0,-26614.0,-1.2982006072998047
10.0,11807.0,213801.0,-26615.0,-0.9247864484786987
10.0,11813.0,213757.0,-26618.0,0.13721343874931335
10.0,11817.0,213756.0,-26621.0,1.1958837509155273
10.0,11822.0,213756.0,-26622.0,1.485102891921997
10.0,11826.0,213742.0,-26625.0,2.4925012588500977
10.0,11831.0,213694.0,-26627.0,3.1484920978546143
10.0,11835.0,213621.0,-26628.0,3.4275307655334473
10.0,11841.0,213435.0,-26630.0,4.058009147644043
10.0,11845.0,213201.0,-26630.0,3.9936652183532715
10.0,11851.0,212817.0,-26629.0,3.5934817790985107
10.0,11857.0,212420.0,-26626.0,2.4900410175323486
10.0,11862.0,211966.0,-26625.0,2.186981201171875
10.0,11868.0,211381.0,-26622.0,0.8481436371803284
10.0,11874.0,210794.0,-26618.0,-0.13256844878196716
10.0,11879.0,210341.0,-26615.0,-1.0735783576965332
10.0,11885.0,209881.0,-26613.0,-1.6611590385437012
10.0,11890.0,209588.0,-26613.0,-1.5595163106918335
10.0,11896.0,209361.0,-26614.0,-1.123629093170166
10.0,11902.0,209260.0,-26616.0,-0.38725990056991577
10.0,11908.0,209252.0,-26619.0,0.6579522490501404
10.0,11914.0,209263.0,-26622.0,1.6643277406692505
10.0,11919.0,209257.0,-26624.0,2.2929439544677734
10.0,11925.0,209205.0,-26627.0,3.274458408355713
10.0,11929.0,209133.0,-26629.0,3.9363365173339844
10.0,11935.0,208944.0,-26629.0,3.823594093322754
10.0,11941.0,208643.0,-26628.0,3.38971209526062
10.0,11945.0,208376.0,-26628.0,3.3879683017730713
10.0,11949.0,207978.0,-26626.0,2.6673808097839355
10.0,11954.0,207619.0,-26624.0,1.9723920822143555
10.0,11959.0,207136.0,-26622.0,1.3353419303894043
10.0,11963.0,206746.0,-26619.0,0.3159334361553192
10.0,11967.0,206272.0,-26617.0,-0.28554221987724304
10.0,11972.0,205929.0,-26615.0,-0.8879848718643188
10.0,11976.0,205625.0,-26612.0,-1.90884268283844
10.0,11982.0,205262.0,-26612.0,-1.779667615890503
10.0,11989.0,205005.0,-26613.0,-1.3359829187393188
10.0,11994.0,204927.0,-26615.0,-0.2140754908323288
10.0,11998.0,204917.0,-26616.0,-0.2613374590873718
10.0,12003.0,204932.0,-26620.0,1.1713565587997437
10.0,12007.0,204949.0,-26622.0,1.8147083520889282
10.0,12012.0,204945.0,-26623.0,2.446267604827881
10.0,12016.0,204919.0,-26627.0,3.4715631008148193
10.0,12022.0,204824.0,-26629.0,4.086465358734131
10.0,12027.0,204639.0,-26628.0,3.615879774093628
10.0,12034.0,204340.0,-26628.0,3.5462803840637207
10.0,12038.0,204004.0,-26627.0,3.1693718433380127
10.0,12043.0,203683.0,-26626.0,2.8275649547576904
10.0,12049.0,203146.0,-26622.0,1.4214766025543213
10.0,12055.0,202570.0,-26619.0,0.44316747784614563
10.0,12061.0,202010.0,-26616.0,-0.507290244102478
10.0,12067.0,201443.0,-26613.0,-1.4310412406921387
10.0,12074.0,201068.0,-26611.0,-2.0175325870513916
10.0,12080.0,200821.0,-26613.0,-1.184791922569275
10.0,12086.0,200704.0,-26614.0,-0.7957499623298645
10.0,12091.0,200688.0,-26615.0,-0.46437376737594604
10.0,12097.0,200714.0,-26618.0,0.5637908577919006
10.0,12102.0,200731.0,-26622.0,1.934098243713379
10.0,12107.0,200712.0,-26625.0,2.9470293521881104
10.0,12113.0,200652.0,-26627.0,3.560927391052246
10.0,12119.0,200505.0,-26627.0,3.4606235027313232
10.0,12123.0,200352.0,-26628.0,3.76505708694458
10.0,12127.0,200093.0,-26627.0,3.3623368740081787
10.0,12134.0,199689.0,-26625.0,2.619358539581299
10.0,12139.0,199287.0,-26623.0,1.9217228889465332
10.0,12143.0,198942.0,-26621.0,1.2633378505706787
10.0,12147.0,198498.0,-26618.0,0.23374979197978973
10.0,12152.0,198153.0,-26617.0,-0.3883790075778961
10.0,12156.0,197834.0,-26615.0,-0.6551008224487305
10.0,12161.0,197478.0,-26613.0,-1.3077393770217896
10.0,12166.0,197195.0,-26612.0,-1.5631952285766602
10.0,12172.0,196963.0,-26613.0,-1.1193488836288452
10.0,12178.0,196851.0,-26614.0,-0.7366159558296204
10.0,12183.0,196826.0,-26615.0,-0.3995833992958069
10.0,12187.0,196835.0,-26618.0,0.653610348701477
10.0,12192.0,196843.0,-26621.0,1.7090091705322266
10.0,12199.0,196824.0,-26624.0,2.682429552078247
10.0,12204.0,196766.0,-26624.0,2.572011709213257
10.0,12208.0,196685.0,-26627.0,3.225977897644043
10.0,12212.0,196568.0,-26627.0,3.5422229766845703
10.0,12217.0,196361.0,-26626.0,3.114680767059326
10.0,12224.0,195958.0,-26625.0,2.727475643157959
10.0,12230.0,195522.0,-26623.0,1.6646465063095093
10.0,12234.0,195206.0,-26621.0,1.357469081878662
10.0,12240.0,194714.0,-26618.0,0.35880452394485474
10.0,12246.0,194242.0,-26615.0,-0.6509085297584534
10.0,12252.0,193829.0,-26614.0,-0.8879930377006531
10.0,12259.0,193459.0,-26612.0,-1.5005931854248047
10.0,12265.0,193255.0,-26613.0,-1.0761255025863647
10.0,12271.0,193140.0,-26615.0,0.049696460366249084
10.0,12278.0,193107.0,-26618.0,0.7437480092048645
10.0,12283.0,193108.0,-26620.0,1.3988045454025269
10.0,12289.0,193101.0,-26622.0,2.030531167984009
10.0,12296.0,193050.0,-26624.0,2.6312198638916016
10.0,12302.0,192933.0,-26625.0,2.895169973373413
10.0,12307.0,192733.0,-26627.0,3.57869553565979
10.0,12312.0,192547.0,-26626.0,3.173452377319336
10.0,12316.0,192257.0,-26624.0,2.419764757156372
10.0,12321.0,191985.0,-26623.0,2.081157684326172
10.0,12330.0,191302.0,-26619.0,0.702266275882721
10.0,12334.0,190993.0,-26618.0,0.43495023250579834
10.0,12339.0,190628.0,-26615.0,-0.6063754558563232
10.0,12344.0,190297.0,-26614.0,-0.8528206944465637
10.0,12349.0,190026.0,-26614.0,-0.7648416757583618
10.0,12356.0,189759.0,-26614.0,-0.6928133368492126
10.0,12360.0,189670.0,-26614.0,-0.6816722750663757
10.0,12365.0,189608.0,-26615.0,-0.3247981071472168
10.0,12370.0,189591.0,-26618.0,0.7430710196495056
10.0,12376.0,189591.0,-26620.0,1.4175704717636108
10.0,12380.0,189587.0,-26621.0,1.6961041688919067
10.0,12384.0,189568.0,-26624.0,2.7412924766540527
10.0,12389.0,189517.0,-26625.0,3.0212268829345703
10.0,12394.0,189413.0,-26625.0,2.951902389526367
10.0,12399.0,189256.0,-26626.0,3.2633185386657715
10.0,12403.0,189084.0,-26625.0,2.8587985038757324
10.0,12407.0,188818.0,-26624.0,2.4720094203948975
10.0,12412.0,188569.0,-26624.0,2.4978580474853516
10.0,12416.0,188294.0,-26621.0,1.4228096008300781
10.0,12421.0,187933.0,-26620.0,1.1086331605911255
10.0,12425.0,187639.0,-26618.0,0.45873889327049255
10.0,12430.0,187289.0,-26615.0,-0.5642193555831909
10.0,12435.0,186916.0,-26614.0,-0.8398635983467102
10.0,12441.0,186670.0,-26614.0,-0.7405516505241394
10.0,12446.0,186485.0,-26614.0,-0.6875174045562744
10.0,12451.0,186368.0,-26614.0,-0.6767781972885132
10.0,12457.0,186297.0,-26616.0,0.056282490491867065
10.0,12463.0,186284.0,-26619.0,1.1202210187911987
10.0,12469.0,186285.0,-26621.0,1.7767002582550049
10.0,12474.0,186273.0,-26623.0,2.4170591831207275
10.0,12480.0,186224.0,-26623.0,2.3183929920196533
10.0,12486.0,186115.0,-26625.0,2.9677071571350098
10.0,12491.0,185970.0,-26626.0,3.2683820724487305
10.0,12496.0,185770.0,-26625.0,2.8621251583099365
10.0,12502.0,185455.0,-26623.0,2.1203951835632324
10.0,12506.0,185205.0,-26623.0,1.773833990097046
10.0,12510.0,184867.0,-26621.0,1.4537224769592285
10.0,12515.0,184515.0,-26618.0,0.4144693911075592
10.0,12520.0,184239.0,-26618.0,0.49396267533302307
10.0,12524.0,183980.0,-26615.0,-0.1526675522327423
10.0,12529.0,183695.0,-26614.0,-0.8315075635910034
10.0,12535.0,183416.0,-26614.0,-0.7343406677246094
10.0,12539.0,183254.0,-26614.0,-0.6816046237945557
10.0,12544.0,183170.0,-26613.0,-0.6607137322425842
10.0,12549.0,183120.0,-26615.0,-0.3008345067501068
10.0,12553.0,183116.0,-26617.0,0.41934189200401306
10.0,12558.0,183124.0,-26618.0,0.7120875120162964
10.0,12564.0,183123.0,-26620.0,1.3797327280044556
10.0,12572.0,183083.0,-26623.0,2.3452553749084473
10.0,12578.0,182973.0,-26624.0,2.6206796169281006
10.0,12584.0,182837.0,-26625.0,2.9255471229553223
10.0,12590.0,182605.0,-26625.0,2.894160509109497
10.0,12595.0,182361.0,-26624.0,2.528434991836548
10.0,12601.0,182008.0,-26621.0,1.438846230506897
10.0,12608.0,181562.0,-26618.0,0.4074910581111908
10.0,12613.0,181246.0,-26617.0,0.11823385953903198
10.0,12619.0,180898.0,-26616.0,-0.1458766907453537
10.0,12624.0,180654.0,-26615.0,-0.42053425312042236
10.0,12630.0,180430.0,-26614.0,-0.34282252192497253
10.0,12636.0,180292.0,-26614.0,-0.7012466788291931
10.0,12641.0,180235.0,-26616.0,-0.3424372375011444
10.0,12645.0,180220.0,-26618.0,0.7431174516677856
10.0,12651.0,180222.0,-26618.0,1.0553230047225952
10.0,12655.0,180221.0,-26620.0,1.3691761493682861
10.0,12659.0,180208.0,-26622.0,2.060804843902588
10.0,12664.0,180186.0,-26622.0,1.9760589599609375
10.0,12669.0,180132.0,-26624.0,2.662330150604248
10.0,12673.0,180063.0,-26624.0,2.6064400672912598
10.0,12677.0,179932.0,-26624.0,2.55010986328125
10.0,12683.0,179747.0,-26624.0,2.517796039581299
10.0,12689.0,179461.0,-26623.0,2.1560261249542236
10.0,12694.0,179123.0,-26622.0,1.837829828262329
10.0,12701.0,178758.0,-26619.0,0.7803069949150085
10.0,12705.0,178517.0,-26618.0,0.1078132763504982
10.0,12709.0,178286.0,-26617.0,0.18314886093139648
10.0,12715.0,177978.0,-26614.0,-0.8553745150566101
10.0,12719.0,177809.0,-26613.0,-1.159298062324524
10.0,12723.0,177650.0,-26615.0,-0.3602294921875
10.0,12728.0,177570.0,-26614.0,-0.7134807109832764
10.0,12732.0,177523.0,-26615.0,-0.34581053256988525
10.0,12736.0,177510.0,-26617.0,0.38489532470703125
10.0,12743.0,177517.0,-26618.0,0.6929140686988831
10.0,12747.0,177519.0,-26619.0,0.9967839121818542
10.0,12751.0,177513.0,-26621.0,2.069316864013672
10.0,12757.0,177474.0,-26623.0,2.35132098197937
10.0,12763.0,177411.0,-26623.0,2.263350486755371
10.0,12769.0,177281.0,-26624.0,2.5830934047698975
10.0,12774.0,177089.0,-26624.0,2.5462865829467773
10.0,12779.0,176927.0,-26623.0,2.172116756439209
10.0,12783.0,176739.0,-26622.0,1.8071705102920532
10.0,12786.0,176534.0,-26621.0,1.464572787284851
10.0,12793.0,176210.0,-26619.0,0.7822367548942566
10.0,12799.0,175887.0,-26616.0,-0.25815093517303467
10.0,12805.0,175595.0,-26615.0,-0.5425508618354797
10.0,12810.0,175387.0,-26616.0,-0.09492079168558121
10.0,12814.0,175254.0,-26615.0,-0.4150189161300659
10.0,12820.0,175115.0,-26614.0,-0.7615699768066406
10.0,12826.0,175045.0,-26615.0,-0.3857419490814209
10.0,12831.0,175028.0,-26618.0,0.718109130859375
10.0,12835.0,175030.0,-26618.0,0.6689472794532776
10.0,12840.0,175032.0,-26619.0,0.9919682145118713
10.0,12844.0,175027.0,-26621.0,1.694593071937561
10.0,12849.0,175006.0,-26621.0,1.6207062005996704
10.0,12853.0,174970.0,-26623.0,2.3157808780670166
10.0,12857.0,174917.0,-26624.0,2.63419246673584
10.0,12863.0,174796.0,-26622.0,1.8315818309783936
10.0,12869.0,174615.0,-26622.0,1.8002749681472778
10.0,12874.0,174425.0,-26623.0,2.1781299114227295
10.0,12878.0,174205.0,-26622.0,1.827307939529419
10.0,12884.0,173964.0,-26619.0,0.7550519704818726
10.0,12890.0,173668.0,-26617.0,0.07616523653268814
10.0,12895.0,173437.0,-26618.0,0.5047247409820557
10.0,12899.0,173273.0,-26616.0,-0.1799585521221161
10.0,12903.0,173098.0,-26615.0,-0.5181556940078735
10.0,12909.0,172962.0,-26616.0,-0.09764011949300766
10.0,12913.0,172881.0,-26615.0,-0.4523889422416687
10.0,12919.0,172805.0,-26615.0,-0.45037245750427246
10.0,12924.0,172774.0,-26617.0,0.27539804577827454
10.0,12930.0,172763.0,-26619.0,0.9859799146652222
10.0,12936.0,172755.0,-26621.0,1.6608854532241821
10.0,12940.0,172743.0,-26620.0,1.2364745140075684
10.0,12946.0,172698.0,-26622.0,1.9283561706542969
10.0,12952.0,172620.0,-26623.0,1.8568891286849976
10.0,12959.0,172474.0,-26623.0,2.187415361404419
10.0,12965.0,172302.0,-26623.0,2.1729204654693604
10.0,12970.0,172132.0,-26621.0,1.805625081062317
10.0,12975.0,171938.0,-26619.0,0.698836088180542
10.0,12980.0,171689.0,-26619.0,0.7398501634597778
10.0,12986.0,171488.0,-26619.0,0.7988104820251465
10.0,12992.0,171267.0,-26617.0,0.09695479273796082
10.0,12998.0,171082.0,-26616.0,-0.22114810347557068
10.0,13004.0,170942.0,-26616.0,-0.19022902846336365
10.0,13009.0,170864.0,-26617.0,0.1891593635082245
10.0,13014.0,170817.0,-26618.0,0.5538045167922974
10.0,13020.0,170790.0,-26618.0,0.5265142321586609
10.0,13024.0,170781.0,-26619.0,0.8635504245758057
10.0,13029.0,170773.0,-26621.0,1.5505661964416504
10.0,13033.0,170757.0,-26621.0,1.5079115629196167
10.0,13038.0,170731.0,-26622.0,1.832253336906433
10.0,13045.0,170649.0,-26623.0,2.1406352519989014
10.0,13055.0,170435.0,-26623.0,2.084585666656494
10.0,13060.0,170279.0,-26621.0,1.3341375589370728
10.0,13064.0,170135.0,-26622.0,1.7261296510696411
10.0,13070.0,169900.0,-26620.0,1.0310460329055786
10.0,13076.0,169623.0,-26618.0,0.33376139402389526
10.0,13082.0,169412.0,-26616.0,-0.3566097319126129
10.0,13088.0,169265.0,-26616.0,-0.306433767080307
10.0,13094.0,169132.0,-26617.0,0.10047989338636398
10.0,13099.0,169057.0,-26618.0,0.4933839440345764
10.0,13105.0,169003.0,-26617.0,0.48779967427253723
10.0,13111.0,168979.0,-26617.0,0.08572851121425629
10.0,13116.0,168970.0,-26619.0,0.7981638312339783
10.0,13121.0,168964.0,-26621.0,1.4953842163085938
10.0,13127.0,168943.0,-26622.0,1.8015570640563965
10.0,13133.0,168898.0,-26621.0,1.7589818239212036
10.0,13137.0,168846.0,-26621.0,1.3507068157196045
10.0,13143.0,168739.0,-26623.0,2.078970193862915
10.0,13147.0,168624.0,-26622.0,1.6949470043182373
10.0,13152.0,168514.0,-26621.0,1.3173781633377075
10.0,13156.0,168394.0,-26622.0,1.708811640739441
10.0,13161.0,168238.0,-26619.0,0.9835011959075928
10.0,13167.0,168013.0,-26618.0,0.27178072929382324
10.0,13173.0,167835.0,-26617.0,-0.06216159462928772
10.0,13179.0,167709.0,-26618.0,0.3454359769821167
10.0,13184.0,167604.0,-26618.0,0.3771260678768158
10.0,13191.0,167491.0,-26618.0,0.3976939916610718
10.0,13195.0,167447.0,-26617.0,0.020732486620545387
10.0,13199.0,167420.0,-26619.0,0.7617853879928589
10.0,13207.0,167393.0,-26619.0,0.7158206701278687
10.0,13212.0,167378.0,-26621.0,1.4339630603790283
10.0,13217.0,167362.0,-26620.0,1.0185538530349731
10.0,13223.0,167321.0,-26620.0,0.9738764762878418
10.0,13227.0,167264.0,-26622.0,1.7018024921417236
10.0,13232.0,167207.0,-26621.0,1.3088881969451904
10.0,13236.0,167135.0,-26621.0,1.2904589176177979
10.0,13241.0,167033.0,-26622.0,1.6638928651809692
10.0,13247.0,166895.0,-26621.0,1.2956938743591309
10.0,13253.0,166725.0,-26620.0,0.9363704919815063
10.0,13261.0,166558.0,-26619.0,0.5888803601264954
10.0,13266.0,166447.0,-26618.0,0.2362905591726303
10.0,13272.0,166329.0,-26618.0,0.25363799929618835
10.0,13278.0,166235.0,-26619.0,0.2703821063041687
10.0,13284.0,166166.0,-26619.0,0.6500656008720398
10.0,13289.0,166123.0,-26619.0,0.6455466747283936
10.0,13295.0,166084.0,-26618.0,0.6245883703231812
10.0,13301.0,166051.0,-26619.0,0.5963781476020813
10.0,13307.0,166014.0,-26620.0,0.9432262182235718
10.0,13313.0,165967.0,-26622.0,1.6650477647781372
10.0,13319.0,165901.0,-26622.0,1.636991024017334
10.0,13323.0,165847.0,-26620.0,0.8763411641120911
10.0,13328.0,165768.0,-26621.0,1.2414747476577759
10.0,13333.0,165683.0,-26621.0,1.240860104560852
10.0,13337.0,165591.0,-26619.0,0.4929451048374176
10.0,13342.0,165514.0,-26620.0,0.8729716539382935
10.0,13346.0,165441.0,-26620.0,0.8861271142959595
10.0,13351.0,165353.0,-26618.0,0.13854186236858368
10.0,13356.0,165267.0,-26619.0,0.5280299186706543
10.0,13362.0,165178.0,-26619.0,0.5372931957244873
10.0,13368.0,165105.0,-26620.0,0.9185371994972229
10.0,13373.0,165043.0,-26619.0,0.539197564125061
10.0,13380.0,164979.0,-26619.0,0.5316120982170105
10.0,13385.0,164944.0,-26619.0,0.5199618339538574
10.0,13389.0,164916.0,-26621.0,1.264838457107544
10.0,13394.0,164880.0,-26619.0,0.4976949691772461
10.0,13399.0,164841.0,-26619.0,0.4792853891849518
10.0,13403.0,164809.0,-26621.0,1.2255055904388428
10.0,13408.0,164767.0,-26620.0,0.8370540738105774
10.0,13413.0,164723.0,-26621.0,1.1971110105514526
10.0,13417.0,164687.0,-26621.0,1.1853829622268677
10.0,13421.0,164637.0,-26619.0,0.4204132854938507
10.0,13427.0,164579.0,-26621.0,0.7836412191390991
10.0,13432.0,164516.0,-26621.0,1.161819338798523
10.0,13438.0,164436.0,-26620.0,0.7878150343894958
10.0,13444.0,164355.0,-26619.0,0.4105322062969208
10.0,13449.0,164275.0,-26619.0,0.41038253903388977
10.0,13455.0,164209.0,-26619.0,0.41539648175239563
10.0,13461.0,164142.0,-26621.0,0.7954872250556946
10.0,13467.0,164088.0,-26621.0,1.1733356714248657
10.0,13473.0,164046.0,-26619.0,0.7912538051605225
10.0,13478.0,164014.0,-26619.0,0.39763781428337097
10.0,13485.0,163987.0,-26619.0,0.3758637309074402
10.0,13490.0,163970.0,-26621.0,1.0990147590637207
10.0,13496.0,163945.0,-26622.0,1.4487589597702026
10.0,13502.0,163911.0,-26622.0,1.4275044202804565
10.0,13509.0,163857.0,-26622.0,1.4051347970962524
10.0,13513.0,163819.0,-26620.0,0.6339605450630188
10.0,13519.0,163752.0,-26622.0,1.3795076608657837
10.0,13525.0,163677.0,-26621.0,0.9992818236351013
10.0,13530.0,163610.0,-26621.0,1.008238673210144
10.0,13534.0,163551.0,-26619.0,0.25963321328163147
10.0,13539.0,163480.0,-26621.0,1.0226776599884033
10.0,13543.0,163425.0,-26619.0,0.2847888469696045
10.0,13547.0,163357.0,-26619.0,0.2929544150829315
10.0,13552.0,163310.0,-26620.0,0.6856540441513062
10.0,13557.0,163262.0,-26619.0,0.31896620988845825
10.0,13561.0,163228.0,-26619.0,0.3180963397026062
10.0,13567.0,163190.0,-26620.0,0.6943816542625427
10.0,13575.0,163159.0,-26621.0,1.0622727870941162
10.0,13579.0,163152.0,-26619.0,0.676903486251831
10.0,13585.0,163140.0,-26619.0,0.28253576159477234
10.0,13591.0,163130.0,-26620.0,0.25545448064804077
10.0,13597.0,163117.0,-26620.0,0.6039266586303711
10.0,13603.0,163103.0,-26622.0,1.337693214416504
10.0,13607.0,163084.0,-26621.0,0.9445565938949585
10.0,13613.0,163055.0,-26620.0,0.5478447079658508
10.0,13619.0,163007.0,-26621.0,0.9106180667877197
10.0,13624.0,162949.0,-26622.0,1.282810091972351
10.0,13630.0,162898.0,-26622.0,1.2839089632034302
10.0,13637.0,162824.0,-26621.0,1.2907568216323853
10.0,13642.0,162771.0,-26620.0,0.5476118326187134
10.0,13646.0,162729.0,-26620.0,0.5485218167304993
10.0,13652.0,162672.0,-26621.0,0.9310634732246399
10.0,13657.0,162646.0,-26620.0,0.5603471994400024
10.0,13662.0,162632.0,-26619.0,0.17643103003501892
10.0,13666.0,162624.0,-26621.0,0.9199563264846802
10.0,13671.0,162621.0,-26620.0,0.5371693968772888
10.0,13675.0,162619.0,-26620.0,0.512831449508667
10.0,13680.0,162615.0,-26622.0,1.2562469244003296
10.0,13684.0,162609.0,-26620.0,0.48899251222610474
10.0,13688.0,162595.0,-26621.0,0.849672257900238
10.0,13693.0,162583.0,-26621.0,0.8454875946044922
10.0,13699.0,162560.0,-26621.0,0.8279939293861389
10.0,13704.0,162536.0,-26621.0,0.43630871176719666
10.0,13709.0,162506.0,-26622.0,1.185567021369934
10.0,13713.0,162480.0,-26621.0,0.807030975818634
10.0,13719.0,162437.0,-26620.0,0.4234372675418854
10.0,13724.0,162396.0,-26620.0,0.4185262620449066
10.0,13729.0,162369.0,-26621.0,0.8029741048812866
10.0,13734.0,162334.0,-26619.0,0.05489329621195793
10.0,13738.0,162304.0,-26621.0,0.4327952563762665
10.0,13744.0,162268.0,-26622.0,1.191986083984375
10.0,13749.0,162244.0,-26621.0,0.8190585970878601
10.0,13755.0,162218.0,-26619.0,0.0664401650428772
10.0,13761.0,162198.0,-26619.0,0.0646868422627449
10.0,13766.0,162192.0,-26621.0,0.8110232949256897
10.0,13772.0,162188.0,-26622.0,1.1782482862472534
10.0,13779.0,162183.0,-26622.0,1.1616567373275757
10.0,13783.0,162180.0,-26620.0,0.39702320098876953
10.0,13789.0,162168.0,-26620.0,0.3843705654144287
10.0,13795.0,162156.0,-26621.0,0.7494369149208069
10.0,13800.0,162142.0,-26622.0,1.1182410717010498
10.0,13806.0,162132.0,-26621.0,1.1076923608779907
10.0,13813.0,162111.0,-26621.0,1.097055196762085
10.0,13817.0,162092.0,-26620.0,0.3364948034286499
10.0,13822.0,162075.0,-26622.0,1.0869243144989014
10.0,13828.0,162050.0,-26621.0,0.7104758024215698
10.0,13833.0,162028.0,-26619.0,-0.04020414873957634
10.0,13838.0,162010.0,-26620.0,0.3352474570274353
10.0,13842.0,161998.0,-26622.0,1.0899399518966675
10.0,13847.0,161993.0,-26619.0,0.33442968130111694
10.0,13852.0,161988.0,-26620.0,0.3248507082462311
10.0,13857.0,161982.0,-26622.0,1.0727155208587646
10.0,13862.0,161981.0,-26621.0,0.6938129663467407
10.0,13866.0,161976.0,-26620.0,0.30721309781074524
10.0,13871.0,161972.0,-26622.0,1.057707667350769
10.0,13876.0,161967.0,-26620.0,0.67507404088974
10.0,13881.0,161961.0,-26620.0,0.28970661759376526
10.0,13885.0,161958.0,-26622.0,1.0368589162826538
10.0,13892.0,161951.0,-26622.0,1.0292997360229492
10.0,13898.0,161947.0,-26621.0,0.6509518027305603
10.0,13902.0,161943.0,-26620.0,0.26883721351623535
10.0,13907.0,161938.0,-26622.0,1.0192471742630005
10.0,13913.0,161936.0,-26621.0,0.6393743753433228
10.0,13917.0,161935.0,-26620.0,0.2587811052799225
10.0,13923.0,161931.0,-26621.0,0.2512505054473877
10.0,13929.0,161929.0,-26621.0,0.6243446469306946
10.0,13934.0,161927.0,-26621.0,0.6209314465522766
10.0,13940.0,161925.0,-26621.0,0.6182095408439636
10.0,13946.0,161923.0,-26620.0,0.23871856927871704
10.0,13952.0,161920.0,-26620.0,0.2363157719373703
10.0,13958.0,161918.0,-26621.0,0.23447519540786743
10.0,13963.0,161918.0,-26621.0,0.6097980737686157
10.0,13969.0,161916.0,-26621.0,0.6095522046089172
10.0,13975.0,161916.0,-26621.0,0.6085466146469116
10.0,13981.0,161915.0,-26620.0,0.23182445764541626
10.0,13987.0,161914.0,-26620.0,0.23436035215854645
10.0,13993.0,161914.0,-26620.0,0.23450207710266113
10.0,13999.0,161914.0,-26620.0,0.23989002406597137
10.0,14004.0,161914.0,-26620.0,0.24498651921749115
10.0,14008.0,161914.0,-26620.0,0.24823085963726044
10.0,14013.0,161914.0,-26620.0,0.25212207436561584
10.0,14020.0,161914.0,-26620.0,0.25656259059906006
10.0,14025.0,161914.0,-26620.0,0.26076722145080566
10.0,14029.0,161914.0,-26620.0,0.26344606280326843
10.0,14034.0,161914.0,-26620.0,0.26603013277053833
10.0,14039.0,161914.0,-26619.0,-0.09692036360502243
10.0,14044.0,161914.0,-26619.0,-0.08366697281599045
10.0,14049.0,161916.0,-26619.0,-0.07439462840557098
10.0,14053.0,161916.0,-26619.0,-0.06460560113191605
10.0,14057.0,161916.0,-26619.0,-0.05289492383599281
10.0,14061.0,161917.0,-26619.0,-0.04436766356229782
10.0,14066.0,161917.0,-26619.0,-0.03361998870968819
10.0,14071.0,161917.0,-26619.0,-0.025390250608325005
10.0,14076.0,161917.0,-26619.0,-0.013629749417304993
10.0,14080.0,161917.0,-26618.0,-0.3749431073665619
10.0,14085.0,161918.0,-26618.0,-0.356469988822937
10.0,14091.0,161925.0,-26618.0,-0.3406224250793457
10.0,14097.0,161934.0,-26618.0,-0.3203941285610199
10.0,14101.0,161940.0,-26618.0,-0.31001049280166626
10.0,14105.0,161946.0,-26618.0,-0.2996026277542114
10.0,14109.0,161952.0,-26618.0,-0.2891562879085541
10.0,14113.0,161957.0,-26618.0,-0.27911582589149475
10.0,14117.0,161962.0,-26617.0,-0.6399592757225037
10.0,14121.0,161965.0,-26617.0,-0.6218050122261047
10.0,14125.0,161973.0,-26617.0,-0.6069881319999695
10.0,14130.0,161988.0,-26617.0,-0.5912473797798157
10.0,14134.0,162006.0,-26617.0,-0.5806883573532104
10.0,14139.0,162030.0,-26617.0,-0.5718600749969482
10.0,14142.0,162052.0,-26617.0,-0.5621948838233948
10.0,14149.0,162086.0,-26617.0,-0.5538891553878784
10.0,14153.0,162108.0,-26617.0,-0.5470317602157593
10.0,14157.0,162135.0,-26617.0,-0.5386275053024292
10.0,14162.0,162157.0,-26617.0,-0.5306525826454163
10.0,14166.0,162179.0,-26617.0,-0.5247442126274109
10.0,14170.0,162200.0,-26617.0,-0.5190805792808533
10.0,14174.0,162223.0,-26617.0,-0.5136502385139465
10.0,14179.0,162249.0,-26617.0,-0.50800621509552
10.0,14183.0,162268.0,-26617.0,-0.501717209815979
10.0,14187.0,162290.0,-26617.0,-0.49345365166664124
10.0,14192.0,162307.0,-26617.0,-0.483430951833725
10.0,14197.0,162320.0,-26617.0,-0.47216129302978516
10.0,14201.0,162328.0,-26617.0,-0.4625050127506256
10.0,14205.0,162332.0,-26617.0,-0.8196534514427185
10.0,14211.0,162337.0,-26616.0,-0.7998245358467102
10.0,14215.0,162341.0,-26616.0,-0.7816464304924011
10.0,14220.0,162349.0,-26616.0,-0.765925407409668
10.0,14224.0,162362.0,-26615.0,-1.1172364950180054
10.0,14229.0,162379.0,-26615.0,-1.0983909368515015
10.0,14235.0,162421.0,-26615.0,-1.078688144683838
10.0,14239.0,162462.0,-26615.0,-1.0718767642974854
10.0,14243.0,162511.0,-26615.0,-1.068886399269104
10.0,14248.0,162583.0,-26616.0,-0.701177179813385
10.0,14251.0,162646.0,-26616.0,-0.7128075361251831
10.0,14258.0,162757.0,-26617.0,-0.3637363314628601
10.0,14263.0,162817.0,-26617.0,-0.38132429122924805
10.0,14267.0,162881.0,-26617.0,-0.3976229131221771
10.0,14272.0,162925.0,-26617.0,-0.40883326530456543
10.0,14278.0,162981.0,-26618.0,-0.042976014316082
10.0,14282.0,163012.0,-26617.0,-0.42538437247276306
10.0,14286.0,163034.0,-26617.0,-0.42370858788490295
10.0,14291.0,163056.0,-26617.0,-0.42036253213882446
10.0,14295.0,163068.0,-26617.0,-0.41366368532180786
10.0,14299.0,163078.0,-26616.0,-0.7781594395637512
10.0,14303.0,163086.0,-26616.0,-0.7630845904350281
10.0,14307.0,163100.0,-26616.0,-0.7503486275672913
10.0,14321.0,163171.0,-26615.0,-1.0764118432998657
10.0,14325.0,163207.0,-26615.0,-1.0664170980453491
10.0,14329.0,163249.0,-26615.0,-1.0615026950836182
10.0,14333.0,163294.0,-26615.0,-1.0579711198806763
10.0,14339.0,163374.0,-26615.0,-1.0590084791183472
10.0,14343.0,163434.0,-26615.0,-1.062819480895996
10.0,14347.0,163515.0,-26615.0,-1.0678439140319824
10.0,14352.0,163585.0,-26616.0,-0.7080746293067932
10.0,14356.0,163656.0,-26616.0,-0.7236582040786743
10.0,14361.0,163742.0,-26616.0,-0.7373780012130737
10.0,14365.0,163810.0,-26616.0,-0.7534075379371643
10.0,14369.0,163876.0,-26617.0,-0.39686623215675354
10.0,14375.0,163975.0,-26617.0,-0.4212057888507843
10.0,14379.0,164034.0,-26617.0,-0.4405252933502197
10.0,14385.0,164125.0,-26617.0,-0.45795002579689026
10.0,14390.0,164169.0,-26617.0,-0.46586844325065613
10.0,14394.0,164209.0,-26617.0,-0.47176501154899597
10.0,14401.0,164272.0,-26616.0,-0.8538734912872314
10.0,14405.0,164306.0,-26616.0,-0.8480867147445679
10.0,14409.0,164338.0,-26616.0,-0.8401364088058472
10.0,14413.0,164373.0,-26616.0,-0.8358199596405029
10.0,14418.0,164419.0,-26615.0,-1.2030705213546753
10.0,14423.0,164483.0,-26615.0,-1.1890146732330322
10.0,14428.0,164536.0,-26615.0,-1.1846396923065186
10.0,14433.0,164630.0,-26615.0,-1.1847667694091797
10.0,14439.0,164719.0,-26615.0,-1.1910687685012817
10.0,14444.0,164820.0,-26616.0,-0.8351173996925354
10.0,14449.0,164948.0,-26616.0,-0.8574537634849548
10.0,14455.0,165056.0,-26617.0,-0.5096741914749146
10.0,14460.0,165160.0,-26617.0,-0.5396967530250549
10.0,14466.0,165281.0,-26617.0,-0.5708642601966858
10.0,14472.0,165391.0,-26617.0,-0.5960621237754822
10.0,14478.0,165507.0,-26617.0,-0.6151578426361084
10.0,14483.0,165570.0,-26617.0,-0.628716230392456
10.0,14489.0,165659.0,-26617.0,-0.6399602293968201
10.0,14495.0,165742.0,-26617.0,-0.6516066789627075
10.0,14499.0,165805.0,-26617.0,-0.6558551788330078
10.0,14503.0,165843.0,-26617.0,-0.6599720120429993
10.0,14507.0,165901.0,-26616.0,-1.0310022830963135
10.0,14513.0,165960.0,-26616.0,-1.0239876508712769
10.0,14518.0,166022.0,-26616.0,-1.0186703205108643
10.0,14522.0,166079.0,-26615.0,-1.3888251781463623
10.0,14526.0,166141.0,-26615.0,-1.3792498111724854
10.0,14532.0,166250.0,-26615.0,-1.3797497749328613
10.0,14536.0,166359.0,-26615.0,-1.3846569061279297
10.0,14541.0,166457.0,-26616.0,-1.027938723564148
10.0,14545.0,166562.0,-26616.0,-1.0490429401397705
10.0,14549.0,166672.0,-26617.0,-0.695427417755127
10.0,14553.0,166787.0,-26617.0,-0.7275903820991516
10.0,14557.0,166928.0,-26617.0,-0.7568307518959045
10.0,14563.0,167064.0,-26618.0,-0.4214075207710266
10.0,14569.0,167211.0,-26618.0,-0.4707711338996887
10.0,14577.0,167370.0,-26618.0,-0.5032269358634949
10.0,14581.0,167434.0,-26618.0,-0.5174840688705444
10.0,14585.0,167493.0,-26618.0,-0.5249489545822144
10.0,14593.0,167590.0,-26617.0,-0.8980510830879211
10.0,14598.0,167642.0,-26617.0,-1.262431025505066
10.0,14602.0,167686.0,-26616.0,-1.2477929592132568
10.0,14606.0,167732.0,-26616.0,-1.2355180978775024
10.0,14613.0,167831.0,-26615.0,-1.585992455482483
10.0,14619.0,167951.0,-26615.0,-1.5806902647018433
10.0,14626.0,168130.0,-26615.0,-1.5920202732086182
10.0,14631.0,168284.0,-26616.0,-1.2328472137451172
10.0,14637.0,168487.0,-26617.0,-0.9068886637687683
10.0,14643.0,168700.0,-26618.0,-0.5862882137298584
10.0,14649.0,168907.0,-26618.0,-0.6379793882369995
10.0,14655.0,169096.0,-26619.0,-0.3205869793891907
10.0,14659.0,169207.0,-26619.0,-0.355135440826416
10.0,14664.0,169352.0,-26619.0,-0.3952983021736145
10.0,14670.0,169451.0,-26619.0,-0.42163223028182983
10.0,14674.0,169523.0,-26619.0,-0.4346409738063812
10.0,14680.0,169618.0,-26618.0,-0.8170578479766846
10.0,14685.0,169701.0,-26618.0,-0.8130958080291748
10.0,14692.0,169786.0,-26617.0,-1.1769918203353882
10.0,14698.0,169885.0,-26616.0,-1.5423738956451416
10.0,14705.0,170016.0,-26616.0,-1.5266400575637817
10.0,14709.0,170103.0,-26616.0,-1.523379921913147
10.0,14713.0,170201.0,-26616.0,-1.5260214805603027
10.0,14717.0,170341.0,-26616.0,-1.5334370136260986
10.0,14723.0,170494.0,-26617.0,-1.1756654977798462
10.0,14728.0,170663.0,-26617.0,-1.201493263244629
10.0,14732.0,170803.0,-26618.0,-0.8614969849586487
10.0,14736.0,170950.0,-26618.0,-0.8981949687004089
10.0,14741.0,171126.0,-26619.0,-0.567494809627533
10.0,14745.0,171265.0,-26619.0,-0.6055455803871155
10.0,14751.0,171450.0,-26619.0,-0.649430513381958
10.0,14756.0,171588.0,-26619.0,-0.6773622632026672
10.0,14762.0,171732.0,-26619.0,-0.6997583508491516
10.0,14770.0,171901.0,-26619.0,-0.7174043655395508
10.0,14775.0,171997.0,-26619.0,-1.1018966436386108
10.0,14779.0,172067.0,-26618.0,-1.0961318016052246
10.0,14785.0,172175.0,-26617.0,-1.4667028188705444
10.0,14789.0,172250.0,-26617.0,-1.4528777599334717
10.0,14793.0,172333.0,-26617.0,-1.4479954242706299
10.0,14798.0,172454.0,-26617.0,-1.447298288345337
10.0,14802.0,172559.0,-26617.0,-1.445280909538269
10.0,14806.0,172677.0,-26617.0,-1.4553852081298828
10.0,14811.0,172834.0,-26617.0,-1.4709887504577637
10.0,14817.0,173076.0,-26618.0,-1.1237306594848633
10.0,14823.0,173256.0,-26618.0,-1.1628236770629883
10.0,14828.0,173483.0,-26619.0,-0.8235260248184204
10.0,14834.0,173675.0,-26619.0,-0.8797926902770996
10.0,14840.0,173902.0,-26620.0,-0.5528339743614197
10.0,14846.0,174115.0,-26620.0,-0.6080916523933411
10.0,14851.0,174269.0,-26621.0,-0.2725747227668762
10.0,14857.0,174441.0,-26620.0,-0.6808666586875916
10.0,14863.0,174582.0,-26620.0,-0.6982422471046448
10.0,14869.0,174711.0,-26620.0,-0.7095879316329956
10.0,14874.0,174812.0,-26619.0,-1.0820201635360718
10.0,14880.0,174937.0,-26619.0,-1.0791540145874023
10.0,14885.0,175070.0,-26618.0,-1.4484196901321411
10.0,14891.0,175191.0,-26618.0,-1.4422385692596436
10.0,14899.0,175413.0,-26617.0,-1.8225328922271729
10.0,14903.0,175538.0,-26618.0,-1.4557534456253052
10.0,14908.0,175704.0,-26618.0,-1.4677551984786987
10.0,14914.0,175915.0,-26618.0,-1.4894518852233887
10.0,14919.0,176102.0,-26619.0,-1.1407065391540527
10.0,14923.0,176259.0,-26619.0,-1.169509768486023
10.0,14927.0,176458.0,-26619.0,-1.2053114175796509
10.0,14932.0,176618.0,-26620.0,-0.8733804225921631
10.0,14936.0,176815.0,-26620.0,-0.9070687294006348
10.0,14942.0,177003.0,-26621.0,-0.5772862434387207
10.0,14948.0,177207.0,-26621.0,-0.6223797798156738
10.0,14952.0,177330.0,-26621.0,-0.650799572467804
10.0,14956.0,177443.0,-26621.0,-0.6672441363334656
10.0,14961.0,177576.0,-26620.0,-1.056689739227295
10.0,14965.0,177675.0,-26620.0,-1.058696985244751
10.0,14969.0,177774.0,-26620.0,-1.0607260465621948
10.0,14973.0,177875.0,-26620.0,-1.0636415481567383
10.0,14977.0,178006.0,-26619.0,-1.438118815422058
10.0,14982.0,178114.0,-26619.0,-1.4356054067611694
10.0,14986.0,178229.0,-26619.0,-1.4366588592529297
10.0,14990.0,178350.0,-26619.0,-1.4414293766021729
10.0,14994.0,178482.0,-26619.0,-1.4504934549331665
10.0,14999.0,178655.0,-26619.0,-1.4615097045898438
10.0,15002.0,178801.0,-26619.0,-1.4752840995788574
10.0,15007.0,178957.0,-26619.0,-1.4930275678634644
10.0,15011.0,179119.0,-26620.0,-1.1495749950408936
10.0,15015.0,179289.0,-26620.0,-1.1813298463821411
10.0,15019.0,179462.0,-26621.0,-0.8334919214248657
10.0,15024.0,179673.0,-26621.0,-0.8883089423179626
10.0,15029.0,179879.0,-26622.0,-0.5459264516830444
10.0,15032.0,180034.0,-26622.0,-0.5824039578437805
10.0,15038.0,180254.0,-26622.0,-0.6292681694030762
10.0,15042.0,180356.0,-26622.0,-0.6540724635124207
10.0,15046.0,180515.0,-26622.0,-0.6741032004356384
10.0,15051.0,180635.0,-26622.0,-0.6940544843673706
10.0,15056.0,180773.0,-26621.0,-1.0815355777740479
10.0,15060.0,180904.0,-26621.0,-1.0816644430160522
10.0,15065.0,181004.0,-26621.0,-1.0797879695892334
10.0,15069.0,181105.0,-26620.0,-1.4502711296081543
10.0,15074.0,181237.0,-26620.0,-1.4417444467544556
10.0,15079.0,181381.0,-26620.0,-1.439969778060913
10.0,15083.0,181507.0,-26619.0,-1.8157322406768799
10.0,15088.0,181712.0,-26620.0,-1.4465045928955078
10.0,15093.0,181863.0,-26620.0,-1.455502986907959
10.0,15097.0,182022.0,-26620.0,-1.4767330884933472
10.0,15102.0,182234.0,-26621.0,-1.130582332611084
10.0,15106.0,182409.0,-26621.0,-1.1612180471420288
10.0,15111.0,182631.0,-26621.0,-1.1921157836914062
10.0,15115.0,182808.0,-26622.0,-0.8506003618240356
10.0,15119.0,182986.0,-26622.0,-0.8968386054039001
10.0,15123.0,183159.0,-26623.0,-0.558567464351654
10.0,15127.0,183367.0,-26623.0,-0.5963692665100098
10.0,15133.0,183561.0,-26623.0,-0.6423420906066895
10.0,15139.0,183770.0,-26623.0,-0.6707478761672974
10.0,15144.0,183929.0,-26623.0,-0.6952356696128845
10.0,15150.0,184105.0,-26623.0,-0.7120640873908997
10.0,15155.0,184240.0,-26622.0,-1.0895469188690186
10.0,15160.0,184399.0,-26621.0,-1.4619958400726318
10.0,15166.0,184532.0,-26621.0,-1.4473021030426025
10.0,15171.0,184678.0,-26621.0,-1.4427659511566162
10.0,15183.0,185078.0,-26620.0,-1.813787817955017
10.0,15189.0,185313.0,-26620.0,-1.8265819549560547
10.0,15194.0,185525.0,-26621.0,-1.475459337234497
10.0,15199.0,185751.0,-26622.0,-1.1293880939483643
10.0,15205.0,186033.0,-26622.0,-1.1716511249542236
10.0,15210.0,186272.0,-26623.0,-0.8550070524215698
10.0,15216.0,186552.0,-26623.0,-0.9019232392311096
10.0,15220.0,186730.0,-26624.0,-0.5689496994018555
10.0,15224.0,186901.0,-26624.0,-0.6049582362174988
10.0,15229.0,187138.0,-26624.0,-0.6415965557098389
10.0,15234.0,187285.0,-26624.0,-0.6705737709999084
10.0,15238.0,187454.0,-26624.0,-0.6878381371498108
10.0,15242.0,187583.0,-26624.0,-0.7023665308952332
10.0,15247.0,187702.0,-26623.0,-1.0851737260818481
10.0,15253.0,187871.0,-26623.0,-1.0824490785598755
10.0,15260.0,188089.0,-26622.0,-1.4472548961639404
10.0,15265.0,188200.0,-26622.0,-1.4369405508041382
10.0,15270.0,188374.0,-26621.0,-1.792349934577942
10.0,15277.0,188613.0,-26621.0,-1.7816540002822876
10.0,15282.0,188767.0,-26621.0,-1.7836289405822754
10.0,15287.0,189028.0,-26621.0,-1.799721598625183
10.0,15292.0,189212.0,-26622.0,-1.4480693340301514
10.0,15296.0,189460.0,-26622.0,-1.4777519702911377
10.0,15301.0,189661.0,-26623.0,-1.1451321840286255
10.0,15305.0,189865.0,-26624.0,-0.8079279661178589
10.0,15309.0,190069.0,-26624.0,-0.8524582386016846
10.0,15313.0,190267.0,-26625.0,-0.5197151899337769
10.0,15319.0,190551.0,-26625.0,-0.5739175081253052
10.0,15324.0,190762.0,-26625.0,-0.6287892460823059
10.0,15329.0,190985.0,-26626.0,-0.2889641225337982
10.0,15335.0,191143.0,-26625.0,-0.6851096749305725
10.0,15339.0,191257.0,-26625.0,-0.6889309883117676
10.0,15343.0,191362.0,-26624.0,-1.0631870031356812
10.0,15347.0,191485.0,-26624.0,-1.053231954574585
10.0,15352.0,191581.0,-26623.0,-1.4138380289077759
10.0,15358.0,191729.0,-26622.0,-1.7615814208984375
10.0,15363.0,191867.0,-26622.0,-1.7334692478179932
10.0,15367.0,192018.0,-26621.0,-2.0892081260681152
10.0,15373.0,192192.0,-26621.0,-2.0727591514587402
10.0,15379.0,192434.0,-26621.0,-2.068740129470825
10.0,15384.0,192665.0,-26622.0,-1.7086610794067383
10.0,15390.0,192972.0,-26622.0,-1.7405643463134766
10.0,15396.0,193301.0,-26624.0,-1.06718909740448
10.0,15402.0,193634.0,-26624.0,-1.11326265335083
10.0,15406.0,193853.0,-26626.0,-0.4268850088119507
10.0,15411.0,194116.0,-26626.0,-0.48066917061805725
10.0,15418.0,194444.0,-26627.0,-0.19338499009609222
10.0,15422.0,194607.0,-26627.0,-0.22850513458251953
10.0,15427.0,194783.0,-26627.0,-0.2536618411540985
10.0,15431.0,194904.0,-26626.0,-0.6441568732261658
10.0,15435.0,195005.0,-26626.0,-0.6423555612564087
10.0,15439.0,195101.0,-26625.0,-1.010619878768921
10.0,15443.0,195188.0,-26624.0,-1.3645411729812622
10.0,15450.0,195342.0,-26623.0,-1.7048802375793457
10.0,15454.0,195440.0,-26622.0,-1.6677840948104858
10.0,15461.0,195647.0,-26622.0,-2.0090250968933105
10.0,15468.0,195910.0,-26622.0,-1.9921905994415283
10.0,15473.0,196135.0,-26622.0,-2.0026469230651855
10.0,15479.0,196433.0,-26623.0,-1.650031328201294
10.0,15484.0,196705.0,-26624.0,-1.3228082656860352
10.0,15490.0,197043.0,-26625.0,-0.9984405636787415
10.0,15495.0,197326.0,-26626.0,-0.6940392255783081
10.0,15501.0,197650.0,-26626.0,-0.7620543837547302
10.0,15507.0,197942.0,-26627.0,-0.4636092782020569
10.0,15511.0,198157.0,-26628.0,-0.12372660636901855
10.0,15518.0,198381.0,-26627.0,-0.16812419891357422
10.0,15523.0,198541.0,-26627.0,-0.5610255002975464
10.0,15529.0,198704.0,-26626.0,-0.9390215277671814
10.0,15533.0,198799.0,-26626.0,-0.9240757822990417
10.0,15539.0,198931.0,-26625.0,-1.2660789489746094
10.0,15547.0,199146.0,-26623.0,-1.9596269130706787
10.0,15552.0,199263.0,-26622.0,-2.3031117916107178
10.0,15558.0,199474.0,-26622.0,-2.2861735820770264
10.0,15562.0,199640.0,-26623.0,-1.9063767194747925
10.0,15566.0,199877.0,-26623.0,-1.9126535654067993
10.0,15571.0,200086.0,-26623.0,-1.9384232759475708
10.0,15577.0,200428.0,-26625.0,-1.2431529760360718
10.0,15583.0,200785.0,-26626.0,-0.9288055896759033
10.0,15589.0,201136.0,-26628.0,-0.2709415853023529
10.0,15594.0,201411.0,-26628.0,-0.3434710204601288
10.0,15599.0,201657.0,-26629.0,-0.02043628692626953
10.0,15605.0,201907.0,-26629.0,-0.08068844676017761
10.0,15609.0,202045.0,-26629.0,-0.1096956804394722
10.0,15613.0,202163.0,-26628.0,-0.4968494474887848
10.0,15618.0,202287.0,-26628.0,-0.4949325621128082
10.0,15622.0,202374.0,-26626.0,-1.2350444793701172
10.0,15627.0,202471.0,-26626.0,-1.2015058994293213
10.0,15633.0,202597.0,-26624.0,-1.901466727256775
10.0,15638.0,202720.0,-26623.0,-1.8570550680160522
10.0,15642.0,202837.0,-26623.0,-2.2086260318756104
10.0,15646.0,202971.0,-26623.0,-2.1882407665252686
10.0,15653.0,203255.0,-26623.0,-2.1766226291656494
10.0,15657.0,203498.0,-26623.0,-2.1841530799865723
10.0,15662.0,203715.0,-26625.0,-1.4562638998031616
10.0,15665.0,203952.0,-26625.0,-1.491242527961731
10.0,15670.0,204192.0,-26626.0,-1.164113163948059
10.0,15674.0,204437.0,-26627.0,-0.8418166041374207
10.0,15678.0,204734.0,-26628.0,-0.5405862927436829
10.0,15682.0,204905.0,-26629.0,-0.22538158297538757
10.0,15686.0,205176.0,-26629.0,-0.2823446989059448
10.0,15690.0,205367.0,-26630.0,0.041985783725976944
10.0,15696.0,205577.0,-26630.0,-0.014937162399291992
10.0,15702.0,205773.0,-26630.0,-0.03720656409859657
10.0,15708.0,205923.0,-26628.0,-0.7921856045722961
10.0,15713.0,206037.0,-26627.0,-1.1414457559585571
10.0,15719.0,206120.0,-26626.0,-1.4786665439605713
10.0,15723.0,206191.0,-26625.0,-1.8037060499191284
10.0,15727.0,206294.0,-26624.0,-2.1403071880340576
10.0,15733.0,206421.0,-26623.0,-2.4623775482177734
10.0,15738.0,206583.0,-26623.0,-2.433469772338867
10.0,15742.0,206740.0,-26623.0,-2.4143693447113037
10.0,15746.0,206922.0,-26624.0,-2.039057493209839
10.0,15751.0,207181.0,-26624.0,-2.048762083053589
10.0,15755.0,207409.0,-26625.0,-1.7115272283554077
10.0,15760.0,207785.0,-26627.0,-1.01734459400177
10.0,15766.0,208109.0,-26629.0,-0.3586997985839844
10.0,15771.0,208428.0,-26629.0,-0.4472353160381317
10.0,15775.0,208665.0,-26630.0,-0.13814376294612885
10.0,15781.0,209029.0,-26631.0,0.1532270759344101
10.0,15786.0,209205.0,-26631.0,0.09689994156360626
10.0,15791.0,209390.0,-26631.0,0.06144752353429794
10.0,15809.0,209760.0,-26628.0,-1.0190110206604004
10.0,15816.0,209836.0,-26626.0,-1.6884621381759644
10.0,15822.0,209936.0,-26624.0,-2.3750674724578857
10.0,15827.0,210054.0,-26623.0,-2.681960344314575
10.0,15831.0,210177.0,-26623.0,-2.6477038860321045
10.0,15835.0,210333.0,-26623.0,-2.629350185394287
10.0,15839.0,210519.0,-26624.0,-2.2492082118988037
10.0,15843.0,210735.0,-26624.0,-2.262251377105713
10.0,15847.0,211042.0,-26625.0,-1.9218546152114868
10.0,15851.0,211241.0,-26627.0,-1.2193827629089355
10.0,15855.0,211515.0,-26627.0,-1.2826957702636719
10.0,15859.0,211792.0,-26629.0,-0.5846845507621765
10.0,15862.0,212062.0,-26630.0,-0.2897598147392273
10.0,15866.0,212256.0,-26632.0,0.3834405839443207
10.0,15870.0,212493.0,-26632.0,0.3064385950565338
10.0,15874.0,212701.0,-26633.0,0.6325016617774963
10.0,15878.0,212878.0,-26633.0,0.5633153319358826
10.0,15882.0,213019.0,-26633.0,0.5353875160217285
10.0,15886.0,213126.0,-26632.0,0.14107254147529602
10.0,15890.0,213203.0,-26631.0,-0.23401334881782532
10.0,15894.0,213259.0,-26631.0,-0.22057679295539856
10.0,15898.0,213297.0,-26629.0,-0.9406713843345642
10.0,15901.0,213319.0,-26628.0,-1.2681654691696167
10.0,15906.0,213357.0,-26626.0,-1.9466286897659302
10.0,15910.0,213400.0,-26625.0,-2.2648558616638184
10.0,15914.0,213464.0,-26624.0,-2.579854726791382
10.0,15920.0,213605.0,-26623.0,-2.8918070793151855
10.0,15924.0,213740.0,-26623.0,-2.8546762466430664
10.0,15928.0,213907.0,-26624.0,-2.4549355506896973
10.0,15932.0,214107.0,-26624.0,-2.461561918258667
10.0,15936.0,214339.0,-26625.0,-2.1072537899017334
10.0,15941.0,214659.0,-26626.0,-1.7749139070510864
10.0,15945.0,214932.0,-26628.0,-1.0806394815444946
10.0,15949.0,215210.0,-26629.0,-0.7725953459739685
10.0,15953.0,215484.0,-26631.0,-0.09811888635158539
10.0,15958.0,215875.0,-26633.0,0.5285495519638062
10.0,15964.0,216161.0,-26633.0,0.42989581823349
10.0,15969.0,216438.0,-26634.0,0.7106625437736511
10.0,15973.0,216576.0,-26634.0,0.6694464087486267
10.0,15979.0,216697.0,-26633.0,0.2736203074455261
10.0,15985.0,216779.0,-26632.0,-0.0884355679154396
10.0,15989.0,216812.0,-26630.0,-0.7976013422012329
10.0,15994.0,216825.0,-26629.0,-1.1186641454696655
10.0,15998.0,216839.0,-26627.0,-1.7921998500823975
10.0,16003.0,216871.0,-26625.0,-2.4576618671417236
10.0,16008.0,216948.0,-26624.0,-2.744584560394287
10.0,16013.0,217037.0,-26623.0,-3.0614395141601562
10.0,16018.0,217199.0,-26623.0,-3.376504421234131
10.0,16023.0,217470.0,-26623.0,-2.982064723968506
10.0,16029.0,217755.0,-26625.0,-2.240877151489258
10.0,16034.0,218088.0,-26627.0,-1.5509105920791626
10.0,16038.0,218450.0,-26628.0,-1.2439370155334473
10.0,16042.0,218675.0,-26629.0,-0.5713847279548645
10.0,16046.0,218971.0,-26631.0,-0.2658899426460266
10.0,16050.0,219256.0,-26633.0,0.39220142364501953
10.0,16053.0,219517.0,-26634.0,0.6694261431694031
10.0,16057.0,219693.0,-26635.0,0.9599379897117615
10.0,16061.0,219889.0,-26635.0,0.8884557485580444
10.0,16066.0,220080.0,-26636.0,1.1975314617156982
10.0,16072.0,220223.0,-26635.0,0.7904893159866333
10.0,16078.0,220285.0,-26633.0,0.06240890920162201
10.0,16083.0,220293.0,-26631.0,-0.6494714021682739
10.0,16088.0,220292.0,-26628.0,-1.6876581907272339
10.0,16094.0,220308.0,-26627.0,-1.962712287902832
10.0,16100.0,220361.0,-26625.0,-2.6248648166656494
10.0,16104.0,220428.0,-26624.0,-2.9364421367645264
10.0,16108.0,220557.0,-26624.0,-2.8721063137054443
10.0,16114.0,220743.0,-26624.0,-2.8315937519073486
10.0,16118.0,220985.0,-26624.0,-2.821953058242798
10.0,16122.0,221154.0,-26626.0,-2.088803768157959
10.0,16126.0,221409.0,-26627.0,-1.7521470785140991
10.0,16131.0,221747.0,-26628.0,-1.432456374168396
10.0,16136.0,222101.0,-26631.0,-0.393497496843338
10.0,16142.0,222516.0,-26633.0,0.20946067571640015
10.0,16146.0,222772.0,-26634.0,0.5007970333099365
10.0,16152.0,223106.0,-26635.0,0.7587148547172546
10.0,16159.0,223397.0,-26636.0,1.0469787120819092
10.0,16162.0,223508.0,-26635.0,0.640476644039154
10.0,16167.0,223582.0,-26634.0,0.2512040436267853
10.0,16173.0,223629.0,-26633.0,-0.10039880126714706
10.0,16178.0,223635.0,-26631.0,-0.7810684442520142
10.0,16183.0,223637.0,-26629.0,-1.4561593532562256
10.0,16189.0,223662.0,-26627.0,-2.4867258071899414
10.0,16194.0,223709.0,-26626.0,-2.7756340503692627
10.0,16200.0,223825.0,-26625.0,-2.704139471054077
10.0,16205.0,223978.0,-26625.0,-2.643850564956665
10.0,16210.0,224239.0,-26625.0,-2.632281541824341
10.0,16216.0,224511.0,-26626.0,-2.2736451625823975
10.0,16221.0,224889.0,-26628.0,-1.5806726217269897
10.0,16227.0,225297.0,-26631.0,-0.54815274477005
10.0,16232.0,225569.0,-26631.0,-0.6262561082839966
10.0,16238.0,225953.0,-26634.0,0.35298436880111694
10.0,16243.0,226281.0,-26635.0,0.6321035027503967
10.0,16248.0,226454.0,-26636.0,0.9361366033554077
10.0,16252.0,226590.0,-26636.0,0.5171782970428467
10.0,16256.0,226690.0,-26636.0,0.8699355721473694
10.0,16262.0,226775.0,-26634.0,0.12610816955566406
10.0,16266.0,226799.0,-26632.0,-0.5999779105186462
10.0,16271.0,226812.0,-26632.0,-0.5566047430038452
10.0,16275.0,226819.0,-26630.0,-1.2405756711959839
10.0,16280.0,226834.0,-26628.0,-1.9167829751968384
10.0,16284.0,226864.0,-26627.0,-2.226411819458008
10.0,16290.0,226955.0,-26626.0,-2.5299785137176514
10.0,16294.0,227049.0,-26626.0,-2.4848995208740234
10.0,16299.0,227214.0,-26626.0,-2.4454293251037598
10.0,16302.0,227378.0,-26626.0,-2.4345481395721436
10.0,16307.0,227621.0,-26627.0,-2.0695548057556152
10.0,16312.0,227841.0,-26628.0,-1.7169057130813599
10.0,16316.0,228075.0,-26629.0,-1.397083044052124
10.0,16321.0,228385.0,-26631.0,-0.7052175402641296
10.0,16325.0,228629.0,-26633.0,-0.034820303320884705
10.0,16329.0,228864.0,-26633.0,-0.10702870786190033
10.0,16333.0,229131.0,-26635.0,0.5792196989059448
10.0,16339.0,229353.0,-26635.0,0.5036258697509766
10.0,16343.0,229496.0,-26636.0,0.8316506743431091
10.0,16347.0,229628.0,-26635.0,0.4233381748199463
10.0,16352.0,229701.0,-26634.0,0.04031623527407646
10.0,16356.0,229755.0,-26634.0,0.05408656224608421
10.0,16361.0,229781.0,-26632.0,-0.6588705778121948
10.0,16365.0,229798.0,-26630.0,-1.3678990602493286
10.0,16369.0,229815.0,-26630.0,-1.3138247728347778
10.0,16373.0,229840.0,-26628.0,-2.0103206634521484
10.0,16378.0,229889.0,-26628.0,-1.9533802270889282
10.0,16382.0,229950.0,-26627.0,-2.276263475418091
10.0,16386.0,230034.0,-26626.0,-2.5984787940979004
10.0,16391.0,230173.0,-26627.0,-2.1834909915924072
10.0,16395.0,230359.0,-26626.0,-2.5435831546783447
10.0,16400.0,230533.0,-26627.0,-2.1702957153320312
10.0,16404.0,230735.0,-26629.0,-1.4403233528137207
10.0,16408.0,231011.0,-26629.0,-1.4802199602127075
10.0,16413.0,231244.0,-26631.0,-0.7812665104866028
10.0,16418.0,231537.0,-26633.0,-0.12113615870475769
10.0,16423.0,231809.0,-26633.0,-0.18658757209777832
10.0,16429.0,232104.0,-26635.0,0.46624934673309326
10.0,16433.0,232264.0,-26636.0,0.7896413803100586
10.0,16437.0,232423.0,-26635.0,0.36358168721199036
10.0,16442.0,232513.0,-26635.0,0.3416004180908203
10.0,16446.0,232577.0,-26635.0,0.33866235613822937
10.0,16451.0,232622.0,-26633.0,-0.3995189666748047
10.0,16455.0,232635.0,-26632.0,-0.7325960397720337
10.0,16459.0,232641.0,-26631.0,-1.057462215423584
10.0,16463.0,232646.0,-26629.0,-1.755759835243225
10.0,16467.0,232664.0,-26629.0,-1.6948533058166504
10.0,16472.0,232696.0,-26627.0,-2.371884822845459
10.0,16479.0,232804.0,-26626.0,-2.6686129570007324
10.0,16483.0,232901.0,-26626.0,-2.625828266143799
10.0,16487.0,233029.0,-26626.0,-2.593925952911377
10.0,16492.0,233231.0,-26627.0,-2.2152981758117676
10.0,16496.0,233474.0,-26628.0,-1.8570913076400757
10.0,16509.0,234150.0,-26631.0,-0.5108977556228638
10.0,16514.0,234432.0,-26633.0,-0.22079861164093018
10.0,16519.0,234692.0,-26635.0,0.46116384863853455
10.0,16523.0,234872.0,-26635.0,0.39783352613449097
10.0,16527.0,235021.0,-26636.0,0.7094048857688904
10.0,16533.0,235189.0,-26636.0,0.6634077429771423
10.0,16539.0,235286.0,-26635.0,0.28044041991233826
10.0,16543.0,235325.0,-26634.0,-0.08143867552280426
10.0,16547.0,235336.0,-26633.0,-0.4295748770236969
10.0,16551.0,235337.0,-26631.0,-1.1345975399017334
10.0,16555.0,235339.0,-26630.0,-1.4580296277999878
10.0,16561.0,235355.0,-26629.0,-1.7457563877105713
10.0,16565.0,235386.0,-26628.0,-2.0662832260131836
10.0,16571.0,235492.0,-26627.0,-2.373201370239258
10.0,16578.0,235645.0,-26627.0,-2.3204267024993896
10.0,16583.0,235817.0,-26628.0,-1.9348503351211548
10.0,16589.0,236071.0,-26629.0,-1.5681869983673096
10.0,16594.0,236314.0,-26630.0,-1.236538052558899
10.0,16600.0,236629.0,-26631.0,-0.9227901697158813
10.0,16606.0,236943.0,-26633.0,-0.25946682691574097
10.0,16611.0,237183.0,-26635.0,0.402326375246048
10.0,16616.0,237463.0,-26636.0,0.6888250112533569
10.0,16623.0,237615.0,-26636.0,0.6473168730735779
10.0,16631.0,237764.0,-26635.0,0.24579061567783356
10.0,16636.0,237807.0,-26634.0,-0.11885765194892883
10.0,16640.0,237823.0,-26633.0,-0.47271808981895447
10.0,16646.0,237828.0,-26631.0,-1.1523808240890503
10.0,16652.0,237838.0,-26630.0,-1.4495620727539062
10.0,16658.0,237879.0,-26628.0,-2.116109848022461
10.0,16664.0,237943.0,-26627.0,-2.418703079223633
10.0,16669.0,238049.0,-26627.0,-2.374239206314087
10.0,16675.0,238231.0,-26628.0,-1.9769713878631592
10.0,16681.0,238468.0,-26629.0,-1.6073031425476074
10.0,16687.0,238748.0,-26630.0,-1.2804780006408691
10.0,16693.0,239048.0,-26632.0,-0.6000027656555176
10.0,16699.0,239401.0,-26633.0,-0.3137832581996918
10.0,16705.0,239626.0,-26635.0,0.3457687199115753
10.0,16711.0,239852.0,-26636.0,0.6447412371635437
10.0,16717.0,240013.0,-26636.0,0.598587155342102
10.0,16723.0,240108.0,-26635.0,0.20994581282138824
10.0,16730.0,240154.0,-26634.0,-0.14031779766082764
10.0,16734.0,240158.0,-26632.0,-0.8587046265602112
10.0,16739.0,240157.0,-26632.0,-0.8157849907875061
10.0,16743.0,240163.0,-26630.0,-1.5065922737121582
10.0,16748.0,240183.0,-26629.0,-1.8209527730941772
10.0,16752.0,240226.0,-26629.0,-1.7748626470565796
10.0,16758.0,240301.0,-26628.0,-2.0996012687683105
10.0,16763.0,240412.0,-26628.0,-2.058469295501709
10.0,16768.0,240563.0,-26628.0,-2.0479378700256348
10.0,16773.0,240788.0,-26629.0,-1.6791658401489258
10.0,16779.0,241006.0,-26631.0,-0.9643195867538452
10.0,16783.0,241191.0,-26631.0,-1.0066041946411133
10.0,16788.0,241469.0,-26633.0,-0.3164786398410797
10.0,16795.0,241728.0,-26635.0,0.3415203392505646
10.0,16800.0,241915.0,-26635.0,0.2796998918056488
10.0,16804.0,242038.0,-26635.0,0.2422138750553131
10.0,16809.0,242161.0,-26636.0,0.5892124772071838
10.0,16817.0,242276.0,-26635.0,0.19411258399486542
10.0,16821.0,242301.0,-26634.0,-0.16726893186569214
10.0,16825.0,242310.0,-26633.0,-0.5179444551467896
10.0,16830.0,242311.0,-26632.0,-0.8439687490463257
10.0,16834.0,242313.0,-26631.0,-1.1773210763931274
10.0,16839.0,242327.0,-26630.0,-1.5115694999694824
10.0,16845.0,242361.0,-26629.0,-1.8024401664733887
10.0,16851.0,242430.0,-26628.0,-2.113065719604492
10.0,16858.0,242568.0,-26628.0,-2.070629835128784
10.0,16863.0,242708.0,-26628.0,-2.0535972118377686
10.0,16870.0,242955.0,-26629.0,-1.688962459564209
10.0,16874.0,243117.0,-26631.0,-0.9737467765808105
10.0,16879.0,243335.0,-26632.0,-0.6380912661552429
10.0,16884.0,243552.0,-26633.0,-0.33466067910194397
10.0,16888.0,243755.0,-26634.0,-0.01227903738617897
10.0,16893.0,243894.0,-26635.0,0.31950175762176514
10.0,16899.0,244066.0,-26635.0,0.26015913486480713
10.0,16904.0,244169.0,-26635.0,0.22634302079677582
10.0,16909.0,244244.0,-26635.0,0.21398678421974182
10.0,16914.0,244266.0,-26634.0,-0.15268836915493011
10.0,16918.0,244272.0,-26633.0,-0.5013400316238403
10.0,16925.0,244272.0,-26632.0,-0.8300008773803711
10.0,16930.0,244275.0,-26631.0,-1.1527063846588135
10.0,16934.0,244291.0,-26630.0,-1.4750841856002808
10.0,16939.0,244315.0,-26629.0,-1.8114376068115234
10.0,16943.0,244358.0,-26629.0,-1.7651110887527466
10.0,16948.0,244435.0,-26628.0,-2.112034797668457
10.0,16952.0,244543.0,-26629.0,-1.7152539491653442
10.0,16957.0,244680.0,-26629.0,-1.7096731662750244
10.0,16962.0,244805.0,-26630.0,-1.3412936925888062
10.0,16968.0,245016.0,-26631.0,-0.9991975426673889
10.0,16974.0,245235.0,-26632.0,-0.6803619265556335
10.0,16979.0,245411.0,-26633.0,-0.33913272619247437
10.0,16983.0,245540.0,-26633.0,-0.3736439347267151
10.0,16989.0,245711.0,-26634.0,-0.048807840794324875
10.0,16993.0,245803.0,-26635.0,0.2953411042690277
10.0,16998.0,245896.0,-26634.0,-0.10044895857572556
10.0,17002.0,245949.0,-26634.0,-0.10817062109708786
10.0,17006.0,245989.0,-26634.0,-0.10565422475337982
10.0,17012.0,246023.0,-26633.0,-0.46582767367362976
10.0,17018.0,246041.0,-26632.0,-0.8080245852470398
10.0,17022.0,246049.0,-26632.0,-1.1462106704711914
10.0,17029.0,246071.0,-26631.0,-1.0947933197021484
10.0,17035.0,246107.0,-26630.0,-1.4179612398147583
10.0,17041.0,246171.0,-26629.0,-1.747835397720337
10.0,17046.0,246251.0,-26629.0,-1.7184252738952637
10.0,17052.0,246380.0,-26629.0,-1.7016699314117432
10.0,17059.0,246571.0,-26630.0,-1.3297942876815796
10.0,17064.0,246724.0,-26631.0,-0.9782945513725281
10.0,17070.0,246917.0,-26632.0,-0.6342304348945618
10.0,17075.0,247075.0,-26633.0,-0.31170138716697693
10.0,17080.0,247222.0,-26634.0,0.018493453040719032
10.0,17086.0,247366.0,-26634.0,-0.01839119754731655
10.0,17091.0,247471.0,-26634.0,-0.04464638978242874
10.0,17098.0,247541.0,-26634.0,-0.05485914647579193
10.0,17104.0,247583.0,-26633.0,-0.42086777091026306
10.0,17110.0,247602.0,-26632.0,-0.7682462334632874
10.0,17120.0,247622.0,-26631.0,-1.0795103311538696
10.0,17124.0,247636.0,-26630.0,-1.4159423112869263
10.0,17128.0,247665.0,-26630.0,-1.3840301036834717
10.0,17133.0,247703.0,-26630.0,-1.3515135049819946
10.0,17138.0,247767.0,-26629.0,-1.7097835540771484
10.0,17142.0,247831.0,-26630.0,-1.3143022060394287
10.0,17146.0,247926.0,-26630.0,-1.3098434209823608
10.0,17151.0,248010.0,-26630.0,-1.3083592653274536
10.0,17155.0,248104.0,-26631.0,-0.9391238689422607
10.0,17159.0,248228.0,-26631.0,-0.953237771987915
10.0,17163.0,248330.0,-26632.0,-0.5946945548057556
10.0,17168.0,248432.0,-26632.0,-0.6226521730422974
10.0,17174.0,248577.0,-26633.0,-0.2776128649711609
10.0,17179.0,248690.0,-26633.0,-0.3124356269836426
10.0,17184.0,248800.0,-26634.0,0.04205911606550217
10.0,17190.0,248876.0,-26633.0,-0.351229190826416
10.0,17196.0,248940.0,-26633.0,-0.3582622706890106
10.0,17200.0,248971.0,-26633.0,-0.35251593589782715
10.0,17206.0,249005.0,-26633.0,-0.3426831066608429
10.0,17212.0,249026.0,-26632.0,-0.6928027272224426
10.0,17218.0,249044.0,-26631.0,-1.0346659421920776
10.0,17223.0,249061.0,-26630.0,-1.3718414306640625
10.0,17229.0,249097.0,-26630.0,-1.3366169929504395
10.0,17233.0,249132.0,-26630.0,-1.3097212314605713
10.0,17239.0,249206.0,-26630.0,-1.291620135307312
10.0,17245.0,249296.0,-26630.0,-1.277441143989563
10.0,17249.0,249365.0,-26631.0,-0.897182047367096
10.0,17253.0,249443.0,-26631.0,-0.903303325176239
10.0,17257.0,249545.0,-26631.0,-0.9123742580413818
10.0,17264.0,249667.0,-26632.0,-0.558500349521637
10.0,17269.0,249761.0,-26632.0,-0.5726393461227417
10.0,17273.0,249831.0,-26632.0,-0.5862946510314941
10.0,17277.0,249911.0,-26633.0,-0.22164875268936157
10.0,17283.0,249983.0,-26633.0,-0.23534193634986877
10.0,17290.0,250071.0,-26633.0,-0.2501765787601471
10.0,17294.0,250122.0,-26632.0,-0.6286555528640747
10.0,17299.0,250154.0,-26633.0,-0.2509140074253082
10.0,17304.0,250188.0,-26632.0,-0.6120628714561462
10.0,17311.0,250227.0,-26632.0,-0.5970966219902039
10.0,17315.0,250249.0,-26631.0,-0.9604788422584534
10.0,17319.0,250278.0,-26631.0,-0.9430800080299377
10.0,17323.0,250307.0,-26631.0,-0.9290311932563782
10.0,17329.0,250350.0,-26631.0,-0.9132083058357239
10.0,17333.0,250390.0,-26631.0,-0.9057151079177856
10.0,17339.0,250453.0,-26631.0,-0.8953511118888855
10.0,17345.0,250521.0,-26631.0,-0.8891913294792175
10.0,17351.0,250590.0,-26631.0,-0.8831215500831604
10.0,17356.0,250650.0,-26631.0,-0.8790847063064575
10.0,17362.0,250719.0,-26631.0,-0.8743093609809875
10.0,17368.0,250793.0,-26631.0,-0.49684223532676697
10.0,17373.0,250870.0,-26631.0,-0.8754162192344666
10.0,17379.0,250930.0,-26631.0,-0.8833411335945129
10.0,17384.0,250988.0,-26632.0,-0.5119421482086182
10.0,17390.0,251053.0,-26632.0,-0.5176172256469727
10.0,17396.0,251106.0,-26632.0,-0.5170237421989441
10.0,17402.0,251148.0,-26632.0,-0.5087868571281433
10.0,17406.0,251173.0,-26631.0,-0.8801156878471375
10.0,17411.0,251206.0,-26631.0,-0.49115821719169617
10.0,17417.0,251248.0,-26631.0,-0.8536451458930969
10.0,17422.0,251296.0,-26631.0,-0.8445076942443848
10.0,17427.0,251332.0,-26631.0,-0.8380725383758545
10.0,17431.0,251371.0,-26631.0,-0.8346177935600281
10.0,17438.0,251448.0,-26631.0,-0.8323974609375
10.0,17442.0,251494.0,-26631.0,-0.8385647535324097
10.0,17446.0,251541.0,-26632.0,-0.46700745820999146
10.0,17451.0,251593.0,-26632.0,-0.4727562367916107
10.0,17457.0,251651.0,-26632.0,-0.4795460104942322
10.0,17462.0,251693.0,-26632.0,-0.48261523246765137
10.0,17467.0,251731.0,-26632.0,-0.4826611876487732
10.0,17471.0,251757.0,-26632.0,-0.4815319776535034
10.0,17475.0,251781.0,-26632.0,-0.47918662428855896
10.0,17479.0,251806.0,-26632.0,-0.4756743311882019
10.0,17485.0,251827.0,-26631.0,-0.845081090927124
10.0,17489.0,251841.0,-26631.0,-0.8275140523910522
10.0,17493.0,251862.0,-26631.0,-0.8152686953544617
10.0,17498.0,251883.0,-26631.0,-0.8006826043128967
10.0,17504.0,251920.0,-26631.0,-0.7935250997543335
10.0,17508.0,251947.0,-26631.0,-0.7856866121292114
10.0,17512.0,251981.0,-26631.0,-0.7796692848205566
10.0,17518.0,252013.0,-26631.0,-0.7717726230621338
10.0,17522.0,252038.0,-26631.0,-0.7655290365219116
10.0,17526.0,252065.0,-26631.0,-0.7604578137397766
10.0,17530.0,252093.0,-26631.0,-0.7550110816955566
10.0,17536.0,252140.0,-26631.0,-0.7520914077758789
10.0,17542.0,252191.0,-26631.0,-0.7501768469810486
10.0,17547.0,252245.0,-26631.0,-0.7519846558570862
10.0,17554.0,252296.0,-26632.0,-0.37935900688171387
10.0,17560.0,252347.0,-26632.0,-0.38630765676498413
10.0,17565.0,252386.0,-26632.0,-0.39192110300064087
10.0,17571.0,252411.0,-26632.0,-0.39126014709472656
10.0,17577.0,252425.0,-26631.0,-0.7612628936767578
10.0,17583.0,252430.0,-26631.0,-0.7444019913673401
10.0,17589.0,252437.0,-26631.0,-0.724711000919342
10.0,17595.0,252446.0,-26631.0,-0.7101839780807495
10.0,17600.0,252456.0,-26631.0,-0.6930370330810547
10.0,17606.0,252471.0,-26630.0,-1.0572007894515991
10.0,17611.0,252492.0,-26630.0,-1.039024829864502
10.0,17617.0,252518.0,-26631.0,-0.6493030786514282
10.0,17621.0,252546.0,-26630.0,-1.0199317932128906
10.0,17625.0,252578.0,-26631.0,-0.6459070444107056
10.0,17629.0,252616.0,-26631.0,-0.6535004377365112
10.0,17635.0,252673.0,-26631.0,-0.65951007604599
10.0,17639.0,252709.0,-26632.0,-0.2928960919380188
10.0,17643.0,252743.0,-26632.0,-0.29773467779159546
10.0,17649.0,252785.0,-26632.0,-0.30854201316833496
10.0,17653.0,252807.0,-26632.0,-0.314578652381897
10.0,17657.0,252823.0,-26632.0,-0.31815505027770996
10.0,17662.0,252838.0,-26632.0,-0.3195450007915497
10.0,17666.0,252843.0,-26632.0,-0.3178580701351166
10.0,17671.0,252847.0,-26631.0,-0.6849077939987183
10.0,17678.0,252850.0,-26631.0,-0.67177414894104
10.0,17683.0,252853.0,-26631.0,-0.6592379808425903
10.0,17687.0,252860.0,-26631.0,-0.6509069204330444
10.0,17695.0,252874.0,-26631.0,-0.6387014985084534
10.0,17700.0,252886.0,-26631.0,-0.63025963306427
10.0,17704.0,252899.0,-26631.0,-0.6249487400054932
10.0,17709.0,252909.0,-26631.0,-0.6198756098747253
10.0,17713.0,252919.0,-26631.0,-0.6140764951705933
10.0,17719.0,252934.0,-26631.0,-0.6081889271736145
10.0,17725.0,252949.0,-26631.0,-0.601824164390564
10.0,17729.0,252960.0,-26631.0,-0.5982694029808044
10.0,17733.0,252971.0,-26631.0,-0.5941774249076843
10.0,17739.0,252990.0,-26631.0,-0.5905446410179138
10.0,17745.0,253012.0,-26631.0,-0.5891194939613342
10.0,17750.0,253032.0,-26631.0,-0.5880933403968811
10.0,17756.0,253057.0,-26631.0,-0.5877901315689087
10.0,17763.0,253088.0,-26631.0,-0.5905804634094238
10.0,17769.0,253102.0,-26631.0,-0.59588223695755
10.0,17773.0,253111.0,-26632.0,-0.21922606229782104
10.0,17777.0,253113.0,-26631.0,-0.5920150876045227
10.0,17783.0,253114.0,-26631.0,-0.5876792669296265
10.0,17789.0,253115.0,-26631.0,-0.5794417858123779
10.0,17794.0,253116.0,-26631.0,-0.5712308883666992
10.0,17799.0,253117.0,-26631.0,-0.5650790333747864
10.0,17805.0,253118.0,-26631.0,-0.556123673915863
10.0,17814.0,253119.0,-26631.0,-0.5421693325042725
10.0,17819.0,253120.0,-26631.0,-0.535975456237793
10.0,17825.0,253120.0,-26631.0,-0.5284709334373474
10.0,17829.0,253120.0,-26631.0,-0.523742139339447
10.0,17833.0,253120.0,-26631.0,-0.5192224979400635
10.0,17837.0,253120.0,-26631.0,-0.5149038434028625
10.0,17842.0,253120.0,-26631.0,-0.5107784271240234
10.0,17847.0,253120.0,-26631.0,-0.5049356818199158
10.0,17852.0,253120.0,-26631.0,-0.5012602806091309
10.0,17857.0,253120.0,-26631.0,-0.49605968594551086
10.0,17863.0,253120.0,-26631.0,-0.49199825525283813
10.0,17869.0,253120.0,-26631.0,-0.48743337392807007
10.0,17875.0,253120.0,-26631.0,-0.4831867218017578
10.0,17880.0,253120.0,-26631.0,-0.47987744212150574
10.0,17885.0,253120.0,-26631.0,-0.47616663575172424
10.0,17889.0,253120.0,-26631.0,-0.47384271025657654
10.0,17895.0,253120.0,-26631.0,-0.471098393201828
10.0,17901.0,253120.0,-26631.0,-0.46802905201911926
10.0,17905.0,253120.0,-26631.0,-0.46564799547195435
10.0,17909.0,253120.0,-26632.0,-0.09075549244880676
10.0,17913.0,253121.0,-26632.0,-0.09802776575088501
10.0,17917.0,253121.0,-26632.0,-0.10460925102233887
10.0,17923.0,253121.0,-26632.0,-0.11404121667146683
10.0,17929.0,253121.0,-26632.0,-0.12297230213880539
10.0,17933.0,253121.0,-26632.0,-0.12866263091564178
10.0,17938.0,253121.0,-26632.0,-0.13549335300922394
10.0,17942.0,253121.0,-26632.0,-0.1415887326002121
10.0,17948.0,253120.0,-26632.0,-0.14785611629486084
10.0,17953.0,253120.0,-26632.0,-0.1526738405227661
10.0,17957.0,253120.0,-26632.0,-0.15846209228038788
10.0,17964.0,253120.0,-26633.0,0.20694603025913239
10.0,17969.0,253120.0,-26633.0,0.19110436737537384
10.0,17975.0,253118.0,-26633.0,0.17687417566776276
10.0,17980.0,253115.0,-26633.0,0.16091425716876984
10.0,17986.0,253114.0,-26633.0,0.14498236775398254
10.0,17994.0,253113.0,-26633.0,0.12496411800384521
10.0,17999.0,253113.0,-26633.0,0.11529560387134552
10.0,18003.0,253113.0,-26634.0,0.4746411442756653
10.0,18007.0,253112.0,-26634.0,0.4497600197792053
10.0,18013.0,253108.0,-26634.0,0.43511223793029785
10.0,18018.0,253101.0,-26634.0,0.418453186750412
10.0,18022.0,253096.0,-26634.0,0.4054335653781891
10.0,18026.0,253091.0,-26634.0,0.39290478825569153
10.0,18030.0,253086.0,-26634.0,0.3804236650466919
10.0,18034.0,253084.0,-26634.0,0.36753737926483154
10.0,18040.0,253083.0,-26635.0,0.7202368378639221
10.0,18045.0,253081.0,-26635.0,0.6949302554130554
10.0,18050.0,253073.0,-26635.0,0.6734452247619629
10.0,18056.0,253059.0,-26635.0,0.6471523642539978
10.0,18062.0,253043.0,-26635.0,0.6269825100898743
10.0,18068.0,253028.0,-26635.0,0.6075341105461121
10.0,18075.0,253014.0,-26636.0,0.9609860777854919
10.0,18080.0,253006.0,-26636.0,0.928918719291687
10.0,18084.0,252996.0,-26636.0,0.9104624390602112
10.0,18090.0,252976.0,-26636.0,0.8898218870162964
10.0,18095.0,252954.0,-26636.0,0.8692119121551514
10.0,18101.0,252922.0,-26636.0,0.8549162745475769
10.0,18107.0,252879.0,-26636.0,0.841761589050293
10.0,18113.0,252828.0,-26636.0,0.8357710838317871
10.0,18119.0,252773.0,-26636.0,0.830459713935852
10.0,18125.0,252716.0,-26635.0,0.4532619118690491
10.0,18129.0,252676.0,-26635.0,0.46008920669555664
10.0,18133.0,252639.0,-26635.0,0.46607935428619385
10.0,18139.0,252593.0,-26635.0,0.4687550961971283
10.0,18144.0,252565.0,-26635.0,0.46697068214416504
10.0,18149.0,252544.0,-26635.0,0.4622289836406708
10.0,18153.0,252532.0,-26636.0,0.8277652263641357
10.0,18162.0,252510.0,-26636.0,0.7940922975540161
10.0,18167.0,252498.0,-26636.0,1.1536035537719727
10.0,18172.0,252477.0,-26637.0,1.1313278675079346
10.0,18176.0,252453.0,-26637.0,1.117614507675171
10.0,18181.0,252410.0,-26637.0,1.1071088314056396
10.0,18188.0,252313.0,-26637.0,1.1030387878417969
10.0,18193.0,252255.0,-26636.0,0.7335517406463623
10.0,18199.0,252158.0,-26636.0,0.7525500059127808
10.0,18205.0,252066.0,-26635.0,0.39525559544563293
10.0,18209.0,252007.0,-26635.0,0.4168139100074768
10.0,18213.0,251941.0,-26635.0,0.43054747581481934
10.0,18219.0,251882.0,-26635.0,0.4443647265434265
10.0,18224.0,251836.0,-26635.0,0.4518914520740509
10.0,18229.0,251798.0,-26635.0,0.45560064911842346
10.0,18233.0,251774.0,-26635.0,0.4556509852409363
10.0,18239.0,251746.0,-26636.0,0.8202113509178162
10.0,18245.0,251721.0,-26636.0,0.8016198873519897
10.0,18250.0,251704.0,-26637.0,1.159391164779663
10.0,18254.0,251686.0,-26637.0,1.141825795173645
10.0,18258.0,251662.0,-26637.0,1.128010630607605
10.0,18262.0,251631.0,-26637.0,1.113508939743042
10.0,18269.0,251562.0,-26637.0,1.1078190803527832
10.0,18273.0,251512.0,-26637.0,1.1058671474456787
10.0,18277.0,251443.0,-26637.0,1.1064058542251587
10.0,18282.0,251380.0,-26637.0,1.110249400138855
10.0,18287.0,251280.0,-26637.0,1.1182035207748413
10.0,18294.0,251169.0,-26636.0,0.755240797996521
10.0,18301.0,251031.0,-26636.0,0.7874160408973694
10.0,18305.0,250953.0,-26636.0,0.8084453344345093
10.0,18309.0,250860.0,-26635.0,0.4542349576950073
10.0,18315.0,250769.0,-26635.0,0.4857882857322693
10.0,18319.0,250706.0,-26635.0,0.5017966032028198
10.0,18323.0,250648.0,-26635.0,0.5145859122276306
10.0,18327.0,250583.0,-26635.0,0.5251594185829163
10.0,18332.0,250535.0,-26635.0,0.5352298617362976
10.0,18336.0,250491.0,-26635.0,0.5411154627799988
10.0,18342.0,250432.0,-26636.0,0.919843852519989
10.0,18348.0,250369.0,-26636.0,0.9107750058174133
10.0,18352.0,250340.0,-26636.0,0.9063579440116882
10.0,18358.0,250278.0,-26636.0,1.277319073677063
10.0,18363.0,250214.0,-26637.0,1.2634233236312866
10.0,18369.0,250152.0,-26637.0,1.2530882358551025
10.0,18375.0,250060.0,-26637.0,1.2513424158096313
10.0,18380.0,249969.0,-26637.0,1.2565460205078125
10.0,18386.0,249850.0,-26637.0,1.2643507719039917
10.0,18391.0,249715.0,-26636.0,0.9131790399551392
10.0,18398.0,249576.0,-26636.0,0.9419159293174744
10.0,18402.0,249479.0,-26635.0,0.5890179872512817
10.0,18406.0,249383.0,-26635.0,0.6165946125984192
10.0,18410.0,249291.0,-26635.0,0.6474679708480835
10.0,18414.0,249203.0,-26635.0,0.6689749360084534
10.0,18420.0,249081.0,-26635.0,0.6909512281417847
10.0,18426.0,248967.0,-26635.0,0.7273474931716919
10.0,18431.0,248887.0,-26634.0,0.7448513507843018
10.0,18435.0,248833.0,-26635.0,0.7475003600120544
10.0,18442.0,248741.0,-26635.0,0.747215747833252
10.0,18447.0,248695.0,-26636.0,1.1203340291976929
10.0,18451.0,248641.0,-26636.0,1.1082394123077393
10.0,18456.0,248593.0,-26636.0,1.099830150604248
10.0,18460.0,248540.0,-26637.0,1.4661815166473389
10.0,18464.0,248485.0,-26637.0,1.4555511474609375
10.0,18469.0,248402.0,-26637.0,1.4493138790130615
10.0,18474.0,248303.0,-26637.0,1.4485540390014648
10.0,18479.0,248160.0,-26637.0,1.4583185911178589
10.0,18484.0,248051.0,-26636.0,1.0952503681182861
10.0,18490.0,247874.0,-26636.0,1.1315290927886963
10.0,18494.0,247749.0,-26635.0,0.7956098318099976
10.0,18499.0,247593.0,-26635.0,0.8285220265388489
10.0,18505.0,247391.0,-26634.0,0.5122165679931641
10.0,18511.0,247264.0,-26634.0,0.547518789768219
10.0,18515.0,247174.0,-26634.0,0.574720025062561
10.0,18519.0,247093.0,-26634.0,0.5900853276252747
10.0,18523.0,247023.0,-26634.0,0.6014154553413391
10.0,18529.0,246924.0,-26634.0,0.6148353219032288
10.0,18535.0,246839.0,-26635.0,0.9895687699317932
10.0,18539.0,246782.0,-26635.0,0.9853209257125854
10.0,18545.0,246692.0,-26636.0,1.3588106632232666
10.0,18551.0,246591.0,-26636.0,1.350351095199585
10.0,18555.0,246515.0,-26636.0,1.3471654653549194
10.0,18561.0,246382.0,-26636.0,1.3531116247177124
10.0,18567.0,246229.0,-26636.0,1.3666293621063232
10.0,18572.0,246092.0,-26635.0,1.0068596601486206
10.0,18579.0,245883.0,-26635.0,1.0484199523925781
10.0,18585.0,245702.0,-26635.0,1.0824675559997559
10.0,18591.0,245523.0,-26634.0,0.7420134544372559
10.0,18596.0,245350.0,-26634.0,0.7817831635475159
10.0,18603.0,245186.0,-26634.0,0.8154929280281067
10.0,18609.0,245028.0,-26634.0,0.8492366075515747
10.0,18614.0,244905.0,-26633.0,0.5028159618377686
10.0,18619.0,244771.0,-26634.0,0.8930255770683289
10.0,18624.0,244690.0,-26634.0,0.8994259834289551
10.0,18628.0,244612.0,-26634.0,0.905750036239624
10.0,18636.0,244455.0,-26634.0,0.9141224026679993
10.0,18640.0,244379.0,-26635.0,1.2852847576141357
10.0,18644.0,244303.0,-26635.0,1.280945897102356
10.0,18649.0,244200.0,-26635.0,1.2794597148895264
10.0,18653.0,244108.0,-26635.0,1.283100962638855
10.0,18658.0,243984.0,-26635.0,1.2890968322753906
10.0,18662.0,243881.0,-26635.0,1.298561453819275
10.0,18666.0,243771.0,-26635.0,1.3093903064727783
10.0,18671.0,243625.0,-26635.0,1.3220512866973877
10.0,18677.0,243439.0,-26635.0,1.3489965200424194
10.0,18683.0,243246.0,-26635.0,1.369577407836914
10.0,18688.0,243078.0,-26634.0,1.0324331521987915
10.0,18692.0,242912.0,-26634.0,1.0569756031036377
10.0,18699.0,242716.0,-26633.0,0.7204214334487915
10.0,18703.0,242587.0,-26633.0,0.7567655444145203
10.0,18707.0,242435.0,-26633.0,0.7816179990768433
10.0,18712.0,242317.0,-26633.0,0.8042802214622498
10.0,18717.0,242155.0,-26633.0,0.8302973508834839
10.0,18722.0,242052.0,-26633.0,0.8447182178497314
10.0,18728.0,241910.0,-26633.0,0.8600360155105591
10.0,18733.0,241796.0,-26634.0,1.2434552907943726
10.0,18738.0,241686.0,-26634.0,1.2410268783569336
10.0,18743.0,241544.0,-26634.0,1.2427481412887573
10.0,18748.0,241445.0,-26634.0,1.2471288442611694
10.0,18754.0,241286.0,-26635.0,1.6258350610733032
10.0,18759.0,241145.0,-26635.0,1.6272258758544922
10.0,18763.0,241020.0,-26634.0,1.2594834566116333
10.0,18767.0,240846.0,-26634.0,1.2802677154541016
10.0,18773.0,240628.0,-26634.0,1.3135970830917358
10.0,18779.0,240440.0,-26633.0,0.9799253940582275
10.0,18783.0,240289.0,-26633.0,1.0104223489761353
10.0,18788.0,240107.0,-26633.0,1.037666916847229
10.0,18792.0,239963.0,-26632.0,0.6925882697105408
10.0,18798.0,239761.0,-26632.0,0.7361680865287781
10.0,18803.0,239604.0,-26632.0,0.7709830403327942
10.0,18811.0,239380.0,-26632.0,0.7989193797111511
10.0,18816.0,239225.0,-26633.0,1.1919583082199097
10.0,18825.0,239034.0,-26633.0,1.190721869468689
10.0,18830.0,238913.0,-26634.0,1.5661571025848389
10.0,18834.0,238813.0,-26634.0,1.5578694343566895
10.0,18839.0,238677.0,-26634.0,1.555638313293457
10.0,18843.0,238557.0,-26634.0,1.557953953742981
10.0,18847.0,238426.0,-26634.0,1.5673842430114746
10.0,18852.0,238215.0,-26634.0,1.58175790309906
10.0,18858.0,238026.0,-26633.0,1.2341474294662476
10.0,18863.0,237787.0,-26633.0,1.267614483833313
10.0,18869.0,237583.0,-26632.0,0.928280770778656
10.0,18875.0,237343.0,-26632.0,0.9775039553642273
10.0,18880.0,237112.0,-26631.0,0.6515016555786133
10.0,18886.0,236898.0,-26631.0,0.6971283555030823
10.0,18893.0,236701.0,-26631.0,0.733015775680542
10.0,18899.0,236528.0,-26631.0,0.7566674947738647
10.0,18905.0,236343.0,-26632.0,1.1421706676483154
10.0,18911.0,236218.0,-26632.0,1.1420018672943115
10.0,18917.0,236040.0,-26633.0,1.509092926979065
10.0,18923.0,235900.0,-26633.0,1.5050945281982422
10.0,18929.0,235716.0,-26633.0,1.5076600313186646
10.0,18935.0,235512.0,-26633.0,1.5189783573150635
10.0,18939.0,235332.0,-26633.0,1.5324249267578125
10.0,18943.0,235179.0,-26633.0,1.5467748641967773
10.0,18948.0,235020.0,-26633.0,1.5674768686294556
10.0,18953.0,234771.0,-26632.0,1.2229623794555664
10.0,18958.0,234597.0,-26632.0,1.260580062866211
10.0,18962.0,234424.0,-26631.0,0.9179827570915222
10.0,18966.0,234249.0,-26631.0,0.9542436599731445
10.0,18971.0,234038.0,-26630.0,0.613499104976654
10.0,18975.0,233875.0,-26630.0,0.6595082879066467
10.0,18979.0,233687.0,-26630.0,0.6893431544303894
10.0,18984.0,233551.0,-26630.0,0.71246337890625
10.0,18989.0,233337.0,-26630.0,0.7406414151191711
10.0,18998.0,233145.0,-26631.0,1.1257305145263672
10.0,19003.0,233017.0,-26631.0,1.123892903327942
10.0,19007.0,232888.0,-26632.0,1.4928617477416992
10.0,19013.0,232752.0,-26632.0,1.4836689233779907
10.0,19018.0,232602.0,-26633.0,1.8564354181289673
10.0,19023.0,232409.0,-26633.0,1.8466163873672485
10.0,19029.0,232187.0,-26633.0,1.8501744270324707
10.0,19035.0,231982.0,-26632.0,1.4945895671844482
10.0,19041.0,231709.0,-26632.0,1.526753544807434
10.0,19045.0,231475.0,-26631.0,1.1910083293914795
10.0,19051.0,231185.0,-26630.0,0.87213534116745
10.0,19058.0,230901.0,-26630.0,0.9337064623832703
10.0,19063.0,230681.0,-26629.0,0.6085993051528931
10.0,19069.0,230432.0,-26629.0,0.6619468331336975
10.0,19075.0,230211.0,-26629.0,0.7003674507141113
10.0,19081.0,230008.0,-26629.0,0.7290777564048767
10.0,19087.0,229828.0,-26629.0,0.7487751841545105
10.0,19093.0,229661.0,-26630.0,1.1270726919174194
10.0,19099.0,229510.0,-26631.0,1.4945707321166992
10.0,19104.0,229357.0,-26631.0,1.4743683338165283
10.0,19109.0,229252.0,-26632.0,1.830230712890625
10.0,19115.0,229067.0,-26632.0,1.8172297477722168
10.0,19121.0,228855.0,-26632.0,1.8134585618972778
10.0,19126.0,228649.0,-26632.0,1.8257328271865845
10.0,19131.0,228427.0,-26632.0,1.4692115783691406
10.0,19137.0,228134.0,-26631.0,1.5138729810714722
10.0,19144.0,227729.0,-26630.0,1.2028216123580933
10.0,19154.0,227278.0,-26628.0,0.5592843890190125
10.0,19159.0,226997.0,-26628.0,0.6131628751754761
10.0,19164.0,226827.0,-26628.0,0.6555501222610474
10.0,19169.0,226631.0,-26627.0,0.3111705780029297
10.0,19173.0,226491.0,-26628.0,0.7138121128082275
10.0,19178.0,226333.0,-26628.0,0.7266463041305542
10.0,19184.0,226162.0,-26629.0,1.1086766719818115
10.0,19190.0,226001.0,-26629.0,1.1014949083328247
10.0,19194.0,225893.0,-26630.0,1.464026927947998
10.0,19199.0,225754.0,-26631.0,1.8244138956069946
10.0,19206.0,225543.0,-26631.0,1.8002032041549683
10.0,19212.0,225333.0,-26631.0,1.794310450553894
10.0,19218.0,225053.0,-26631.0,1.8007549047470093
10.0,19223.0,224875.0,-26631.0,1.8122588396072388
10.0,19227.0,224688.0,-26631.0,1.8321239948272705
10.0,19233.0,224381.0,-26630.0,1.5025166273117065
10.0,19239.0,224061.0,-26629.0,1.1752204895019531
10.0,19246.0,223639.0,-26627.0,0.5185887217521667
10.0,19253.0,223347.0,-26627.0,0.5868940353393555
10.0,19259.0,223091.0,-26627.0,0.6360114216804504
10.0,19267.0,222789.0,-26627.0,0.6806693077087402
10.0,19273.0,222595.0,-26627.0,0.6982542276382446
10.0,19279.0,222419.0,-26628.0,1.0781832933425903
10.0,19284.0,222256.0,-26629.0,1.4440542459487915
10.0,19290.0,222122.0,-26629.0,1.4217110872268677
10.0,19296.0,221952.0,-26630.0,1.7711037397384644
10.0,19303.0,221719.0,-26630.0,1.7526899576187134
10.0,19307.0,221525.0,-26631.0,2.1197869777679443
10.0,19314.0,221258.0,-26630.0,1.752105712890625
10.0,19320.0,220903.0,-26630.0,1.785515546798706
10.0,19325.0,220685.0,-26629.0,1.4533950090408325
10.0,19329.0,220461.0,-26628.0,1.1199169158935547
10.0,19334.0,220179.0,-26627.0,0.7936260104179382
10.0,19340.0,219853.0,-26626.0,0.49429917335510254
10.0,19346.0,219559.0,-26625.0,0.1972048580646515
10.0,19351.0,219299.0,-26625.0,0.24675898253917694
10.0,19357.0,219082.0,-26626.0,0.6591910123825073
10.0,19363.0,218904.0,-26626.0,0.6669728755950928
10.0,19369.0,218776.0,-26627.0,1.0325360298156738
10.0,19375.0,218633.0,-26628.0,1.3787599802017212
10.0,19381.0,218489.0,-26629.0,1.7228071689605713
10.0,19387.0,218323.0,-26630.0,2.060279607772827
10.0,19393.0,218119.0,-26630.0,2.035064935684204
10.0,19399.0,217878.0,-26630.0,2.0275943279266357
10.0,19404.0,217645.0,-26630.0,2.0386226177215576
10.0,19410.0,217340.0,-26629.0,1.683641791343689
10.0,19415.0,217059.0,-26628.0,1.3473573923110962
10.0,19420.0,216710.0,-26627.0,1.0369032621383667
10.0,19426.0,216415.0,-26626.0,0.7281412482261658
10.0,19431.0,216132.0,-26625.0,0.4355742037296295
10.0,19435.0,215920.0,-26624.0,0.10998030751943588
10.0,19440.0,215682.0,-26624.0,0.1578034907579422
10.0,19445.0,215474.0,-26624.0,0.20342697203159332
10.0,19449.0,215301.0,-26624.0,0.2318303883075714
10.0,19453.0,215183.0,-26625.0,0.6179062724113464
10.0,19458.0,215058.0,-26626.0,0.9884287714958191
10.0,19462.0,214993.0,-26627.0,1.3454490900039673
10.0,19466.0,214890.0,-26627.0,1.317601203918457
10.0,19471.0,214805.0,-26628.0,1.6610260009765625
10.0,19475.0,214714.0,-26629.0,2.0019304752349854
10.0,19479.0,214607.0,-26630.0,2.3384292125701904
10.0,19485.0,214417.0,-26630.0,2.304034471511841
10.0,19492.0,214134.0,-26630.0,2.2838969230651855
10.0,19496.0,213943.0,-26630.0,2.288349151611328
10.0,19501.0,213675.0,-26629.0,1.9282760620117188
10.0,19509.0,213192.0,-26627.0,1.250152587890625
10.0,19514.0,212876.0,-26626.0,0.9419894814491272
10.0,19519.0,212558.0,-26625.0,0.644669234752655
10.0,19523.0,212317.0,-26624.0,0.3328903019428253
10.0,19528.0,211982.0,-26623.0,0.049968842417001724
10.0,19533.0,211788.0,-26623.0,0.100239597260952
10.0,19539.0,211546.0,-26623.0,0.15105563402175903
10.0,19545.0,211353.0,-26623.0,0.17802119255065918
10.0,19550.0,211224.0,-26624.0,0.5547495484352112
10.0,19556.0,211100.0,-26626.0,1.278120994567871
10.0,19562.0,210990.0,-26627.0,1.6117761135101318
10.0,19568.0,210868.0,-26628.0,1.9309284687042236
10.0,19574.0,210715.0,-26629.0,2.2416794300079346
10.0,19580.0,210518.0,-26630.0,2.5807435512542725
10.0,19585.0,210315.0,-26630.0,2.5553693771362305
10.0,19591.0,210017.0,-26629.0,2.1861584186553955
10.0,19597.0,209669.0,-26628.0,1.8473175764083862
10.0,19603.0,209287.0,-26626.0,1.1632987260818481
10.0,19609.0,208893.0,-26625.0,0.877755343914032
10.0,19614.0,208576.0,-26623.0,0.2261870950460434
10.0,19619.0,208282.0,-26622.0,-0.06828201562166214
10.0,19624.0,208021.0,-26622.0,0.00047472480218857527
10.0,19629.0,207803.0,-26621.0,-0.33238717913627625
10.0,19633.0,207656.0,-26622.0,0.074966199696064
10.0,19640.0,207469.0,-26623.0,0.4637974500656128
10.0,19644.0,207374.0,-26624.0,0.8203151822090149
10.0,19649.0,207312.0,-26625.0,1.1554782390594482
10.0,19653.0,207250.0,-26626.0,1.4896299839019775
10.0,19658.0,207169.0,-26627.0,1.819022536277771
10.0,19662.0,207089.0,-26628.0,2.51251482963562
10.0,19666.0,206993.0,-26629.0,2.46630597114563
10.0,19671.0,206838.0,-26630.0,2.795325756072998
10.0,19675.0,206679.0,-26630.0,2.773665428161621
10.0,19681.0,206384.0,-26629.0,2.3983519077301025
10.0,19687.0,206028.0,-26628.0,2.061359405517578
10.0,19691.0,205766.0,-26627.0,1.731101632118225
10.0,19695.0,205492.0,-26625.0,1.0379102230072021
10.0,19702.0,205002.0,-26623.0,0.3940763771533966
10.0,19707.0,204671.0,-26622.0,0.11552384495735168
10.0,19711.0,204426.0,-26621.0,-0.16712646186351776
10.0,19715.0,204209.0,-26620.0,-0.47734591364860535
10.0,19720.0,203976.0,-26620.0,-0.42216256260871887
10.0,19725.0,203767.0,-26620.0,-0.3715638816356659
10.0,19731.0,203645.0,-26621.0,0.38637775182724
10.0,19735.0,203580.0,-26623.0,0.7419077157974243
10.0,19741.0,203511.0,-26624.0,1.0703301429748535
10.0,19747.0,203451.0,-26626.0,2.1032092571258545
10.0,19753.0,203371.0,-26628.0,2.3886947631835938
10.0,19759.0,203245.0,-26629.0,2.6937859058380127
10.0,19766.0,203008.0,-26630.0,2.9975123405456543
10.0,19770.0,202824.0,-26629.0,2.601346254348755
10.0,19776.0,202480.0,-26629.0,2.617724657058716
10.0,19782.0,202077.0,-26627.0,1.5608588457107544
10.0,19788.0,201635.0,-26624.0,0.9160373210906982
10.0,19794.0,201192.0,-26622.0,0.26879799365997314
10.0,19799.0,200778.0,-26620.0,-0.3518926203250885
10.0,19803.0,200592.0,-26619.0,-0.6470630764961243
10.0,19807.0,200322.0,-26618.0,-0.9505000710487366
10.0,19811.0,200144.0,-26618.0,-0.8797442317008972
10.0,19817.0,199979.0,-26619.0,-0.4634534418582916
10.0,19821.0,199887.0,-26620.0,-0.07845719158649445
10.0,19826.0,199814.0,-26621.0,0.27461424469947815
10.0,19832.0,199772.0,-26623.0,0.9760559797286987
10.0,19837.0,199753.0,-26625.0,1.65459406375885
10.0,19841.0,199735.0,-26627.0,2.315242052078247
10.0,19846.0,199693.0,-26628.0,2.6144909858703613
10.0,19850.0,199630.0,-26629.0,2.9020466804504395
10.0,19856.0,199471.0,-26630.0,3.195902109146118
10.0,19863.0,199174.0,-26630.0,3.1531875133514404
10.0,19869.0,198824.0,-26629.0,2.785811185836792
10.0,19875.0,198400.0,-26627.0,2.096125841140747
10.0,19880.0,198013.0,-26625.0,1.43043053150177
10.0,19885.0,197617.0,-26622.0,0.4347566068172455
10.0,19891.0,197160.0,-26620.0,-0.19204546511173248
10.0,19896.0,196756.0,-26618.0,-0.7984537482261658
10.0,19901.0,196534.0,-26617.0,-1.0709664821624756
10.0,19905.0,196319.0,-26617.0,-1.0109258890151978
10.0,19909.0,196227.0,-26617.0,-0.9740365147590637
10.0,19913.0,196118.0,-26618.0,-0.5806869864463806
10.0,19918.0,196080.0,-26619.0,-0.2184240221977234
10.0,19922.0,196067.0,-26621.0,0.48598188161849976
10.0,19926.0,196065.0,-26623.0,1.1791236400604248
10.0,19931.0,196062.0,-26625.0,1.8633768558502197
10.0,19937.0,196028.0,-26627.0,2.503628969192505
10.0,19941.0,195958.0,-26628.0,2.789430856704712
10.0,19946.0,195865.0,-26629.0,3.088996171951294
10.0,19951.0,195701.0,-26630.0,3.4219141006469727
10.0,19955.0,195524.0,-26629.0,3.016763925552368
10.0,19960.0,195251.0,-26628.0,2.6449971199035645
10.0,19964.0,194993.0,-26627.0,2.3000075817108154
10.0,19969.0,194637.0,-26625.0,1.5970158576965332
10.0,19975.0,194173.0,-26623.0,0.9593334197998047
10.0,19981.0,193716.0,-26620.0,-0.030635805800557137
10.0,19987.0,193297.0,-26618.0,-0.6370749473571777
10.0,19992.0,193004.0,-26617.0,-0.8867824077606201
10.0,19999.0,192701.0,-26616.0,-1.1712586879730225
10.0,20006.0,192541.0,-26617.0,-0.3827974200248718
10.0,20010.0,192499.0,-26619.0,-0.029182560741901398
10.0,20015.0,192495.0,-26621.0,0.6815160512924194
10.0,20020.0,192498.0,-26624.0,1.6997184753417969
10.0,20026.0,192484.0,-26625.0,1.981844186782837
10.0,20031.0,192452.0,-26627.0,2.6396796703338623
10.0,20035.0,192393.0,-26628.0,2.946810722351074
10.0,20041.0,192242.0,-26629.0,3.247387170791626
10.0,20063.0,190984.0,-26624.0,1.4261873960494995
10.0,20075.0,190096.0,-26619.0,-0.17424257099628448
10.0,20082.0,189657.0,-26617.0,-0.7750414609909058
10.0,20091.0,189259.0,-26616.0,-1.0198613405227661
10.0,20096.0,189125.0,-26617.0,-0.6174619197845459
10.0,20101.0,189053.0,-26618.0,-0.2464660108089447
10.0,20105.0,189027.0,-26619.0,0.1043323427438736
10.0,20109.0,189022.0,-26621.0,0.8092911839485168
10.0,20113.0,189022.0,-26623.0,1.500954031944275
10.0,20117.0,189015.0,-26624.0,1.7898179292678833
10.0,20121.0,188996.0,-26626.0,2.4674994945526123
10.0,20125.0,188957.0,-26627.0,2.789262294769287
10.0,20129.0,188892.0,-26628.0,3.0974180698394775
10.0,20133.0,188796.0,-26628.0,3.0378990173339844
10.0,20137.0,188666.0,-26629.0,2.983482599258423
10.0,20143.0,188400.0,-26628.0,2.9623773097991943
10.0,20147.0,188122.0,-26627.0,2.593395709991455
10.0,20151.0,187930.0,-26626.0,2.24861216545105
10.0,20155.0,187655.0,-26624.0,1.5492831468582153
10.0,20160.0,187291.0,-26622.0,0.8875977396965027
10.0,20164.0,186927.0,-26621.0,0.593637228012085
10.0,20169.0,186650.0,-26619.0,-0.07125357538461685
10.0,20173.0,186395.0,-26618.0,-0.36065414547920227
10.0,20177.0,186118.0,-26617.0,-0.6372156143188477
10.0,20181.0,185943.0,-26616.0,-0.951073944568634
10.0,20186.0,185810.0,-26616.0,-0.905951201915741
10.0,20191.0,185704.0,-26617.0,-0.5070440769195557
10.0,20196.0,185658.0,-26618.0,-0.14832855761051178
10.0,20200.0,185650.0,-26620.0,0.5529618859291077
10.0,20204.0,185654.0,-26622.0,1.2475872039794922
10.0,20209.0,185654.0,-26623.0,1.9154703617095947
10.0,20213.0,185642.0,-26625.0,2.2170896530151367
10.0,20217.0,185602.0,-26626.0,2.518725872039795
10.0,20222.0,185540.0,-26628.0,3.1850993633270264
10.0,20226.0,185445.0,-26628.0,3.1289868354797363
10.0,20231.0,185275.0,-26628.0,3.0913496017456055
10.0,20235.0,185043.0,-26627.0,2.6955697536468506
10.0,20240.0,184815.0,-26626.0,2.33876895904541
10.0,20244.0,184562.0,-26625.0,1.9994889497756958
10.0,20248.0,184215.0,-26623.0,1.3049964904785156
10.0,20253.0,183930.0,-26622.0,1.0015758275985718
10.0,20257.0,183647.0,-26620.0,0.35413873195648193
10.0,20261.0,183373.0,-26618.0,-0.3076176941394806
10.0,20267.0,183009.0,-26616.0,-0.9337013363838196
10.0,20271.0,182763.0,-26616.0,-0.8604896068572998
10.0,20275.0,182646.0,-26616.0,-0.8083338737487793
10.0,20279.0,182529.0,-26616.0,-0.7764154672622681
10.0,20283.0,182449.0,-26617.0,-0.38694778084754944
10.0,20287.0,182401.0,-26618.0,-0.02232687920331955
10.0,20291.0,182391.0,-26619.0,0.3219042718410492
10.0,20295.0,182389.0,-26621.0,1.0253636837005615
10.0,20299.0,182390.0,-26622.0,1.3420212268829346
10.0,20305.0,182373.0,-26624.0,2.01289701461792
10.0,20311.0,182322.0,-26626.0,2.662858247756958
10.0,20318.0,182192.0,-26627.0,2.9367847442626953
10.0,20323.0,182044.0,-26627.0,2.8835349082946777
10.0,20327.0,181887.0,-26627.0,2.8561196327209473
10.0,20334.0,181540.0,-26625.0,2.118802309036255
10.0,20339.0,181242.0,-26624.0,1.779186725616455
10.0,20343.0,180988.0,-26622.0,1.0932352542877197
10.0,20347.0,180663.0,-26621.0,0.7843859195709229
10.0,20352.0,180410.0,-26619.0,0.10560455918312073
10.0,20356.0,180174.0,-26618.0,-0.19494454562664032
10.0,20360.0,179963.0,-26617.0,-0.4839304983615875
10.0,20365.0,179699.0,-26616.0,-0.7891653180122375
10.0,20371.0,179508.0,-26617.0,-0.3550693690776825
10.0,20377.0,179394.0,-26617.0,-0.3411679267883301
10.0,20386.0,179325.0,-26619.0,0.36993059515953064
10.0,20390.0,179314.0,-26621.0,1.0649176836013794
10.0,20395.0,179310.0,-26622.0,1.741215467453003
10.0,20400.0,179284.0,-26624.0,2.0343873500823975
10.0,20405.0,179246.0,-26626.0,2.7062530517578125
10.0,20412.0,179113.0,-26626.0,2.626183032989502
10.0,20419.0,178890.0,-26626.0,2.5710103511810303
10.0,20423.0,178720.0,-26626.0,2.5617451667785645
10.0,20427.0,178472.0,-26625.0,2.196666955947876
10.0,20432.0,178246.0,-26624.0,1.8598203659057617
10.0,20438.0,177884.0,-26622.0,1.168998122215271
10.0,20442.0,177634.0,-26620.0,0.49623903632164
10.0,20446.0,177392.0,-26619.0,0.19282126426696777
10.0,20453.0,177005.0,-26617.0,-0.43269798159599304
10.0,20458.0,176774.0,-26616.0,-0.7470688223838806
10.0,20462.0,176626.0,-26616.0,-0.6834295988082886
10.0,20466.0,176514.0,-26616.0,-0.6529355645179749
10.0,20470.0,176440.0,-26617.0,-0.26832085847854614
10.0,20474.0,176397.0,-26618.0,0.101561039686203
10.0,20478.0,176379.0,-26619.0,0.44082003831863403
10.0,20482.0,176375.0,-26620.0,1.1482961177825928
10.0,20486.0,176375.0,-26621.0,1.1067153215408325
10.0,20490.0,176370.0,-26623.0,1.7834010124206543
10.0,20494.0,176355.0,-26624.0,2.0943548679351807
10.0,20498.0,176324.0,-26625.0,2.407102108001709
10.0,20502.0,176272.0,-26626.0,2.7400479316711426
10.0,20506.0,176194.0,-26626.0,2.687175989151001
10.0,20511.0,176053.0,-26626.0,2.643065929412842
10.0,20515.0,175904.0,-26626.0,2.6226017475128174
10.0,20519.0,175677.0,-26625.0,2.24886155128479
10.0,20525.0,175405.0,-26624.0,1.9052585363388062
10.0,20529.0,175165.0,-26622.0,1.2153524160385132
10.0,20534.0,174854.0,-26621.0,0.9028587937355042
10.0,20538.0,174547.0,-26619.0,0.2440813034772873
10.0,20542.0,174319.0,-26617.0,-0.43254053592681885
10.0,20547.0,174111.0,-26617.0,-0.35710111260414124
10.0,20552.0,173892.0,-26616.0,-0.6379914879798889
10.0,20556.0,173730.0,-26615.0,-0.9695116877555847
10.0,20563.0,173613.0,-26616.0,-0.5590972900390625
10.0,20567.0,173579.0,-26617.0,-0.19096271693706512
10.0,20571.0,173570.0,-26618.0,0.15541678667068481
10.0,20576.0,173579.0,-26620.0,0.8488942980766296
10.0,20583.0,173582.0,-26622.0,1.51900315284729
10.0,20588.0,173557.0,-26624.0,2.1816461086273193
10.0,20594.0,173510.0,-26625.0,2.4701900482177734
10.0,20599.0,173428.0,-26625.0,2.41078519821167
10.0,20605.0,173276.0,-26626.0,2.7401516437530518
10.0,20611.0,173056.0,-26625.0,2.3442940711975098
10.0,20616.0,172825.0,-26624.0,1.981565237045288
10.0,20622.0,172505.0,-26622.0,1.2925317287445068
10.0,20627.0,172164.0,-26620.0,0.6072834134101868
10.0,20633.0,171885.0,-26619.0,0.3133150339126587
10.0,20639.0,171533.0,-26617.0,-0.3244416117668152
10.0,20645.0,171325.0,-26616.0,-0.6121827363967896
10.0,20649.0,171189.0,-26616.0,-0.5680652260780334
10.0,20655.0,171055.0,-26616.0,-0.5381302237510681
10.0,20659.0,171006.0,-26617.0,-0.16032962501049042
10.0,20663.0,170985.0,-26618.0,0.19189085066318512
10.0,20668.0,170984.0,-26620.0,0.8986459374427795
10.0,20672.0,170985.0,-26621.0,1.2276277542114258
10.0,20677.0,170981.0,-26622.0,1.5476409196853638
10.0,20681.0,170963.0,-26623.0,1.8529001474380493
10.0,20686.0,170931.0,-26624.0,2.157498598098755
10.0,20700.0,170598.0,-26625.0,2.406038522720337
10.0,20704.0,170447.0,-26624.0,2.0226919651031494
10.0,20709.0,170270.0,-26623.0,1.6598000526428223
10.0,20714.0,169969.0,-26622.0,1.3351070880889893
10.0,20721.0,169651.0,-26620.0,0.6737794280052185
10.0,20725.0,169392.0,-26619.0,0.3594093918800354
10.0,20730.0,169203.0,-26618.0,0.05823993682861328
10.0,20734.0,169032.0,-26617.0,-0.26120924949645996
10.0,20740.0,168821.0,-26616.0,-0.5643581748008728
10.0,20746.0,168681.0,-26616.0,-0.5288756489753723
10.0,20750.0,168613.0,-26617.0,-0.14316920936107635
10.0,20756.0,168586.0,-26618.0,0.20718950033187866
10.0,20761.0,168582.0,-26620.0,0.9146615862846375
10.0,20767.0,168580.0,-26621.0,1.2211921215057373
10.0,20772.0,168570.0,-26622.0,1.5444841384887695
10.0,20778.0,168534.0,-26623.0,1.8408763408660889
10.0,20783.0,168473.0,-26624.0,2.146909713745117
10.0,20789.0,168357.0,-26625.0,2.4793224334716797
10.0,20794.0,168221.0,-26624.0,2.0764129161834717
10.0,20799.0,168052.0,-26623.0,1.6972754001617432
10.0,20805.0,167812.0,-26623.0,1.7158747911453247
10.0,20811.0,167549.0,-26621.0,1.0063965320587158
10.0,20816.0,167319.0,-26620.0,0.6950574517250061
10.0,20820.0,167138.0,-26619.0,0.36884936690330505
10.0,20824.0,166963.0,-26618.0,0.0302464347332716
10.0,20829.0,166768.0,-26617.0,-0.27050188183784485
10.0,20833.0,166608.0,-26617.0,-0.22968916594982147
10.0,20838.0,166512.0,-26617.0,-0.19828082621097565
10.0,20845.0,166394.0,-26618.0,0.19090493023395538
10.0,20851.0,166356.0,-26619.0,0.5448238253593445
10.0,20856.0,166342.0,-26619.0,0.5177764296531677
10.0,20861.0,166334.0,-26621.0,1.2233184576034546
10.0,20866.0,166321.0,-26622.0,1.530595064163208
10.0,20871.0,166291.0,-26623.0,1.8489720821380615
10.0,20878.0,166230.0,-26624.0,2.161905288696289
10.0,20883.0,166148.0,-26624.0,2.1086928844451904
10.0,20889.0,166001.0,-26624.0,2.084310293197632
10.0,20895.0,165805.0,-26623.0,1.7080916166305542
10.0,20899.0,165609.0,-26622.0,1.3507822751998901
10.0,20904.0,165441.0,-26621.0,1.0032970905303955
10.0,20910.0,165183.0,-26620.0,0.6877397298812866
10.0,20914.0,164975.0,-26619.0,0.37038376927375793
10.0,20919.0,164825.0,-26618.0,0.051625799387693405
10.0,20923.0,164688.0,-26617.0,-0.28200918436050415
10.0,20928.0,164546.0,-26617.0,-0.24459601938724518
10.0,20932.0,164457.0,-26617.0,-0.21311742067337036
10.0,20937.0,164379.0,-26617.0,-0.19912077486515045
10.0,20941.0,164340.0,-26618.0,0.17481638491153717
10.0,20945.0,164318.0,-26619.0,0.5354201197624207
10.0,20951.0,164310.0,-26620.0,0.8748674392700195
10.0,20955.0,164309.0,-26620.0,1.2040729522705078
10.0,20960.0,164304.0,-26622.0,1.536561369895935
10.0,20966.0,164279.0,-26623.0,1.8321560621261597
10.0,20973.0,164211.0,-26623.0,1.7745064496994019
10.0,20979.0,164111.0,-26624.0,2.101350784301758
10.0,20984.0,163992.0,-26623.0,1.7028077840805054
10.0,20990.0,163812.0,-26623.0,1.7068976163864136
10.0,20996.0,163567.0,-26622.0,1.3556327819824219
10.0,21003.0,163337.0,-26620.0,0.6506779789924622
10.0,21009.0,163108.0,-26619.0,0.3374979794025421
10.0,21014.0,162933.0,-26618.0,0.015999162569642067
10.0,21021.0,162732.0,-26617.0,-0.2879783809185028
10.0,21026.0,162631.0,-26617.0,-0.25792521238327026
10.0,21031.0,162568.0,-26618.0,0.12305186688899994
10.0,21038.0,162530.0,-26619.0,0.48115405440330505
10.0,21042.0,162526.0,-26620.0,0.825299084186554
10.0,21046.0,162525.0,-26620.0,0.7919278144836426
10.0,21051.0,162523.0,-26621.0,1.4947887659072876
10.0,21055.0,162514.0,-26622.0,1.4517502784729004
10.0,21060.0,162488.0,-26623.0,1.7866073846817017
10.0,21064.0,162450.0,-26623.0,1.7500890493392944
10.0,21069.0,162382.0,-26623.0,1.7097910642623901
10.0,21074.0,162289.0,-26623.0,1.6891238689422607
10.0,21078.0,162194.0,-26623.0,1.6807526350021362
10.0,21082.0,162086.0,-26622.0,1.306789755821228
10.0,21088.0,161899.0,-26622.0,1.3224138021469116
10.0,21092.0,161762.0,-26621.0,0.977796733379364
10.0,21096.0,161623.0,-26620.0,0.6508190631866455
10.0,21103.0,161389.0,-26619.0,0.30870407819747925
10.0,21107.0,161241.0,-26619.0,0.3502226769924164
10.0,21111.0,161165.0,-26618.0,0.0052986363880336285
10.0,21115.0,161056.0,-26618.0,0.030138013884425163
10.0,21120.0,160991.0,-26618.0,0.048089370131492615
10.0,21124.0,160940.0,-26618.0,0.054834142327308655
10.0,21128.0,160904.0,-26619.0,0.4283578097820282
10.0,21132.0,160882.0,-26619.0,0.4179803431034088
10.0,21136.0,160867.0,-26620.0,0.7777578830718994
10.0,21140.0,160858.0,-26620.0,0.7447133660316467
10.0,21146.0,160844.0,-26621.0,1.0735409259796143
10.0,21152.0,160819.0,-26622.0,1.407755970954895
10.0,21157.0,160774.0,-26623.0,1.7373067140579224
10.0,21163.0,160718.0,-26623.0,1.700448751449585
10.0,21169.0,160618.0,-26623.0,1.6729238033294678
10.0,21174.0,160509.0,-26622.0,1.287213921546936
10.0,21178.0,160376.0,-26622.0,1.2986069917678833
10.0,21184.0,160233.0,-26621.0,0.9451711177825928
10.0,21189.0,160086.0,-26620.0,0.6062272787094116
10.0,21195.0,159919.0,-26619.0,0.2708866000175476
10.0,21200.0,159771.0,-26619.0,0.30511850118637085
10.0,21206.0,159672.0,-26619.0,0.3278256952762604
10.0,21210.0,159603.0,-26618.0,-0.027884727343916893
10.0,21214.0,159548.0,-26619.0,0.35401007533073425
10.0,21220.0,159486.0,-26619.0,0.35380586981773376
10.0,21225.0,159451.0,-26619.0,0.34448084235191345
10.0,21229.0,159431.0,-26620.0,0.7045117020606995
10.0,21233.0,159415.0,-26620.0,0.6851439476013184
10.0,21239.0,159393.0,-26621.0,1.0293619632720947
10.0,21243.0,159372.0,-26622.0,1.3743335008621216
10.0,21247.0,159337.0,-26622.0,1.3518710136413574
10.0,21252.0,159299.0,-26622.0,1.3252696990966797
10.0,21256.0,159253.0,-26622.0,1.3088246583938599
10.0,21262.0,159167.0,-26622.0,1.2928534746170044
10.0,21269.0,159019.0,-26622.0,1.2877410650253296
10.0,21274.0,158934.0,-26621.0,0.9161489605903625
10.0,21279.0,158797.0,-26621.0,0.9352827668190002
10.0,21285.0,158662.0,-26620.0,0.58598792552948
10.0,21290.0,158577.0,-26620.0,0.6032113432884216
10.0,21294.0,158504.0,-26619.0,0.24156352877616882
10.0,21300.0,158406.0,-26619.0,0.25929757952690125
10.0,21304.0,158353.0,-26619.0,0.27151408791542053
10.0,21309.0,158303.0,-26619.0,0.2748182713985443
10.0,21313.0,158278.0,-26620.0,0.6432985067367554
10.0,21317.0,158260.0,-26620.0,0.6258794069290161
10.0,21323.0,158237.0,-26621.0,0.971354067325592
10.0,21329.0,158205.0,-26621.0,0.9482402801513672
10.0,21334.0,158169.0,-26622.0,1.2975023984909058
10.0,21339.0,158125.0,-26622.0,1.278254747390747
10.0,21344.0,158069.0,-26622.0,1.2601218223571777
10.0,21349.0,158000.0,-26622.0,1.2469276189804077
10.0,21355.0,157905.0,-26622.0,1.2409744262695312
10.0,21360.0,157816.0,-26621.0,0.8707931041717529
10.0,21366.0,157703.0,-26621.0,0.8842443823814392
10.0,21372.0,157590.0,-26620.0,0.5261555910110474
10.0,21378.0,157481.0,-26620.0,0.5451309084892273
10.0,21383.0,157403.0,-26620.0,0.5598940849304199
10.0,21388.0,157337.0,-26619.0,0.194355309009552
10.0,21392.0,157292.0,-26620.0,0.575926661491394
10.0,21396.0,157250.0,-26620.0,0.5763263702392578
10.0,21401.0,157225.0,-26620.0,0.5672308802604675
10.0,21405.0,157207.0,-26620.0,0.5572769045829773
10.0,21409.0,157192.0,-26621.0,0.9212737083435059
10.0,21414.0,157181.0,-26621.0,0.9000809788703918
10.0,21418.0,157169.0,-26622.0,1.2504212856292725
10.0,21422.0,157159.0,-26622.0,1.2229115962982178
10.0,21428.0,157137.0,-26622.0,1.1893601417541504
10.0,21432.0,157105.0,-26623.0,1.5466073751449585
10.0,21437.0,157071.0,-26622.0,1.1484493017196655
10.0,21441.0,157029.0,-26623.0,1.508766531944275
10.0,21445.0,156981.0,-26622.0,1.1261616945266724
10.0,21450.0,156907.0,-26622.0,1.1213650703430176
10.0,21454.0,156843.0,-26622.0,1.1228911876678467
10.0,21458.0,156768.0,-26621.0,0.7573602795600891
10.0,21463.0,156655.0,-26621.0,0.7761877179145813
10.0,21469.0,156563.0,-26621.0,0.4207139313220978
10.0,21475.0,156444.0,-26620.0,0.44847291707992554
10.0,21480.0,156384.0,-26619.0,0.09470544755458832
10.0,21484.0,156331.0,-26620.0,0.10707120597362518
10.0,21488.0,156279.0,-26619.0,0.12027839571237564
10.0,21494.0,156244.0,-26619.0,0.12531176209449768
10.0,21499.0,156225.0,-26620.0,0.49415159225463867
10.0,21503.0,156219.0,-26620.0,0.8560447096824646
10.0,21508.0,156214.0,-26621.0,0.8334585428237915
10.0,21513.0,156208.0,-26621.0,0.8156979084014893
10.0,21517.0,156196.0,-26622.0,1.169561505317688
10.0,21521.0,156184.0,-26622.0,1.147379755973816
10.0,21527.0,156159.0,-26622.0,1.125276803970337
10.0,21531.0,156133.0,-26622.0,1.1077901124954224
10.0,21535.0,156101.0,-26622.0,1.0973321199417114
10.0,21539.0,156065.0,-26622.0,1.0895220041275024
10.0,21543.0,156015.0,-26622.0,1.0829389095306396
10.0,21548.0,155970.0,-26622.0,1.0788413286209106
10.0,21552.0,155923.0,-26622.0,1.0758482217788696
10.0,21556.0,155875.0,-26621.0,0.7002370357513428
10.0,21560.0,155824.0,-26621.0,0.7074460983276367
10.0,21564.0,155777.0,-26621.0,0.7126827239990234
10.0,21568.0,155733.0,-26621.0,0.7164568305015564
10.0,21572.0,155693.0,-26621.0,0.7183883786201477
10.0,21577.0,155649.0,-26621.0,0.7182682156562805
10.0,21582.0,155611.0,-26621.0,0.7163084745407104
10.0,21586.0,155583.0,-26621.0,0.7136034965515137
10.0,21590.0,155559.0,-26621.0,0.7086966037750244
10.0,21594.0,155534.0,-26621.0,0.7046366930007935
10.0,21598.0,155501.0,-26621.0,0.7020805478096008
10.0,21604.0,155467.0,-26621.0,0.6991962194442749
10.0,21609.0,155431.0,-26621.0,0.6973862648010254
10.0,21613.0,155404.0,-26621.0,0.6952530741691589
10.0,21617.0,155377.0,-26621.0,0.6916208863258362
10.0,21623.0,155342.0,-26621.0,0.6873115301132202
10.0,21628.0,155315.0,-26621.0,0.683098316192627
10.0,21632.0,155296.0,-26621.0,0.6767011284828186
10.0,21636.0,155277.0,-26622.0,1.0473883152008057
10.0,21641.0,155255.0,-26621.0,0.6573454737663269
10.0,21645.0,155235.0,-26622.0,1.0258315801620483
10.0,21650.0,155205.0,-26622.0,1.0135204792022705
10.0,21654.0,155176.0,-26622.0,1.0072059631347656
10.0,21658.0,155134.0,-26622.0,1.0068107843399048
10.0,21663.0,155098.0,-26621.0,0.6299352645874023
10.0,21672.0,155015.0,-26621.0,0.6424558162689209
10.0,21677.0,154973.0,-26621.0,0.6468604803085327
10.0,21681.0,154942.0,-26621.0,0.6487138867378235
10.0,21685.0,154913.0,-26621.0,0.6500991582870483
10.0,21689.0,154886.0,-26621.0,0.6501573920249939
10.0,21693.0,154861.0,-26621.0,0.6498266458511353
10.0,21697.0,154831.0,-26621.0,0.6491091251373291
10.0,21701.0,154814.0,-26621.0,0.6475778222084045
10.0,21705.0,154794.0,-26621.0,0.6452726721763611
10.0,21709.0,154776.0,-26621.0,0.6417745351791382
10.0,21715.0,154755.0,-26621.0,0.6344614624977112
10.0,21721.0,154739.0,-26621.0,0.625469982624054
10.0,21727.0,154728.0,-26621.0,0.6148906350135803
10.0,21733.0,154722.0,-26621.0,0.5963722467422485
10.0,21739.0,154713.0,-26622.0,0.951712429523468
10.0,21745.0,154702.0,-26622.0,0.9358025789260864
10.0,21749.0,154689.0,-26622.0,0.9228739738464355
10.0,21755.0,154665.0,-26622.0,0.9127998948097229
10.0,21759.0,154646.0,-26622.0,0.9050061702728271
10.0,21763.0,154624.0,-26622.0,0.8999574780464172
10.0,21767.0,154592.0,-26622.0,0.8968796730041504
10.0,21772.0,154565.0,-26622.0,0.8944072723388672
10.0,21776.0,154534.0,-26622.0,0.8937821984291077
10.0,21781.0,154493.0,-26622.0,0.8941470980644226
10.0,21785.0,154460.0,-26621.0,0.5283166170120239
10.0,21789.0,154429.0,-26621.0,0.5348276495933533
10.0,21795.0,154395.0,-26621.0,0.5396239161491394
10.0,21802.0,154372.0,-26621.0,0.5388460159301758
10.0,21806.0,154363.0,-26621.0,0.5363563895225525
10.0,21812.0,154357.0,-26621.0,0.5293711423873901
10.0,21819.0,154356.0,-26621.0,0.5215367078781128
10.0,21823.0,154356.0,-26622.0,0.8872305154800415
10.0,21827.0,154356.0,-26622.0,0.8709160685539246
10.0,21831.0,154352.0,-26622.0,0.8602918386459351
10.0,21835.0,154343.0,-26622.0,0.850977897644043
10.0,21840.0,154333.0,-26622.0,0.8412798643112183
10.0,21844.0,154322.0,-26622.0,0.834942102432251
10.0,21851.0,154302.0,-26622.0,0.8240883946418762
10.0,21856.0,154286.0,-26622.0,0.8175653219223022
10.0,21862.0,154264.0,-26622.0,0.8101314306259155
10.0,21868.0,154249.0,-26622.0,0.8039544224739075
10.0,21873.0,154235.0,-26622.0,0.7965587973594666
10.0,21879.0,154219.0,-26622.0,0.7902577519416809
10.0,21884.0,154205.0,-26622.0,0.78376704454422
10.0,21889.0,154188.0,-26622.0,0.7786197066307068
10.0,21895.0,154171.0,-26622.0,0.774649441242218
10.0,21901.0,154147.0,-26622.0,0.7726598978042603
10.0,21907.0,154118.0,-26621.0,0.4038320779800415
10.0,21914.0,154087.0,-26621.0,0.41825127601623535
10.0,21919.0,154073.0,-26621.0,0.42246881127357483
10.0,21924.0,154065.0,-26621.0,0.4252912402153015
10.0,21930.0,154061.0,-26621.0,0.4253975749015808
10.0,21935.0,154061.0,-26621.0,0.4246212840080261
10.0,21939.0,154061.0,-26621.0,0.42371293902397156
10.0,21943.0,154061.0,-26621.0,0.42303377389907837
10.0,21947.0,154061.0,-26622.0,0.7976832389831543
10.0,21953.0,154061.0,-26622.0,0.7862034440040588
10.0,21958.0,154056.0,-26622.0,0.7758049964904785
10.0,21963.0,154049.0,-26622.0,0.768933892250061
10.0,21968.0,154035.0,-26621.0,0.3953785300254822
10.0,21974.0,154026.0,-26621.0,0.4005165994167328
10.0,21980.0,154023.0,-26621.0,0.40186023712158203
10.0,21984.0,154023.0,-26621.0,0.40230485796928406
10.0,21989.0,154023.0,-26621.0,0.40266016125679016
10.0,21995.0,154023.0,-26621.0,0.4031924307346344
10.0,21999.0,154023.0,-26621.0,0.4036354124546051
10.0,22004.0,154023.0,-26621.0,0.7793663144111633
10.0,22008.0,154023.0,-26622.0,0.7710884213447571
10.0,22013.0,154022.0,-26622.0,0.7635898590087891
10.0,22017.0,154018.0,-26621.0,0.384913831949234
10.0,22021.0,154015.0,-26621.0,0.38737642765045166
10.0,22027.0,154015.0,-26621.0,0.3889821171760559
10.0,22033.0,154015.0,-26621.0,0.3905242085456848
10.0,22039.0,154015.0,-26621.0,0.39176344871520996
10.0,22044.0,154015.0,-26621.0,0.3931986093521118
10.0,22050.0,154015.0,-26621.0,0.3943534195423126
10.0,22055.0,154015.0,-26621.0,0.39569276571273804
10.0,22060.0,154015.0,-26621.0,0.3967720866203308
10.0,22066.0,154015.0,-26621.0,0.3980256915092468
10.0,22072.0,154015.0,-26621.0,0.39943403005599976
10.0,22079.0,154015.0,-26621.0,0.40040645003318787
10.0,22084.0,154015.0,-26621.0,0.40153855085372925
10.0,22090.0,154015.0,-26621.0,0.4026348888874054
10.0,22096.0,154015.0,-26621.0,0.4035225510597229
10.0,22101.0,154015.0,-26621.0,0.4045584797859192
10.0,22108.0,154015.0,-26621.0,0.4055642783641815
10.0,22112.0,154015.0,-26621.0,0.40621882677078247
10.0,22117.0,154015.0,-26620.0,0.031889691948890686
10.0,22123.0,154015.0,-26620.0,0.045642219483852386
10.0,22128.0,154015.0,-26620.0,0.05437743291258812
10.0,22132.0,154016.0,-26620.0,0.06440610438585281
10.0,22138.0,154016.0,-26620.0,0.07633021473884583
10.0,22143.0,154016.0,-26620.0,0.08575555682182312
10.0,22149.0,154016.0,-26620.0,0.09648621082305908
10.0,22156.0,154017.0,-26620.0,0.10783088952302933
10.0,22163.0,154017.0,-26619.0,-0.25576379895210266
10.0,22169.0,154018.0,-26619.0,-0.23453930020332336
10.0,22174.0,154022.0,-26619.0,-0.21625803411006927
10.0,22182.0,154031.0,-26619.0,-0.1944766342639923
10.0,22186.0,154034.0,-26619.0,-0.18312057852745056
10.0,22192.0,154036.0,-26619.0,-0.16646108031272888
10.0,22199.0,154037.0,-26619.0,-0.15032422542572021
10.0,22203.0,154037.0,-26618.0,-0.5107182860374451
10.0,22209.0,154038.0,-26618.0,-0.483543336391449
10.0,22214.0,154044.0,-26618.0,-0.46096038818359375
10.0,22219.0,154054.0,-26618.0,-0.4445785582065582
10.0,22223.0,154063.0,-26618.0,-0.4324847161769867
10.0,22227.0,154074.0,-26618.0,-0.42086270451545715
10.0,22233.0,154086.0,-26618.0,-0.4072960615158081
10.0,22237.0,154095.0,-26618.0,-0.3930897116661072
10.0,22242.0,154100.0,-26618.0,-0.37825819849967957
10.0,22246.0,154103.0,-26617.0,-0.7344667911529541
10.0,22251.0,154107.0,-26617.0,-0.7148747444152832
10.0,22256.0,154117.0,-26617.0,-0.6936277747154236
10.0,22260.0,154128.0,-26617.0,-0.6755993366241455
10.0,22264.0,154142.0,-26617.0,-0.6626858711242676
10.0,22270.0,154166.0,-26617.0,-0.6459911465644836
10.0,22274.0,154185.0,-26617.0,-0.6364290714263916
10.0,22280.0,154217.0,-26617.0,-0.6247509121894836
10.0,22285.0,154257.0,-26617.0,-0.6183739304542542
10.0,22290.0,154289.0,-26617.0,-0.6149433255195618
10.0,22297.0,154349.0,-26617.0,-0.6126143932342529
10.0,22301.0,154395.0,-26617.0,-0.6123188734054565
10.0,22306.0,154431.0,-26618.0,-0.23852196335792542
10.0,22313.0,154493.0,-26618.0,-0.25313329696655273
10.0,22318.0,154532.0,-26618.0,-0.25618621706962585
10.0,22323.0,154549.0,-26618.0,-0.2551310956478119
10.0,22327.0,154560.0,-26617.0,-0.625577986240387
10.0,22333.0,154567.0,-26617.0,-0.603114128112793
10.0,22338.0,154574.0,-26617.0,-0.5858256816864014
10.0,22344.0,154582.0,-26616.0,-0.9404925107955933
10.0,22350.0,154594.0,-26616.0,-0.9160342216491699
10.0,22355.0,154614.0,-26616.0,-0.893458366394043
10.0,22361.0,154647.0,-26616.0,-0.879570484161377
10.0,22366.0,154693.0,-26616.0,-0.8686708807945251
10.0,22372.0,154738.0,-26616.0,-0.8623522520065308
10.0,22378.0,154802.0,-26616.0,-0.8607746362686157
10.0,22383.0,154874.0,-26616.0,-0.8625380992889404
10.0,22389.0,154951.0,-26616.0,-0.8662595152854919
10.0,22395.0,155018.0,-26617.0,-0.500211775302887
10.0,22400.0,155096.0,-26617.0,-0.51390540599823
10.0,22406.0,155155.0,-26617.0,-0.5260697603225708
10.0,22412.0,155214.0,-26617.0,-0.5324152708053589
10.0,22418.0,155267.0,-26617.0,-0.5354041457176208
10.0,22424.0,155319.0,-26617.0,-0.5352545380592346
10.0,22430.0,155353.0,-26616.0,-0.9092909693717957
10.0,22434.0,155379.0,-26616.0,-0.896956205368042
10.0,22440.0,155425.0,-26616.0,-0.8878535628318787
10.0,22444.0,155459.0,-26616.0,-0.881412148475647
10.0,22449.0,155506.0,-26616.0,-0.8772852420806885
10.0,22453.0,155544.0,-26616.0,-0.8737795948982239
10.0,22457.0,155597.0,-26616.0,-0.8720247149467468
10.0,22463.0,155655.0,-26616.0,-0.8728702664375305
10.0,22468.0,155733.0,-26616.0,-0.8769181966781616
10.0,22473.0,155787.0,-26616.0,-0.8805817365646362
10.0,22479.0,155874.0,-26616.0,-0.888481855392456
10.0,22484.0,155967.0,-26616.0,-0.9004836082458496
10.0,22489.0,156049.0,-26617.0,-0.5377193689346313
10.0,22495.0,156134.0,-26617.0,-0.5628672242164612
10.0,22502.0,156254.0,-26617.0,-0.5845353007316589
10.0,22507.0,156307.0,-26617.0,-0.595605731010437
10.0,22511.0,156358.0,-26617.0,-0.6033306121826172
10.0,22515.0,156405.0,-26617.0,-0.6077249646186829
10.0,22519.0,156446.0,-26617.0,-0.6106664538383484
10.0,22523.0,156494.0,-26617.0,-0.6122168302536011
10.0,22528.0,156529.0,-26616.0,-0.9813673496246338
10.0,22534.0,156586.0,-26616.0,-0.9730830192565918
10.0,22539.0,156640.0,-26616.0,-0.9678447246551514
10.0,22544.0,156714.0,-26616.0,-0.9659400582313538
10.0,22551.0,156797.0,-26616.0,-0.9685705900192261
10.0,22555.0,156871.0,-26616.0,-0.9720319509506226
10.0,22560.0,156933.0,-26616.0,-0.9775400161743164
10.0,22564.0,157000.0,-26616.0,-0.9842503070831299
10.0,22569.0,157089.0,-26616.0,-0.9925029873847961
10.0,22575.0,157207.0,-26616.0,-1.0087332725524902
10.0,22582.0,157359.0,-26617.0,-0.6695914268493652
10.0,22589.0,157514.0,-26617.0,-0.7023776173591614
10.0,22593.0,157598.0,-26617.0,-0.7258395552635193
10.0,22600.0,157737.0,-26618.0,-0.38458219170570374
10.0,22605.0,157822.0,-26618.0,-0.4110526144504547
10.0,22611.0,157905.0,-26618.0,-0.4253678321838379
10.0,22616.0,157964.0,-26617.0,-0.8033389449119568
10.0,22620.0,158006.0,-26617.0,-0.7998033761978149
10.0,22626.0,158069.0,-26617.0,-0.7963845729827881
10.0,22632.0,158136.0,-26616.0,-1.1585745811462402
10.0,22639.0,158227.0,-26616.0,-1.1488169431686401
10.0,22644.0,158304.0,-26616.0,-1.147208333015442
10.0,22648.0,158374.0,-26616.0,-1.1503493785858154
10.0,22654.0,158494.0,-26616.0,-1.1586451530456543
10.0,22659.0,158603.0,-26616.0,-1.1733194589614868
10.0,22664.0,158725.0,-26616.0,-1.190291404724121
10.0,22670.0,158881.0,-26617.0,-0.8391087055206299
10.0,22675.0,159044.0,-26617.0,-0.8767794370651245
10.0,22681.0,159175.0,-26618.0,-0.54062420129776
10.0,22687.0,159323.0,-26618.0,-0.5796371102333069
10.0,22692.0,159433.0,-26618.0,-0.6046150922775269
10.0,22696.0,159513.0,-26618.0,-0.6201345920562744
10.0,22702.0,159620.0,-26618.0,-0.6371970772743225
10.0,22706.0,159685.0,-26618.0,-0.6450340151786804
10.0,22712.0,159775.0,-26618.0,-0.6528368592262268
10.0,22718.0,159861.0,-26617.0,-1.0256444215774536
10.0,22722.0,159921.0,-26617.0,-1.02409827709198
10.0,22729.0,160037.0,-26617.0,-1.0250160694122314
10.0,22734.0,160126.0,-26616.0,-1.4025648832321167
10.0,22739.0,160223.0,-26616.0,-1.3999110460281372
10.0,22744.0,160358.0,-26616.0,-1.4031236171722412
10.0,22750.0,160485.0,-26617.0,-1.0439969301223755
10.0,22756.0,160649.0,-26617.0,-1.0677061080932617
10.0,22761.0,160789.0,-26617.0,-1.0964001417160034
10.0,22765.0,160903.0,-26618.0,-0.7467859983444214
10.0,22771.0,161071.0,-26618.0,-0.7791571021080017
10.0,22776.0,161231.0,-26618.0,-0.8126434683799744
10.0,22782.0,161386.0,-26619.0,-0.4734554886817932
10.0,22788.0,161505.0,-26619.0,-0.5083029866218567
10.0,22793.0,161614.0,-26619.0,-0.5310066938400269
10.0,22800.0,161744.0,-26618.0,-0.9173182249069214
10.0,22807.0,161874.0,-26618.0,-0.9163286685943604
10.0,22812.0,161953.0,-26617.0,-1.2858169078826904
10.0,22818.0,162034.0,-26617.0,-1.2748900651931763
10.0,22823.0,162128.0,-26617.0,-1.2698802947998047
10.0,22828.0,162233.0,-26616.0,-1.6421868801116943
10.0,22832.0,162325.0,-26616.0,-1.6385204792022705
10.0,22836.0,162455.0,-26616.0,-1.6403342485427856
10.0,22841.0,162575.0,-26617.0,-1.2844661474227905
10.0,22845.0,162706.0,-26617.0,-1.3060851097106934
10.0,22849.0,162843.0,-26618.0,-0.9538704752922058
10.0,22854.0,163058.0,-26618.0,-0.9956001043319702
10.0,22859.0,163200.0,-26619.0,-0.6536790728569031
10.0,22864.0,163406.0,-26619.0,-0.7080314755439758
10.0,22870.0,163563.0,-26620.0,-0.38459765911102295
10.0,22874.0,163680.0,-26620.0,-0.4153335988521576
10.0,22879.0,163806.0,-26620.0,-0.4447149634361267
10.0,22885.0,163939.0,-26620.0,-0.466254860162735
10.0,22891.0,164053.0,-26619.0,-0.8567159175872803
10.0,22896.0,164137.0,-26619.0,-0.8544463515281677
10.0,22902.0,164253.0,-26618.0,-1.2191282510757446
10.0,22909.0,164362.0,-26618.0,-1.2090039253234863
10.0,22914.0,164462.0,-26617.0,-1.5714343786239624
10.0,22919.0,164574.0,-26617.0,-1.564527153968811
10.0,22925.0,164729.0,-26617.0,-1.5654382705688477
10.0,22930.0,164879.0,-26617.0,-1.5747663974761963
10.0,22936.0,165078.0,-26617.0,-1.5907738208770752
10.0,22940.0,165261.0,-26618.0,-1.2460517883300781
10.0,22944.0,165417.0,-26619.0,-0.9001525640487671
10.0,22951.0,165655.0,-26619.0,-0.590926468372345
10.0,22955.0,165814.0,-26620.0,-0.6346369981765747
10.0,22959.0,165963.0,-26621.0,-0.2971140742301941
10.0,22963.0,166104.0,-26621.0,-0.3386678695678711
10.0,22968.0,166261.0,-26621.0,-0.3717106878757477
10.0,22972.0,166368.0,-26621.0,-0.40234020352363586
10.0,22976.0,166466.0,-26621.0,-0.42044031620025635
10.0,22981.0,166569.0,-26620.0,-0.8033666610717773
10.0,22987.0,166682.0,-26620.0,-0.8036766052246094
10.0,22993.0,166792.0,-26619.0,-1.1682595014572144
10.0,23000.0,166930.0,-26618.0,-1.530638575553894
10.0,23004.0,167018.0,-26618.0,-1.5206279754638672
10.0,23008.0,167119.0,-26618.0,-1.5166147947311401
10.0,23015.0,167320.0,-26618.0,-1.5227022171020508
10.0,23022.0,167546.0,-26618.0,-1.539465069770813
10.0,23029.0,167797.0,-26619.0,-1.186055302619934
10.0,23033.0,167991.0,-26619.0,-1.2203682661056519
10.0,23038.0,168153.0,-26620.0,-0.8744215369224548
10.0,23044.0,168395.0,-26620.0,-0.9376017451286316
10.0,23049.0,168629.0,-26621.0,-0.6104633808135986
10.0,23055.0,168809.0,-26621.0,-0.6524926424026489
10.0,23062.0,169034.0,-26621.0,-0.6965651512145996
10.0,23068.0,169207.0,-26621.0,-0.7236794829368591
10.0,23073.0,169486.0,-26620.0,-1.1268213987350464
10.0,23084.0,169606.0,-26620.0,-1.1259963512420654
10.0,23090.0,169755.0,-26620.0,-1.1284517049789429
10.0,23095.0,169887.0,-26619.0,-1.501235842704773
10.0,23101.0,170057.0,-26619.0,-1.4999496936798096
10.0,23107.0,170246.0,-26619.0,-1.5089462995529175
10.0,23113.0,170456.0,-26619.0,-1.525001049041748
10.0,23119.0,170683.0,-26620.0,-1.1757060289382935
10.0,23127.0,170999.0,-26620.0,-0.8576722145080566
10.0,23132.0,171240.0,-26621.0,-0.8990525007247925
10.0,23139.0,171470.0,-26622.0,-0.5774444937705994
10.0,23146.0,171714.0,-26622.0,-0.620478630065918
10.0,23151.0,171871.0,-26622.0,-0.651756763458252
10.0,23155.0,172008.0,-26621.0,-1.0385875701904297
10.0,23160.0,172113.0,-26621.0,-1.041792631149292
10.0,23164.0,172212.0,-26621.0,-1.0421853065490723
10.0,23169.0,172338.0,-26620.0,-1.4166243076324463
10.0,23173.0,172443.0,-26620.0,-1.4112073183059692
10.0,23177.0,172582.0,-26620.0,-1.4082529544830322
10.0,23181.0,172702.0,-26619.0,-1.78523850440979
10.0,23188.0,172895.0,-26619.0,-1.7807978391647339
10.0,23196.0,173194.0,-26620.0,-1.4298840761184692
10.0,23201.0,173404.0,-26620.0,-1.0914448499679565
10.0,23207.0,173668.0,-26621.0,-1.1337946653366089
10.0,23211.0,173889.0,-26621.0,-1.1660927534103394
10.0,23216.0,174065.0,-26622.0,-0.8377240896224976
10.0,23221.0,174280.0,-26623.0,-0.5081039667129517
10.0,23225.0,174443.0,-26623.0,-0.5472111105918884
10.0,23230.0,174637.0,-26623.0,-0.5872570276260376
10.0,23236.0,174845.0,-26623.0,-0.624569833278656
10.0,23241.0,175001.0,-26623.0,-0.6421247720718384
10.0,23245.0,175116.0,-26623.0,-0.6590401530265808
10.0,23249.0,175252.0,-26623.0,-0.6684969663619995
10.0,23255.0,175374.0,-26622.0,-1.0430110692977905
10.0,23261.0,175520.0,-26621.0,-1.4079173803329468
10.0,23268.0,175694.0,-26620.0,-1.7682626247406006
10.0,23275.0,175892.0,-26620.0,-1.7454369068145752
10.0,23281.0,176095.0,-26620.0,-1.744637370109558
10.0,23286.0,176286.0,-26620.0,-1.7544506788253784
10.0,23292.0,176539.0,-26621.0,-1.3956623077392578
10.0,23298.0,176817.0,-26621.0,-1.069588541984558
10.0,23303.0,177054.0,-26622.0,-1.1162731647491455
10.0,23309.0,177339.0,-26623.0,-0.7895640134811401
10.0,23316.0,177659.0,-26624.0,-0.497692346572876
10.0,23321.0,177872.0,-26624.0,-0.5458763241767883
10.0,23327.0,178103.0,-26624.0,-0.5896583199501038
10.0,23334.0,178336.0,-26624.0,-0.6186506748199463
10.0,23338.0,178457.0,-26624.0,-0.635583758354187
10.0,23342.0,178595.0,-26624.0,-0.6395353078842163
10.0,23347.0,178700.0,-26623.0,-1.0141617059707642
10.0,23351.0,178801.0,-26622.0,-1.3857128620147705
10.0,23355.0,178931.0,-26622.0,-1.3748904466629028
10.0,23360.0,179041.0,-26621.0,-1.7425141334533691
10.0,23366.0,179221.0,-26621.0,-1.724527359008789
10.0,23372.0,179434.0,-26621.0,-1.7239656448364258
10.0,23376.0,179631.0,-26621.0,-1.7314783334732056
10.0,23382.0,179849.0,-26622.0,-1.3829119205474854
10.0,23388.0,180167.0,-26622.0,-1.4192321300506592
10.0,23394.0,180405.0,-26623.0,-1.0839126110076904
10.0,23399.0,180645.0,-26624.0,-0.7652719616889954
10.0,23405.0,180927.0,-26625.0,-0.4469320774078369
10.0,23411.0,181184.0,-26625.0,-0.4951432943344116
10.0,23415.0,181340.0,-26625.0,-0.5325352549552917
10.0,23421.0,181549.0,-26625.0,-0.5592080354690552
10.0,23426.0,181705.0,-26625.0,-0.5756236910820007
10.0,23431.0,181850.0,-26624.0,-0.96148282289505
10.0,23435.0,181956.0,-26624.0,-0.9584208726882935
10.0,23439.0,182062.0,-26623.0,-1.3252474069595337
10.0,23445.0,182223.0,-26622.0,-1.6880390644073486
10.0,23449.0,182337.0,-26622.0,-1.669933795928955
10.0,23453.0,182493.0,-26622.0,-1.6609364748001099
10.0,23459.0,182665.0,-26621.0,-2.031951904296875
10.0,23463.0,182815.0,-26622.0,-1.6546783447265625
10.0,23467.0,183024.0,-26622.0,-1.667199969291687
10.0,23472.0,183202.0,-26622.0,-1.683848261833191
10.0,23478.0,183494.0,-26623.0,-1.3524339199066162
10.0,23484.0,183799.0,-26624.0,-1.0198466777801514
10.0,23489.0,184108.0,-26625.0,-0.7071375250816345
10.0,23495.0,184358.0,-26625.0,-0.7770703434944153
10.0,23499.0,184550.0,-26626.0,-0.44546061754226685
10.0,23503.0,184770.0,-26626.0,-0.483173131942749
10.0,23508.0,184969.0,-26626.0,-0.529041051864624
10.0,23512.0,185108.0,-26627.0,-0.17542189359664917
10.0,23517.0,185259.0,-26626.0,-0.5684178471565247
10.0,23522.0,185360.0,-26625.0,-0.9425610899925232
10.0,23526.0,185451.0,-26625.0,-0.9313681721687317
10.0,23532.0,185583.0,-26624.0,-1.2793985605239868
10.0,23538.0,185720.0,-26623.0,-1.9981727600097656
10.0,23542.0,185847.0,-26622.0,-1.9759656190872192
10.0,23547.0,185966.0,-26622.0,-1.9507297277450562
10.0,23551.0,186098.0,-26621.0,-2.3120884895324707
10.0,23555.0,186250.0,-26622.0,-1.9302111864089966
10.0,23559.0,186421.0,-26622.0,-1.9339704513549805
10.0,23565.0,186705.0,-26622.0,-1.954412579536438
10.0,23571.0,187017.0,-26623.0,-1.6112444400787354
10.0,23576.0,187297.0,-26625.0,-0.9171844720840454
10.0,23584.0,187762.0,-26626.0,-0.6509850025177002
10.0,23589.0,188043.0,-26627.0,-0.34711673855781555
10.0,23595.0,188347.0,-26627.0,-0.05103747919201851
10.0,23601.0,188608.0,-26628.0,-0.11430935561656952
10.0,23606.0,188789.0,-26628.0,-0.148123636841774
10.0,23612.0,188969.0,-26628.0,-0.16915029287338257
10.0,23618.0,189104.0,-26627.0,-0.537307620048523
10.0,23623.0,189197.0,-26625.0,-1.2592884302139282
10.0,23627.0,189280.0,-26624.0,-1.6041747331619263
10.0,23633.0,189373.0,-26623.0,-1.930005431175232
10.0,23638.0,189486.0,-26622.0,-2.2585208415985107
10.0,23642.0,189598.0,-26622.0,-2.22084379196167
10.0,23646.0,189731.0,-26622.0,-2.199018955230713
10.0,23651.0,189935.0,-26621.0,-2.5691606998443604
10.0,23655.0,190122.0,-26622.0,-2.198671340942383
10.0,23659.0,190331.0,-26623.0,-1.839592456817627
10.0,23663.0,190557.0,-26624.0,-1.4974533319473267
10.0,23668.0,190856.0,-26625.0,-1.179573655128479
10.0,23673.0,191165.0,-26626.0,-0.8595031499862671
10.0,23679.0,191526.0,-26627.0,-0.5774866342544556
10.0,23685.0,191860.0,-26629.0,0.06360746175050735
10.0,23689.0,192104.0,-26630.0,0.3845827281475067
10.0,23694.0,192269.0,-26629.0,-0.037716902792453766
10.0,23701.0,192487.0,-26629.0,-0.07852000743150711
10.0,23705.0,192578.0,-26629.0,-0.4581451117992401
10.0,23709.0,192646.0,-26627.0,-0.8141961097717285
10.0,23713.0,192703.0,-26626.0,-1.1611371040344238
10.0,23720.0,192798.0,-26624.0,-1.8486926555633545
10.0,23724.0,192865.0,-26623.0,-2.163386344909668
10.0,23736.0,193184.0,-26621.0,-2.8071038722991943
10.0,23742.0,193429.0,-26622.0,-2.416405200958252
10.0,23749.0,193786.0,-26623.0,-2.056882858276367
10.0,23754.0,194081.0,-26624.0,-1.730183482170105
10.0,23759.0,194462.0,-26626.0,-1.043357253074646
10.0,23765.0,194850.0,-26627.0,-0.7671332955360413
10.0,23771.0,195212.0,-26629.0,-0.11838871985673904
10.0,23776.0,195433.0,-26630.0,0.19162902235984802
10.0,23782.0,195718.0,-26630.0,0.47307413816452026
10.0,23788.0,195944.0,-26630.0,0.045584775507450104
10.0,23793.0,196085.0,-26629.0,-0.34458693861961365
10.0,23799.0,196205.0,-26628.0,-0.7104403376579285
10.0,23803.0,196280.0,-26627.0,-1.0566065311431885
10.0,23809.0,196343.0,-26626.0,-1.373153567314148
10.0,23815.0,196425.0,-26624.0,-2.066812038421631
10.0,23819.0,196493.0,-26623.0,-2.380498170852661
10.0,23824.0,196608.0,-26622.0,-2.698373317718506
10.0,23830.0,196802.0,-26622.0,-2.6527154445648193
10.0,23835.0,197017.0,-26622.0,-2.641059398651123
10.0,23841.0,197333.0,-26623.0,-2.2840728759765625
10.0,23845.0,197572.0,-26624.0,-1.9396570920944214
10.0,23849.0,197826.0,-26625.0,-1.6116032600402832
10.0,23855.0,198225.0,-26627.0,-0.9553461670875549
10.0,23860.0,198625.0,-26629.0,-0.2943202555179596
10.0,23864.0,198815.0,-26630.0,0.006556020118296146
10.0,23869.0,199105.0,-26631.0,0.30805543065071106
10.0,23873.0,199307.0,-26631.0,0.24491086602210999
10.0,23877.0,199479.0,-26632.0,0.5539067983627319
10.0,23883.0,199679.0,-26632.0,0.13129420578479767
10.0,23889.0,199808.0,-26631.0,0.12565360963344574
10.0,23894.0,199877.0,-26629.0,-0.6026588678359985
10.0,23899.0,199924.0,-26627.0,-1.2977125644683838
10.0,23905.0,199978.0,-26626.0,-1.9722427129745483
10.0,23910.0,200036.0,-26624.0,-2.2721574306488037
10.0,23916.0,200142.0,-26623.0,-2.578183174133301
10.0,23922.0,200307.0,-26622.0,-2.8871161937713623
10.0,23927.0,200542.0,-26622.0,-2.848883628845215
10.0,23933.0,200794.0,-26623.0,-2.476471424102783
10.0,23940.0,201224.0,-26625.0,-1.7837375402450562
10.0,23944.0,201496.0,-26626.0,-1.462444543838501
10.0,23949.0,201846.0,-26627.0,-1.1548664569854736
10.0,23953.0,202125.0,-26629.0,-0.47954899072647095
10.0,23958.0,202521.0,-26631.0,0.14730766415596008
10.0,23963.0,202757.0,-26632.0,0.4431188702583313
10.0,23967.0,203009.0,-26633.0,0.7343714833259583
10.0,23972.0,203170.0,-26633.0,0.669927716255188
10.0,23976.0,203324.0,-26632.0,0.2616768777370453
10.0,23981.0,203403.0,-26632.0,0.25624722242355347
10.0,23986.0,203470.0,-26630.0,-0.47143447399139404
10.0,23991.0,203507.0,-26629.0,-1.1766464710235596
10.0,23997.0,203546.0,-26626.0,-1.8454523086547852
10.0,24004.0,203621.0,-26624.0,-2.4929680824279785
10.0,24009.0,203719.0,-26623.0,-2.7992215156555176
10.0,24015.0,203896.0,-26623.0,-2.74906325340271
10.0,24020.0,204147.0,-26623.0,-2.722076654434204
10.0,24024.0,204353.0,-26624.0,-2.34891676902771
10.0,24029.0,204585.0,-26624.0,-2.368955373764038
10.0,24033.0,204838.0,-26626.0,-1.6687030792236328
10.0,24038.0,205179.0,-26628.0,-0.9930775761604309
10.0,24043.0,205589.0,-26629.0,-0.7066156268119812
10.0,24049.0,205914.0,-26631.0,-0.07212517410516739
10.0,24053.0,206206.0,-26632.0,0.23143702745437622
10.0,24058.0,206416.0,-26633.0,0.542069137096405
10.0,24063.0,206671.0,-26633.0,0.46267420053482056
10.0,24069.0,206832.0,-26633.0,0.41695642471313477
10.0,24075.0,206955.0,-26632.0,0.03958677127957344
10.0,24081.0,207021.0,-26630.0,-0.6805989742279053
10.0,24086.0,207056.0,-26628.0,-1.3614771366119385
10.0,24093.0,207098.0,-26626.0,-2.010699987411499
10.0,24099.0,207174.0,-26624.0,-2.671825885772705
10.0,24105.0,207307.0,-26623.0,-2.971559762954712
10.0,24111.0,207508.0,-26623.0,-2.9266507625579834
10.0,24116.0,207790.0,-26624.0,-2.535078525543213
10.0,24123.0,208145.0,-26626.0,-1.8161516189575195
10.0,24129.0,208552.0,-26628.0,-1.157359004020691
10.0,24135.0,208978.0,-26630.0,-0.4996684789657593
10.0,24139.0,209255.0,-26631.0,-0.2298143357038498
10.0,24144.0,209580.0,-26633.0,0.4352577030658722
10.0,24149.0,209862.0,-26634.0,0.6901715397834778
10.0,24153.0,210090.0,-26635.0,0.9991612434387207
10.0,24159.0,210253.0,-26635.0,0.9389548301696777
10.0,24163.0,210359.0,-26634.0,0.5482757687568665
10.0,24169.0,210412.0,-26632.0,-0.19065244495868683
10.0,24174.0,210433.0,-26631.0,-0.5195977687835693
10.0,24179.0,210440.0,-26629.0,-1.200717806816101
10.0,24185.0,210461.0,-26626.0,-2.2084221839904785
10.0,24190.0,210511.0,-26624.0,-2.878145456314087
10.0,24200.0,210785.0,-26624.0,-2.7498764991760254
10.0,24205.0,210951.0,-26623.0,-3.1072123050689697
10.0,24209.0,211149.0,-26625.0,-2.3617935180664062
10.0,24219.0,211826.0,-26627.0,-1.6969295740127563
10.0,24224.0,212098.0,-26629.0,-1.0096004009246826
10.0,24228.0,212442.0,-26631.0,-0.35116317868232727
10.0,24234.0,212765.0,-26633.0,0.27769356966018677
10.0,24238.0,213055.0,-26634.0,0.5736076235771179
10.0,24245.0,213339.0,-26635.0,0.8497352600097656
10.0,24250.0,213515.0,-26635.0,0.7926241755485535
10.0,24258.0,213682.0,-26634.0,0.3869691789150238
10.0,24262.0,213720.0,-26632.0,-0.34075719118118286
10.0,24266.0,213734.0,-26631.0,-0.6763874888420105
10.0,24272.0,213740.0,-26629.0,-1.3393243551254272
10.0,24277.0,213751.0,-26627.0,-2.00382661819458
10.0,24282.0,213786.0,-26625.0,-2.668872356414795
10.0,24287.0,213881.0,-26624.0,-2.9679582118988037
10.0,24293.0,214016.0,-26624.0,-2.894136667251587
10.0,24299.0,214257.0,-26624.0,-2.867079973220825
10.0,24304.0,214515.0,-26625.0,-2.5018606185913086
10.0,24310.0,214890.0,-26627.0,-1.796411395072937
10.0,24315.0,215233.0,-26630.0,-0.7608996033668518
10.0,24319.0,215518.0,-26631.0,-0.46571093797683716
10.0,24325.0,215926.0,-26633.0,0.17990338802337646
10.0,24331.0,216295.0,-26635.0,0.7995840907096863
10.0,24338.0,216631.0,-26636.0,1.0457487106323242
10.0,24342.0,216767.0,-26636.0,0.9885057806968689
10.0,24348.0,216892.0,-26635.0,0.5875487327575684
10.0,24354.0,216939.0,-26633.0,-0.14583325386047363
10.0,24358.0,216941.0,-26632.0,-0.47386640310287476
10.0,24363.0,216937.0,-26630.0,-1.1681541204452515
10.0,24367.0,216940.0,-26628.0,-1.8417930603027344
10.0,24371.0,216957.0,-26627.0,-2.146397829055786
10.0,24377.0,217017.0,-26626.0,-2.422170639038086
10.0,24383.0,217144.0,-26624.0,-2.723113536834717
10.0,24389.0,217346.0,-26625.0,-2.688263177871704
10.0,24394.0,217619.0,-26626.0,-2.305861711502075
10.0,24401.0,217952.0,-26627.0,-1.9717369079589844
10.0,24405.0,218199.0,-26629.0,-1.2644227743148804
10.0,24409.0,218457.0,-26630.0,-0.9538372755050659
10.0,24415.0,218845.0,-26632.0,-0.2919233441352844
10.0,24419.0,219091.0,-26634.0,0.365078866481781
10.0,24423.0,219315.0,-26634.0,0.28613531589508057
10.0,24427.0,219555.0,-26636.0,0.9737751483917236
10.0,24432.0,219709.0,-26635.0,0.5326711535453796
10.0,24436.0,219844.0,-26635.0,0.5007601976394653
10.0,24441.0,219917.0,-26635.0,0.489632785320282
10.0,24447.0,219969.0,-26633.0,-0.23393726348876953
10.0,24454.0,219978.0,-26631.0,-0.9223016500473022
10.0,24458.0,219983.0,-26629.0,-1.6018168926239014
10.0,24463.0,220004.0,-26628.0,-1.8950467109680176
10.0,24470.0,220072.0,-26626.0,-2.551332950592041
10.0,24475.0,220203.0,-26625.0,-2.852518081665039
10.0,24481.0,220371.0,-26625.0,-2.819153308868408
10.0,24486.0,220634.0,-26626.0,-2.433807134628296
10.0,24492.0,220905.0,-26628.0,-1.7155816555023193
10.0,24498.0,221267.0,-26630.0,-1.022370457649231
10.0,24503.0,221582.0,-26631.0,-0.7470337152481079
10.0,24509.0,221940.0,-26633.0,-0.10425164550542831
10.0,24514.0,222206.0,-26635.0,0.5588573813438416
10.0,24519.0,222430.0,-26636.0,0.8604170680046082
10.0,24525.0,222631.0,-26635.0,0.4314080774784088
10.0,24530.0,222740.0,-26634.0,0.027795124799013138
10.0,24534.0,222807.0,-26634.0,0.03603097051382065
10.0,24539.0,222835.0,-26633.0,-0.3174552023410797
10.0,24545.0,222855.0,-26631.0,-1.0124295949935913
10.0,24549.0,222864.0,-26630.0,-1.3216845989227295
10.0,24553.0,222887.0,-26628.0,-2.013456344604492
10.0,24559.0,222933.0,-26627.0,-2.3175766468048096
10.0,24565.0,223037.0,-26627.0,-2.245201587677002
10.0,24571.0,223199.0,-26627.0,-2.5649659633636475
10.0,24584.0,223753.0,-26628.0,-1.4475170373916626
10.0,24591.0,224140.0,-26630.0,-1.1359930038452148
10.0,24598.0,224543.0,-26633.0,-0.1307813823223114
10.0,24604.0,224865.0,-26634.0,0.1638546884059906
10.0,24610.0,225178.0,-26635.0,0.4323532283306122
10.0,24615.0,225316.0,-26635.0,0.37744417786598206
10.0,24622.0,225481.0,-26635.0,0.3478615880012512
10.0,24626.0,225540.0,-26634.0,0.3500906229019165
10.0,24630.0,225582.0,-26633.0,-0.38529956340789795
10.0,24634.0,225602.0,-26633.0,-0.3569502532482147
10.0,24639.0,225616.0,-26631.0,-1.0668482780456543
10.0,24643.0,225628.0,-26630.0,-1.7585258483886719
10.0,24647.0,225657.0,-26629.0,-1.7025554180145264
10.0,24652.0,225697.0,-26627.0,-2.388094186782837
10.0,24656.0,225759.0,-26627.0,-2.3433334827423096
10.0,24661.0,225873.0,-26627.0,-2.3006551265716553
10.0,24667.0,226060.0,-26627.0,-2.273486375808716
10.0,24673.0,226298.0,-26628.0,-1.905710220336914
10.0,24679.0,226577.0,-26629.0,-1.5578978061676025
10.0,24684.0,226830.0,-26631.0,-0.8626244068145752
10.0,24689.0,227089.0,-26632.0,-0.5493037104606628
10.0,24695.0,227388.0,-26633.0,-0.24610786139965057
10.0,24700.0,227612.0,-26634.0,0.04992533475160599
10.0,24705.0,227838.0,-26635.0,0.36795365810394287
10.0,24711.0,227983.0,-26635.0,0.3205396831035614
10.0,24717.0,228119.0,-26635.0,0.30028367042541504
10.0,24724.0,228181.0,-26633.0,-0.4414345622062683
10.0,24728.0,228202.0,-26633.0,-0.7822766900062561
10.0,24734.0,228225.0,-26631.0,-1.1115305423736572
10.0,24739.0,228247.0,-26630.0,-1.4180164337158203
10.0,24743.0,228286.0,-26629.0,-1.7466355562210083
10.0,24748.0,228332.0,-26628.0,-2.0658059120178223
10.0,24755.0,228464.0,-26628.0,-2.002800941467285
10.0,24761.0,228630.0,-26628.0,-1.972949504852295
10.0,24765.0,228771.0,-26628.0,-1.9699043035507202
10.0,24769.0,228932.0,-26629.0,-1.6055289506912231
10.0,24775.0,229201.0,-26630.0,-0.8932485580444336
10.0,24780.0,229483.0,-26631.0,-0.9452505111694336
10.0,24786.0,229714.0,-26632.0,-0.6374684572219849
10.0,24791.0,229931.0,-26634.0,0.05346172675490379
10.0,24795.0,230086.0,-26634.0,0.008603452704846859
10.0,24801.0,230280.0,-26634.0,-0.03826795145869255
10.0,24805.0,230378.0,-26635.0,0.3095678389072418
10.0,24809.0,230455.0,-26634.0,-0.07440630346536636
10.0,24813.0,230521.0,-26633.0,-0.44596049189567566
10.0,24817.0,230554.0,-26633.0,-0.4263858199119568
10.0,24822.0,230579.0,-26632.0,-0.7772369384765625
10.0,24827.0,230601.0,-26631.0,-1.1010032892227173
10.0,24833.0,230629.0,-26630.0,-1.4078147411346436
10.0,24838.0,230675.0,-26629.0,-1.726135492324829
10.0,24844.0,230742.0,-26628.0,-2.05003023147583
10.0,24850.0,230862.0,-26627.0,-2.3718318939208984
10.0,24856.0,231033.0,-26628.0,-1.976500391960144
10.0,24862.0,231259.0,-26629.0,-1.6101477146148682
10.0,24867.0,231474.0,-26630.0,-1.2689285278320312
10.0,24873.0,231751.0,-26631.0,-0.58042973279953
10.0,24879.0,232025.0,-26632.0,-0.6397587656974792
10.0,24883.0,232198.0,-26634.0,0.060293056070804596
10.0,24887.0,232355.0,-26635.0,0.3748967945575714
10.0,24891.0,232490.0,-26635.0,0.32952025532722473
10.0,24895.0,232605.0,-26635.0,0.29585662484169006
10.0,24901.0,232722.0,-26635.0,0.27101123332977295
10.0,24907.0,232792.0,-26634.0,-0.10314714908599854
10.0,24914.0,232813.0,-26632.0,-0.8104492425918579
10.0,24919.0,232814.0,-26631.0,-1.146193504333496
10.0,24923.0,232819.0,-26630.0,-1.472719430923462
10.0,24930.0,232845.0,-26629.0,-1.7609130144119263
10.0,24935.0,232889.0,-26627.0,-2.442511796951294
10.0,24939.0,232960.0,-26628.0,-2.0266218185424805
10.0,24945.0,233070.0,-26628.0,-1.9840583801269531
10.0,24949.0,233184.0,-26628.0,-1.9757384061813354
10.0,24955.0,233394.0,-26629.0,-1.607222557067871
10.0,24961.0,233641.0,-26630.0,-1.2746769189834595
10.0,24965.0,233818.0,-26631.0,-0.9348559379577637
10.0,24970.0,234045.0,-26632.0,-0.6085243225097656
10.0,24976.0,234304.0,-26634.0,0.05022955685853958
10.0,24982.0,234529.0,-26635.0,0.35096192359924316
10.0,24989.0,234722.0,-26636.0,0.6723597645759583
10.0,24993.0,234813.0,-26635.0,0.27063754200935364
10.0,24999.0,234868.0,-26634.0,-0.10969650745391846
10.0,25004.0,234893.0,-26633.0,-0.4668709635734558
10.0,25010.0,234900.0,-26632.0,-0.7996813654899597
10.0,25015.0,234901.0,-26631.0,-1.123279333114624
10.0,25021.0,234910.0,-26629.0,-1.8061580657958984
10.0,25026.0,234935.0,-26629.0,-1.7515994310379028
10.0,25032.0,235002.0,-26629.0,-1.7016805410385132
10.0,25038.0,235116.0,-26628.0,-2.036104440689087
10.0,25043.0,235248.0,-26629.0,-1.6433316469192505
10.0,25048.0,235412.0,-26629.0,-1.6509307622909546
10.0,25054.0,235678.0,-26631.0,-0.9470165371894836
10.0,25061.0,235922.0,-26632.0,-0.6203650236129761
10.0,25065.0,236080.0,-26633.0,-0.2975786328315735
10.0,25070.0,236266.0,-26634.0,0.017329523339867592
10.0,25075.0,236428.0,-26635.0,0.34971630573272705
10.0,25081.0,236583.0,-26635.0,0.2884858250617981
10.0,25087.0,236684.0,-26635.0,0.263179212808609
10.0,25091.0,236733.0,-26634.0,-0.1144278347492218
10.0,25098.0,236752.0,-26633.0,-0.4662097990512848
10.0,25104.0,236754.0,-26632.0,-0.7905480265617371
10.0,25109.0,236755.0,-26631.0,-1.1256595849990845
10.0,25113.0,236763.0,-26630.0,-1.4611223936080933
10.0,25120.0,236804.0,-26629.0,-1.7570397853851318
10.0,25125.0,236878.0,-26629.0,-1.7186830043792725
10.0,25130.0,236949.0,-26629.0,-1.6897761821746826
10.0,25134.0,237038.0,-26629.0,-1.679674744606018
10.0,25138.0,237170.0,-26629.0,-1.6761904954910278
10.0,25143.0,237291.0,-26630.0,-1.3037899732589722
10.0,25147.0,237425.0,-26630.0,-1.3254417181015015
10.0,25152.0,237602.0,-26632.0,-0.6018518805503845
10.0,25158.0,237821.0,-26633.0,-0.28323471546173096
10.0,25163.0,237988.0,-26634.0,0.03463788330554962
10.0,25170.0,238183.0,-26634.0,-0.017824409529566765
10.0,25174.0,238287.0,-26635.0,0.3235589861869812
10.0,25179.0,238348.0,-26635.0,0.31032368540763855
10.0,25185.0,238399.0,-26634.0,-0.06961413472890854
10.0,25190.0,238418.0,-26633.0,-0.4253043532371521
10.0,25196.0,238422.0,-26632.0,-0.7700180411338806
10.0,25201.0,238424.0,-26631.0,-1.0919928550720215
10.0,25206.0,238438.0,-26630.0,-1.4212268590927124
10.0,25212.0,238477.0,-26629.0,-1.745129108428955
10.0,25218.0,238550.0,-26629.0,-1.7077960968017578
10.0,25222.0,238617.0,-26630.0,-1.3135974407196045
10.0,25227.0,238745.0,-26630.0,-1.302588939666748
10.0,25234.0,238901.0,-26630.0,-1.3115116357803345
10.0,25238.0,239017.0,-26631.0,-0.9573468565940857
10.0,25242.0,239139.0,-26632.0,-0.6032244563102722
10.0,25249.0,239349.0,-26632.0,-0.27744561433792114
10.0,25254.0,239516.0,-26633.0,-0.3160403072834015
10.0,25259.0,239613.0,-26634.0,0.023225752636790276
10.0,25263.0,239716.0,-26634.0,-0.0008459322853013873
10.0,25268.0,239775.0,-26634.0,-0.017133332788944244
10.0,25274.0,239838.0,-26633.0,-0.39971113204956055
10.0,25279.0,239865.0,-26633.0,-0.3869207501411438
10.0,25283.0,239878.0,-26632.0,-0.7473437786102295
10.0,25287.0,239886.0,-26632.0,-0.7157246470451355
10.0,25291.0,239892.0,-26631.0,-1.060738444328308
10.0,25296.0,239908.0,-26630.0,-1.4002882242202759
10.0,25302.0,239939.0,-26630.0,-1.3599658012390137
10.0,25306.0,239974.0,-26630.0,-1.329520583152771
10.0,25314.0,240076.0,-26630.0,-1.2934244871139526
10.0,25318.0,240168.0,-26630.0,-1.2847172021865845
10.0,25323.0,240251.0,-26630.0,-1.284016489982605
10.0,25328.0,240372.0,-26631.0,-0.9194218516349792
10.0,25334.0,240530.0,-26631.0,-0.9418652653694153
10.0,25339.0,240666.0,-26632.0,-0.5980216860771179
10.0,25343.0,240771.0,-26633.0,-0.2571191191673279
10.0,25349.0,240915.0,-26633.0,-0.2907208502292633
10.0,25355.0,241030.0,-26634.0,0.04672106355428696
10.0,25361.0,241107.0,-26633.0,-0.345454603433609
10.0,25367.0,241148.0,-26633.0,-0.34124651551246643
10.0,25372.0,241163.0,-26633.0,-0.3252209722995758
10.0,25378.0,241170.0,-26632.0,-0.6680102944374084
10.0,25385.0,241178.0,-26631.0,-0.9960194826126099
10.0,25390.0,241191.0,-26630.0,-1.3339273929595947
10.0,25394.0,241211.0,-26630.0,-1.305996060371399
10.0,25401.0,241272.0,-26630.0,-1.2712860107421875
10.0,25407.0,241363.0,-26630.0,-1.2498116493225098
10.0,25412.0,241430.0,-26630.0,-1.2444968223571777
10.0,25417.0,241543.0,-26630.0,-1.2439165115356445
10.0,25422.0,241651.0,-26631.0,-0.880386471748352
10.0,25431.0,241829.0,-26632.0,-0.5384067893028259
10.0,25435.0,241937.0,-26632.0,-0.5633010268211365
10.0,25440.0,242014.0,-26632.0,-0.20620770752429962
10.0,25446.0,242136.0,-26633.0,-0.23553204536437988
10.0,25451.0,242193.0,-26633.0,-0.2515714466571808
10.0,25458.0,242269.0,-26633.0,-0.26119962334632874
10.0,25463.0,242303.0,-26633.0,-0.25926777720451355
10.0,25467.0,242327.0,-26632.0,-0.6262356638908386
10.0,25472.0,242337.0,-26632.0,-0.6100863814353943
10.0,25476.0,242348.0,-26632.0,-0.5914846658706665
10.0,25480.0,242358.0,-26631.0,-0.9477043747901917
10.0,25484.0,242367.0,-26631.0,-0.9247139692306519
10.0,25488.0,242381.0,-26630.0,-1.2783751487731934
10.0,25493.0,242402.0,-26630.0,-1.2520660161972046
10.0,25497.0,242438.0,-26630.0,-1.2271134853363037
10.0,25502.0,242475.0,-26630.0,-1.211651086807251
10.0,25509.0,242559.0,-26630.0,-1.194512128829956
10.0,25513.0,242617.0,-26630.0,-1.1896858215332031
10.0,25517.0,242681.0,-26630.0,-1.187732219696045
10.0,25522.0,242768.0,-26631.0,-0.8198117613792419
10.0,25526.0,242839.0,-26631.0,-0.8320314288139343
10.0,25530.0,242910.0,-26631.0,-0.8456996083259583
10.0,25534.0,242994.0,-26632.0,-0.483626127243042
10.0,25545.0,243144.0,-26632.0,-0.5199529528617859
10.0,25549.0,243193.0,-26633.0,-0.1588306874036789
10.0,25555.0,243259.0,-26633.0,-0.175231471657753
10.0,25560.0,243296.0,-26632.0,-0.17884260416030884
10.0,25566.0,243325.0,-26632.0,-0.5524333715438843
10.0,25572.0,243339.0,-26632.0,-0.5344914793968201
10.0,25578.0,243350.0,-26632.0,-0.516376256942749
10.0,25583.0,243357.0,-26631.0,-0.862636387348175
10.0,25589.0,243370.0,-26630.0,-1.2134734392166138
10.0,25594.0,243390.0,-26630.0,-1.1865484714508057
10.0,25600.0,243427.0,-26630.0,-1.1648845672607422
10.0,25605.0,243472.0,-26630.0,-1.1480183601379395
10.0,25611.0,243545.0,-26630.0,-1.1414597034454346
10.0,25617.0,243631.0,-26631.0,-0.7786445021629333
10.0,25622.0,243718.0,-26631.0,-0.7852166295051575
10.0,25627.0,243771.0,-26632.0,-0.41996240615844727
10.0,25631.0,243822.0,-26632.0,-0.4290006756782532
10.0,25636.0,243876.0,-26632.0,-0.43945956230163574
10.0,25640.0,243915.0,-26632.0,-0.4448107182979584
10.0,25644.0,243947.0,-26632.0,-0.44695553183555603
10.0,25649.0,243983.0,-26632.0,-0.44862139225006104
10.0,25653.0,244007.0,-26632.0,-0.4479581117630005
10.0,25657.0,244033.0,-26632.0,-0.4457623064517975
10.0,25662.0,244049.0,-26632.0,-0.44194552302360535
10.0,25668.0,244066.0,-26631.0,-0.7989107966423035
10.0,25674.0,244082.0,-26631.0,-0.7784194350242615
10.0,25679.0,244101.0,-26631.0,-0.7652062177658081
10.0,25684.0,244131.0,-26631.0,-0.7552988529205322
10.0,25689.0,244155.0,-26631.0,-0.7491651177406311
10.0,25693.0,244180.0,-26631.0,-0.7427735328674316
10.0,25697.0,244213.0,-26631.0,-0.7381002306938171
10.0,25702.0,244239.0,-26631.0,-0.733657956123352
10.0,25706.0,244263.0,-26631.0,-0.7285667657852173
10.0,25710.0,244287.0,-26631.0,-0.7225394248962402
10.0,25716.0,244328.0,-26631.0,-0.7153621912002563
10.0,25721.0,244359.0,-26631.0,-0.7105666399002075
10.0,25725.0,244380.0,-26631.0,-0.7087923288345337
10.0,25729.0,244419.0,-26631.0,-0.7080076932907104
10.0,25734.0,244451.0,-26631.0,-0.7077372074127197
10.0,25738.0,244483.0,-26631.0,-0.7075269222259521
10.0,25742.0,244516.0,-26631.0,-0.7078116536140442
10.0,25746.0,244548.0,-26631.0,-0.7076838612556458
10.0,25751.0,244589.0,-26631.0,-0.7080872058868408
10.0,25755.0,244622.0,-26632.0,-0.33974209427833557
10.0,25759.0,244656.0,-26632.0,-0.34260252118110657
10.0,25763.0,244684.0,-26632.0,-0.35081467032432556
10.0,25767.0,244713.0,-26632.0,-0.3545166254043579
10.0,25771.0,244729.0,-26632.0,-0.3554941415786743
10.0,25778.0,244742.0,-26631.0,-0.7274731397628784
10.0,25782.0,244745.0,-26631.0,-0.7134162783622742
10.0,25788.0,244751.0,-26631.0,-0.6983316540718079
10.0,25794.0,244759.0,-26631.0,-0.6821250915527344
10.0,25806.0,244790.0,-26631.0,-0.6574282050132751
10.0,25812.0,244811.0,-26631.0,-0.6494362950325012
10.0,25816.0,244826.0,-26631.0,-0.6452828049659729
10.0,25821.0,244848.0,-26631.0,-0.6422035694122314
10.0,25827.0,244874.0,-26631.0,-0.636990487575531
10.0,25831.0,244892.0,-26631.0,-0.6339055895805359
10.0,25835.0,244909.0,-26631.0,-0.6309705972671509
10.0,25839.0,244926.0,-26631.0,-0.6286316514015198
10.0,25843.0,244943.0,-26631.0,-0.6255490183830261
10.0,25848.0,244963.0,-26631.0,-0.622622013092041
10.0,25854.0,244988.0,-26631.0,-0.6189366579055786
10.0,25859.0,245007.0,-26631.0,-0.6151305437088013
10.0,25863.0,245023.0,-26631.0,-0.6123283505439758
10.0,25867.0,245042.0,-26631.0,-0.6096584796905518
10.0,25872.0,245057.0,-26631.0,-0.6066292524337769
10.0,25891.0,245119.0,-26631.0,-0.5930188894271851
10.0,25896.0,245131.0,-26631.0,-0.5868584513664246
10.0,25901.0,245140.0,-26631.0,-0.581968367099762
10.0,25905.0,245146.0,-26631.0,-0.5754002332687378
10.0,25910.0,245151.0,-26631.0,-0.5678890943527222
10.0,25916.0,245152.0,-26631.0,-0.5577641129493713
10.0,25921.0,245152.0,-26631.0,-0.5510863661766052
10.0,25925.0,245152.0,-26631.0,-0.5431360006332397
10.0,25929.0,245153.0,-26631.0,-0.5390128493309021
10.0,25933.0,245153.0,-26630.0,-0.9048032760620117
10.0,25937.0,245153.0,-26630.0,-0.8906930685043335
10.0,25942.0,245155.0,-26630.0,-0.8780403733253479
10.0,25946.0,245162.0,-26630.0,-0.864908754825592
10.0,25951.0,245173.0,-26630.0,-0.8542002439498901
10.0,25956.0,245184.0,-26630.0,-0.8453642725944519
10.0,25962.0,245202.0,-26631.0,-0.46756428480148315
10.0,25967.0,245218.0,-26631.0,-0.47011396288871765
10.0,25971.0,245227.0,-26631.0,-0.4702673852443695
10.0,25977.0,245231.0,-26631.0,-0.4677141606807709
10.0,25981.0,245232.0,-26631.0,-0.4654029309749603
10.0,25985.0,245232.0,-26631.0,-0.4627685248851776
10.0,25990.0,245232.0,-26631.0,-0.460257887840271
10.0,25994.0,245232.0,-26631.0,-0.45728638768196106
10.0,25999.0,245232.0,-26630.0,-0.8281349539756775
10.0,26002.0,245232.0,-26630.0,-0.8174487948417664
10.0,26008.0,245238.0,-26630.0,-0.8073269128799438
10.0,26012.0,245245.0,-26630.0,-0.7994861602783203
10.0,26016.0,245256.0,-26631.0,-0.42604246735572815
10.0,26022.0,245273.0,-26631.0,-0.43164440989494324
10.0,26026.0,245279.0,-26631.0,-0.4327697455883026
10.0,26030.0,245283.0,-26631.0,-0.4329982399940491
10.0,26034.0,245283.0,-26631.0,-0.43193626403808594
10.0,26039.0,245283.0,-26631.0,-0.4309362471103668
10.0,26043.0,245283.0,-26631.0,-0.4299956262111664
10.0,26048.0,245284.0,-26631.0,-0.4291166663169861
10.0,26052.0,245284.0,-26631.0,-0.4282987415790558
10.0,26056.0,245284.0,-26631.0,-0.42753320932388306
10.0,26061.0,245284.0,-26631.0,-0.42681777477264404
10.0,26064.0,245284.0,-26631.0,-0.4261506497859955
10.0,26068.0,245284.0,-26631.0,-0.4255298376083374
10.0,26072.0,245284.0,-26631.0,-0.42495352029800415
10.0,26076.0,245284.0,-26631.0,-0.42441999912261963
10.0,26081.0,245284.0,-26631.0,-0.42381054162979126
10.0,26087.0,245284.0,-26631.0,-0.42315956950187683
10.0,26093.0,245284.0,-26631.0,-0.42259132862091064
10.0,26098.0,245284.0,-26631.0,-0.4221775233745575
10.0,26103.0,245284.0,-26631.0,-0.4218151271343231
10.0,26109.0,245284.0,-26631.0,-0.4214445948600769
10.0,26114.0,245284.0,-26631.0,-0.4211866855621338
10.0,26119.0,245284.0,-26631.0,-0.4209725558757782
10.0,26123.0,245284.0,-26632.0,-0.04990222677588463
10.0,26127.0,245284.0,-26632.0,-0.05824635922908783
10.0,26131.0,245284.0,-26632.0,-0.06628180295228958
10.0,26136.0,245283.0,-26632.0,-0.07359088212251663
10.0,26140.0,245283.0,-26632.0,-0.08288505673408508
10.0,26144.0,245283.0,-26632.0,-0.08825638890266418
10.0,26149.0,245283.0,-26632.0,-0.09855904430150986
10.0,26153.0,245283.0,-26632.0,-0.10511519014835358
10.0,26157.0,245283.0,-26632.0,-0.11143303662538528
10.0,26162.0,245283.0,-26632.0,-0.11752206087112427
10.0,26166.0,245283.0,-26632.0,-0.12482503056526184
10.0,26171.0,245283.0,-26633.0,0.23912782967090607
10.0,26175.0,245283.0,-26633.0,0.2253115177154541
10.0,26179.0,245281.0,-26633.0,0.2133324295282364
10.0,26183.0,245277.0,-26633.0,0.2022436410188675
10.0,26189.0,245272.0,-26633.0,0.18853186070919037
10.0,26195.0,245270.0,-26633.0,0.1717168688774109
10.0,26199.0,245270.0,-26633.0,0.15770569443702698
10.0,26204.0,245270.0,-26633.0,0.1469702422618866
10.0,26208.0,245270.0,-26634.0,0.507213830947876
10.0,26215.0,245269.0,-26634.0,0.48032519221305847
10.0,26219.0,245264.0,-26634.0,0.46177002787590027
10.0,26223.0,245258.0,-26634.0,0.44774290919303894
10.0,26227.0,245248.0,-26634.0,0.43512195348739624
10.0,26232.0,245239.0,-26634.0,0.42343148589134216
10.0,26236.0,245231.0,-26634.0,0.40889599919319153
10.0,26242.0,245217.0,-26634.0,0.39591914415359497
10.0,26247.0,245203.0,-26634.0,0.3809935450553894
10.0,26253.0,245189.0,-26634.0,0.37022656202316284
10.0,26259.0,245172.0,-26634.0,0.3580724895000458
10.0,26264.0,245153.0,-26635.0,0.7120280265808105
10.0,26270.0,245130.0,-26635.0,0.6937572360038757
10.0,26276.0,245094.0,-26635.0,0.6808671355247498
10.0,26283.0,245045.0,-26634.0,0.3059036135673523
10.0,26289.0,245013.0,-26634.0,0.3039676547050476
10.0,26295.0,244993.0,-26634.0,0.29522305727005005
10.0,26299.0,244987.0,-26635.0,0.6581313610076904
10.0,26303.0,244983.0,-26635.0,0.6415162682533264
10.0,26307.0,244977.0,-26635.0,0.6259794235229492
10.0,26313.0,244967.0,-26635.0,0.6057425737380981
10.0,26319.0,244953.0,-26635.0,0.5906346440315247
10.0,26326.0,244935.0,-26636.0,0.935756504535675
10.0,26331.0,244916.0,-26636.0,0.911675751209259
10.0,26335.0,244895.0,-26636.0,0.8985698223114014
10.0,26342.0,244849.0,-26636.0,0.8839865326881409
10.0,26346.0,244818.0,-26636.0,0.8741582632064819
10.0,26351.0,244777.0,-26636.0,0.8665698170661926
10.0,26355.0,244743.0,-26636.0,0.8609544038772583
10.0,26361.0,244688.0,-26636.0,0.8562246561050415
10.0,26366.0,244639.0,-26636.0,0.4771632254123688
10.0,26372.0,244579.0,-26635.0,0.4860475957393646
10.0,26378.0,244529.0,-26635.0,0.489223450422287
10.0,26383.0,244496.0,-26635.0,0.4882011115550995
10.0,26389.0,244468.0,-26636.0,0.8493003249168396
10.0,26393.0,244447.0,-26636.0,0.8370570540428162
10.0,26398.0,244428.0,-26636.0,0.8261625170707703
10.0,26402.0,244408.0,-26636.0,0.816135585308075
10.0,26407.0,244381.0,-26636.0,1.1779863834381104
10.0,26412.0,244356.0,-26637.0,1.1563740968704224
10.0,26416.0,244323.0,-26637.0,1.1425666809082031
10.0,26423.0,244271.0,-26637.0,1.1278834342956543
10.0,26427.0,244211.0,-26637.0,1.1235543489456177
10.0,26432.0,244155.0,-26637.0,1.1237555742263794
10.0,26436.0,244094.0,-26636.0,0.7566168308258057
10.0,26440.0,244028.0,-26636.0,0.7695822715759277
10.0,26444.0,243964.0,-26636.0,0.7807653546333313
10.0,26450.0,243871.0,-26635.0,0.4226170778274536
10.0,26455.0,243797.0,-26635.0,0.43967702984809875
10.0,26459.0,243742.0,-26635.0,0.45759665966033936
10.0,26465.0,243672.0,-26635.0,0.4699111878871918
10.0,26471.0,243613.0,-26635.0,0.48067182302474976
10.0,26477.0,243565.0,-26635.0,0.48453864455223083
10.0,26483.0,243525.0,-26636.0,0.8542694449424744
10.0,26487.0,243496.0,-26636.0,0.8427566289901733
10.0,26494.0,243458.0,-26637.0,1.2041646242141724
10.0,26499.0,243423.0,-26637.0,1.1826626062393188
10.0,26505.0,243370.0,-26637.0,1.1697138547897339
10.0,26511.0,243299.0,-26637.0,1.1624188423156738
10.0,26517.0,243200.0,-26637.0,1.1614707708358765
10.0,26522.0,243121.0,-26637.0,1.1644864082336426
10.0,26526.0,243071.0,-26637.0,1.168494701385498
10.0,26533.0,242946.0,-26636.0,0.8063687086105347
10.0,26539.0,242828.0,-26636.0,0.8280757665634155
10.0,26543.0,242747.0,-26636.0,0.8496648073196411
10.0,26547.0,242646.0,-26635.0,0.49104028940200806
10.0,26551.0,242566.0,-26635.0,0.515297532081604
10.0,26556.0,242492.0,-26635.0,0.5360304713249207
10.0,26561.0,242406.0,-26635.0,0.558052659034729
10.0,26565.0,242343.0,-26635.0,0.5751370787620544
10.0,26569.0,242287.0,-26635.0,0.5853807330131531
10.0,26575.0,242211.0,-26635.0,0.5951647758483887
10.0,26581.0,242144.0,-26635.0,0.603305995464325
10.0,26588.0,242082.0,-26636.0,0.9726171493530273
10.0,26593.0,242043.0,-26636.0,0.9607923626899719
10.0,26599.0,241991.0,-26637.0,1.3163022994995117
10.0,26605.0,241923.0,-26637.0,1.30049729347229
10.0,26610.0,241852.0,-26637.0,1.2942758798599243
10.0,26614.0,241787.0,-26637.0,1.2936421632766724
10.0,26618.0,241694.0,-26637.0,1.2969558238983154
10.0,26623.0,241612.0,-26637.0,1.3032536506652832
10.0,26627.0,241500.0,-26637.0,1.3149974346160889
10.0,26632.0,241404.0,-26637.0,1.3268455266952515
10.0,26636.0,241301.0,-26636.0,0.9792524576187134
10.0,26641.0,241163.0,-26636.0,1.0044621229171753
10.0,26645.0,241055.0,-26635.0,0.6652875542640686
10.0,26649.0,240942.0,-26635.0,0.6982201933860779
10.0,26653.0,240837.0,-26634.0,0.3498550057411194
10.0,26659.0,240691.0,-26634.0,0.3900398910045624
10.0,26663.0,240608.0,-26634.0,0.4200890064239502
10.0,26667.0,240536.0,-26634.0,0.43809229135513306
10.0,26671.0,240473.0,-26634.0,0.45106035470962524
10.0,26675.0,240421.0,-26634.0,0.4587547779083252
10.0,26680.0,240369.0,-26635.0,0.8314694762229919
10.0,26684.0,240335.0,-26635.0,0.8238385319709778
10.0,26688.0,240301.0,-26636.0,1.1874549388885498
10.0,26692.0,240266.0,-26636.0,1.1693228483200073
10.0,26696.0,240225.0,-26637.0,1.5273234844207764
10.0,26701.0,240161.0,-26637.0,1.512552261352539
10.0,26705.0,240093.0,-26637.0,1.5045182704925537
10.0,26710.0,239992.0,-26637.0,1.5043445825576782
10.0,26714.0,239900.0,-26637.0,1.5094318389892578
10.0,26719.0,239770.0,-26637.0,1.5187618732452393
10.0,26724.0,239593.0,-26636.0,1.1654123067855835
10.0,26729.0,239465.0,-26636.0,1.192418098449707
10.0,26733.0,239330.0,-26635.0,0.8578064441680908
10.0,26738.0,239161.0,-26635.0,0.894069492816925
10.0,26742.0,239032.0,-26634.0,0.5670869946479797
10.0,26746.0,238910.0,-26634.0,0.6023414731025696
10.0,26751.0,238771.0,-26634.0,0.6319407224655151
10.0,26755.0,238669.0,-26633.0,0.2881898283958435
10.0,26759.0,238577.0,-26633.0,0.3163206875324249
10.0,26762.0,238498.0,-26633.0,0.3377368450164795
10.0,26766.0,238447.0,-26634.0,0.7236122488975525
10.0,26772.0,238364.0,-26634.0,0.724716305732727
10.0,26778.0,238288.0,-26635.0,1.096731185913086
10.0,26783.0,238227.0,-26635.0,1.0822466611862183
10.0,26787.0,238161.0,-26636.0,1.4434882402420044
10.0,26792.0,238088.0,-26636.0,1.4270708560943604
10.0,26797.0,238017.0,-26636.0,1.4200555086135864
10.0,26803.0,237897.0,-26637.0,1.7805705070495605
10.0,26809.0,237743.0,-26637.0,1.7794331312179565
10.0,26814.0,237593.0,-26636.0,1.4227715730667114
10.0,26820.0,237387.0,-26636.0,1.4567431211471558
10.0,26826.0,237170.0,-26635.0,1.1212092638015747
10.0,26832.0,236946.0,-26634.0,0.8005764484405518
10.0,26837.0,236725.0,-26633.0,0.4863790273666382
10.0,26841.0,236588.0,-26633.0,0.527912437915802
10.0,26845.0,236462.0,-26632.0,0.1878272145986557
10.0,26851.0,236321.0,-26632.0,0.24107341468334198
10.0,26855.0,236206.0,-26632.0,0.2659427225589752
10.0,26860.0,236133.0,-26633.0,0.6534139513969421
10.0,26864.0,236074.0,-26633.0,0.654804527759552
10.0,26869.0,236005.0,-26634.0,1.0275342464447021
10.0,26874.0,235939.0,-26635.0,1.3886100053787231
10.0,26879.0,235867.0,-26635.0,1.3690389394760132
10.0,26885.0,235771.0,-26636.0,1.7216081619262695
10.0,26890.0,235672.0,-26636.0,1.707471489906311
10.0,26896.0,235523.0,-26636.0,1.7036993503570557
10.0,26902.0,235343.0,-26636.0,1.714303970336914
10.0,26907.0,235175.0,-26636.0,1.7266294956207275
10.0,26911.0,235028.0,-26635.0,1.3797212839126587
10.0,26916.0,234791.0,-26634.0,1.0410500764846802
10.0,26922.0,234587.0,-26634.0,1.0894352197647095
10.0,26927.0,234383.0,-26633.0,0.7689785361289978
10.0,26931.0,234227.0,-26632.0,0.44861888885498047
10.0,26935.0,234076.0,-26632.0,0.4919598698616028
10.0,26940.0,233910.0,-26631.0,0.16308845579624176
10.0,26944.0,233792.0,-26631.0,0.19824659824371338
10.0,26949.0,233669.0,-26632.0,0.5982277989387512
10.0,26953.0,233591.0,-26632.0,0.6059747338294983
10.0,26957.0,233525.0,-26633.0,0.9834241271018982
10.0,26963.0,233443.0,-26634.0,1.3414732217788696
10.0,26969.0,233359.0,-26634.0,1.3182923793792725
10.0,26974.0,233262.0,-26635.0,1.6622809171676636
10.0,26979.0,233179.0,-26636.0,2.0243794918060303
10.0,26984.0,233057.0,-26636.0,2.0035080909729004
10.0,26989.0,232908.0,-26636.0,2.0005836486816406
10.0,26994.0,232731.0,-26635.0,1.6370429992675781
10.0,26999.0,232526.0,-26635.0,1.6615877151489258
10.0,27004.0,232308.0,-26634.0,1.3341528177261353
10.0,27009.0,232081.0,-26633.0,1.0098953247070312
10.0,27015.0,231808.0,-26632.0,0.6945527791976929
10.0,27020.0,231589.0,-26631.0,0.3963095247745514
10.0,27026.0,231312.0,-26631.0,0.4642476439476013
10.0,27031.0,231174.0,-26630.0,0.14016377925872803
10.0,27035.0,231053.0,-26630.0,0.17241282761096954
10.0,27041.0,230908.0,-26631.0,0.5702504515647888
10.0,27045.0,230837.0,-26631.0,0.5719859004020691
10.0,27049.0,230757.0,-26632.0,0.9397212862968445
10.0,27054.0,230703.0,-26633.0,1.2938441038131714
10.0,27061.0,230600.0,-26634.0,1.62857985496521
10.0,27065.0,230529.0,-26635.0,1.9777274131774902
10.0,27069.0,230443.0,-26635.0,1.9575417041778564
10.0,27077.0,230180.0,-26635.0,1.9451576471328735
10.0,27083.0,229993.0,-26635.0,1.9573789834976196
10.0,27089.0,229740.0,-26634.0,1.6120882034301758
10.0,27094.0,229503.0,-26633.0,1.2696834802627563
10.0,27099.0,229260.0,-26632.0,0.9568216800689697
10.0,27106.0,228915.0,-26631.0,0.6574379801750183
10.0,27111.0,228679.0,-26630.0,0.36074918508529663
10.0,27117.0,228374.0,-26630.0,0.4357605576515198
10.0,27122.0,228223.0,-26629.0,0.11600619554519653
10.0,27127.0,228027.0,-26629.0,0.1593611091375351
10.0,27133.0,227901.0,-26630.0,0.5590996742248535
10.0,27139.0,227778.0,-26630.0,0.5646368265151978
10.0,27144.0,227691.0,-26631.0,0.925914466381073
10.0,27150.0,227591.0,-26632.0,1.2791004180908203
10.0,27156.0,227460.0,-26634.0,1.9907950162887573
10.0,27161.0,227368.0,-26634.0,1.9622594118118286
10.0,27166.0,227201.0,-26634.0,1.9470149278640747
10.0,27174.0,226956.0,-26634.0,1.9464982748031616
10.0,27178.0,226750.0,-26634.0,1.9598214626312256
10.0,27183.0,226571.0,-26633.0,1.6104850769042969
10.0,27187.0,226327.0,-26632.0,1.2674152851104736
10.0,27193.0,226074.0,-26631.0,0.944541335105896
10.0,27199.0,225762.0,-26630.0,0.6477704048156738
10.0,27203.0,225565.0,-26630.0,0.7123703360557556
10.0,27208.0,225289.0,-26629.0,0.4000330865383148
10.0,27215.0,225011.0,-26629.0,0.4685560166835785
10.0,27221.0,224839.0,-26628.0,0.5156086683273315
10.0,27225.0,224719.0,-26629.0,0.5325069427490234
10.0,27232.0,224510.0,-26629.0,0.551199197769165
10.0,27239.0,224381.0,-26630.0,0.9197214841842651
10.0,27243.0,224296.0,-26631.0,1.2783282995224
10.0,27248.0,224191.0,-26632.0,1.6327484846115112
10.0,27252.0,224096.0,-26632.0,1.6159181594848633
10.0,27256.0,223970.0,-26633.0,1.9712480306625366
10.0,27261.0,223854.0,-26633.0,1.9538216590881348
10.0,27265.0,223720.0,-26633.0,1.9491640329360962
10.0,27270.0,223531.0,-26633.0,1.9513638019561768
10.0,27274.0,223360.0,-26633.0,1.9614741802215576
10.0,27281.0,223030.0,-26632.0,1.6332767009735107
10.0,27285.0,222824.0,-26631.0,1.2955031394958496
10.0,27290.0,222562.0,-26630.0,0.9611395597457886
10.0,27296.0,222198.0,-26629.0,0.6725661158561707
10.0,27301.0,222000.0,-26628.0,0.3574353754520416
10.0,27305.0,221768.0,-26628.0,0.406684935092926
10.0,27310.0,221597.0,-26628.0,0.08173801749944687
10.0,27314.0,221409.0,-26628.0,0.496058851480484
10.0,27319.0,221278.0,-26628.0,0.5171785354614258
10.0,27323.0,221165.0,-26628.0,0.5297293066978455
10.0,27327.0,221038.0,-26629.0,0.9139517545700073
10.0,27334.0,220907.0,-26630.0,1.2775007486343384
10.0,27338.0,220822.0,-26630.0,1.256273865699768
10.0,27344.0,220690.0,-26631.0,1.6002908945083618
10.0,27349.0,220561.0,-26632.0,1.9500311613082886
10.0,27355.0,220377.0,-26632.0,1.9329116344451904
10.0,27360.0,220191.0,-26632.0,1.9310379028320312
10.0,27365.0,219982.0,-26632.0,1.9400391578674316
10.0,27370.0,219755.0,-26632.0,1.957554817199707
10.0,27375.0,219505.0,-26631.0,1.6169370412826538
10.0,27381.0,219188.0,-26630.0,1.2996439933776855
10.0,27387.0,218813.0,-26629.0,0.9946949481964111
10.0,27393.0,218502.0,-26628.0,0.6945801973342896
10.0,27399.0,218266.0,-26627.0,0.38819050788879395
10.0,27405.0,218008.0,-26627.0,0.44462260603904724
10.0,27410.0,217827.0,-26627.0,0.47543686628341675
10.0,27414.0,217695.0,-26627.0,0.49321505427360535
10.0,27418.0,217553.0,-26627.0,0.503420352935791
10.0,27425.0,217381.0,-26628.0,0.8747386336326599
10.0,27430.0,217294.0,-26629.0,1.2341910600662231
10.0,27434.0,217210.0,-26630.0,1.5824893712997437
10.0,27439.0,217097.0,-26631.0,1.9304454326629639
10.0,27443.0,216997.0,-26631.0,1.9039396047592163
10.0,27448.0,216817.0,-26632.0,2.2438881397247314
10.0,27454.0,216631.0,-26632.0,2.2291274070739746
10.0,27459.0,216410.0,-26632.0,2.2324271202087402
10.0,27464.0,216158.0,-26631.0,1.8885079622268677
10.0,27470.0,215829.0,-26630.0,1.555189609527588
10.0,27475.0,215542.0,-26629.0,1.2339270114898682
10.0,27481.0,215195.0,-26627.0,0.5645922422409058
10.0,27486.0,214920.0,-26627.0,0.6353360414505005
10.0,27492.0,214618.0,-26626.0,0.33724525570869446
10.0,27498.0,214357.0,-26625.0,0.028029615059494972
10.0,27503.0,214175.0,-26625.0,0.07010887563228607
10.0,27508.0,214024.0,-26626.0,0.4597826302051544
10.0,27513.0,213897.0,-26627.0,0.8380683660507202
10.0,27519.0,213770.0,-26628.0,1.1978960037231445
10.0,27523.0,213689.0,-26629.0,1.5417578220367432
10.0,27529.0,213565.0,-26630.0,1.8787399530410767
10.0,27534.0,213442.0,-26631.0,2.219160795211792
10.0,27541.0,213233.0,-26631.0,2.546412706375122
10.0,27545.0,213046.0,-26631.0,2.154588222503662
10.0,27550.0,212869.0,-26631.0,2.156658411026001
10.0,27561.0,212286.0,-26629.0,1.4708051681518555
10.0,27566.0,211987.0,-26628.0,1.1404763460159302
10.0,27570.0,211742.0,-26627.0,0.8325733542442322
10.0,27574.0,211443.0,-26626.0,0.5169104337692261
10.0,27579.0,211213.0,-26626.0,0.5773559808731079
10.0,27583.0,210947.0,-26625.0,0.2738420367240906
10.0,27589.0,210713.0,-26624.0,-0.04249965399503708
10.0,27593.0,210549.0,-26624.0,-0.0004774459812324494
10.0,27597.0,210380.0,-26625.0,0.40954115986824036
10.0,27602.0,210270.0,-26625.0,0.416640043258667
10.0,27606.0,210177.0,-26626.0,0.7855219841003418
10.0,27611.0,210083.0,-26627.0,1.1415510177612305
10.0,27615.0,209991.0,-26628.0,1.473436951637268
10.0,27621.0,209893.0,-26629.0,1.806535005569458
10.0,27625.0,209800.0,-26630.0,2.1463749408721924
10.0,27629.0,209694.0,-26631.0,2.487335443496704
10.0,27633.0,209567.0,-26631.0,2.460683822631836
10.0,27639.0,209325.0,-26631.0,2.4457716941833496
10.0,27643.0,209135.0,-26630.0,2.072200059890747
10.0,27649.0,208806.0,-26630.0,1.731353521347046
10.0,27655.0,208382.0,-26628.0,1.4217007160186768
10.0,27661.0,208002.0,-26626.0,0.7565504908561707
10.0,27667.0,207695.0,-26625.0,0.4616006314754486
10.0,27672.0,207355.0,-26624.0,0.17762482166290283
10.0,27678.0,207057.0,-26623.0,-0.11872278898954391
10.0,27684.0,206848.0,-26623.0,-0.055880773812532425
10.0,27690.0,206646.0,-26624.0,0.3518756628036499
10.0,27695.0,206499.0,-26625.0,0.7293409109115601
10.0,27701.0,206385.0,-26626.0,1.0754984617233276
10.0,27707.0,206283.0,-26627.0,1.4033931493759155
10.0,27714.0,206174.0,-26629.0,2.0911428928375244
10.0,27720.0,206034.0,-26630.0,2.39689040184021
10.0,27726.0,205844.0,-26631.0,2.735584259033203
10.0,27731.0,205643.0,-26631.0,2.7068753242492676
10.0,27735.0,205448.0,-26630.0,2.3324837684631348
10.0,27739.0,205224.0,-26629.0,1.976472020149231
10.0,27745.0,204850.0,-26628.0,1.6614524126052856
10.0,27750.0,204515.0,-26627.0,1.341524600982666
10.0,27754.0,204246.0,-26626.0,0.6712809801101685
10.0,27759.0,203914.0,-26624.0,0.36856210231781006
10.0,27764.0,203601.0,-26623.0,0.08686890453100204
10.0,27768.0,203377.0,-26622.0,-0.20226842164993286
10.0,27774.0,203092.0,-26621.0,-0.509709358215332
10.0,27779.0,202875.0,-26622.0,-0.08467014878988266
10.0,27783.0,202764.0,-26622.0,-0.06901088356971741
10.0,27790.0,202635.0,-26624.0,0.6770825982093811
10.0,27797.0,202532.0,-26626.0,1.3787589073181152
10.0,27801.0,202480.0,-26627.0,1.6986236572265625
10.0,27805.0,202409.0,-26628.0,2.0229921340942383
10.0,27813.0,202269.0,-26630.0,2.685788631439209
10.0,27817.0,202124.0,-26630.0,2.634290933609009
10.0,27822.0,201975.0,-26630.0,2.6033577919006348
10.0,27826.0,201746.0,-26630.0,2.5964913368225098
10.0,27832.0,201476.0,-26629.0,2.2312119007110596
10.0,27838.0,201102.0,-26628.0,1.90394926071167
10.0,27843.0,200764.0,-26626.0,1.2326172590255737
10.0,27849.0,200349.0,-26624.0,0.5668404698371887
10.0,27855.0,199949.0,-26623.0,0.3061386048793793
10.0,27860.0,199645.0,-26621.0,-0.3525012731552124
10.0,27865.0,199382.0,-26621.0,-0.2560650706291199
10.0,27871.0,199136.0,-26621.0,-0.19770844280719757
10.0,27876.0,198979.0,-26621.0,-0.17183206975460052
10.0,27882.0,198830.0,-26622.0,0.2029179334640503
10.0,27887.0,198758.0,-26624.0,0.9260833859443665
10.0,27919.0,198043.0,-26630.0,2.8459925651550293
10.0,27926.0,197666.0,-26629.0,2.1133344173431396
10.0,27931.0,197347.0,-26627.0,1.7879098653793335
10.0,27935.0,197001.0,-26625.0,1.0927122831344604
10.0,27941.0,196650.0,-26624.0,0.8058860898017883
10.0,27946.0,196310.0,-26622.0,0.15006783604621887
10.0,27958.0,195625.0,-26620.0,-0.3752378523349762
10.0,27962.0,195457.0,-26620.0,-0.3315654397010803
10.0,27966.0,195318.0,-26620.0,-0.30300822854042053
10.0,27971.0,195194.0,-26621.0,0.0832747146487236
10.0,27976.0,195099.0,-26622.0,0.4397551715373993
10.0,27983.0,195037.0,-26624.0,1.1337697505950928
10.0,27988.0,194990.0,-26626.0,1.8203095197677612
10.0,27992.0,194946.0,-26627.0,2.1219847202301025
10.0,27999.0,194828.0,-26629.0,2.7844295501708984
10.0,28003.0,194723.0,-26629.0,2.735344409942627
10.0,28007.0,194584.0,-26630.0,3.0664212703704834
10.0,28012.0,194364.0,-26629.0,2.6701362133026123
10.0,28016.0,194148.0,-26629.0,2.677360773086548
10.0,28021.0,193842.0,-26627.0,1.9621806144714355
10.0,28026.0,193498.0,-26626.0,1.636671781539917
10.0,28030.0,193212.0,-26625.0,0.9671325087547302
10.0,28034.0,192921.0,-26623.0,0.6712427735328674
10.0,28039.0,192565.0,-26621.0,0.004039328545331955
10.0,28043.0,192306.0,-26620.0,-0.2862502336502075
10.0,28047.0,192067.0,-26619.0,-0.5612202286720276
10.0,28051.0,191867.0,-26619.0,-0.8755278587341309
10.0,28055.0,191703.0,-26618.0,-0.8229705095291138
10.0,28059.0,191575.0,-26619.0,-0.422687292098999
10.0,28063.0,191495.0,-26619.0,-0.4147796630859375
10.0,28067.0,191438.0,-26621.0,0.32018592953681946
10.0,28071.0,191410.0,-26622.0,0.6590701937675476
10.0,28075.0,191396.0,-26624.0,1.3578435182571411
10.0,28079.0,191384.0,-26625.0,2.0431153774261475
10.0,28084.0,191360.0,-26627.0,2.344543218612671
10.0,28088.0,191317.0,-26628.0,3.005779981613159
10.0,28093.0,191228.0,-26630.0,3.2995033264160156
10.0,28099.0,191049.0,-26630.0,3.2263882160186768
10.0,28105.0,190781.0,-26629.0,2.8237035274505615
10.0,28112.0,190358.0,-26628.0,2.4734528064727783
10.0,28117.0,190001.0,-26626.0,1.7973504066467285
10.0,28121.0,189618.0,-26624.0,1.1202722787857056
10.0,28127.0,189152.0,-26621.0,0.12725257873535156
10.0,28132.0,188854.0,-26620.0,-0.14966607093811035
10.0,28136.0,188586.0,-26619.0,-0.7841683030128479
10.0,28140.0,188349.0,-26617.0,-1.0736232995986938
10.0,28144.0,188155.0,-26617.0,-1.004159927368164
10.0,28149.0,187975.0,-26617.0,-0.956902265548706
10.0,28154.0,187864.0,-26618.0,-0.5560718774795532
10.0,28159.0,187803.0,-26620.0,0.17826209962368011
10.0,28163.0,187793.0,-26621.0,0.5149127840995789
10.0,28169.0,187793.0,-26624.0,1.5524224042892456
10.0,28174.0,187785.0,-26626.0,2.2121245861053467
10.0,28180.0,187737.0,-26628.0,2.87095308303833
10.0,28185.0,187652.0,-26629.0,3.146029472351074
10.0,28191.0,187478.0,-26629.0,3.075836658477783
10.0,28197.0,187222.0,-26629.0,3.0455408096313477
10.0,28203.0,186889.0,-26628.0,2.6757497787475586
10.0,28209.0,186489.0,-26626.0,1.9790763854980469
10.0,28214.0,186047.0,-26623.0,0.9504726529121399
10.0,28220.0,185679.0,-26621.0,0.30080610513687134
10.0,28225.0,185325.0,-26619.0,-0.3148764371871948
10.0,28231.0,184954.0,-26618.0,-0.5865165591239929
10.0,28236.0,184698.0,-26617.0,-0.8538657426834106
10.0,28242.0,184477.0,-26617.0,-0.7958144545555115
10.0,28246.0,184381.0,-26618.0,-0.3994082808494568
10.0,28252.0,184305.0,-26619.0,0.3322638273239136
10.0,28266.0,184279.0,-26625.0,2.009873867034912
10.0,28271.0,184257.0,-26627.0,2.6861929893493652
10.0,28279.0,184145.0,-26629.0,3.2941908836364746
10.0,28283.0,184041.0,-26629.0,3.2234385013580322
10.0,28290.0,183762.0,-26629.0,3.1796584129333496
10.0,28297.0,183298.0,-26627.0,2.446051836013794
10.0,28303.0,182946.0,-26625.0,1.7681314945220947
10.0,28309.0,182413.0,-26622.0,0.757611870765686
10.0,28314.0,182110.0,-26620.0,0.0999695286154747
10.0,28319.0,181684.0,-26618.0,-0.5030824542045593
10.0,28326.0,181334.0,-26616.0,-1.1012705564498901
10.0,28330.0,181110.0,-26616.0,-1.0338064432144165
10.0,28335.0,180984.0,-26616.0,-0.9819068908691406
10.0,28339.0,180885.0,-26617.0,-0.5893886089324951
10.0,28344.0,180849.0,-26618.0,-0.228634774684906
10.0,28349.0,180843.0,-26620.0,0.486198753118515
10.0,28353.0,180850.0,-26622.0,1.1834053993225098
10.0,28356.0,180853.0,-26623.0,1.4940848350524902
10.0,28361.0,180843.0,-26625.0,2.1774916648864746
10.0,28364.0,180816.0,-26626.0,2.480595827102661
10.0,28369.0,180768.0,-26627.0,2.7849743366241455
10.0,28373.0,180689.0,-26628.0,3.1014606952667236
10.0,28377.0,180580.0,-26628.0,3.038991689682007
10.0,28381.0,180436.0,-26628.0,3.0150721073150635
10.0,28385.0,180255.0,-26627.0,2.6231789588928223
10.0,28389.0,180043.0,-26627.0,2.6291730403900146
10.0,28393.0,179798.0,-26626.0,1.9145179986953735
10.0,28399.0,179394.0,-26623.0,1.2282708883285522
10.0,28405.0,178968.0,-26621.0,0.5886893272399902
10.0,28410.0,178627.0,-26619.0,-0.03555908426642418
10.0,28416.0,178259.0,-26617.0,-0.6843333840370178
10.0,28422.0,177961.0,-26616.0,-0.9541314244270325
10.0,28428.0,177750.0,-26616.0,-0.8791937232017517
10.0,28433.0,177648.0,-26617.0,-0.48154014348983765
10.0,28438.0,177604.0,-26618.0,-0.1218518316745758
10.0,28442.0,177597.0,-26620.0,0.5942307710647583
10.0,28448.0,177600.0,-26622.0,1.622835397720337
10.0,28452.0,177595.0,-26624.0,1.9309158325195312
10.0,28456.0,177569.0,-26625.0,2.2365469932556152
10.0,28461.0,177526.0,-26627.0,2.9032771587371826
10.0,28466.0,177408.0,-26627.0,2.8303680419921875
10.0,28473.0,177215.0,-26627.0,2.768584966659546
10.0,28479.0,176940.0,-26627.0,2.7600913047790527
10.0,28484.0,176598.0,-26625.0,2.039182186126709
10.0,28490.0,176277.0,-26623.0,1.3604103326797485
10.0,28496.0,175871.0,-26621.0,0.7140015959739685
10.0,28500.0,175604.0,-26619.0,0.0437910370528698
10.0,28504.0,175348.0,-26618.0,-0.24636469781398773
10.0,28509.0,175013.0,-26617.0,-0.883948802947998
10.0,28514.0,174789.0,-26616.0,-0.8181560039520264
10.0,28519.0,174655.0,-26616.0,-0.7727050185203552
10.0,28523.0,174561.0,-26616.0,-0.7423505187034607
10.0,28528.0,174493.0,-26618.0,0.005135532468557358
10.0,28532.0,174474.0,-26619.0,0.3510613739490509
10.0,28536.0,174471.0,-26620.0,0.6821390390396118
10.0,28541.0,174471.0,-26622.0,1.3615058660507202
10.0,28545.0,174463.0,-26623.0,1.6760834455490112
10.0,28551.0,174424.0,-26625.0,2.3462941646575928
10.0,28557.0,174334.0,-26626.0,2.6325340270996094
10.0,28563.0,174180.0,-26627.0,2.941168785095215
10.0,28568.0,173993.0,-26626.0,2.536426067352295
10.0,28574.0,173704.0,-26625.0,2.172569990158081
10.0,28580.0,173363.0,-26623.0,1.4727864265441895
10.0,28585.0,173054.0,-26622.0,0.7893025875091553
10.0,28590.0,172680.0,-26620.0,0.49705076217651367
10.0,28596.0,172386.0,-26618.0,-0.1461324393749237
10.0,28601.0,172128.0,-26617.0,-0.4373750686645508
10.0,28607.0,171847.0,-26616.0,-0.7350724935531616
10.0,28615.0,171668.0,-26617.0,-0.3144269287586212
10.0,28619.0,171610.0,-26618.0,0.05940861254930496
10.0,28623.0,171577.0,-26619.0,0.412299245595932
10.0,28628.0,171559.0,-26621.0,1.103441596031189
10.0,28633.0,171557.0,-26622.0,1.4206576347351074
10.0,28637.0,171547.0,-26623.0,1.7346124649047852
10.0,28642.0,171523.0,-26625.0,2.4070262908935547
10.0,28647.0,171467.0,-26626.0,2.7073826789855957
10.0,28651.0,171391.0,-26626.0,2.6563668251037598
10.0,28656.0,171254.0,-26626.0,2.6153604984283447
10.0,28662.0,171026.0,-26626.0,2.595203399658203
10.0,28668.0,170737.0,-26625.0,1.8627005815505981
10.0,28673.0,170463.0,-26623.0,1.5321424007415771
10.0,28679.0,170105.0,-26621.0,0.8621085286140442
10.0,28685.0,169749.0,-26619.0,0.19261856377124786
10.0,28690.0,169474.0,-26618.0,-0.09718477725982666
10.0,28696.0,169192.0,-26617.0,-0.37907153367996216
10.0,28701.0,169003.0,-26616.0,-0.681736171245575
10.0,28706.0,168841.0,-26617.0,-0.2675494849681854
10.0,28712.0,168751.0,-26618.0,0.11335106194019318
10.0,28718.0,168714.0,-26619.0,0.45572179555892944
10.0,28723.0,168696.0,-26621.0,1.1594114303588867
10.0,28729.0,168679.0,-26622.0,1.4717124700546265
10.0,28734.0,168648.0,-26623.0,1.7667670249938965
10.0,28739.0,168579.0,-26624.0,2.0783050060272217
10.0,28747.0,168439.0,-26625.0,2.3701705932617188
10.0,28752.0,168292.0,-26625.0,2.3465054035186768
10.0,28759.0,167978.0,-26624.0,1.9624435901641846
10.0,28764.0,167789.0,-26623.0,1.61270010471344
10.0,28769.0,167536.0,-26622.0,1.2704156637191772
10.0,28773.0,167323.0,-26621.0,0.941760778427124
10.0,28778.0,167058.0,-26619.0,0.2584584355354309
10.0,28782.0,166854.0,-26618.0,-0.05660798400640488
10.0,28786.0,166669.0,-26618.0,0.014587370678782463
10.0,28790.0,166472.0,-26617.0,-0.31193625926971436
10.0,28795.0,166346.0,-26617.0,-0.2675718367099762
10.0,28799.0,166247.0,-26617.0,-0.24710506200790405
10.0,28803.0,166174.0,-26618.0,0.13658198714256287
10.0,28809.0,166098.0,-26619.0,0.4951348304748535
10.0,28814.0,166074.0,-26620.0,0.8437068462371826
10.0,28818.0,166058.0,-26621.0,1.1698554754257202
10.0,28824.0,166030.0,-26622.0,1.4757612943649292
10.0,28829.0,165991.0,-26623.0,1.8012992143630981
10.0,28833.0,165940.0,-26624.0,2.119812488555908
10.0,28837.0,165849.0,-26624.0,2.0824062824249268
10.0,28843.0,165721.0,-26624.0,2.0485010147094727
10.0,28849.0,165529.0,-26624.0,2.0359206199645996
10.0,28855.0,165295.0,-26623.0,1.6654387712478638
10.0,28860.0,165028.0,-26622.0,1.3221434354782104
10.0,28866.0,164793.0,-26621.0,1.0013967752456665
10.0,28872.0,164507.0,-26619.0,0.3089997470378876
10.0,28878.0,164245.0,-26618.0,0.007436839397996664
10.0,28883.0,164054.0,-26617.0,-0.30125364661216736
10.0,28889.0,163873.0,-26617.0,-0.2571636140346527
10.0,28894.0,163766.0,-26618.0,0.14483238756656647
10.0,28900.0,163691.0,-26618.0,0.13725286722183228
10.0,28905.0,163656.0,-26619.0,0.48593807220458984
10.0,28910.0,163630.0,-26621.0,1.188356637954712
10.0,28916.0,163609.0,-26622.0,1.497025728225708
10.0,28921.0,163577.0,-26623.0,1.8264577388763428
10.0,28925.0,163537.0,-26624.0,2.1569690704345703
10.0,28929.0,163479.0,-26624.0,2.1132454872131348
10.0,28935.0,163352.0,-26624.0,2.0683674812316895
10.0,28940.0,163208.0,-26624.0,2.0479633808135986
10.0,28944.0,163069.0,-26623.0,1.6707667112350464
10.0,28949.0,162871.0,-26623.0,1.685583233833313
10.0,28953.0,162694.0,-26622.0,1.3437494039535522
10.0,28957.0,162466.0,-26621.0,1.0065150260925293
10.0,28962.0,162282.0,-26620.0,0.6748788356781006
10.0,28966.0,162105.0,-26619.0,0.36114370822906494
10.0,28972.0,161827.0,-26618.0,0.05773843824863434
10.0,28978.0,161665.0,-26617.0,-0.2582692503929138
10.0,28983.0,161536.0,-26617.0,-0.22481895983219147
10.0,28989.0,161437.0,-26618.0,0.16463524103164673
10.0,28994.0,161390.0,-26618.0,0.5256797075271606
10.0,28999.0,161366.0,-26620.0,0.8678048253059387
10.0,29003.0,161358.0,-26621.0,1.2060165405273438
10.0,29009.0,161344.0,-26622.0,1.5249886512756348
10.0,29015.0,161313.0,-26623.0,1.8290352821350098
10.0,29020.0,161265.0,-26624.0,2.1507394313812256
10.0,29024.0,161208.0,-26624.0,2.100882053375244
10.0,29037.0,160841.0,-26624.0,2.0482094287872314
10.0,29042.0,160691.0,-26623.0,1.6877250671386719
10.0,29047.0,160481.0,-26622.0,1.3449246883392334
10.0,29052.0,160253.0,-26620.0,0.6457452178001404
10.0,29059.0,159936.0,-26619.0,0.3488694727420807
10.0,29064.0,159731.0,-26618.0,0.049715954810380936
10.0,29070.0,159525.0,-26617.0,-0.26862460374832153
10.0,29075.0,159391.0,-26617.0,-0.21943944692611694
10.0,29081.0,159263.0,-26617.0,-0.19448578357696533
10.0,29087.0,159215.0,-26618.0,0.17762327194213867
10.0,29092.0,159192.0,-26619.0,0.5299443602561951
10.0,29098.0,159184.0,-26620.0,0.8604546189308167
10.0,29104.0,159174.0,-26621.0,1.185641884803772
10.0,29109.0,159154.0,-26622.0,1.4979734420776367
10.0,29115.0,159099.0,-26623.0,1.8247406482696533
10.0,29121.0,159003.0,-26623.0,1.781348705291748
10.0,29126.0,158893.0,-26623.0,1.757524013519287
10.0,29132.0,158730.0,-26623.0,1.7495834827423096
10.0,29139.0,158501.0,-26622.0,1.3909690380096436
10.0,29144.0,158322.0,-26621.0,1.0437161922454834
10.0,29149.0,158137.0,-26620.0,0.7021179795265198
10.0,29153.0,157996.0,-26619.0,0.36016538739204407
10.0,29158.0,157801.0,-26618.0,0.035088229924440384
10.0,29163.0,157691.0,-26618.0,0.06702399253845215
10.0,29167.0,157593.0,-26618.0,0.09770074486732483
10.0,29172.0,157497.0,-26618.0,0.11168786138296127
10.0,29176.0,157441.0,-26618.0,0.11785294115543365
10.0,29182.0,157387.0,-26619.0,0.475435346364975
10.0,29188.0,157348.0,-26620.0,0.8182403445243835
10.0,29194.0,157324.0,-26621.0,1.149371862411499
10.0,29199.0,157293.0,-26622.0,1.4832943677902222
10.0,29205.0,157240.0,-26622.0,1.4437335729599
10.0,29209.0,157190.0,-26623.0,1.7806645631790161
10.0,29213.0,157128.0,-26623.0,1.7561856508255005
10.0,29217.0,157030.0,-26623.0,1.7388551235198975
10.0,29222.0,156936.0,-26623.0,1.3517096042633057
10.0,29226.0,156826.0,-26622.0,1.3592369556427002
10.0,29231.0,156674.0,-26621.0,1.0003143548965454
10.0,29236.0,156510.0,-26621.0,1.0236746072769165
10.0,29242.0,156313.0,-26619.0,0.32451972365379333
10.0,29248.0,156127.0,-26619.0,0.37368565797805786
10.0,29254.0,155970.0,-26618.0,0.041078176349401474
10.0,29259.0,155869.0,-26618.0,0.06465350836515427
10.0,29265.0,155784.0,-26618.0,0.07602399587631226
10.0,29270.0,155738.0,-26619.0,0.44129395484924316
10.0,29275.0,155719.0,-26620.0,0.8013137578964233
10.0,29281.0,155704.0,-26621.0,1.1273014545440674
