State,Step,X,Theta,U
10.0,285852.0,0.016599589958786964,-0.004601942375302315,-0.723419189453125
10.0,285856.0,0.016620123758912086,-0.004601942375302315,-0.7024425864219666
10.0,285860.0,0.016644764691591263,-0.004601942375302315,-0.6889668107032776
10.0,285864.0,0.0166776180267334,-0.004601942375302315,-0.6734482049942017
10.0,285870.0,0.016731007024645805,-0.004601942375302315,-0.6527637839317322
10.0,285873.0,0.016759753227233887,-0.004601942375302315,-0.6401563286781311
10.0,285877.0,0.01680082082748413,-0.004601942375302315,-0.6294413805007935
10.0,285880.0,0.016841888427734375,-0.004601942375302315,-0.6224095225334167
10.0,285884.0,0.016870636492967606,-0.004601942375302315,-0.6111999154090881
10.0,285888.0,0.016907596960663795,-0.004601942375302315,-0.6004840135574341
10.0,285892.0,0.01694045215845108,-0.004601942375302315,-0.5917654037475586
10.0,285895.0,0.016965093091130257,-0.003067961661145091,-0.849040687084198
10.0,285899.0,0.016993839293718338,-0.003067961661145091,-0.8256102800369263
10.0,285904.0,0.017026694491505623,-0.003067961661145091,-0.808563768863678
10.0,285909.0,0.01708008162677288,-0.003067961661145091,-0.7975801825523376
10.0,285912.0,0.017133470624685287,-0.003067961661145091,-0.7897905707359314
10.0,285916.0,0.017178645357489586,-0.003067961661145091,-0.7850661277770996
10.0,285920.0,0.017240246757864952,-0.003067961661145091,-0.7813708186149597
10.0,285923.0,0.017289528623223305,-0.003067961661145091,-0.7784620523452759
10.0,285927.0,0.017355235293507576,-0.003067961661145091,-0.7764214873313904
10.0,285930.0,0.01740451715886593,-0.003067961661145091,-0.7725281119346619
10.0,285934.0,0.017466118559241295,-0.003067961661145091,-0.7702381610870361
10.0,285938.0,0.01753593422472477,-0.003067961661145091,-0.7699766159057617
10.0,285941.0,0.017589323222637177,-0.004601942375302315,-0.5037413835525513
10.0,285945.0,0.017671458423137665,-0.004601942375302315,-0.5108200907707214
10.0,285949.0,0.0177494864910841,-0.004601942375302315,-0.518682599067688
10.0,285952.0,0.01780698075890541,-0.004601942375302315,-0.5250205397605896
10.0,285956.0,0.01787268929183483,-0.004601942375302315,-0.5272019505500793
10.0,285959.0,0.017926078289747238,-0.004601942375302315,-0.5271674394607544
10.0,285963.0,0.017967145889997482,-0.004601942375302315,-0.526751697063446
10.0,285967.0,0.01801232062280178,-0.004601942375302315,-0.5237770080566406
10.0,285971.0,0.018053388223052025,-0.004601942375302315,-0.5199991464614868
10.0,285976.0,0.018090348690748215,-0.004601942375302315,-0.5104610323905945
10.0,285979.0,0.018106775358319283,-0.004601942375302315,-0.5002927184104919
10.0,285983.0,0.0181232038885355,-0.004601942375302315,-0.4919675886631012
10.0,285987.0,0.01813141629099846,-0.004601942375302315,-0.4786001443862915
10.0,285990.0,0.01813141629099846,-0.004601942375302315,-0.4644848704338074
10.0,285994.0,0.018135523423552513,-0.003067961661145091,-0.7217074036598206
10.0,285997.0,0.018135523423552513,-0.003067961661145091,-0.7012332081794739
10.0,286001.0,0.018135523423552513,-0.003067961661145091,-0.6864228844642639
10.0,286004.0,0.01814373768866062,-0.003067961661145091,-0.6700505614280701
10.0,286008.0,0.018156057223677635,-0.003067961661145091,-0.6602308750152588
10.0,286012.0,0.018168378621339798,-0.003067961661145091,-0.646308422088623
10.0,286015.0,0.01818069815635681,-0.003067961661145091,-0.6342892646789551
10.0,286019.0,0.018193017691373825,-0.003067961661145091,-0.6214661598205566
10.0,286022.0,0.018205339089035988,-0.003067961661145091,-0.6118564605712891
10.0,286035.0,0.01822587288916111,-0.003067961661145091,-0.5688112378120422
10.0,286039.0,0.018229980021715164,-0.003067961661145091,-0.5560157895088196
10.0,286043.0,0.018229980021715164,-0.003067961661145091,-0.5457749962806702
10.0,286047.0,0.018229980021715164,-0.0015339808305725455,-0.7995237112045288
10.0,286050.0,0.018229980021715164,-0.0015339808305725455,-0.7809159755706787
10.0,286054.0,0.01823408715426922,-0.0015339808305725455,-0.7688124775886536
10.0,286057.0,0.018246406689286232,-0.0015339808305725455,-0.7554863691329956
10.0,286061.0,0.018258726224303246,-0.0015339808305725455,-0.7440406680107117
10.0,286064.0,0.01827104762196541,-0.0015339808305725455,-0.7371359467506409
10.0,286068.0,0.018295688554644585,-0.0015339808305725455,-0.7278339862823486
10.0,286071.0,0.018320327624678612,-0.0015339808305725455,-0.7227914929389954
10.0,286075.0,0.018344968557357788,-0.0015339808305725455,-0.7167921662330627
10.0,286079.0,0.01837371662259102,-0.0015339808305725455,-0.7124412059783936
10.0,286083.0,0.01841067709028721,-0.0015339808305725455,-0.7106615304946899
10.0,286087.0,0.018451744690537453,-0.0015339808305725455,-0.7093504667282104
10.0,286090.0,0.018484599888324738,-0.0015339808305725455,-0.7095056772232056
10.0,286094.0,0.01853388175368309,-0.0015339808305725455,-0.7110503315925598
10.0,286098.0,0.018587268888950348,-0.003067961661145091,-0.44664034247398376
10.0,286101.0,0.018632443621754646,-0.003067961661145091,-0.45816195011138916
10.0,286104.0,0.018685830757021904,-0.003067961661145091,-0.46355053782463074
10.0,286108.0,0.018722793087363243,-0.003067961661145091,-0.46653056144714355
10.0,286112.0,0.01874743402004242,-0.003067961661145091,-0.46678516268730164
10.0,286116.0,0.018763860687613487,-0.003067961661145091,-0.461739718914032
10.0,286119.0,0.018772073090076447,-0.003067961661145091,-0.45778852701187134
10.0,286124.0,0.018772073090076447,-0.003067961661145091,-0.44916847348213196
10.0,286128.0,0.018772073090076447,-0.003067961661145091,-0.440910279750824
10.0,286131.0,0.018772073090076447,-0.003067961661145091,-0.4329996109008789
10.0,286135.0,0.018772073090076447,-0.003067961661145091,-0.4272865355014801
10.0,286138.0,0.018772073090076447,-0.003067961661145091,-0.41995155811309814
10.0,286142.0,0.0187761802226305,-0.003067961661145091,-0.41424670815467834
10.0,286146.0,0.0187761802226305,-0.0015339808305725455,-0.6713655591011047
10.0,286151.0,0.018780287355184555,-0.0015339808305725455,-0.6573666334152222
10.0,286155.0,0.01878439448773861,-0.0015339808305725455,-0.6467556953430176
10.0,286161.0,0.01880492828786373,-0.0015339808305725455,-0.6394705176353455
10.0,286164.0,0.018817247822880745,-0.0015339808305725455,-0.6338397860527039
10.0,286168.0,0.018833676353096962,-0.0015339808305725455,-0.6284731030464172
10.0,286172.0,0.018845995888113976,-0.0015339808305725455,-0.6232724189758301
10.0,286175.0,0.018862422555685043,-0.0015339808305725455,-0.6183910369873047
10.0,286179.0,0.018870636820793152,-0.0015339808305725455,-0.6124258637428284
10.0,286183.0,0.018882956355810165,-0.0015339808305725455,-0.607793390750885
10.0,286187.0,0.018891170620918274,-0.0015339808305725455,-0.6009422540664673
10.0,286190.0,0.018899384886026382,-0.0015339808305725455,-0.5943934917449951
10.0,286194.0,0.018907597288489342,-0.0015339808305725455,-0.5903531908988953
10.0,286197.0,0.018911704421043396,-0.0015339808305725455,-0.5829495787620544
10.0,286201.0,0.018919918686151505,-0.0015339808305725455,-0.577208399772644
10.0,286205.0,0.018919918686151505,-0.0015339808305725455,-0.5710579752922058
10.0,286208.0,0.01892402395606041,-0.0015339808305725455,-0.5645149350166321
10.0,286212.0,0.01892402395606041,-0.0015339808305725455,-0.556902289390564
10.0,286217.0,0.01892402395606041,-0.0015339808305725455,-0.5496120452880859
10.0,286221.0,0.01892402395606041,-0.0015339808305725455,-0.5409331917762756
10.0,286233.0,0.018928131088614464,-0.0015339808305725455,-0.5247465968132019
10.0,286237.0,0.018928131088614464,-0.0015339808305725455,-0.5188402533531189
10.0,286240.0,0.018928131088614464,-0.0015339808305725455,-0.5131889581680298
10.0,286244.0,0.018928131088614464,-0.0015339808305725455,-0.5091118812561035
10.0,286248.0,0.018928131088614464,-0.0015339808305725455,-0.5038830637931824
10.0,286251.0,0.018928131088614464,-0.0015339808305725455,-0.4988827109336853
10.0,286254.0,0.018928131088614464,-0.0015339808305725455,-0.49527689814567566
10.0,286258.0,0.018928131088614464,-0.0015339808305725455,-0.4906548261642456
10.0,286262.0,0.018928131088614464,-0.0015339808305725455,-0.48732292652130127
10.0,286265.0,0.018928131088614464,-0.0015339808305725455,-0.48305338621139526
10.0,286269.0,0.018928131088614464,-0.0015339808305725455,-0.47897446155548096
10.0,286273.0,0.018928131088614464,-0.0015339808305725455,-0.47603586316108704
10.0,286277.0,0.018928131088614464,-0.0015339808305725455,-0.4722726345062256
10.0,286280.0,0.018928131088614464,-0.0015339808305725455,-0.46868008375167847
10.0,286284.0,0.018928131088614464,-0.0015339808305725455,-0.46609359979629517
10.0,286287.0,0.018928131088614464,-0.0015339808305725455,-0.46278366446495056
10.0,286292.0,0.018928131088614464,-0.0015339808305725455,-0.45962652564048767
10.0,286295.0,0.018928131088614464,-0.0015339808305725455,-0.4566161632537842
10.0,286299.0,0.018928131088614464,-0.0015339808305725455,-0.45445123314857483
10.0,286302.0,0.018928131088614464,-0.0015339808305725455,-0.45168396830558777
10.0,286306.0,0.018928131088614464,-0.0015339808305725455,-0.44904810190200806
10.0,286309.0,0.018928131088614464,-0.0015339808305725455,-0.44715431332588196
10.0,286313.0,0.018928131088614464,-0.0015339808305725455,-0.444736123085022
10.0,286317.0,0.018928131088614464,-0.0015339808305725455,-0.442999929189682
10.0,286321.0,0.018928131088614464,-0.0015339808305725455,-0.4407845735549927
10.0,286324.0,0.018928131088614464,-0.0015339808305725455,-0.4386788606643677
10.0,286328.0,0.018928131088614464,-0.0015339808305725455,-0.43667855858802795
10.0,286332.0,0.018928131088614464,-0.0015339808305725455,-0.43524491786956787
10.0,286335.0,0.018928131088614464,-0.0015339808305725455,-0.43341904878616333
10.0,286340.0,0.018928131088614464,-0.0015339808305725455,-0.4312689006328583
10.0,286345.0,0.018928131088614464,-0.0015339808305725455,-0.42925891280174255
10.0,286349.0,0.018928131088614464,-0.0015339808305725455,-0.4277472198009491
10.0,286353.0,0.018928131088614464,-0.0015339808305725455,-0.4263175129890442
10.0,286357.0,0.018928131088614464,-0.0015339808305725455,-0.4252970218658447
10.0,286360.0,0.018928131088614464,-0.0015339808305725455,-0.4240029752254486
10.0,286364.0,0.018928131088614464,-0.0015339808305725455,-0.422782301902771
10.0,286368.0,0.018928131088614464,-0.0015339808305725455,-0.4216321110725403
10.0,286372.0,0.018928131088614464,-0.0015339808305725455,-0.420549601316452
10.0,286376.0,0.018928131088614464,-0.0015339808305725455,-0.4195321202278137
10.0,286379.0,0.018928131088614464,-0.0015339808305725455,-0.4188101589679718
10.0,286383.0,0.018928131088614464,-0.0015339808305725455,-0.418122261762619
10.0,286387.0,0.018928131088614464,-0.0015339808305725455,-0.4172563850879669
10.0,286390.0,0.018928131088614464,-0.003067961661145091,-0.14800037443637848
10.0,286395.0,0.018928131088614464,-0.003067961661145091,-0.15328973531723022
10.0,286399.0,0.018928131088614464,-0.003067961661145091,-0.15964068472385406
10.0,286404.0,0.018928131088614464,-0.003067961661145091,-0.16452175378799438
10.0,286409.0,0.018928131088614464,-0.003067961661145091,-0.17038480937480927
10.0,286413.0,0.018928131088614464,-0.003067961661145091,-0.1748928278684616
10.0,286416.0,0.018928131088614464,-0.003067961661145091,-0.17924559116363525
10.0,286420.0,0.018928131088614464,-0.003067961661145091,-0.18344920873641968
10.0,286433.0,0.018928131088614464,-0.003067961661145091,-0.19615045189857483
10.0,286437.0,0.018928131088614464,-0.003067961661145091,-0.19978304207324982
10.0,286441.0,0.018928131088614464,-0.003067961661145091,-0.20329484343528748
10.0,286445.0,0.018928131088614464,-0.003067961661145091,-0.2066906988620758
10.0,286449.0,0.018928131088614464,-0.003067961661145091,-0.20916420221328735
10.0,286453.0,0.018928131088614464,-0.003067961661145091,-0.21236790716648102
10.0,286457.0,0.018928131088614464,-0.003067961661145091,-0.21546773612499237
10.0,286460.0,0.018928131088614464,-0.003067961661145091,-0.2184678316116333
10.0,286464.0,0.018928131088614464,-0.003067961661145091,-0.22065478563308716
10.0,286468.0,0.018928131088614464,-0.003067961661145091,-0.22348962724208832
10.0,286471.0,0.018928131088614464,-0.003067961661145091,-0.22623512148857117
10.0,286477.0,0.018928131088614464,-0.003067961661145091,-0.23019357025623322
10.0,286480.0,0.018928131088614464,-0.003067961661145091,-0.23210392892360687
10.0,286484.0,0.018928131088614464,-0.003067961661145091,-0.23458273708820343
10.0,286488.0,0.018928131088614464,-0.003067961661145091,-0.23698624968528748
10.0,286494.0,0.018928131088614464,-0.003067961661145091,-0.2398892343044281
10.0,286498.0,0.018928131088614464,-0.004601942375302315,0.026312634348869324
10.0,286501.0,0.018928131088614464,-0.004601942375302315,0.01808946579694748
10.0,286506.0,0.018928131088614464,-0.004601942375302315,0.009588693268597126
10.0,286510.0,0.01892402395606041,-0.004601942375302315,0.0038550840690732002
10.0,286513.0,0.01892402395606041,-0.004601942375302315,-0.0035452875308692455
10.0,286518.0,0.018919918686151505,-0.004601942375302315,-0.00932169146835804
10.0,286521.0,0.018919918686151505,-0.004601942375302315,-0.01624262146651745
10.0,286524.0,0.018919918686151505,-0.004601942375302315,-0.021268507465720177
10.0,286530.0,0.018919918686151505,-0.004601942375302315,-0.02934330701828003
10.0,286534.0,0.018919918686151505,-0.004601942375302315,-0.03705715388059616
10.0,286538.0,0.018919918686151505,-0.004601942375302315,-0.042980264872312546
10.0,286542.0,0.018919918686151505,-0.004601942375302315,-0.04728364571928978
10.0,286545.0,0.018919918686151505,-0.004601942375302315,-0.05284290388226509
10.0,286549.0,0.018919918686151505,-0.004601942375302315,-0.0582055002450943
10.0,286552.0,0.018919918686151505,-0.004601942375302315,-0.0621030293405056
10.0,286557.0,0.018919918686151505,-0.004601942375302315,-0.0671398714184761
10.0,286560.0,0.018919918686151505,-0.004601942375302315,-0.07200058549642563
10.0,286564.0,0.018919918686151505,-0.006135923322290182,0.1913779228925705
10.0,286568.0,0.018919918686151505,-0.006135923322290182,0.18082477152347565
10.0,286572.0,0.01891581155359745,-0.006135923322290182,0.17199602723121643
10.0,286575.0,0.018911704421043396,-0.006135923322290182,0.16349777579307556
10.0,286579.0,0.018907597288489342,-0.006135923322290182,0.1553170084953308
10.0,286583.0,0.018903490155935287,-0.006135923322290182,0.14744123816490173
10.0,286587.0,0.018903490155935287,-0.006135923322290182,0.13852748274803162
10.0,286590.0,0.018899384886026382,-0.006135923322290182,0.13338907063007355
10.0,286594.0,0.018899384886026382,-0.006135923322290182,0.1270640641450882
10.0,286598.0,0.018899384886026382,-0.006135923322290182,0.11690918356180191
10.0,286602.0,0.018899384886026382,-0.006135923322290182,0.11103996634483337
10.0,286605.0,0.018899384886026382,-0.006135923322290182,0.1034650132060051
10.0,286609.0,0.018899384886026382,-0.006135923322290182,0.096166230738163
10.0,286613.0,0.018899384886026382,-0.006135923322290182,0.08913273364305496
10.0,286617.0,0.018899384886026382,-0.0076699042692780495,0.34624457359313965
10.0,286620.0,0.018895277753472328,-0.0076699042692780495,0.3382439911365509
10.0,286624.0,0.018891170620918274,-0.0076699042692780495,0.3274916112422943
10.0,286628.0,0.018882956355810165,-0.0076699042692780495,0.31980767846107483
10.0,286632.0,0.018870636820793152,-0.0076699042692780495,0.31107527017593384
10.0,286636.0,0.018862422555685043,-0.0076699042692780495,0.3026752471923828
10.0,286640.0,0.01885831542313099,-0.0076699042692780495,0.29593485593795776
10.0,286644.0,0.01885831542313099,-0.0076699042692780495,0.2828846871852875
10.0,286648.0,0.01885831542313099,-0.0076699042692780495,0.27288156747817993
10.0,286652.0,0.018854210153222084,-0.0076699042692780495,0.26220524311065674
10.0,286658.0,0.018854210153222084,-0.00920388475060463,0.5214183330535889
10.0,286662.0,0.018854210153222084,-0.00920388475060463,0.506481945514679
10.0,286666.0,0.01885010302066803,-0.00920388475060463,0.49130356311798096
10.0,286670.0,0.018837781623005867,-0.00920388475060463,0.48154234886169434
10.0,286682.0,0.018780287355184555,-0.00920388475060463,0.4608035981655121
10.0,286686.0,0.018763860687613487,-0.00920388475060463,0.4535587728023529
10.0,286690.0,0.01874743402004242,-0.00920388475060463,0.445241779088974
10.0,286694.0,0.01873921975493431,-0.010737866163253784,0.7057940363883972
10.0,286698.0,0.018731005489826202,-0.010737866163253784,0.6907393932342529
10.0,286701.0,0.01871868595480919,-0.010737866163253784,0.6802945137023926
10.0,286705.0,0.018689937889575958,-0.010737866163253784,0.6744108200073242
10.0,286708.0,0.018657084554433823,-0.010737866163253784,0.6686127185821533
10.0,286712.0,0.018628336489200592,-0.010737866163253784,0.6644038558006287
10.0,286717.0,0.01857084222137928,-0.010737866163253784,0.6604104042053223
10.0,286722.0,0.01852566748857498,-0.010737866163253784,0.6592900156974792
10.0,286726.0,0.01847638562321663,-0.010737866163253784,0.6581956744194031
10.0,286729.0,0.018427105620503426,-0.010737866163253784,0.6597888469696045
10.0,286733.0,0.018386036157608032,-0.010737866163253784,0.6627827882766724
10.0,286737.0,0.018324434757232666,-0.010737866163253784,0.6656563878059387
10.0,286740.0,0.01825462095439434,-0.010737866163253784,0.6725216507911682
10.0,286744.0,0.018201231956481934,-0.010737866163253784,0.6805230975151062
10.0,286748.0,0.0181232038885355,-0.010737866163253784,0.6896076202392578
10.0,286753.0,0.018016427755355835,-0.010737866163253784,0.701045036315918
10.0,286756.0,0.017926078289747238,-0.010737866163253784,0.7134703397750854
10.0,286760.0,0.017860369756817818,-0.010737866163253784,0.7241631150245667
10.0,286764.0,0.01777002029120922,-0.010737866163253784,0.7336345911026001
10.0,286768.0,0.01768377795815468,-0.010737866163253784,0.7436850666999817
10.0,286771.0,0.017618069425225258,-0.010737866163253784,0.7547662854194641
10.0,286774.0,0.017531827092170715,-0.010737866163253784,0.7608242630958557
10.0,286778.0,0.01746201142668724,-0.010737866163253784,0.771353542804718
10.0,286782.0,0.017363449558615685,-0.010737866163253784,0.782414436340332
10.0,286785.0,0.01725667342543602,-0.010737866163253784,0.7976329326629639
10.0,286790.0,0.017137577757239342,-0.010737866163253784,0.8163774609565735
10.0,286793.0,0.017039014026522636,-0.010737866163253784,0.8385002017021179
10.0,286797.0,0.016907596960663795,-0.010737866163253784,0.8546102046966553
10.0,286802.0,0.016739219427108765,-0.010737866163253784,0.8869847059249878
10.0,286806.0,0.016599589958786964,-0.010737866163253784,0.9094448685646057
10.0,286810.0,0.01645585149526596,-0.010737866163253784,0.9278293251991272
10.0,286813.0,0.01633264869451523,-0.010737866163253784,0.9569826722145081
10.0,286817.0,0.016160164028406143,-0.00920388475060463,0.7155018448829651
10.0,286820.0,0.016020534560084343,-0.00920388475060463,0.7555038332939148
10.0,286824.0,0.01583983562886715,-0.00920388475060463,0.7835909724235535
10.0,286828.0,0.015659136697649956,-0.00920388475060463,0.8199349045753479
10.0,286831.0,0.01552361436188221,-0.00920388475060463,0.855046272277832
10.0,286835.0,0.015285421162843704,-0.0076699042692780495,0.624533474445343
10.0,286839.0,0.015137577429413795,-0.0076699042692780495,0.6685636639595032
10.0,286844.0,0.014891170896589756,-0.0076699042692780495,0.7110796570777893
10.0,286848.0,0.014669404365122318,-0.0076699042692780495,0.7541772127151489
10.0,286852.0,0.014542094431817532,-0.0076699042692780495,0.783068060874939
10.0,286856.0,0.014386037364602089,-0.0076699042692780495,0.8096837997436523
10.0,286860.0,0.014225872233510017,-0.0076699042692780495,0.8287405967712402
10.0,286863.0,0.01410677656531334,-0.0076699042692780495,0.8525222539901733
10.0,286867.0,0.013958931900560856,-0.0076699042692780495,0.8678498268127441
10.0,286870.0,0.013852155767381191,-0.0076699042692780495,0.8850492835044861
10.0,286883.0,0.013412730768322945,-0.006135923322290182,0.681718111038208
10.0,286887.0,0.013289527967572212,-0.006135923322290182,0.6956488490104675
10.0,286891.0,0.013178644701838493,-0.0076699042692780495,0.9703840613365173
10.0,286894.0,0.013100615702569485,-0.0076699042692780495,0.9723422527313232
10.0,286898.0,0.012997946701943874,-0.0076699042692780495,0.9756996631622314
10.0,286903.0,0.0128583163022995,-0.0076699042692780495,0.9832196235656738
10.0,286908.0,0.012694044969975948,-0.0076699042692780495,0.9944636225700378
10.0,286911.0,0.01254620123654604,-0.0076699042692780495,1.010719895362854
10.0,286915.0,0.012422997504472733,-0.0076699042692780495,1.033202886581421
10.0,286919.0,0.012242299504578114,-0.0076699042692780495,1.0589940547943115
10.0,286923.0,0.012057495303452015,-0.0076699042692780495,1.0791488885879517
10.0,286927.0,0.011806981638073921,-0.006135923322290182,0.853600025177002
10.0,286931.0,0.011646817438304424,-0.006135923322290182,0.8932673335075378
10.0,286935.0,0.01142915803939104,-0.006135923322290182,0.934302806854248
10.0,286939.0,0.011203285306692123,-0.006135923322290182,0.9753072261810303
10.0,286943.0,0.010977412573993206,-0.006135923322290182,1.0048154592514038
10.0,286947.0,0.010747433640062809,-0.004601942375302315,0.7794327735900879
10.0,286950.0,0.01057084184139967,-0.004601942375302315,0.826744019985199
10.0,286953.0,0.010336755774915218,-0.004601942375302315,0.8591580986976624
10.0,286957.0,0.010106775909662247,-0.004601942375302315,0.9011178612709045
10.0,286961.0,0.009938398376107216,-0.004601942375302315,0.9303314089775085
10.0,286964.0,0.009761806577444077,-0.003067961661145091,0.7028324604034424
10.0,286968.0,0.009523614309728146,-0.003067961661145091,0.7511695027351379
10.0,286972.0,0.009281313978135586,-0.003067961661145091,0.7860136032104492
10.0,286975.0,0.0091088293120265,-0.003067961661145091,0.8275490999221802
10.0,286979.0,0.008878850378096104,-0.003067961661145091,0.8663604259490967
10.0,286982.0,0.008657083846628666,-0.003067961661145091,0.8943015933036804
10.0,286987.0,0.008431211113929749,-0.0015339808305725455,0.6670762896537781
10.0,286990.0,0.008266940712928772,-0.0015339808305725455,0.7043839693069458
10.0,286994.0,0.00806981511414051,-0.0015339808305725455,0.7275500297546387
10.0,286998.0,0.007864476181566715,-0.0015339808305725455,0.7602343559265137
10.0,287001.0,0.0077166324481368065,-0.0015339808305725455,0.7891842126846313
10.0,287004.0,0.007531827315688133,-0.0015339808305725455,0.8062859177589417
10.0,287008.0,0.007347022648900747,-0.0015339808305725455,0.8298156261444092
10.0,287012.0,0.007219712715595961,-0.0015339808305725455,0.8472736477851868
10.0,287016.0,0.007059548050165176,-0.0015339808305725455,0.8615896105766296
10.0,287019.0,0.006891170516610146,-0.0015339808305725455,0.87441086769104
10.0,287023.0,0.006767967250198126,-0.0015339808305725455,0.8856322765350342
10.0,287028.0,0.0065626283176243305,-0.0015339808305725455,0.9074059128761292
10.0,287033.0,0.0063613965176045895,-0.0015339808305725455,0.9200921058654785
10.0,287037.0,0.006197125185281038,-0.0015339808305725455,0.9338202476501465
10.0,287040.0,0.00606160145252943,-0.0015339808305725455,0.9525467753410339
10.0,287044.0,0.0058726901188492775,-0.0015339808305725455,0.968931257724762
10.0,287047.0,0.00567967165261507,-0.0015339808305725455,0.9906843304634094
10.0,287052.0,0.005482546053826809,-0.0015339808305725455,1.0131261348724365
10.0,287055.0,0.005273100454360247,-0.0015339808305725455,1.0389328002929688
10.0,287059.0,0.005104722920805216,0.0,0.8054393529891968
10.0,287063.0,0.004870636388659477,0.0,0.8343697786331177
10.0,287067.0,0.004636550322175026,0.0,0.8714452981948853
10.0,287070.0,0.004464065656065941,0.0,0.9059829115867615
10.0,287083.0,0.0037043120246380568,0.0015339808305725455,0.7493512034416199
10.0,287087.0,0.0034537988249212503,0.0015339808305725455,0.7818437814712524
10.0,287090.0,0.00326488702557981,0.0015339808305725455,0.823454737663269
10.0,287094.0,0.0030266940593719482,0.0015339808305725455,0.8500890135765076
10.0,287098.0,0.002800821326673031,0.0015339808305725455,0.8815000653266907
10.0,287102.0,0.0025749485939741135,0.0015339808305725455,0.9119436740875244
10.0,287105.0,0.0024106777273118496,0.003067961661145091,0.6703381538391113
10.0,287109.0,0.0021971252281218767,0.003067961661145091,0.7024632692337036
10.0,287113.0,0.00197535939514637,0.003067961661145091,0.7262175679206848
10.0,287118.0,0.0017289527459070086,0.003067961661145091,0.7557061314582825
10.0,287121.0,0.0015893223462626338,0.003067961661145091,0.7731467485427856
10.0,287125.0,0.0014209445798769593,0.003067961661145091,0.7847574353218079
10.0,287129.0,0.0012238193303346634,0.003067961661145091,0.7948014140129089
10.0,287133.0,0.0011047228472307324,0.003067961661145091,0.8018693327903748
10.0,287137.0,0.0009527720976620913,0.003067961661145091,0.8089010119438171
10.0,287140.0,0.0008459959062747657,0.003067961661145091,0.8131770491600037
10.0,287144.0,0.0007022587233223021,0.003067961661145091,0.816046953201294
10.0,287148.0,0.0005626283236779273,0.003067961661145091,0.8190122842788696
10.0,287152.0,0.0004188911698292941,0.0015339808305725455,1.0872629880905151
10.0,287156.0,0.0002628336660563946,0.0015339808305725455,1.091078758239746
10.0,287161.0,4.106776032131165e-05,0.0015339808305725455,1.1056517362594604
10.0,287165.0,-0.0001642710412852466,0.003067961661145091,0.8568733930587769
10.0,287169.0,-0.00039014374488033354,0.003067961661145091,0.888744056224823
10.0,287172.0,-0.0006324435235001147,0.003067961661145091,0.9160329699516296
10.0,287178.0,-0.0009322381811216474,0.003067961661145091,0.9574363231658936
10.0,287181.0,-0.0011129362974315882,0.003067961661145091,0.9888619780540466
10.0,287185.0,-0.0013552361633628607,0.004601942375302315,0.7549460530281067
10.0,287189.0,-0.0016139630461111665,0.004601942375302315,0.7971155047416687
10.0,287193.0,-0.001876796712167561,0.004601942375302315,0.8379262685775757
10.0,287197.0,-0.0021232033614069223,0.004601942375302315,0.8734522461891174
10.0,287201.0,-0.0023613963276147842,0.004601942375302315,0.8966749906539917
10.0,287204.0,-0.0025872690603137016,0.004601942375302315,0.923712432384491
10.0,287208.0,-0.002755646826699376,0.006135923322290182,0.6817175149917603
10.0,287211.0,-0.0029815195593982935,0.006135923322290182,0.7064635753631592
10.0,287217.0,-0.003248459892347455,0.006135923322290182,0.746296763420105
10.0,287220.0,-0.0034086243249475956,0.006135923322290182,0.7641969919204712
10.0,287224.0,-0.0036057494580745697,0.006135923322290182,0.7790364027023315
10.0,287227.0,-0.0037864476907998323,0.006135923322290182,0.79300457239151
10.0,287231.0,-0.003921971190720797,0.006135923322290182,0.805290162563324
10.0,287235.0,-0.004086242523044348,0.006135923322290182,0.8133178949356079
10.0,287239.0,-0.004291580989956856,0.006135923322290182,0.8212330341339111
10.0,287243.0,-0.0044147842563688755,0.006135923322290182,0.8270861506462097
10.0,287247.0,-0.0045708417892456055,0.006135923322290182,0.8321179151535034
10.0,287252.0,-0.004759753588587046,0.006135923322290182,0.8364121913909912
10.0,287255.0,-0.00486652972176671,0.006135923322290182,0.8361592888832092
10.0,287259.0,-0.005002053454518318,0.006135923322290182,0.8361156582832336
10.0,287262.0,-0.00514579052105546,0.006135923322290182,0.8368827700614929
10.0,287267.0,-0.005293634720146656,0.006135923322290182,0.8397935628890991
10.0,287270.0,-0.0054086241871118546,0.006135923322290182,0.8454728722572327
10.0,287274.0,-0.005577002186328173,0.006135923322290182,0.8530654311180115
10.0,287286.0,-0.006114989519119263,0.006135923322290182,0.8805023431777954
10.0,287290.0,-0.00623819325119257,0.006135923322290182,0.8896118402481079
10.0,287293.0,-0.006414784584194422,0.006135923322290182,0.8980117440223694
10.0,287297.0,-0.006595482584089041,0.006135923322290182,0.910800039768219
10.0,287301.0,-0.006735112983733416,0.006135923322290182,0.9246541261672974
10.0,287304.0,-0.006928131449967623,0.0076699042692780495,0.6709426641464233
10.0,287308.0,-0.0070759751833975315,0.0076699042692780495,0.6954919695854187
10.0,287312.0,-0.00727720744907856,0.0076699042692780495,0.7124123573303223
10.0,287315.0,-0.007429158315062523,0.0076699042692780495,0.7357407808303833
10.0,287319.0,-0.007618069648742676,0.0076699042692780495,0.7530431151390076
10.0,287323.0,-0.007794660981744528,0.0076699042692780495,0.7633875608444214
10.0,287327.0,-0.007963038980960846,0.0076699042692780495,0.7746639251708984
10.0,287330.0,-0.008127310313284397,0.0076699042692780495,0.7843785881996155
10.0,287334.0,-0.008242299780249596,0.0076699042692780495,0.7899020910263062
10.0,287338.0,-0.008394250646233559,0.0076699042692780495,0.7943570613861084
10.0,287342.0,-0.008533881045877934,0.0076699042692780495,0.7955191731452942
10.0,287347.0,-0.008702258579432964,0.0076699042692780495,0.7955694198608398
10.0,287350.0,-0.008800821378827095,0.0076699042692780495,0.7949374318122864
10.0,287354.0,-0.008932238444685936,0.0076699042692780495,0.7944202423095703
10.0,287358.0,-0.009063654579222202,0.0076699042692780495,0.7939028143882751
10.0,287361.0,-0.009158111177384853,0.0076699042692780495,0.792233407497406
10.0,287364.0,-0.009277207776904106,0.0076699042692780495,0.7881157994270325
10.0,287368.0,-0.009392197243869305,0.0076699042692780495,0.7829351425170898
10.0,287372.0,-0.009466119110584259,0.0076699042692780495,0.7727735638618469
10.0,287376.0,-0.00956468190997839,0.0076699042692780495,0.7631427645683289
10.0,287380.0,-0.009655030444264412,0.0076699042692780495,0.7535693645477295
10.0,287383.0,-0.009724846109747887,0.0076699042692780495,0.7422283291816711
10.0,287387.0,-0.009819301776587963,0.0076699042692780495,0.7327856421470642
10.0,287391.0,-0.00991375744342804,0.0076699042692780495,0.7270526885986328
10.0,287394.0,-0.00997946597635746,0.0076699042692780495,0.7157708406448364
10.0,287398.0,-0.010065708309412003,0.006135923322290182,0.9749194979667664
10.0,287403.0,-0.010168378241360188,0.006135923322290182,0.9529953002929688
10.0,287408.0,-0.010287473909556866,0.006135923322290182,0.937666118144989
10.0,287411.0,-0.010394250974059105,0.006135923322290182,0.9298378229141235
10.0,287415.0,-0.010480492375791073,0.006135923322290182,0.9264638423919678
10.0,287419.0,-0.010607803240418434,0.006135923322290182,0.9258016347885132
10.0,287422.0,-0.010714579373598099,0.006135923322290182,0.9308768510818481
10.0,287426.0,-0.010866530239582062,0.006135923322290182,0.9386128187179565
10.0,287430.0,-0.011026694439351559,0.006135923322290182,0.9473612904548645
10.0,287433.0,-0.011149897240102291,0.0076699042692780495,0.6934264302253723
10.0,287437.0,-0.011318274773657322,0.0076699042692780495,0.7076626420021057
10.0,287440.0,-0.011441478505730629,0.0076699042692780495,0.7230186462402344
10.0,287443.0,-0.011589322239160538,0.0076699042692780495,0.7312843799591064
10.0,287448.0,-0.011737165972590446,0.0076699042692780495,0.7420812845230103
10.0,287451.0,-0.011848049238324165,0.0076699042692780495,0.7513028383255005
10.0,287454.0,-0.01198767963796854,0.0076699042692780495,0.7577818036079407
10.0,287458.0,-0.012127310037612915,0.0076699042692780495,0.7653820514678955
10.0,287462.0,-0.012225872837007046,0.0076699042692780495,0.7702045440673828
10.0,287466.0,-0.012353182770311832,0.0076699042692780495,0.7723367214202881
10.0,287470.0,-0.01247638650238514,0.0076699042692780495,0.7746604084968567
10.0,287482.0,-0.012862423434853554,0.00920388475060463,0.5286337733268738
10.0,287486.0,-0.012977412901818752,0.00920388475060463,0.5325807929039001
10.0,287490.0,-0.013080081902444363,0.00920388475060463,0.5325199365615845
10.0,287493.0,-0.013141684234142303,0.00920388475060463,0.5258567929267883
10.0,287497.0,-0.01320739183574915,0.00920388475060463,0.5180720686912537
10.0,287500.0,-0.013264887034893036,0.00920388475060463,0.5054813623428345
10.0,287504.0,-0.013297741301357746,0.0076699042692780495,0.7520145773887634
10.0,287508.0,-0.013330595567822456,0.0076699042692780495,0.72823566198349
10.0,287512.0,-0.013375770300626755,0.0076699042692780495,0.7127350568771362
10.0,287515.0,-0.013412730768322945,0.0076699042692780495,0.6946082711219788
10.0,287519.0,-0.013462012633681297,0.0076699042692780495,0.6815333366394043
10.0,287522.0,-0.013507186435163021,0.0076699042692780495,0.6687852740287781
10.0,287526.0,-0.013564681634306908,0.0076699042692780495,0.6539440751075745
10.0,287530.0,-0.013634497299790382,0.0076699042692780495,0.6411117315292358
10.0,287535.0,-0.01368377823382616,0.0076699042692780495,0.6225725412368774
10.0,287539.0,-0.013728952966630459,0.006135923322290182,0.8710305690765381
10.0,287542.0,-0.013774127699434757,0.006135923322290182,0.8551635146141052
10.0,287547.0,-0.013823408633470535,0.006135923322290182,0.8365650773048401
10.0,287550.0,-0.013868583366274834,0.006135923322290182,0.822792649269104
10.0,287554.0,-0.013934291899204254,0.006135923322290182,0.8138834238052368
10.0,287557.0,-0.014000000432133675,0.006135923322290182,0.8024985790252686
10.0,287561.0,-0.014045174233615398,0.006135923322290182,0.7903397083282471
10.0,287564.0,-0.014102669432759285,0.006135923322290182,0.7799036502838135
10.0,287569.0,-0.014151950366795063,0.006135923322290182,0.7647596001625061
10.0,287572.0,-0.014188911765813828,0.006135923322290182,0.7489336133003235
10.0,287577.0,-0.01424229983240366,0.006135923322290182,0.73381507396698
10.0,287580.0,-0.014266940765082836,0.006135923322290182,0.7153589725494385
10.0,287584.0,-0.014303901232779026,0.006135923322290182,0.7033637762069702
10.0,287588.0,-0.014332649298012257,0.006135923322290182,0.6848690509796143
10.0,287591.0,-0.014353183098137379,0.004601942375302315,0.9340794682502747
10.0,287595.0,-0.01437782309949398,0.004601942375302315,0.9151020050048828
10.0,287599.0,-0.01441067736595869,0.004601942375302315,0.8942884802818298
10.0,287602.0,-0.014443531632423401,0.004601942375302315,0.8783687949180603
10.0,287606.0,-0.014496919699013233,0.004601942375302315,0.867165207862854
10.0,287610.0,-0.0145585210993886,0.004601942375302315,0.8591759204864502
10.0,287614.0,-0.014628336764872074,0.004601942375302315,0.8534272909164429
10.0,287617.0,-0.014702258631587029,0.004601942375302315,0.8487982749938965
10.0,287621.0,-0.01475564669817686,0.004601942375302315,0.8431035876274109
10.0,287625.0,-0.014825462363660336,0.004601942375302315,0.8390783071517944
10.0,287629.0,-0.014895277097821236,0.004601942375302315,0.8342195749282837
10.0,287632.0,-0.014948665164411068,0.004601942375302315,0.8293693661689758
10.0,287636.0,-0.015018480829894543,0.004601942375302315,0.8248121738433838
10.0,287640.0,-0.015088295564055443,0.004601942375302315,0.8219295144081116
10.0,287643.0,-0.015137577429413795,0.004601942375302315,0.8165273666381836
10.0,287647.0,-0.015203285031020641,0.004601942375302315,0.8126800060272217
10.0,287650.0,-0.015252566896378994,0.004601942375302315,0.8078130483627319
10.0,287655.0,-0.015338809229433537,0.004601942375302315,0.8048090934753418
10.0,287660.0,-0.015433264896273613,0.006135923322290182,0.5410574078559875
10.0,287664.0,-0.015503079630434513,0.006135923322290182,0.5427271127700806
10.0,287668.0,-0.015552361495792866,0.006135923322290182,0.5386163592338562
10.0,287680.0,-0.015613962896168232,0.004601942375302315,0.765404999256134
10.0,287684.0,-0.015618070028722286,0.004601942375302315,0.7429772615432739
10.0,287688.0,-0.015630390495061874,0.004601942375302315,0.7241548299789429
10.0,287691.0,-0.01563449762761593,0.004601942375302315,0.7047761082649231
10.0,287694.0,-0.015646817162632942,0.004601942375302315,0.6914265155792236
10.0,287698.0,-0.01565503142774105,0.004601942375302315,0.6733903884887695
10.0,287702.0,-0.015659136697649956,0.004601942375302315,0.6547495722770691
10.0,287706.0,-0.015659136697649956,0.004601942375302315,0.6402565240859985
10.0,287709.0,-0.015659136697649956,0.004601942375302315,0.6216161847114563
10.0,287712.0,-0.015659136697649956,0.004601942375302315,0.6081317663192749
10.0,287718.0,-0.015659136697649956,0.003067961661145091,0.8489669561386108
10.0,287722.0,-0.01566324383020401,0.003067961661145091,0.8226072192192078
10.0,287727.0,-0.015675565227866173,0.003067961661145091,0.8054037094116211
10.0,287730.0,-0.015683777630329132,0.003067961661145091,0.7875798344612122
10.0,287734.0,-0.01569199189543724,0.003067961661145091,0.7753528952598572
10.0,287738.0,-0.015704311430454254,0.003067961661145091,0.760096549987793
10.0,287741.0,-0.01570841856300831,0.003067961661145091,0.7441567182540894
10.0,287745.0,-0.01572073996067047,0.003067961661145091,0.7288489937782288
10.0,287749.0,-0.015724845230579376,0.003067961661145091,0.7171212434768677
10.0,287753.0,-0.01572895236313343,0.003067961661145091,0.7015953063964844
10.0,287757.0,-0.015733059495687485,0.003067961661145091,0.6867170333862305
10.0,287760.0,-0.015733059495687485,0.0015339808305725455,0.9349960088729858
10.0,287764.0,-0.015733059495687485,0.0015339808305725455,0.9192837476730347
10.0,287767.0,-0.015741273760795593,0.0015339808305725455,0.9017602801322937
10.0,287771.0,-0.015753593295812607,0.0015339808305725455,0.887617290019989
10.0,287774.0,-0.01577412709593773,0.0015339808305725455,0.8787574172019958
10.0,287778.0,-0.015790553763508797,0.0015339808305725455,0.8669363260269165
10.0,287782.0,-0.01581108756363392,0.0015339808305725455,0.8587368130683899
10.0,287785.0,-0.01583162136375904,0.0015339808305725455,0.8491008281707764
10.0,287789.0,-0.015856262296438217,0.0015339808305725455,0.8398931622505188
10.0,287793.0,-0.01587679609656334,0.0015339808305725455,0.8325836062431335
10.0,287797.0,-0.01589732989668846,0.0015339808305725455,0.8227661848068237
10.0,287800.0,-0.015909651294350624,0.0015339808305725455,0.806881844997406
10.0,287806.0,-0.015930185094475746,0.0015339808305725455,0.7979816198348999
10.0,287809.0,-0.015938397496938705,0.0015339808305725455,0.7856727242469788
10.0,287813.0,-0.01594250462949276,0.0015339808305725455,0.7725229263305664
10.0,287817.0,-0.01594250462949276,0.0015339808305725455,0.758584201335907
10.0,287821.0,-0.015946611762046814,0.0015339808305725455,0.7498350739479065
10.0,287824.0,-0.015946611762046814,0.0015339808305725455,0.7368282079696655
10.0,287828.0,-0.015946611762046814,0.0015339808305725455,0.7243528366088867
10.0,287832.0,-0.015946611762046814,0.0015339808305725455,0.7153323292732239
10.0,287835.0,-0.015946611762046814,0.0015339808305725455,0.7037369608879089
10.0,287839.0,-0.015946611762046814,0.0015339808305725455,0.6926172971725464
10.0,287843.0,-0.015946611762046814,0.0,0.9473485946655273
10.0,287849.0,-0.015946611762046814,0.0,0.9272671341896057
10.0,287852.0,-0.015954826027154922,0.0,0.9145960807800293
10.0,287856.0,-0.015963038429617882,0.0,0.9037957787513733
10.0,287859.0,-0.015975359827280045,0.0,0.897010326385498
10.0,287863.0,-0.015991786494851112,0.0,0.8883088827133179
10.0,287867.0,-0.01600821316242218,0.0,0.8799891471862793
10.0,287879.0,-0.016057495027780533,0.0,0.8571733236312866
10.0,287882.0,-0.016069814562797546,0.0,0.8519403338432312
10.0,287887.0,-0.01609034836292267,0.0,0.845238208770752
10.0,287890.0,-0.016106776893138885,0.0,0.8388397693634033
10.0,287894.0,-0.016123203560709953,0.0,0.8340749144554138
10.0,287898.0,-0.01613963022828102,0.0,0.8295539617538452
10.0,287902.0,-0.016164271160960197,0.0,0.8266313076019287
10.0,287907.0,-0.016197124496102333,0.0,0.8237711787223816
10.0,287911.0,-0.016229979693889618,0.0,0.8238047957420349
10.0,287914.0,-0.016266940161585808,0.0,0.8252239227294922
10.0,287918.0,-0.01629568822681904,0.0,0.8279951810836792
10.0,287922.0,-0.01634497009217739,0.0,0.832053005695343
10.0,287925.0,-0.016402464359998703,0.0,0.8400068283081055
10.0,287929.0,-0.016451746225357056,0.0015339808305725455,0.5850285291671753
10.0,287932.0,-0.016525667160749435,0.0015339808305725455,0.5997865200042725
10.0,287937.0,-0.016591375693678856,0.0015339808305725455,0.6153057217597961
10.0,287940.0,-0.016636550426483154,0.0015339808305725455,0.627638578414917
10.0,287943.0,-0.016689937561750412,0.0015339808305725455,0.6359525322914124
10.0,287947.0,-0.016718685626983643,0.0015339808305725455,0.642302930355072
10.0,287950.0,-0.016755646094679832,0.0015339808305725455,0.6449222564697266
10.0,287954.0,-0.01678028702735901,0.0015339808305725455,0.6469918489456177
10.0,287958.0,-0.01680082082748413,0.0015339808305725455,0.6468488574028015
10.0,287961.0,-0.016817249357700348,0.0015339808305725455,0.6462700963020325
10.0,287964.0,-0.016833676025271416,0.0015339808305725455,0.6448782682418823
10.0,287968.0,-0.01683778315782547,0.0015339808305725455,0.640458881855011
10.0,287972.0,-0.01684599556028843,0.0015339808305725455,0.6362441182136536
10.0,287976.0,-0.016850102692842484,0.0015339808305725455,0.6295390129089355
10.0,287979.0,-0.016850102692842484,0.0015339808305725455,0.6260525584220886
10.0,287983.0,-0.016854209825396538,0.0015339808305725455,0.6213294267654419
10.0,287987.0,-0.016854209825396538,0.0015339808305725455,0.6152667999267578
10.0,287991.0,-0.016854209825396538,0.0015339808305725455,0.6094629764556885
10.0,287994.0,-0.016854209825396538,0.0015339808305725455,0.6039077639579773
10.0,287998.0,-0.016854209825396538,0.0015339808305725455,0.599898636341095
10.0,288001.0,-0.016854209825396538,0.0015339808305725455,0.5947551727294922
10.0,288004.0,-0.016854209825396538,0.0015339808305725455,0.5910441279411316
10.0,288009.0,-0.016854209825396538,0.0015339808305725455,0.5862843990325928
10.0,288012.0,-0.016854209825396538,0.0015339808305725455,0.5817322134971619
10.0,288016.0,-0.016854209825396538,0.0015339808305725455,0.5784493088722229
10.0,288019.0,-0.016854209825396538,0.0015339808305725455,0.5742406249046326
10.0,288022.0,-0.016854209825396538,0.0015339808305725455,0.5712064504623413
10.0,288027.0,-0.016854209825396538,0.0015339808305725455,0.5673181414604187
10.0,288031.0,-0.016854209825396538,0.0,0.8296130299568176
10.0,288036.0,-0.016854209825396538,0.0,0.819165050983429
10.0,288040.0,-0.016862422227859497,0.0,0.8114566802978516
10.0,288043.0,-0.016870636492967606,0.0,0.8075666427612305
10.0,288047.0,-0.016878850758075714,0.0,0.8030272722244263
10.0,288050.0,-0.016891170293092728,0.0,0.7994326949119568
10.0,288054.0,-0.01690349169075489,0.0,0.7973066568374634
10.0,288058.0,-0.016915811225771904,0.0,0.7932734489440918
10.0,288061.0,-0.016928130760788918,0.0,0.7907649278640747
10.0,288074.0,-0.01697741262614727,0.0,0.7828019261360168
10.0,288078.0,-0.016993839293718338,0.0,0.7808607816696167
10.0,288081.0,-0.017010267823934555,0.0,0.7803792357444763
10.0,288085.0,-0.017026694491505623,0.0,0.7786192297935486
10.0,288089.0,-0.0170513354241848,0.0015339808305725455,0.5128928422927856
10.0,288093.0,-0.01707186922430992,0.0015339808305725455,0.5188398361206055
10.0,288096.0,-0.01708008162677288,0.0015339808305725455,0.5202781558036804
10.0,288100.0,-0.017084188759326935,0.0015339808305725455,0.5203716158866882
10.0,288104.0,-0.017084188759326935,0.0015339808305725455,0.519453227519989
10.0,288108.0,-0.017084188759326935,0.0015339808305725455,0.5182886123657227
10.0,288111.0,-0.017084188759326935,0.0015339808305725455,0.517190158367157
10.0,288114.0,-0.017084188759326935,0.0,0.7818021774291992
10.0,288118.0,-0.017084188759326935,0.0,0.7748888731002808
10.0,288121.0,-0.017092403024435043,0.0,0.7725828886032104
10.0,288125.0,-0.017104722559452057,0.0,0.7700949311256409
10.0,288129.0,-0.017112936824560165,0.0,0.767740786075592
10.0,288132.0,-0.017129363492131233,0.0,0.7670614719390869
10.0,288136.0,-0.017149897292256355,0.0,0.7675532698631287
10.0,288140.0,-0.01716221682727337,0.0015339808305725455,0.5028494000434875
10.0,288144.0,-0.01718275062739849,0.0015339808305725455,0.5093042850494385
10.0,288148.0,-0.0171909648925066,0.0015339808305725455,0.5103314518928528
10.0,288151.0,-0.0171909648925066,0.0015339808305725455,0.5098783373832703
10.0,288157.0,-0.0171909648925066,0.0,0.777812123298645
10.0,288162.0,-0.0171909648925066,0.0015339808305725455,0.5059473514556885
10.0,288165.0,-0.017195072025060654,0.0,0.7709717750549316
10.0,288169.0,-0.017195072025060654,0.0,0.7694342136383057
10.0,288173.0,-0.017203286290168762,0.0,0.7675865292549133
10.0,288177.0,-0.017203286290168762,0.0,0.7616718411445618
10.0,288180.0,-0.01721149869263172,0.0,0.7600273489952087
10.0,288183.0,-0.017223820090293884,0.0,0.7585320472717285
10.0,288187.0,-0.017236139625310898,0.0015339808305725455,0.48995599150657654
10.0,288191.0,-0.01725667342543602,0.0015339808305725455,0.49580010771751404
10.0,288195.0,-0.017273100093007088,0.0015339808305725455,0.5015654563903809
10.0,288199.0,-0.017277207225561142,0.0015339808305725455,0.5031273365020752
10.0,288202.0,-0.017277207225561142,0.0015339808305725455,0.5033220648765564
10.0,288207.0,-0.017277207225561142,0.0,0.7704422473907471
10.0,288210.0,-0.017277207225561142,0.0015339808305725455,0.5007873773574829
10.0,288214.0,-0.017281314358115196,0.0,0.7693036198616028
10.0,288219.0,-0.017281314358115196,0.0015339808305725455,0.4983533024787903
10.0,288223.0,-0.01728542149066925,0.0015339808305725455,0.4957742691040039
10.0,288227.0,-0.01728542149066925,0.0,0.7646644115447998
10.0,288231.0,-0.017289528623223305,0.0015339808305725455,0.49366870522499084
10.0,288234.0,-0.017289528623223305,0.0,0.7611632943153381
10.0,288238.0,-0.01729363389313221,0.0015339808305725455,0.4890149235725403
10.0,288242.0,-0.01730184815824032,0.0,0.7578282356262207
10.0,288246.0,-0.017305955290794373,0.0015339808305725455,0.7559232711791992
10.0,288250.0,-0.017310062423348427,0.0,0.7535310387611389
10.0,288253.0,-0.017314167693257332,0.0,0.7530999779701233
10.0,288258.0,-0.017318274825811386,0.0,0.7496349811553955
10.0,288261.0,-0.01732238195836544,0.0,0.7493661046028137
10.0,288274.0,-0.017334701493382454,0.0015339808305725455,0.47757065296173096
10.0,288278.0,-0.017334701493382454,0.0015339808305725455,0.4750761091709137
10.0,288282.0,-0.017334701493382454,0.0,0.7466568946838379
10.0,288286.0,-0.017338808625936508,0.0015339808305725455,0.4753805100917816
10.0,288290.0,-0.017338808625936508,0.0,0.743657648563385
10.0,288293.0,-0.017342915758490562,0.0015339808305725455,0.472332239151001
10.0,288297.0,-0.017342915758490562,0.0,0.741055428981781
10.0,288300.0,-0.01735113002359867,0.0015339808305725455,0.4708924889564514
10.0,288304.0,-0.01735113002359867,0.0,0.7383629083633423
10.0,288308.0,-0.01735113002359867,0.0015339808305725455,0.46696773171424866
10.0,288311.0,-0.017355235293507576,0.0,0.7359589338302612
10.0,288315.0,-0.01735934242606163,0.0015339808305725455,0.46659156680107117
10.0,288319.0,-0.01735934242606163,0.0,0.7328148484230042
10.0,288323.0,-0.017363449558615685,0.0015339808305725455,0.466045618057251
10.0,288327.0,-0.017363449558615685,0.0,0.7338347434997559
10.0,288330.0,-0.017363449558615685,0.0015339808305725455,0.46634119749069214
10.0,288334.0,-0.01736755669116974,0.0,0.7349038124084473
10.0,288337.0,-0.01736755669116974,0.0015339808305725455,0.46740904450416565
10.0,288342.0,-0.01736755669116974,0.0015339808305725455,0.47042638063430786
10.0,288348.0,-0.01736755669116974,0.0015339808305725455,0.47332775592803955
10.0,288352.0,-0.01736755669116974,0.0015339808305725455,0.4755691885948181
10.0,288355.0,-0.01736755669116974,0.0015339808305725455,0.4777428209781647
10.0,288359.0,-0.01736755669116974,0.0015339808305725455,0.4798513650894165
10.0,288363.0,-0.01736755669116974,0.0015339808305725455,0.4813916087150574
10.0,288367.0,-0.01736755669116974,0.0015339808305725455,0.48339226841926575
10.0,288370.0,-0.01736755669116974,0.0015339808305725455,0.48533469438552856
10.0,288374.0,-0.01736755669116974,0.0015339808305725455,0.48675456643104553
10.0,288378.0,-0.01736755669116974,0.0015339808305725455,0.48860040307044983
10.0,288382.0,-0.01736755669116974,0.0015339808305725455,0.4903939664363861
10.0,288385.0,-0.01736755669116974,0.0015339808305725455,0.49213746190071106
10.0,288389.0,-0.01736755669116974,0.0015339808305725455,0.4938327372074127
10.0,288393.0,-0.01736755669116974,0.0015339808305725455,0.49548181891441345
10.0,288397.0,-0.01736755669116974,0.0015339808305725455,0.4966892898082733
10.0,288400.0,-0.01736755669116974,0.0015339808305725455,0.4982617199420929
10.0,288405.0,-0.01736755669116974,0.0015339808305725455,0.4997926950454712
10.0,288410.0,-0.01736755669116974,0.0015339808305725455,0.5020150542259216
10.0,288414.0,-0.01736755669116974,0.0015339808305725455,0.5030943155288696
10.0,288418.0,-0.01736755669116974,0.0015339808305725455,0.5045015811920166
10.0,288421.0,-0.01736755669116974,0.0015339808305725455,0.5058739185333252
10.0,288424.0,-0.01736755669116974,0.0015339808305725455,0.5068811178207397
10.0,288428.0,-0.01736755669116974,0.0015339808305725455,0.5081956386566162
10.0,288432.0,-0.01736755669116974,0.0015339808305725455,0.5094788670539856
10.0,288436.0,-0.01736755669116974,0.0015339808305725455,0.510732114315033
10.0,288439.0,-0.01736755669116974,0.0015339808305725455,0.5116530060768127
10.0,288443.0,-0.01736755669116974,0.0015339808305725455,0.5128564834594727
10.0,288447.0,-0.01736755669116974,0.0015339808305725455,0.5137414336204529
10.0,288450.0,-0.01736755669116974,0.0015339808305725455,0.5148985385894775
10.0,288454.0,-0.01736755669116974,0.0015339808305725455,0.5160306096076965
10.0,288458.0,-0.01736755669116974,0.0015339808305725455,0.5168638229370117
10.0,288462.0,-0.01736755669116974,0.0015339808305725455,0.5179543495178223
10.0,288474.0,-0.01736755669116974,0.0015339808305725455,0.5210948586463928
10.0,288478.0,-0.01736755669116974,0.0015339808305725455,0.5221008062362671
10.0,288481.0,-0.01736755669116974,0.0015339808305725455,0.5230876207351685
10.0,288485.0,-0.01736755669116974,0.0015339808305725455,0.5238156914710999
10.0,288489.0,-0.01736755669116974,0.0015339808305725455,0.5247708559036255
10.0,288493.0,-0.01736755669116974,0.0015339808305725455,0.5257089734077454
10.0,288497.0,-0.01736755669116974,0.0015339808305725455,0.5266306400299072
10.0,288500.0,-0.01736755669116974,0.0015339808305725455,0.5275365114212036
10.0,288503.0,-0.01736755669116974,0.0015339808305725455,0.528205931186676
10.0,288508.0,-0.01736755669116974,0.0015339808305725455,0.529085636138916
10.0,288511.0,-0.01736755669116974,0.0015339808305725455,0.529951274394989
10.0,288515.0,-0.01736755669116974,0.0015339808305725455,0.5308032631874084
10.0,288519.0,-0.01736755669116974,0.0015339808305725455,0.5314337015151978
10.0,288522.0,-0.01736755669116974,0.0015339808305725455,0.5322632193565369
10.0,288526.0,-0.01736755669116974,0.0015339808305725455,0.5330805778503418
10.0,288530.0,-0.01736755669116974,0.0015339808305725455,0.5338862538337708
10.0,288535.0,-0.01736755669116974,0.0015339808305725455,0.5348777174949646
10.0,288539.0,-0.01736755669116974,0.0015339808305725455,0.5354645252227783
10.0,288542.0,-0.01736755669116974,0.0015339808305725455,0.5362378358840942
10.0,288546.0,-0.01736755669116974,0.0015339808305725455,0.5370012521743774
10.0,288550.0,-0.01736755669116974,0.0015339808305725455,0.5377551317214966
10.0,288554.0,-0.01736755669116974,0.0015339808305725455,0.5384998321533203
10.0,288558.0,-0.01736755669116974,0.0015339808305725455,0.5390526056289673
10.0,288561.0,-0.01736755669116974,0.0015339808305725455,0.5397821068763733
10.0,288565.0,-0.01736755669116974,0.0015339808305725455,0.5403237342834473
10.0,288569.0,-0.01736755669116974,0.0015339808305725455,0.5410391092300415
10.0,288572.0,-0.01736755669116974,0.0015339808305725455,0.5417467355728149
10.0,288576.0,-0.01736755669116974,0.0015339808305725455,0.5424471497535706
10.0,288580.0,-0.01736755669116974,0.0015339808305725455,0.5431404113769531
10.0,288584.0,-0.01736755669116974,0.0015339808305725455,0.5436558723449707
10.0,288589.0,-0.01736755669116974,0.0015339808305725455,0.544506847858429
10.0,288592.0,-0.01736755669116974,0.0015339808305725455,0.5451804995536804
10.0,288596.0,-0.01736755669116974,0.0015339808305725455,0.5458481907844543
10.0,288600.0,-0.01736755669116974,0.0015339808305725455,0.5463451147079468
10.0,288603.0,-0.01736755669116974,0.0015339808305725455,0.5470028519630432
10.0,288607.0,-0.01736755669116974,0.0015339808305725455,0.5476551651954651
10.0,288611.0,-0.01736755669116974,0.0015339808305725455,0.5483023524284363
10.0,288614.0,-0.01736755669116974,0.0015339808305725455,0.5487844347953796
10.0,288618.0,-0.01736755669116974,0.0015339808305725455,0.549423098564148
10.0,288622.0,-0.01736755669116974,0.0015339808305725455,0.5498989224433899
10.0,288626.0,-0.01736755669116974,0.0015339808305725455,0.5506864786148071
10.0,288630.0,-0.01736755669116974,0.0015339808305725455,0.5511557459831238
10.0,288633.0,-0.01736755669116974,0.0015339808305725455,0.5517778992652893
10.0,288637.0,-0.01736755669116974,0.0015339808305725455,0.5523959994316101
10.0,288641.0,-0.01736755669116974,0.0015339808305725455,0.5528570413589478
10.0,288644.0,-0.017371663823723793,0.0015339808305725455,0.5547874569892883
10.0,288648.0,-0.017371663823723793,0.0015339808305725455,0.5553484559059143
10.0,288652.0,-0.017371663823723793,0.0015339808305725455,0.5557681322097778
10.0,288657.0,-0.017371663823723793,0.0015339808305725455,0.556465744972229
10.0,288662.0,-0.017371663823723793,0.0015339808305725455,0.5572999119758606
10.0,288674.0,-0.017371663823723793,0.0015339808305725455,0.5588213801383972
10.0,288678.0,-0.017371663823723793,0.0015339808305725455,0.5593723058700562
10.0,288681.0,-0.017371663823723793,0.0015339808305725455,0.5599220991134644
10.0,288685.0,-0.017371663823723793,0.0015339808305725455,0.560470700263977
10.0,288689.0,-0.017371663823723793,0.0015339808305725455,0.561018168926239
10.0,288693.0,-0.017371663823723793,0.0015339808305725455,0.5614281892776489
10.0,288697.0,-0.017371663823723793,0.0015339808305725455,0.5619739294052124
10.0,288700.0,-0.017371663823723793,0.0015339808305725455,0.5625187158584595
10.0,288704.0,-0.017371663823723793,0.0015339808305725455,0.5630625486373901
10.0,288708.0,-0.017371663823723793,0.0015339808305725455,0.5634697675704956
10.0,288712.0,-0.017371663823723793,0.0015339808305725455,0.5640120506286621
10.0,288715.0,-0.017371663823723793,0.0015339808305725455,0.5645535588264465
10.0,288720.0,-0.017371663823723793,0.0015339808305725455,0.5650942325592041
10.0,288724.0,-0.017371663823723793,0.0015339808305725455,0.5657690167427063
10.0,288729.0,-0.017371663823723793,0.0015339808305725455,0.5663079619407654
10.0,288732.0,-0.017371663823723793,0.0015339808305725455,0.5668461918830872
10.0,288736.0,-0.017371663823723793,0.0015339808305725455,0.5673838257789612
10.0,288740.0,-0.017371663823723793,0.0015339808305725455,0.5679208040237427
10.0,288744.0,-0.017371663823723793,0.0015339808305725455,0.5683230757713318
10.0,288748.0,-0.017371663823723793,0.0015339808305725455,0.5688589811325073
10.0,288751.0,-0.017371663823723793,0.0015339808305725455,0.5693942308425903
10.0,288755.0,-0.017371663823723793,0.0015339808305725455,0.5699289441108704
10.0,288759.0,-0.017371663823723793,0.0015339808305725455,0.5704631805419922
10.0,288763.0,-0.017371663823723793,0.0015339808305725455,0.570996880531311
10.0,288767.0,-0.017371663823723793,0.0015339808305725455,0.5715300440788269
10.0,288770.0,-0.017371663823723793,0.003067961661145091,0.30501699447631836
10.0,288774.0,-0.017371663823723793,0.003067961661145091,0.31153345108032227
10.0,288778.0,-0.017371663823723793,0.003067961661145091,0.31781354546546936
10.0,288782.0,-0.017371663823723793,0.003067961661145091,0.3238668739795685
10.0,288786.0,-0.017371663823723793,0.003067961661145091,0.32970210909843445
10.0,288789.0,-0.017371663823723793,0.003067961661145091,0.33394068479537964
10.0,288793.0,-0.017371663823723793,0.003067961661145091,0.3380650281906128
10.0,288796.0,-0.017371663823723793,0.003067961661145091,0.34339216351509094
10.0,288800.0,-0.017371663823723793,0.003067961661145091,0.3485299050807953
10.0,288805.0,-0.017371663823723793,0.003067961661145091,0.35469716787338257
10.0,288809.0,-0.017371663823723793,0.003067961661145091,0.35943564772605896
10.0,288813.0,-0.017371663823723793,0.003067961661145091,0.3628801107406616
10.0,288817.0,-0.017371663823723793,0.003067961661145091,0.3673321306705475
10.0,288820.0,-0.017371663823723793,0.003067961661145091,0.3716292679309845
10.0,288823.0,-0.017371663823723793,0.003067961661145091,0.3747541308403015
10.0,288827.0,-0.017371663823723793,0.003067961661145091,0.37879469990730286
10.0,288831.0,-0.017371663823723793,0.003067961661145091,0.38269665837287903
10.0,288834.0,-0.017371663823723793,0.003067961661145091,0.3855353593826294
10.0,288838.0,-0.017371663823723793,0.003067961661145091,0.3892076015472412
10.0,288843.0,-0.017371663823723793,0.003067961661145091,0.39362388849258423
10.0,288848.0,-0.017371663823723793,0.003067961661145091,0.39702361822128296
10.0,288851.0,-0.017371663823723793,0.003067961661145091,0.4003099203109741
10.0,288855.0,-0.017371663823723793,0.003067961661145091,0.4034872353076935
10.0,288859.0,-0.017371663823723793,0.003067961661145091,0.40655994415283203
10.0,288863.0,-0.017371663823723793,0.003067961661145091,0.4087982475757599
10.0,288875.0,-0.017371663823723793,0.003067961661145091,0.41788408160209656
10.0,288879.0,-0.017371663823723793,0.003067961661145091,0.42049217224121094
10.0,288882.0,-0.017371663823723793,0.003067961661145091,0.4223940372467041
10.0,288886.0,-0.017371663823723793,0.003067961661145091,0.42486029863357544
10.0,288890.0,-0.017371663823723793,0.003067961661145091,0.4272499680519104
10.0,288893.0,-0.017371663823723793,0.003067961661145091,0.42899373173713684
10.0,288897.0,-0.017371663823723793,0.004601942375302315,0.16586245596408844
10.0,288901.0,-0.017371663823723793,0.004601942375302315,0.17197971045970917
10.0,288904.0,-0.017371663823723793,0.004601942375302315,0.18370898067951202
10.0,288910.0,-0.017371663823723793,0.004601942375302315,0.19117029011249542
10.0,288914.0,-0.017371663823723793,0.004601942375302315,0.19835808873176575
10.0,288918.0,-0.017371663823723793,0.004601942375302315,0.2035759538412094
10.0,288921.0,-0.017371663823723793,0.004601942375302315,0.21031086146831512
10.0,288924.0,-0.017371663823723793,0.004601942375302315,0.21520085632801056
10.0,288929.0,-0.017371663823723793,0.004601942375302315,0.221513569355011
10.0,288932.0,-0.017371663823723793,0.004601942375302315,0.2275981605052948
10.0,288936.0,-0.017371663823723793,0.004601942375302315,0.23201723396778107
10.0,288939.0,-0.017371663823723793,0.004601942375302315,0.23772387206554413
10.0,288943.0,-0.017371663823723793,0.004601942375302315,0.241869255900383
10.0,288947.0,-0.017371663823723793,0.004601942375302315,0.2472236305475235
10.0,288951.0,-0.017371663823723793,0.004601942375302315,0.25364959239959717
10.0,288955.0,-0.017371663823723793,0.004601942375302315,0.25736841559410095
10.0,288958.0,-0.017371663823723793,0.004601942375302315,0.26217368245124817
10.0,288962.0,-0.017371663823723793,0.004601942375302315,0.2656663954257965
10.0,288966.0,-0.017371663823723793,0.004601942375302315,0.2701805830001831
10.0,288970.0,-0.017371663823723793,0.004601942375302315,0.27453744411468506
10.0,288973.0,-0.017371663823723793,0.004601942375302315,0.27874308824539185
10.0,288977.0,-0.017371663823723793,0.006135923322290182,0.01740962825715542
10.0,288980.0,-0.017371663823723793,0.006135923322290182,0.024828549474477768
10.0,288984.0,-0.017371663823723793,0.006135923322290182,0.033041514456272125
10.0,288988.0,-0.01736755669116974,0.006135923322290182,0.04001953452825546
10.0,288991.0,-0.01736755669116974,0.006135923322290182,0.04902021959424019
10.0,288995.0,-0.01736755669116974,0.006135923322290182,0.05768672749400139
10.0,288999.0,-0.01736755669116974,0.006135923322290182,0.06467697769403458
10.0,289003.0,-0.017363449558615685,0.006135923322290182,0.07076969742774963
10.0,289007.0,-0.017363449558615685,0.006135923322290182,0.07863076031208038
10.0,289010.0,-0.017363449558615685,0.006135923322290182,0.08620255440473557
10.0,289014.0,-0.017363449558615685,0.006135923322290182,0.09169845283031464
10.0,289017.0,-0.017363449558615685,0.006135923322290182,0.09879134595394135
10.0,289021.0,-0.017363449558615685,0.006135923322290182,0.10562518239021301
10.0,289024.0,-0.017363449558615685,0.006135923322290182,0.11058676242828369
10.0,289030.0,-0.017363449558615685,0.0076699042692780495,-0.1498902291059494
10.0,289035.0,-0.017363449558615685,0.0076699042692780495,-0.13476119935512543
10.0,289039.0,-0.017363449558615685,0.0076699042692780495,-0.12317054718732834
10.0,289042.0,-0.01735934242606163,0.0076699042692780495,-0.11333499848842621
10.0,289047.0,-0.017355235293507576,0.0076699042692780495,-0.10387150198221207
10.0,289050.0,-0.01735113002359867,0.0076699042692780495,-0.09477674961090088
10.0,289054.0,-0.01735113002359867,0.0076699042692780495,-0.08717917650938034
10.0,289058.0,-0.017347022891044617,0.0076699042692780495,-0.07873640209436417
10.0,289061.0,-0.017347022891044617,0.0076699042692780495,-0.06925538182258606
10.0,289074.0,-0.017347022891044617,0.00920388475060463,-0.30321142077445984
10.0,289078.0,-0.017342915758490562,0.00920388475060463,-0.29067444801330566
10.0,289082.0,-0.017334701493382454,0.00920388475060463,-0.2812894880771637
10.0,289086.0,-0.01732238195836544,0.00920388475060463,-0.27226951718330383
10.0,289089.0,-0.017310062423348427,0.00920388475060463,-0.2653816044330597
10.0,289093.0,-0.017297741025686264,0.00920388475060463,-0.25695303082466125
10.0,289097.0,-0.017289528623223305,0.00920388475060463,-0.2505117952823639
10.0,289100.0,-0.017281314358115196,0.00920388475060463,-0.24132736027240753
10.0,289104.0,-0.017277207225561142,0.00920388475060463,-0.23400798439979553
10.0,289108.0,-0.017277207225561142,0.010737866163253784,-0.4912378191947937
10.0,289111.0,-0.017273100093007088,0.010737866163253784,-0.4757288098335266
10.0,289115.0,-0.017273100093007088,0.010737866163253784,-0.460840106010437
10.0,289119.0,-0.017260780557990074,0.010737866163253784,-0.4517018795013428
10.0,289122.0,-0.017240246757864952,0.010737866163253784,-0.4430866539478302
10.0,289127.0,-0.017215605825185776,0.010737866163253784,-0.43245646357536316
10.0,289131.0,-0.017199179157614708,0.010737866163253784,-0.4259393811225891
10.0,289134.0,-0.01717453822493553,0.010737866163253784,-0.4205460250377655
10.0,289138.0,-0.017149897292256355,0.010737866163253784,-0.41448813676834106
10.0,289142.0,-0.017129363492131233,0.010737866163253784,-0.40867865085601807
10.0,289146.0,-0.017104722559452057,0.010737866163253784,-0.40310755372047424
10.0,289150.0,-0.01708008162677288,0.012271846644580364,-0.665154755115509
10.0,289155.0,-0.017047228291630745,0.012271846644580364,-0.6500280499458313
10.0,289159.0,-0.017002053558826447,0.012271846644580364,-0.6477221846580505
10.0,289165.0,-0.016907596960663795,0.012271846644580364,-0.6513420939445496
10.0,289169.0,-0.016821354627609253,0.012271846644580364,-0.6643426418304443
10.0,289173.0,-0.016722792759537697,0.012271846644580364,-0.6743155121803284
10.0,289177.0,-0.016620123758912086,0.012271846644580364,-0.6885678172111511
10.0,289180.0,-0.016537988558411598,0.012271846644580364,-0.7036821246147156
10.0,289184.0,-0.016431212425231934,0.012271846644580364,-0.7153786420822144
10.0,289188.0,-0.01632443442940712,0.010737866163253784,-0.46424996852874756
10.0,289191.0,-0.01624229922890663,0.010737866163253784,-0.48397478461265564
10.0,289195.0,-0.01614784449338913,0.010737866163253784,-0.49496814608573914
10.0,289198.0,-0.016057495027780533,0.010737866163253784,-0.50831538438797
10.0,289202.0,-0.015967145562171936,0.010737866163253784,-0.5212271809577942
10.0,289206.0,-0.015901437029242516,0.010737866163253784,-0.5337451100349426
10.0,289210.0,-0.015806982293725014,0.010737866163253784,-0.5472029447555542
10.0,289213.0,-0.015712525695562363,0.010737866163253784,-0.5566734075546265
10.0,289218.0,-0.01559342909604311,0.010737866163253784,-0.5728331804275513
10.0,289223.0,-0.015503079630434513,0.010737866163253784,-0.5856777429580688
10.0,289227.0,-0.015420944429934025,0.010737866163253784,-0.5934595465660095
10.0,289230.0,-0.015342915430665016,0.010737866163253784,-0.597804844379425
10.0,289234.0,-0.015289527364075184,0.010737866163253784,-0.6012170910835266
10.0,289238.0,-0.015219712629914284,0.012271846644580364,-0.8694629669189453
10.0,289241.0,-0.015170430764555931,0.012271846644580364,-0.8655033707618713
10.0,289244.0,-0.015088295564055443,0.012271846644580364,-0.8680613040924072
10.0,289248.0,-0.015018480829894543,0.012271846644580364,-0.8750169277191162
10.0,289252.0,-0.01490349043160677,0.012271846644580364,-0.8841215968132019
10.0,289255.0,-0.01480082143098116,0.012271846644580364,-0.903982400894165
10.0,289259.0,-0.014648870564997196,0.012271846644580364,-0.9285721182823181
10.0,289263.0,-0.014480493031442165,0.010737866163253784,-0.6844470500946045
10.0,289275.0,-0.013942505232989788,0.010737866163253784,-0.7990108728408813
10.0,289280.0,-0.013712525367736816,0.010737866163253784,-0.833509624004364
10.0,289283.0,-0.013572894968092442,0.010737866163253784,-0.8668562173843384
10.0,289287.0,-0.013388090766966343,0.00920388475060463,-0.6230103969573975
10.0,289290.0,-0.013248460367321968,0.00920388475060463,-0.66181480884552
10.0,289294.0,-0.013063655234873295,0.00920388475060463,-0.6880369782447815
10.0,289298.0,-0.01289527676999569,0.00920388475060463,-0.7179540991783142
10.0,289301.0,-0.012776181101799011,0.00920388475060463,-0.7442312836647034
10.0,289305.0,-0.012620123103260994,0.00920388475060463,-0.7656106352806091
10.0,289309.0,-0.012439425103366375,0.00920388475060463,-0.786324143409729
10.0,289313.0,-0.01233264897018671,0.00920388475060463,-0.8050553202629089
10.0,289317.0,-0.012143736705183983,0.00920388475060463,-0.8258939385414124
10.0,289321.0,-0.012028747238218784,0.00920388475060463,-0.8474240303039551
10.0,289325.0,-0.011872690171003342,0.00920388475060463,-0.8682684302330017
10.0,289329.0,-0.011716632172465324,0.00920388475060463,-0.8827958106994629
10.0,289332.0,-0.011597535572946072,0.00920388475060463,-0.9038693308830261
10.0,289336.0,-0.011433265171945095,0.00920388475060463,-0.9242926239967346
10.0,289339.0,-0.01126488670706749,0.00920388475060463,-0.9428972005844116
10.0,289344.0,-0.011075975373387337,0.0076699042692780495,-0.7060953378677368
10.0,289349.0,-0.010833675973117352,0.0076699042692780495,-0.7499086260795593
10.0,289353.0,-0.010644763708114624,0.0076699042692780495,-0.7820655703544617
10.0,289357.0,-0.010464065708220005,0.0076699042692780495,-0.8104854226112366
10.0,289360.0,-0.010332648642361164,0.0076699042692780495,-0.8366612792015076
10.0,289364.0,-0.010151950642466545,0.0076699042692780495,-0.8567737936973572
10.0,289368.0,-0.009967145510017872,0.0076699042692780495,-0.8841686844825745
10.0,289371.0,-0.009831622242927551,0.0076699042692780495,-0.9106957912445068
10.0,289375.0,-0.009638603776693344,0.0076699042692780495,-0.9317201972007751
10.0,289378.0,-0.009437371976673603,0.0076699042692780495,-0.9620872735977173
10.0,289382.0,-0.009223819710314274,0.006135923322290182,-0.7285826206207275
10.0,289386.0,-0.008989732712507248,0.006135923322290182,-0.7735971212387085
10.0,289390.0,-0.008813141845166683,0.006135923322290182,-0.8170862793922424
10.0,289394.0,-0.008591375313699245,0.006135923322290182,-0.845087468624115
10.0,289397.0,-0.008369609713554382,0.006135923322290182,-0.8822437524795532
10.0,289401.0,-0.008201232179999352,0.006135923322290182,-0.9181705713272095
10.0,289407.0,-0.007864476181566715,0.004601942375302315,-0.7071865797042847
10.0,289411.0,-0.007630390115082264,0.004601942375302315,-0.7501527667045593
10.0,289415.0,-0.0074045173823833466,0.004601942375302315,-0.7890268564224243
10.0,289419.0,-0.007182751316577196,0.004601942375302315,-0.8156864643096924
10.0,289422.0,-0.00703080091625452,0.004601942375302315,-0.844414234161377
10.0,289426.0,-0.006837782450020313,0.004601942375302315,-0.8695958852767944
10.0,289430.0,-0.006640657316893339,0.004601942375302315,-0.8953418731689453
10.0,289434.0,-0.006443531718105078,0.004601942375302315,-0.9202924966812134
10.0,289438.0,-0.006242299918085337,0.004601942375302315,-0.9398654699325562
10.0,289441.0,-0.006086242385208607,0.004601942375302315,-0.9674884676933289
10.0,289445.0,-0.0058767967857420444,0.004601942375302315,-0.9872986674308777
10.0,289448.0,-0.005650924053043127,0.003067961661145091,-0.7519425749778748
10.0,289452.0,-0.005474332720041275,0.003067961661145091,-0.7911558747291565
10.0,289456.0,-0.005248459987342358,0.003067961661145091,-0.8264155387878418
10.0,289460.0,-0.0050308010540902615,0.003067961661145091,-0.8565488457679749
10.0,289464.0,-0.004821355454623699,0.003067961661145091,-0.8772021532058716
10.0,289476.0,-0.004090349189937115,0.003067961661145091,-0.978739321231842
10.0,289480.0,-0.003852155990898609,0.0015339808305725455,-0.7483200430870056
10.0,289484.0,-0.0036632444243878126,0.0015339808305725455,-0.7892706394195557
10.0,289488.0,-0.003363449592143297,0.0015339808305725455,-0.8275712132453918
10.0,289492.0,-0.003186858259141445,0.0015339808305725455,-0.8619661927223206
10.0,289496.0,-0.002899383893236518,0.0015339808305725455,-0.8939550518989563
10.0,289500.0,-0.002722792560234666,0.0015339808305725455,-0.9263134598731995
10.0,289504.0,-0.002488706260919571,0.0015339808305725455,-0.9502586126327515
10.0,289507.0,-0.0022546201944351196,0.0,-0.7154966592788696
10.0,289511.0,-0.00206981529481709,0.0,-0.7551319003105164
10.0,289514.0,-0.0018234086455777287,0.0,-0.7840249538421631
10.0,289518.0,-0.0016468171961605549,0.0,-0.8174611330032349
10.0,289522.0,-0.0014209445798769593,0.0,-0.8394982218742371
10.0,289526.0,-0.0012032854137942195,0.0,-0.8720104694366455
10.0,289531.0,-0.0009404517477378249,0.0,-0.9007099270820618
10.0,289535.0,-0.0006694045150652528,0.0,-0.9253287315368652
10.0,289539.0,-0.0005051334737800062,-0.0015339808305725455,-0.6835044622421265
10.0,289542.0,-0.0002751540159806609,-0.0015339808305725455,-0.707169771194458
10.0,289547.0,-5.3388092055683956e-05,-0.0015339808305725455,-0.7369521260261536
10.0,289550.0,0.00010266940807923675,-0.0015339808305725455,-0.7618249654769897
10.0,289554.0,0.00030800822423771024,-0.0015339808305725455,-0.778315007686615
10.0,289558.0,0.000488706340547651,-0.0015339808305725455,-0.792643666267395
10.0,289561.0,0.0006242299568839371,-0.0015339808305725455,-0.8066272139549255
10.0,289564.0,0.0008008213480934501,-0.0015339808305725455,-0.8155538439750671
10.0,289568.0,0.0009733059559948742,-0.0015339808305725455,-0.8263526558876038
10.0,289572.0,0.0011088295141234994,-0.0015339808305725455,-0.8395976424217224
10.0,289576.0,0.0012936345301568508,-0.0015339808305725455,-0.852516770362854
10.0,289580.0,0.0015154003631323576,-0.0015339808305725455,-0.8651596903800964
10.0,289584.0,0.0016591375460848212,-0.0015339808305725455,-0.881554365158081
10.0,289588.0,0.0018562627956271172,-0.0015339808305725455,-0.9002245664596558
10.0,289592.0,0.0020657083950936794,-0.0015339808305725455,-0.915582001209259
10.0,289596.0,0.0023326489608734846,-0.0015339808305725455,-0.9426868557929993
10.0,289600.0,0.002501026727259159,-0.0015339808305725455,-0.9677337408065796
10.0,289604.0,0.0027310061268508434,-0.0015339808305725455,-0.9870446920394897
10.0,289608.0,0.002977412659674883,-0.0015339808305725455,-1.017498254776001
10.0,289611.0,0.00317043112590909,-0.0015339808305725455,-1.0497153997421265
10.0,289615.0,0.0034291581250727177,-0.003067961661145091,-0.8068253993988037
10.0,289619.0,0.0037043120246380568,-0.003067961661145091,-0.8500675559043884
10.0,289622.0,0.003975359257310629,-0.003067961661145091,-0.8905643224716187
10.0,289627.0,0.0042381929233670235,-0.003067961661145091,-0.9271609783172607
10.0,289631.0,0.004496919922530651,-0.004601942375302315,-0.701585590839386
10.0,289634.0,0.004759753588587046,-0.004601942375302315,-0.7318806648254395
10.0,289638.0,0.005026693921536207,-0.004601942375302315,-0.7724815011024475
10.0,289642.0,0.0052114990539848804,-0.004601942375302315,-0.8051456212997437
10.0,289646.0,0.005449691787362099,-0.004601942375302315,-0.8328227400779724
10.0,289649.0,0.00567967165261507,-0.004601942375302315,-0.8520417809486389
10.0,289653.0,0.005848049186170101,-0.004601942375302315,-0.8743457794189453
10.0,289658.0,0.006131416652351618,-0.006135923322290182,-0.6379737854003906
10.0,289663.0,0.0064065707847476006,-0.006135923322290182,-0.6707063317298889
10.0,289667.0,0.006607803050428629,-0.006135923322290182,-0.684158444404602
10.0,289679.0,0.007162217516452074,-0.006135923322290182,-0.7250236868858337
10.0,289682.0,0.007326488848775625,-0.006135923322290182,-0.7295076847076416
10.0,289687.0,0.007494866382330656,-0.006135923322290182,-0.7367806434631348
10.0,289690.0,0.00762217678129673,-0.006135923322290182,-0.743992030620575
10.0,289694.0,0.007786447647958994,-0.006135923322290182,-0.7483388185501099
10.0,289698.0,0.00793839804828167,-0.006135923322290182,-0.7501159906387329
10.0,289701.0,0.008053388446569443,-0.006135923322290182,-0.7506496906280518
10.0,289705.0,0.008193018846213818,-0.006135923322290182,-0.7486892342567444
10.0,289709.0,0.008328542113304138,-0.004601942375302315,-1.012590765953064
10.0,289713.0,0.008464065380394459,-0.004601942375302315,-1.005231499671936
10.0,289717.0,0.008616016246378422,-0.004601942375302315,-1.0033814907073975
10.0,289721.0,0.008833675645291805,-0.004601942375302315,-1.0091092586517334
10.0,289725.0,0.009014373645186424,-0.004601942375302315,-1.0158474445343018
10.0,289729.0,0.009158111177384853,-0.004601942375302315,-1.026566505432129
10.0,289732.0,0.009359342977404594,-0.004601942375302315,-1.0368468761444092
10.0,289737.0,0.00956878811120987,-0.006135923322290182,-0.7886446118354797
10.0,289740.0,0.009786447510123253,-0.006135923322290182,-0.8124946355819702
10.0,289744.0,0.009938398376107216,-0.006135923322290182,-0.8316877484321594
10.0,289749.0,0.01018891204148531,-0.006135923322290182,5.148358345031738
11.0,289753.0,0.010435318574309349,-0.006135923322290182,5.132819175720215
11.0,289758.0,0.010464065708220005,-0.006135923322290182,5.172840118408203
11.0,289761.0,0.010082135908305645,-0.004601942375302315,5.077919960021973
11.0,289765.0,0.009359342977404594,-0.0015339808305725455,4.829824924468994
11.0,289769.0,0.00856262817978859,0.004601942375302315,4.172388076782227
11.0,289773.0,0.007273100782185793,0.0076699042692780495,3.6012887954711914
11.0,289777.0,0.005757700186222792,0.015339808538556099,3.2273659706115723
11.0,289781.0,0.004032853990793228,0.023009711876511574,2.5236659049987793
11.0,289784.0,0.002673511393368244,0.030679617077112198,1.8593249320983887
11.0,289788.0,0.0007967145647853613,0.03988350182771683,0.9562911987304688
11.0,289792.0,-0.0010965092806145549,0.04601942375302315,0.32674741744995117
11.0,289796.0,-0.0029075974598526955,0.05675728991627693,-0.596071720123291
10.0,289800.0,-0.004620123188942671,0.061359234154224396,-6.901017189025879
10.0,289803.0,-0.005794661119580269,0.07209710031747818,-7.889408111572266
10.0,289809.0,-0.007548254448920488,0.07669904083013535,-8.328990936279297
10.0,289813.0,-0.007659137714654207,0.0782330259680748,-8.469459533691406
10.0,289817.0,-0.007166324649006128,0.0782330259680748,-8.509483337402344
10.0,289820.0,-0.006344969384372234,0.07516506314277649,-8.23679256439209
10.0,289824.0,-0.00476796692237258,0.06902913749217987,-7.612494468688965
10.0,289828.0,-0.0026160164270550013,0.061359234154224396,-6.9156413078308105
10.0,289832.0,2.874743404390756e-05,0.05368933081626892,-6.164202690124512
10.0,289836.0,0.003067761892452836,0.04295146465301514,-5.195010662078857
10.0,289839.0,0.006468172650784254,0.030679617077112198,-4.088107109069824
10.0,289843.0,0.009174537844955921,0.02147573232650757,-3.3175039291381836
10.0,289848.0,0.013823408633470535,0.003067961661145091,-1.556488275527954
10.0,289852.0,0.017585216090083122,-0.00920388475060463,-0.09667792171239853
10.0,289856.0,0.022123202681541443,-0.02761165425181389,1.1546217203140259
10.0,289860.0,0.024698151275515556,-0.03681553900241852,2.1956911087036133
10.0,289864.0,0.02786858379840851,-0.04908738657832146,3.037752151489258
10.0,289868.0,0.030648870393633842,-0.05982525274157524,3.9991865158081055
10.0,289871.0,0.03245585039258003,-0.06749515980482101,4.556163787841797
10.0,289884.0,0.03685010224580765,-0.08130098134279251,5.612877368927002
10.0,289888.0,0.037006158381700516,-0.08130098134279251,5.578998565673828
10.0,289892.0,0.036669403314590454,-0.07976700365543365,5.405104637145996
10.0,289895.0,0.036139629781246185,-0.07669904083013535,5.106196880340576
10.0,289899.0,0.035088296979665756,-0.07209710031747818,4.668410778045654
10.0,289903.0,0.033716633915901184,-0.06749515980482101,4.209753513336182
10.0,289908.0,0.03161806985735893,-0.058291271328926086,3.298208475112915
10.0,289912.0,0.02971663326025009,-0.0475534051656723,2.2306711673736572
10.0,289916.0,0.02769199199974537,-0.03988350182771683,1.5924264192581177
10.0,289920.0,0.025609856471419334,-0.03221359848976135,0.7927747368812561
10.0,289924.0,0.02356468141078949,-0.023009711876511574,-0.18833065032958984
10.0,289928.0,0.02159753628075123,-0.012271846644580364,-1.104357123374939
10.0,289932.0,0.01978234015405178,-0.0076699042692780495,-1.41871178150177
10.0,289935.0,0.01857084222137928,0.0,-2.1711065769195557
10.0,289939.0,0.01718275062739849,0.004601942375302315,-2.734821319580078
10.0,289943.0,0.016098562628030777,0.010737866163253784,-3.2206227779388428
10.0,289947.0,0.015355235897004604,0.013805827125906944,-3.4285953044891357
10.0,289950.0,0.014948665164411068,0.016873789951205254,-3.744713306427002
10.0,289954.0,0.014887063764035702,0.016873789951205254,-3.6449718475341797
10.0,289958.0,0.015092402696609497,0.016873789951205254,-3.6407268047332764
10.0,289962.0,0.015548254363238811,0.015339808538556099,-3.4386866092681885
10.0,289965.0,0.016246406361460686,0.013805827125906944,-3.3179843425750732
10.0,289969.0,0.017129363492131233,0.010737866163253784,-2.9961092472076416
10.0,289973.0,0.017905544489622116,0.0076699042692780495,-2.6588857173919678
10.0,289977.0,0.019075974822044373,0.004601942375302315,-2.4389641284942627
10.0,289980.0,0.02034086175262928,-0.0015339808305725455,-1.7184277772903442
10.0,289984.0,0.021334702149033546,-0.006135923322290182,-1.2949880361557007
10.0,289989.0,0.023030800744891167,-0.010737866163253784,-0.7176634669303894
10.0,289992.0,0.02436550334095955,-0.015339808538556099,-0.47528520226478577
10.0,289997.0,0.025655031204223633,-0.019941750913858414,-0.05605261027812958
10.0,290000.0,0.026562629267573357,-0.023009711876511574,0.3938680589199066
10.0,290004.0,0.027650924399495125,-0.02761165425181389,0.6891486644744873
10.0,290008.0,0.02861601673066616,-0.030679617077112198,0.9380387663841248
10.0,290011.0,0.029236139729619026,-0.03374757990241051,1.2341066598892212
10.0,290014.0,0.0299096517264843,-0.03528155758976936,1.3605529069900513
10.0,290018.0,0.030287474393844604,-0.03681553900241852,1.4921711683273315
10.0,290022.0,0.03062833659350872,-0.03681553900241852,1.4186351299285889
10.0,290026.0,0.03076796792447567,-0.03834952041506767,1.4085559844970703
10.0,290029.0,0.030743326991796494,-0.03681553900241852,1.4360792636871338
10.0,290034.0,0.030595483258366585,-0.03681553900241852,1.507175326347351
10.0,290039.0,0.03029158152639866,-0.03528155758976936,1.3685524463653564
10.0,290042.0,0.030061600729823112,-0.03221359848976135,0.9564757347106934
10.0,290046.0,0.029728952795267105,-0.03221359848976135,1.0977864265441895
10.0,290049.0,0.029367556795477867,-0.030679617077112198,0.9389712810516357
10.0,290053.0,0.029088295996189117,-0.029145635664463043,0.7843700051307678
10.0,290057.0,0.02871868573129177,-0.02761165425181389,0.6669723391532898
10.0,290060.0,0.028451744467020035,-0.026077674701809883,0.5475915670394897
10.0,290064.0,0.02811088226735592,-0.02454369328916073,0.41790056228637695
10.0,290068.0,0.027811087667942047,-0.023009711876511574,0.27558183670043945
10.0,290071.0,0.02754414826631546,-0.02147573232650757,0.09656102955341339
10.0,290084.0,0.027010267600417137,-0.01840776950120926,-0.14896497130393982
10.0,290088.0,0.026940451934933662,-0.01840776950120926,-0.10780102014541626
10.0,290091.0,0.02691991813480854,-0.01840776950120926,-0.06772547960281372
10.0,290094.0,0.02691991813480854,-0.01840776950120926,-0.04371721297502518
10.0,290098.0,0.026936344802379608,-0.01840776950120926,-0.019506199285387993
10.0,290102.0,0.026952771469950676,-0.01840776950120926,0.006368456408381462
10.0,290106.0,0.026960985735058784,-0.01840776950120926,0.032519154250621796
10.0,290110.0,0.02696509286761284,-0.01840776950120926,0.052091509103775024
10.0,290113.0,0.02696509286761284,-0.01840776950120926,0.07901960611343384
10.0,290118.0,0.02696509286761284,-0.01840776950120926,0.10485482215881348
10.0,290121.0,0.02696509286761284,-0.016873789951205254,-0.13575363159179688
10.0,290125.0,0.02696509286761284,-0.01840776950120926,0.15203046798706055
10.0,290128.0,0.02696509286761284,-0.016873789951205254,-0.0889892429113388
10.0,290132.0,0.02696509286761284,-0.016873789951205254,-0.06423932313919067
10.0,290136.0,0.02696509286761284,-0.016873789951205254,-0.03744391351938248
10.0,290140.0,0.02696509286761284,-0.016873789951205254,-0.02111617475748062
10.0,290143.0,0.02696509286761284,-0.01840776950120926,0.2723705768585205
10.0,290147.0,0.02696509286761284,-0.01840776950120926,0.2903478741645813
10.0,290151.0,0.02696509286761284,-0.01840776950120926,0.30334344506263733
10.0,290156.0,0.026960985735058784,-0.01840776950120926,0.3308087885379791
10.0,290160.0,0.02695687860250473,-0.01840776950120926,0.3463897407054901
10.0,290164.0,0.026952771469950676,-0.01840776950120926,0.3626437783241272
10.0,290168.0,0.026952771469950676,-0.01840776950120926,0.37691158056259155
10.0,290172.0,0.02694866620004177,-0.01840776950120926,0.3919036388397217
10.0,290176.0,0.02694866620004177,-0.01840776950120926,0.40495970845222473
10.0,290179.0,0.026944559067487717,-0.019941750913858414,0.6826602220535278
10.0,290183.0,0.026944559067487717,-0.019941750913858414,0.6872473359107971
10.0,290187.0,0.026932237669825554,-0.019941750913858414,0.6971538066864014
10.0,290190.0,0.026915811002254486,-0.019941750913858414,0.7093143463134766
10.0,290194.0,0.026887062937021255,-0.019941750913858414,0.7211320400238037
10.0,290197.0,0.026850102469325066,-0.019941750913858414,0.73770672082901
10.0,290201.0,0.026804927736520767,-0.019941750913858414,0.756315290927887
10.0,290205.0,0.026763860136270523,-0.019941750913858414,0.7721527814865112
10.0,290208.0,0.02669404447078705,-0.019941750913858414,0.7974749803543091
10.0,290212.0,0.026632443070411682,-0.019941750913858414,0.8188645839691162
10.0,290215.0,0.026562629267573357,-0.019941750913858414,0.8504712581634521
10.0,290220.0,0.02642710506916046,-0.019941750913858414,0.895339846611023
10.0,290224.0,0.02630390226840973,-0.019941750913858414,0.9348421692848206
10.0,290228.0,0.026168378069996834,-0.019941750913858414,0.9658737182617188
10.0,290231.0,0.026057494804263115,-0.01840776950120926,0.7469522953033447
10.0,290235.0,0.025901436805725098,-0.01840776950120926,0.7843561768531799
10.0,290238.0,0.02574538066983223,-0.01840776950120926,0.833532452583313
10.0,290242.0,0.025626283138990402,-0.01840776950120926,0.8699153661727905
10.0,290245.0,0.02546611987054348,-0.016873789951205254,0.6504189372062683
10.0,290249.0,0.02530595473945141,-0.016873789951205254,0.7021151781082153
10.0,290253.0,0.02519507147371769,-0.016873789951205254,0.736624538898468
10.0,290257.0,0.02505544200539589,-0.016873789951205254,0.788067102432251
10.0,290261.0,0.024919917806982994,-0.016873789951205254,0.817575991153717
10.0,290264.0,0.024780288338661194,-0.016873789951205254,0.8565688729286194
10.0,290268.0,0.02462833747267723,-0.015339808538556099,0.632788360118866
10.0,290281.0,0.02418891154229641,-0.015339808538556099,0.7694137692451477
10.0,290285.0,0.024065708741545677,-0.015339808538556099,0.7998422980308533
10.0,290289.0,0.023950718343257904,-0.015339808538556099,0.8278562426567078
10.0,290293.0,0.02383572980761528,-0.015339808538556099,0.8548779487609863
10.0,290297.0,0.023720739409327507,-0.015339808538556099,0.882301390171051
10.0,290301.0,0.023597536608576775,-0.015339808538556099,0.9100909233093262
10.0,290305.0,0.023474331945180893,-0.015339808538556099,0.9296115040779114
10.0,290309.0,0.0233429167419672,-0.015339808538556099,0.9668048620223999
10.0,290313.0,0.023199178278446198,-0.016873789951205254,1.2571324110031128
10.0,290317.0,0.023047227412462234,-0.016873789951205254,1.284538745880127
10.0,290320.0,0.022862423211336136,-0.016873789951205254,1.3217414617538452
10.0,290324.0,0.022702258080244064,-0.015339808538556099,1.104480266571045
10.0,290328.0,0.022459959611296654,-0.015339808538556099,1.166069507598877
10.0,290332.0,0.022201232612133026,-0.015339808538556099,1.2125048637390137
10.0,290336.0,0.021930184215307236,-0.015339808538556099,1.2769837379455566
10.0,290339.0,0.021638603881001472,-0.013805827125906944,1.080532431602478
10.0,290344.0,0.021248459815979004,-0.013805827125906944,1.1790481805801392
10.0,290350.0,0.020829569548368454,-0.012271846644580364,1.015688180923462
10.0,290354.0,0.02047227881848812,-0.012271846644580364,1.108473300933838
10.0,290358.0,0.020110882818698883,-0.010737866163253784,0.9339473247528076
10.0,290361.0,0.019831622019410133,-0.010737866163253784,1.0315783023834229
10.0,290365.0,0.01946611888706684,-0.00920388475060463,0.8341394066810608
10.0,290369.0,0.01910061575472355,-0.00920388475060463,0.9292482733726501
10.0,290372.0,0.018829569220542908,-0.0076699042692780495,0.7544405460357666
10.0,290376.0,0.01841067709028721,-0.0076699042692780495,0.8382678627967834
10.0,290380.0,0.018168378621339798,-0.006135923322290182,0.6497621536254883
10.0,290384.0,0.017860369756817818,-0.006135923322290182,0.7067887187004089
10.0,290388.0,0.017581108957529068,-0.006135923322290182,0.771584689617157
10.0,290391.0,0.017326489090919495,-0.004601942375302315,0.5592348575592041
10.0,290395.0,0.017137577757239342,-0.004601942375302315,0.6152094602584839
10.0,290399.0,0.016907596960663795,-0.004601942375302315,0.6625901460647583
10.0,290402.0,0.01669815182685852,-0.004601942375302315,0.6927003860473633
10.0,290408.0,0.016468172892928123,-0.004601942375302315,0.7314356565475464
10.0,290412.0,0.016246406361460686,-0.004601942375302315,0.7659635543823242
10.0,290417.0,0.016078028827905655,-0.004601942375302315,0.7896256446838379
10.0,290420.0,0.015950718894600868,-0.004601942375302315,0.8125407099723816
10.0,290424.0,0.015782341361045837,-0.004601942375302315,0.829606831073761
10.0,290428.0,0.015622176229953766,-0.004601942375302315,0.8536198139190674
10.0,290432.0,0.01544969156384468,-0.004601942375302315,0.871069073677063
10.0,290436.0,0.015264887362718582,-0.004601942375302315,0.8968020081520081
10.0,290440.0,0.015075975097715855,-0.004601942375302315,0.9230825901031494
10.0,290443.0,0.014882956631481647,-0.004601942375302315,0.9498690366744995
10.0,290448.0,0.01468583196401596,-0.004601942375302315,0.9771592617034912
10.0,290452.0,0.014484599232673645,-0.004601942375302315,1.0049512386322021
10.0,290455.0,0.014332649298012257,-0.004601942375302315,1.0332050323486328
10.0,290459.0,0.014119096100330353,-0.004601942375302315,1.0645945072174072
10.0,290462.0,0.01389733050018549,-0.004601942375302315,1.087807059288025
10.0,290467.0,0.013671457767486572,-0.004601942375302315,1.120140552520752
10.0,290470.0,0.013494866900146008,-0.004601942375302315,1.155486822128296
10.0,290473.0,0.013248460367321968,-0.004601942375302315,1.1832671165466309
10.0,290486.0,0.012324435636401176,-0.003067961661145091,1.068299651145935
10.0,290490.0,0.012078029103577137,-0.003067961661145091,1.132123589515686
10.0,290493.0,0.011745380237698555,-0.003067961661145091,1.1799250841140747
10.0,290497.0,0.011400410905480385,-0.0015339808305725455,0.9784625768661499
10.0,290501.0,0.011125256307423115,-0.0015339808305725455,1.054376244544983
10.0,290504.0,0.010767967440187931,-0.0015339808305725455,1.1072793006896973
10.0,290508.0,0.010496919974684715,0.0,0.9136396646499634
10.0,290511.0,0.010131416842341423,0.0,0.9705367684364319
10.0,290515.0,0.00976591370999813,0.0015339808305725455,0.7783292531967163
10.0,290519.0,0.009490760043263435,0.0015339808305725455,0.8549995422363281
10.0,290523.0,0.009137577377259731,0.003067961661145091,0.6401745676994324
10.0,290527.0,0.00879671424627304,0.003067961661145091,0.7104761600494385
10.0,290530.0,0.008546201512217522,0.003067961661145091,0.5188419818878174
10.0,290535.0,0.0080369608476758,0.004601942375302315,0.5854081511497498
10.0,290541.0,0.007765913847833872,0.004601942375302315,0.6318495869636536
10.0,290545.0,0.007527720648795366,0.004601942375302315,0.6738095283508301
10.0,290549.0,0.007318275049328804,0.004601942375302315,0.6947487592697144
10.0,290552.0,0.007133470382541418,0.004601942375302315,0.7050331234931946
10.0,290556.0,0.007014373783022165,0.004601942375302315,0.7117658853530884
10.0,290560.0,0.006858316250145435,0.004601942375302315,0.7150887846946716
10.0,290563.0,0.006751540116965771,0.004601942375302315,0.7150412201881409
10.0,290567.0,0.00662012305110693,0.004601942375302315,0.7131048440933228
10.0,290570.0,0.00652977405115962,0.004601942375302315,0.7067437171936035
10.0,290574.0,0.006418891251087189,0.003067961661145091,0.9668072462081909
10.0,290578.0,0.006320328451693058,0.003067961661145091,0.9485346078872681
10.0,290582.0,0.0062053389847278595,0.003067961661145091,0.9364416599273682
10.0,290585.0,0.0060739219188690186,0.003067961661145091,0.9303049445152283
10.0,290589.0,0.005967145785689354,0.0015339808305725455,1.1938248872756958
10.0,290593.0,0.00580287491902709,0.0015339808305725455,1.1932839155197144
10.0,290597.0,0.005622176453471184,0.0015339808305725455,1.198108196258545
10.0,290600.0,0.005474332720041275,0.0015339808305725455,1.2096209526062012
10.0,290604.0,0.005248459987342358,0.0015339808305725455,1.225162386894226
10.0,290608.0,0.004997946787625551,0.0015339808305725455,1.2521183490753174
10.0,290611.0,0.0047227926552295685,0.0015339808305725455,1.2863072156906128
10.0,290615.0,0.004496919922530651,0.003067961661145091,1.0662938356399536
10.0,290619.0,0.004176591522991657,0.003067961661145091,1.1186672449111938
10.0,290622.0,0.003852155990898609,0.003067961661145091,1.157515525817871
10.0,290626.0,0.003597535891458392,0.004601942375302315,0.9482646584510803
10.0,290629.0,0.003248459892347455,0.004601942375302315,0.9959988594055176
10.0,290633.0,0.002989733126014471,0.006135923322290182,0.7875696420669556
10.0,290637.0,0.0026488706935197115,0.006135923322290182,0.8503625988960266
10.0,290641.0,0.002308008261024952,0.006135923322290182,0.8957483172416687
10.0,290644.0,0.00206981529481709,0.0076699042692780495,0.6786689162254333
10.0,290649.0,0.0016878850292414427,0.0076699042692780495,0.7315797805786133
10.0,290652.0,0.0014702258631587029,0.0076699042692780495,0.7760737538337708
10.0,290656.0,0.0012073921971023083,0.00920388475060463,0.5415772199630737
10.0,290660.0,0.000899383972864598,0.00920388475060463,0.5763455033302307
10.0,290666.0,0.000587268965318799,0.00920388475060463,0.6078188419342041
10.0,290670.0,0.00039835728239268064,0.00920388475060463,0.6219345927238464
10.0,290675.0,0.00023408624110743403,0.00920388475060463,0.6264032125473022
10.0,290688.0,-0.0002053388161584735,0.00920388475060463,0.613972544670105
10.0,290692.0,-0.00031622176175005734,0.00920388475060463,0.6056714653968811
10.0,290696.0,-0.00042299795313738286,0.0076699042692780495,0.8595970869064331
10.0,290700.0,-0.0005174538237042725,0.0076699042692780495,0.8388057351112366
10.0,290703.0,-0.0005954825319349766,0.0076699042692780495,0.8216224312782288
10.0,290707.0,-0.0007022587233223021,0.0076699042692780495,0.8065601587295532
10.0,290711.0,-0.0008336755563504994,0.0076699042692780495,0.7922337651252747
10.0,290715.0,-0.0009158111060969532,0.006135923322290182,1.0453273057937622
10.0,290720.0,-0.0010431210976094007,0.006135923322290182,1.0237176418304443
10.0,290724.0,-0.0012032854137942195,0.006135923322290182,1.01007080078125
10.0,290729.0,-0.0013470225967466831,0.006135923322290182,1.0048916339874268
10.0,290732.0,-0.0014743326464667916,0.006135923322290182,1.008101463317871
10.0,290736.0,-0.0016550307627767324,0.006135923322290182,1.016738772392273
10.0,290740.0,-0.0018439425621181726,0.006135923322290182,1.0248154401779175
10.0,290743.0,-0.0020451745949685574,0.006135923322290182,1.03855562210083
10.0,290748.0,-0.002246406627818942,0.006135923322290182,1.0520007610321045
10.0,290751.0,-0.0023983572609722614,0.006135923322290182,1.0665054321289062
10.0,290754.0,-0.0026078028604388237,0.006135923322290182,1.0778141021728516
10.0,290759.0,-0.0028295686934143305,0.006135923322290182,1.102482557296753
10.0,290762.0,-0.0030636549927294254,0.0076699042692780495,0.851418137550354
10.0,290767.0,-0.003305954858660698,0.0076699042692780495,0.8823220133781433
10.0,290770.0,-0.0034948664251714945,0.0076699042692780495,0.9149428606033325
10.0,290774.0,-0.0037412731908261776,0.0076699042692780495,0.937771201133728
10.0,290778.0,-0.003979465924203396,0.0076699042692780495,0.9647617936134338
10.0,290782.0,-0.0042135524563491344,0.00920388475060463,0.7227264046669006
10.0,290786.0,-0.004455852322280407,0.00920388475060463,0.7625814080238342
10.0,290790.0,-0.004681725054979324,0.00920388475060463,0.7820100784301758
10.0,290793.0,-0.004837782122194767,0.00920388475060463,0.8010326623916626
10.0,290797.0,-0.005034907720983028,0.010737866163253784,0.5460647344589233
10.0,290800.0,-0.005223819520324469,0.010737866163253784,0.5649538040161133
10.0,290804.0,-0.005359342787414789,0.010737866163253784,0.5806718468666077
10.0,290810.0,-0.00561396311968565,0.010737866163253784,0.5943948030471802
10.0,290814.0,-0.005761806853115559,0.010737866163253784,0.5987203121185303
10.0,290817.0,-0.005885010119527578,0.010737866163253784,0.5950639247894287
10.0,290821.0,-0.005971252452582121,0.010737866163253784,0.5876787304878235
10.0,290825.0,-0.006090349052101374,0.010737866163253784,0.5754026770591736
10.0,290831.0,-0.006197125185281038,0.010737866163253784,0.5572382807731628
10.0,290834.0,-0.006250513251870871,0.010737866163253784,0.5383877754211426
10.0,290838.0,-0.006312115117907524,0.00920388475060463,0.7878357768058777
10.0,290842.0,-0.006369609851390123,0.00920388475060463,0.753270149230957
10.0,290847.0,-0.006443531718105078,0.00920388475060463,0.7218462228775024
10.0,290852.0,-0.006521560717374086,0.00920388475060463,0.694759726524353
10.0,290855.0,-0.006591375917196274,0.0076699042692780495,0.9490166306495667
10.0,290859.0,-0.006636550184339285,0.0076699042692780495,0.9216587543487549
10.0,290862.0,-0.006702258717268705,0.0076699042692780495,0.9029071927070618
10.0,290866.0,-0.006784394383430481,0.0076699042692780495,0.884192943572998
10.0,290870.0,-0.006850102450698614,0.0076699042692780495,0.8690097332000732
10.0,290874.0,-0.006956879049539566,0.0076699042692780495,0.8627849817276001
10.0,290878.0,-0.0070759751833975315,0.0076699042692780495,0.858008861541748
10.0,290890.0,-0.00749897351488471,0.0076699042692780495,0.8665325045585632
10.0,290894.0,-0.007650923915207386,0.0076699042692780495,0.8756194114685059
10.0,290898.0,-0.007802874781191349,0.0076699042692780495,0.8793847560882568
10.0,290902.0,-0.007958931848406792,0.0076699042692780495,0.8883101344108582
10.0,290906.0,-0.008197125047445297,0.0076699042692780495,0.8997657895088196
10.0,290911.0,-0.00831622164696455,0.0076699042692780495,0.9085053205490112
10.0,290915.0,-0.008480492979288101,0.0076699042692780495,0.9159610867500305
10.0,290918.0,-0.008640657179057598,0.00920388475060463,0.6604963541030884
10.0,290922.0,-0.00876385997980833,0.00920388475060463,0.6746591925621033
10.0,290926.0,-0.008915810845792294,0.00920388475060463,0.6844393014907837
10.0,290930.0,-0.009055441245436668,0.00920388475060463,0.6903178691864014
10.0,290934.0,-0.009178644977509975,0.00920388475060463,0.691798985004425
10.0,290938.0,-0.00928952731192112,0.00920388475060463,0.6893888115882874
10.0,290941.0,-0.009359342977404594,0.00920388475060463,0.6818716526031494
10.0,290945.0,-0.009457905776798725,0.00920388475060463,0.6680972576141357
10.0,290949.0,-0.009507186710834503,0.00920388475060463,0.6509372591972351
10.0,290952.0,-0.009560574777424335,0.00920388475060463,0.6368916630744934
10.0,290956.0,-0.009609856642782688,0.00920388475060463,0.6171132326126099
10.0,290960.0,-0.009642710909247398,0.00920388475060463,0.5955109000205994
10.0,290964.0,-0.009683778509497643,0.00920388475060463,0.5748088955879211
10.0,290968.0,-0.009720738977193832,0.00920388475060463,0.5591974258422852
10.0,290971.0,-0.009745379909873009,0.00920388475060463,0.5373693108558655
10.0,290974.0,-0.009770020842552185,0.00920388475060463,0.5189124345779419
10.0,290979.0,-0.009790554642677307,0.0076699042692780495,0.7586129903793335
10.0,290982.0,-0.009798767976462841,0.0076699042692780495,0.726910412311554
10.0,290986.0,-0.009819301776587963,0.0076699042692780495,0.6991451978683472
10.0,290989.0,-0.00984394270926714,0.0076699042692780495,0.6807399392127991
10.0,290992.0,-0.009864476509392262,0.0076699042692780495,0.6629188060760498
10.0,290996.0,-0.009893223643302917,0.006135923322290182,0.9088993072509766
10.0,291000.0,-0.00990965124219656,0.006135923322290182,0.8864240050315857
10.0,291003.0,-0.009938398376107216,0.006135923322290182,0.859759509563446
10.0,291007.0,-0.009971252642571926,0.006135923322290182,0.8381847739219666
10.0,291011.0,-0.010016427375376225,0.006135923322290182,0.8202081918716431
10.0,291015.0,-0.010069815441966057,0.006135923322290182,0.808594286441803
10.0,291018.0,-0.010123203508555889,0.006135923322290182,0.7932444214820862
10.0,291022.0,-0.010164271108806133,0.006135923322290182,0.782508909702301
10.0,291025.0,-0.010209445841610432,0.006135923322290182,0.7710083723068237
10.0,291029.0,-0.010266940109431744,0.006135923322290182,0.7573617100715637
10.0,291033.0,-0.010332648642361164,0.004601942375302315,1.012776255607605
10.0,291039.0,-0.010398357175290585,0.004601942375302315,0.989458441734314
10.0,291042.0,-0.010439424775540829,0.004601942375302315,0.9733535051345825
10.0,291046.0,-0.010533880442380905,0.004601942375302315,0.9646313190460205
10.0,291050.0,-0.01060369610786438,0.004601942375302315,0.9620876312255859
10.0,291053.0,-0.010710472241044044,0.006135923322290182,0.697993278503418
10.0,291057.0,-0.010833675973117352,0.006135923322290182,0.7106195092201233
10.0,291061.0,-0.010919918306171894,0.006135923322290182,0.720248281955719
10.0,291064.0,-0.011006159707903862,0.006135923322290182,0.7273204326629639
10.0,291068.0,-0.011112936772406101,0.006135923322290182,0.7325528860092163
10.0,291071.0,-0.011207392439246178,0.006135923322290182,0.7340773344039917
10.0,291075.0,-0.011277207173407078,0.006135923322290182,0.7352465391159058
10.0,291088.0,-0.011523613706231117,0.0076699042692780495,0.4653986394405365
10.0,291092.0,-0.01157289557158947,0.0076699042692780495,0.4611113667488098
10.0,291095.0,-0.011601642705500126,0.0076699042692780495,0.45163941383361816
10.0,291099.0,-0.011630389839410782,0.0076699042692780495,0.43857041001319885
10.0,291102.0,-0.01164271030575037,0.0076699042692780495,0.4271402359008789
10.0,291106.0,-0.011655030772089958,0.006135923322290182,0.6750035285949707
10.0,291109.0,-0.011659137904644012,0.006135923322290182,0.6559797525405884
10.0,291112.0,-0.011667351238429546,0.006135923322290182,0.640214741230011
10.0,291116.0,-0.011679671704769135,0.006135923322290182,0.6217270493507385
10.0,291120.0,-0.011696098372340202,0.006135923322290182,0.6040017008781433
10.0,291124.0,-0.011716632172465324,0.006135923322290182,0.5896825790405273
10.0,291128.0,-0.0117412731051445,0.006135923322290182,0.5746402144432068
10.0,291131.0,-0.011761806905269623,0.006135923322290182,0.5641175508499146
10.0,291135.0,-0.011774127371609211,0.006135923322290182,0.5488088726997375
10.0,291139.0,-0.011790554039180279,0.006135923322290182,0.5377464294433594
10.0,291143.0,-0.011802874505519867,0.004601942375302315,0.787611186504364
10.0,291147.0,-0.0118110878393054,0.004601942375302315,0.7654432654380798
10.0,291150.0,-0.011827515438199043,0.004601942375302315,0.7495207786560059
10.0,291154.0,-0.0118562625721097,0.004601942375302315,0.7386923432350159
10.0,291158.0,-0.011901437304913998,0.004601942375302315,0.7249627709388733
10.0,291164.0,-0.01195482537150383,0.004601942375302315,0.7118576169013977
10.0,291168.0,-0.011995892971754074,0.004601942375302315,0.7049847841262817
10.0,291172.0,-0.012036960572004318,0.004601942375302315,0.6971206068992615
10.0,291176.0,-0.012078029103577137,0.004601942375302315,0.6896302700042725
10.0,291179.0,-0.012119096703827381,0.004601942375302315,0.6835808753967285
10.0,291183.0,-0.012143736705183983,0.004601942375302315,0.6740478277206421
10.0,291187.0,-0.012172484770417213,0.004601942375302315,0.6658256649971008
10.0,291190.0,-0.01219712570309639,0.004601942375302315,0.6543960571289062
10.0,291194.0,-0.012213552370667458,0.004601942375302315,0.6434730887413025
10.0,291198.0,-0.01223408617079258,0.004601942375302315,0.6335789561271667
10.0,291201.0,-0.012242299504578114,0.004601942375302315,0.6195296049118042
10.0,291204.0,-0.012254619970917702,0.004601942375302315,0.6090452075004578
10.0,291208.0,-0.012258727103471756,0.004601942375302315,0.5946819186210632
10.0,291211.0,-0.012262833304703236,0.004601942375302315,0.582283616065979
10.0,291215.0,-0.01226694043725729,0.004601942375302315,0.567655086517334
10.0,291220.0,-0.01226694043725729,0.004601942375302315,0.5523035526275635
10.0,291224.0,-0.01226694043725729,0.004601942375302315,0.5339823961257935
10.0,291228.0,-0.01226694043725729,0.004601942375302315,0.5199903249740601
10.0,291232.0,-0.01226694043725729,0.004601942375302315,0.5098689198493958
10.0,291235.0,-0.01226694043725729,0.004601942375302315,0.49685245752334595
10.0,291239.0,-0.01226694043725729,0.004601942375302315,0.484363317489624
10.0,291242.0,-0.01226694043725729,0.004601942375302315,0.4753301441669464
10.0,291246.0,-0.01226694043725729,0.004601942375302315,0.46371448040008545
10.0,291249.0,-0.01226694043725729,0.004601942375302315,0.45531365275382996
10.0,291253.0,-0.01226694043725729,0.004601942375302315,0.44717055559158325
10.0,291257.0,-0.01226694043725729,0.004601942375302315,0.4367007911205292
10.0,291260.0,-0.01226694043725729,0.004601942375302315,0.4266580641269684
10.0,291263.0,-0.01226694043725729,0.004601942375302315,0.41939613223075867
10.0,291267.0,-0.01226694043725729,0.003067961661145091,0.6754546761512756
10.0,291270.0,-0.01226694043725729,0.003067961661145091,0.6642393469810486
10.0,291283.0,-0.012271047569811344,0.003067961661145091,0.6239748597145081
10.0,291287.0,-0.012271047569811344,0.003067961661145091,0.6111853718757629
10.0,291290.0,-0.012271047569811344,0.003067961661145091,0.5989143252372742
10.0,291293.0,-0.012271047569811344,0.003067961661145091,0.5900389552116394
10.0,291297.0,-0.012271047569811344,0.003067961661145091,0.5786265730857849
10.0,291301.0,-0.012271047569811344,0.003067961661145091,0.5676783323287964
10.0,291304.0,-0.012271047569811344,0.003067961661145091,0.5597608089447021
10.0,291308.0,-0.012271047569811344,0.003067961661145091,0.5495814085006714
10.0,291311.0,-0.012271047569811344,0.003067961661145091,0.5422204732894897
10.0,291315.0,-0.012271047569811344,0.003067961661145091,0.5350863933563232
10.0,291319.0,-0.012271047569811344,0.003067961661145091,0.5259154438972473
10.0,291322.0,-0.012271047569811344,0.003067961661145091,0.5171204209327698
10.0,291326.0,-0.012271047569811344,0.003067961661145091,0.5086864829063416
10.0,291329.0,-0.012271047569811344,0.003067961661145091,0.5025893449783325
10.0,291333.0,-0.012271047569811344,0.003067961661145091,0.4966815412044525
10.0,291336.0,-0.012271047569811344,0.003067961661145091,0.4890892505645752
10.0,291340.0,-0.012271047569811344,0.003067961661145091,0.48360154032707214
10.0,291343.0,-0.012271047569811344,0.003067961661145091,0.47655001282691956
10.0,291348.0,-0.012271047569811344,0.003067961661145091,0.46814537048339844
10.0,291352.0,-0.012271047569811344,0.003067961661145091,0.46173545718193054
10.0,291356.0,-0.012271047569811344,0.003067961661145091,0.45559269189834595
10.0,291359.0,-0.012271047569811344,0.003067961661145091,0.451154500246048
10.0,291362.0,-0.012271047569811344,0.003067961661145091,0.44685637950897217
10.0,291367.0,-0.012271047569811344,0.003067961661145091,0.44133612513542175
10.0,291370.0,-0.012271047569811344,0.003067961661145091,0.4360479414463043
10.0,291373.0,-0.012271047569811344,0.003067961661145091,0.43222853541374207
10.0,291377.0,-0.012271047569811344,0.003067961661145091,0.4273246228694916
10.0,291380.0,-0.012271047569811344,0.003067961661145091,0.42378345131874084
10.0,291384.0,-0.012271047569811344,0.003067961661145091,0.4203556478023529
10.0,291387.0,-0.012271047569811344,0.003067961661145091,0.4159558117389679
10.0,291391.0,-0.012271047569811344,0.003067961661145091,0.4117438495159149
10.0,291394.0,-0.012271047569811344,0.003067961661145091,0.40870368480682373
10.0,291398.0,-0.012271047569811344,0.003067961661145091,0.4048028886318207
10.0,291401.0,-0.012271047569811344,0.003067961661145091,0.4019879996776581
10.0,291404.0,-0.012271047569811344,0.003067961661145091,0.399264931678772
10.0,291410.0,-0.012271047569811344,0.003067961661145091,0.3949231803417206
10.0,291413.0,-0.012271047569811344,0.003067961661145091,0.3916197121143341
10.0,291417.0,-0.012271047569811344,0.003067961661145091,0.38846102356910706
10.0,291421.0,-0.012271047569811344,0.003067961661145091,0.3861834406852722
10.0,291424.0,-0.012271047569811344,0.003067961661145091,0.3832642734050751
10.0,291428.0,-0.012271047569811344,0.003067961661145091,0.38047468662261963
10.0,291431.0,-0.012271047569811344,0.003067961661145091,0.37846437096595764
10.0,291435.0,-0.012271047569811344,0.003067961661145091,0.3765220046043396
10.0,291438.0,-0.012271047569811344,0.003067961661145091,0.3740342855453491
10.0,291442.0,-0.012271047569811344,0.003067961661145091,0.3716591000556946
10.0,291445.0,-0.012271047569811344,0.003067961661145091,0.3699489235877991
10.0,291449.0,-0.012271047569811344,0.003067961661145091,0.36776018142700195
10.0,291453.0,-0.012271047569811344,0.003067961661145091,0.36567211151123047
10.0,291457.0,-0.012271047569811344,0.003067961661145091,0.3641698360443115
10.0,291460.0,-0.012271047569811344,0.003067961661145091,0.36224859952926636
10.0,291473.0,-0.012271047569811344,0.003067961661145091,0.3566095530986786
10.0,291477.0,-0.012271047569811344,0.003067961661145091,0.35504794120788574
10.0,291480.0,-0.012271047569811344,0.003067961661145091,0.35392677783966064
10.0,291484.0,-0.012271047569811344,0.003067961661145091,0.35249626636505127
10.0,291488.0,-0.012271047569811344,0.004601942375302315,0.08302341401576996
10.0,291492.0,-0.012271047569811344,0.004601942375302315,0.08775954693555832
10.0,291495.0,-0.012271047569811344,0.004601942375302315,0.09232357144355774
10.0,291499.0,-0.01226694043725729,0.004601942375302315,0.09539136290550232
10.0,291502.0,-0.01226694043725729,0.004601942375302315,0.09862163662910461
10.0,291506.0,-0.01226694043725729,0.004601942375302315,0.10279261320829391
10.0,291509.0,-0.012262833304703236,0.004601942375302315,0.1044912338256836
10.0,291512.0,-0.012262833304703236,0.004601942375302315,0.10747478902339935
10.0,291517.0,-0.012262833304703236,0.004601942375302315,0.11132816225290298
10.0,291520.0,-0.012262833304703236,0.004601942375302315,0.11504422128200531
10.0,291523.0,-0.012262833304703236,0.004601942375302315,0.11774440109729767
10.0,291527.0,-0.012262833304703236,0.004601942375302315,0.12123296409845352
10.0,291532.0,-0.012262833304703236,0.004601942375302315,0.12542134523391724
10.0,291537.0,-0.012262833304703236,0.004601942375302315,0.1294270008802414
10.0,291541.0,-0.012262833304703236,0.004601942375302315,0.13250598311424255
10.0,291545.0,-0.012262833304703236,0.004601942375302315,0.13474488258361816
10.0,291549.0,-0.012262833304703236,0.004601942375302315,0.13763965666294098
10.0,291552.0,-0.012262833304703236,0.004601942375302315,0.1404348760843277
10.0,291555.0,-0.012262833304703236,0.004601942375302315,0.14246833324432373
10.0,291559.0,-0.012262833304703236,0.004601942375302315,0.14509868621826172
10.0,291562.0,-0.012262833304703236,0.004601942375302315,0.14701274037361145
10.0,291566.0,-0.012262833304703236,0.004601942375302315,0.1494893729686737
10.0,291570.0,-0.012262833304703236,0.004601942375302315,0.15188290178775787
10.0,291574.0,-0.012262833304703236,0.004601942375302315,0.1541966199874878
10.0,291578.0,-0.012258727103471756,0.004601942375302315,0.15452636778354645
10.0,291581.0,-0.012258727103471756,0.006135923322290182,-0.10713426023721695
10.0,291585.0,-0.012258727103471756,0.006135923322290182,-0.10108938813209534
10.0,291589.0,-0.012254619970917702,0.006135923322290182,-0.09463828802108765
10.0,291592.0,-0.012250513769686222,0.006135923322290182,-0.08976266533136368
10.0,291596.0,-0.012242299504578114,0.006135923322290182,-0.08555801957845688
10.0,291599.0,-0.012238193303346634,0.006135923322290182,-0.07969865202903748
10.0,291602.0,-0.012238193303346634,0.006135923322290182,-0.07443827390670776
10.0,291606.0,-0.012238193303346634,0.006135923322290182,-0.06765398383140564
10.0,291609.0,-0.01223408617079258,0.006135923322290182,-0.0640631690621376
10.0,291613.0,-0.01223408617079258,0.006135923322290182,-0.05924363434314728
10.0,291617.0,-0.01223408617079258,0.006135923322290182,-0.053026847541332245
10.0,291620.0,-0.01223408617079258,0.006135923322290182,-0.04704052209854126
10.0,291623.0,-0.01223408617079258,0.006135923322290182,-0.04269660264253616
10.0,291627.0,-0.01223408617079258,0.0076699042692780495,-0.30553871393203735
10.0,291630.0,-0.01223408617079258,0.0076699042692780495,-0.29691511392593384
10.0,291634.0,-0.01223408617079258,0.0076699042692780495,-0.2871567904949188
10.0,291638.0,-0.012225872837007046,0.0076699042692780495,-0.28041890263557434
10.0,291642.0,-0.012213552370667458,0.0076699042692780495,-0.2739447057247162
10.0,291646.0,-0.012193018570542336,0.0076699042692780495,-0.27041202783584595
10.0,291649.0,-0.012180698104202747,0.0076699042692780495,-0.26568618416786194
10.0,291653.0,-0.012160164304077625,0.0076699042692780495,-0.26359859108924866
10.0,291665.0,-0.012114989571273327,0.0076699042692780495,-0.24845512211322784
10.0,291669.0,-0.012110883370041847,0.0076699042692780495,-0.2406296581029892
10.0,291672.0,-0.012106776237487793,0.00920388475060463,-0.5023829340934753
10.0,291676.0,-0.012106776237487793,0.00920388475060463,-0.48770958185195923
10.0,291679.0,-0.012102669104933739,0.00920388475060463,-0.4784189760684967
10.0,291683.0,-0.01209034863859415,0.00920388475060463,-0.47001752257347107
10.0,291687.0,-0.012069814838469028,0.00920388475060463,-0.4646269679069519
10.0,291690.0,-0.012045174837112427,0.00920388475060463,-0.461393266916275
10.0,291694.0,-0.012016426771879196,0.00920388475060463,-0.4596216678619385
10.0,291697.0,-0.011983572505414486,0.00920388475060463,-0.45736345648765564
10.0,291701.0,-0.011958932504057884,0.00920388475060463,-0.45521989464759827
10.0,291704.0,-0.011926078237593174,0.00920388475060463,-0.4536844491958618
10.0,291709.0,-0.011893223971128464,0.00920388475060463,-0.4499034583568573
10.0,291712.0,-0.011872690171003342,0.00920388475060463,-0.4485609531402588
10.0,291716.0,-0.011843942105770111,0.00920388475060463,-0.4455251097679138
10.0,291720.0,-0.01181930210441351,0.00920388475060463,-0.4399555027484894
10.0,291725.0,-0.011790554039180279,0.00920388475060463,-0.43298834562301636
10.0,291729.0,-0.011778234504163265,0.00920388475060463,-0.4252499043941498
10.0,291733.0,-0.011770020239055157,0.010737866163253784,-0.6877634525299072
10.0,291737.0,-0.011761806905269623,0.010737866163253784,-0.6732012629508972
10.0,291740.0,-0.011753593571484089,0.010737866163253784,-0.6605519652366638
10.0,291744.0,-0.011728952638804913,0.010737866163253784,-0.6550732851028442
10.0,291747.0,-0.011691992171108723,0.010737866163253784,-0.6511753797531128
10.0,291751.0,-0.011659137904644012,0.010737866163253784,-0.6501359343528748
10.0,291754.0,-0.011626283638179302,0.010737866163253784,-0.6504162549972534
10.0,291758.0,-0.01157289557158947,0.010737866163253784,-0.650701642036438
10.0,291761.0,-0.011527720838785172,0.010737866163253784,-0.6537713408470154
10.0,291765.0,-0.011470225639641285,0.010737866163253784,-0.6581311225891113
10.0,291769.0,-0.011400410905480385,0.010737866163253784,-0.6650543212890625
10.0,291772.0,-0.011342915706336498,0.010737866163253784,-0.6731308698654175
10.0,291776.0,-0.011256673373281956,0.010737866163253784,-0.6849463582038879
10.0,291779.0,-0.011186858639121056,0.010737866163253784,-0.6965786218643188
10.0,291783.0,-0.01108418870717287,0.010737866163253784,-0.7092808485031128
10.0,291787.0,-0.01098151970654726,0.010737866163253784,-0.7252750992774963
10.0,291790.0,-0.010903490707278252,0.010737866163253784,-0.7420936822891235
10.0,291793.0,-0.010792607441544533,0.010737866163253784,-0.7550227642059326
10.0,291797.0,-0.010710472241044044,0.010737866163253784,-0.7708632946014404
10.0,291800.0,-0.010632443241775036,0.010737866163253784,-0.7830811738967896
10.0,291804.0,-0.010517453774809837,0.010737866163253784,-0.7963471412658691
10.0,291810.0,-0.010340861976146698,0.010737866163253784,-0.8232648968696594
10.0,291813.0,-0.010242300108075142,0.010737866163253784,-0.8449356555938721
10.0,291817.0,-0.010102669708430767,0.010737866163253784,-0.8634095788002014
10.0,291820.0,-0.009954825043678284,0.010737866163253784,-0.8891141414642334
10.0,291824.0,-0.009835729375481606,0.00920388475060463,-0.6451151371002197
10.0,291828.0,-0.009667350910604,0.00920388475060463,-0.6818574666976929
10.0,291831.0,-0.009507186710834503,0.00920388475060463,-0.7146947383880615
10.0,291835.0,-0.00938809011131525,0.00920388475060463,-0.7464330196380615
10.0,291839.0,-0.009223819710314274,0.0076699042692780495,-0.5113310217857361
10.0,291842.0,-0.009051335044205189,0.0076699042692780495,-0.5404918193817139
10.0,291848.0,-0.00883778277784586,0.0076699042692780495,-0.587823748588562
10.0,291860.0,-0.008418891578912735,0.0076699042692780495,-0.6638162732124329
10.0,291863.0,-0.008291580714285374,0.0076699042692780495,-0.6835759282112122
10.0,291868.0,-0.008164270780980587,0.0076699042692780495,-0.7026645541191101
10.0,291871.0,-0.008073922246694565,0.0076699042692780495,-0.7198269963264465
10.0,291875.0,-0.007950718514621258,0.0076699042692780495,-0.7351099848747253
10.0,291879.0,-0.007831621915102005,0.0076699042692780495,-0.7465927600860596
10.0,291882.0,-0.007749486714601517,0.0076699042692780495,-0.7583968639373779
10.0,291885.0,-0.007630390115082264,0.0076699042692780495,-0.7693594694137573
10.0,291890.0,-0.007507186848670244,0.0076699042692780495,-0.7845112085342407
10.0,291893.0,-0.007416837848722935,0.0076699042692780495,-0.799218475818634
10.0,291897.0,-0.007293634582310915,0.0076699042692780495,-0.8092699646949768
10.0,291900.0,-0.007199178449809551,0.0076699042692780495,-0.823208749294281
10.0,291903.0,-0.007084188982844353,0.0076699042692780495,-0.831388533115387
10.0,291907.0,-0.006993839982897043,0.0076699042692780495,-0.8472985029220581
10.0,291912.0,-0.00684188911691308,0.0076699042692780495,-0.8588206768035889
10.0,291917.0,-0.006681724917143583,0.0076699042692780495,-0.8740419149398804
10.0,291920.0,-0.006579055450856686,0.0076699042692780495,-0.8915130496025085
10.0,291923.0,-0.006435318384319544,0.0076699042692780495,-0.9049225449562073
10.0,291927.0,-0.006279260851442814,0.0076699042692780495,-0.9267855882644653
10.0,291931.0,-0.006164270918816328,0.0076699042692780495,-0.9479807019233704
10.0,291934.0,-0.006000000052154064,0.0076699042692780495,-0.9654521942138672
10.0,291938.0,-0.0058767967857420444,0.0076699042692780495,-0.9894665479660034
10.0,291942.0,-0.0056960987858474255,0.0076699042692780495,-1.0099918842315674
10.0,291945.0,-0.005498973187059164,0.006135923322290182,-0.7780572175979614
10.0,291949.0,-0.005351129453629255,0.006135923322290182,-0.8148511648178101
10.0,291952.0,-0.005158110987395048,0.006135923322290182,-0.840302050113678
10.0,291956.0,-0.00502258725464344,0.006135923322290182,-0.8696976900100708
10.0,291960.0,-0.004841889254748821,0.006135923322290182,-0.8911218047142029
10.0,291963.0,-0.004698151722550392,0.006135923322290182,-0.922916829586029
10.0,291967.0,-0.004501026589423418,0.006135923322290182,-0.6879148483276367
10.0,291971.0,-0.004287474323064089,0.004601942375302315,-0.7303411960601807
10.0,291974.0,-0.004069815389811993,0.004601942375302315,-0.7625519633293152
10.0,291978.0,-0.00391786452382803,0.004601942375302315,-0.7998006939888
10.0,291981.0,-0.0037084189243614674,0.004601942375302315,-0.8276060819625854
10.0,291985.0,-0.0035523613914847374,0.004601942375302315,-0.862709105014801
10.0,291989.0,-0.0033511293586343527,0.004601942375302315,-0.8966857194900513
10.0,291992.0,-0.0031991787254810333,0.003067961661145091,-0.6553855538368225
10.0,291996.0,-0.002989733126014471,0.003067961661145091,-0.684696614742279
10.0,291999.0,-0.0028459958266466856,0.003067961661145091,-0.7177379131317139
10.0,292002.0,-0.002657084260135889,0.003067961661145091,-0.7401391863822937
10.0,292006.0,-0.002521560527384281,0.003067961661145091,-0.7673884630203247
10.0,292009.0,-0.002349075861275196,0.003067961661145091,-0.7845624685287476
10.0,292013.0,-0.002217659028246999,0.003067961661145091,-0.8077433705329895
10.0,292017.0,-0.0020410676952451468,0.003067961661145091,-0.8266873955726624
10.0,292020.0,-0.0019055441953241825,0.003067961661145091,-0.8512633442878723
10.0,292024.0,-0.001720739179290831,0.003067961661145091,-0.8705311417579651
10.0,292027.0,-0.001527720713056624,0.003067961661145091,-0.897768497467041
10.0,292031.0,-0.001388090313412249,0.003067961661145091,-0.6543993949890137
10.0,292035.0,-0.0011498973472043872,0.0015339808305725455,-0.6847604513168335
10.0,292041.0,-0.0009075975394807756,0.0015339808305725455,-0.7233107089996338
10.0,292053.0,-0.0003778233949560672,0.0015339808305725455,-0.7934861779212952
10.0,292057.0,-0.00020944558491464704,0.0015339808305725455,-0.8128478527069092
10.0,292060.0,-8.624229667475447e-05,0.0015339808305725455,-0.8302950263023376
10.0,292063.0,7.392196857836097e-05,0.0015339808305725455,-0.8417156934738159
10.0,292068.0,0.00023819302441552281,0.0015339808305725455,-0.8583686947822571
10.0,292071.0,0.00036139629082754254,0.0015339808305725455,-0.8745526075363159
10.0,292074.0,0.0005256673321127892,0.0015339808305725455,-0.8864110708236694
10.0,292078.0,0.0006981519400142133,0.0015339808305725455,-0.9045253396034241
10.0,292082.0,0.0008295687730424106,0.0015339808305725455,-0.9234787225723267
10.0,292086.0,0.0010102669475600123,0.0015339808305725455,-0.9445862174034119
10.0,292090.0,0.001211498980410397,0.0015339808305725455,-0.9704228639602661
10.0,292094.0,0.0014127310132607818,0.0015339808305725455,-0.996817409992218
10.0,292098.0,0.0016262833960354328,0.0015339808305725455,-1.0181324481964111
10.0,292101.0,0.0017946611624211073,0.0015339808305725455,-1.0511510372161865
10.0,292104.0,0.00203696102835238,0.0,-0.8109892010688782
10.0,292108.0,0.002287474228069186,0.0,-0.8547803163528442
10.0,292112.0,0.002484599594026804,0.0,-0.9011694192886353
10.0,292115.0,0.0027474332600831985,0.0,-0.9349691867828369
10.0,292119.0,0.0029445586260408163,-0.0015339808305725455,-0.711848258972168
10.0,292122.0,0.003207392292097211,-0.0015339808305725455,-0.7482784986495972
10.0,292126.0,0.003466119058430195,-0.0015339808305725455,-0.7941139340400696
10.0,292130.0,0.0036509239580482244,-0.0015339808305725455,-0.8344560265541077
10.0,292134.0,0.003893223823979497,-0.0015339808305725455,-0.8625224232673645
10.0,292138.0,0.004119096323847771,-0.003067961661145091,-0.6271152496337891
10.0,292141.0,0.004283367656171322,-0.003067961661145091,-0.6622990965843201
10.0,292144.0,0.004496919922530651,-0.003067961661145091,-0.6845876574516296
10.0,292148.0,0.004694045055657625,-0.003067961661145091,-0.7099396586418152
10.0,292152.0,0.004837782122194767,-0.003067961661145091,-0.7318509817123413
10.0,292155.0,0.005014373920857906,-0.003067961661145091,-0.744522213935852
10.0,292160.0,0.00517864478752017,-0.003067961661145091,-0.760645866394043
10.0,292165.0,0.005404517520219088,-0.003067961661145091,-0.7696441411972046
10.0,292169.0,0.005515400320291519,-0.003067961661145091,-0.7767321467399597
10.0,292172.0,0.005655030719935894,-0.003067961661145091,-0.7793006300926208
10.0,292177.0,0.005798767786473036,-0.003067961661145091,-0.7849681973457336
10.0,292180.0,0.005909651052206755,-0.003067961661145091,-0.7919487953186035
10.0,292183.0,0.0060533881187438965,-0.003067961661145091,-0.7957825064659119
10.0,292187.0,0.006193018518388271,-0.003067961661145091,-0.7999716997146606
10.0,292191.0,0.006299794651567936,-0.003067961661145091,-1.0739741325378418
10.0,292194.0,0.0064065707847476006,-0.0015339808305725455,-1.0718770027160645
10.0,292198.0,0.006550307851284742,-0.0015339808305725455,-1.0742499828338623
10.0,292202.0,0.0067186858505010605,-0.0015339808305725455,-1.0804575681686401
10.0,292205.0,0.006903490982949734,-0.0015339808305725455,-1.093540072441101
10.0,292209.0,0.007059548050165176,-0.003067961661145091,-0.8459016680717468
10.0,292213.0,0.007281314115971327,-0.003067961661145091,-0.8693856000900269
10.0,292217.0,0.007523613981902599,-0.003067961661145091,-0.9056613445281982
10.0,292222.0,0.007831621915102005,-0.003067961661145091,-0.9510826468467712
10.0,292225.0,0.008073922246694565,-0.003067961661145091,-0.9848145246505737
10.0,292230.0,0.00831622164696455,-0.004601942375302315,-0.7521379590034485
10.0,292233.0,0.00856262817978859,-0.004601942375302315,-0.7911370992660522
10.0,292237.0,0.008743326179683208,-0.004601942375302315,-0.8275652527809143
10.0,292250.0,0.009482545778155327,-0.006135923322290182,-0.6550689935684204
10.0,292253.0,0.009683778509497643,-0.006135923322290182,-0.6800651550292969
10.0,292257.0,0.009864476509392262,-0.006135923322290182,-0.6976644992828369
10.0,292261.0,0.010028747841715813,-0.006135923322290182,-0.7094414234161377
10.0,292265.0,0.010143737308681011,-0.006135923322290182,-0.7169723510742188
10.0,292269.0,0.010287473909556866,-0.006135923322290182,-0.7217414379119873
10.0,292272.0,0.010394250974059105,-0.006135923322290182,-0.724985659122467
10.0,292276.0,0.010533880442380905,-0.006135923322290182,-0.7271019816398621
10.0,292279.0,0.010661191307008266,-0.006135923322290182,-0.7263960838317871
10.0,292283.0,0.010751539841294289,-0.006135923322290182,-0.7247524857521057
10.0,292287.0,0.010870636440813541,-0.006135923322290182,-0.7216456532478333
10.0,292290.0,0.01095277164131403,-0.006135923322290182,-0.7151057124137878
10.0,292294.0,0.011059548705816269,-0.006135923322290182,-0.7111358642578125
10.0,292298.0,0.011170431040227413,-0.006135923322290182,-0.7066166400909424
10.0,292301.0,0.011252567172050476,-0.006135923322290182,-0.702423095703125
10.0,292304.0,0.01136344950646162,-0.006135923322290182,-0.6991466283798218
10.0,292308.0,0.011441478505730629,-0.006135923322290182,-0.6928067803382874
10.0,292312.0,0.01154004130512476,-0.004601942375302315,-0.9526985883712769
10.0,292315.0,0.01160574983805418,-0.004601942375302315,-0.9371460676193237
10.0,292319.0,0.011704311706125736,-0.004601942375302315,-0.9249913096427917
10.0,292322.0,0.011806981638073921,-0.004601942375302315,-0.9176093339920044
10.0,292327.0,0.011926078237593174,-0.004601942375302315,-0.9131658673286438
10.0,292330.0,0.012024641036987305,-0.004601942375302315,-0.9130483269691467
10.0,292334.0,0.01216427143663168,-0.004601942375302315,-0.9157634377479553
10.0,292338.0,0.012324435636401176,-0.004601942375302315,-0.9252339005470276
10.0,292341.0,0.012447638437151909,-0.004601942375302315,-0.935858428478241
10.0,292344.0,0.012620123103260994,-0.004601942375302315,-0.9463657736778259
10.0,292349.0,0.012800821103155613,-0.004601942375302315,-0.9657111763954163
10.0,292354.0,0.013039014302194118,-0.006135923322290182,-0.717869758605957
10.0,292358.0,0.013244353234767914,-0.006135923322290182,-0.7464396357536316
10.0,292361.0,0.013396304100751877,-0.006135923322290182,-0.7741482853889465
10.0,292364.0,0.013593428768217564,-0.006135923322290182,-0.7910304069519043
10.0,292368.0,0.013733059167861938,-0.006135923322290182,-0.8107421398162842
10.0,292372.0,0.013913758099079132,-0.006135923322290182,-0.8241608142852783
10.0,292375.0,0.01410677656531334,-0.0076699042692780495,-0.580263614654541
10.0,292379.0,0.014250513166189194,-0.0076699042692780495,-0.6057449579238892
10.0,292382.0,0.014427104964852333,-0.0076699042692780495,-0.620987057685852
10.0,292386.0,0.01455441489815712,-0.0076699042692780495,-0.6372234225273132
10.0,292389.0,0.014698151499032974,-0.0076699042692780495,-0.6437771916389465
10.0,292392.0,0.01480082143098116,-0.0076699042692780495,-0.6489009857177734
10.0,292397.0,0.01493634469807148,-0.0076699042692780495,-0.6552173495292664
10.0,292400.0,0.015030800364911556,-0.0076699042692780495,-0.6574379801750183
10.0,292403.0,0.015149896964430809,-0.0076699042692780495,-0.6585054397583008
10.0,292407.0,0.015232033096253872,-0.0076699042692780495,-0.65553879737854
10.0,292412.0,0.015351129695773125,-0.0076699042692780495,-0.6488319039344788
10.0,292416.0,0.015437372028827667,-0.0076699042692780495,-0.6359963417053223
10.0,292420.0,0.015507186762988567,-0.0076699042692780495,-0.6260039210319519
10.0,292423.0,0.015552361495792866,-0.0076699042692780495,-0.6101232171058655
10.0,292427.0,0.015605749562382698,-0.0076699042692780495,-0.5956690311431885
10.0,292430.0,0.01563449762761593,-0.0076699042692780495,-0.5731014013290405
10.0,292443.0,0.01572895236313343,-0.006135923322290182,-0.7584199905395508
10.0,292447.0,0.01576591283082962,-0.006135923322290182,-0.7342326641082764
10.0,292450.0,0.01580287516117096,-0.006135923322290182,-0.7110502123832703
10.0,292454.0,0.015843942761421204,-0.004601942375302315,-0.9586094617843628
10.0,292458.0,0.015880903229117393,-0.004601942375302315,-0.9352553486824036
10.0,292461.0,0.015938397496938705,-0.004601942375302315,-0.9210950136184692
10.0,292465.0,0.015991786494851112,-0.004601942375302315,-0.9074126482009888
10.0,292469.0,0.016078028827905655,-0.004601942375302315,-0.8983701467514038
10.0,292472.0,0.016151951625943184,-0.004601942375302315,-0.8962519764900208
10.0,292476.0,0.016262833029031754,-0.004601942375302315,-0.897234320640564
10.0,292479.0,0.016349075362086296,-0.004601942375302315,-0.899405300617218
10.0,292483.0,0.016472280025482178,-0.004601942375302315,-0.9032439589500427
10.0,292487.0,0.016599589958786964,-0.004601942375302315,-0.9084310531616211
10.0,292490.0,0.01669815182685852,-0.004601942375302315,-0.9146499037742615
10.0,292493.0,0.016841888427734375,-0.006135923322290182,-0.6567379832267761
10.0,292498.0,0.016997946426272392,-0.006135923322290182,-0.676915168762207
10.0,292502.0,0.0171457901597023,-0.006135923322290182,-0.6938202381134033
10.0,292505.0,0.017281314358115196,-0.006135923322290182,-0.7062416672706604
10.0,292509.0,0.017375769093632698,-0.006135923322290182,-0.7143290042877197
10.0,292513.0,0.017486652359366417,-0.006135923322290182,-0.7169451713562012
10.0,292517.0,0.01760164275765419,-0.006135923322290182,-0.7222463488578796
10.0,292520.0,0.017687885090708733,-0.006135923322290182,-0.459052175283432
10.0,292523.0,0.017802875488996506,-0.0076699042692780495,-0.46751680970191956
10.0,292527.0,0.017893223091959953,-0.0076699042692780495,-0.4798721969127655
10.0,292531.0,0.017995893955230713,-0.0076699042692780495,-0.48390495777130127
10.0,292536.0,0.018098562955856323,-0.0076699042692780495,-0.48254531621932983
10.0,292540.0,0.018172483891248703,-0.0076699042692780495,-0.4747200012207031
10.0,292544.0,0.018205339089035988,-0.0076699042692780495,-0.46194639801979065
10.0,292548.0,0.01823408715426922,-0.0076699042692780495,-0.444387823343277
10.0,292552.0,0.018246406689286232,-0.006135923322290182,-0.6967944502830505
10.0,292555.0,0.018250513821840286,-0.006135923322290182,-0.6679019927978516
10.0,292559.0,0.01825462095439434,-0.006135923322290182,-0.6401988863945007
10.0,292562.0,0.018258726224303246,-0.006135923322290182,-0.621843695640564
10.0,292566.0,0.018266940489411354,-0.006135923322290182,-0.5973513722419739
10.0,292569.0,0.018275154754519463,-0.006135923322290182,-0.5803001523017883
10.0,292572.0,0.018287474289536476,-0.006135923322290182,-0.5637878775596619
10.0,292577.0,0.018295688554644585,-0.004601942375302315,-0.8070610761642456
10.0,292580.0,0.01829979382455349,-0.004601942375302315,-0.7785754799842834
10.0,292584.0,0.018312115222215652,-0.004601942375302315,-0.7609856724739075
10.0,292588.0,0.01833675615489483,-0.004601942375302315,-0.7410528063774109
10.0,292591.0,0.01835728995501995,-0.004601942375302315,-0.7233113050460815
10.0,292594.0,0.01839425042271614,-0.004601942375302315,-0.7128520607948303
10.0,292598.0,0.018418891355395317,-0.004601942375302315,-0.6990037560462952
10.0,292602.0,0.01845995895564556,-0.004601942375302315,-0.6870985627174377
10.0,292606.0,0.018509240821003914,-0.004601942375302315,-0.6783960461616516
10.0,292610.0,0.018554415553808212,-0.004601942375302315,-0.670818030834198
10.0,292613.0,0.018595483154058456,-0.004601942375302315,-0.664213240146637
10.0,292617.0,0.018648870289325714,-0.004601942375302315,-0.6598253846168518
10.0,292620.0,0.018694045022130013,-0.004601942375302315,-0.6551503539085388
10.0,292623.0,0.01874743402004242,-0.004601942375302315,-0.6511630415916443
10.0,292636.0,0.018911704421043396,-0.004601942375302315,-0.6352596879005432
10.0,292640.0,0.018956879153847694,-0.004601942375302315,-0.6280043721199036
10.0,292644.0,0.01899794675409794,-0.004601942375302315,-0.6211186051368713
10.0,292648.0,0.01903490722179413,-0.004601942375302315,-0.6118629574775696
10.0,292651.0,0.01905544102191925,-0.004601942375302315,-0.6003658175468445
10.0,292654.0,0.019075974822044373,-0.003067961661145091,-0.8586603403091431
10.0,292658.0,0.01910061575472355,-0.003067961661145091,-0.8394088745117188
10.0,292662.0,0.01912114955484867,-0.003067961661145091,-0.8209635019302368
10.0,292668.0,0.01916632428765297,-0.003067961661145091,-0.8039754033088684
10.0,292671.0,0.0191950723528862,-0.003067961661145091,-0.7923994660377502
10.0,292674.0,0.019236139953136444,-0.003067961661145091,-0.7857369184494019
10.0,292678.0,0.01926899328827858,-0.003067961661145091,-0.7776660323143005
10.0,292682.0,0.019314168021082878,-0.003067961661145091,-0.7715417742729187
10.0,292686.0,0.01936344988644123,-0.003067961661145091,-0.7640494704246521
10.0,292689.0,0.01940041035413742,-0.003067961661145091,-0.7597939968109131
10.0,292692.0,0.019453799352049828,-0.004601942375302315,-0.4901294410228729
10.0,292696.0,0.01949486695230007,-0.004601942375302315,-0.49221333861351013
10.0,292700.0,0.01954004168510437,-0.004601942375302315,-0.4914226531982422
10.0,292703.0,0.019564682617783546,-0.004601942375302315,-0.4869219958782196
10.0,292707.0,0.01958521641790867,-0.004601942375302315,-0.47731393575668335
10.0,292710.0,0.019593428820371628,-0.003067961661145091,-0.7330815196037292
10.0,292714.0,0.019597535952925682,-0.003067961661145091,-0.7193169593811035
10.0,292717.0,0.01960575021803379,-0.003067961661145091,-0.7025114297866821
10.0,292722.0,0.01962217688560486,-0.003067961661145091,-0.6857909560203552
10.0,292727.0,0.019646817818284035,-0.003067961661145091,-0.6713000535964966
10.0,292731.0,0.01965913735330105,-0.003067961661145091,-0.6608152389526367
10.0,292734.0,0.01967145875096321,-0.003067961661145091,-0.649149477481842
10.0,292738.0,0.019683778285980225,-0.003067961661145091,-0.6366562843322754
10.0,292742.0,0.019691992551088333,-0.003067961661145091,-0.6259644031524658
10.0,292745.0,0.019696097820997238,-0.003067961661145091,-0.6117584109306335
10.0,292749.0,0.019700204953551292,-0.003067961661145091,-0.5981290936470032
10.0,292752.0,0.019700204953551292,-0.003067961661145091,-0.5872856378555298
10.0,292756.0,0.019700204953551292,-0.003067961661145091,-0.5733474493026733
10.0,292760.0,0.019704312086105347,-0.0015339808305725455,-0.8330727219581604
10.0,292763.0,0.019704312086105347,-0.0015339808305725455,-0.8140285611152649
10.0,292768.0,0.0197084192186594,-0.0015339808305725455,-0.7971135973930359
10.0,292771.0,0.01971663162112236,-0.0015339808305725455,-0.782211422920227
10.0,292774.0,0.019728953018784523,-0.0015339808305725455,-0.7734584808349609
10.0,292778.0,0.01974537968635559,-0.0015339808305725455,-0.7635714411735535
10.0,292781.0,0.019765913486480713,-0.0015339808305725455,-0.7567877173423767
10.0,292785.0,0.019786447286605835,-0.0015339808305725455,-0.7476553916931152
10.0,292789.0,0.019798768684267998,-0.0015339808305725455,-0.7389312982559204
10.0,292793.0,0.01981930248439312,-0.0015339808305725455,-0.7316256165504456
10.0,292797.0,0.019839836284518242,-0.0015339808305725455,-0.7235894203186035
10.0,292800.0,0.019852155819535255,-0.0015339808305725455,-0.7159427404403687
10.0,292803.0,0.019868582487106323,-0.0015339808305725455,-0.7094165682792664
10.0,292807.0,0.01988501101732254,-0.0015339808305725455,-0.7031093835830688
10.0,292812.0,0.019909650087356567,-0.0015339808305725455,-0.6924301981925964
10.0,292815.0,0.01993018388748169,-0.0015339808305725455,-0.6880474090576172
10.0,292819.0,0.019942505285143852,-0.0015339808305725455,-0.6806676387786865
10.0,292831.0,0.01999589242041111,-0.0015339808305725455,-0.6603623628616333
10.0,292834.0,0.020008213818073273,-0.0015339808305725455,-0.6557369232177734
10.0,292839.0,0.02002464048564434,-0.0015339808305725455,-0.6498364210128784
10.0,292842.0,0.02003285475075245,-0.0015339808305725455,-0.6428694128990173
10.0,292848.0,0.020049281418323517,-0.0015339808305725455,-0.6335960626602173
10.0,292852.0,0.020057495683431625,-0.0015339808305725455,-0.623502254486084
10.0,292855.0,0.02006160095334053,-0.0015339808305725455,-0.6174468994140625
10.0,292859.0,0.02006160095334053,-0.0015339808305725455,-0.6078965663909912
10.0,292862.0,0.020065708085894585,-0.0015339808305725455,-0.6023281216621399
10.0,292866.0,0.020065708085894585,-0.0015339808305725455,-0.5934200882911682
10.0,292870.0,0.020065708085894585,-0.0015339808305725455,-0.58698570728302
10.0,292873.0,0.020065708085894585,-0.0015339808305725455,-0.578723669052124
10.0,292877.0,0.020065708085894585,-0.0015339808305725455,-0.5727571249008179
10.0,292880.0,0.020065708085894585,-0.0015339808305725455,-0.5650972723960876
10.0,292883.0,0.020065708085894585,-0.0015339808305725455,-0.5595666766166687
10.0,292888.0,0.02006981521844864,-0.0015339808305725455,-0.553799033164978
10.0,292891.0,0.02006981521844864,-0.0015339808305725455,-0.5469564199447632
10.0,292894.0,0.02006981521844864,-0.0015339808305725455,-0.5420175790786743
10.0,292899.0,0.02006981521844864,-0.0015339808305725455,-0.5356807112693787
10.0,292902.0,0.02006981521844864,-0.0015339808305725455,-0.5296173095703125
10.0,292906.0,0.02006981521844864,-0.0015339808305725455,-0.5252426862716675
10.0,292911.0,0.02006981521844864,-0.0015339808305725455,-0.5182680487632751
10.0,292914.0,0.02006981521844864,-0.0015339808305725455,-0.5129619240760803
10.0,292918.0,0.02006981521844864,-0.0015339808305725455,-0.5091356039047241
10.0,292921.0,0.02006981521844864,-0.0015339808305725455,-0.5042308568954468
10.0,292924.0,0.02006981521844864,-0.0015339808305725455,-0.5006951093673706
10.0,292928.0,0.02006981521844864,-0.0015339808305725455,-0.496164470911026
10.0,292932.0,0.02006981521844864,-0.0015339808305725455,-0.49289965629577637
10.0,292935.0,0.02006981521844864,-0.0015339808305725455,-0.4887176752090454
10.0,292939.0,0.02006981521844864,-0.0015339808305725455,-0.4847242534160614
10.0,292943.0,0.02006981521844864,-0.0015339808305725455,-0.48091188073158264
10.0,292947.0,0.02006981521844864,-0.0015339808305725455,-0.47727346420288086
10.0,292950.0,0.02006981521844864,-0.0015339808305725455,-0.4746546745300293
10.0,292954.0,0.02006981521844864,-0.0015339808305725455,-0.471304327249527
10.0,292958.0,0.02006981521844864,-0.0015339808305725455,-0.4688941240310669
10.0,292961.0,0.02006981521844864,-0.0015339808305725455,-0.4658122658729553
10.0,292965.0,0.02006981521844864,-0.0015339808305725455,-0.46359649300575256
10.0,292968.0,0.02006981521844864,-0.0015339808305725455,-0.46076488494873047
10.0,292972.0,0.02006981521844864,-0.0015339808305725455,-0.4587303102016449
10.0,292975.0,0.02006981521844864,-0.0015339808305725455,-0.45613202452659607
10.0,292979.0,0.02006981521844864,-0.0015339808305725455,-0.4536598324775696
10.0,292982.0,0.02006981521844864,-0.0015339808305725455,-0.4518854320049286
10.0,292986.0,0.02006981521844864,-0.0015339808305725455,-0.44962209463119507
10.0,292989.0,0.02006981521844864,-0.0015339808305725455,-0.44799894094467163
10.0,292993.0,0.02006981521844864,-0.0015339808305725455,-0.44643738865852356
10.0,292996.0,0.02006981521844864,-0.0015339808305725455,-0.4444480240345001
10.0,293000.0,0.02006981521844864,-0.0015339808305725455,-0.4425607919692993
10.0,293004.0,0.02006981521844864,-0.0015339808305725455,-0.44120997190475464
10.0,293007.0,0.02006981521844864,-0.0015339808305725455,-0.4394918382167816
10.0,293011.0,0.02006981521844864,-0.0015339808305725455,-0.43786513805389404
10.0,293023.0,0.02006981521844864,-0.0015339808305725455,-0.4338342249393463
10.0,293027.0,0.02006981521844864,-0.0015339808305725455,-0.43251940608024597
10.0,293031.0,0.02006981521844864,-0.0015339808305725455,-0.4309817850589752
10.0,293034.0,0.02006981521844864,-0.0015339808305725455,-0.4295564293861389
10.0,293039.0,0.02006981521844864,-0.0015339808305725455,-0.4284932315349579
10.0,293044.0,0.02006981521844864,-0.0015339808305725455,-0.4274956285953522
10.0,293048.0,0.02006981521844864,-0.0015339808305725455,-0.4265610873699188
10.0,293051.0,0.02006981521844864,-0.0015339808305725455,-0.42590004205703735
10.0,293055.0,0.02006981521844864,-0.0015339808305725455,-0.4250698983669281
10.0,293058.0,0.02006981521844864,-0.0015339808305725455,-0.4244844317436218
10.0,293062.0,0.02006981521844864,-0.0015339808305725455,-0.42392978072166443
10.0,293065.0,0.02006981521844864,-0.0015339808305725455,-0.423236608505249
10.0,293070.0,0.02006981521844864,-0.0015339808305725455,-0.42259442806243896
10.0,293073.0,0.02006981521844864,-0.0015339808305725455,-0.42200127243995667
10.0,293077.0,0.02006981521844864,-0.0015339808305725455,-0.42158743739128113
10.0,293080.0,0.02006981521844864,-0.0015339808305725455,-0.4210754930973053
10.0,293084.0,0.02006981521844864,-0.0015339808305725455,-0.42060747742652893
10.0,293088.0,0.02006981521844864,-0.0015339808305725455,-0.4202842116355896
10.0,293091.0,0.02006981521844864,-0.0015339808305725455,-0.4198888838291168
10.0,293094.0,0.02006981521844864,-0.0015339808305725455,-0.4196182191371918
10.0,293098.0,0.02006981521844864,-0.0015339808305725455,-0.4192906618118286
10.0,293102.0,0.02006981521844864,-0.0015339808305725455,-0.4190691113471985
10.0,293105.0,0.02006981521844864,-0.0015339808305725455,-0.41880467534065247
10.0,293109.0,0.02006981521844864,-0.0015339808305725455,-0.41857439279556274
10.0,293112.0,0.02006981521844864,-0.0015339808305725455,-0.41842326521873474
10.0,293116.0,0.02006981521844864,-0.0015339808305725455,-0.41824954748153687
10.0,293120.0,0.02006981521844864,-0.0015339808305725455,-0.41813936829566956
10.0,293123.0,0.02006981521844864,-0.0015339808305725455,-0.4180183708667755
10.0,293127.0,0.02006981521844864,-0.0015339808305725455,-0.41792580485343933
10.0,293130.0,0.02006981521844864,-0.0015339808305725455,-0.41787442564964294
10.0,293134.0,0.02006981521844864,-0.0015339808305725455,-0.4178380072116852
10.0,293137.0,0.02006981521844864,-0.0015339808305725455,-0.41781190037727356
10.0,293141.0,0.02006981521844864,-0.0015339808305725455,-0.4178105294704437
10.0,293145.0,0.02006981521844864,-0.0015339808305725455,-0.41783297061920166
10.0,293149.0,0.02006981521844864,-0.0015339808305725455,-0.41787824034690857
10.0,293153.0,0.02006981521844864,-0.0015339808305725455,-0.4179266095161438
10.0,293157.0,0.02006981521844864,-0.0015339808305725455,-0.41805899143218994
10.0,293162.0,0.02006981521844864,-0.0015339808305725455,-0.41814225912094116
10.0,293166.0,0.02006981521844864,-0.0015339808305725455,-0.4183051288127899
10.0,293170.0,0.02006981521844864,-0.0015339808305725455,-0.4184168875217438
10.0,293173.0,0.02006981521844864,-0.0015339808305725455,-0.41858145594596863
10.0,293177.0,0.02006981521844864,-0.0015339808305725455,-0.41876333951950073
10.0,293181.0,0.02006981521844864,-0.0015339808305725455,-0.4189106225967407
10.0,293184.0,0.02006981521844864,-0.0015339808305725455,-0.41912099719047546
10.0,293188.0,0.02006981521844864,-0.0015339808305725455,-0.4193468391895294
10.0,293191.0,0.02006981521844864,-0.0015339808305725455,-0.41952598094940186
10.0,293194.0,0.02006981521844864,-0.0015339808305725455,-0.41971319913864136
10.0,293198.0,0.02006981521844864,-0.0015339808305725455,-0.4199749827384949
10.0,293202.0,0.02006981521844864,-0.0015339808305725455,-0.42018017172813416
10.0,293205.0,0.02006981521844864,-0.0015339808305725455,-0.4204651117324829
10.0,293218.0,0.02006981521844864,-0.0015339808305725455,-0.4214749038219452
10.0,293223.0,0.02006981521844864,-0.0015339808305725455,-0.4218096435070038
10.0,293228.0,0.02006981521844864,-0.003067961661145091,-0.1583523005247116
10.0,293232.0,0.02006981521844864,-0.003067961661145091,-0.16457511484622955
10.0,293235.0,0.02006981521844864,-0.003067961661145091,-0.17057649791240692
10.0,293239.0,0.02006981521844864,-0.003067961661145091,-0.17636506259441376
10.0,293243.0,0.02006981521844864,-0.003067961661145091,-0.18057194352149963
10.0,293247.0,0.02006981521844864,-0.003067961661145091,-0.18600818514823914
10.0,293250.0,0.02006981521844864,-0.003067961661145091,-0.19125396013259888
10.0,293254.0,0.02006981521844864,-0.003067961661145091,-0.19506782293319702
10.0,293258.0,0.02006981521844864,-0.003067961661145091,-0.199998140335083
10.0,293261.0,0.02006981521844864,-0.003067961661145091,-0.2047579139471054
10.0,293265.0,0.02006981521844864,-0.003067961661145091,-0.20935383439064026
10.0,293269.0,0.02006981521844864,-0.003067961661145091,-0.21379241347312927
10.0,293273.0,0.02006981521844864,-0.003067961661145091,-0.21807977557182312
10.0,293277.0,0.02006981521844864,-0.003067961661145091,-0.22119972109794617
10.0,293280.0,0.02006981521844864,-0.003067961661145091,-0.22523674368858337
10.0,293284.0,0.02006981521844864,-0.003067961661145091,-0.22817540168762207
10.0,293288.0,0.02006981521844864,-0.003067961661145091,-0.23197907209396362
10.0,293291.0,0.02006981521844864,-0.003067961661145091,-0.23565655946731567
10.0,293295.0,0.02006981521844864,-0.003067961661145091,-0.23833490908145905
10.0,293298.0,0.02006981521844864,-0.003067961661145091,-0.24180351197719574
10.0,293302.0,0.02006981521844864,-0.003067961661145091,-0.24433058500289917
10.0,293305.0,0.02006981521844864,-0.003067961661145091,-0.2476043999195099
10.0,293309.0,0.02006981521844864,-0.003067961661145091,-0.25077304244041443
10.0,293312.0,0.02006981521844864,-0.003067961661145091,-0.25308290123939514
10.0,293317.0,0.02006981521844864,-0.003067961661145091,-0.2560771107673645
10.0,293320.0,0.02006981521844864,-0.003067961661145091,-0.2589770555496216
10.0,293324.0,0.02006981521844864,-0.003067961661145091,-0.26178649067878723
10.0,293329.0,0.02006981521844864,-0.004601942375302315,-0.0006184075027704239
10.0,293332.0,0.02006981521844864,-0.004601942375302315,-0.007766867987811565
10.0,293336.0,0.020065708085894585,-0.004601942375302315,-0.0160077977925539
10.0,293340.0,0.020065708085894585,-0.004601942375302315,-0.021990306675434113
10.0,293343.0,0.020065708085894585,-0.004601942375302315,-0.02971230447292328
10.0,293348.0,0.020065708085894585,-0.004601942375302315,-0.03897157683968544
10.0,293352.0,0.020065708085894585,-0.004601942375302315,-0.04432567209005356
10.0,293356.0,0.020065708085894585,-0.004601942375302315,-0.05157235264778137
10.0,293359.0,0.02006160095334053,-0.004601942375302315,-0.056584183126688004
10.0,293362.0,0.02006160095334053,-0.004601942375302315,-0.061460599303245544
10.0,293366.0,0.02006160095334053,-0.004601942375302315,-0.06775867938995361
10.0,293370.0,0.02006160095334053,-0.004601942375302315,-0.07383232563734055
10.0,293373.0,0.02006160095334053,-0.004601942375302315,-0.0782456174492836
10.0,293377.0,0.02006160095334053,-0.004601942375302315,-0.08254121243953705
10.0,293380.0,0.02006160095334053,-0.004601942375302315,-0.08809163421392441
10.0,293383.0,0.02006160095334053,-0.004601942375302315,-0.09212608635425568
10.0,293387.0,0.02006160095334053,-0.006135923322290182,0.16957230865955353
10.0,293390.0,0.02006160095334053,-0.006135923322290182,0.16127076745033264
10.0,293394.0,0.02006160095334053,-0.006135923322290182,0.1505635529756546
10.0,293398.0,0.020057495683431625,-0.006135923322290182,0.1415727436542511
10.0,293402.0,0.02005338855087757,-0.006135923322290182,0.13540051877498627
10.0,293415.0,0.020049281418323517,-0.006135923322290182,0.10629136860370636
10.0,293419.0,0.020049281418323517,-0.006135923322290182,0.09762324392795563
10.0,293422.0,0.020049281418323517,-0.006135923322290182,0.08927296847105026
10.0,293426.0,0.020049281418323517,-0.006135923322290182,0.08122803270816803
10.0,293430.0,0.020045174285769463,-0.006135923322290182,0.07674280554056168
10.0,293433.0,0.020045174285769463,-0.006135923322290182,0.06915514171123505
10.0,293437.0,0.020045174285769463,-0.006135923322290182,0.0636456310749054
10.0,293440.0,0.020045174285769463,-0.0076699042692780495,0.3204231560230255
10.0,293444.0,0.020045174285769463,-0.0076699042692780495,0.310836523771286
10.0,293448.0,0.02004106715321541,-0.0076699042692780495,0.2998180687427521
10.0,293451.0,0.02003285475075245,-0.0076699042692780495,0.2905334234237671
10.0,293455.0,0.02002464048564434,-0.0076699042692780495,0.2844829559326172
10.0,293458.0,0.020016426220536232,-0.0076699042692780495,0.2758059501647949
10.0,293462.0,0.020012320950627327,-0.0076699042692780495,0.2661133408546448
10.0,293466.0,0.020012320950627327,-0.0076699042692780495,0.2580716013908386
10.0,293469.0,0.020008213818073273,-0.0076699042692780495,0.24901774525642395
10.0,293472.0,0.020008213818073273,-0.0076699042692780495,0.24145632982254028
10.0,293477.0,0.020008213818073273,-0.0076699042692780495,0.23170188069343567
10.0,293480.0,0.020008213818073273,-0.00920388475060463,0.48619863390922546
10.0,293484.0,0.02000410668551922,-0.00920388475060463,0.4763038158416748
10.0,293488.0,0.01999589242041111,-0.00920388475060463,0.4644550085067749
10.0,293491.0,0.01998768001794815,-0.00920388475060463,0.4544019401073456
10.0,293494.0,0.019979465752840042,-0.00920388475060463,0.44676825404167175
10.0,293498.0,0.019963039085268974,-0.00920388475060463,0.44069790840148926
10.0,293501.0,0.01995071955025196,-0.00920388475060463,0.43288058042526245
10.0,293505.0,0.019934291020035744,-0.00920388475060463,0.4272184371948242
10.0,293508.0,0.019926078617572784,-0.00920388475060463,0.4185827374458313
10.0,293511.0,0.01991375721991062,-0.010737866163253784,0.6788941025733948
10.0,293515.0,0.019905544817447662,-0.010737866163253784,0.6648584604263306
10.0,293518.0,0.01988501101732254,-0.010737866163253784,0.6570450067520142
10.0,293522.0,0.019860370084643364,-0.010737866163253784,0.6505551934242249
10.0,293525.0,0.019823407754302025,-0.010737866163253784,0.6472222208976746
10.0,293529.0,0.01979055441915989,-0.010737866163253784,0.6451812982559204
10.0,293532.0,0.019741272553801537,-0.010737866163253784,0.6447185277938843
10.0,293537.0,0.019683778285980225,-0.010737866163253784,0.6480270624160767
10.0,293542.0,0.01960575021803379,-0.010737866163253784,0.6514096856117249
10.0,293545.0,0.01954825408756733,-0.010737866163253784,0.6533800363540649
10.0,293549.0,0.01950307935476303,-0.010737866163253784,0.6566497683525085
10.0,293553.0,0.01944558508694172,-0.010737866163253784,0.658511221408844
10.0,293557.0,0.019383983686566353,-0.010737866163253784,0.660539984703064
10.0,293560.0,0.019330594688653946,-0.010737866163253784,0.6663252115249634
10.0,293563.0,0.01926078088581562,-0.010737866163253784,0.6708946228027344
10.0,293567.0,0.019199179485440254,-0.010737866163253784,0.6803979277610779
10.0,293570.0,0.019117042422294617,-0.010737866163253784,0.6873300075531006
10.0,293574.0,0.019051333889365196,-0.010737866163253784,0.6976633071899414
10.0,293578.0,0.01896098628640175,-0.010737866163253784,0.7068850994110107
10.0,293581.0,0.018895277753472328,-0.010737866163253784,0.7179407477378845
10.0,293584.0,0.018800821155309677,-0.010737866163253784,0.7266532778739929
10.0,293589.0,0.018706366419792175,-0.010737866163253784,0.7384033799171448
10.0,293592.0,0.018640657886862755,-0.010737866163253784,0.7484645247459412
10.0,293605.0,0.018361397087574005,-0.010737866163253784,0.7732865214347839
10.0,293609.0,0.01827104762196541,-0.010737866163253784,0.7836541533470154
10.0,293612.0,0.018176591023802757,-0.010737866163253784,0.7908938527107239
10.0,293616.0,0.018073922023177147,-0.010737866163253784,0.8033902645111084
10.0,293620.0,0.01799178682267666,-0.010737866163253784,0.8141772747039795
10.0,293623.0,0.01790965162217617,-0.010737866163253784,0.8286170363426208
10.0,293627.0,0.01779876835644245,-0.010737866163253784,0.8388153910636902
10.0,293630.0,0.017691992223262787,-0.010737866163253784,0.8511381149291992
10.0,293634.0,0.0176098570227623,-0.010737866163253784,0.8630836606025696
10.0,293638.0,0.017503080889582634,-0.010737866163253784,0.8724849820137024
10.0,293641.0,0.01741683855652809,-0.010737866163253784,0.8878236413002014
10.0,293644.0,0.017289528623223305,-0.010737866163253784,0.9006876349449158
10.0,293648.0,0.017186857759952545,-0.010737866163253784,0.921816349029541
10.0,293652.0,0.017039014026522636,-0.010737866163253784,0.9392179250717163
10.0,293655.0,0.016878850758075714,-0.010737866163253784,0.9657623767852783
10.0,293660.0,0.016722792759537697,-0.010737866163253784,0.9967429637908936
10.0,293670.0,0.01624229922890663,-0.00920388475060463,0.8085440397262573
10.0,293674.0,0.016094455495476723,-0.00920388475060463,0.8472599983215332
10.0,293678.0,0.01586036942899227,-0.00920388475060463,0.8833342790603638
10.0,293682.0,0.01572073996067047,-0.00920388475060463,0.9182095527648926
10.0,293686.0,0.015478439629077911,-0.00920388475060463,0.9532760381698608
10.0,293690.0,0.015318275429308414,-0.0076699042692780495,0.7284489274024963
10.0,293693.0,0.015158111229538918,-0.0076699042692780495,0.7624453902244568
10.0,293697.0,0.014948665164411068,-0.0076699042692780495,0.803733766078949
10.0,293700.0,0.014796714298427105,-0.0076699042692780495,0.8331064581871033
10.0,293704.0,0.014603695832192898,-0.0076699042692780495,0.8590494990348816
10.0,293708.0,0.0144188916310668,-0.0076699042692780495,0.8904157280921936
10.0,293711.0,0.01427515409886837,-0.0076699042692780495,0.9234394431114197
10.0,293715.0,0.014082135632634163,-0.006135923322290182,0.6884660124778748
10.0,293719.0,0.013893223367631435,-0.006135923322290182,0.7145618200302124
10.0,293722.0,0.013757700100541115,-0.006135923322290182,0.7530075907707214
10.0,293727.0,0.013544147834181786,-0.006135923322290182,0.7845908403396606
10.0,293732.0,0.013347022235393524,-0.006135923322290182,0.801582396030426
10.0,293736.0,0.013186858035624027,-0.006135923322290182,0.8285844326019287
10.0,293739.0,0.013034907169640064,-0.006135923322290182,0.8432040214538574
10.0,293743.0,0.0129281310364604,-0.006135923322290182,0.8590468764305115
10.0,293747.0,0.012784394435584545,-0.006135923322290182,0.8703038096427917
10.0,293750.0,0.012673511169850826,-0.006135923322290182,0.886698842048645
10.0,293754.0,0.012525667436420918,-0.006135923322290182,0.8986780047416687
10.0,293758.0,0.01236550323665142,-0.006135923322290182,0.9182595014572144
10.0,293761.0,0.012246406637132168,-0.006135923322290182,0.9322029948234558
10.0,293764.0,0.01212320290505886,-0.006135923322290182,0.9521071314811707
10.0,293768.0,0.011913757771253586,-0.006135923322290182,0.9727668166160583
10.0,293772.0,0.0117864478379488,-0.006135923322290182,0.994145393371582
10.0,293776.0,0.011601642705500126,-0.006135923322290182,1.0130923986434937
10.0,293779.0,0.011449691839516163,-0.006135923322290182,1.0425761938095093
10.0,293783.0,0.011240246705710888,-0.006135923322290182,1.0670928955078125
10.0,293787.0,0.01101848017424345,-0.006135923322290182,1.1015422344207764
10.0,293790.0,0.010845995508134365,-0.004601942375302315,0.8735246062278748
10.0,293793.0,0.01060369610786438,-0.004601942375302315,0.9069080948829651
10.0,293806.0,0.009794660843908787,-0.004601942375302315,1.0504518747329712
10.0,293810.0,0.0095975361764431,-0.003067961661145091,0.8600738644599915
10.0,293816.0,0.00918685831129551,-0.003067961661145091,0.9117931723594666
10.0,293819.0,0.008919917978346348,-0.003067961661145091,0.948787271976471
10.0,293823.0,0.008714579045772552,-0.0015339808305725455,0.7192911505699158
10.0,293827.0,0.008447638712823391,-0.0015339808305725455,0.7715002298355103
10.0,293830.0,0.008258726447820663,-0.0015339808305725455,0.816593587398529
10.0,293833.0,0.008012319914996624,-0.0015339808305725455,0.8484436273574829
10.0,293837.0,0.007770020514726639,-0.0015339808305725455,0.8883416652679443
10.0,293841.0,0.007593429181724787,-0.0015339808305725455,0.9242779016494751
10.0,293845.0,0.007363449782133102,0.0,0.6840912103652954
10.0,293849.0,0.007141683716326952,0.0,0.7281270027160645
10.0,293854.0,0.0068952771835029125,0.0,0.7532737851142883
10.0,293857.0,0.006710472051054239,0.0,0.7749814987182617
10.0,293861.0,0.006583162117749453,0.0,0.790702223777771
10.0,293864.0,0.0064640655182302,0.0,0.7985343337059021
10.0,293868.0,0.006312115117907524,0.0,0.8083088397979736
10.0,293872.0,0.006164270918816328,0.0,0.8145090341567993
10.0,293875.0,0.006016427185386419,0.0,0.8226407766342163
10.0,293879.0,0.0058973305858671665,0.0,0.8332737684249878
10.0,293882.0,0.0057453797198832035,-0.0015339808305725455,1.1088740825653076
10.0,293886.0,0.005634496919810772,-0.0015339808305725455,1.1104283332824707
10.0,293889.0,0.005482546053826809,-0.0015339808305725455,1.1130106449127197
10.0,293893.0,0.005351129453629255,-0.0015339808305725455,1.1227307319641113
10.0,293897.0,0.005162217654287815,-0.0015339808305725455,1.1359455585479736
10.0,293900.0,0.004997946787625551,0.0,0.8927481770515442
10.0,293903.0,0.004759753588587046,0.0,0.9204624891281128
10.0,293907.0,0.004509240388870239,0.0,0.959499180316925
10.0,293912.0,0.0042587267234921455,0.0,1.0075479745864868
10.0,293915.0,0.003934291657060385,0.0,1.0465022325515747
10.0,293920.0,0.003737166291102767,0.0015339808305725455,0.818469762802124
10.0,293923.0,0.0034579054918140173,0.0015339808305725455,0.8555180430412292
10.0,293928.0,0.0031786446925252676,0.0015339808305725455,0.9034622311592102
10.0,293931.0,0.002977412659674883,0.0015339808305725455,0.9472025632858276
10.0,293934.0,0.0027063654270023108,0.0015339808305725455,0.9784151315689087
10.0,293938.0,0.002505133394151926,0.003067961661145091,0.7530190944671631
10.0,293941.0,0.002246406627818942,0.003067961661145091,0.7843196988105774
10.0,293945.0,0.0020041067618876696,0.003067961661145091,0.8199627995491028
10.0,293949.0,0.0018275154288858175,0.003067961661145091,0.8518189787864685
10.0,293952.0,0.0016098562628030777,0.003067961661145091,0.8700474500656128
10.0,293956.0,0.0014537987299263477,0.003067961661145091,0.8923948407173157
10.0,293959.0,0.001252566697075963,0.003067961661145091,0.9057244062423706
10.0,293963.0,0.0011006160639226437,0.003067961661145091,0.9244341254234314
10.0,293967.0,0.0008952771895565093,0.003067961661145091,0.9439682364463806
10.0,293970.0,0.0006981519400142133,0.004601942375302315,0.6893568634986877
10.0,293974.0,0.000546201248653233,0.004601942375302315,0.7127279043197632
10.0,293978.0,0.00034086243249475956,0.004601942375302315,0.7314718961715698
10.0,293981.0,0.00019712524954229593,0.004601942375302315,0.7495742440223694
10.0,293984.0,1.642710412852466e-05,0.004601942375302315,0.7608358263969421
10.0,293988.0,-0.00011909651220776141,0.004601942375302315,0.7755124568939209
10.0,294001.0,-0.0006529774400405586,0.004601942375302315,0.8015316724777222
10.0,294005.0,-0.0008049281314015388,0.004601942375302315,0.8052933216094971
10.0,294009.0,-0.0009568788227625191,0.004601942375302315,0.8098512291908264
10.0,294012.0,-0.0010636550141498446,0.004601942375302315,0.8104102611541748
10.0,294016.0,-0.0012032854137942195,0.003067961661145091,1.0793733596801758
10.0,294019.0,-0.001351129380054772,0.003067961661145091,1.0774749517440796
10.0,294023.0,-0.001466119079850614,0.003067961661145091,1.0778876543045044
10.0,294027.0,-0.0016386037459596992,0.003067961661145091,1.0865087509155273
10.0,294030.0,-0.001782340812496841,0.003067961661145091,1.0955671072006226
10.0,294033.0,-0.0019835729617625475,0.003067961661145091,1.107162594795227
10.0,294039.0,-0.0022546201944351196,0.003067961661145091,1.1318292617797852
10.0,294042.0,-0.002422997960820794,0.004601942375302315,0.8900365233421326
10.0,294046.0,-0.0026529773604124784,0.004601942375302315,0.9200791120529175
10.0,294050.0,-0.0028870636597275734,0.004601942375302315,0.9409996271133423
10.0,294053.0,-0.0030636549927294254,0.004601942375302315,0.9694960713386536
10.0,294057.0,-0.0032977412920445204,0.004601942375302315,0.9906675219535828
10.0,294060.0,-0.0034743326250463724,0.004601942375302315,1.0190905332565308
10.0,294063.0,-0.003716632490977645,0.006135923322290182,0.7751344442367554
10.0,294067.0,-0.003897330490872264,0.006135923322290182,0.8080074191093445
10.0,294070.0,-0.004131416790187359,0.006135923322290182,0.8313186764717102
10.0,294074.0,-0.004299794789403677,0.006135923322290182,0.8584961295127869
10.0,294078.0,-0.004517453722655773,0.006135923322290182,0.880852460861206
10.0,294082.0,-0.0047227926552295685,0.006135923322290182,0.8945153951644897
10.0,294085.0,-0.004919917788356543,0.006135923322290182,0.9105572700500488
10.0,294089.0,-0.005067761987447739,0.006135923322290182,0.9262114763259888
10.0,294093.0,-0.005264887120574713,0.0076699042692780495,0.6723132729530334
10.0,294097.0,-0.005470226053148508,0.0076699042692780495,0.6959367990493774
10.0,294100.0,-0.005622176453471184,0.0076699042692780495,0.7175171971321106
10.0,294103.0,-0.005806981585919857,0.0076699042692780495,0.7282850742340088
10.0,294108.0,-0.005971252452582121,0.0076699042692780495,0.7369964718818665
10.0,294111.0,-0.006094455718994141,0.0076699042692780495,0.7442153692245483
10.0,294115.0,-0.006246406584978104,0.0076699042692780495,0.7487017512321472
10.0,294119.0,-0.006394250318408012,0.0076699042692780495,0.7510643005371094
10.0,294122.0,-0.006505133584141731,0.0076699042692780495,0.7542693018913269
10.0,294126.0,-0.006644763983786106,0.0076699042692780495,0.7548730969429016
10.0,294130.0,-0.006780287250876427,0.0076699042692780495,0.7534031271934509
10.0,294133.0,-0.006882956717163324,0.0076699042692780495,0.7529761791229248
10.0,294137.0,-0.007018480449914932,0.0076699042692780495,0.7531422972679138
10.0,294140.0,-0.007117043249309063,0.0076699042692780495,0.751710057258606
10.0,294144.0,-0.0072525665163993835,0.0076699042692780495,0.7521140575408936
10.0,294148.0,-0.007396304048597813,0.0076699042692780495,0.7550377249717712
10.0,294151.0,-0.00749897351488471,0.0076699042692780495,0.7566981315612793
10.0,294154.0,-0.007634496781975031,0.0076699042692780495,0.7559939622879028
10.0,294158.0,-0.007728952914476395,0.0076699042692780495,0.7539041042327881
10.0,294161.0,-0.007880903780460358,0.0076699042692780495,0.7493739724159241
10.0,294168.0,-0.00803285464644432,0.006135923322290182,1.0105644464492798
10.0,294172.0,-0.00818069837987423,0.006135923322290182,0.9981477856636047
10.0,294176.0,-0.00831211544573307,0.006135923322290182,0.9931209087371826
10.0,294180.0,-0.00841478444635868,0.006135923322290182,0.990907609462738
10.0,294183.0,-0.008566735312342644,0.006135923322290182,0.9931212067604065
10.0,294196.0,-0.009084189310669899,0.0076699042692780495,0.764835000038147
10.0,294200.0,-0.009260780178010464,0.0076699042692780495,0.7761716246604919
10.0,294203.0,-0.009375769644975662,0.0076699042692780495,0.7847341299057007
10.0,294207.0,-0.009523614309728146,0.0076699042692780495,0.7876865267753601
10.0,294210.0,-0.009626283310353756,0.0076699042692780495,0.7894180417060852
10.0,294213.0,-0.009757700376212597,0.0076699042692780495,0.7897939085960388
10.0,294217.0,-0.009893223643302917,0.0076699042692780495,0.7917459011077881
10.0,294220.0,-0.009991786442697048,0.0076699042692780495,0.7924784421920776
10.0,294226.0,-0.010176591575145721,0.0076699042692780495,0.789885401725769
10.0,294230.0,-0.010295688174664974,0.0076699042692780495,0.7867586612701416
10.0,294235.0,-0.010406570509076118,0.0076699042692780495,0.7805985808372498
10.0,294239.0,-0.010517453774809837,0.0076699042692780495,0.7766170501708984
10.0,294242.0,-0.010599588975310326,0.0076699042692780495,0.7720750570297241
10.0,294246.0,-0.010714579373598099,0.0076699042692780495,0.7698948979377747
10.0,294250.0,-0.010829568840563297,0.0076699042692780495,0.7672214508056641
10.0,294253.0,-0.01091581117361784,0.0076699042692780495,0.7648054957389832
10.0,294257.0,-0.011030800640583038,0.0076699042692780495,0.762637197971344
10.0,294260.0,-0.011112936772406101,0.0076699042692780495,0.7584812641143799
10.0,294264.0,-0.011215605773031712,0.0076699042692780495,0.754515528678894
10.0,294268.0,-0.011318274773657322,0.0076699042692780495,0.7490847110748291
10.0,294271.0,-0.011388090439140797,0.0076699042692780495,0.7400011420249939
10.0,294274.0,-0.01147433277219534,0.0076699042692780495,0.7328304052352905
10.0,294278.0,-0.01154414750635624,0.0076699042692780495,0.7245996594429016
10.0,294282.0,-0.011630389839410782,0.0076699042692780495,0.7180590629577637
10.0,294285.0,-0.011700205504894257,0.0076699042692780495,0.7119792699813843
10.0,294289.0,-0.011794661171734333,0.0076699042692780495,0.7062668204307556
10.0,294292.0,-0.01188911683857441,0.006135923322290182,0.9687998294830322
10.0,294296.0,-0.011958932504057884,0.006135923322290182,0.9563814997673035
10.0,294300.0,-0.012057495303452015,0.006135923322290182,0.9508412480354309
10.0,294303.0,-0.012135523371398449,0.006135923322290182,0.9447195529937744
10.0,294307.0,-0.012254619970917702,0.006135923322290182,0.943729817867279
10.0,294310.0,-0.012349075637757778,0.006135923322290182,0.9434878826141357
10.0,294314.0,-0.012480492703616619,0.006135923322290182,0.9467779994010925
10.0,294318.0,-0.012624230235815048,0.0076699042692780495,0.6895278692245483
10.0,294321.0,-0.012776181101799011,0.0076699042692780495,0.7045981287956238
10.0,294325.0,-0.012882957234978676,0.0076699042692780495,0.7166118025779724
10.0,294329.0,-0.01302258763462305,0.0076699042692780495,0.7237488031387329
10.0,294332.0,-0.013121149502694607,0.0076699042692780495,0.7313283681869507
10.0,294336.0,-0.013248460367321968,0.0076699042692780495,0.7360982298851013
10.0,294339.0,-0.01333880890160799,0.0076699042692780495,0.7389857769012451
10.0,294343.0,-0.013462012633681297,0.0076699042692780495,0.7432346940040588
10.0,294348.0,-0.013609856367111206,0.0076699042692780495,0.7471538782119751
10.0,294351.0,-0.013700204901397228,0.0076699042692780495,0.7505689859390259
10.0,294356.0,-0.013839835301041603,0.00920388475060463,0.4895002841949463
10.0,294359.0,-0.013938398100435734,0.00920388475060463,0.4901806116104126
10.0,294363.0,-0.013987679965794086,0.0076699042692780495,0.7526455521583557
10.0,294367.0,-0.014036960899829865,0.0076699042692780495,0.7336170673370361
10.0,294370.0,-0.01406160183250904,0.0076699042692780495,0.7100914716720581
10.0,294373.0,-0.014086242765188217,0.0076699042692780495,0.693104088306427
10.0,294377.0,-0.014110882766544819,0.0076699042692780495,0.667268693447113
10.0,294389.0,-0.01413963083177805,0.0076699042692780495,0.5841770172119141
10.0,294393.0,-0.01413963083177805,0.006135923322290182,0.8283889889717102
10.0,294397.0,-0.01413963083177805,0.006135923322290182,0.7952117919921875
10.0,294400.0,-0.014143737033009529,0.006135923322290182,0.7647015452384949
10.0,294403.0,-0.014147844165563583,0.006135923322290182,0.7429559230804443
10.0,294408.0,-0.014151950366795063,0.006135923322290182,0.7145318388938904
10.0,294412.0,-0.014156057499349117,0.004601942375302315,0.9556841254234314
10.0,294417.0,-0.014156057499349117,0.004601942375302315,0.9139449000358582
10.0,294420.0,-0.014160164631903172,0.004601942375302315,0.8847362399101257
10.0,294423.0,-0.014172484166920185,0.004601942375302315,0.8656103610992432
10.0,294427.0,-0.014193018898367882,0.004601942375302315,0.8437082767486572
10.0,294430.0,-0.014213552698493004,0.004601942375302315,0.8271996974945068
10.0,294433.0,-0.014238192699849606,0.004601942375302315,0.8125491142272949
10.0,294437.0,-0.014258726499974728,0.004601942375302315,0.7941855192184448
10.0,294440.0,-0.014279261231422424,0.004601942375302315,0.7805949449539185
10.0,294444.0,-0.01431211456656456,0.004601942375302315,0.7687668800354004
10.0,294447.0,-0.01434496883302927,0.003067961661145091,1.0205035209655762
10.0,294450.0,-0.014365502633154392,0.003067961661145091,1.0036990642547607
10.0,294454.0,-0.014398356899619102,0.003067961661145091,0.9879105091094971
10.0,294458.0,-0.014455852098762989,0.003067961661145091,0.9781637191772461
10.0,294461.0,-0.014529773965477943,0.003067961661145091,0.9748674631118774
10.0,294464.0,-0.01459137536585331,0.003067961661145091,0.9730622172355652
10.0,294469.0,-0.01468583196401596,0.003067961661145091,0.9748579859733582
10.0,294472.0,-0.014759753830730915,0.003067961661145091,0.7095985412597656
10.0,294476.0,-0.014862422831356525,0.004601942375302315,0.7178956270217896
10.0,294479.0,-0.014940451830625534,0.004601942375302315,0.7282385230064392
10.0,294483.0,-0.015030800364911556,0.004601942375302315,0.7321286797523499
10.0,294487.0,-0.01511293649673462,0.004601942375302315,0.7354792356491089
10.0,294490.0,-0.015166324563324451,0.004601942375302315,0.7347858548164368
10.0,294493.0,-0.015232033096253872,0.004601942375302315,0.7333580255508423
10.0,294497.0,-0.01528131403028965,0.004601942375302315,0.7316052913665771
10.0,294500.0,-0.015326488763093948,0.004601942375302315,0.7277145385742188
10.0,294504.0,-0.015383983962237835,0.004601942375302315,0.7253301739692688
10.0,294508.0,-0.015445585362613201,0.004601942375302315,0.7227923274040222
10.0,294511.0,-0.015486652962863445,0.004601942375302315,0.7177735567092896
10.0,294514.0,-0.01552361436188221,0.004601942375302315,0.7145376801490784
10.0,294518.0,-0.015577002428472042,0.004601942375302315,0.7086475491523743
10.0,294522.0,-0.015622176229953766,0.004601942375302315,0.7030790448188782
10.0,294525.0,-0.01566324383020401,0.004601942375302315,0.6950862407684326
10.0,294529.0,-0.015687884762883186,0.004601942375302315,0.6834599375724792
10.0,294533.0,-0.01570841856300831,0.004601942375302315,0.6733995079994202
10.0,294537.0,-0.01572895236313343,0.004601942375302315,0.656457245349884
10.0,294541.0,-0.01573716662824154,0.004601942375302315,0.6384837627410889
10.0,294545.0,-0.01573716662824154,0.004601942375302315,0.6199113130569458
10.0,294549.0,-0.01573716662824154,0.004601942375302315,0.8705357909202576
10.0,294552.0,-0.01573716662824154,0.003067961661145091,0.8530877828598022
10.0,294556.0,-0.01573716662824154,0.003067961661145091,0.8319989442825317
10.0,294559.0,-0.0157453790307045,0.003067961661145091,0.8170663118362427
10.0,294563.0,-0.015753593295812607,0.003067961661145091,0.8039352297782898
10.0,294567.0,-0.015761807560920715,0.003067961661145091,0.786156177520752
10.0,294579.0,-0.015782341361045837,0.003067961661145091,0.735737144947052
10.0,294582.0,-0.01578644849359989,0.003067961661145091,0.719423770904541
10.0,294587.0,-0.01578644849359989,0.0015339808305725455,0.970892608165741
10.0,294590.0,-0.01578644849359989,0.0015339808305725455,0.94855797290802
10.0,294594.0,-0.015790553763508797,0.0015339808305725455,0.9337411522865295
10.0,294598.0,-0.01580287516117096,0.0015339808305725455,0.9169131517410278
10.0,294601.0,-0.015819301828742027,0.0015339808305725455,0.9034674167633057
10.0,294604.0,-0.01583983562886715,0.0015339808305725455,0.8940917253494263
10.0,294608.0,-0.01586036942899227,0.0015339808305725455,0.8829416036605835
10.0,294611.0,-0.015885010361671448,0.0015339808305725455,0.875568687915802
10.0,294614.0,-0.015909651294350624,0.0015339808305725455,0.8697994947433472
10.0,294618.0,-0.015930185094475746,0.0015339808305725455,0.8610807061195374
10.0,294622.0,-0.015958933159708977,0.0015339808305725455,0.8544728755950928
10.0,294626.0,-0.015983572229743004,0.0015339808305725455,0.8421819806098938
10.0,294630.0,-0.016004106029868126,0.0015339808305725455,0.8348530530929565
10.0,294633.0,-0.016020534560084343,0.0015339808305725455,0.8250108957290649
10.0,294637.0,-0.016041068360209465,0.0015339808305725455,0.8182511925697327
10.0,294641.0,-0.016057495027780533,0.0015339808305725455,0.8078223466873169
10.0,294644.0,-0.016069814562797546,0.0015339808305725455,0.7978432774543762
10.0,294648.0,-0.01608213596045971,0.0015339808305725455,0.7893008589744568
10.0,294651.0,-0.016094455495476723,0.0015339808305725455,0.7787716388702393
10.0,294654.0,-0.01610266976058483,0.0015339808305725455,0.7708395719528198
10.0,294658.0,-0.01611088216304779,0.0015339808305725455,0.7597647905349731
10.0,294663.0,-0.0161190964281559,0.0015339808305725455,0.7491440176963806
10.0,294668.0,-0.016127310693264008,0.0015339808305725455,0.7358207106590271
10.0,294672.0,-0.016135523095726967,0.0015339808305725455,0.7262178659439087
10.0,294675.0,-0.01613963022828102,0.0015339808305725455,0.7156919240951538
10.0,294679.0,-0.01613963022828102,0.0,0.9710110425949097
10.0,294682.0,-0.016143737360835075,0.0,0.9582456350326538
10.0,294686.0,-0.016151951625943184,0.0,0.945858359336853
10.0,294689.0,-0.016164271160960197,0.0,0.9392610788345337
10.0,294692.0,-0.016193019226193428,0.0,0.9342280626296997
10.0,294697.0,-0.016229979693889618,0.0,0.9309042096138
10.0,294700.0,-0.016266940161585808,0.0,0.9331352114677429
10.0,294704.0,-0.016328541561961174,0.0,0.9364832639694214
10.0,294708.0,-0.016406571492552757,0.0015339808305725455,0.6827672123908997
10.0,294711.0,-0.016472280025482178,0.0015339808305725455,0.6998255252838135
10.0,294714.0,-0.016550308093428612,0.0015339808305725455,0.7122734189033508
10.0,294718.0,-0.016607802361249924,0.0015339808305725455,0.7270709872245789
10.0,294722.0,-0.016681725159287453,0.0015339808305725455,0.736177384853363
10.0,294727.0,-0.016767967492341995,0.0015339808305725455,0.7499901056289673
10.0,294731.0,-0.016833676025271416,0.0015339808305725455,0.7619315981864929
10.0,294734.0,-0.016895277425646782,0.003067961661145091,0.49910858273506165
10.0,294739.0,-0.016952771693468094,0.003067961661145091,0.5115862488746643
10.0,294742.0,-0.01698562689125538,0.003067961661145091,0.5183022022247314
10.0,294746.0,-0.01701437309384346,0.003067961661145091,0.5194757580757141
10.0,294750.0,-0.017030801624059677,0.003067961661145091,0.51835036277771
10.0,294753.0,-0.017030801624059677,0.003067961661145091,0.5116045475006104
10.0,294757.0,-0.017030801624059677,0.0015339808305725455,0.7751802802085876
10.0,294760.0,-0.017030801624059677,0.0015339808305725455,0.7628830075263977
10.0,294773.0,-0.017063654959201813,0.0015339808305725455,0.7393526434898376
10.0,294777.0,-0.01708008162677288,0.0015339808305725455,0.7339351773262024
10.0,294780.0,-0.017096510156989098,0.0015339808305725455,0.7301143407821655
10.0,294784.0,-0.017112936824560165,0.0015339808305725455,0.7263661026954651
10.0,294787.0,-0.017133470624685287,0.0015339808305725455,0.7229065299034119
10.0,294791.0,-0.017149897292256355,0.0015339808305725455,0.7207716107368469
10.0,294794.0,-0.01716221682727337,0.0015339808305725455,0.7162817716598511
10.0,294798.0,-0.01718275062739849,0.0015339808305725455,0.7133280038833618
10.0,294801.0,-0.017199179157614708,0.0015339808305725455,0.7115567326545715
10.0,294804.0,-0.01721971295773983,0.0015339808305725455,0.7098761796951294
10.0,294808.0,-0.017236139625310898,0.0015339808305725455,0.7086577415466309
10.0,294813.0,-0.017273100093007088,0.0015339808305725455,0.7065910696983337
10.0,294817.0,-0.01729363389313221,0.0015339808305725455,0.7055882811546326
10.0,294821.0,-0.017318274825811386,0.0015339808305725455,0.7055760025978088
10.0,294824.0,-0.017334701493382454,0.0015339808305725455,0.7047280669212341
10.0,294828.0,-0.017363449558615685,0.003067961661145091,0.43789687752723694
10.0,294831.0,-0.017383983358740807,0.003067961661145091,0.4431295692920685
10.0,294834.0,-0.01739630475640297,0.003067961661145091,0.44359108805656433
10.0,294838.0,-0.017400410026311874,0.003067961661145091,0.44200804829597473
10.0,294842.0,-0.017400410026311874,0.003067961661145091,0.4398672580718994
10.0,294845.0,-0.017400410026311874,0.0015339808305725455,0.7010200619697571
10.0,294851.0,-0.01740451715886593,0.0015339808305725455,0.6918384432792664
10.0,294854.0,-0.017408624291419983,0.0015339808305725455,0.6850996613502502
10.0,294858.0,-0.01741683855652809,0.0015339808305725455,0.6799708604812622
10.0,294861.0,-0.017420943826436996,0.0015339808305725455,0.6756144165992737
10.0,294865.0,-0.01742505095899105,0.0015339808305725455,0.6709346771240234
10.0,294869.0,-0.01743326522409916,0.0015339808305725455,0.6668978929519653
10.0,294872.0,-0.017437372356653214,0.0015339808305725455,0.6612693667411804
10.0,294875.0,-0.017437372356653214,0.0015339808305725455,0.6561989784240723
10.0,294879.0,-0.01744147762656212,0.0015339808305725455,0.6510083079338074
10.0,294882.0,-0.017445584759116173,0.0015339808305725455,0.6476167440414429
10.0,294886.0,-0.017445584759116173,0.0015339808305725455,0.6414919495582581
10.0,294889.0,-0.017449691891670227,0.0015339808305725455,0.6384139657020569
10.0,294893.0,-0.017449691891670227,0.0015339808305725455,0.6340997219085693
10.0,294897.0,-0.017449691891670227,0.0015339808305725455,0.6285641193389893
10.0,294900.0,-0.017449691891670227,0.0015339808305725455,0.6232672929763794
10.0,294903.0,-0.017449691891670227,0.0015339808305725455,0.6194456815719604
10.0,294907.0,-0.017449691891670227,0.0015339808305725455,0.6145442724227905
10.0,294912.0,-0.01745379902422428,0.0015339808305725455,0.6111875176429749
10.0,294917.0,-0.01745379902422428,0.0015339808305725455,0.6055566668510437
10.0,294920.0,-0.01745379902422428,0.0015339808305725455,0.6012746095657349
10.0,294923.0,-0.01745379902422428,0.0015339808305725455,0.5981876850128174
10.0,294927.0,-0.01745379902422428,0.0015339808305725455,0.5942320823669434
10.0,294931.0,-0.01745379902422428,0.0015339808305725455,0.5913815498352051
10.0,294934.0,-0.01745379902422428,0.0015339808305725455,0.5877302289009094
10.0,294939.0,-0.01745379902422428,0.0015339808305725455,0.5842433571815491
10.0,294942.0,-0.01745379902422428,0.0015339808305725455,0.5809145569801331
10.0,294946.0,-0.01745379902422428,0.0015339808305725455,0.57773756980896
10.0,294950.0,-0.01745379902422428,0.0015339808305725455,0.5754508376121521
10.0,294953.0,-0.01745379902422428,0.0015339808305725455,0.5725252628326416
10.0,294965.0,-0.01745379902422428,0.0015339808305725455,0.5645427703857422
10.0,294969.0,-0.01745379902422428,0.0015339808305725455,0.5621294975280762
10.0,294972.0,-0.01745379902422428,0.0015339808305725455,0.5603958368301392
10.0,294976.0,-0.01745379902422428,0.0015339808305725455,0.5581820607185364
10.0,294980.0,-0.01745379902422428,0.0015339808305725455,0.5565927624702454
10.0,294983.0,-0.017457906156778336,0.0015339808305725455,0.5558959245681763
10.0,294987.0,-0.017457906156778336,0.0015339808305725455,0.5539212226867676
10.0,294990.0,-0.017457906156778336,0.0015339808305725455,0.5525050163269043
10.0,294994.0,-0.017457906156778336,0.0015339808305725455,0.5511425137519836
10.0,294998.0,-0.017457906156778336,0.0015339808305725455,0.5494067072868347
10.0,295001.0,-0.017457906156778336,0.0015339808305725455,0.5477599501609802
10.0,295004.0,-0.017457906156778336,0.0015339808305725455,0.5465810894966125
10.0,295008.0,-0.017457906156778336,0.0015339808305725455,0.5450818538665771
10.0,295012.0,-0.017457906156778336,0.0015339808305725455,0.544009804725647
10.0,295015.0,-0.017457906156778336,0.0015339808305725455,0.5426478981971741
10.0,295019.0,-0.017457906156778336,0.0015339808305725455,0.5413603186607361
10.0,295022.0,-0.017457906156778336,0.0015339808305725455,0.540441632270813
10.0,295026.0,-0.017457906156778336,0.0015339808305725455,0.5392770767211914
10.0,295029.0,-0.017457906156778336,0.0015339808305725455,0.5384474992752075
10.0,295032.0,-0.017457906156778336,0.0015339808305725455,0.5376542210578918
10.0,295037.0,-0.017457906156778336,0.0015339808305725455,0.5364097952842712
10.0,295042.0,-0.017457906156778336,0.0015339808305725455,0.5352585315704346
10.0,295046.0,-0.017457906156778336,0.0015339808305725455,0.5346105098724365
10.0,295049.0,-0.017457906156778336,0.0015339808305725455,0.5337943434715271
10.0,295053.0,-0.017457906156778336,0.0015339808305725455,0.5332170724868774
10.0,295057.0,-0.017457906156778336,0.0015339808305725455,0.5324919819831848
10.0,295060.0,-0.017457906156778336,0.0015339808305725455,0.5318161249160767
10.0,295063.0,-0.017457906156778336,0.0015339808305725455,0.5313403010368347
10.0,295067.0,-0.017457906156778336,0.0015339808305725455,0.5307459235191345
10.0,295070.0,-0.017457906156778336,0.0015339808305725455,0.530329167842865
10.0,295074.0,-0.017457906156778336,0.0015339808305725455,0.5299363732337952
10.0,295077.0,-0.017457906156778336,0.0015339808305725455,0.5294489860534668
10.0,295081.0,-0.017457906156778336,0.0015339808305725455,0.5290012955665588
10.0,295085.0,-0.017457906156778336,0.0015339808305725455,0.5285919904708862
10.0,295089.0,-0.017457906156778336,0.0015339808305725455,0.5282194018363953
10.0,295092.0,-0.017457906156778336,0.0015339808305725455,0.5279632210731506
10.0,295096.0,-0.017457906156778336,0.0015339808305725455,0.5277263522148132
10.0,295099.0,-0.017457906156778336,0.0015339808305725455,0.5274394750595093
10.0,295102.0,-0.017457906156778336,0.0015339808305725455,0.5272453427314758
10.0,295107.0,-0.017457906156778336,0.0015339808305725455,0.5270134806632996
10.0,295110.0,-0.017457906156778336,0.0015339808305725455,0.526811420917511
10.0,295114.0,-0.017457906156778336,0.0015339808305725455,0.5266788005828857
10.0,295118.0,-0.017457906156778336,0.003067961661145091,0.2580793499946594
10.0,295121.0,-0.017457906156778336,0.003067961661145091,0.26399776339530945
10.0,295124.0,-0.017457906156778336,0.003067961661145091,0.26829659938812256
10.0,295128.0,-0.017457906156778336,0.003067961661145091,0.27384859323501587
10.0,295132.0,-0.017457906156778336,0.003067961661145091,0.27788203954696655
10.0,295135.0,-0.017457906156778336,0.003067961661145091,0.2830924391746521
10.0,295139.0,-0.017457906156778336,0.003067961661145091,0.28811806440353394
10.0,295142.0,-0.017457906156778336,0.003067961661145091,0.2917705178260803
10.0,295155.0,-0.017457906156778336,0.003067961661145091,0.30651533603668213
10.0,295159.0,-0.017457906156778336,0.003067961661145091,0.3107212483882904
10.0,295163.0,-0.017457906156778336,0.003067961661145091,0.314782053232193
10.0,295168.0,-0.017457906156778336,0.003067961661145091,0.31966274976730347
10.0,295172.0,-0.017457906156778336,0.003067961661145091,0.32341763377189636
10.0,295176.0,-0.017457906156778336,0.003067961661145091,0.327045202255249
10.0,295180.0,-0.017457906156778336,0.003067961661145091,0.32968538999557495
10.0,295183.0,-0.017457906156778336,0.003067961661145091,0.33310213685035706
10.0,295187.0,-0.017457906156778336,0.003067961661145091,0.33558958768844604
10.0,295190.0,-0.017457906156778336,0.003067961661145091,0.3388097882270813
10.0,295193.0,-0.017457906156778336,0.003067961661145091,0.34115496277809143
10.0,295197.0,-0.017457906156778336,0.003067961661145091,0.3434422016143799
10.0,295200.0,-0.017457906156778336,0.003067961661145091,0.3464045226573944
10.0,295204.0,-0.017457906156778336,0.003067961661145091,0.348563015460968
10.0,295207.0,-0.017457906156778336,0.003067961661145091,0.3513597249984741
10.0,295211.0,-0.017457906156778336,0.003067961661145091,0.3540668785572052
10.0,295214.0,-0.017457906156778336,0.003067961661145091,0.3560405671596527
10.0,295218.0,-0.017457906156778336,0.003067961661145091,0.35859936475753784
10.0,295221.0,-0.017457906156778336,0.003067961661145091,0.3604656755924225
10.0,295228.0,-0.017457906156778336,0.003067961661145091,0.3646524250507355
10.0,295232.0,-0.017457906156778336,0.004601942375302315,0.10003151744604111
10.0,295235.0,-0.017457906156778336,0.004601942375302315,0.10621490329504013
10.0,295239.0,-0.017457906156778336,0.004601942375302315,0.11419281363487244
10.0,295242.0,-0.017457906156778336,0.004601942375302315,0.11998287588357925
10.0,295246.0,-0.01745379902422428,0.004601942375302315,0.1261112540960312
10.0,295250.0,-0.01745379902422428,0.004601942375302315,0.13157078623771667
10.0,295254.0,-0.01745379902422428,0.004601942375302315,0.13861685991287231
10.0,295257.0,-0.01745379902422428,0.004601942375302315,0.14540588855743408
10.0,295261.0,-0.01745379902422428,0.004601942375302315,0.15194807946681976
10.0,295265.0,-0.01745379902422428,0.004601942375302315,0.15825308859348297
10.0,295269.0,-0.01745379902422428,0.004601942375302315,0.16283176839351654
10.0,295272.0,-0.01745379902422428,0.004601942375302315,0.1687440425157547
10.0,295276.0,-0.01745379902422428,0.004601942375302315,0.17444398999214172
10.0,295279.0,-0.01745379902422428,0.004601942375302315,0.17858456075191498
10.0,295283.0,-0.01745379902422428,0.004601942375302315,0.1839328408241272
10.0,295287.0,-0.01745379902422428,0.004601942375302315,0.18781884014606476
10.0,295290.0,-0.01745379902422428,0.004601942375302315,0.1928393542766571
10.0,295293.0,-0.01745379902422428,0.004601942375302315,0.19648806750774384
10.0,295297.0,-0.01745379902422428,0.004601942375302315,0.20120307803153992
10.0,295301.0,-0.01745379902422428,0.004601942375302315,0.20463062822818756
10.0,295304.0,-0.01745379902422428,0.004601942375302315,0.20906086266040802
10.0,295308.0,-0.01745379902422428,0.004601942375302315,0.2122822105884552
10.0,295311.0,-0.01745379902422428,0.004601942375302315,0.21644708514213562
10.0,295314.0,-0.01745379902422428,0.006135923322290182,-0.045917779207229614
10.0,295319.0,-0.01745379902422428,0.006135923322290182,-0.036076050251722336
10.0,295322.0,-0.017449691891670227,0.006135923322290182,-0.027920357882976532
10.0,295326.0,-0.017445584759116173,0.006135923322290182,-0.020082438364624977
10.0,295329.0,-0.017445584759116173,0.006135923322290182,-0.013394387438893318
10.0,295332.0,-0.01744147762656212,0.006135923322290182,-0.008236389607191086
10.0,295337.0,-0.01744147762656212,0.006135923322290182,0.00019843736663460732
10.0,295349.0,-0.01744147762656212,0.006135923322290182,0.02552131563425064
10.0,295354.0,-0.01744147762656212,0.006135923322290182,0.034470148384571075
10.0,295358.0,-0.01744147762656212,0.006135923322290182,0.03964298591017723
10.0,295361.0,-0.01744147762656212,0.0076699042692780495,-0.2205926775932312
10.0,295364.0,-0.01744147762656212,0.0076699042692780495,-0.21123409271240234
10.0,295368.0,-0.017437372356653214,0.0076699042692780495,-0.20049910247325897
10.0,295372.0,-0.01743326522409916,0.0076699042692780495,-0.19305698573589325
10.0,295375.0,-0.017429158091545105,0.0076699042692780495,-0.18435603380203247
10.0,295379.0,-0.017420943826436996,0.0076699042692780495,-0.17465616762638092
10.0,295382.0,-0.01741683855652809,0.0076699042692780495,-0.1679532825946808
10.0,295386.0,-0.017412731423974037,0.0076699042692780495,-0.15887367725372314
10.0,295390.0,-0.017412731423974037,0.0076699042692780495,-0.14879314601421356
10.0,295393.0,-0.017412731423974037,0.0076699042692780495,-0.1428360939025879
10.0,295397.0,-0.017408624291419983,0.0076699042692780495,-0.1333564966917038
10.0,295400.0,-0.017408624291419983,0.0076699042692780495,-0.1264791339635849
10.0,295404.0,-0.017408624291419983,0.00920388475060463,-0.38518834114074707
10.0,295407.0,-0.017408624291419983,0.00920388475060463,-0.3706410825252533
10.0,295412.0,-0.017400410026311874,0.00920388475060463,-0.35932037234306335
10.0,295417.0,-0.017379876226186752,0.00920388475060463,-0.3471250832080841
10.0,295420.0,-0.01736755669116974,0.00920388475060463,-0.34129688143730164
10.0,295423.0,-0.01735113002359867,0.00920388475060463,-0.3356415033340454
10.0,295427.0,-0.017334701493382454,0.00920388475060463,-0.3283616304397583
10.0,295431.0,-0.017326489090919495,0.00920388475060463,-0.3217586576938629
10.0,295434.0,-0.017314167693257332,0.00920388475060463,-0.3136889934539795
10.0,295438.0,-0.017310062423348427,0.00920388475060463,-0.3032446503639221
10.0,295442.0,-0.017305955290794373,0.010737866163253784,-0.5629135966300964
10.0,295446.0,-0.017297741025686264,0.010737866163253784,-0.5443072319030762
10.0,295449.0,-0.017289528623223305,0.010737866163253784,-0.5359990000724792
10.0,295453.0,-0.01726488769054413,0.010737866163253784,-0.5306234955787659
10.0,295457.0,-0.017240246757864952,0.010737866163253784,-0.5228233933448792
10.0,295460.0,-0.01721149869263172,0.010737866163253784,-0.5193327069282532
10.0,295463.0,-0.01717453822493553,0.010737866163253784,-0.5171711444854736
10.0,295467.0,-0.0171457901597023,0.010737866163253784,-0.5153267979621887
10.0,295471.0,-0.017100615426898003,0.010737866163253784,-0.514676570892334
10.0,295474.0,-0.017067762091755867,0.010737866163253784,-0.5129602551460266
10.0,295478.0,-0.017018480226397514,0.010737866163253784,-0.5153577923774719
10.0,295482.0,-0.016965093091130257,0.010737866163253784,-0.5174545645713806
10.0,295485.0,-0.016919918358325958,0.010737866163253784,-0.5224285125732422
10.0,295489.0,-0.016850102692842484,0.010737866163253784,-0.5284242033958435
10.0,295492.0,-0.01680082082748413,0.010737866163253784,-0.5357567071914673
10.0,295496.0,-0.016722792759537697,0.010737866163253784,-0.5441709160804749
10.0,295499.0,-0.016648869961500168,0.010737866163253784,-0.550990641117096
10.0,295503.0,-0.01659548282623291,0.010737866163253784,-0.5576104521751404
10.0,295507.0,-0.01652977429330349,0.010737866163253784,-0.5626919865608215
10.0,295510.0,-0.016468172892928123,0.010737866163253784,-0.5650555491447449
10.0,295514.0,-0.016422998160123825,0.010737866163253784,-0.5672582387924194
10.0,295518.0,-0.016369609162211418,0.012271846644580364,-0.8321434259414673
10.0,295521.0,-0.016336755827069283,0.012271846644580364,-0.8273462653160095
10.0,295524.0,-0.01627926155924797,0.012271846644580364,-0.8253995180130005
10.0,295528.0,-0.016209445893764496,0.012271846644580364,-0.8260669112205505
10.0,295541.0,-0.015880903229117393,0.012271846644580364,-0.8725648522377014
10.0,295544.0,-0.015724845230579376,0.010737866163253784,-0.6284353137016296
10.0,295549.0,-0.015548254363238811,0.010737866163253784,-0.6676558256149292
10.0,295552.0,-0.015420944429934025,0.010737866163253784,-0.7028646469116211
10.0,295557.0,-0.01521560549736023,0.010737866163253784,-0.7421652674674988
10.0,295561.0,-0.015059548430144787,0.010737866163253784,-0.7721716165542603
10.0,295564.0,-0.01493634469807148,0.010737866163253784,-0.5265699625015259
10.0,295568.0,-0.014763860031962395,0.00920388475060463,-0.5648431777954102
10.0,295572.0,-0.014595482498407364,0.00920388475060463,-0.6004567742347717
10.0,295575.0,-0.014435318298637867,0.00920388475060463,-0.6240171790122986
10.0,295579.0,-0.014316221699118614,0.00920388475060463,-0.6536003947257996
10.0,295583.0,-0.01417659129947424,0.00920388475060463,-0.6704516410827637
10.0,295587.0,-0.014024640433490276,0.00920388475060463,-0.6971826553344727
10.0,295590.0,-0.013913758099079132,0.00920388475060463,-0.7216849327087402
10.0,295594.0,-0.013765913434326649,0.00920388475060463,-0.47829312086105347
10.0,295598.0,-0.013609856367111206,0.0076699042692780495,-0.501434862613678
10.0,295601.0,-0.013503080233931541,0.0076699042692780495,-0.5268887877464294
10.0,295605.0,-0.013383983634412289,0.0076699042692780495,-0.5434833765029907
10.0,295609.0,-0.013277207501232624,0.0076699042692780495,-0.5555189251899719
10.0,295612.0,-0.013211498968303204,0.0076699042692780495,-0.559282124042511
10.0,295616.0,-0.013129363767802715,0.00920388475060463,-0.8297575116157532
10.0,295620.0,-0.013055441901087761,0.00920388475060463,-0.8275564312934875
10.0,295623.0,-0.013006160035729408,0.00920388475060463,-0.8212260603904724
10.0,295627.0,-0.0129281310364604,0.00920388475060463,-0.8207141160964966
10.0,295630.0,-0.012837782502174377,0.00920388475060463,-0.8228023052215576
10.0,295634.0,-0.012767966836690903,0.00920388475060463,-0.8250603079795837
10.0,295638.0,-0.012665297836065292,0.00920388475060463,-0.831173837184906
10.0,295641.0,-0.012587268836796284,0.00920388475060463,-0.838486909866333
10.0,295644.0,-0.012505133636295795,0.00920388475060463,-0.8445196151733398
10.0,295648.0,-0.012386037036776543,0.00920388475060463,-0.8568455576896667
10.0,295652.0,-0.012258727103471756,0.00920388475060463,-0.8665302395820618
10.0,295655.0,-0.012119096703827381,0.00920388475060463,-0.8835867047309875
10.0,295659.0,-0.012008213438093662,0.00920388475060463,-0.904143214225769
10.0,295664.0,-0.0118110878393054,0.00920388475060463,-0.9253904223442078
10.0,295669.0,-0.01160574983805418,0.00920388475060463,-0.9543331861495972
10.0,295673.0,-0.011433265171945095,0.00920388475060463,-0.9793450236320496
10.0,295677.0,-0.011248460039496422,0.00920388475060463,-1.0075956583023071
10.0,295680.0,-0.011092402040958405,0.00920388475060463,-1.0416101217269897
10.0,295684.0,-0.010878849774599075,0.0076699042692780495,-0.8013169169425964
10.0,295688.0,-0.010652977041900158,0.0076699042692780495,-0.8460543155670166
10.0,295692.0,-0.010414784774184227,0.0076699042692780495,-0.904161810874939
10.0,295696.0,-0.010180697776377201,0.0076699042692780495,-0.9494433999061584
10.0,295700.0,-0.009938398376107216,0.006135923322290182,-0.7261255979537964
10.0,295704.0,-0.00969609897583723,0.006135923322290182,-0.7758028507232666
10.0,295708.0,-0.009392197243869305,0.006135923322290182,-0.8237801194190979
10.0,295712.0,-0.009211499243974686,0.006135923322290182,-0.8701496720314026
10.0,295717.0,-0.00890759751200676,0.006135923322290182,-0.9149867296218872
10.0,295721.0,-0.008669404312968254,0.004601942375302315,-0.693106472492218
10.0,295727.0,-0.008320328779518604,0.004601942375302315,-0.7595753073692322
10.0,295732.0,-0.0080369608476758,0.004601942375302315,-0.8100326657295227
10.0,295744.0,-0.0074045173823833466,0.003067961661145091,-0.6455675959587097
10.0,295748.0,-0.007199178449809551,0.003067961661145091,-0.6801644563674927
10.0,295752.0,-0.007018480449914932,0.003067961661145091,-0.7056409120559692
10.0,295755.0,-0.0068952771835029125,0.003067961661145091,-0.7249642610549927
10.0,295759.0,-0.0067392196506261826,0.003067961661145091,-0.7363922595977783
10.0,295762.0,-0.00662012305110693,0.003067961661145091,-0.7521543502807617
10.0,295766.0,-0.006431211717426777,0.003067961661145091,-0.7661457061767578
10.0,295770.0,-0.006320328451693058,0.003067961661145091,-0.7784315943717957
10.0,295773.0,-0.006172484718263149,0.003067961661145091,-0.7874400615692139
10.0,295777.0,-0.00606160145252943,0.003067961661145091,-0.7991875410079956
10.0,295780.0,-0.005954825319349766,0.003067961661145091,-0.8064756393432617
10.0,295784.0,-0.005811088252812624,0.003067961661145091,-0.813628613948822
10.0,295788.0,-0.005663244519382715,0.004601942375302315,-1.0916768312454224
10.0,295791.0,-0.005548254586756229,0.004601942375302315,-1.099236011505127
10.0,295794.0,-0.005379876587539911,0.004601942375302315,-1.1081992387771606
10.0,295798.0,-0.005244353320449591,0.004601942375302315,-1.1234610080718994
10.0,295802.0,-0.0050554415211081505,0.004601942375302315,-1.1373494863510132
10.0,295805.0,-0.0048993839882314205,0.003067961661145091,-0.8958278298377991
10.0,295809.0,-0.004669404588639736,0.003067961661145091,-0.9342966079711914
10.0,295812.0,-0.004361396189779043,0.003067961661145091,-0.98395174741745
10.0,295818.0,-0.00410677632316947,0.003067961661145091,-1.015487551689148
10.0,295821.0,-0.00391786452382803,0.003067961661145091,-1.0554569959640503
10.0,295824.0,-0.003655030857771635,0.0015339808305725455,-0.8197020292282104
10.0,295829.0,-0.0033798767253756523,0.0015339808305725455,-0.8700829744338989
10.0,295832.0,-0.0031745380256325006,0.0015339808305725455,-0.917428731918335
10.0,295836.0,-0.0028418891597539186,0.0015339808305725455,-0.9619390368461609
10.0,295841.0,-0.0025749485939741135,0.0,-0.7527856826782227
10.0,295844.0,-0.002312114927917719,0.0,-0.7872992753982544
10.0,295848.0,-0.002053388161584735,0.0,-0.8306617736816406
10.0,295853.0,-0.001798767945729196,0.0,-0.8712834715843201
10.0,295858.0,-0.0014907597796991467,-0.0015339808305725455,-0.6545323133468628
10.0,295861.0,-0.001310061546973884,-0.0015339808305725455,-0.6915231347084045
