State,Step,X,Theta,U
10.0,308295.0,-0.17771252989768982,-0.12118448317050934,27.432373046875
10.0,308302.0,-0.17630800604820251,-0.12271846830844879,27.534526824951172
10.0,308305.0,-0.1753634512424469,-0.12271846830844879,27.486459732055664
10.0,308309.0,-0.1744353175163269,-0.12425244599580765,27.619098663330078
10.0,308314.0,-0.1734989732503891,-0.12425244599580765,27.57378578186035
10.0,308318.0,-0.17257905006408691,-0.12425244599580765,27.522462844848633
10.0,308323.0,-0.17141683399677277,-0.1257864236831665,27.905860900878906
10.0,308326.0,-0.17048048973083496,-0.1257864236831665,27.615428924560547
10.0,308331.0,-0.16955235600471497,-0.1257864236831665,27.575727462768555
10.0,308335.0,-0.16862833499908447,-0.1257864236831665,27.538373947143555
10.0,308339.0,-0.1677207350730896,-0.12732040882110596,27.673662185668945
10.0,308343.0,-0.16681724786758423,-0.1257864236831665,27.470497131347656
10.0,308346.0,-0.16592197120189667,-0.12732040882110596,27.61748504638672
10.0,308351.0,-0.1650143712759018,-0.12732040882110596,27.575769424438477
10.0,308355.0,-0.16411499679088593,-0.12732040882110596,27.553512573242188
10.0,308359.0,-0.16321970522403717,-0.12732040882110596,27.773038864135742
10.0,308363.0,-0.1623244285583496,-0.1257864236831665,27.315452575683594
10.0,308368.0,-0.16118685901165009,-0.1257864236831665,27.017343521118164
10.0,308372.0,-0.16024230420589447,-0.1257864236831665,27.657941818237305
10.0,308376.0,-0.15928542613983154,-0.12732040882110596,27.380605697631836
10.0,308380.0,-0.158303901553154,-0.12732040882110596,27.341041564941406
10.0,308384.0,-0.15731827914714813,-0.12732040882110596,27.302539825439453
10.0,308388.0,-0.15631622076034546,-0.12732040882110596,27.250394821166992
10.0,308392.0,-0.15529774129390717,-0.12732040882110596,27.2193546295166
10.0,308395.0,-0.15452566742897034,-0.12732040882110596,27.174741744995117
10.0,308399.0,-0.1534661203622818,-0.12732040882110596,27.126413345336914
10.0,308403.0,-0.15237782895565033,-0.1288543939590454,27.255861282348633
10.0,308407.0,-0.15127721428871155,-0.1288543939590454,27.205245971679688
10.0,308411.0,-0.15015605092048645,-0.1288543939590454,27.151426315307617
10.0,308415.0,-0.14901436865329742,-0.13038836419582367,27.275230407714844
10.0,308419.0,-0.14785626530647278,-0.13038836419582367,27.219924926757812
10.0,308423.0,-0.14668583869934082,-0.13192234933376312,27.342050552368164
10.0,308427.0,-0.14551129937171936,-0.13192234933376312,27.289634704589844
10.0,308431.0,-0.1443326473236084,-0.13345633447170258,27.412904739379883
10.0,308437.0,-0.14254620671272278,-0.13345633447170258,27.332487106323242
10.0,308455.0,-0.13720329105854034,-0.1365242898464203,27.46196746826172
10.0,308467.0,-0.13366323709487915,-0.13805827498435974,27.50581932067871
10.0,308473.0,-0.13191375136375427,-0.13805827498435974,27.45310401916504
10.0,308476.0,-0.13103900849819183,-0.13805827498435974,27.4130916595459
10.0,308481.0,-0.1296098530292511,-0.13805827498435974,27.367565155029297
10.0,308485.0,-0.12846817076206207,-0.13805827498435974,27.329347610473633
10.0,308489.0,-0.12733469903469086,-0.13805827498435974,27.29698371887207
10.0,308493.0,-0.12620122730731964,-0.13805827498435974,27.25933074951172
10.0,308497.0,-0.1250472217798233,-0.1395922601222992,27.400022506713867
10.0,308501.0,-0.12389732897281647,-0.1395922601222992,27.37278175354004
10.0,308505.0,-0.12273511290550232,-0.1395922601222992,27.334264755249023
10.0,308509.0,-0.12157700210809708,-0.1395922601222992,27.298450469970703
10.0,308512.0,-0.12040656805038452,-0.1395922601222992,27.258800506591797
10.0,308517.0,-0.11921150237321854,-0.1395922601222992,27.208110809326172
10.0,308521.0,-0.11802874505519867,-0.1395922601222992,27.1680965423584
10.0,308525.0,-0.11682546138763428,-0.1395922601222992,27.124244689941406
10.0,308529.0,-0.11559753865003586,-0.1395922601222992,27.069313049316406
10.0,308535.0,-0.11372484266757965,-0.14112623035907745,27.198423385620117
10.0,308539.0,-0.11245995759963989,-0.14112623035907745,27.151634216308594
10.0,308543.0,-0.11119917780160904,-0.14112623035907745,27.103586196899414
10.0,308546.0,-0.10991786420345306,-0.14112623035907745,27.054977416992188
10.0,308551.0,-0.10862834006547928,-0.1426602154970169,27.169214248657227
10.0,308555.0,-0.10731827467679977,-0.1426602154970169,27.118209838867188
10.0,308559.0,-0.10567556321620941,-0.1426602154970169,27.067386627197266
10.0,308563.0,-0.10434085875749588,-0.14419420063495636,27.18988800048828
10.0,308567.0,-0.10297740995883942,-0.14419420063495636,27.133716583251953
10.0,308571.0,-0.10161806643009186,-0.1457281857728958,27.50640869140625
10.0,308575.0,-0.10057905316352844,-0.1457281857728958,27.198823928833008
10.0,308580.0,-0.09852566570043564,-0.1457281857728958,27.131441116333008
10.0,308584.0,-0.09713757783174515,-0.14726215600967407,27.25339698791504
10.0,308589.0,-0.09577002376317978,-0.14726215600967407,27.202781677246094
10.0,308593.0,-0.09405749291181564,-0.14879614114761353,27.314258575439453
10.0,308597.0,-0.09269404411315918,-0.14879614114761353,27.265775680541992
10.0,308601.0,-0.09167145937681198,-0.14879614114761353,27.2139892578125
10.0,308605.0,-0.09030389785766602,-0.15033012628555298,27.34387969970703
10.0,308611.0,-0.08827104419469833,-0.15033012628555298,27.28606605529785
10.0,308614.0,-0.08724845945835114,-0.15033012628555298,27.237499237060547
10.0,308618.0,-0.08588911592960358,-0.15186409652233124,27.380573272705078
10.0,308621.0,-0.08452977240085602,-0.15186409652233124,27.334272384643555
10.0,308625.0,-0.08351129293441772,-0.15186409652233124,27.28984260559082
10.0,308629.0,-0.08217248320579529,-0.15186409652233124,27.24728775024414
10.0,308633.0,-0.08082956820726395,-0.15186409652233124,27.2044734954834
10.0,308637.0,-0.07914989441633224,-0.1533980816602707,27.590232849121094
10.0,308643.0,-0.07715810835361481,-0.1533980816602707,27.28078269958496
10.0,308648.0,-0.07582341134548187,-0.1533980816602707,27.240100860595703
10.0,308653.0,-0.07383573055267334,-0.1533980816602707,27.18065071105957
10.0,308659.0,-0.07217248529195786,-0.1533980816602707,27.132863998413086
10.0,308663.0,-0.07082957029342651,-0.1533980816602707,27.0797176361084
10.0,308668.0,-0.06912936270236969,-0.15493206679821014,27.202327728271484
10.0,308672.0,-0.06775359064340591,-0.15493206679821014,27.155908584594727
10.0,308676.0,-0.06636960804462433,-0.15493206679821014,27.12054443359375
10.0,308680.0,-0.06497741490602493,-0.15493206679821014,27.062108993530273
10.0,308684.0,-0.06356878578662872,-0.15493206679821014,27.0122013092041
10.0,308689.0,-0.06179876625537872,-0.1564660519361496,27.140972137451172
10.0,308693.0,-0.060365501791238785,-0.1564660519361496,27.089082717895508
10.0,308698.0,-0.05820944532752037,-0.1564660519361496,27.01085662841797
10.0,308703.0,-0.05675564706325531,-0.15800002217292786,27.136106491088867
10.0,308707.0,-0.05529363453388214,-0.15800002217292786,27.082763671875
10.0,308711.0,-0.05382751673460007,-0.15800002217292786,27.440828323364258
10.0,308715.0,-0.052332647144794464,-0.1595340073108673,27.147964477539062
10.0,308719.0,-0.05084599554538727,-0.1595340073108673,27.08114242553711
10.0,308723.0,-0.049351129680871964,-0.16106799244880676,27.200727462768555
10.0,308727.0,-0.047462012618780136,-0.16106799244880676,27.142623901367188
10.0,308732.0,-0.04594661295413971,-0.16260196268558502,27.248722076416016
10.0,308736.0,-0.044422999024391174,-0.16260196268558502,27.19111442565918
10.0,308740.0,-0.042903490364551544,-0.16413594782352448,27.31406593322754
10.0,308744.0,-0.04138809069991112,-0.16413594782352448,27.27153968811035
10.0,308748.0,-0.03986858204007149,-0.16566993296146393,27.382753372192383
10.0,308752.0,-0.038365501910448074,-0.16566993296146393,27.33015251159668
10.0,308756.0,-0.036866530776023865,-0.16566993296146393,27.291255950927734
10.0,308760.0,-0.035375770181417465,-0.1672039031982422,27.406400680541992
10.0,308764.0,-0.033893223851919174,-0.1672039031982422,27.372011184692383
10.0,308768.0,-0.03243531659245491,-0.16873788833618164,27.49502944946289
10.0,308772.0,-0.030981520190835,-0.16873788833618164,27.452192306518555
10.0,308775.0,-0.029560575261712074,-0.16873788833618164,27.423648834228516
10.0,308780.0,-0.028147844597697258,-0.16873788833618164,27.386051177978516
10.0,308784.0,-0.026763860136270523,-0.16873788833618164,27.352399826049805
10.0,308788.0,-0.02539219707250595,-0.16873788833618164,27.319425582885742
10.0,308792.0,-0.024016426876187325,-0.16873788833618164,27.286483764648438
10.0,308795.0,-0.02265297807753086,-0.16873788833618164,27.25420570373535
10.0,308799.0,-0.020607803016901016,-0.16873788833618164,27.205286026000977
10.0,308814.0,-0.016472280025482178,-0.16873788833618164,27.088376998901367
10.0,308819.0,-0.014731005765497684,-0.16873788833618164,27.039888381958008
10.0,308823.0,-0.013314167968928814,-0.1702718734741211,27.17534828186035
10.0,308828.0,-0.011531827971339226,-0.1702718734741211,27.13310432434082
10.0,308832.0,-0.009741272777318954,-0.1702718734741211,27.07904624938965
10.0,308838.0,-0.007930184714496136,-0.1702718734741211,27.008726119995117
10.0,308842.0,-0.0064640655182302,-0.17180585861206055,27.137575149536133
10.0,308846.0,-0.00498973298817873,-0.17180585861206055,27.086069107055664
10.0,308850.0,-0.0031211499590426683,-0.17180585861206055,27.03617286682129
10.0,308854.0,-0.0020000000949949026,-0.1733398288488388,27.42525863647461
10.0,308858.0,-0.00048459958634339273,-0.1733398288488388,27.121278762817383
10.0,308861.0,0.000644763873424381,-0.1733398288488388,27.070470809936523
10.0,308865.0,0.0021478438284248114,-0.17487381398677826,27.195642471313477
10.0,308869.0,0.003659137524664402,-0.17487381398677826,27.141963958740234
10.0,308873.0,0.005170430988073349,-0.17487381398677826,27.105213165283203
10.0,308876.0,0.006299794651567936,-0.1764077991247177,27.231128692626953
10.0,308880.0,0.007806981448084116,-0.1764077991247177,27.181554794311523
10.0,308884.0,0.009297741577029228,-0.1764077991247177,27.56186866760254
10.0,308888.0,0.010788501240313053,-0.17794176936149597,27.262664794921875
10.0,308892.0,0.012275153771042824,-0.17794176936149597,27.228044509887695
10.0,308897.0,0.014131416566669941,-0.17947575449943542,27.333820343017578
10.0,308901.0,0.015987679362297058,-0.17947575449943542,27.28862762451172
10.0,308905.0,0.017457906156778336,-0.17947575449943542,27.243545532226562
10.0,308910.0,0.018928131088614464,-0.18100973963737488,27.625864028930664
10.0,308914.0,0.020390143617987633,-0.18100973963737488,27.333349227905273
10.0,308918.0,0.02183162234723568,-0.18100973963737488,27.28322410583496
10.0,308922.0,0.023260779678821564,-0.18100973963737488,27.243667602539062
10.0,308926.0,0.024677617475390434,-0.18100973963737488,27.205646514892578
10.0,308930.0,0.026455851271748543,-0.18254372477531433,27.345632553100586
10.0,308934.0,0.027864476665854454,-0.18254372477531433,27.30917739868164
10.0,308939.0,0.029260780662298203,-0.18254372477531433,27.273334503173828
10.0,308942.0,0.03065708465874195,-0.18254372477531433,27.2371826171875
10.0,308946.0,0.031704310327768326,-0.18254372477531433,27.20073890686035
10.0,308950.0,0.03310472145676613,-0.1840776950120926,27.590829849243164
10.0,308954.0,0.03450513258576393,-0.1840776950120926,27.313108444213867
10.0,308958.0,0.03591375797986984,-0.1840776950120926,27.264873504638672
10.0,308962.0,0.037322383373975754,-0.1840776950120926,27.22427749633789
10.0,308966.0,0.03872689977288246,-0.1840776950120926,27.196313858032227
10.0,308970.0,0.040127310901880264,-0.1840776950120926,27.148406982421875
10.0,308974.0,0.04152772203087807,-0.18561168015003204,27.2862548828125
10.0,308978.0,0.04292813315987587,-0.18561168015003204,27.24873924255371
10.0,308982.0,0.04432443529367447,-0.18561168015003204,27.210147857666016
10.0,308986.0,0.04571252688765526,-0.18561168015003204,27.18219757080078
10.0,308990.0,0.047096509486436844,-0.18561168015003204,27.13507080078125
10.0,308993.0,0.04850102588534355,-0.1871456652879715,27.530967712402344
10.0,308998.0,0.04990965127944946,-0.1871456652879715,27.23125457763672
10.0,309002.0,0.05130184814333916,-0.1871456652879715,27.20290184020996
10.0,309005.0,0.05235728994011879,-0.1871456652879715,27.159608840942383
10.0,309009.0,0.054114989936351776,-0.1871456652879715,27.1184139251709
10.0,309015.0,0.05588090419769287,-0.18867963552474976,27.24320411682129
10.0,309027.0,0.0600985623896122,-0.1902136206626892,27.534204483032227
10.0,309031.0,0.061503078788518906,-0.1902136206626892,27.244152069091797
10.0,309035.0,0.062903493642807,-0.1902136206626892,27.20252799987793
10.0,309039.0,0.06430801004171371,-0.1902136206626892,27.587549209594727
10.0,309043.0,0.06570842117071152,-0.19174760580062866,27.30653190612793
10.0,309047.0,0.06745380163192749,-0.19174760580062866,27.25462532043457
10.0,309051.0,0.06884188950061798,-0.19174760580062866,27.214887619018555
10.0,309055.0,0.0698809027671814,-0.19328159093856812,27.351221084594727
10.0,309059.0,0.0712772086262703,-0.19328159093856812,27.310487747192383
10.0,309063.0,0.07264476269483566,-0.19328159093856812,27.274988174438477
10.0,309067.0,0.07433675229549408,-0.19328159093856812,27.23807716369629
10.0,309072.0,0.07569609582424164,-0.19481556117534637,27.37738037109375
10.0,309076.0,0.07705133408308029,-0.19481556117534637,27.340656280517578
10.0,309080.0,0.07839424908161163,-0.19481556117534637,27.305341720581055
10.0,309084.0,0.07973305881023407,-0.19481556117534637,27.26940155029297
10.0,309088.0,0.0810677632689476,-0.19634954631328583,27.660213470458984
10.0,309091.0,0.08240657299757004,-0.19634954631328583,27.37409210205078
10.0,309095.0,0.08340451866388321,-0.19634954631328583,27.340473175048828
10.0,309099.0,0.08471868932247162,-0.19634954631328583,27.306493759155273
10.0,309103.0,0.08602874726057053,-0.19634954631328583,27.27266502380371
10.0,309107.0,0.08733469992876053,-0.19634954631328583,27.66778564453125
10.0,309111.0,0.08864476531744003,-0.19788353145122528,27.382217407226562
10.0,309115.0,0.08994250744581223,-0.19788353145122528,27.35947036743164
10.0,309120.0,0.09154003858566284,-0.19788353145122528,27.311256408691406
10.0,309124.0,0.09282135218381882,-0.19788353145122528,27.288555145263672
10.0,309128.0,0.09409856051206589,-0.19788353145122528,27.256534576416016
10.0,309131.0,0.09505955129861832,-0.19788353145122528,27.223461151123047
10.0,309137.0,0.09697741270065308,-0.19941750168800354,27.350109100341797
10.0,309141.0,0.09826693683862686,-0.19941750168800354,27.316186904907227
10.0,309145.0,0.09954825788736343,-0.19941750168800354,27.290281295776367
10.0,309150.0,0.10114989429712296,-0.200951486825943,27.415775299072266
10.0,309154.0,0.10242710262537003,-0.200951486825943,27.379440307617188
10.0,309159.0,0.10404106974601746,-0.200951486825943,27.343259811401367
10.0,309163.0,0.10531416535377502,-0.20248547196388245,27.736452102661133
10.0,309167.0,0.10658726841211319,-0.20248547196388245,27.442951202392578
10.0,309171.0,0.10784804821014404,-0.20248547196388245,27.4101619720459
10.0,309175.0,0.10909651219844818,-0.20248547196388245,27.38551139831543
10.0,309179.0,0.11066119372844696,-0.2040194571018219,27.521265029907227
10.0,309183.0,0.11158932000398636,-0.2040194571018219,27.490013122558594
10.0,309187.0,0.11282546073198318,-0.2040194571018219,27.458852767944336
10.0,309191.0,0.11404106765985489,-0.2040194571018219,27.436262130737305
10.0,309194.0,0.1152607798576355,-0.2040194571018219,27.40424346923828
10.0,309199.0,0.11677618324756622,-0.20555342733860016,27.545499801635742
10.0,309203.0,0.11767145991325378,-0.20555342733860016,27.51660919189453
10.0,309207.0,0.11885831505060196,-0.20555342733860016,27.489688873291016
10.0,309211.0,0.12003285437822342,-0.20555342733860016,27.456432342529297
10.0,309216.0,0.12149076163768768,-0.20555342733860016,27.430397033691406
10.0,309220.0,0.12293634563684464,-0.20555342733860016,27.406291961669922
10.0,309224.0,0.12379465997219086,-0.20555342733860016,27.380151748657227
10.0,309228.0,0.12494045495986938,-0.2070874124765396,27.53213882446289
10.0,309241.0,0.12864476442337036,-0.2070874124765396,27.450206756591797
10.0,309246.0,0.13003696501255035,-0.2070874124765396,27.424636840820312
10.0,309251.0,0.13142915070056915,-0.2070874124765396,27.386837005615234
10.0,309255.0,0.13255031406879425,-0.20862139761447906,27.78582763671875
10.0,309259.0,0.13396303355693817,-0.20862139761447906,27.507678985595703
10.0,309263.0,0.13505955040454865,-0.20862139761447906,27.484663009643555
10.0,309269.0,0.13644352555274963,-0.20862139761447906,27.45100212097168
10.0,309273.0,0.1375400424003601,-0.20862139761447906,27.424884796142578
10.0,309277.0,0.1386488676071167,-0.21015536785125732,27.82297134399414
10.0,309281.0,0.13975359499454498,-0.21015536785125732,27.546798706054688
10.0,309285.0,0.14082956314086914,-0.21015536785125732,27.521835327148438
10.0,309289.0,0.1419137567281723,-0.21015536785125732,27.49506378173828
10.0,309292.0,0.14298973977565765,-0.21015536785125732,27.470535278320312
10.0,309296.0,0.1437864452600479,-0.21015536785125732,27.45107650756836
10.0,309300.0,0.14485831558704376,-0.21168935298919678,27.595664978027344
10.0,309304.0,0.1459096521139145,-0.21168935298919678,27.57952117919922
10.0,309308.0,0.1469363421201706,-0.21168935298919678,27.550601959228516
10.0,309312.0,0.14798356592655182,-0.21168935298919678,27.531719207763672
10.0,309315.0,0.14900615811347961,-0.21168935298919678,27.511764526367188
10.0,309320.0,0.1500246375799179,-0.21168935298919678,27.488317489624023
10.0,309323.0,0.15079671144485474,-0.21168935298919678,27.46385955810547
10.0,309327.0,0.15204928815364838,-0.21322333812713623,27.62157440185547
10.0,309332.0,0.15305544435977936,-0.21322333812713623,27.598587036132812
10.0,309335.0,0.15406981110572815,-0.21322333812713623,27.57378387451172
10.0,309340.0,0.1550554484128952,-0.21322333812713623,27.553197860717773
10.0,309344.0,0.15604516863822937,-0.21322333812713623,27.529638290405273
10.0,309349.0,0.15725667774677277,-0.21322333812713623,27.501657485961914
10.0,309353.0,0.1582094430923462,-0.21322333812713623,27.487207412719727
10.0,309357.0,0.15917453169822693,-0.21475732326507568,27.636980056762695
10.0,309361.0,0.16012731194496155,-0.21475732326507568,27.61424446105957
10.0,309366.0,0.16130594909191132,-0.21475732326507568,27.59360694885254
10.0,309370.0,0.16245995461940765,-0.21475732326507568,27.577381134033203
10.0,309374.0,0.16313757002353668,-0.21475732326507568,27.56514549255371
10.0,309378.0,0.16404928267002106,-0.21475732326507568,27.546932220458984
10.0,309381.0,0.16496098041534424,-0.21475732326507568,27.527929306030273
10.0,309386.0,0.16588090360164642,-0.21475732326507568,27.256752014160156
10.0,309390.0,0.16703490912914276,-0.21629129350185394,27.656455993652344
10.0,309394.0,0.1677207350730896,-0.21629129350185394,27.641111373901367
10.0,309398.0,0.16861601173877716,-0.21629129350185394,27.62246322631836
10.0,309402.0,0.1695030778646469,-0.21629129350185394,27.599929809570312
10.0,309406.0,0.17036961019039154,-0.21629129350185394,27.5872859954834
10.0,309409.0,0.17147022485733032,-0.2178252786397934,27.739665985107422
10.0,309414.0,0.17211498320102692,-0.2178252786397934,27.723840713500977
10.0,309418.0,0.1729527711868286,-0.2178252786397934,27.71127700805664
10.0,309422.0,0.173778235912323,-0.2178252786397934,27.69672966003418
10.0,309427.0,0.17477618157863617,-0.2178252786397934,27.68488311767578
10.0,309431.0,0.17556467652320862,-0.2178252786397934,27.672000885009766
10.0,309435.0,0.17635728418827057,-0.2178252786397934,27.66364288330078
10.0,309439.0,0.1771334707736969,-0.2178252786397934,27.653141021728516
10.0,309443.0,0.17791786789894104,-0.2178252786397934,27.635229110717773
10.0,309456.0,0.18043121695518494,-0.2178252786397934,27.59132194519043
10.0,309461.0,0.18138398230075836,-0.21935926377773285,27.751476287841797
10.0,309465.0,0.1821683794260025,-0.21935926377773285,27.731800079345703
10.0,309469.0,0.18294045329093933,-0.21935926377773285,27.716001510620117
10.0,309473.0,0.18370841443538666,-0.21935926377773285,27.70318031311035
10.0,309477.0,0.18446816504001617,-0.21935926377773285,27.684518814086914
10.0,309481.0,0.18520739674568176,-0.2208932340145111,27.84768295288086
10.0,309485.0,0.18595071136951447,-0.2208932340145111,27.830095291137695
10.0,309489.0,0.18668583035469055,-0.2208932340145111,27.820764541625977
10.0,309493.0,0.18740862607955933,-0.2208932340145111,27.806171417236328
10.0,309497.0,0.1881231963634491,-0.2208932340145111,27.789413452148438
10.0,309501.0,0.18882136046886444,-0.2208932340145111,27.777921676635742
10.0,309505.0,0.18951129913330078,-0.2208932340145111,27.768558502197266
10.0,309509.0,0.190172478556633,-0.2208932340145111,28.186166763305664
10.0,309513.0,0.1908295750617981,-0.22242721915245056,27.929500579833984
10.0,309517.0,0.19146612286567688,-0.22242721915245056,27.923622131347656
10.0,309521.0,0.19207392632961273,-0.22242721915245056,27.919954299926758
10.0,309524.0,0.19267761707305908,-0.22242721915245056,27.914974212646484
10.0,309529.0,0.1932607740163803,-0.22242721915245056,27.913516998291016
10.0,309534.0,0.19398356974124908,-0.22242721915245056,27.908117294311523
10.0,309538.0,0.19454620778560638,-0.22242721915245056,27.907855987548828
10.0,309542.0,0.19509240984916687,-0.2208932340145111,27.478288650512695
10.0,309546.0,0.19563859701156616,-0.2208932340145111,27.72536849975586
10.0,309552.0,0.19645585119724274,-0.2208932340145111,27.719472885131836
10.0,309556.0,0.19700205326080322,-0.2208932340145111,27.71538543701172
10.0,309560.0,0.19756057858467102,-0.22242721915245056,27.882610321044922
10.0,309564.0,0.19812320172786713,-0.22242721915245056,27.875431060791016
10.0,309568.0,0.19868993759155273,-0.22242721915245056,27.86476707458496
10.0,309572.0,0.19924846291542053,-0.22242721915245056,27.854467391967773
10.0,309575.0,0.19965913891792297,-0.22242721915245056,27.844545364379883
10.0,309579.0,0.20034907758235931,-0.22242721915245056,27.833816528320312
10.0,309583.0,0.20075154304504395,-0.22242721915245056,27.82631492614746
10.0,309587.0,0.20140862464904785,-0.22242721915245056,27.817489624023438
10.0,309592.0,0.2019301801919937,-0.22242721915245056,27.80927085876465
10.0,309596.0,0.20243942737579346,-0.22396120429039001,27.97416877746582
10.0,309603.0,0.20335112512111664,-0.22396120429039001,27.957616806030273
10.0,309607.0,0.20386037230491638,-0.22396120429039001,27.947208404541016
10.0,309613.0,0.2046160101890564,-0.22396120429039001,27.93136978149414
10.0,309617.0,0.20510883629322052,-0.22549518942832947,28.10224151611328
10.0,309621.0,0.20558521151542664,-0.22549518942832947,28.09383773803711
10.0,309626.0,0.20615606009960175,-0.22549518942832947,28.089786529541016
10.0,309630.0,0.206574946641922,-0.22549518942832947,28.090530395507812
10.0,309636.0,0.2072279304265976,-0.22549518942832947,28.09815788269043
10.0,309641.0,0.20756879448890686,-0.22549518942832947,28.106769561767578
10.0,309645.0,0.2078850120306015,-0.22549518942832947,28.114124298095703
10.0,309649.0,0.20818890631198883,-0.22549518942832947,28.127384185791016
10.0,309653.0,0.20847228169441223,-0.22549518942832947,28.1348819732666
10.0,309657.0,0.20874743163585663,-0.22396120429039001,27.970726013183594
10.0,309661.0,0.20901437103748322,-0.22396120429039001,27.978010177612305
10.0,309664.0,0.2092895209789276,-0.22396120429039001,27.984811782836914
10.0,309677.0,0.21015605330467224,-0.22396120429039001,27.996755599975586
10.0,309682.0,0.21050924062728882,-0.22396120429039001,27.99704933166504
10.0,309685.0,0.21078850328922272,-0.22396120429039001,28.000391006469727
10.0,309689.0,0.21106776595115662,-0.22396120429039001,28.000165939331055
10.0,309693.0,0.21126489341259003,-0.22396120429039001,28.0044002532959
10.0,309697.0,0.211507186293602,-0.22396120429039001,28.007558822631836
10.0,309700.0,0.21175359189510345,-0.22396120429039001,28.010112762451172
10.0,309704.0,0.21193018555641174,-0.22396120429039001,28.01339340209961
10.0,309708.0,0.21215605735778809,-0.22396120429039001,28.01713752746582
10.0,309712.0,0.21238192915916443,-0.22396120429039001,28.019895553588867
10.0,309717.0,0.2126447707414627,-0.22396120429039001,28.026283264160156
10.0,309721.0,0.21285420656204224,-0.22396120429039001,28.028949737548828
10.0,309725.0,0.21305954456329346,-0.22396120429039001,28.03191375732422
10.0,309730.0,0.21330595016479492,-0.22396120429039001,28.03526496887207
10.0,309733.0,0.21344968676567078,-0.22396120429039001,28.037490844726562
10.0,309737.0,0.21368378400802612,-0.22396120429039001,28.040828704833984
10.0,309742.0,0.21387679874897003,-0.22396120429039001,28.04029655456543
10.0,309748.0,0.21417248249053955,-0.22549518942832947,28.216306686401367
10.0,309752.0,0.21435728669166565,-0.22549518942832947,28.217199325561523
10.0,309755.0,0.21453388035297394,-0.22549518942832947,28.2172908782959
10.0,309761.0,0.21474333107471466,-0.22549518942832947,28.218717575073242
10.0,309766.0,0.21498562395572662,-0.22549518942832947,28.219762802124023
10.0,309772.0,0.21517454087734222,-0.22702915966510773,28.647878646850586
10.0,309777.0,0.21535523235797882,-0.22702915966510773,28.40182876586914
10.0,309781.0,0.21547433733940125,-0.22702915966510773,28.40483856201172
10.0,309785.0,0.21558521687984467,-0.22702915966510773,28.407548904418945
10.0,309788.0,0.21567967534065247,-0.22702915966510773,28.413368225097656
10.0,309793.0,0.21576181054115295,-0.22702915966510773,28.420028686523438
10.0,309798.0,0.21583573520183563,-0.22702915966510773,28.431730270385742
10.0,309804.0,0.215889111161232,-0.22702915966510773,28.45132827758789
10.0,309808.0,0.2159055471420288,-0.22702915966510773,28.46302604675293
10.0,309812.0,0.2159055471420288,-0.22702915966510773,28.476232528686523
10.0,309819.0,0.2159055471420288,-0.22702915966510773,28.495344161987305
10.0,309823.0,0.2159055471420288,-0.22702915966510773,28.504886627197266
10.0,309828.0,0.2159055471420288,-0.22702915966510773,28.51548194885254
10.0,309832.0,0.2159055471420288,-0.22702915966510773,28.52293586730957
10.0,309842.0,0.2159014344215393,-0.22856314480304718,28.715965270996094
10.0,309845.0,0.215897336602211,-0.22856314480304718,28.720428466796875
10.0,309858.0,0.215897336602211,-0.23009712994098663,29.157508850097656
10.0,309862.0,0.2158932238817215,-0.23009712994098663,28.910856246948242
10.0,309866.0,0.2158850133419037,-0.23009712994098663,28.913663864135742
10.0,309875.0,0.21586857736110687,-0.2316311001777649,29.09320640563965
10.0,309879.0,0.21586447954177856,-0.2316311001777649,29.09419059753418
10.0,309883.0,0.21585215628147125,-0.23316508531570435,29.272321701049805
10.0,309889.0,0.21582750976085663,-0.23316508531570435,29.272340774536133
10.0,309894.0,0.2157946676015854,-0.2346990704536438,29.45250701904297
10.0,309900.0,0.21573716402053833,-0.2346990704536438,29.457599639892578
10.0,309905.0,0.2156221717596054,-0.23623304069042206,29.643091201782227
10.0,309912.0,0.2155318260192871,-0.23623304069042206,29.648475646972656
10.0,309916.0,0.21544557809829712,-0.2377670258283615,29.833192825317383
10.0,309923.0,0.2152443528175354,-0.2377670258283615,29.849714279174805
10.0,309926.0,0.21513347327709198,-0.23930101096630096,30.042085647583008
10.0,309931.0,0.21491169929504395,-0.23930101096630096,30.059614181518555
10.0,309934.0,0.2146858274936676,-0.23930101096630096,30.083303451538086
10.0,309938.0,0.2144969254732132,-0.23930101096630096,30.10962677001953
10.0,309944.0,0.214041069149971,-0.23930101096630096,30.149930953979492
10.0,309949.0,0.21360985934734344,-0.23930101096630096,30.193490982055664
10.0,309954.0,0.2131006121635437,-0.23930101096630096,30.25919532775879
10.0,309958.0,0.2126447707414627,-0.2377670258283615,30.128854751586914
10.0,309964.0,0.21186858415603638,-0.2377670258283615,30.211116790771484
10.0,309971.0,0.21072278916835785,-0.23623304069042206,30.13389015197754
10.0,309975.0,0.21026283502578735,-0.2346990704536438,30.016252517700195
10.0,309981.0,0.20932649075984955,-0.23316508531570435,29.910009384155273
10.0,309986.0,0.2085379809141159,-0.2316311001777649,29.552242279052734
10.0,309990.0,0.20790554583072662,-0.2316311001777649,29.85533332824707
10.0,309995.0,0.2071334719657898,-0.23009712994098663,29.751440048217773
10.0,310000.0,0.20618891716003418,-0.22856314480304718,29.384828567504883
10.0,310004.0,0.205733060836792,-0.22856314480304718,29.676910400390625
10.0,310009.0,0.204804927110672,-0.22856314480304718,29.73137092590332
10.0,310015.0,0.2040698081254959,-0.22702915966510773,29.598913192749023
10.0,310020.0,0.20335112512111664,-0.22702915966510773,29.63926124572754
10.0,310024.0,0.20280903577804565,-0.22702915966510773,29.66526985168457
10.0,310029.0,0.20215195417404175,-0.22702915966510773,29.701513290405273
10.0,310036.0,0.2012607753276825,-0.22702915966510773,29.731006622314453
10.0,310040.0,0.20074743032455444,-0.22702915966510773,29.75748062133789
10.0,310044.0,0.2002381980419159,-0.22702915966510773,29.77483367919922
10.0,310048.0,0.19960986077785492,-0.22702915966510773,29.796220779418945
10.0,310055.0,0.1988583207130432,-0.22856314480304718,29.99540138244629
10.0,310060.0,0.19825051724910736,-0.22856314480304718,30.00988006591797
10.0,310064.0,0.19775359332561493,-0.22856314480304718,30.02501106262207
10.0,310072.0,0.1966077983379364,-0.23009712994098663,30.238840103149414
10.0,310077.0,0.1960533857345581,-0.23009712994098663,30.261165618896484
10.0,310083.0,0.19516631960868835,-0.23009712994098663,30.30828857421875
10.0,310088.0,0.194184809923172,-0.23009712994098663,30.352304458618164
10.0,310094.0,0.19332648813724518,-0.23009712994098663,30.40920066833496
10.0,310100.0,0.1922217607498169,-0.23009712994098663,30.472991943359375
10.0,310105.0,0.19126488268375397,-0.23009712994098663,30.51812744140625
10.0,310110.0,0.19024640321731567,-0.22856314480304718,30.415935516357422
10.0,310116.0,0.1889650970697403,-0.22856314480304718,30.482921600341797
10.0,310120.0,0.18806570768356323,-0.22702915966510773,30.378355026245117
10.0,310124.0,0.18714578449726105,-0.22702915966510773,30.00806999206543
10.0,310128.0,0.18620944023132324,-0.22549518942832947,30.318069458007812
10.0,310132.0,0.1852402538061142,-0.22396120429039001,30.200719833374023
10.0,310138.0,0.18378233909606934,-0.22396120429039001,30.27687644958496
10.0,310144.0,0.18227925896644592,-0.22242721915245056,30.191137313842773
10.0,310149.0,0.1810431182384491,-0.2208932340145111,30.097042083740234
10.0,310154.0,0.17979876697063446,-0.21935926377773285,29.988265991210938
10.0,310160.0,0.1783408671617508,-0.21935926377773285,30.049726486206055
10.0,310165.0,0.1771252602338791,-0.2178252786397934,29.93260955810547
10.0,310169.0,0.17618070542812347,-0.2178252786397934,29.983257293701172
10.0,310173.0,0.17503079771995544,-0.21629129350185394,29.594470977783203
10.0,310177.0,0.17412731051445007,-0.21629129350185394,29.885787963867188
10.0,310183.0,0.1730390191078186,-0.21629129350185394,29.91422462463379
10.0,310187.0,0.17196714878082275,-0.21629129350185394,29.947561264038086
10.0,310192.0,0.17113757133483887,-0.21629129350185394,29.96872329711914
10.0,310196.0,0.17031212151050568,-0.21629129350185394,29.99445915222168
10.0,310200.0,0.16932648420333862,-0.2178252786397934,30.186487197875977
10.0,310205.0,0.1685585230588913,-0.2178252786397934,30.204641342163086
10.0,310210.0,0.16758111119270325,-0.2178252786397934,30.218690872192383
10.0,310214.0,0.1667885035276413,-0.21935926377773285,30.417949676513672
10.0,310220.0,0.1655687838792801,-0.21935926377773285,30.44441795349121
10.0,310224.0,0.16472278535366058,-0.21935926377773285,30.475618362426758
10.0,310230.0,0.16342094540596008,-0.2208932340145111,30.26792335510254
10.0,310234.0,0.1625092476606369,-0.2208932340145111,30.731019973754883
10.0,310238.0,0.161301851272583,-0.21935926377773285,30.345563888549805
10.0,310243.0,0.1602751612663269,-0.2208932340145111,30.821517944335938
10.0,310247.0,0.15920738875865936,-0.21935926377773285,30.70987892150879
10.0,310252.0,0.15783162415027618,-0.21935926377773285,30.781261444091797
10.0,310256.0,0.15668582916259766,-0.2178252786397934,30.663270950317383
10.0,310261.0,0.15520328283309937,-0.2178252786397934,30.730690002441406
10.0,310265.0,0.15396714210510254,-0.21629129350185394,30.621824264526367
10.0,310270.0,0.15239425003528595,-0.21475732326507568,30.551130294799805
10.0,310276.0,0.15046407282352448,-0.21322333812713623,30.46288299560547
10.0,310281.0,0.14884188771247864,-0.21168935298919678,30.3916072845459
10.0,310288.0,0.1465667337179184,-0.21015536785125732,30.314376831054688
10.0,310292.0,0.1452731043100357,-0.21015536785125732,29.96845054626465
10.0,310298.0,0.14334291219711304,-0.20862139761447906,29.883705139160156
10.0,310303.0,0.1417248398065567,-0.20555342733860016,29.779674530029297
10.0,310307.0,0.1401355266571045,-0.20555342733860016,30.086111068725586
10.0,310313.0,0.13857905566692352,-0.2040194571018219,29.73421287536621
10.0,310317.0,0.13704311847686768,-0.2040194571018219,30.031808853149414
10.0,310322.0,0.1358562558889389,-0.2040194571018219,30.070066452026367
10.0,310328.0,0.13411499559879303,-0.20248547196388245,29.947959899902344
10.0,310333.0,0.13270635902881622,-0.20248547196388245,29.992847442626953
10.0,310338.0,0.13132648169994354,-0.20248547196388245,30.019851684570312
10.0,310343.0,0.12972484529018402,-0.20248547196388245,30.051067352294922
10.0,310350.0,0.12815195322036743,-0.2040194571018219,30.267147064208984
10.0,310354.0,0.1271047294139862,-0.2040194571018219,30.28466033935547
10.0,310359.0,0.125798761844635,-0.2040194571018219,30.306798934936523
10.0,310363.0,0.12447228282690048,-0.20555342733860016,30.51732063293457
10.0,310368.0,0.12314168363809586,-0.20555342733860016,30.542476654052734
10.0,310373.0,0.12202464044094086,-0.20555342733860016,30.574514389038086
10.0,310377.0,0.12060780078172684,-0.20555342733860016,30.615863800048828
10.0,310382.0,0.11943326145410538,-0.20555342733860016,30.66733741760254
10.0,310387.0,0.11793429404497147,-0.20555342733860016,30.719585418701172
10.0,310391.0,0.11670225858688354,-0.20555342733860016,30.76992416381836
10.0,310395.0,0.11540862172842026,-0.20555342733860016,30.82391929626465
10.0,310399.0,0.11410266906023026,-0.2040194571018219,30.702207565307617
10.0,310404.0,0.11240657418966293,-0.2040194571018219,30.780839920043945
10.0,310409.0,0.11067350953817368,-0.20248547196388245,30.66633415222168
10.0,310414.0,0.10888295620679855,-0.20248547196388245,30.7533016204834
10.0,310419.0,0.10707186907529831,-0.200951486825943,30.660621643066406
10.0,310423.0,0.10559753328561783,-0.19941750168800354,30.572233200073242
10.0,310429.0,0.10335113108158112,-0.19788353145122528,30.486373901367188
10.0,310433.0,0.10186036676168442,-0.19634954631328583,30.394142150878906
10.0,310438.0,0.09998767822980881,-0.19481556117534637,30.300540924072266
10.0,310442.0,0.09851334989070892,-0.19481556117534637,30.364498138427734
10.0,310447.0,0.09631621837615967,-0.19328159093856812,30.261157989501953
10.0,310452.0,0.09454209357500076,-0.19174760580062866,30.14891815185547
10.0,310457.0,0.09277207404375076,-0.19174760580062866,30.214645385742188
10.0,310462.0,0.09139219671487808,-0.1902136206626892,30.092002868652344
10.0,310466.0,0.09002874791622162,-0.1902136206626892,30.134521484375
10.0,310473.0,0.08736755698919296,-0.1902136206626892,30.19948959350586
10.0,310478.0,0.08606570959091187,-0.1902136206626892,30.23412322998047
10.0,310482.0,0.08447227627038956,-0.1902136206626892,30.270065307617188
10.0,310489.0,0.08257905393838882,-0.1902136206626892,30.32196617126465
10.0,310494.0,0.08100616186857224,-0.1902136206626892,30.350482940673828
10.0,310499.0,0.07944148033857346,-0.1902136206626892,30.384624481201172
10.0,310503.0,0.07819301635026932,-0.1902136206626892,30.419260025024414
10.0,310508.0,0.07661601901054382,-0.1902136206626892,30.45928955078125
10.0,310512.0,0.07534291595220566,-0.19174760580062866,30.918134689331055
10.0,310516.0,0.07406570762395859,-0.1902136206626892,30.522808074951172
10.0,310521.0,0.07243942469358444,-0.19174760580062866,30.73857879638672
10.0,310525.0,0.07111293822526932,-0.19174760580062866,30.779193878173828
10.0,310529.0,0.06973716616630554,-0.1902136206626892,30.661455154418945
10.0,310535.0,0.06763860583305359,-0.1902136206626892,30.735334396362305
10.0,310539.0,0.06584805250167847,-0.1902136206626892,30.79009437561035
10.0,310543.0,0.06475154310464859,-0.18867963552474976,30.67034339904785
10.0,310549.0,0.0625215619802475,-0.18867963552474976,30.7447566986084
10.0,310553.0,0.06099794805049896,-0.1871456652879715,30.631439208984375
10.0,310557.0,0.059071868658065796,-0.1871456652879715,30.712797164916992
10.0,310562.0,0.05750308185815811,-0.18561168015003204,30.603811264038086
10.0,310566.0,0.05592607706785202,-0.1840776950120926,30.51007080078125
10.0,310570.0,0.05393429100513458,-0.18254372477531433,30.152698516845703
10.0,310574.0,0.052332647144794464,-0.18254372477531433,30.471712112426758
10.0,310580.0,0.050340861082077026,-0.18100973963737488,30.393945693969727
10.0,310584.0,0.048739220947027206,-0.17947575449943542,30.281009674072266
10.0,310589.0,0.04675975441932678,-0.17947575449943542,30.35689353942871
10.0,310596.0,0.04404517635703087,-0.17794176936149597,29.863157272338867
10.0,310601.0,0.042139630764722824,-0.1764077991247177,30.164731979370117
10.0,310605.0,0.04063655063509941,-0.1764077991247177,30.2099552154541
10.0,310609.0,0.03917043283581734,-0.17487381398677826,30.073211669921875
10.0,310614.0,0.0373675562441349,-0.17487381398677826,30.11289405822754
10.0,310619.0,0.03560164198279381,-0.17487381398677826,30.156850814819336
10.0,310623.0,0.03422176465392113,-0.17487381398677826,30.188077926635742
10.0,310627.0,0.0325215607881546,-0.17487381398677826,30.223413467407227
10.0,310631.0,0.031174538657069206,-0.17487381398677826,30.25157928466797
10.0,310638.0,0.028854209929704666,-0.17487381398677826,30.294979095458984
10.0,310643.0,0.02754414826631546,-0.17487381398677826,30.31832504272461
10.0,310647.0,0.02591375820338726,-0.17487381398677826,30.3491268157959
10.0,310654.0,0.023963039740920067,-0.1764077991247177,30.567100524902344
10.0,310659.0,0.022336754947900772,-0.1764077991247177,30.594472885131836
10.0,310664.0,0.02068583108484745,-0.1764077991247177,30.62979507446289
10.0,310669.0,0.018993839621543884,-0.1764077991247177,30.68268585205078
10.0,310675.0,0.016944559291005135,-0.1764077991247177,30.727893829345703
10.0,310680.0,0.01517864502966404,-0.1764077991247177,30.794097900390625
10.0,310686.0,0.013014373369514942,-0.1764077991247177,30.866207122802734
10.0,310690.0,0.011535934172570705,-0.17487381398677826,30.741966247558594
10.0,310696.0,0.009268993511795998,-0.17487381398677826,30.827392578125
10.0,310703.0,0.006554414983838797,-0.1733398288488388,30.741823196411133
10.0,310707.0,0.004587268922477961,-0.17180585861206055,30.64340591430664
10.0,310712.0,0.002977412659674883,-0.17180585861206055,30.711740493774414
10.0,310717.0,0.0009609856060706079,-0.1702718734741211,30.632076263427734
10.0,310722.0,-0.0010677617974579334,-0.16873788833618164,30.522071838378906
10.0,310726.0,-0.002702258760109544,-0.1672039031982422,30.162208557128906
10.0,310730.0,-0.004332649055868387,-0.1672039031982422,30.494173049926758
10.0,310735.0,-0.006349076051265001,-0.16566993296146393,30.377864837646484
10.0,310740.0,-0.008344968780875206,-0.16413594782352448,30.287508010864258
10.0,310744.0,-0.009921971708536148,-0.16413594782352448,30.342777252197266
10.0,310748.0,-0.011868583038449287,-0.16260196268558502,30.21742057800293
10.0,310753.0,-0.013400410301983356,-0.16260196268558502,30.266357421875
10.0,310757.0,-0.01527720782905817,-0.16106799244880676,30.142608642578125
10.0,310762.0,-0.01672689989209175,-0.16106799244880676,30.178266525268555
10.0,310767.0,-0.018854210153222084,-0.16106799244880676,30.22772216796875
10.0,310772.0,-0.020246407017111778,-0.16106799244880676,30.51320457458496
10.0,310776.0,-0.021609855815768242,-0.1595340073108673,30.111927032470703
10.0,310781.0,-0.02328542061150074,-0.16106799244880676,30.313749313354492
10.0,310785.0,-0.024587269872426987,-0.16106799244880676,30.337278366088867
10.0,310789.0,-0.026217659935355186,-0.16106799244880676,30.358173370361328
10.0,310793.0,-0.027498973533511162,-0.16106799244880676,30.37638282775879
10.0,310799.0,-0.029125256463885307,-0.16106799244880676,30.40645980834961
10.0,310805.0,-0.031063655391335487,-0.16106799244880676,30.447561264038086
10.0,310809.0,-0.032386038452386856,-0.16260196268558502,30.654666900634766
10.0,310814.0,-0.03403696045279503,-0.16260196268558502,30.68236541748047
10.0,310820.0,-0.036094456911087036,-0.16106799244880676,30.569875717163086
10.0,310824.0,-0.03748254477977753,-0.16260196268558502,30.36036491394043
10.0,310829.0,-0.039260778576135635,-0.16106799244880676,30.65674591064453
10.0,310833.0,-0.04071047157049179,-0.16106799244880676,30.71718406677246
10.0,310838.0,-0.042558521032333374,-0.1595340073108673,30.35810089111328
10.0,310843.0,-0.04443531855940819,-0.1595340073108673,30.660579681396484
10.0,310849.0,-0.04673100635409355,-0.15800002217292786,30.572071075439453
10.0,310861.0,-0.05135934427380562,-0.15493206679821014,30.407241821289062
10.0,310865.0,-0.052903492003679276,-0.15493206679821014,30.464006423950195
10.0,310870.0,-0.05482546240091324,-0.1533980816602707,30.357168197631836
10.0,310874.0,-0.056340862065553665,-0.15186409652233124,30.229862213134766
10.0,310879.0,-0.05822587385773659,-0.15186409652233124,30.28346824645996
10.0,310883.0,-0.05970842018723488,-0.15033012628555298,30.151575088500977
10.0,310887.0,-0.06116221845149994,-0.15033012628555298,30.20616912841797
10.0,310891.0,-0.06294866651296616,-0.14879614114761353,30.067218780517578
10.0,310896.0,-0.06434497237205505,-0.14879614114761353,30.10244369506836
10.0,310900.0,-0.06604517251253128,-0.14879614114761353,30.141109466552734
10.0,310905.0,-0.06737577170133591,-0.14879614114761353,30.168983459472656
10.0,310909.0,-0.06868582963943481,-0.14879614114761353,30.19375228881836
10.0,310913.0,-0.06999178975820541,-0.14879614114761353,30.22675132751465
10.0,310918.0,-0.07191375643014908,-0.14879614114761353,30.254554748535156
10.0,310923.0,-0.07318275421857834,-0.14879614114761353,30.28350830078125
10.0,310927.0,-0.07475975155830383,-0.14879614114761353,30.305665969848633
10.0,310933.0,-0.07633675634860992,-0.14879614114761353,30.336498260498047
10.0,310938.0,-0.0778973326086998,-0.14879614114761353,30.3636417388916
10.0,310942.0,-0.07914989441633224,-0.14879614114761353,30.39650535583496
10.0,310946.0,-0.0804106742143631,-0.14879614114761353,30.42302894592285
10.0,310951.0,-0.08198767900466919,-0.14879614114761353,30.458677291870117
10.0,310955.0,-0.08325256407260895,-0.14879614114761353,30.48436164855957
10.0,310959.0,-0.08482135832309723,-0.14879614114761353,30.513200759887695
10.0,310963.0,-0.08611909300088882,-0.14879614114761353,30.549196243286133
10.0,310973.0,-0.08903901278972626,-0.14726215600967407,30.449962615966797
10.0,310979.0,-0.09098152071237564,-0.14726215600967407,30.51473617553711
10.0,310983.0,-0.09264066070318222,-0.14726215600967407,30.554956436157227
10.0,310988.0,-0.09396304190158844,-0.1457281857728958,30.4271297454834
10.0,310992.0,-0.09531006217002869,-0.1457281857728958,30.461225509643555
10.0,310996.0,-0.09665708243846893,-0.1457281857728958,30.504871368408203
10.0,311000.0,-0.0980246439576149,-0.14419420063495636,30.387327194213867
10.0,311005.0,-0.09972484409809113,-0.14419420063495636,30.430587768554688
10.0,311009.0,-0.10108418762683868,-0.1426602154970169,30.310630798339844
10.0,311014.0,-0.10278439521789551,-0.1426602154970169,30.356311798095703
10.0,311018.0,-0.10414784401655197,-0.14112623035907745,30.225515365600586
10.0,311021.0,-0.10550308227539062,-0.14112623035907745,30.26822280883789
10.0,311025.0,-0.1065010279417038,-0.1395922601222992,30.132123947143555
10.0,311029.0,-0.10783161967992783,-0.1395922601222992,30.1741943359375
10.0,311033.0,-0.10914579033851624,-0.13805827498435974,30.043399810791016
10.0,311039.0,-0.11108008027076721,-0.13805827498435974,30.084440231323242
10.0,311043.0,-0.11233264952898026,-0.13805827498435974,29.68785285949707
10.0,311047.0,-0.1138685867190361,-0.1365242898464203,29.965747833251953
10.0,311052.0,-0.11506365239620209,-0.1365242898464203,29.990217208862305
10.0,311056.0,-0.11623408645391464,-0.1365242898464203,30.01532554626465
10.0,311061.0,-0.11765092611312866,-0.1365242898464203,30.032331466674805
10.0,311064.0,-0.11849691718816757,-0.1365242898464203,30.051103591918945
10.0,311068.0,-0.11960985511541367,-0.1365242898464203,30.064241409301758
10.0,311072.0,-0.12070636451244354,-0.1365242898464203,30.08174705505371
10.0,311076.0,-0.12179876863956451,-0.1365242898464203,30.095386505126953
10.0,311081.0,-0.12311293929815292,-0.1365242898464203,30.105701446533203
10.0,311085.0,-0.12417248636484146,-0.1365242898464203,30.11968231201172
10.0,311089.0,-0.12521149218082428,-0.1365242898464203,30.1309814453125
10.0,311093.0,-0.1262505203485489,-0.13805827498435974,30.326923370361328
10.0,311098.0,-0.12781520187854767,-0.13805827498435974,30.34478759765625
10.0,311103.0,-0.1288665235042572,-0.13805827498435974,30.363901138305664
10.0,311107.0,-0.12994250655174255,-0.13805827498435974,30.38566780090332
10.0,311111.0,-0.1310184746980667,-0.13805827498435974,30.42313575744629
10.0,311116.0,-0.1324024647474289,-0.13805827498435974,30.45127296447754
10.0,311121.0,-0.13378645479679108,-0.13805827498435974,30.48834800720215
10.0,311124.0,-0.1349199116230011,-0.1365242898464203,30.336336135864258
10.0,311130.0,-0.13636550307273865,-0.1365242898464203,30.392894744873047
10.0,311136.0,-0.13811910152435303,-0.13499031960964203,30.02328109741211
10.0,311141.0,-0.1395852118730545,-0.13499031960964203,30.313106536865234
10.0,311145.0,-0.14076386392116547,-0.13345633447170258,29.925201416015625
10.0,311150.0,-0.1425544172525406,-0.13345633447170258,30.24025535583496
10.0,311154.0,-0.14374127984046936,-0.13192234933376312,30.103240966796875
10.0,311159.0,-0.14521560072898865,-0.13038836419582367,29.72698402404785
10.0,311165.0,-0.1466611921787262,-0.13038836419582367,30.02126693725586
10.0,311170.0,-0.1480739265680313,-0.1288543939590454,29.645910263061523
10.0,311174.0,-0.1491868644952774,-0.1288543939590454,29.922313690185547
10.0,311180.0,-0.15079671144485474,-0.1288543939590454,29.536487579345703
10.0,311186.0,-0.1523531824350357,-0.12732040882110596,29.811769485473633
10.0,311190.0,-0.153371661901474,-0.12732040882110596,29.837583541870117
10.0,311196.0,-0.15483367443084717,-0.12732040882110596,29.85487174987793
10.0,311202.0,-0.15621766448020935,-0.12732040882110596,29.870580673217773
10.0,311206.0,-0.1571088284254074,-0.12732040882110596,29.875646591186523
10.0,311212.0,-0.15862832963466644,-0.12732040882110596,29.88483238220215
10.0,311219.0,-0.1598891168832779,-0.1288543939590454,30.316734313964844
10.0,311223.0,-0.16071458160877228,-0.1288543939590454,30.069562911987305
10.0,311227.0,-0.16151128709316254,-0.1288543939590454,30.06930160522461
10.0,311233.0,-0.16271047294139862,-0.1288543939590454,30.07428550720215
10.0,311237.0,-0.1637166291475296,-0.1288543939590454,30.08180809020996
10.0,311241.0,-0.16452977061271667,-0.13038836419582367,30.266727447509766
10.0,311245.0,-0.16514168679714203,-0.13038836419582367,30.277021408081055
10.0,311249.0,-0.16617248952388763,-0.13038836419582367,30.288652420043945
10.0,311253.0,-0.1667885035276413,-0.13038836419582367,30.302064895629883
10.0,311257.0,-0.1678316295146942,-0.13038836419582367,30.316730499267578
10.0,311263.0,-0.1691170483827591,-0.13038836419582367,30.346839904785156
10.0,311269.0,-0.17044763267040253,-0.1288543939590454,30.20682144165039
10.0,311273.0,-0.17112936079502106,-0.1288543939590454,30.234539031982422
10.0,311279.0,-0.17248870432376862,-0.1288543939590454,30.269649505615234
10.0,311284.0,-0.17385625839233398,-0.12732040882110596,30.136520385742188
10.0,311289.0,-0.17478439211845398,-0.12732040882110596,30.17783546447754
10.0,311293.0,-0.17570841312408447,-0.1257864236831665,30.031755447387695
10.0,311297.0,-0.17687474191188812,-0.1257864236831665,30.06509780883789
10.0,311302.0,-0.17780287563800812,-0.12425244599580765,29.918439865112305
10.0,311306.0,-0.1787186861038208,-0.12425244599580765,29.950834274291992
10.0,311311.0,-0.1798398345708847,-0.12271846830844879,29.814800262451172
10.0,311315.0,-0.18072690069675446,-0.12271846830844879,29.841794967651367
10.0,311322.0,-0.18220944702625275,-0.12118448317050934,29.700647354125977
10.0,311326.0,-0.18302670121192932,-0.12118448317050934,29.717914581298828
10.0,311332.0,-0.18417248129844666,-0.12118448317050934,29.733989715576172
10.0,311339.0,-0.1854250580072403,-0.12118448317050934,29.744293212890625
10.0,311343.0,-0.18612320721149445,-0.12118448317050934,29.324193954467773
10.0,311349.0,-0.18712525069713593,-0.12118448317050934,29.75446319580078
10.0,311355.0,-0.18809856474399567,-0.12118448317050934,29.757654190063477
10.0,311359.0,-0.18870636820793152,-0.12118448317050934,29.7553653717041
10.0,311364.0,-0.18959343433380127,-0.12118448317050934,29.750938415527344
10.0,311371.0,-0.19042710959911346,-0.12118448317050934,29.74185562133789
10.0,311375.0,-0.19097331166267395,-0.12118448317050934,30.16217041015625
10.0,311379.0,-0.19149897992610931,-0.12271846830844879,29.90838050842285
10.0,311384.0,-0.1923162192106247,-0.12271846830844879,29.90732192993164
10.0,311390.0,-0.19299794733524323,-0.12271846830844879,29.906579971313477
10.0,311395.0,-0.1938234120607376,-0.12271846830844879,29.909835815429688
10.0,311401.0,-0.19449691474437714,-0.12271846830844879,29.9133358001709
10.0,311405.0,-0.19515810906887054,-0.12271846830844879,29.91422462463379
10.0,311410.0,-0.1956837773323059,-0.12271846830844879,29.917022705078125
10.0,311414.0,-0.19621765613555908,-0.12271846830844879,29.923086166381836
10.0,311419.0,-0.196874737739563,-0.12271846830844879,29.930936813354492
10.0,311424.0,-0.1975523680448532,-0.12271846830844879,29.939414978027344
10.0,311427.0,-0.1980903446674347,-0.12271846830844879,29.948991775512695
10.0,311431.0,-0.19850102066993713,-0.12271846830844879,29.960268020629883
10.0,311435.0,-0.19905133545398712,-0.12271846830844879,29.97085952758789
10.0,311440.0,-0.199872687458992,-0.12271846830844879,29.98657989501953
10.0,311444.0,-0.20028336346149445,-0.12271846830844879,29.572175979614258
10.0,311449.0,-0.2009733021259308,-0.12118448317050934,29.836408615112305
10.0,311456.0,-0.2019260823726654,-0.12118448317050934,29.86136245727539
10.0,311460.0,-0.20261190831661224,-0.12118448317050934,29.881059646606445
10.0,311465.0,-0.20314989984035492,-0.11965050548315048,29.72337532043457
10.0,311471.0,-0.20409856736660004,-0.11965050548315048,29.7447509765625
10.0,311476.0,-0.2046160101890564,-0.11965050548315048,29.7591609954834
10.0,311481.0,-0.2053675502538681,-0.11811652034521103,29.597558975219727
10.0,311489.0,-0.20615194737911224,-0.11811652034521103,29.604352951049805
10.0,311508.0,-0.2079753577709198,-0.11811652034521103,29.599355697631836
10.0,311515.0,-0.20857495069503784,-0.11811652034521103,29.595943450927734
10.0,311519.0,-0.20891991257667542,-0.11811652034521103,29.592552185058594
10.0,311524.0,-0.20932649075984955,-0.11811652034521103,29.59014320373535
10.0,311528.0,-0.2096427083015442,-0.11811652034521103,29.586769104003906
10.0,311532.0,-0.2099301815032959,-0.11811652034521103,29.579572677612305
10.0,311536.0,-0.2102956920862198,-0.11811652034521103,29.575084686279297
10.0,311541.0,-0.21056263148784637,-0.11811652034521103,29.565401077270508
10.0,311545.0,-0.21081724762916565,-0.11811652034521103,29.559101104736328
10.0,311549.0,-0.21106365323066711,-0.11811652034521103,29.554250717163086
10.0,311553.0,-0.2113388031721115,-0.11811652034521103,29.541303634643555
10.0,311558.0,-0.21154414117336273,-0.11811652034521103,29.530689239501953
10.0,311563.0,-0.21176591515541077,-0.11811652034521103,29.5117244720459
10.0,311569.0,-0.21202874183654785,-0.11811652034521103,29.497241973876953
10.0,311573.0,-0.21219301223754883,-0.11811652034521103,29.485464096069336
10.0,311576.0,-0.21232032775878906,-0.11965050548315048,29.653669357299805
10.0,311582.0,-0.21259959042072296,-0.11965050548315048,29.641450881958008
10.0,311587.0,-0.21280904114246368,-0.11965050548315048,29.63434410095215
10.0,311591.0,-0.21293634176254272,-0.11965050548315048,29.628398895263672
10.0,311595.0,-0.2131047248840332,-0.11965050548315048,29.625337600708008
10.0,311601.0,-0.21336345374584198,-0.11965050548315048,29.622032165527344
10.0,311606.0,-0.21358521282672882,-0.11965050548315048,29.621335983276367
10.0,311610.0,-0.21377001702785492,-0.11811652034521103,29.446138381958008
10.0,311614.0,-0.21396303176879883,-0.11811652034521103,29.44795799255371
10.0,311619.0,-0.21418480575084686,-0.11811652034521103,29.448822021484375
10.0,311624.0,-0.21439425647258759,-0.11811652034521103,29.450193405151367
10.0,311628.0,-0.21455441415309906,-0.11811652034521103,29.450223922729492
10.0,311632.0,-0.21471047401428223,-0.11811652034521103,29.452919006347656
10.0,311636.0,-0.2148665338754654,-0.11658254265785217,29.27550506591797
10.0,311641.0,-0.2150513380765915,-0.11658254265785217,29.277503967285156
10.0,311645.0,-0.21517454087734222,-0.11658254265785217,29.273609161376953
10.0,311649.0,-0.21527309715747833,-0.11658254265785217,29.267061233520508
10.0,311653.0,-0.215347021818161,-0.11658254265785217,29.257951736450195
10.0,311657.0,-0.21541273593902588,-0.11658254265785217,29.249723434448242
10.0,311664.0,-0.21546611189842224,-0.11658254265785217,29.233793258666992
10.0,311670.0,-0.21550308167934418,-0.11658254265785217,29.217008590698242
10.0,311674.0,-0.2155154049396515,-0.11658254265785217,29.2058162689209
10.0,311680.0,-0.2155195027589798,-0.11658254265785217,29.193384170532227
10.0,311685.0,-0.2155195027589798,-0.11658254265785217,29.179784774780273
10.0,311690.0,-0.2155195027589798,-0.11658254265785217,29.17186737060547
10.0,311696.0,-0.2155195027589798,-0.11504856497049332,28.98369026184082
10.0,311701.0,-0.2155195027589798,-0.11504856497049332,28.975351333618164
10.0,311705.0,-0.2155195027589798,-0.11504856497049332,28.970788955688477
10.0,311710.0,-0.2155195027589798,-0.11504856497049332,28.966148376464844
10.0,311714.0,-0.2155195027589798,-0.11351457983255386,28.785263061523438
10.0,311720.0,-0.2155154049396515,-0.11351457983255386,28.782026290893555
10.0,311724.0,-0.21550717949867249,-0.11351457983255386,28.779272079467773
10.0,311729.0,-0.21550308167934418,-0.11198060214519501,28.600175857543945
10.0,311733.0,-0.21550308167934418,-0.11198060214519501,28.600234985351562
10.0,311739.0,-0.21548254787921906,-0.11198060214519501,28.597454071044922
10.0,311743.0,-0.21547022461891174,-0.11044661700725555,28.419435501098633
10.0,311747.0,-0.21546201407909393,-0.11044661700725555,28.420528411865234
10.0,311752.0,-0.2154414802789688,-0.1089126393198967,28.243024826049805
10.0,311756.0,-0.2154209464788437,-0.1089126393198967,28.24262046813965
10.0,311762.0,-0.21536755561828613,-0.10737866163253784,28.060291290283203
10.0,311768.0,-0.2152525633573532,-0.10737866163253784,28.05319595336914
10.0,311773.0,-0.2151540070772171,-0.10584467649459839,27.863187789916992
10.0,311778.0,-0.21493634581565857,-0.10584467649459839,27.84294319152832
10.0,311783.0,-0.21471047401428223,-0.10584467649459839,27.819887161254883
10.0,311788.0,-0.21445174515247345,-0.10584467649459839,27.794694900512695
10.0,311792.0,-0.21428747475147247,-0.10431069880723953,27.59557342529297
10.0,311796.0,-0.2140451818704605,-0.10431069880723953,27.570682525634766
10.0,311801.0,-0.21370431780815125,-0.10431069880723953,27.544363021850586
10.0,311807.0,-0.21322792768478394,-0.10431069880723953,27.4881534576416
10.0,311812.0,-0.21266530454158783,-0.10584467649459839,27.61807632446289
10.0,311817.0,-0.21223407983779907,-0.10584467649459839,27.56328773498535
10.0,311826.0,-0.21117043495178223,-0.10737866163253784,27.634613037109375
10.0,311833.0,-0.21022586524486542,-0.10737866163253784,27.545759201049805
10.0,311843.0,-0.20864064991474152,-0.11044661700725555,28.019824981689453
10.0,311852.0,-0.20743736624717712,-0.11198060214519501,27.834699630737305
10.0,311863.0,-0.20577001571655273,-0.11351457983255386,27.883975982666016
10.0,311869.0,-0.20484188199043274,-0.11351457983255386,27.828258514404297
10.0,311878.0,-0.20344969630241394,-0.11504856497049332,27.912574768066406
10.0,311895.0,-0.2009897381067276,-0.11658254265785217,27.95754623413086
10.0,311910.0,-0.19897331297397614,-0.11658254265785217,27.87441062927246
10.0,311914.0,-0.19843532145023346,-0.11658254265785217,27.853784561157227
10.0,311919.0,-0.19779054820537567,-0.11658254265785217,27.82986068725586
10.0,311925.0,-0.19701026380062103,-0.11504856497049332,27.63088607788086
10.0,311929.0,-0.1965051293373108,-0.11504856497049332,27.617137908935547
10.0,311934.0,-0.19569198787212372,-0.11504856497049332,27.58802032470703
10.0,311940.0,-0.19499795138835907,-0.11351457983255386,27.378847122192383
10.0,311944.0,-0.19440656900405884,-0.11351457983255386,27.35255241394043
10.0,311948.0,-0.1936221718788147,-0.11351457983255386,27.32244873046875
10.0,311954.0,-0.19275975227355957,-0.11351457983255386,27.692975997924805
10.0,311958.0,-0.1918562650680542,-0.11351457983255386,27.224828720092773
10.0,311963.0,-0.191100612282753,-0.11504856497049332,27.360061645507812
10.0,311967.0,-0.19030800461769104,-0.11504856497049332,27.30010223388672
10.0,311971.0,-0.18948665261268616,-0.11658254265785217,27.427160263061523
10.0,311975.0,-0.18862833082675934,-0.11658254265785217,27.37257194519043
10.0,311979.0,-0.18752771615982056,-0.11658254265785217,27.318084716796875
10.0,311984.0,-0.18661190569400787,-0.11811652034521103,27.423673629760742
10.0,311989.0,-0.18546612560749054,-0.11811652034521103,27.369916915893555
10.0,311993.0,-0.18454208970069885,-0.11965050548315048,27.49203109741211
10.0,311997.0,-0.18361806869506836,-0.12118448317050934,27.605443954467773
10.0,312002.0,-0.1824517399072647,-0.12118448317050934,27.551244735717773
10.0,312006.0,-0.18129773437976837,-0.12118448317050934,27.491615295410156
10.0,312011.0,-0.18037371337413788,-0.12271846830844879,27.608928680419922
10.0,312015.0,-0.17944969236850739,-0.12271846830844879,27.565685272216797
10.0,312019.0,-0.17854620516300201,-0.12425244599580765,27.70021629333496
10.0,312024.0,-0.1774086207151413,-0.12425244599580765,27.649486541748047
10.0,312029.0,-0.1762915849685669,-0.12425244599580765,27.611562728881836
10.0,312033.0,-0.17540451884269714,-0.12425244599580765,27.568416595458984
10.0,312039.0,-0.1738809049129486,-0.1257864236831665,27.69622230529785
10.0,312043.0,-0.17300204932689667,-0.12425244599580765,27.48596954345703
10.0,312048.0,-0.17213962972164154,-0.1257864236831665,27.633848190307617
10.0,312053.0,-0.17102259397506714,-0.1257864236831665,27.590011596679688
10.0,312058.0,-0.16992196440696716,-0.1257864236831665,27.5521297454834
10.0,312062.0,-0.16903901100158691,-0.1257864236831665,27.5152530670166
10.0,312066.0,-0.16817247867584229,-0.1257864236831665,27.48771858215332
10.0,312072.0,-0.16686652600765228,-0.1257864236831665,27.44792366027832
10.0,312076.0,-0.16599999368190765,-0.1257864236831665,27.420228958129883
10.0,312083.0,-0.16444353759288788,-0.1257864236831665,27.374588012695312
10.0,312088.0,-0.16331006586551666,-0.1257864236831665,27.32900047302246
10.0,312092.0,-0.16238193213939667,-0.12425244599580765,27.115463256835938
10.0,312098.0,-0.16094866394996643,-0.12425244599580765,27.057615280151367
10.0,312103.0,-0.1597001999616623,-0.1257864236831665,27.181867599487305
10.0,312109.0,-0.15814374387264252,-0.1257864236831665,27.12322425842285
10.0,312113.0,-0.15708008408546448,-0.1257864236831665,27.074838638305664
10.0,312118.0,-0.1557043194770813,-0.12732040882110596,27.185880661010742
10.0,312122.0,-0.15429158508777618,-0.12732040882110596,27.116430282592773
10.0,312126.0,-0.15312936902046204,-0.12732040882110596,27.057435989379883
10.0,312132.0,-0.15163449943065643,-0.1288543939590454,27.143901824951172
10.0,312136.0,-0.15041889250278473,-0.13038836419582367,27.257644653320312
10.0,312141.0,-0.14885830879211426,-0.13038836419582367,27.175769805908203
10.0,312147.0,-0.146669402718544,-0.13192234933376312,27.25876808166504
10.0,312152.0,-0.14541272819042206,-0.13345633447170258,27.375822067260742
10.0,312156.0,-0.14416837692260742,-0.13345633447170258,27.728496551513672
10.0,312162.0,-0.14198768138885498,-0.13499031960964203,27.39579200744629
10.0,312167.0,-0.14075565338134766,-0.1365242898464203,27.506816864013672
10.0,312174.0,-0.13861601054668427,-0.13805827498435974,27.610584259033203
10.0,312180.0,-0.1367926150560379,-0.13805827498435974,27.537033081054688
10.0,312185.0,-0.1350143700838089,-0.1395922601222992,27.901565551757812
10.0,312191.0,-0.13354003429412842,-0.1395922601222992,27.593061447143555
10.0,312197.0,-0.13154414296150208,-0.1395922601222992,27.540924072265625
10.0,312203.0,-0.12987269461154938,-0.1395922601222992,27.497344970703125
10.0,312209.0,-0.128496915102005,-0.1395922601222992,27.462560653686523
10.0,312213.0,-0.12741683423519135,-0.1395922601222992,27.433486938476562
10.0,312220.0,-0.1255236119031906,-0.1395922601222992,27.392353057861328
10.0,312225.0,-0.12417659163475037,-0.13805827498435974,27.176849365234375
10.0,312231.0,-0.12227104604244232,-0.13805827498435974,27.13713836669922
10.0,312243.0,-0.11913347244262695,-0.13805827498435974,27.040403366088867
10.0,312259.0,-0.11418480426073074,-0.1395922601222992,27.016523361206055
10.0,312267.0,-0.11154825240373611,-0.1395922601222992,26.90519142150879
10.0,312276.0,-0.10846817493438721,-0.1426602154970169,27.372806549072266
10.0,312280.0,-0.107059545814991,-0.1426602154970169,27.057392120361328
10.0,312284.0,-0.10563039034605026,-0.1426602154970169,27.419912338256836
10.0,312292.0,-0.10271047055721283,-0.1457281857728958,27.20940399169922
10.0,312296.0,-0.10124024748802185,-0.14726215600967407,27.56981658935547
10.0,312302.0,-0.09901847690343857,-0.14879614114761353,27.397850036621094
10.0,312306.0,-0.09754004329442978,-0.14879614114761353,27.33266830444336
10.0,312310.0,-0.0960739254951477,-0.15033012628555298,27.44968032836914
10.0,312314.0,-0.09462833404541016,-0.15033012628555298,27.407957077026367
10.0,312318.0,-0.09321150183677673,-0.15186409652233124,27.519691467285156
10.0,312323.0,-0.09144969284534454,-0.15186409652233124,27.468687057495117
10.0,312326.0,-0.09007802605628967,-0.1533980816602707,27.85171890258789
10.0,312331.0,-0.08871457725763321,-0.1533980816602707,27.55784034729004
10.0,312335.0,-0.08736755698919296,-0.1533980816602707,27.507946014404297
10.0,312339.0,-0.08603695780038834,-0.1533980816602707,27.468828201293945
10.0,312343.0,-0.08471868932247162,-0.15493206679821014,27.86958885192871
10.0,312348.0,-0.083112932741642,-0.1533980816602707,27.40338706970215
10.0,312351.0,-0.08214784413576126,-0.15493206679821014,27.548851013183594
10.0,312357.0,-0.08024640381336212,-0.15493206679821014,27.505191802978516
10.0,312361.0,-0.07899384200572968,-0.1533980816602707,27.301973342895508
10.0,312365.0,-0.07778234034776688,-0.1533980816602707,27.280851364135742
10.0,312370.0,-0.07625051587820053,-0.1533980816602707,27.248369216918945
10.0,312374.0,-0.07502669095993042,-0.1533980816602707,27.230846405029297
10.0,312379.0,-0.07347843796014786,-0.1533980816602707,27.189407348632812
10.0,312383.0,-0.07223819196224213,-0.15186409652233124,26.983762741088867
10.0,312388.0,-0.07033675909042358,-0.15186409652233124,26.939523696899414
10.0,312392.0,-0.06935933977365494,-0.15186409652233124,26.912002563476562
10.0,312396.0,-0.06803695857524872,-0.15186409652233124,26.871036529541016
10.0,312401.0,-0.06632854044437408,-0.1533980816602707,26.990755081176758
10.0,312406.0,-0.0645749494433403,-0.1533980816602707,26.925064086914062
10.0,312410.0,-0.06277617812156677,-0.1533980816602707,26.856374740600586
10.0,312415.0,-0.060952771455049515,-0.15493206679821014,26.963178634643555
10.0,312423.0,-0.058344967663288116,-0.15493206679821014,26.857187271118164
10.0,312427.0,-0.056825462728738785,-0.1564660519361496,26.953556060791016
10.0,312431.0,-0.05528131499886513,-0.1564660519361496,26.888500213623047
10.0,312436.0,-0.05333470180630684,-0.15800002217292786,26.981279373168945
10.0,312441.0,-0.051347021013498306,-0.1595340073108673,27.071247100830078
10.0,312444.0,-0.04974948614835739,-0.16106799244880676,27.446523666381836
10.0,312449.0,-0.04812730848789215,-0.16106799244880676,27.123546600341797
10.0,312454.0,-0.04609445482492447,-0.16260196268558502,27.623641967773438
10.0,312458.0,-0.044488705694675446,-0.16413594782352448,27.307201385498047
10.0,312463.0,-0.0424928143620491,-0.16566993296146393,27.422439575195312
11.0,312468.0,-0.0405297726392746,-0.1672039031982422,33.775245666503906
11.0,312472.0,-0.03906365483999252,-0.1672039031982422,33.50176239013672
11.0,312476.0,-0.03809856250882149,-0.16566993296146393,33.38829803466797
11.0,312481.0,-0.03751540184020996,-0.16106799244880676,33.02128601074219
11.0,312486.0,-0.03767145797610283,-0.15493206679821014,32.12908172607422
11.0,312490.0,-0.0381108820438385,-0.1457281857728958,31.465030670166016
11.0,312494.0,-0.038804929703474045,-0.1395922601222992,30.40144920349121
11.0,312498.0,-0.03989322483539581,-0.1288543939590454,30.014171600341797
11.0,312503.0,-0.040845997631549835,-0.11811652034521103,28.773719787597656
11.0,312506.0,-0.04157700389623642,-0.1089126393198967,27.94864845275879
11.0,312511.0,-0.042673509567976,-0.09664079546928406,26.7906436920166
10.0,312524.0,-0.04381519556045532,-0.07516506314277649,19.124967575073242
10.0,312529.0,-0.042689938098192215,-0.07209710031747818,18.668609619140625
10.0,312533.0,-0.04102669283747673,-0.07209710031747818,18.727487564086914
10.0,312537.0,-0.038739219307899475,-0.07516506314277649,18.491994857788086
10.0,312541.0,-0.03588911518454552,-0.08130098134279251,19.095842361450195
10.0,312545.0,-0.03244763985276222,-0.08743690699338913,19.557863235473633
10.0,312549.0,-0.02848459966480732,-0.09970875084400177,20.568185806274414
10.0,312553.0,-0.023995893076062202,-0.10737866163253784,21.267513275146484
10.0,312557.0,-0.017708418890833855,-0.12425244599580765,22.278076171875
10.0,312562.0,-0.012250513769686222,-0.14419420063495636,23.807477951049805
10.0,312566.0,-0.006468172650784254,-0.16106799244880676,25.116920471191406
10.0,312571.0,0.0009609856060706079,-0.17947575449943542,27.242210388183594
10.0,312575.0,0.006952771916985512,-0.19788353145122528,28.76080894470215
10.0,312580.0,0.014299795031547546,-0.21935926377773285,30.148303985595703
10.0,312584.0,0.019901437684893608,-0.23623304069042206,31.591833114624023
10.0,312588.0,0.025154003873467445,-0.2546408176422119,32.93153762817383
10.0,312593.0,0.031034907326102257,-0.2684466540813446,34.197147369384766
10.0,312597.0,0.035104721784591675,-0.2791845202445984,35.07978820800781
10.0,312601.0,0.03849281370639801,-0.28685441613197327,35.858543395996094
10.0,312607.0,0.04217659309506416,-0.29452431201934814,36.3532600402832
10.0,312611.0,0.043679673224687576,-0.29452431201934814,36.5116081237793
10.0,312616.0,0.04443121328949928,-0.2914563715457916,36.16581344604492
10.0,312620.0,0.044238194823265076,-0.2853204309940338,35.716487884521484
10.0,312624.0,0.04342915862798691,-0.27765053510665894,35.3202018737793
10.0,312628.0,0.04210677742958069,-0.26691266894340515,34.290008544921875
10.0,312631.0,0.04082546383142471,-0.2546408176422119,33.37284851074219
10.0,312636.0,0.037687886506319046,-0.2377670258283615,31.83184051513672
10.0,312641.0,0.03529363498091698,-0.22396120429039001,31.023637771606445
10.0,312644.0,0.03340451791882515,-0.20862139761447906,29.783845901489258
10.0,312648.0,0.030850103124976158,-0.19328159093856812,28.524826049804688
10.0,312652.0,0.028369609266519547,-0.18100973963737488,27.214599609375
10.0,312656.0,0.026073921471834183,-0.1672039031982422,26.305837631225586
10.0,312660.0,0.024065708741545677,-0.1533980816602707,25.085433959960938
10.0,312664.0,0.022431211546063423,-0.14112623035907745,23.97563362121582
10.0,312668.0,0.021252566948533058,-0.13038836419582367,22.962059020996094
10.0,312672.0,0.02059137634932995,-0.12271846830844879,22.47180938720703
10.0,312676.0,0.02048870548605919,-0.11504856497049332,21.648860931396484
10.0,312681.0,0.021137576550245285,-0.11198060214519501,21.50678825378418
10.0,312684.0,0.022238193079829216,-0.11044661700725555,21.222726821899414
10.0,312689.0,0.023868583142757416,-0.11044661700725555,21.04353141784668
10.0,312692.0,0.02602464146912098,-0.11351457983255386,21.401081085205078
10.0,312696.0,0.027967145666480064,-0.11658254265785217,21.623828887939453
10.0,312700.0,0.030985625460743904,-0.12271846830844879,21.886098861694336
10.0,312703.0,0.03444764018058777,-0.13192234933376312,22.79936408996582
10.0,312707.0,0.03730184957385063,-0.14112623035907745,23.421274185180664
10.0,312711.0,0.04139219596982002,-0.15186409652233124,24.196744918823242
10.0,312715.0,0.04574127495288849,-0.16106799244880676,25.129867553710938
10.0,312719.0,0.05027925968170166,-0.1733398288488388,26.060054779052734
10.0,312723.0,0.05491991713643074,-0.1871456652879715,26.93653678894043
10.0,312727.0,0.05958110839128494,-0.19941750168800354,28.553630828857422
10.0,312739.0,0.07274332642555237,-0.24083499610424042,31.399761199951172
10.0,312744.0,0.07748254388570786,-0.25003886222839355,31.93535804748535
10.0,312749.0,0.08156878501176834,-0.2623107135295868,33.06602096557617
10.0,312756.0,0.0860082134604454,-0.26998063921928406,33.83561706542969
10.0,312760.0,0.08780287206172943,-0.2730485796928406,34.2079963684082
10.0,312763.0,0.08902669697999954,-0.2730485796928406,34.053810119628906
10.0,312767.0,0.08956057578325272,-0.2715145945549011,34.04692840576172
10.0,312772.0,0.08980698138475418,-0.26691266894340515,33.38619613647461
10.0,312776.0,0.08948254585266113,-0.26077672839164734,33.06867599487305
10.0,312780.0,0.08881724625825882,-0.2546408176422119,32.67219924926758
10.0,312785.0,0.0875934287905693,-0.24083499610424042,31.342554092407227
10.0,312790.0,0.08569610118865967,-0.22856314480304718,30.371732711791992
10.0,312795.0,0.0843244343996048,-0.21935926377773285,29.910175323486328
10.0,312802.0,0.08186447620391846,-0.200951486825943,28.119417190551758
10.0,312808.0,0.07970020174980164,-0.1840776950120926,26.918188095092773
10.0,312813.0,0.0787392184138298,-0.17487381398677826,26.0819034576416
10.0,312818.0,0.07784394174814224,-0.16413594782352448,25.08747673034668
10.0,312824.0,0.07764681428670883,-0.1564660519361496,24.317153930664062
10.0,312828.0,0.07787679880857468,-0.1533980816602707,23.822097778320312
10.0,312833.0,0.07858315855264664,-0.14879614114761353,23.43773078918457
10.0,312839.0,0.08007802814245224,-0.14879614114761353,23.558382034301758
10.0,312843.0,0.08149076253175735,-0.14879614114761353,23.45457649230957
10.0,312848.0,0.08370020240545273,-0.15186409652233124,23.58980941772461
10.0,312853.0,0.08640246093273163,-0.1564660519361496,24.089269638061523
10.0,312856.0,0.08888706564903259,-0.16260196268558502,24.53789520263672
10.0,312861.0,0.09161806851625443,-0.16873788833618164,24.960460662841797
10.0,312867.0,0.0968090370297432,-0.18100973963737488,25.845815658569336
10.0,312874.0,0.10153182595968246,-0.19328159093856812,27.323209762573242
10.0,312879.0,0.10631211847066879,-0.20555342733860016,27.76235008239746
10.0,312885.0,0.11020944267511368,-0.21629129350185394,28.770185470581055
10.0,312892.0,0.11533059179782867,-0.23009712994098663,29.840932846069336
10.0,312898.0,0.11922792345285416,-0.23930101096630096,30.639171600341797
10.0,312903.0,0.12200821191072464,-0.24543693661689758,31.35906410217285
10.0,312913.0,0.12601642310619354,-0.251572847366333,31.608600616455078
10.0,312918.0,0.1273634433746338,-0.251572847366333,31.70113754272461
10.0,312930.0,0.1279384046792984,-0.24236896634101868,30.678848266601562
10.0,312935.0,0.12739630043506622,-0.2316311001777649,29.974668502807617
10.0,312944.0,0.12640246748924255,-0.2208932340145111,29.097579956054688
10.0,312949.0,0.125885009765625,-0.21475732326507568,28.58403778076172
10.0,312953.0,0.1253182739019394,-0.20862139761447906,28.343708038330078
10.0,312962.0,0.12476796656847,-0.19634954631328583,26.976503372192383
10.0,312966.0,0.12471457570791245,-0.19328159093856812,26.535140991210938
10.0,312989.0,0.1272813081741333,-0.18100973963737488,25.62110710144043
10.0,312993.0,0.12824229896068573,-0.18100973963737488,25.544099807739258
10.0,312997.0,0.12936344742774963,-0.18254372477531433,25.637117385864258
10.0,313002.0,0.13098151981830597,-0.1840776950120926,25.959095001220703
10.0,313008.0,0.1332320272922516,-0.1871456652879715,25.83602523803711
10.0,313012.0,0.13488706946372986,-0.1902136206626892,26.044696807861328
10.0,313016.0,0.13664065301418304,-0.19328159093856812,26.673093795776367
10.0,313020.0,0.13894455134868622,-0.19788353145122528,26.615318298339844
10.0,313025.0,0.14082135260105133,-0.20248547196388245,27.23944091796875
10.0,313029.0,0.14270636439323425,-0.2070874124765396,27.61499786376953
10.0,313033.0,0.14458726346492767,-0.21168935298919678,27.714187622070312
10.0,313037.0,0.14641888439655304,-0.21475732326507568,28.358938217163086
10.0,313041.0,0.14820945262908936,-0.21935926377773285,28.337024688720703
10.0,313048.0,0.1511334627866745,-0.22549518942832947,28.892147064208984
10.0,313053.0,0.1533593386411667,-0.23009712994098663,29.55914306640625
10.0,313058.0,0.15493634343147278,-0.2316311001777649,29.435400009155273
10.0,313065.0,0.15647639334201813,-0.23316508531570435,29.59916877746582
10.0,313071.0,0.15759342908859253,-0.23316508531570435,29.65253257751465
10.0,313075.0,0.15814374387264252,-0.23316508531570435,29.282522201538086
10.0,313081.0,0.15866529941558838,-0.23009712994098663,29.472585678100586
10.0,313085.0,0.1588747501373291,-0.22702915966510773,29.20903205871582
10.0,313089.0,0.15898151695728302,-0.22396120429039001,28.705249786376953
10.0,313094.0,0.15898562967777252,-0.2208932340145111,28.70404052734375
10.0,313098.0,0.1589774191379547,-0.21629129350185394,28.044763565063477
10.0,313105.0,0.15898151695728302,-0.21168935298919678,27.91773223876953
10.0,313109.0,0.15901026129722595,-0.20862139761447906,27.64278793334961
10.0,313115.0,0.15910883247852325,-0.2040194571018219,27.21368980407715
10.0,313127.0,0.15972484648227692,-0.19788353145122528,26.619503021240234
10.0,313132.0,0.16023409366607666,-0.19634954631328583,26.446210861206055
10.0,313140.0,0.16158521175384521,-0.19481556117534637,26.22209358215332
10.0,313145.0,0.16236139833927155,-0.19634954631328583,26.603052139282227
10.0,313148.0,0.1632484644651413,-0.19634954631328583,26.292783737182617
10.0,313153.0,0.16423408687114716,-0.19788353145122528,26.396018981933594
10.0,313157.0,0.16534291207790375,-0.19941750168800354,26.460693359375
10.0,313163.0,0.16714169085025787,-0.20248547196388245,26.662691116333008
10.0,313169.0,0.16909651458263397,-0.2070874124765396,27.060598373413086
10.0,313173.0,0.17078439891338348,-0.21015536785125732,27.275774002075195
10.0,313179.0,0.17250923812389374,-0.21475732326507568,27.91763687133789
10.0,313184.0,0.17453798651695251,-0.21935926377773285,28.297649383544922
10.0,313189.0,0.1758357286453247,-0.22242721915245056,28.289274215698242
10.0,313193.0,0.17708419263362885,-0.22549518942832947,28.56954574584961
10.0,313199.0,0.17878028750419617,-0.22856314480304718,28.83402442932129
10.0,313203.0,0.17979876697063446,-0.2316311001777649,29.398361206054688
10.0,313208.0,0.18089528381824493,-0.2316311001777649,29.125886917114258
10.0,313212.0,0.18164271116256714,-0.23316508531570435,29.297401428222656
10.0,313218.0,0.1825379878282547,-0.23316508531570435,29.316680908203125
10.0,313222.0,0.18297740817070007,-0.23316508531570435,29.360225677490234
10.0,313226.0,0.18330594897270203,-0.2316311001777649,29.23186683654785
10.0,313232.0,0.1835728883743286,-0.23009712994098663,28.743297576904297
10.0,313238.0,0.18363860249519348,-0.22702915966510773,28.64429473876953
10.0,313242.0,0.18362218141555786,-0.22396120429039001,28.385665893554688
10.0,313249.0,0.18359342217445374,-0.2208932340145111,28.40033721923828
10.0,313253.0,0.18359342217445374,-0.21935926377773285,27.856273651123047
10.0,313260.0,0.18363860249519348,-0.21629129350185394,28.01325225830078
10.0,313264.0,0.18367967009544373,-0.21322333812713623,27.708593368530273
10.0,313268.0,0.18372894823551178,-0.21168935298919678,27.576513290405273
10.0,313276.0,0.18391786515712738,-0.20862139761447906,27.29877281188965
10.0,313280.0,0.18408624827861786,-0.2070874124765396,26.891000747680664
10.0,313284.0,0.1842997968196869,-0.2070874124765396,27.1507511138916
10.0,313289.0,0.18464475870132446,-0.20555342733860016,26.975788116455078
10.0,313293.0,0.18498562276363373,-0.20555342733860016,26.964340209960938
10.0,313297.0,0.1855154037475586,-0.20555342733860016,26.944185256958008
10.0,313303.0,0.18615606427192688,-0.20555342733860016,27.320104598999023
10.0,313309.0,0.18707597255706787,-0.2070874124765396,27.00970458984375
10.0,313313.0,0.1877535879611969,-0.20862139761447906,27.13355255126953
10.0,313320.0,0.1892402470111847,-0.21168935298919678,27.366933822631836
10.0,313326.0,0.19041478633880615,-0.21475732326507568,27.626968383789062
10.0,313331.0,0.1912032812833786,-0.21629129350185394,27.742128372192383
10.0,313340.0,0.19292402267456055,-0.2208932340145111,28.135040283203125
10.0,313344.0,0.1938234120607376,-0.22396120429039001,28.69363784790039
10.0,313349.0,0.19447638094425201,-0.22549518942832947,28.57648277282715
10.0,313353.0,0.19508418440818787,-0.22549518942832947,28.548694610595703
10.0,313358.0,0.19574537873268127,-0.22702915966510773,28.708656311035156
10.0,313363.0,0.19630390405654907,-0.22856314480304718,28.875064849853516
10.0,313369.0,0.19682545959949493,-0.22856314480304718,28.88597297668457
10.0,313373.0,0.1970677673816681,-0.22856314480304718,28.909032821655273
10.0,313377.0,0.19728541374206543,-0.22856314480304718,28.93748664855957
10.0,313383.0,0.19739219546318054,-0.22702915966510773,28.817214965820312
10.0,313388.0,0.19740863144397736,-0.22549518942832947,28.68117904663086
10.0,313392.0,0.19740040600299835,-0.22396120429039001,28.306533813476562
10.0,313396.0,0.19738809764385223,-0.22396120429039001,28.59541130065918
10.0,313401.0,0.19737987220287323,-0.22242721915245056,28.452831268310547
10.0,313405.0,0.19738809764385223,-0.2208932340145111,28.314138412475586
10.0,313409.0,0.19739630818367004,-0.2208932340145111,28.344444274902344
10.0,313413.0,0.19740863144397736,-0.21935926377773285,28.194480895996094
10.0,313418.0,0.19741684198379517,-0.21935926377773285,28.22281837463379
10.0,313422.0,0.19742916524410248,-0.2178252786397934,28.075122833251953
10.0,313426.0,0.1974373757839203,-0.21629129350185394,27.670574188232422
10.0,313432.0,0.19746200740337372,-0.21629129350185394,27.949298858642578
10.0,313438.0,0.1975318342447281,-0.21629129350185394,27.971052169799805
10.0,313444.0,0.19761396944522858,-0.21475732326507568,27.805683135986328
10.0,313449.0,0.197724848985672,-0.21475732326507568,27.810087203979492
10.0,313453.0,0.19786037504673004,-0.21475732326507568,27.80565643310547
10.0,313458.0,0.19807392358779907,-0.21629129350185394,27.968822479248047
10.0,313462.0,0.1982833743095398,-0.21629129350185394,27.95394515991211
10.0,313466.0,0.19849692285060883,-0.21629129350185394,27.943256378173828
10.0,313471.0,0.19877207279205322,-0.2178252786397934,28.10116195678711
10.0,313475.0,0.19899794459342957,-0.21935926377773285,28.258466720581055
10.0,313479.0,0.1992279291152954,-0.21935926377773285,28.241323471069336
10.0,313483.0,0.199494868516922,-0.2208932340145111,28.406570434570312
10.0,313488.0,0.1996796727180481,-0.2208932340145111,28.396244049072266
10.0,313492.0,0.19983573257923126,-0.22242721915245056,28.568435668945312
10.0,313497.0,0.20002874732017517,-0.22242721915245056,28.56386375427246
10.0,313503.0,0.20013141632080078,-0.22242721915245056,28.568376541137695
10.0,313507.0,0.20017659664154053,-0.22396120429039001,28.757221221923828
10.0,313511.0,0.20019301772117615,-0.22396120429039001,28.767576217651367
10.0,313518.0,0.20018480718135834,-0.22396120429039001,28.78383445739746
10.0,313522.0,0.20017659664154053,-0.22396120429039001,28.79592514038086
10.0,313527.0,0.20017248392105103,-0.22396120429039001,28.80603790283203
10.0,313531.0,0.20017248392105103,-0.22396120429039001,28.812719345092773
10.0,313535.0,0.20016837120056152,-0.22396120429039001,28.819185256958008
10.0,313540.0,0.20016837120056152,-0.22396120429039001,28.82544708251953
10.0,313544.0,0.20016837120056152,-0.22396120429039001,28.82963752746582
10.0,313550.0,0.20016837120056152,-0.22396120429039001,28.833892822265625
10.0,313554.0,0.20016837120056152,-0.22396120429039001,28.83711051940918
10.0,313559.0,0.20016427338123322,-0.22396120429039001,28.839534759521484
10.0,313563.0,0.20016427338123322,-0.22549518942832947,29.018957138061523
10.0,313567.0,0.20016427338123322,-0.22549518942832947,29.019466400146484
10.0,313571.0,0.2001560628414154,-0.22549518942832947,29.02056312561035
10.0,313575.0,0.2001437395811081,-0.22549518942832947,29.021656036376953
10.0,313580.0,0.20012730360031128,-0.22702915966510773,29.201589584350586
10.0,313583.0,0.20011088252067566,-0.22702915966510773,29.202146530151367
10.0,313588.0,0.20008623600006104,-0.22856314480304718,29.38263511657715
10.0,313592.0,0.2000574916601181,-0.22856314480304718,29.385107040405273
10.0,313596.0,0.20000410079956055,-0.22856314480304718,29.390464782714844
10.0,313601.0,0.19992196559906006,-0.23009712994098663,29.573450088500977
10.0,313608.0,0.1997741311788559,-0.2316311001777649,30.014305114746094
10.0,313612.0,0.1996755599975586,-0.2316311001777649,29.77584457397461
10.0,313616.0,0.19954414665699005,-0.2316311001777649,29.791492462158203
10.0,313621.0,0.19934292137622833,-0.23316508531570435,30.233448028564453
10.0,313625.0,0.19914989173412323,-0.23316508531570435,30.0098819732666
10.0,313629.0,0.1989322453737259,-0.23316508531570435,30.033090591430664
10.0,313634.0,0.19862422347068787,-0.23316508531570435,30.063430786132812
10.0,313639.0,0.19827105104923248,-0.23316508531570435,30.09267807006836
10.0,313643.0,0.19794660806655884,-0.23316508531570435,30.126646041870117
10.0,313647.0,0.19760164618492126,-0.23316508531570435,30.169021606445312
10.0,313652.0,0.19712114334106445,-0.23316508531570435,30.20816993713379
10.0,313656.0,0.1966940462589264,-0.2316311001777649,30.084400177001953
10.0,313661.0,0.19611498713493347,-0.2316311001777649,30.143474578857422
10.0,313668.0,0.19523614645004272,-0.23009712994098663,30.03787612915039
10.0,313673.0,0.1945585161447525,-0.22856314480304718,29.924100875854492
10.0,313677.0,0.1939958930015564,-0.22856314480304718,29.988561630249023
10.0,313684.0,0.19300206005573273,-0.22702915966510773,29.89553451538086
10.0,313689.0,0.19229158759117126,-0.22549518942832947,29.77362060546875
10.0,313694.0,0.19160574674606323,-0.22396120429039001,29.647127151489258
10.0,313698.0,0.1909322440624237,-0.22396120429039001,29.68289566040039
10.0,313703.0,0.19042299687862396,-0.22242721915245056,29.28729820251465
10.0,313709.0,0.18965503573417664,-0.22242721915245056,29.58401107788086
10.0,313713.0,0.1891622245311737,-0.22242721915245056,29.615882873535156
10.0,313717.0,0.18855442106723785,-0.22242721915245056,29.642330169677734
10.0,313722.0,0.18797945976257324,-0.22242721915245056,29.666351318359375
10.0,313726.0,0.18752771615982056,-0.22242721915245056,29.684894561767578
10.0,313733.0,0.18688295781612396,-0.22242721915245056,29.705175399780273
10.0,313737.0,0.18646816909313202,-0.22396120429039001,29.898271560668945
10.0,313742.0,0.18595482409000397,-0.22396120429039001,29.91008758544922
10.0,313746.0,0.18554826080799103,-0.22396120429039001,29.919633865356445
10.0,313751.0,0.18501436710357666,-0.22549518942832947,30.115385055541992
10.0,313755.0,0.18457084894180298,-0.22549518942832947,30.130510330200195
10.0,313759.0,0.18395893275737762,-0.22549518942832947,30.15365982055664
10.0,313765.0,0.18330185115337372,-0.22549518942832947,30.19294548034668
10.0,313771.0,0.1824353188276291,-0.22702915966510773,30.410566329956055
10.0,313775.0,0.18182340264320374,-0.22702915966510773,30.445737838745117
10.0,313779.0,0.18117453157901764,-0.22549518942832947,30.317934036254883
10.0,313783.0,0.1804887056350708,-0.22549518942832947,30.361989974975586
10.0,313788.0,0.17942915856838226,-0.22549518942832947,30.416919708251953
10.0,313793.0,0.17867761850357056,-0.22396120429039001,30.037778854370117
10.0,313799.0,0.17748665809631348,-0.22396120429039001,30.367809295654297
10.0,313804.0,0.17643120884895325,-0.22242721915245056,30.276081085205078
10.0,313811.0,0.17495277523994446,-0.2208932340145111,30.178300857543945
10.0,313818.0,0.17343325912952423,-0.21935926377773285,30.109601974487305
10.0,313823.0,0.17234496772289276,-0.2178252786397934,29.996601104736328
10.0,313828.0,0.17124846577644348,-0.21629129350185394,29.870059967041016
10.0,313832.0,0.17039014399051666,-0.21629129350185394,29.916339874267578
10.0,313836.0,0.16954825818538666,-0.21475732326507568,29.530776977539062
10.0,313840.0,0.1687433272600174,-0.21475732326507568,29.82423973083496
10.0,313844.0,0.16796304285526276,-0.21475732326507568,29.855379104614258
10.0,313849.0,0.16700616478919983,-0.21475732326507568,29.883968353271484
10.0,313853.0,0.16627104580402374,-0.21322333812713623,29.729034423828125
10.0,313858.0,0.16534291207790375,-0.21322333812713623,29.761280059814453
10.0,313862.0,0.1646365523338318,-0.21475732326507568,29.958969116210938
10.0,313866.0,0.16396303474903107,-0.21475732326507568,29.973386764526367
10.0,313872.0,0.16294866800308228,-0.21475732326507568,29.99375343322754
10.0,313876.0,0.16228336095809937,-0.21629129350185394,30.43672752380371
10.0,313881.0,0.16141273081302643,-0.21629129350185394,30.208419799804688
10.0,313887.0,0.1603613942861557,-0.21629129350185394,30.2369327545166
10.0,313892.0,0.15944147109985352,-0.2178252786397934,30.44329833984375
10.0,313898.0,0.15813963115215302,-0.2178252786397934,30.47747039794922
10.0,313904.0,0.15715400874614716,-0.2178252786397934,30.52208709716797
10.0,313909.0,0.15611909329891205,-0.2178252786397934,30.55784034729004
10.0,313915.0,0.1547720730304718,-0.2178252786397934,30.623085021972656
10.0,313920.0,0.15359753370285034,-0.2178252786397934,30.69497299194336
10.0,313929.0,0.15133881568908691,-0.21629129350185394,30.625682830810547
10.0,313933.0,0.150295689702034,-0.21629129350185394,30.6841983795166
10.0,313939.0,0.14864066243171692,-0.21475732326507568,30.6170654296875
10.0,313948.0,0.14579054713249207,-0.21168935298919678,30.410850524902344
10.0,313973.0,0.13875974714756012,-0.2040194571018219,29.90508460998535
10.0,313982.0,0.13624641299247742,-0.20248547196388245,29.83289337158203
10.0,313988.0,0.13467350602149963,-0.20248547196388245,29.87858772277832
10.0,313994.0,0.13313347101211548,-0.200951486825943,29.754980087280273
10.0,313999.0,0.13191375136375427,-0.200951486825943,29.79241371154785
10.0,314008.0,0.12984804809093475,-0.20248547196388245,29.995513916015625
10.0,314012.0,0.1289691925048828,-0.20248547196388245,30.005971908569336
10.0,314017.0,0.12788501381874084,-0.20248547196388245,30.447769165039062
10.0,314021.0,0.12703080475330353,-0.2040194571018219,30.210702896118164
10.0,314025.0,0.12613962590694427,-0.2040194571018219,30.222043991088867
10.0,314030.0,0.1250390112400055,-0.20555342733860016,30.670024871826172
10.0,314035.0,0.12391375750303268,-0.20555342733860016,30.444114685058594
10.0,314041.0,0.12230390310287476,-0.2070874124765396,30.652822494506836
10.0,314045.0,0.12157700210809708,-0.2070874124765396,30.674192428588867
10.0,314050.0,0.12031211704015732,-0.2070874124765396,30.724010467529297
10.0,314055.0,0.1189856231212616,-0.2070874124765396,30.778898239135742
10.0,314059.0,0.1175934299826622,-0.2070874124765396,30.825063705444336
10.0,314065.0,0.11612731218338013,-0.20555342733860016,30.731813430786133
10.0,314070.0,0.11457905173301697,-0.20555342733860016,30.810861587524414
10.0,314075.0,0.11297741532325745,-0.2040194571018219,30.71746253967285
10.0,314079.0,0.11164271086454391,-0.20248547196388245,30.611053466796875
10.0,314084.0,0.1099548265337944,-0.200951486825943,30.527053833007812
10.0,314090.0,0.10751129686832428,-0.19941750168800354,30.460596084594727
10.0,314094.0,0.1061273068189621,-0.19788353145122528,30.35382652282715
10.0,314099.0,0.1047268956899643,-0.19634954631328583,30.266345977783203
10.0,314105.0,0.10266119241714478,-0.19481556117534637,30.16950225830078
10.0,314109.0,0.10129363089799881,-0.19328159093856812,30.071216583251953
10.0,314113.0,0.09995071589946747,-0.19174760580062866,29.68584442138672
10.0,314118.0,0.0983038991689682,-0.19174760580062866,30.016170501708984
10.0,314122.0,0.09701026976108551,-0.1902136206626892,29.882699966430664
10.0,314125.0,0.0957823395729065,-0.1902136206626892,29.909748077392578
10.0,314131.0,0.09427925944328308,-0.1902136206626892,29.962831497192383
10.0,314137.0,0.09256673604249954,-0.18867963552474976,29.820615768432617
10.0,314143.0,0.09090759605169296,-0.18867963552474976,29.849027633666992
10.0,314147.0,0.08961807191371918,-0.1902136206626892,30.037229537963867
10.0,314152.0,0.08858726918697357,-0.1902136206626892,30.053098678588867
10.0,314157.0,0.08734702318906784,-0.19174760580062866,30.237144470214844
10.0,314161.0,0.08635318279266357,-0.19174760580062866,30.249189376831055
10.0,314165.0,0.08535934239625931,-0.19328159093856812,30.43408203125
10.0,314169.0,0.08438193053007126,-0.19328159093856812,30.446382522583008
10.0,314175.0,0.08282545953989029,-0.19481556117534637,30.65141487121582
10.0,314180.0,0.08150307834148407,-0.19481556117534637,30.683956146240234
10.0,314185.0,0.08009035140275955,-0.19634954631328583,30.900192260742188
10.0,314192.0,0.07805749773979187,-0.19634954631328583,30.972496032714844
10.0,314196.0,0.07680082321166992,-0.19634954631328583,31.022993087768555
10.0,314201.0,0.07517864555120468,-0.19481556117534637,30.91653060913086
10.0,314210.0,0.07206981629133224,-0.19328159093856812,30.88701629638672
10.0,314214.0,0.07061601430177689,-0.19174760580062866,30.785823822021484
10.0,314219.0,0.06874332576990128,-0.1902136206626892,30.70258903503418
10.0,314225.0,0.06645174324512482,-0.18867963552474976,30.645811080932617
10.0,314229.0,0.06489527970552444,-0.1871456652879715,30.54936408996582
10.0,314234.0,0.06255852431058884,-0.18561168015003204,30.469552993774414
10.0,314240.0,0.060607802122831345,-0.18254372477531433,30.22774887084961
10.0,314244.0,0.059080082923173904,-0.18100973963737488,29.851280212402344
10.0,314249.0,0.057186856865882874,-0.17947575449943542,30.022872924804688
10.0,314253.0,0.0557207390666008,-0.17947575449943542,30.078388214111328
10.0,314258.0,0.053938400000333786,-0.17794176936149597,29.95142364501953
10.0,314262.0,0.05254619941115379,-0.1764077991247177,29.830005645751953
10.0,314266.0,0.05119917914271355,-0.1764077991247177,29.858779907226562
10.0,314271.0,0.0495687872171402,-0.1764077991247177,29.901155471801758
10.0,314276.0,0.04800410568714142,-0.1764077991247177,29.939029693603516
10.0,314281.0,0.04648460075259209,-0.1764077991247177,29.963891983032227
10.0,314285.0,0.04531416669487953,-0.1764077991247177,29.978519439697266
10.0,314289.0,0.044172484427690506,-0.1764077991247177,29.99256134033203
10.0,314293.0,0.043034907430410385,-0.1764077991247177,30.003870010375977
10.0,314299.0,0.04138398543000221,-0.17794176936149597,30.19264030456543
10.0,314302.0,0.04056262969970703,-0.17794176936149597,30.19991111755371
10.0,314305.0,0.03949075937271118,-0.17947575449943542,30.632978439331055
10.0,314309.0,0.038422998040914536,-0.17947575449943542,30.39194679260254
10.0,314313.0,0.037593428045511246,-0.17947575449943542,30.407766342163086
10.0,314318.0,0.03593839704990387,-0.18100973963737488,30.60205841064453
10.0,314323.0,0.034796714782714844,-0.18100973963737488,30.630184173583984
10.0,314327.0,0.033642709255218506,-0.18254372477531433,30.8320369720459
10.0,314331.0,0.03246406465768814,-0.18254372477531433,30.853845596313477
10.0,314335.0,0.03121560625731945,-0.18254372477531433,30.903047561645508
10.0,314339.0,0.029954824596643448,-0.18254372477531433,30.94234848022461
10.0,314343.0,0.028640657663345337,-0.18254372477531433,30.980817794799805
10.0,314346.0,0.02761806920170784,-0.18100973963737488,30.606103897094727
10.0,314350.0,0.02588501013815403,-0.18100973963737488,30.914260864257812
10.0,314354.0,0.024788500741124153,-0.18100973963737488,30.554462432861328
10.0,314358.0,0.02294045127928257,-0.17947575449943542,30.869762420654297
10.0,314362.0,0.02180287428200245,-0.17794176936149597,30.766427993774414
10.0,314366.0,0.020250514149665833,-0.1764077991247177,30.664091110229492
10.0,314370.0,0.018685830757021904,-0.17487381398677826,30.560894012451172
10.0,314374.0,0.01710882969200611,-0.17487381398677826,30.210243225097656
10.0,314378.0,0.015133470296859741,-0.17180585861206055,30.106990814208984
10.0,314382.0,0.013556468300521374,-0.17180585861206055,30.430288314819336
10.0,314386.0,0.0123696094378829,-0.1702718734741211,30.322593688964844
10.0,314390.0,0.010813141241669655,-0.16873788833618164,30.20844078063965
10.0,314394.0,0.00928542111068964,-0.1672039031982422,30.096519470214844
10.0,314399.0,0.0073880902491509914,-0.16566993296146393,29.9891357421875
10.0,314405.0,0.005195071920752525,-0.16413594782352448,29.625104904174805
10.0,314409.0,0.0037618069909512997,-0.16413594782352448,29.92093276977539
10.0,314414.0,0.0020410676952451468,-0.16260196268558502,29.79846954345703
10.0,314419.0,6.570841651409864e-05,-0.16260196268558502,29.832834243774414
10.0,314425.0,-0.0014907597796991467,-0.16260196268558502,29.85965919494629
10.0,314429.0,-0.002702258760109544,-0.16260196268558502,29.87438201904297
10.0,314434.0,-0.00413963058963418,-0.16260196268558502,30.314321517944336
10.0,314439.0,-0.005552361253648996,-0.16413594782352448,30.071897506713867
10.0,314443.0,-0.006632443517446518,-0.16566993296146393,30.50141143798828
10.0,314446.0,-0.00772484578192234,-0.16566993296146393,30.257741928100586
10.0,314451.0,-0.008788500912487507,-0.1672039031982422,30.438718795776367
10.0,314457.0,-0.010406570509076118,-0.1672039031982422,30.45008087158203
10.0,314461.0,-0.011482546105980873,-0.16873788833618164,30.6341495513916
10.0,314468.0,-0.013437371701002121,-0.16873788833618164,30.666744232177734
10.0,314474.0,-0.015154004096984863,-0.1702718734741211,30.86968994140625
10.0,314478.0,-0.016365503892302513,-0.1702718734741211,30.910717010498047
10.0,314483.0,-0.017901437357068062,-0.1702718734741211,30.95396614074707
10.0,314489.0,-0.019880903884768486,-0.1702718734741211,31.01743507385254
10.0,314493.0,-0.021232033148407936,-0.1702718734741211,31.0809326171875
10.0,314506.0,-0.026008212938904762,-0.16566993296146393,30.772836685180664
10.0,314511.0,-0.027967145666480064,-0.16413594782352448,30.690284729003906
10.0,314517.0,-0.030340861529111862,-0.16260196268558502,30.633480072021484
10.0,314521.0,-0.03235318139195442,-0.16106799244880676,30.532617568969727
10.0,314528.0,-0.034759752452373505,-0.15800002217292786,30.294187545776367
10.0,314532.0,-0.03636139631271362,-0.1564660519361496,30.205596923828125
10.0,314536.0,-0.03791375830769539,-0.15493206679821014,30.095027923583984
10.0,314542.0,-0.040193017572164536,-0.1533980816602707,30.00143051147461
10.0,314546.0,-0.04164271056652069,-0.15186409652233124,29.87222671508789
10.0,314553.0,-0.044078029692173004,-0.15033012628555298,29.75363540649414
10.0,314559.0,-0.04602053388953209,-0.15033012628555298,29.80095863342285
10.0,314563.0,-0.047256674617528915,-0.15033012628555298,29.81638526916504
10.0,314569.0,-0.0490143746137619,-0.15033012628555298,29.833154678344727
10.0,314575.0,-0.050677619874477386,-0.15033012628555298,29.837627410888672
10.0,314581.0,-0.0522710457444191,-0.15186409652233124,30.018980026245117
10.0,314586.0,-0.053535934537649155,-0.15186409652233124,30.01043128967285
10.0,314591.0,-0.05478028580546379,-0.1533980816602707,30.185436248779297
10.0,314595.0,-0.05575770139694214,-0.15493206679821014,30.606761932373047
10.0,314599.0,-0.05673511326313019,-0.15493206679821014,30.356094360351562
10.0,314604.0,-0.05799589306116104,-0.1564660519361496,30.540836334228516
10.0,314610.0,-0.05952361226081848,-0.15800002217292786,30.980579376220703
10.0,314614.0,-0.06058316305279732,-0.15800002217292786,30.744556427001953
10.0,314620.0,-0.06220533698797226,-0.15800002217292786,30.77077865600586
10.0,314625.0,-0.06393840163946152,-0.15800002217292786,30.816341400146484
10.0,314630.0,-0.06514579057693481,-0.15800002217292786,30.866151809692383
10.0,314634.0,-0.06639424711465836,-0.15800002217292786,30.90992546081543
10.0,314640.0,-0.06834086030721664,-0.1564660519361496,30.799358367919922
10.0,314644.0,-0.06970430910587311,-0.1564660519361496,30.448972702026367
10.0,314648.0,-0.0714661180973053,-0.15493206679821014,30.763517379760742
10.0,314653.0,-0.07291170209646225,-0.1533980816602707,30.67376136779785
10.0,314659.0,-0.07513347268104553,-0.15186409652233124,30.588193893432617
10.0,314663.0,-0.07663244009017944,-0.15033012628555298,30.48456382751465
10.0,314667.0,-0.07812730967998505,-0.14726215600967407,30.21622085571289
10.0,314671.0,-0.07960575073957443,-0.1457281857728958,29.85745620727539
10.0,314675.0,-0.08107597380876541,-0.14419420063495636,29.992809295654297
10.0,314681.0,-0.0832156091928482,-0.1426602154970169,29.886491775512695
10.0,314687.0,-0.0852607786655426,-0.14112623035907745,29.78177261352539
10.0,314692.0,-0.08689116686582565,-0.14112623035907745,29.830150604248047
10.0,314698.0,-0.08873511105775833,-0.1395922601222992,29.703506469726562
10.0,314702.0,-0.08990143984556198,-0.1395922601222992,29.720117568969727
10.0,314706.0,-0.09101437032222748,-0.1395922601222992,29.737102508544922
10.0,314711.0,-0.09236550331115723,-0.1395922601222992,29.746917724609375
10.0,314715.0,-0.0936427116394043,-0.1395922601222992,29.752059936523438
10.0,314719.0,-0.09462422877550125,-0.1395922601222992,29.751556396484375
10.0,314724.0,-0.09555236250162125,-0.1395922601222992,29.744915008544922
10.0,314728.0,-0.09646817296743393,-0.14112623035907745,29.916425704956055
10.0,314732.0,-0.09735523909330368,-0.1426602154970169,30.334516525268555
10.0,314738.0,-0.09864886850118637,-0.1426602154970169,30.073820114135742
10.0,314743.0,-0.0997002050280571,-0.14419420063495636,30.23748207092285
10.0,314748.0,-0.10076385736465454,-0.1457281857728958,30.41207504272461
10.0,314753.0,-0.10185215622186661,-0.1457281857728958,30.413494110107422
10.0,314759.0,-0.10347433388233185,-0.14726215600967407,30.6071720123291
10.0,314765.0,-0.10468172281980515,-0.14726215600967407,30.633962631225586
10.0,314771.0,-0.10646406561136246,-0.14726215600967407,30.673851013183594
10.0,314778.0,-0.1080862432718277,-0.14726215600967407,30.73965835571289
10.0,314782.0,-0.10922792553901672,-0.1457281857728958,30.605445861816406
10.0,314786.0,-0.11040246486663818,-0.1457281857728958,30.64315414428711
10.0,314790.0,-0.11160574853420258,-0.14419420063495636,30.517608642578125
10.0,314795.0,-0.11347433179616928,-0.1426602154970169,30.42658042907715
10.0,314802.0,-0.11537987738847733,-0.14112623035907745,30.337984085083008
10.0,314807.0,-0.11696509271860123,-0.1395922601222992,30.245927810668945
10.0,314813.0,-0.11887063831090927,-0.1365242898464203,29.726856231689453
10.0,314819.0,-0.12074743211269379,-0.13499031960964203,29.615339279174805
10.0,314826.0,-0.12286242097616196,-0.13345633447170258,29.775253295898438
10.0,314830.0,-0.12429158389568329,-0.13192234933376312,29.634767532348633
10.0,314835.0,-0.12540452182292938,-0.13192234933376312,29.666711807250977
10.0,314841.0,-0.12695276737213135,-0.13038836419582367,29.27692222595215
10.0,314849.0,-0.12885010242462158,-0.13038836419582367,29.540281295776367
10.0,314853.0,-0.12973716855049133,-0.13038836419582367,29.5454158782959
10.0,314858.0,-0.13076385855674744,-0.13192234933376312,29.716815948486328
10.0,314863.0,-0.1317535936832428,-0.13192234933376312,29.711484909057617
10.0,314868.0,-0.1328624188899994,-0.13345633447170258,29.871681213378906
10.0,314874.0,-0.13376592099666595,-0.13345633447170258,29.85957908630371
10.0,314878.0,-0.13462013006210327,-0.13499031960964203,30.018512725830078
10.0,314884.0,-0.13551540672779083,-0.1365242898464203,30.191696166992188
10.0,314890.0,-0.13657495379447937,-0.1365242898464203,30.182809829711914
10.0,314896.0,-0.13769198954105377,-0.13805827498435974,30.611648559570312
10.0,314902.0,-0.13880904018878937,-0.13805827498435974,30.369699478149414
10.0,314907.0,-0.13998767733573914,-0.13805827498435974,30.3856258392334
10.0,314913.0,-0.14102669060230255,-0.13805827498435974,30.41802406311035
10.0,314919.0,-0.14254620671272278,-0.13805827498435974,30.4566593170166
10.0,314925.0,-0.14370431005954742,-0.13805827498435974,30.507638931274414
10.0,314931.0,-0.14511293172836304,-0.1365242898464203,30.38789176940918
10.0,314937.0,-0.14681725203990936,-0.13499031960964203,30.269412994384766
10.0,314943.0,-0.1480739265680313,-0.13345633447170258,29.898218154907227
10.0,314949.0,-0.14957700669765472,-0.13192234933376312,29.78564453125
10.0,314954.0,-0.15108008682727814,-0.13038836419582367,29.67274284362793
10.0,314959.0,-0.1520698219537735,-0.13038836419582367,29.962841033935547
10.0,314963.0,-0.15306365489959717,-0.1288543939590454,29.837064743041992
10.0,314968.0,-0.15427514910697937,-0.12732040882110596,29.70294952392578
10.0,314972.0,-0.15520739555358887,-0.1257864236831665,29.555530548095703
10.0,314976.0,-0.15631210803985596,-0.1257864236831665,29.579172134399414
10.0,314981.0,-0.15714578330516815,-0.1257864236831665,29.602476119995117
10.0,315006.0,-0.16158521175384521,-0.1257864236831665,29.598955154418945
10.0,315021.0,-0.16330185532569885,-0.1288543939590454,29.88431739807129
10.0,315031.0,-0.16448049247264862,-0.13038836419582367,30.026674270629883
10.0,315035.0,-0.16495688259601593,-0.13038836419582367,30.016695022583008
10.0,315039.0,-0.16546201705932617,-0.13192234933376312,30.188705444335938
10.0,315043.0,-0.1659548282623291,-0.13192234933376312,30.185134887695312
10.0,315047.0,-0.16648049652576447,-0.13192234933376312,30.1845645904541
10.0,315051.0,-0.16701026260852814,-0.13345633447170258,30.613054275512695
10.0,315055.0,-0.16755646467208862,-0.13345633447170258,30.370859146118164
10.0,315059.0,-0.16813552379608154,-0.13345633447170258,30.380599975585938
10.0,315063.0,-0.1687515377998352,-0.13192234933376312,29.970462799072266
10.0,315067.0,-0.16942094266414642,-0.13192234933376312,30.246856689453125
10.0,315071.0,-0.17012320458889008,-0.13192234933376312,30.276216506958008
10.0,315074.0,-0.17066119611263275,-0.13192234933376312,30.309438705444336
10.0,315079.0,-0.17159342765808105,-0.13038836419582367,30.166501998901367
10.0,315083.0,-0.17234085500240326,-0.1288543939590454,29.77409553527832
10.0,315086.0,-0.17309239506721497,-0.1288543939590454,30.05988883972168
10.0,315091.0,-0.17384804785251617,-0.12732040882110596,29.9179630279541
10.0,315094.0,-0.17441889643669128,-0.12732040882110596,29.95594596862793
10.0,315099.0,-0.1753716617822647,-0.12425244599580765,29.393714904785156
10.0,315104.0,-0.1762874722480774,-0.12425244599580765,29.682470321655273
10.0,315109.0,-0.17717042565345764,-0.12271846830844879,29.53508758544922
10.0,315113.0,-0.17782340943813324,-0.12271846830844879,29.554052352905273
10.0,315117.0,-0.1784435361623764,-0.12118448317050934,29.392274856567383
10.0,315121.0,-0.17902258038520813,-0.12118448317050934,29.399038314819336
10.0,315126.0,-0.17970021069049835,-0.12118448317050934,29.40628433227539
10.0,315130.0,-0.1802012324333191,-0.12118448317050934,29.405315399169922
10.0,315136.0,-0.18088705837726593,-0.12118448317050934,29.401512145996094
10.0,315144.0,-0.1816919893026352,-0.12118448317050934,29.37991714477539
10.0,315148.0,-0.18213552236557007,-0.12118448317050934,29.366043090820312
10.0,315152.0,-0.18237371742725372,-0.12271846830844879,29.52719497680664
10.0,315159.0,-0.18287064135074615,-0.12271846830844879,29.49578857421875
10.0,315163.0,-0.18312114477157593,-0.12271846830844879,29.473634719848633
10.0,315169.0,-0.1834620088338852,-0.12425244599580765,29.61611557006836
10.0,315174.0,-0.18372485041618347,-0.1257864236831665,29.760549545288086
10.0,315180.0,-0.18406160175800323,-0.12732040882110596,29.91143035888672
10.0,315185.0,-0.18434496223926544,-0.12732040882110596,29.894563674926758
10.0,315189.0,-0.1845995932817459,-0.12732040882110596,29.884235382080078
10.0,315194.0,-0.18492402136325836,-0.1288543939590454,30.056074142456055
10.0,315199.0,-0.18537166714668274,-0.1288543939590454,30.30451202392578
10.0,315206.0,-0.1858808994293213,-0.12732040882110596,29.88860511779785
10.0,315210.0,-0.1862587332725525,-0.12732040882110596,29.901765823364258
10.0,315216.0,-0.18685831129550934,-0.12732040882110596,29.925626754760742
10.0,315221.0,-0.18749076128005981,-0.1257864236831665,29.775033950805664
10.0,315225.0,-0.18781930208206177,-0.1257864236831665,29.796924591064453
10.0,315229.0,-0.18824639916419983,-0.1257864236831665,29.811119079589844
10.0,315233.0,-0.18866530060768127,-0.12425244599580765,29.652238845825195
10.0,315237.0,-0.1890636533498764,-0.12425244599580765,29.670467376708984
10.0,315241.0,-0.1894414722919464,-0.12271846830844879,29.505098342895508
10.0,315245.0,-0.1898069828748703,-0.12271846830844879,29.516387939453125
10.0,315249.0,-0.19014373421669006,-0.12271846830844879,29.524131774902344
10.0,315253.0,-0.1904681771993637,-0.12118448317050934,29.35271644592285
10.0,315257.0,-0.19076797366142273,-0.12118448317050934,29.355010986328125
10.0,315261.0,-0.19104722142219543,-0.12118448317050934,29.35655975341797
10.0,315265.0,-0.1913059502840042,-0.12118448317050934,29.355966567993164
10.0,315269.0,-0.19154004752635956,-0.12118448317050934,29.352733612060547
10.0,315272.0,-0.1917618066072464,-0.12118448317050934,29.349523544311523
10.0,315278.0,-0.19200409948825836,-0.12118448317050934,29.33888053894043
10.0,315284.0,-0.19226694107055664,-0.12118448317050934,29.329200744628906
10.0,315289.0,-0.19245995581150055,-0.12118448317050934,29.3176212310791
10.0,315294.0,-0.19262833893299103,-0.12118448317050934,29.304235458374023
10.0,315300.0,-0.1927843987941742,-0.12118448317050934,29.28014373779297
10.0,315304.0,-0.19286653399467468,-0.12118448317050934,29.267133712768555
10.0,315308.0,-0.19292402267456055,-0.12271846830844879,29.427528381347656
10.0,315311.0,-0.19296099245548248,-0.12271846830844879,29.407489776611328
10.0,315316.0,-0.19299383461475372,-0.12271846830844879,29.386438369750977
10.0,315321.0,-0.19302669167518616,-0.12271846830844879,29.3653564453125
10.0,315326.0,-0.1930554360151291,-0.12271846830844879,29.348207473754883
10.0,315333.0,-0.19308419525623322,-0.12425244599580765,29.49944496154785
10.0,315337.0,-0.19310061633586884,-0.12425244599580765,29.48572540283203
10.0,315342.0,-0.19312115013599396,-0.12425244599580765,29.468568801879883
10.0,315350.0,-0.193170428276062,-0.12425244599580765,29.451448440551758
10.0,315353.0,-0.19319507479667664,-0.12425244599580765,29.44310760498047
10.0,315359.0,-0.19321970641613007,-0.12425244599580765,29.43219757080078
10.0,315364.0,-0.1932402402162552,-0.12425244599580765,29.42288589477539
10.0,315368.0,-0.193256676197052,-0.12425244599580765,29.414859771728516
10.0,315373.0,-0.19326899945735931,-0.12425244599580765,29.40818977355957
10.0,315378.0,-0.19327720999717712,-0.12425244599580765,29.399822235107422
10.0,315383.0,-0.19328130781650543,-0.12425244599580765,29.391530990600586
10.0,315387.0,-0.19328130781650543,-0.12425244599580765,29.38654136657715
10.0,315392.0,-0.19328130781650543,-0.12425244599580765,29.38131332397461
10.0,315397.0,-0.19328542053699493,-0.12271846830844879,29.199739456176758
10.0,315402.0,-0.19328542053699493,-0.12271846830844879,29.197111129760742
10.0,315408.0,-0.19328542053699493,-0.12271846830844879,29.19432258605957
10.0,315414.0,-0.19328542053699493,-0.12271846830844879,29.192840576171875
10.0,315418.0,-0.19328542053699493,-0.12118448317050934,28.765153884887695
10.0,315421.0,-0.19328542053699493,-0.12118448317050934,29.014820098876953
10.0,315425.0,-0.19328130781650543,-0.12118448317050934,29.0139102935791
10.0,315429.0,-0.19328130781650543,-0.12118448317050934,29.015865325927734
10.0,315433.0,-0.19328130781650543,-0.12118448317050934,29.017467498779297
10.0,315436.0,-0.19328130781650543,-0.11965050548315048,28.84154510498047
10.0,315441.0,-0.19328130781650543,-0.11965050548315048,28.844030380249023
10.0,315446.0,-0.19327720999717712,-0.11965050548315048,28.84715461730957
10.0,315450.0,-0.19327309727668762,-0.11811652034521103,28.67202377319336
10.0,315454.0,-0.19327309727668762,-0.11811652034521103,28.67544174194336
10.0,315459.0,-0.193256676197052,-0.11658254265785217,28.50200653076172
10.0,315463.0,-0.1932484656572342,-0.11658254265785217,28.50422477722168
10.0,315467.0,-0.19322793185710907,-0.11504856497049332,28.07969093322754
10.0,315472.0,-0.19320328533649445,-0.11504856497049332,28.33037567138672
10.0,315475.0,-0.1931745409965515,-0.11504856497049332,28.32973289489746
10.0,315481.0,-0.19309650361537933,-0.11351457983255386,28.149812698364258
10.0,315486.0,-0.19301027059555054,-0.11198060214519501,27.966773986816406
10.0,315492.0,-0.19286653399467468,-0.11198060214519501,27.954389572143555
10.0,315497.0,-0.19268172979354858,-0.11198060214519501,27.936859130859375
10.0,315503.0,-0.192406564950943,-0.11044661700725555,27.732698440551758
10.0,315509.0,-0.19208213686943054,-0.11044661700725555,27.700353622436523
10.0,315514.0,-0.1917618066072464,-0.11044661700725555,27.66890525817871
10.0,315520.0,-0.19133059680461884,-0.11044661700725555,27.635498046875
10.0,315524.0,-0.1910102665424347,-0.11044661700725555,27.59598159790039
10.0,315528.0,-0.19057084619998932,-0.11044661700725555,27.563100814819336
10.0,315533.0,-0.1900780349969864,-0.11044661700725555,27.515274047851562
10.0,315538.0,-0.18964681029319763,-0.11044661700725555,27.473838806152344
10.0,315541.0,-0.18930184841156006,-0.11044661700725555,27.429386138916016
10.0,315545.0,-0.18880082666873932,-0.11198060214519501,27.569087982177734
10.0,315549.0,-0.18826283514499664,-0.11198060214519501,27.518110275268555
10.0,315553.0,-0.18768788874149323,-0.11351457983255386,27.640111923217773
10.0,315559.0,-0.18678440153598785,-0.11504856497049332,27.985244750976562
10.0,315564.0,-0.18586036562919617,-0.11504856497049332,27.653348922729492
10.0,315569.0,-0.185248464345932,-0.11658254265785217,27.78125762939453
10.0,315574.0,-0.18446816504001617,-0.11811652034521103,27.884212493896484
10.0,315579.0,-0.18354825675487518,-0.11811652034521103,27.825883865356445
10.0,315584.0,-0.18276385962963104,-0.11965050548315048,27.944904327392578
10.0,315590.0,-0.18199999630451202,-0.12118448317050934,28.059316635131836
10.0,315597.0,-0.18081724643707275,-0.12118448317050934,27.99904441833496
10.0,315603.0,-0.17997947335243225,-0.12271846830844879,28.132104873657227
10.0,315609.0,-0.17935113608837128,-0.12271846830844879,28.103116989135742
10.0,315615.0,-0.1786365509033203,-0.12118448317050934,27.655202865600586
10.0,315621.0,-0.1779753565788269,-0.12118448317050934,27.887004852294922
10.0,315626.0,-0.177404522895813,-0.12118448317050934,27.872838973999023
10.0,315633.0,-0.1765872687101364,-0.12118448317050934,27.850326538085938
10.0,315638.0,-0.17588911950588226,-0.11965050548315048,27.653718948364258
10.0,315644.0,-0.1752813160419464,-0.11965050548315048,27.634429931640625
10.0,315649.0,-0.17467762529850006,-0.11811652034521103,27.434207916259766
10.0,315654.0,-0.17402875423431396,-0.11811652034521103,27.41404914855957
10.0,315658.0,-0.17348255217075348,-0.11811652034521103,27.386201858520508
10.0,315664.0,-0.17259958386421204,-0.11811652034521103,27.34260368347168
10.0,315668.0,-0.1718110889196396,-0.11811652034521103,27.308210372924805
10.0,315672.0,-0.17130184173583984,-0.11811652034521103,27.269302368164062
10.0,315676.0,-0.17059136927127838,-0.11811652034521103,27.226362228393555
10.0,315681.0,-0.16966325044631958,-0.11811652034521103,27.168115615844727
10.0,315687.0,-0.16848048567771912,-0.11965050548315048,27.271596908569336
10.0,315693.0,-0.16724435985088348,-0.11965050548315048,27.618858337402344
10.0,315698.0,-0.16617248952388763,-0.12118448317050934,27.301532745361328
10.0,315703.0,-0.164841890335083,-0.12271846830844879,27.408042907714844
10.0,315709.0,-0.16326899826526642,-0.12425244599580765,27.490413665771484
10.0,315715.0,-0.1621396243572235,-0.12425244599580765,27.42416000366211
10.0,315720.0,-0.16123203933238983,-0.1257864236831665,27.55019760131836
10.0,315727.0,-0.1596180647611618,-0.12732040882110596,27.62367057800293
10.0,315732.0,-0.15846405923366547,-0.12732040882110596,27.573612213134766
10.0,315735.0,-0.15754824876785278,-0.1288543939590454,27.704004287719727
10.0,315742.0,-0.15619301795959473,-0.1288543939590454,28.056262969970703
10.0,315747.0,-0.1548706293106079,-0.13038836419582367,27.758424758911133
10.0,315753.0,-0.15377824008464813,-0.13038836419582367,27.704133987426758
10.0,315759.0,-0.15228337049484253,-0.13192234933376312,27.833106994628906
10.0,315765.0,-0.15124845504760742,-0.13192234933376312,28.047607421875
10.0,315770.0,-0.15003696084022522,-0.13038836419582367,27.334928512573242
10.0,315776.0,-0.14883777499198914,-0.13038836419582367,27.549489974975586
10.0,315783.0,-0.14767146110534668,-0.13038836419582367,27.51915740966797
10.0,315788.0,-0.14668993651866913,-0.13038836419582367,27.490808486938477
10.0,315793.0,-0.14571252465248108,-0.13038836419582367,27.463573455810547
10.0,315797.0,-0.14491580426692963,-0.1288543939590454,27.016313552856445
10.0,315802.0,-0.14391376078128815,-0.1288543939590454,27.24188995361328
10.0,315805.0,-0.14307187497615814,-0.1288543939590454,27.213191986083984
10.0,315813.0,-0.1415359377861023,-0.1288543939590454,27.147174835205078
10.0,315819.0,-0.14015606045722961,-0.1288543939590454,27.09969139099121
10.0,315824.0,-0.13895277678966522,-0.1288543939590454,27.033262252807617
10.0,315830.0,-0.1374291628599167,-0.13038836419582367,27.149944305419922
10.0,315835.0,-0.13583983480930328,-0.13038836419582367,27.070350646972656
10.0,315841.0,-0.13419301807880402,-0.13192234933376312,27.162500381469727
10.0,315845.0,-0.133351132273674,-0.13345633447170258,27.281843185424805
10.0,315851.0,-0.13162218034267426,-0.13345633447170258,27.203495025634766
10.0,315857.0,-0.12957699596881866,-0.13499031960964203,27.276782989501953
10.0,315862.0,-0.12841477990150452,-0.1365242898464203,27.397205352783203
10.0,315866.0,-0.12725667655467987,-0.1365242898464203,27.75628662109375
10.0,315870.0,-0.12609855830669403,-0.13805827498435974,27.451175689697266
10.0,315875.0,-0.12464065849781036,-0.1395922601222992,27.57486915588379
10.0,315879.0,-0.12349897623062134,-0.1395922601222992,27.51481819152832
10.0,315883.0,-0.12236550450325012,-0.1395922601222992,27.468822479248047
10.0,315889.0,-0.12068993598222733,-0.14112623035907745,27.59157943725586
10.0,315894.0,-0.11928952485322952,-0.14112623035907745,27.955114364624023
10.0,315899.0,-0.11793018132448196,-0.1426602154970169,27.669696807861328
10.0,315904.0,-0.11657905578613281,-0.1426602154970169,27.615318298339844
10.0,315908.0,-0.11551950871944427,-0.1426602154970169,27.583742141723633
10.0,315912.0,-0.11446817219257355,-0.1426602154970169,27.552244186401367
10.0,315919.0,-0.11240246146917343,-0.1426602154970169,27.504682540893555
10.0,315923.0,-0.11138808727264404,-0.1426602154970169,27.47901153564453
10.0,315928.0,-0.11037782579660416,-0.1426602154970169,27.454879760742188
10.0,315932.0,-0.10936345160007477,-0.1426602154970169,27.422086715698242
10.0,315937.0,-0.1080903485417366,-0.1426602154970169,27.389739990234375
10.0,315943.0,-0.10656673461198807,-0.14112623035907745,27.173755645751953
10.0,315947.0,-0.10526899248361588,-0.14112623035907745,27.143007278442383
10.0,315953.0,-0.10392607748508453,-0.14112623035907745,27.089828491210938
10.0,315959.0,-0.10225462168455124,-0.14112623035907745,27.02971839904785
10.0,315965.0,-0.10052566975355148,-0.1426602154970169,27.401206970214844
10.0,315970.0,-0.09903490543365479,-0.1426602154970169,27.077110290527344
10.0,315976.0,-0.09719507396221161,-0.1426602154970169,27.011831283569336
10.0,315982.0,-0.09531006217002869,-0.14419420063495636,27.106718063354492
10.0,315986.0,-0.09402874857187271,-0.14419420063495636,27.049320220947266
10.0,315990.0,-0.09273100644350052,-0.1457281857728958,27.15140724182129
10.0,315994.0,-0.09139219671487808,-0.14726215600967407,27.53081512451172
10.0,315998.0,-0.09006571024656296,-0.14726215600967407,27.207544326782227
10.0,316002.0,-0.08873100578784943,-0.14879614114761353,27.324485778808594
10.0,316009.0,-0.0863819271326065,-0.15033012628555298,27.662973403930664
10.0,316016.0,-0.08401642739772797,-0.15186409652233124,27.48895263671875
10.0,316020.0,-0.08268582820892334,-0.15186409652233124,27.42055892944336
10.0,316024.0,-0.08135934174060822,-0.1533980816602707,27.546724319458008
10.0,316028.0,-0.07972484827041626,-0.1533980816602707,27.497955322265625
10.0,316034.0,-0.07813141494989395,-0.15493206679821014,27.612628936767578
10.0,316038.0,-0.07656673341989517,-0.15493206679821014,27.5726318359375
10.0,316042.0,-0.07533881068229675,-0.15493206679821014,27.53642463684082
10.0,316048.0,-0.07383162528276443,-0.15493206679821014,27.4951171875
10.0,316052.0,-0.07264476269483566,-0.15493206679821014,27.46500015258789
10.0,316055.0,-0.0714743360877037,-0.15493206679821014,27.437196731567383
10.0,316060.0,-0.07030800729990005,-0.15493206679821014,27.402034759521484
10.0,316064.0,-0.06914579123258591,-0.15493206679821014,27.3743953704834
10.0,316069.0,-0.06769198924303055,-0.15493206679821014,27.346654891967773
10.0,316075.0,-0.06596303731203079,-0.15493206679821014,27.306875228881836
10.0,316079.0,-0.06479671597480774,-0.15493206679821014,27.271120071411133
10.0,316085.0,-0.06304311752319336,-0.15493206679821014,27.234699249267578
10.0,316091.0,-0.061268992722034454,-0.15493206679821014,27.187305450439453
10.0,316096.0,-0.05978644639253616,-0.1533980816602707,26.9593505859375
10.0,316101.0,-0.058250512927770615,-0.1533980816602707,26.919776916503906
10.0,316106.0,-0.05667351186275482,-0.15493206679821014,27.043819427490234
10.0,316112.0,-0.05472689867019653,-0.15493206679821014,26.960533142089844
10.0,316116.0,-0.05340041220188141,-0.15493206679821014,26.906585693359375
10.0,316120.0,-0.05203285440802574,-0.1564660519361496,27.02971649169922
10.0,316126.0,-0.04995482414960861,-0.1564660519361496,26.939367294311523
10.0,316131.0,-0.04816427081823349,-0.15800002217292786,27.039918899536133
10.0,316137.0,-0.04599589481949806,-0.1595340073108673,27.137310028076172
10.0,316143.0,-0.04380287602543831,-0.16106799244880676,27.2197322845459
10.0,316149.0,-0.04158932343125343,-0.16260196268558502,27.30048370361328
10.0,316154.0,-0.03974127396941185,-0.16413594782352448,27.38496208190918
10.0,316161.0,-0.03716632351279259,-0.16566993296146393,27.4710636138916
10.0,316165.0,-0.03570431098341942,-0.1672039031982422,27.8397159576416
10.0,316171.0,-0.033540040254592896,-0.1672039031982422,27.509992599487305
10.0,316176.0,-0.031425051391124725,-0.16873788833618164,27.61409568786621
10.0,316183.0,-0.029355235397815704,-0.1702718734741211,27.7262020111084
10.0,316188.0,-0.027363449335098267,-0.1702718734741211,27.673351287841797
10.0,316193.0,-0.026094455271959305,-0.1702718734741211,27.646595001220703
10.0,316198.0,-0.024537988007068634,-0.1702718734741211,27.608478546142578
10.0,316204.0,-0.022722791880369186,-0.1702718734741211,27.5843563079834
10.0,316209.0,-0.021248459815979004,-0.1702718734741211,27.55811309814453
10.0,316215.0,-0.01949486695230007,-0.16873788833618164,27.354795455932617
10.0,316221.0,-0.01777002029120922,-0.16873788833618164,27.329195022583008
10.0,316227.0,-0.016032854095101357,-0.1672039031982422,27.125286102294922
10.0,316231.0,-0.014874743297696114,-0.1672039031982422,27.103458404541016
10.0,316235.0,-0.013679671101272106,-0.1672039031982422,27.077346801757812
10.0,316239.0,-0.012480492703616619,-0.1672039031982422,27.050281524658203
10.0,316243.0,-0.011256673373281956,-0.1672039031982422,27.018009185791016
10.0,316247.0,-0.009704312309622765,-0.1672039031982422,26.986892700195312
10.0,316252.0,-0.008431211113929749,-0.1672039031982422,26.946809768676758
10.0,316256.0,-0.007117043249309063,-0.1672039031982422,26.903488159179688
10.0,316261.0,-0.005462012253701687,-0.1672039031982422,26.83406639099121
10.0,316266.0,-0.0037289527244865894,-0.16873788833618164,26.944133758544922
10.0,316272.0,-0.0012484599137678742,-0.16873788833618164,26.856382369995117
10.0,316276.0,-0.00015605748922098428,-0.1702718734741211,26.97222328186035
10.0,316282.0,0.002402464160695672,-0.17180585861206055,27.060117721557617
10.0,316289.0,0.004648870788514614,-0.1733398288488388,27.14067268371582
10.0,316294.0,0.006517453584820032,-0.17487381398677826,27.22148895263672
10.0,316299.0,0.008780287578701973,-0.1764077991247177,27.322092056274414
10.0,316305.0,0.010648870840668678,-0.17794176936149597,27.40866470336914
10.0,316311.0,0.012870636768639088,-0.17794176936149597,27.338117599487305
10.0,316316.0,0.014710471965372562,-0.17947575449943542,27.430742263793945
10.0,316322.0,0.016862422227859497,-0.18100973963737488,27.551467895507812
10.0,316326.0,0.018275154754519463,-0.18100973963737488,27.50440216064453
10.0,316330.0,0.019667351618409157,-0.18254372477531433,27.6300106048584
10.0,316334.0,0.021018480882048607,-0.18254372477531433,27.603418350219727
10.0,316339.0,0.02266119047999382,-0.18254372477531433,27.563514709472656
10.0,316344.0,0.02424640581011772,-0.18254372477531433,27.52439308166504
10.0,316350.0,0.026123203337192535,-0.18254372477531433,27.490161895751953
10.0,316356.0,0.027946611866354942,-0.18254372477531433,27.45783233642578
10.0,316362.0,0.029749486595392227,-0.18254372477531433,27.429744720458984
10.0,316370.0,0.03213962912559509,-0.18254372477531433,27.387985229492188
10.0,316376.0,0.03390965238213539,-0.18254372477531433,27.358064651489258
10.0,316386.0,0.03688706457614899,-0.18100973963737488,27.126962661743164
10.0,316390.0,0.038114991039037704,-0.18100973963737488,27.08986473083496
10.0,316397.0,0.040287476032972336,-0.18254372477531433,27.211519241333008
10.0,316401.0,0.041868582367897034,-0.18254372477531433,27.175050735473633
10.0,316406.0,0.04315400496125221,-0.18254372477531433,27.135234832763672
10.0,316410.0,0.04445585235953331,-0.18254372477531433,27.086105346679688
10.0,316415.0,0.04641067609190941,-0.18254372477531433,27.031774520874023
10.0,316420.0,0.047749485820531845,-0.1840776950120926,27.15133285522461
10.0,316427.0,0.05011909827589989,-0.18561168015003204,27.244285583496094
10.0,316432.0,0.05216837674379349,-0.18561168015003204,27.183544158935547
10.0,316438.0,0.05388500913977623,-0.1871456652879715,27.297405242919922
10.0,316445.0,0.05628747493028641,-0.18867963552474976,27.638059616088867
10.0,316449.0,0.05765092372894287,-0.18867963552474976,27.32809066772461
10.0,316455.0,0.05970020592212677,-0.1902136206626892,27.448013305664062
10.0,316461.0,0.06172895431518555,-0.19174760580062866,27.5455322265625
10.0,316465.0,0.06305544078350067,-0.19174760580062866,27.50456428527832
10.0,316470.0,0.0650390163064003,-0.19174760580062866,27.453346252441406
10.0,316476.0,0.06664887070655823,-0.19328159093856812,27.577409744262695
10.0,316483.0,0.06885010004043579,-0.19328159093856812,27.53070831298828
10.0,316489.0,0.07068583369255066,-0.19328159093856812,27.486902236938477
10.0,316494.0,0.07217248529195786,-0.19328159093856812,27.45896339416504
10.0,316499.0,0.07364270836114883,-0.19328159093856812,27.424665451049805
10.0,316505.0,0.07537166029214859,-0.19328159093856812,27.39751625061035
10.0,316511.0,0.07710883021354675,-0.19328159093856812,27.362478256225586
10.0,316517.0,0.07881724834442139,-0.19328159093856812,27.324018478393555
10.0,316523.0,0.08053388446569443,-0.19328159093856812,27.288610458374023
10.0,316529.0,0.082271046936512,-0.19328159093856812,27.253665924072266
10.0,316534.0,0.08372484892606735,-0.19481556117534637,27.390689849853516
10.0,316540.0,0.08547433465719223,-0.19481556117534637,27.345808029174805
10.0,316545.0,0.0869363471865654,-0.19481556117534637,27.309677124023438
10.0,316549.0,0.08810266852378845,-0.19481556117534637,27.27819061279297
10.0,316553.0,0.08927720785140991,-0.19481556117534637,27.24941062927246
10.0,316559.0,0.09102669358253479,-0.19481556117534637,27.208498001098633
10.0,316563.0,0.09220944344997406,-0.19634954631328583,27.34295082092285
10.0,316567.0,0.09368788450956345,-0.19634954631328583,27.310352325439453
10.0,316572.0,0.09488295763731003,-0.19634954631328583,27.27345848083496
10.0,316578.0,0.09665708243846893,-0.19788353145122528,27.390172958374023
10.0,316582.0,0.09786447882652283,-0.19788353145122528,27.350276947021484
10.0,316589.0,0.09997124969959259,-0.19941750168800354,27.47137451171875
10.0,316594.0,0.10148254781961441,-0.19941750168800354,27.423297882080078
10.0,316599.0,0.10326077789068222,-0.200951486825943,27.547121047973633
10.0,316607.0,0.10531416535377502,-0.200951486825943,27.480867385864258
10.0,316612.0,0.10675564408302307,-0.20248547196388245,27.62626838684082
10.0,316618.0,0.10843121260404587,-0.20248547196388245,27.586109161376953
10.0,316623.0,0.11010677367448807,-0.20248547196388245,27.544004440307617
10.0,316627.0,0.11118686199188232,-0.20248547196388245,27.520776748657227
10.0,316631.0,0.11227104812860489,-0.20248547196388245,27.49552345275879
10.0,316639.0,0.11412320286035538,-0.2040194571018219,27.884429931640625
10.0,316643.0,0.11519917845726013,-0.2040194571018219,27.608318328857422
10.0,316647.0,0.11626283079385757,-0.2040194571018219,27.580928802490234
10.0,316653.0,0.11809034645557404,-0.2040194571018219,27.545427322387695
10.0,316660.0,0.11962217837572098,-0.2040194571018219,27.510957717895508
10.0,316665.0,0.12117453664541245,-0.2040194571018219,27.479963302612305
10.0,316672.0,0.12269404530525208,-0.2040194571018219,27.44864273071289
10.0,316678.0,0.12421765923500061,-0.2040194571018219,27.414411544799805
10.0,316684.0,0.12572073936462402,-0.20555342733860016,27.552000045776367
10.0,316689.0,0.1269979476928711,-0.20555342733860016,27.52284049987793
10.0,316694.0,0.12823818624019623,-0.20555342733860016,27.495121002197266
10.0,316700.0,0.12972895801067352,-0.20555342733860016,27.467248916625977
10.0,316704.0,0.13070636987686157,-0.20555342733860016,27.445669174194336
10.0,316710.0,0.13220533728599548,-0.2070874124765396,27.578092575073242
10.0,316716.0,0.13369199633598328,-0.2070874124765396,27.54792594909668
10.0,316720.0,0.13467350602149963,-0.2070874124765396,27.517221450805664
10.0,316726.0,0.13638192415237427,-0.20862139761447906,27.6596736907959
10.0,316733.0,0.13785625994205475,-0.20862139761447906,27.614187240600586
10.0,316738.0,0.13905544579029083,-0.20862139761447906,27.58594512939453
10.0,316743.0,0.1402299851179123,-0.20862139761447906,27.565629959106445
10.0,316753.0,0.14254209399223328,-0.21015536785125732,27.68609046936035
10.0,316757.0,0.14370431005954742,-0.21015536785125732,27.663667678833008
10.0,316762.0,0.1446201205253601,-0.21015536785125732,27.637664794921875
10.0,316769.0,0.1461848020553589,-0.21015536785125732,27.6114559173584
10.0,316774.0,0.1475071907043457,-0.21015536785125732,27.583698272705078
10.0,316780.0,0.1486119031906128,-0.21015536785125732,27.553815841674805
10.0,316784.0,0.14971663057804108,-0.21168935298919678,27.71125030517578
10.0,316789.0,0.1505872756242752,-0.21168935298919678,27.693492889404297
10.0,316792.0,0.15143325924873352,-0.21168935298919678,27.677688598632812
10.0,316796.0,0.1520574986934662,-0.21168935298919678,27.663429260253906
10.0,316800.0,0.1530841886997223,-0.21168935298919678,27.648698806762695
10.0,316804.0,0.15391375124454498,-0.21168935298919678,27.632022857666016
10.0,316809.0,0.15473921597003937,-0.21168935298919678,27.615205764770508
10.0,316815.0,0.15595893561840057,-0.21168935298919678,27.586721420288086
10.0,316819.0,0.15676796436309814,-0.21168935298919678,27.573026657104492
10.0,316823.0,0.157753586769104,-0.21168935298919678,27.558622360229492
10.0,316828.0,0.15855851769447327,-0.21322333812713623,27.718271255493164
10.0,316832.0,0.15935933589935303,-0.21322333812713623,27.700685501098633
10.0,316835.0,0.16015605628490448,-0.21322333812713623,27.682987213134766
10.0,316841.0,0.16135112941265106,-0.21322333812713623,27.656078338623047
10.0,316848.0,0.1625133454799652,-0.21322333812713623,27.62669563293457
10.0,316854.0,0.16366323828697205,-0.21475732326507568,27.786636352539062
10.0,316860.0,0.16482135653495789,-0.21475732326507568,27.753936767578125
10.0,316866.0,0.16615605354309082,-0.21475732326507568,27.728271484375
10.0,316871.0,0.16691991686820984,-0.21475732326507568,27.70631217956543
10.0,316877.0,0.1681971251964569,-0.21629129350185394,27.86288833618164
10.0,316883.0,0.16907186806201935,-0.21629129350185394,27.849754333496094
10.0,316889.0,0.1700616031885147,-0.21629129350185394,27.840322494506836
10.0,316893.0,0.17072279751300812,-0.21629129350185394,27.829374313354492
10.0,316897.0,0.1715277135372162,-0.21629129350185394,27.824060440063477
10.0,316903.0,0.17230801284313202,-0.21629129350185394,27.816852569580078
10.0,316906.0,0.17291581630706787,-0.21629129350185394,27.813282012939453
10.0,316911.0,0.1734948605298996,-0.21629129350185394,27.811487197875977
10.0,316917.0,0.17450512945652008,-0.21475732326507568,27.631391525268555
10.0,316925.0,0.17551951110363007,-0.21475732326507568,27.620311737060547
10.0,316929.0,0.17612731456756592,-0.21475732326507568,27.61019515991211
10.0,316933.0,0.17673511803150177,-0.21475732326507568,27.599300384521484
10.0,316937.0,0.17753593623638153,-0.21629129350185394,28.00461769104004
10.0,316941.0,0.1781683713197708,-0.21629129350185394,27.740217208862305
10.0,316945.0,0.17879261076450348,-0.21629129350185394,27.724943161010742
10.0,316952.0,0.17972895503044128,-0.21629129350185394,27.69820785522461
10.0,316958.0,0.18080903589725494,-0.2178252786397934,27.85088348388672
10.0,316964.0,0.18174126744270325,-0.2178252786397934,27.825471878051758
10.0,316969.0,0.1823655068874359,-0.2178252786397934,27.802780151367188
10.0,316975.0,0.1832813173532486,-0.21935926377773285,27.956104278564453
10.0,316979.0,0.18387268483638763,-0.21935926377773285,27.942138671875
10.0,316983.0,0.18443942070007324,-0.21935926377773285,27.932443618774414
10.0,316987.0,0.1852443516254425,-0.2208932340145111,28.34947395324707
10.0,316996.0,0.18614783883094788,-0.2208932340145111,28.088733673095703
10.0,317000.0,0.1866365522146225,-0.2208932340145111,28.08257293701172
10.0,317005.0,0.18723203241825104,-0.2208932340145111,28.081588745117188
10.0,317009.0,0.1876714527606964,-0.2208932340145111,28.081512451171875
10.0,317015.0,0.1883162260055542,-0.2208932340145111,28.083829879760742
10.0,317019.0,0.18871457874774933,-0.2208932340145111,28.090272903442383
10.0,317023.0,0.18909239768981934,-0.2208932340145111,28.096532821655273
10.0,317027.0,0.1895318329334259,-0.21935926377773285,27.92711067199707
10.0,317033.0,0.19000820815563202,-0.21935926377773285,27.944643020629883
10.0,317038.0,0.19032032787799835,-0.21935926377773285,27.954355239868164
10.0,317044.0,0.19076386094093323,-0.21935926377773285,27.970834732055664
10.0,317050.0,0.1912032812833786,-0.2178252786397934,27.808130264282227
10.0,317055.0,0.1915852129459381,-0.2178252786397934,27.812320709228516
10.0,317059.0,0.19198356568813324,-0.2178252786397934,27.815244674682617
10.0,317065.0,0.192406564950943,-0.2178252786397934,27.811538696289062
10.0,317071.0,0.19294455647468567,-0.2178252786397934,27.802310943603516
10.0,317075.0,0.19342094659805298,-0.2178252786397934,27.788511276245117
10.0,317081.0,0.1939958930015564,-0.2178252786397934,27.772323608398438
10.0,317087.0,0.19449281692504883,-0.21935926377773285,27.928638458251953
10.0,317093.0,0.19507186114788055,-0.21935926377773285,27.91251564025879
10.0,317099.0,0.19563859701156616,-0.2208932340145111,28.073556900024414
10.0,317104.0,0.19616837799549103,-0.2208932340145111,28.06284523010254
10.0,317111.0,0.19668172299861908,-0.2208932340145111,28.050586700439453
10.0,317118.0,0.19723203778266907,-0.22242721915245056,28.2176456451416
10.0,317123.0,0.19758932292461395,-0.22242721915245056,28.218135833740234
10.0,317127.0,0.1979137510061264,-0.22242721915245056,28.218042373657227
10.0,317132.0,0.19817247986793518,-0.22242721915245056,28.217954635620117
10.0,317136.0,0.19841478765010834,-0.22242721915245056,28.219362258911133
10.0,317141.0,0.1987515389919281,-0.22242721915245056,28.22321319580078
10.0,317147.0,0.19901026785373688,-0.22396120429039001,28.407075881958008
10.0,317152.0,0.19926078617572784,-0.22396120429039001,28.412017822265625
10.0,317158.0,0.1995030790567398,-0.22396120429039001,28.423267364501953
10.0,317163.0,0.19966325163841248,-0.22396120429039001,28.440961837768555
10.0,317168.0,0.19979055225849152,-0.22242721915245056,28.276954650878906
10.0,317172.0,0.19988089799880981,-0.22242721915245056,28.292858123779297
10.0,317176.0,0.1999671459197998,-0.22242721915245056,28.306516647338867
10.0,317183.0,0.20009034872055054,-0.22242721915245056,28.330501556396484
10.0,317188.0,0.2001519501209259,-0.22242721915245056,28.3470458984375
10.0,317192.0,0.20019301772117615,-0.22242721915245056,28.36613655090332
10.0,317197.0,0.20021355152130127,-0.2208932340145111,28.209976196289062
10.0,317201.0,0.20021766424179077,-0.2208932340145111,28.226470947265625
10.0,317205.0,0.20022176206111908,-0.2208932340145111,28.24034881591797
10.0,317209.0,0.2002299726009369,-0.2208932340145111,28.2545166015625
10.0,317214.0,0.2002299726009369,-0.2208932340145111,28.26899528503418
10.0,317221.0,0.2002340853214264,-0.2208932340145111,28.289766311645508
10.0,317229.0,0.2002340853214264,-0.21935926377773285,27.885356903076172
10.0,317237.0,0.2002422958612442,-0.21935926377773285,28.149330139160156
10.0,317245.0,0.2002546191215515,-0.2208932340145111,28.339698791503906
10.0,317249.0,0.2002546191215515,-0.2208932340145111,28.345182418823242
10.0,317253.0,0.2002546191215515,-0.2208932340145111,28.349918365478516
10.0,317257.0,0.2002546191215515,-0.2208932340145111,28.353927612304688
10.0,317269.0,0.2002546191215515,-0.2208932340145111,28.361473083496094
10.0,317273.0,0.2002546191215515,-0.22242721915245056,28.541290283203125
10.0,317278.0,0.2002546191215515,-0.22242721915245056,28.542213439941406
10.0,317283.0,0.2002546191215515,-0.22242721915245056,28.542322158813477
10.0,317287.0,0.2002546191215515,-0.22242721915245056,28.541893005371094
10.0,317291.0,0.2002546191215515,-0.22396120429039001,28.718914031982422
10.0,317295.0,0.2002546191215515,-0.22396120429039001,28.717464447021484
10.0,317299.0,0.2002546191215515,-0.22396120429039001,28.715538024902344
10.0,317303.0,0.200250506401062,-0.22549518942832947,28.89169692993164
10.0,317306.0,0.200250506401062,-0.22549518942832947,28.889265060424805
10.0,317312.0,0.2002340853214264,-0.22549518942832947,28.88698387145996
10.0,317316.0,0.20022176206111908,-0.22702915966510773,29.063674926757812
10.0,317320.0,0.20021355152130127,-0.22702915966510773,29.060548782348633
10.0,317324.0,0.20019713044166565,-0.22856314480304718,29.235477447509766
10.0,317329.0,0.20017659664154053,-0.22856314480304718,29.232568740844727
10.0,317333.0,0.2001519501209259,-0.23009712994098663,29.657814025878906
10.0,317337.0,0.20011088252067566,-0.23009712994098663,29.407365798950195
10.0,317342.0,0.2000657021999359,-0.2316311001777649,29.835346221923828
10.0,317346.0,0.20000000298023224,-0.2316311001777649,29.58936882019043
10.0,317351.0,0.19988501071929932,-0.2316311001777649,29.597944259643555
10.0,317355.0,0.1997741311788559,-0.23316508531570435,29.783061981201172
10.0,317359.0,0.1995934247970581,-0.23316508531570435,29.799409866333008
10.0,317364.0,0.19941683113574982,-0.23316508531570435,29.814895629882812
10.0,317368.0,0.1992114931344986,-0.2346990704536438,30.013153076171875
10.0,317373.0,0.19891992211341858,-0.2346990704536438,30.0396671295166
10.0,317378.0,0.19859547913074493,-0.2346990704536438,30.076147079467773
10.0,317384.0,0.19813963770866394,-0.2346990704536438,30.121204376220703
10.0,317389.0,0.19770841300487518,-0.2346990704536438,30.162967681884766
10.0,317395.0,0.19713757932186127,-0.2346990704536438,30.209177017211914
10.0,317401.0,0.19648459553718567,-0.23316508531570435,30.104312896728516
10.0,317406.0,0.19587679207324982,-0.23316508531570435,30.152498245239258
10.0,317411.0,0.1952156126499176,-0.23316508531570435,30.228843688964844
10.0,317417.0,0.19434908032417297,-0.2316311001777649,30.133947372436523
10.0,317423.0,0.1934250444173813,-0.23009712994098663,30.026142120361328
10.0,317429.0,0.19245995581150055,-0.22856314480304718,29.933509826660156
10.0,317435.0,0.19133880734443665,-0.22702915966510773,29.598466873168945
10.0,317441.0,0.19053798913955688,-0.22702915966510773,29.91044044494629
10.0,317446.0,0.18974947929382324,-0.22549518942832947,29.790639877319336
10.0,317452.0,0.188788503408432,-0.22396120429039001,29.680360794067383
10.0,317456.0,0.18816016614437103,-0.22396120429039001,29.722408294677734
10.0,317460.0,0.1873798817396164,-0.22242721915245056,29.34400177001953
10.0,317464.0,0.18693634867668152,-0.22242721915245056,29.62636947631836
10.0,317469.0,0.18620122969150543,-0.22242721915245056,29.657602310180664
10.0,317473.0,0.18564270436763763,-0.22242721915245056,29.6875057220459
10.0,317477.0,0.18497741222381592,-0.22242721915245056,29.71080780029297
10.0,317482.0,0.1843121200799942,-0.22242721915245056,29.736690521240234
10.0,317487.0,0.18379466235637665,-0.22242721915245056,29.758607864379883
10.0,317491.0,0.1832731068134308,-0.22242721915245056,29.778356552124023
10.0,317497.0,0.18249280750751495,-0.22242721915245056,29.801603317260742
10.0,317501.0,0.1819876730442047,-0.22242721915245056,29.817609786987305
10.0,317505.0,0.18148255348205566,-0.22396120429039001,30.00971794128418
10.0,317509.0,0.18098972737789154,-0.22396120429039001,30.020261764526367
10.0,317514.0,0.18024230003356934,-0.22396120429039001,30.036706924438477
10.0,317519.0,0.1797330528497696,-0.22549518942832947,30.228090286254883
10.0,317525.0,0.17892402410507202,-0.22549518942832947,30.256258010864258
10.0,317531.0,0.17804516851902008,-0.22549518942832947,30.29927635192871
10.0,317535.0,0.1774086207151413,-0.22702915966510773,30.082904815673828
10.0,317541.0,0.1763942539691925,-0.22702915966510773,30.136959075927734
10.0,317547.0,0.17531417310237885,-0.22549518942832947,30.444435119628906
10.0,317553.0,0.17418891191482544,-0.22549518942832947,30.510507583618164
10.0,317559.0,0.172763854265213,-0.22396120429039001,30.407024383544922
10.0,317564.0,0.17188501358032227,-0.22396120429039001,30.477886199951172
10.0,317569.0,0.17074333131313324,-0.22242721915245056,30.374340057373047
10.0,317573.0,0.1695728898048401,-0.22242721915245056,30.434370040893555
10.0,317578.0,0.1686447709798813,-0.2208932340145111,30.327598571777344
10.0,317582.0,0.16769199073314667,-0.2208932340145111,30.386274337768555
10.0,317586.0,0.16672690212726593,-0.21935926377773285,30.26570701599121
10.0,317591.0,0.16551539301872253,-0.2178252786397934,29.894697189331055
10.0,317594.0,0.16453388333320618,-0.2178252786397934,30.2015380859375
10.0,317599.0,0.16356056928634644,-0.21629129350185394,30.076644897460938
10.0,317605.0,0.16211499273777008,-0.21629129350185394,30.15288734436035
10.0,317611.0,0.16067351400852203,-0.21475732326507568,30.0570011138916
10.0,317615.0,0.15973716974258423,-0.21322333812713623,29.922313690185547
10.0,317619.0,0.15880492329597473,-0.21322333812713623,29.96257209777832
10.0,317623.0,0.15789732336997986,-0.21322333812713623,29.997020721435547
10.0,317628.0,0.15678028762340546,-0.21322333812713623,30.041507720947266
10.0,317632.0,0.1558891236782074,-0.21322333812713623,30.073368072509766
10.0,317636.0,0.15501026809215546,-0.21322333812713623,30.352272033691406
10.0,317641.0,0.15390965342521667,-0.21168935298919678,29.706317901611328
10.0,317645.0,0.15306365489959717,-0.21322333812713623,30.16450309753418
10.0,317649.0,0.15200410783290863,-0.21322333812713623,30.188255310058594
10.0,317654.0,0.15117454528808594,-0.21322333812713623,30.209341049194336
10.0,317658.0,0.1501108855009079,-0.21322333812713623,30.24175453186035
10.0,317663.0,0.14924024045467377,-0.21322333812713623,30.26949119567871
10.0,317667.0,0.1481437385082245,-0.21322333812713623,30.304513931274414
10.0,317672.0,0.14724846184253693,-0.21322333812713623,30.333879470825195
10.0,317675.0,0.14634497463703156,-0.21322333812713623,30.365571975708008
10.0,317686.0,0.14399999380111694,-0.21322333812713623,30.46219825744629
10.0,317691.0,0.1427597552537918,-0.21322333812713623,30.504852294921875
10.0,317695.0,0.14174537360668182,-0.21322333812713623,30.54814338684082
10.0,317699.0,0.1407145857810974,-0.21168935298919678,30.428720474243164
10.0,317703.0,0.13937577605247498,-0.21168935298919678,30.47719383239746
10.0,317708.0,0.13829979300498962,-0.21168935298919678,30.526906967163086
10.0,317712.0,0.13718275725841522,-0.21015536785125732,30.153955459594727
10.0,317716.0,0.13605749607086182,-0.21015536785125732,30.468055725097656
10.0,317720.0,0.1349322348833084,-0.20862139761447906,30.096302032470703
10.0,317724.0,0.13376592099666595,-0.20862139761447906,30.403167724609375
10.0,317729.0,0.13230390846729279,-0.20862139761447906,30.457134246826172
10.0,317733.0,0.1311047226190567,-0.2070874124765396,30.339941024780273
10.0,317737.0,0.1298973262310028,-0.2070874124765396,30.409908294677734
10.0,317741.0,0.12871047854423523,-0.20555342733860016,30.28715705871582
10.0,317746.0,0.12717042863368988,-0.2040194571018219,30.184179306030273
10.0,317751.0,0.12566734850406647,-0.2040194571018219,30.236244201660156
10.0,317755.0,0.12445174902677536,-0.20248547196388245,30.12667465209961
10.0,317759.0,0.12325667589902878,-0.20248547196388245,30.181821823120117
10.0,317765.0,0.1215030774474144,-0.200951486825943,30.053110122680664
10.0,317769.0,0.12033265084028244,-0.200951486825943,30.10291862487793
10.0,317773.0,0.11920738965272903,-0.200951486825943,30.141986846923828
10.0,317777.0,0.1177782341837883,-0.200951486825943,30.182004928588867
10.0,317782.0,0.11667351424694061,-0.19941750168800354,29.786664962768555
10.0,317786.0,0.11554825305938721,-0.19941750168800354,30.074050903320312
10.0,317790.0,0.11443942785263062,-0.19941750168800354,30.111120223999023
10.0,317794.0,0.11337166279554367,-0.19941750168800354,30.139989852905273
10.0,317798.0,0.11202464252710342,-0.19941750168800354,30.16675567626953
10.0,317802.0,0.1109733060002327,-0.19941750168800354,29.942169189453125
10.0,317806.0,0.11016426980495453,-0.200951486825943,30.401504516601562
10.0,317811.0,0.10852567106485367,-0.200951486825943,30.43829345703125
10.0,317818.0,0.10685831308364868,-0.200951486825943,30.489953994750977
10.0,317822.0,0.10573305934667587,-0.200951486825943,30.523422241210938
10.0,317826.0,0.10459137707948685,-0.19941750168800354,30.13484764099121
10.0,317838.0,0.1007310077548027,-0.19941750168800354,30.523468017578125
10.0,317842.0,0.0995195060968399,-0.19941750168800354,30.566612243652344
10.0,317846.0,0.09829568862915039,-0.19941750168800354,30.613433837890625
10.0,317851.0,0.09702669084072113,-0.19788353145122528,30.237707138061523
10.0,317855.0,0.09577823430299759,-0.19788353145122528,30.546600341796875
10.0,317860.0,0.09415605664253235,-0.19788353145122528,30.603527069091797
10.0,317863.0,0.0931745395064354,-0.19634954631328583,30.47825050354004
10.0,317867.0,0.09153593331575394,-0.19634954631328583,30.5338077545166
10.0,317871.0,0.09052977710962296,-0.19481556117534637,30.162893295288086
10.0,317875.0,0.08920739591121674,-0.19481556117534637,30.46703338623047
10.0,317881.0,0.08719096332788467,-0.19328159093856812,30.3582820892334
10.0,317887.0,0.08518686145544052,-0.19328159093856812,30.436321258544922
10.0,317893.0,0.08319096267223358,-0.19174760580062866,30.35020637512207
10.0,317899.0,0.08120739459991455,-0.19174760580062866,30.420822143554688
10.0,317906.0,0.07889938354492188,-0.1902136206626892,30.324630737304688
10.0,317911.0,0.07728131115436554,-0.1902136206626892,30.368793487548828
10.0,317915.0,0.07565092295408249,-0.1902136206626892,30.422548294067383
10.0,317921.0,0.07403696328401566,-0.18867963552474976,30.048503875732422
10.0,317925.0,0.0723983570933342,-0.18867963552474976,30.353322982788086
10.0,317931.0,0.07076796889305115,-0.18867963552474976,30.420244216918945
10.0,317939.0,0.06813141703605652,-0.1871456652879715,30.31834602355957
10.0,317944.0,0.06647638231515884,-0.1871456652879715,30.374792098999023
10.0,317953.0,0.06349076330661774,-0.18561168015003204,30.306007385253906
10.0,317957.0,0.061839837580919266,-0.18561168015003204,30.348936080932617
10.0,317966.0,0.059211499989032745,-0.18561168015003204,30.43252182006836
10.0,317970.0,0.05788500979542732,-0.18561168015003204,30.484609603881836
10.0,317974.0,0.05657084286212921,-0.18561168015003204,30.526689529418945
10.0,317979.0,0.05455852299928665,-0.1840776950120926,30.405229568481445
10.0,317983.0,0.05321560427546501,-0.1840776950120926,30.44927978515625
10.0,317988.0,0.051868584007024765,-0.1840776950120926,30.493602752685547
10.0,317993.0,0.05018480494618416,-0.1840776950120926,30.559513092041016
10.0,318001.0,0.047096509486436844,-0.18254372477531433,30.478052139282227
10.0,318010.0,0.04434496909379959,-0.18100973963737488,30.40515899658203
10.0,318019.0,0.04121971130371094,-0.18100973963737488,30.513874053955078
10.0,318027.0,0.03843531757593155,-0.17947575449943542,30.430618286132812
10.0,318031.0,0.037034906446933746,-0.17947575449943542,30.478635787963867
10.0,318035.0,0.035646818578243256,-0.17794176936149597,30.346622467041016
10.0,318041.0,0.03355235978960991,-0.17794176936149597,30.405954360961914
10.0,318046.0,0.031806983053684235,-0.17794176936149597,30.47469139099121
10.0,318051.0,0.030053388327360153,-0.1764077991247177,30.343910217285156
10.0,318056.0,0.028303900733590126,-0.1764077991247177,30.413005828857422
10.0,318063.0,0.025864476338028908,-0.17487381398677826,30.05301856994629
10.0,318067.0,0.024464065209031105,-0.17487381398677826,30.357900619506836
10.0,318073.0,0.02238192968070507,-0.17487381398677826,30.423337936401367
10.0,318079.0,0.020316222682595253,-0.1733398288488388,30.308202743530273
10.0,318085.0,0.0182628333568573,-0.1733398288488388,30.366287231445312
10.0,318091.0,0.01624229922890663,-0.1733398288488388,30.42263412475586
10.0,318096.0,0.014562628231942654,-0.1733398288488388,30.46910858154297
10.0,318101.0,0.012870636768639088,-0.1733398288488388,30.508827209472656
10.0,318106.0,0.011190964840352535,-0.1733398288488388,30.564075469970703
10.0,318112.0,0.009141683578491211,-0.17180585861206055,30.44830322265625
10.0,318118.0,0.007096509449183941,-0.17180585861206055,30.508474349975586
10.0,318124.0,0.0050513348542153835,-0.17180585861206055,30.57005500793457
10.0,318129.0,0.003322381991893053,-0.1702718734741211,30.445653915405273
10.0,318133.0,0.0019301847787573934,-0.1702718734741211,30.49110221862793
10.0,318137.0,0.0002012320328503847,-0.1702718734741211,30.532442092895508
10.0,318142.0,-0.0011868582805618644,-0.1702718734741211,30.577417373657227
10.0,318146.0,-0.0025913757272064686,-0.1702718734741211,30.205772399902344
10.0,318150.0,-0.004353182855993509,-0.16873788833618164,30.50253677368164
10.0,318154.0,-0.005420944653451443,-0.16873788833618164,30.55142593383789
10.0,318158.0,-0.0072073922492563725,-0.1672039031982422,30.422731399536133
10.0,318163.0,-0.008648870512843132,-0.1672039031982422,30.485261917114258
10.0,318168.0,-0.010447639040648937,-0.1672039031982422,30.11944007873535
10.0,318172.0,-0.01188911683857441,-0.16566993296146393,30.416786193847656
10.0,318176.0,-0.013330595567822456,-0.16566993296146393,30.467334747314453
10.0,318180.0,-0.015137577429413795,-0.16413594782352448,30.338836669921875
10.0,318186.0,-0.016907596960663795,-0.16413594782352448,30.39357566833496
10.0,318190.0,-0.018316222354769707,-0.16260196268558502,30.021329879760742
10.0,318194.0,-0.019720738753676414,-0.16260196268558502,30.314151763916016
10.0,318199.0,-0.02147022634744644,-0.16260196268558502,30.35556411743164
10.0,318203.0,-0.02285831607878208,-0.16260196268558502,30.395851135253906
10.0,318206.0,-0.024238193407654762,-0.16106799244880676,30.257917404174805
10.0,318212.0,-0.025971252471208572,-0.16106799244880676,30.319311141967773
10.0,318216.0,-0.027334703132510185,-0.16106799244880676,30.354469299316406
10.0,318221.0,-0.02903490699827671,-0.16106799244880676,30.403078079223633
10.0,318225.0,-0.030390143394470215,-0.16106799244880676,30.44034194946289
10.0,318229.0,-0.03174948692321777,-0.1595340073108673,30.29899024963379
10.0,318233.0,-0.03310472145676613,-0.1595340073108673,30.336641311645508
10.0,318239.0,-0.0351252555847168,-0.1595340073108673,30.391813278198242
10.0,318245.0,-0.03713757544755936,-0.1595340073108673,30.43617057800293
10.0,318251.0,-0.039149899035692215,-0.15800002217292786,30.313167572021484
10.0,318257.0,-0.04114579036831856,-0.15800002217292786,30.375301361083984
10.0,318261.0,-0.042476385831832886,-0.15800002217292786,30.411184310913086
10.0,318265.0,-0.0437946617603302,-0.15800002217292786,30.444204330444336
10.0,318271.0,-0.04577823355793953,-0.1564660519361496,30.0621395111084
10.0,318275.0,-0.04710882902145386,-0.1564660519361496,30.348400115966797
10.0,318279.0,-0.04843531921505928,-0.1564660519361496,30.392765045166016
10.0,318285.0,-0.050422996282577515,-0.1564660519361496,30.447772979736328
10.0,318289.0,-0.05174127221107483,-0.1564660519361496,30.475740432739258
10.0,318295.0,-0.053749486804008484,-0.15493206679821014,30.36601448059082
10.0,318299.0,-0.0550718680024147,-0.15493206679821014,30.40311622619629
10.0,318304.0,-0.057067763060331345,-0.15493206679821014,30.45125389099121
