State,Step,X,Theta,U
30.0,1288539.0,-0.014024640433490276,0.003067961661145091,0.2059585005044937
30.0,1288543.0,-0.014020534232258797,0.003067961661145091,0.20898661017417908
30.0,1288547.0,-0.014020534232258797,0.003067961661145091,0.212295800447464
30.0,1288550.0,-0.014020534232258797,0.003067961661145091,0.2165556699037552
30.0,1288554.0,-0.014020534232258797,0.003067961661145091,0.2206476777791977
30.0,1288558.0,-0.014020534232258797,0.003067961661145091,0.22457846999168396
30.0,1288562.0,-0.014020534232258797,0.003067961661145091,0.22927485406398773
30.0,1288567.0,-0.014020534232258797,0.003067961661145091,0.23198147118091583
30.0,1288572.0,-0.014020534232258797,0.003067961661145091,0.2363150417804718
30.0,1288576.0,-0.014020534232258797,0.003067961661145091,0.24043622612953186
30.0,1288579.0,-0.014020534232258797,0.003067961661145091,0.24281133711338043
30.0,1288583.0,-0.014020534232258797,0.003067961661145091,0.2458687722682953
30.0,1288587.0,-0.014020534232258797,0.003067961661145091,0.24880573153495789
30.0,1288590.0,-0.014020534232258797,0.003067961661145091,0.2509322762489319
30.0,1288594.0,-0.014020534232258797,0.003067961661145091,0.25366970896720886
30.0,1288598.0,-0.014020534232258797,0.003067961661145091,0.2556517720222473
30.0,1288601.0,-0.014020534232258797,0.003067961661145091,0.2582032382488251
30.0,1288605.0,-0.014020534232258797,0.003067961661145091,0.26065418124198914
30.0,1288609.0,-0.014020534232258797,0.003067961661145091,0.26300856471061707
30.0,1288613.0,-0.014020534232258797,0.003067961661145091,0.2652701437473297
30.0,1288617.0,-0.014016427099704742,0.003067961661145091,0.2654194235801697
30.0,1288621.0,-0.014016427099704742,0.003067961661145091,0.26810622215270996
30.0,1288625.0,-0.014016427099704742,0.003067961661145091,0.2701605260372162
30.0,1288629.0,-0.014016427099704742,0.003067961661145091,0.27213388681411743
30.0,1288633.0,-0.014016427099704742,0.003067961661145091,0.2740294933319092
30.0,1288637.0,-0.014016427099704742,0.003067961661145091,0.27585041522979736
30.0,1288641.0,-0.014016427099704742,0.003067961661145091,0.277599573135376
30.0,1288645.0,-0.014016427099704742,0.003067961661145091,0.27927979826927185
30.0,1288649.0,-0.014016427099704742,0.003067961661145091,0.28089383244514465
30.0,1288653.0,-0.014016427099704742,0.003067961661145091,0.2824442684650421
30.0,1288657.0,-0.014016427099704742,0.003067961661145091,0.2835668623447418
30.0,1288661.0,-0.014016427099704742,0.004601942375302315,0.01716361939907074
30.0,1288664.0,-0.014016427099704742,0.004601942375302315,0.02447601407766342
30.0,1288668.0,-0.014016427099704742,0.004601942375302315,0.031500253826379776
30.0,1288672.0,-0.014012319967150688,0.004601942375302315,0.03678585961461067
30.0,1288676.0,-0.014008213765919209,0.004601942375302315,0.04185710474848747
30.0,1288680.0,-0.014004106633365154,0.004601942375302315,0.045137520879507065
30.0,1288683.0,-0.014004106633365154,0.004601942375302315,0.04982709512114525
30.0,1288687.0,-0.014000000432133675,0.004601942375302315,0.05434936657547951
30.0,1288690.0,-0.014000000432133675,0.004601942375302315,0.06017083674669266
30.0,1288695.0,-0.01399589329957962,0.004601942375302315,0.0642879381775856
30.0,1288699.0,-0.01399589329957962,0.004601942375302315,0.0697113648056984
30.0,1288702.0,-0.01399589329957962,0.004601942375302315,0.07492108643054962
30.0,1288706.0,-0.01399589329957962,0.004601942375302315,0.0799255296587944
30.0,1288711.0,-0.01399589329957962,0.004601942375302315,0.0847327709197998
30.0,1288714.0,-0.01399589329957962,0.004601942375302315,0.08935059607028961
30.0,1288728.0,-0.01399589329957962,0.004601942375302315,0.10412637889385223
30.0,1288732.0,-0.01399589329957962,0.004601942375302315,0.10703108459711075
30.0,1288736.0,-0.01399589329957962,0.004601942375302315,0.11168181151151657
30.0,1288740.0,-0.01399589329957962,0.006135923322290182,-0.1526106595993042
30.0,1288743.0,-0.01399589329957962,0.006135923322290182,-0.1455705463886261
30.0,1288747.0,-0.013991786167025566,0.006135923322290182,-0.14024117588996887
30.0,1288750.0,-0.013987679965794086,0.006135923322290182,-0.13288287818431854
30.0,1288754.0,-0.013979465700685978,0.006135923322290182,-0.12728314101696014
30.0,1288758.0,-0.013971252366900444,0.006135923322290182,-0.12399088591337204
30.0,1288761.0,-0.01396303903311491,0.006135923322290182,-0.11876682937145233
30.0,1288765.0,-0.013954825699329376,0.006135923322290182,-0.11376143991947174
30.0,1288769.0,-0.013950718566775322,0.006135923322290182,-0.10897950828075409
30.0,1288773.0,-0.013942505232989788,0.006135923322290182,-0.10479489713907242
30.0,1288777.0,-0.013938398100435734,0.006135923322290182,-0.09892398118972778
30.0,1288780.0,-0.013938398100435734,0.006135923322290182,-0.09178920090198517
30.0,1288783.0,-0.013938398100435734,0.006135923322290182,-0.08662321418523788
30.0,1288787.0,-0.013934291899204254,0.006135923322290182,-0.08144775032997131
30.0,1288791.0,-0.013934291899204254,0.006135923322290182,-0.07500799745321274
30.0,1288795.0,-0.013934291899204254,0.006135923322290182,-0.07034526020288467
30.0,1288799.0,-0.013934291899204254,0.0076699042692780495,-0.3337100148200989
30.0,1288802.0,-0.013934291899204254,0.0076699042692780495,-0.3219602108001709
30.0,1288806.0,-0.0139301847666502,0.0076699042692780495,-0.3121616244316101
30.0,1288810.0,-0.013917864300310612,0.0076699042692780495,-0.3084144592285156
30.0,1288813.0,-0.013905543833971024,0.0076699042692780495,-0.3036130666732788
30.0,1288817.0,-0.013885010033845901,0.0076699042692780495,-0.30164188146591187
30.0,1288820.0,-0.013868583366274834,0.0076699042692780495,-0.2986336052417755
30.0,1288825.0,-0.013839835301041603,0.0076699042692780495,-0.29726442694664
30.0,1288829.0,-0.013819301500916481,0.0076699042692780495,-0.29451242089271545
30.0,1288832.0,-0.013798767700791359,0.0076699042692780495,-0.29188764095306396
30.0,1288836.0,-0.013782341033220291,0.0076699042692780495,-0.28843581676483154
30.0,1288840.0,-0.013761807233095169,0.0076699042692780495,-0.2855769395828247
30.0,1288844.0,-0.01375359296798706,0.0076699042692780495,-0.2804311215877533
30.0,1288848.0,-0.013741273432970047,0.0076699042692780495,-0.2763373851776123
30.0,1288851.0,-0.013733059167861938,0.0076699042692780495,-0.2700996696949005
30.0,1288854.0,-0.013728952966630459,0.0076699042692780495,-0.2648438811302185
30.0,1288858.0,-0.013724845834076405,0.00920388475060463,-0.5275976657867432
30.0,1288861.0,-0.013720739632844925,0.00920388475060463,-0.5146528482437134
30.0,1288865.0,-0.013712525367736816,0.00920388475060463,-0.5052011013031006
30.0,1288869.0,-0.013691991567611694,0.00920388475060463,-0.49907752871513367
30.0,1288872.0,-0.013667351566255093,0.00920388475060463,-0.49651670455932617
30.0,1288876.0,-0.013638603501021862,0.00920388475060463,-0.49705934524536133
30.0,1288879.0,-0.013605749234557152,0.00920388475060463,-0.4958169460296631
30.0,1288883.0,-0.013577002100646496,0.00920388475060463,-0.496439129114151
30.0,1288888.0,-0.013523614034056664,0.00920388475060463,-0.49947699904441833
30.0,1288891.0,-0.013494866900146008,0.00920388475060463,-0.5012950897216797
30.0,1288894.0,-0.01344969216734171,0.00920388475060463,-0.5033745169639587
30.0,1288898.0,-0.013412730768322945,0.00920388475060463,-0.5081045031547546
30.0,1288903.0,-0.013351129367947578,0.00920388475060463,-0.512724757194519
30.0,1288907.0,-0.013293634168803692,0.00920388475060463,-0.5202032923698425
30.0,1288910.0,-0.013252566568553448,0.00920388475060463,-0.5274896621704102
30.0,1288922.0,-0.013051334768533707,0.00920388475060463,-0.5582014322280884
30.0,1288927.0,-0.012969199568033218,0.00920388475060463,-0.5673441886901855
30.0,1288931.0,-0.012907597236335278,0.00920388475060463,-0.5747283101081848
30.0,1288934.0,-0.012866529636085033,0.00920388475060463,-0.5804556608200073
30.0,1288938.0,-0.012813141569495201,0.00920388475060463,-0.5824296474456787
30.0,1288941.0,-0.012784394435584545,0.00920388475060463,-0.5820881128311157
30.0,1288944.0,-0.01274743303656578,0.00920388475060463,-0.5796409249305725
30.0,1288948.0,-0.012722793035209179,0.010737866163253784,-0.8444010615348816
30.0,1288952.0,-0.012698152102530003,0.010737866163253784,-0.8362274765968323
30.0,1288955.0,-0.01268172450363636,0.010737866163253784,-0.8247820734977722
30.0,1288959.0,-0.012640656903386116,0.010737866163253784,-0.8212140202522278
30.0,1288962.0,-0.012595482170581818,0.010737866163253784,-0.8183131814002991
30.0,1288966.0,-0.012533880770206451,0.010737866163253784,-0.8210609555244446
30.0,1288970.0,-0.012484599836170673,0.010737866163253784,-0.8252584934234619
30.0,1288974.0,-0.012410677969455719,0.010737866163253784,-0.8313546180725098
30.0,1288978.0,-0.012324435636401176,0.010737866163253784,-0.842766523361206
30.0,1288982.0,-0.012221765704452991,0.010737866163253784,-0.8597630858421326
30.0,1288986.0,-0.012102669104933739,0.010737866163253784,-0.8821894526481628
30.0,1288989.0,-0.012000000104308128,0.010737866163253784,-0.9113456606864929
30.0,1288993.0,-0.01185215637087822,0.010737866163253784,-0.9348119497299194
30.0,1288997.0,-0.011687885038554668,0.00920388475060463,-0.7033267021179199
30.0,1289000.0,-0.011560575105249882,0.00920388475060463,-0.7474005818367004
30.0,1289004.0,-0.011388090439140797,0.00920388475060463,-0.7787256240844727
30.0,1289008.0,-0.011219712905585766,0.00920388475060463,-0.818794846534729
30.0,1289011.0,-0.011092402040958405,0.00920388475060463,-0.8590232729911804
30.0,1289015.0,-0.010919918306171894,0.0076699042692780495,-0.6285992860794067
30.0,1289019.0,-0.010751539841294289,0.0076699042692780495,-0.6722241044044495
30.0,1289023.0,-0.010591375641524792,0.0076699042692780495,-0.6987662315368652
30.0,1289028.0,-0.010398357175290585,0.0076699042692780495,-0.7420620322227478
30.0,1289031.0,-0.010246406309306622,0.0076699042692780495,-0.7745514512062073
30.0,1289035.0,-0.010131416842341423,0.0076699042692780495,-0.8074992299079895
30.0,1289039.0,-0.009971252642571926,0.0076699042692780495,-0.8479400873184204
30.0,1289044.0,-0.009774127043783665,0.006135923322290182,-0.6038731336593628
30.0,1289050.0,-0.00953182764351368,0.006135923322290182,-0.6600009202957153
30.0,1289053.0,-0.009375769644975662,0.006135923322290182,-0.6939480900764465
30.0,1289058.0,-0.009223819710314274,0.006135923322290182,-0.7252992391586304
30.0,1289061.0,-0.009112936444580555,0.006135923322290182,-0.7541515231132507
30.0,1289065.0,-0.008965092711150646,0.006135923322290182,-0.7752135992050171
30.0,1289069.0,-0.008825462311506271,0.006135923322290182,-0.7995792031288147
30.0,1289072.0,-0.008689938113093376,0.006135923322290182,-0.8217145800590515
30.0,1289076.0,-0.008583161979913712,0.006135923322290182,-0.8461389541625977
30.0,1289080.0,-0.008431211113929749,0.006135923322290182,-0.8665674924850464
30.0,1289083.0,-0.008308008313179016,0.004601942375302315,-0.6321859955787659
30.0,1289088.0,-0.008094456046819687,0.004601942375302315,-0.6791016459465027
30.0,1289092.0,-0.00793429184705019,0.004601942375302315,-0.7114353179931641
30.0,1289097.0,-0.007708419114351273,0.004601942375302315,-0.7448942065238953
30.0,1289101.0,-0.007605749648064375,0.004601942375302315,-0.7677859663963318
30.0,1289105.0,-0.007470225915312767,0.004601942375302315,-0.7822622656822205
30.0,1289109.0,-0.007334702182561159,0.004601942375302315,-0.8025388121604919
30.0,1289112.0,-0.0072073922492563725,0.004601942375302315,-0.8193044662475586
30.0,1289125.0,-0.006825461983680725,0.004601942375302315,-0.869414210319519
30.0,1289129.0,-0.006698152050375938,0.004601942375302315,-0.8858461380004883
30.0,1289133.0,-0.0065626283176243305,0.004601942375302315,-0.8993804454803467
30.0,1289137.0,-0.006414784584194422,0.004601942375302315,-0.920923113822937
30.0,1289140.0,-0.006291581317782402,0.004601942375302315,-0.949275553226471
30.0,1289143.0,-0.006114989519119263,0.004601942375302315,-0.9718358516693115
30.0,1289147.0,-0.005930184852331877,0.004601942375302315,-1.0045627355575562
30.0,1289151.0,-0.005786447785794735,0.004601942375302315,-1.0392518043518066
30.0,1289155.0,-0.0055893221870064735,0.003067961661145091,-0.7993333339691162
30.0,1289159.0,-0.005379876587539911,0.003067961661145091,-0.843924343585968
30.0,1289162.0,-0.00517864478752017,0.003067961661145091,-0.8841086626052856
30.0,1289166.0,-0.005026693921536207,0.003067961661145091,-0.9230238795280457
30.0,1289170.0,-0.004829568788409233,0.003067961661145091,-0.9503061175346375
30.0,1289173.0,-0.00467761792242527,0.0015339808305725455,-0.7208372354507446
30.0,1289177.0,-0.004455852322280407,0.0015339808305725455,-0.7698485255241394
30.0,1289181.0,-0.00424229959025979,0.0015339808305725455,-0.8033313751220703
30.0,1289184.0,-0.0040780287235975266,0.0015339808305725455,-0.8482134342193604
30.0,1289188.0,-0.0038603695575147867,0.0015339808305725455,-0.8916403651237488
30.0,1289192.0,-0.003642710391432047,0.0,-0.654340922832489
30.0,1289195.0,-0.00342094455845654,0.0,-0.7028878927230835
30.0,1289199.0,-0.0032525667920708656,0.0,-0.7498282194137573
30.0,1289202.0,-0.0030431211926043034,0.0,-0.7803300023078918
30.0,1289207.0,-0.0027843941934406757,0.0,-0.8290886878967285
30.0,1289211.0,-0.0026324435602873564,0.0,-0.8646488785743713
30.0,1289214.0,-0.0024312115274369717,-0.0015339808305725455,-0.6246451735496521
30.0,1289219.0,-0.002229979494586587,-0.0015339808305725455,-0.6641824841499329
30.0,1289223.0,-0.002057494828477502,-0.0015339808305725455,-0.6982287764549255
30.0,1289227.0,-0.0018891170620918274,-0.0015339808305725455,-0.7221866846084595
30.0,1289231.0,-0.0017330595292150974,-0.0015339808305725455,-0.7382108569145203
30.0,1289234.0,-0.0015811087796464562,-0.0015339808305725455,-0.756597638130188
30.0,1289238.0,-0.001466119079850614,-0.0015339808305725455,-0.7729823589324951
30.0,1289241.0,-0.001330595463514328,-0.0015339808305725455,-0.782038152217865
30.0,1289245.0,-0.0012279261136427522,-0.0015339808305725455,-0.7909457683563232
30.0,1289248.0,-0.0011252566473558545,-0.0015339808305725455,-0.802116870880127
30.0,1289252.0,-0.0009856262477114797,-0.0015339808305725455,-0.8122098445892334
30.0,1289255.0,-0.000841889122966677,-0.0015339808305725455,-0.8259106874465942
30.0,1289259.0,-0.0006940451567061245,-0.0015339808305725455,-0.8407579660415649
30.0,1289264.0,-0.000546201248653233,-0.0015339808305725455,-0.8552509546279907
30.0,1289268.0,-0.00039425049908459187,-0.0015339808305725455,-0.8709052801132202
30.0,1289273.0,-0.0002053388161584735,-0.0015339808305725455,-0.8895738124847412
30.0,1289277.0,-4.517453635344282e-05,-0.0015339808305725455,-0.9073705673217773
30.0,1289280.0,0.00012320328096393496,-0.0015339808305725455,-0.9276658296585083
30.0,1289284.0,0.0002505133452359587,-0.0015339808305725455,-0.9489124417304993
30.0,1289288.0,0.00043531827395781875,-0.0015339808305725455,-0.9681838154792786
30.0,1289291.0,0.0005708418902941048,-0.003067961661145091,-0.726427435874939
30.0,1289294.0,0.0007597535732202232,-0.003067961661145091,-0.7492120265960693
30.0,1289298.0,0.0009034907561726868,-0.003067961661145091,-0.7797536849975586
30.0,1289302.0,0.0010841889306902885,-0.003067961661145091,-0.7998394966125488
30.0,1289305.0,0.0012648870470002294,-0.003067961661145091,-0.8259429335594177
30.0,1289309.0,0.0014537987299263477,-0.003067961661145091,-0.8542631268501282
30.0,1289322.0,0.002016426995396614,-0.004601942375302315,-0.6739564538002014
30.0,1289326.0,0.002213552361354232,-0.004601942375302315,-0.7078482508659363
30.0,1289330.0,0.002406570827588439,-0.004601942375302315,-0.7311022877693176
30.0,1289333.0,0.002546201227232814,-0.004601942375302315,-0.7588362693786621
30.0,1289337.0,0.0027310061268508434,-0.004601942375302315,-0.7794609665870667
30.0,1289340.0,0.0028706365264952183,-0.004601942375302315,-0.8072842359542847
30.0,1289344.0,0.0030595483258366585,-0.004601942375302315,-0.8268832564353943
30.0,1289347.0,0.003244353225454688,-0.006135923322290182,-0.5840007066726685
30.0,1289351.0,0.0034291581250727177,-0.006135923322290182,-0.6141954660415649
30.0,1289355.0,0.003597535891458392,-0.006135923322290182,-0.6375628113746643
30.0,1289359.0,0.003720739157870412,-0.006135923322290182,-0.6572959423065186
30.0,1289362.0,0.0038644764572381973,-0.006135923322290182,-0.6669136881828308
30.0,1289366.0,0.003995893057435751,-0.006135923322290182,-0.6755558848381042
30.0,1289370.0,0.0040821353904902935,-0.006135923322290182,-0.678123414516449
30.0,1289373.0,0.004184804856777191,-0.006135923322290182,-0.6756461262702942
30.0,1289377.0,0.004250513389706612,-0.006135923322290182,-0.6681275963783264
30.0,1289381.0,0.004328541923314333,-0.006135923322290182,-0.6601697206497192
30.0,1289384.0,0.004377823323011398,-0.004601942375302315,-0.9124424457550049
30.0,1289389.0,0.004451745189726353,-0.004601942375302315,-0.8855547308921814
30.0,1289393.0,0.00452156038954854,-0.004601942375302315,-0.873386025428772
30.0,1289398.0,0.004624229855835438,-0.004601942375302315,-0.8577104210853577
30.0,1289402.0,0.0047227926552295685,-0.004601942375302315,-0.854022204875946
30.0,1289406.0,0.004833675455302,-0.004601942375302315,-0.8542351722717285
30.0,1289410.0,0.004952772054821253,-0.004601942375302315,-0.8568540215492249
30.0,1289414.0,0.005084189120680094,-0.004601942375302315,-0.8643409609794617
30.0,1289418.0,0.005219712387770414,-0.004601942375302315,-0.8732258677482605
30.0,1289422.0,0.005359342787414789,-0.004601942375302315,-0.8852229714393616
30.0,1289427.0,0.0055400412529706955,-0.004601942375302315,-0.8982041478157043
30.0,1289430.0,0.005655030719935894,-0.004601942375302315,-0.9123923778533936
30.0,1289434.0,0.005811088252812624,-0.004601942375302315,-0.9246770143508911
30.0,1289438.0,0.005971252452582121,-0.004601942375302315,-0.94120854139328
30.0,1289441.0,0.006094455718994141,-0.004601942375302315,-0.9588137269020081
30.0,1289445.0,0.006266940385103226,-0.006135923322290182,-0.7083609104156494
30.0,1289448.0,0.006402464117854834,-0.006135923322290182,-0.7353972792625427
30.0,1289452.0,0.006574948783963919,-0.006135923322290182,-0.7547975778579712
30.0,1289456.0,0.006747433450073004,-0.006135923322290182,-0.7842340469360352
30.0,1289459.0,0.006915810983628035,-0.006135923322290182,-0.8010880947113037
30.0,1289463.0,0.007043121382594109,-0.006135923322290182,-0.8176048994064331
30.0,1289467.0,0.0072073922492563725,-0.006135923322290182,-0.837123453617096
30.0,1289470.0,0.007371663115918636,-0.0076699042692780495,-0.5897844433784485
30.0,1289474.0,0.00749897351488471,-0.0076699042692780495,-0.6171391606330872
30.0,1289478.0,0.007663244381546974,-0.0076699042692780495,-0.6333789825439453
30.0,1289481.0,0.007774127181619406,-0.0076699042692780495,-0.6505420207977295
30.0,1289485.0,0.007913758046925068,-0.0076699042692780495,-0.6601514220237732
30.0,1289489.0,0.00803285464644432,-0.0076699042692780495,-0.6674408316612244
30.0,1289492.0,0.00814784411340952,-0.0076699042692780495,-0.670903742313385
30.0,1289497.0,0.00825051311403513,-0.0076699042692780495,-0.6710672378540039
30.0,1289500.0,0.008328542113304138,-0.0076699042692780495,-0.6713981628417969
30.0,1289503.0,0.008431211113929749,-0.0076699042692780495,-0.6721099615097046
30.0,1289508.0,0.008533881045877934,-0.0076699042692780495,-0.6726816296577454
30.0,1289520.0,0.008817248046398163,-0.0076699042692780495,-0.6664535403251648
30.0,1289525.0,0.008919917978346348,-0.0076699042692780495,-0.6560515761375427
30.0,1289529.0,0.008989732712507248,-0.0076699042692780495,-0.6461659073829651
30.0,1289532.0,0.009051335044205189,-0.0076699042692780495,-0.6365038156509399
30.0,1289536.0,0.009092402644455433,-0.0076699042692780495,-0.6216546893119812
30.0,1289540.0,0.009141683578491211,-0.0076699042692780495,-0.6098467111587524
30.0,1289543.0,0.009178644977509975,-0.0076699042692780495,-0.5947144627571106
30.0,1289547.0,0.009232033044099808,-0.0076699042692780495,-0.5772918462753296
30.0,1289551.0,0.009260780178010464,-0.006135923322290182,-0.8318101167678833
30.0,1289554.0,0.00928952731192112,-0.006135923322290182,-0.8082830309867859
30.0,1289558.0,0.009330595843493938,-0.006135923322290182,-0.7931477427482605
30.0,1289561.0,0.009367556311190128,-0.006135923322290182,-0.7772189378738403
30.0,1289565.0,0.009425051510334015,-0.006135923322290182,-0.7634888887405396
30.0,1289569.0,0.009486652910709381,-0.006135923322290182,-0.7518518567085266
30.0,1289573.0,0.009548254311084747,-0.006135923322290182,-0.743111789226532
30.0,1289577.0,0.009605749510228634,-0.006135923322290182,-0.730969250202179
30.0,1289580.0,0.009646817110478878,-0.006135923322290182,-0.7178932428359985
30.0,1289583.0,0.009691991843283176,-0.006135923322290182,-0.7058812379837036
30.0,1289589.0,0.009745379909873009,-0.006135923322290182,-0.6862160563468933
30.0,1289592.0,0.009774127043783665,-0.006135923322290182,-0.6691954731941223
30.0,1289596.0,0.009802875109016895,-0.006135923322290182,-0.6542969942092896
30.0,1289599.0,0.009823408909142017,-0.004601942375302315,-0.9020056128501892
30.0,1289603.0,0.00984394270926714,-0.004601942375302315,-0.8807774186134338
30.0,1289607.0,0.009868582710623741,-0.004601942375302315,-0.8564491868019104
30.0,1289610.0,0.009893223643302917,-0.004601942375302315,-0.8375698924064636
30.0,1289614.0,0.009934291243553162,-0.004601942375302315,-0.8209667801856995
30.0,1289618.0,0.009987679310142994,-0.004601942375302315,-0.8126977682113647
30.0,1289621.0,0.010024640709161758,-0.004601942375302315,-0.8016542196273804
30.0,1289624.0,0.010086242109537125,-0.004601942375302315,-0.7955582737922668
30.0,1289628.0,0.010135523974895477,-0.004601942375302315,-0.7897687554359436
30.0,1289632.0,0.010205338709056377,-0.004601942375302315,-0.7871191501617432
30.0,1289635.0,0.010287473909556866,-0.004601942375302315,-0.7877740859985352
30.0,1289639.0,0.010353182442486286,-0.004601942375302315,-0.7914949059486389
30.0,1289643.0,0.010451745241880417,-0.004601942375302315,-0.7965137958526611
30.0,1289647.0,0.010558521375060081,-0.004601942375302315,-0.8060990571975708
30.0,1289650.0,0.010640657506883144,-0.004601942375302315,-0.8154466152191162
30.0,1289654.0,0.010751539841294289,-0.006135923322290182,-0.5551899075508118
30.0,1289657.0,0.010833675973117352,-0.006135923322290182,-0.5715708136558533
30.0,1289661.0,0.010940452106297016,-0.006135923322290182,-0.5816769003868103
30.0,1289664.0,0.011010266840457916,-0.006135923322290182,-0.58989417552948
30.0,1289668.0,0.011088295839726925,-0.006135923322290182,-0.5920027494430542
30.0,1289671.0,0.011137576773762703,-0.006135923322290182,-0.5913833975791931
30.0,1289674.0,0.01119507197290659,-0.006135923322290182,-0.5878638625144958
30.0,1289678.0,0.011236139573156834,-0.006135923322290182,-0.5843961834907532
30.0,1289682.0,0.011285420507192612,-0.006135923322290182,-0.5782368779182434
30.0,1289685.0,0.011314168572425842,-0.006135923322290182,-0.5678750276565552
30.0,1289689.0,0.011355236172676086,-0.006135923322290182,-0.5565041899681091
30.0,1289693.0,0.011371662840247154,-0.006135923322290182,-0.5411813259124756
30.0,1289697.0,0.011383983306586742,-0.006135923322290182,-0.523531436920166
30.0,1289700.0,0.011392197571694851,-0.006135923322290182,-0.5088961124420166
30.0,1289714.0,0.011408624239265919,-0.004601942375302315,-0.6977342367172241
30.0,1289718.0,0.011425050906836987,-0.004601942375302315,-0.6800912022590637
30.0,1289722.0,0.011441478505730629,-0.004601942375302315,-0.6673337817192078
30.0,1289725.0,0.011453798972070217,-0.004601942375302315,-0.6494455933570862
30.0,1289729.0,0.011466119438409805,-0.004601942375302315,-0.6322815418243408
30.0,1289733.0,0.011470225639641285,-0.004601942375302315,-0.618010938167572
30.0,1289737.0,0.01147433277219534,-0.004601942375302315,-0.5991480350494385
30.0,1289740.0,0.01147433277219534,-0.004601942375302315,-0.5795598030090332
30.0,1289744.0,0.011478438973426819,-0.004601942375302315,-0.8315850496292114
30.0,1289748.0,0.011478438973426819,-0.003067961661145091,-0.8074744343757629
30.0,1289751.0,0.011482546105980873,-0.003067961661145091,-0.7915185689926147
30.0,1289755.0,0.011490759439766407,-0.003067961661145091,-0.7734575867652893
30.0,1289759.0,0.011503079906105995,-0.003067961661145091,-0.7561275362968445
30.0,1289764.0,0.011527720838785172,-0.003067961661145091,-0.742422878742218
30.0,1289768.0,0.011552361771464348,-0.003067961661145091,-0.7307786345481873
30.0,1289772.0,0.01157289557158947,-0.003067961661145091,-0.716212272644043
30.0,1289776.0,0.011593429371714592,-0.003067961661145091,-0.7042356729507446
30.0,1289780.0,0.011613963171839714,-0.003067961661145091,-0.6944540143013
30.0,1289783.0,0.011622176505625248,-0.003067961661145091,-0.6804097890853882
30.0,1289787.0,0.01163860410451889,-0.003067961661145091,-0.6669116020202637
30.0,1289790.0,0.011646817438304424,-0.003067961661145091,-0.6567803025245667
30.0,1289793.0,0.011655030772089958,-0.003067961661145091,-0.6469730138778687
30.0,1289798.0,0.011663244105875492,-0.003067961661145091,-0.6333886981010437
30.0,1289801.0,0.011667351238429546,-0.003067961661145091,-0.6188644170761108
30.0,1289804.0,0.011667351238429546,-0.003067961661145091,-0.6072311401367188
30.0,1289808.0,0.0116714583709836,-0.003067961661145091,-0.5937440395355225
30.0,1289811.0,0.0116714583709836,-0.003067961661145091,-0.5828617215156555
30.0,1289815.0,0.0116714583709836,-0.0015339808305725455,-0.8382200598716736
30.0,1289819.0,0.0116714583709836,-0.0015339808305725455,-0.8187792897224426
30.0,1289823.0,0.0116714583709836,-0.0015339808305725455,-0.8047031164169312
30.0,1289827.0,0.011683777906000614,-0.0015339808305725455,-0.791020929813385
30.0,1289830.0,0.011696098372340202,-0.0015339808305725455,-0.7793856263160706
30.0,1289834.0,0.011716632172465324,-0.0015339808305725455,-0.7724790573120117
30.0,1289838.0,0.011737165972590446,-0.0015339808305725455,-0.7631135582923889
30.0,1289841.0,0.011757699772715569,-0.0015339808305725455,-0.755611002445221
30.0,1289844.0,0.011782340705394745,-0.0015339808305725455,-0.7509446740150452
30.0,1289848.0,0.011806981638073921,-0.0015339808305725455,-0.7454668283462524
30.0,1289851.0,0.011835728771984577,-0.0015339808305725455,-0.7426613569259644
30.0,1289855.0,0.011864476837217808,-0.0015339808305725455,-0.740583062171936
30.0,1289859.0,0.011905544437468052,-0.0015339808305725455,-0.7401058673858643
30.0,1289862.0,0.011938398703932762,-0.003067961661145091,-0.47419625520706177
30.0,1289866.0,0.011995892971754074,-0.003067961661145091,-0.4835761785507202
30.0,1289870.0,0.012049281038343906,-0.003067961661145091,-0.49323955178260803
30.0,1289873.0,0.012086242437362671,-0.003067961661145091,-0.4996292293071747
30.0,1289877.0,0.012127310037612915,-0.003067961661145091,-0.5039451718330383
30.0,1289880.0,0.012151950970292091,-0.003067961661145091,-0.5041084289550781
30.0,1289884.0,0.012176590971648693,-0.003067961661145091,-0.5038858652114868
30.0,1289889.0,0.012209445238113403,-0.003067961661145091,-0.5031003355979919
30.0,1289892.0,0.012217659503221512,-0.003067961661145091,-0.49751245975494385
30.0,1289896.0,0.01223408617079258,-0.003067961661145091,-0.49365222454071045
30.0,1289908.0,0.012250513769686222,-0.003067961661145091,-0.47021886706352234
30.0,1289912.0,0.012250513769686222,-0.003067961661145091,-0.46368661522865295
30.0,1289915.0,0.012250513769686222,-0.003067961661145091,-0.45527777075767517
30.0,1289919.0,0.012250513769686222,-0.003067961661145091,-0.44720029830932617
30.0,1289923.0,0.012250513769686222,-0.003067961661145091,-0.4413517117500305
30.0,1289927.0,0.012250513769686222,-0.003067961661145091,-0.43382295966148376
30.0,1289930.0,0.012250513769686222,-0.003067961661145091,-0.4265908896923065
30.0,1289934.0,0.012250513769686222,-0.003067961661145091,-0.4213544726371765
30.0,1289938.0,0.012250513769686222,-0.003067961661145091,-0.41461366415023804
30.0,1289941.0,0.012250513769686222,-0.003067961661145091,-0.4081385135650635
30.0,1289945.0,0.012250513769686222,-0.003067961661145091,-0.40191850066185
30.0,1289949.0,0.012250513769686222,-0.003067961661145091,-0.3959435820579529
30.0,1289953.0,0.012250513769686222,-0.003067961661145091,-0.39161741733551025
30.0,1289956.0,0.012250513769686222,-0.0015339808305725455,-0.6523932814598083
30.0,1289960.0,0.012250513769686222,-0.0015339808305725455,-0.6411787867546082
30.0,1289964.0,0.012254619970917702,-0.0015339808305725455,-0.63454669713974
30.0,1289968.0,0.012262833304703236,-0.0015339808305725455,-0.6269915699958801
30.0,1289971.0,0.012271047569811344,-0.0015339808305725455,-0.6197472810745239
30.0,1289974.0,0.012279260903596878,-0.0015339808305725455,-0.6152642965316772
30.0,1289978.0,0.012287474237382412,-0.0015339808305725455,-0.6085073947906494
30.0,1289982.0,0.012295687571167946,-0.0015339808305725455,-0.6035179495811462
30.0,1289986.0,0.012308008037507534,-0.0015339808305725455,-0.5995640754699707
30.0,1289990.0,0.012316221371293068,-0.003067961661145091,-0.3286406993865967
30.0,1289993.0,0.012320328503847122,-0.003067961661145091,-0.3271307349205017
30.0,1289997.0,0.012320328503847122,-0.003067961661145091,-0.3242117464542389
30.0,1290000.0,0.012320328503847122,-0.003067961661145091,-0.3220982253551483
30.0,1290004.0,0.012320328503847122,-0.003067961661145091,-0.31937751173973083
30.0,1290008.0,0.012320328503847122,-0.003067961661145091,-0.3167639970779419
30.0,1290012.0,0.012320328503847122,-0.003067961661145091,-0.3148716688156128
30.0,1290015.0,0.012320328503847122,-0.003067961661145091,-0.31243571639060974
30.0,1290020.0,0.012320328503847122,-0.003067961661145091,-0.3095253109931946
30.0,1290024.0,0.012320328503847122,-0.003067961661145091,-0.3078479766845703
30.0,1290028.0,0.012320328503847122,-0.003067961661145091,-0.3056887984275818
30.0,1290032.0,0.012320328503847122,-0.003067961661145091,-0.3031090497970581
30.0,1290035.0,0.012320328503847122,-0.003067961661145091,-0.30162227153778076
30.0,1290039.0,0.012320328503847122,-0.003067961661145091,-0.29970839619636536
30.0,1290042.0,0.012320328503847122,-0.003067961661145091,-0.2983226478099823
30.0,1290046.0,0.012320328503847122,-0.003067961661145091,-0.29697805643081665
30.0,1290051.0,0.012320328503847122,-0.003067961661145091,-0.2944074869155884
30.0,1290055.0,0.012320328503847122,-0.003067961661145091,-0.2927778959274292
30.0,1290059.0,0.012320328503847122,-0.003067961661145091,-0.2912125289440155
30.0,1290063.0,0.012320328503847122,-0.003067961661145091,-0.29007911682128906
30.0,1290067.0,0.012320328503847122,-0.003067961661145091,-0.28862008452415466
30.0,1290070.0,0.012320328503847122,-0.003067961661145091,-0.28721854090690613
30.0,1290074.0,0.012320328503847122,-0.003067961661145091,-0.285872220993042
30.0,1290079.0,0.012320328503847122,-0.003067961661145091,-0.28457897901535034
30.0,1290083.0,0.012320328503847122,-0.003067961661145091,-0.28333666920661926
30.0,1290087.0,0.012320328503847122,-0.003067961661145091,-0.2821432948112488
30.0,1290090.0,0.012320328503847122,-0.003067961661145091,-0.28099697828292847
30.0,1290095.0,0.012320328503847122,-0.003067961661145091,-0.27962738275527954
30.0,1290108.0,0.012320328503847122,-0.003067961661145091,-0.27637240290641785
30.0,1290112.0,0.012320328503847122,-0.003067961661145091,-0.27545347809791565
30.0,1290116.0,0.012320328503847122,-0.003067961661145091,-0.2745707333087921
30.0,1290120.0,0.012320328503847122,-0.003067961661145091,-0.2737227976322174
30.0,1290123.0,0.012320328503847122,-0.003067961661145091,-0.2731088399887085
30.0,1290128.0,0.012320328503847122,-0.003067961661145091,-0.2723185122013092
30.0,1290131.0,0.012320328503847122,-0.003067961661145091,-0.27155932784080505
30.0,1290135.0,0.012320328503847122,-0.003067961661145091,-0.271009624004364
30.0,1290139.0,0.012320328503847122,-0.003067961661145091,-0.2703019976615906
30.0,1290142.0,0.012320328503847122,-0.003067961661145091,-0.269622266292572
30.0,1290146.0,0.012320328503847122,-0.003067961661145091,-0.26896932721138
30.0,1290149.0,0.012320328503847122,-0.003067961661145091,-0.2684965431690216
30.0,1290153.0,0.012320328503847122,-0.003067961661145091,-0.2680378258228302
30.0,1290156.0,0.012320328503847122,-0.003067961661145091,-0.267447292804718
30.0,1290160.0,0.012320328503847122,-0.003067961661145091,-0.266880065202713
30.0,1290164.0,0.012320328503847122,-0.003067961661145091,-0.2664693295955658
30.0,1290168.0,0.012320328503847122,-0.003067961661145091,-0.2659406363964081
30.0,1290171.0,0.012320328503847122,-0.003067961661145091,-0.265432745218277
30.0,1290175.0,0.012320328503847122,-0.003067961661145091,-0.2650650143623352
30.0,1290178.0,0.012320328503847122,-0.003067961661145091,-0.26459163427352905
30.0,1290182.0,0.012320328503847122,-0.003067961661145091,-0.2641369104385376
30.0,1290186.0,0.012320328503847122,-0.003067961661145091,-0.2638076841831207
30.0,1290190.0,0.012320328503847122,-0.003067961661145091,-0.2633838355541229
30.0,1290193.0,0.012320328503847122,-0.004601942375302315,0.006390285678207874
30.0,1290197.0,0.012320328503847122,-0.004601942375302315,0.002174558350816369
30.0,1290200.0,0.012320328503847122,-0.004601942375302315,-0.0032522862311452627
30.0,1290204.0,0.012316221371293068,-0.004601942375302315,-0.009532395750284195
30.0,1290210.0,0.012316221371293068,-0.004601942375302315,-0.014491531066596508
30.0,1290214.0,0.012316221371293068,-0.004601942375302315,-0.01808222569525242
30.0,1290218.0,0.012316221371293068,-0.004601942375302315,-0.023831285536289215
30.0,1290222.0,0.012316221371293068,-0.004601942375302315,-0.027144575491547585
30.0,1290225.0,0.012312115170061588,-0.004601942375302315,-0.029935074970126152
30.0,1290230.0,0.012312115170061588,-0.004601942375302315,-0.03408384695649147
30.0,1290233.0,0.012312115170061588,-0.004601942375302315,-0.038069140166044235
30.0,1290237.0,0.012312115170061588,-0.004601942375302315,-0.04189739748835564
30.0,1290240.0,0.012312115170061588,-0.004601942375302315,-0.044669266790151596
30.0,1290244.0,0.012312115170061588,-0.004601942375302315,-0.04735881835222244
30.0,1290248.0,0.012312115170061588,-0.004601942375302315,-0.050821028649806976
30.0,1290251.0,0.012312115170061588,-0.004601942375302315,-0.054146818816661835
30.0,1290255.0,0.012312115170061588,-0.004601942375302315,-0.0573415532708168
30.0,1290259.0,0.012312115170061588,-0.004601942375302315,-0.05965472012758255
30.0,1290262.0,0.012312115170061588,-0.004601942375302315,-0.06263241171836853
30.0,1290266.0,0.012312115170061588,-0.004601942375302315,-0.06549277901649475
30.0,1290271.0,0.012312115170061588,-0.006135923322290182,0.197434663772583
30.0,1290275.0,0.012312115170061588,-0.006135923322290182,0.18895669281482697
30.0,1290279.0,0.012308008037507534,-0.006135923322290182,0.18230101466178894
30.0,1290283.0,0.012303901836276054,-0.006135923322290182,0.17786628007888794
30.0,1290287.0,0.012299794703722,-0.006135923322290182,0.1716604381799698
30.0,1290290.0,0.012299794703722,-0.006135923322290182,0.1657189279794693
30.0,1290294.0,0.012295687571167946,-0.006135923322290182,0.16028992831707
30.0,1290306.0,0.012291581369936466,-0.006135923322290182,0.13997745513916016
30.0,1290310.0,0.012291581369936466,-0.006135923322290182,0.1337955892086029
30.0,1290314.0,0.012291581369936466,-0.006135923322290182,0.12931954860687256
30.0,1290318.0,0.012291581369936466,-0.006135923322290182,0.12355763465166092
30.0,1290321.0,0.012291581369936466,-0.006135923322290182,0.11802277714014053
30.0,1290324.0,0.012291581369936466,-0.0076699042692780495,0.3803601562976837
30.0,1290328.0,0.012291581369936466,-0.0076699042692780495,0.3708379566669464
30.0,1290332.0,0.012283367104828358,-0.0076699042692780495,0.3643045723438263
30.0,1290335.0,0.012271047569811344,-0.0076699042692780495,0.35985225439071655
30.0,1290339.0,0.012258727103471756,-0.0076699042692780495,0.354139506816864
30.0,1290342.0,0.012242299504578114,-0.0076699042692780495,0.35111698508262634
30.0,1290346.0,0.01223408617079258,-0.0076699042692780495,0.3457868695259094
30.0,1290349.0,0.012225872837007046,-0.0076699042692780495,0.3400648236274719
30.0,1290353.0,0.012221765704452991,-0.0076699042692780495,0.3345046639442444
30.0,1290357.0,0.012213552370667458,-0.0076699042692780495,0.32835984230041504
30.0,1290360.0,0.012213552370667458,-0.0076699042692780495,0.31950685381889343
30.0,1290364.0,0.012213552370667458,-0.0076699042692780495,0.3110027015209198
30.0,1290368.0,0.012213552370667458,-0.0076699042692780495,0.3048452138900757
30.0,1290371.0,0.012209445238113403,-0.00920388475060463,0.5647652745246887
30.0,1290375.0,0.012209445238113403,-0.00920388475060463,0.5512334108352661
30.0,1290379.0,0.012205339036881924,-0.00920388475060463,0.5412110686302185
30.0,1290383.0,0.012188911437988281,-0.00920388475060463,0.5361851453781128
30.0,1290387.0,0.012172484770417213,-0.00920388475060463,0.5297375321388245
30.0,1290390.0,0.012147843837738037,-0.00920388475060463,0.5265331268310547
30.0,1290394.0,0.01213141717016697,-0.00920388475060463,0.5220470428466797
30.0,1290399.0,0.012098562903702259,-0.00920388475060463,0.5177404880523682
30.0,1290403.0,0.012082135304808617,-0.00920388475060463,0.5151242017745972
30.0,1290407.0,0.012061601504683495,-0.00920388475060463,0.5111876130104065
30.0,1290410.0,0.012045174837112427,-0.010737866163253784,0.7750757932662964
30.0,1290415.0,0.012024641036987305,-0.010737866163253784,0.7613984942436218
30.0,1290420.0,0.011991786770522594,-0.010737866163253784,0.7554340362548828
30.0,1290424.0,0.011946612037718296,-0.010737866163253784,0.7556626796722412
30.0,1290428.0,0.01188911683857441,-0.010737866163253784,0.7604174017906189
30.0,1290431.0,0.01181930210441351,-0.010737866163253784,0.7695122361183167
30.0,1290435.0,0.011761806905269623,-0.010737866163253784,0.7828094363212585
30.0,1290439.0,0.011667351238429546,-0.010737866163253784,0.8016496896743774
30.0,1290443.0,0.011556467972695827,-0.010737866163253784,0.818352460861206
30.0,1290447.0,0.01142915803939104,-0.010737866163253784,0.8464253544807434
30.0,1290450.0,0.01132648903876543,-0.00920388475060463,0.6131855249404907
30.0,1290454.0,0.011182751506567001,-0.00920388475060463,0.6510424613952637
30.0,1290458.0,0.011043121106922626,-0.00920388475060463,0.6767220497131348
30.0,1290462.0,0.010903490707278252,-0.00920388475060463,0.7109851241111755
30.0,1290466.0,0.01077207364141941,-0.00920388475060463,0.7485232353210449
30.0,1290470.0,0.01063655037432909,-0.0076699042692780495,0.5024321675300598
30.0,1290473.0,0.01050102710723877,-0.0076699042692780495,0.5380658507347107
30.0,1290478.0,0.010373716242611408,-0.0076699042692780495,0.5695310235023499
30.0,1290481.0,0.01029158104211092,-0.0076699042692780495,0.5925405025482178
30.0,1290485.0,0.01019301824271679,-0.0076699042692780495,0.610358715057373
30.0,1290489.0,0.010110883042216301,-0.0076699042692780495,0.623210608959198
30.0,1290493.0,0.010032854042947292,-0.0076699042692780495,0.6311126351356506
30.0,1290505.0,0.009794660843908787,-0.0076699042692780495,0.6668856143951416
30.0,1290510.0,0.009687884710729122,-0.0076699042692780495,0.6823820471763611
30.0,1290514.0,0.00960164237767458,-0.0076699042692780495,0.6920004487037659
30.0,1290518.0,0.009507186710834503,-0.0076699042692780495,0.7069645524024963
30.0,1290521.0,0.009433264844119549,-0.0076699042692780495,0.7229746580123901
30.0,1290526.0,0.00928952731192112,-0.0076699042692780495,0.7408700585365295
30.0,1290530.0,0.00921971257776022,-0.0076699042692780495,0.7529072761535645
30.0,1290534.0,0.009129363112151623,-0.0076699042692780495,0.7624702453613281
30.0,1290538.0,0.009034907445311546,-0.0076699042692780495,0.7754080295562744
30.0,1290542.0,0.008915810845792294,-0.0076699042692780495,0.7914591431617737
30.0,1290546.0,0.008809034712612629,-0.0076699042692780495,0.8080127239227295
30.0,1290550.0,0.00872689951211214,-0.0076699042692780495,0.825568675994873
30.0,1290553.0,0.008616016246378422,-0.0076699042692780495,0.8380275368690491
30.0,1290558.0,0.008501026779413223,-0.0076699042692780495,0.8561904430389404
30.0,1290561.0,0.00841478444635868,-0.0076699042692780495,0.8738170266151428
30.0,1290564.0,0.008299794979393482,-0.0076699042692780495,0.8866979479789734
30.0,1290568.0,0.008209445513784885,-0.0076699042692780495,0.9064000844955444
30.0,1290572.0,0.008086242713034153,-0.0076699042692780495,0.9200475215911865
30.0,1290575.0,0.007983572781085968,-0.0076699042692780495,0.9432199597358704
30.0,1290579.0,0.007843942381441593,-0.0076699042692780495,0.9686537981033325
30.0,1290582.0,0.007696098648011684,-0.0076699042692780495,0.9883281588554382
30.0,1290586.0,0.007572895381599665,-0.0076699042692780495,1.027491807937622
30.0,1290591.0,0.007367556449025869,-0.0076699042692780495,1.0502550601959229
30.0,1290594.0,0.007240246515721083,-0.0076699042692780495,1.0812575817108154
30.0,1290598.0,0.007059548050165176,-0.0076699042692780495,1.1087197065353394
30.0,1290601.0,0.006915810983628035,-0.0076699042692780495,1.1468149423599243
30.0,1290606.0,0.006657083984464407,-0.006135923322290182,0.9371017217636108
30.0,1290610.0,0.006443531718105078,-0.006135923322290182,0.9734967947006226
30.0,1290613.0,0.006287474185228348,-0.006135923322290182,1.0176764726638794
30.0,1290617.0,0.0060739219188690186,-0.006135923322290182,1.0535967350006104
30.0,1290621.0,0.005848049186170101,-0.004601942375302315,0.8347501754760742
30.0,1290624.0,0.005618069786578417,-0.004601942375302315,0.8895860314369202
30.0,1290628.0,0.005437371786683798,-0.004601942375302315,0.9455700516700745
30.0,1290631.0,0.005203285254538059,-0.004601942375302315,0.9856162667274475
30.0,1290635.0,0.005026693921536207,-0.003067961661145091,0.7706416845321655
30.0,1290639.0,0.004784394055604935,-0.003067961661145091,0.8277016878128052
30.0,1290642.0,0.00455441465601325,-0.003067961661145091,0.8670387864112854
30.0,1290646.0,0.0043901437893509865,-0.003067961661145091,0.9150413870811462
30.0,1290649.0,0.0042135524563491344,-0.0015339808305725455,0.6858879923820496
30.0,1290653.0,0.003979465924203396,-0.0015339808305725455,0.7280938029289246
30.0,1290657.0,0.0037453798577189445,-0.0015339808305725455,0.782250702381134
30.0,1290660.0,0.003581108758226037,-0.0015339808305725455,0.8287259340286255
30.0,1290663.0,0.0033716631587594748,-0.0015339808305725455,0.8599876165390015
30.0,1290667.0,0.0032197125256061554,-0.0015339808305725455,0.8980568051338196
30.0,1290671.0,0.0030184804927557707,0.0,0.659859836101532
30.0,1290674.0,0.0028706365264952183,0.0,0.7002612948417664
30.0,1290678.0,0.0026899382937699556,0.0,0.7237773537635803
30.0,1290681.0,0.002566735027357936,0.0,0.7488191723823547
30.0,1290684.0,0.002422997960820794,0.0,0.7622805833816528
30.0,1290688.0,0.0023203284945338964,0.0,0.7788340449333191
30.0,1290701.0,0.001897330628708005,0.0,0.8175410032272339
30.0,1290705.0,0.0017700205789878964,0.0,0.8252795934677124
30.0,1290708.0,0.0016509239794686437,0.0,0.832955539226532
30.0,1290712.0,0.0015605749795213342,0.0,0.839012861251831
30.0,1290717.0,0.0013839835301041603,0.0,0.8494335412979126
30.0,1290721.0,0.0012936345301568508,0.0,0.8567602634429932
30.0,1290724.0,0.0012032854137942195,-0.0015339808305725455,1.128909707069397
30.0,1290728.0,0.0010841889306902885,-0.0015339808305725455,1.1301943063735962
30.0,1290733.0,0.0009158111060969532,-0.0015339808305725455,1.1390419006347656
30.0,1290737.0,0.0007597535732202232,-0.0015339808305725455,1.1536848545074463
30.0,1290740.0,0.0005790554569102824,0.0,0.9090485572814941
30.0,1290744.0,0.00042299795313738286,0.0,0.9479032158851624
30.0,1290748.0,0.0002053388161584735,0.0,0.9884902238845825
30.0,1290751.0,-1.2320328096393496e-05,0.0,1.018478274345398
30.0,1290755.0,-0.00018069814541377127,0.0,1.0598440170288086
30.0,1290759.0,-0.000410677632316947,0.0,1.0911481380462646
30.0,1290763.0,-0.0006488706567324698,0.0015339808305725455,0.8827856183052063
30.0,1290767.0,-0.0009527720976620913,0.0015339808305725455,0.9318705201148987
30.0,1290771.0,-0.001133470213972032,0.0015339808305725455,0.9673028588294983
30.0,1290774.0,-0.0013141683302819729,0.003067961661145091,0.7443640232086182
30.0,1290779.0,-0.0016714578960090876,0.003067961661145091,0.8052480816841125
30.0,1290783.0,-0.0018480492290109396,0.003067961661145091,0.8402953147888184
30.0,1290787.0,-0.0020657083950936794,0.003067961661145091,0.87929767370224
30.0,1290790.0,-0.0022217659279704094,0.003067961661145091,0.9141663312911987
30.0,1290793.0,-0.0024312115274369717,0.004601942375302315,0.6698944568634033
30.0,1290797.0,-0.0025913757272064686,0.004601942375302315,0.700426459312439
30.0,1290800.0,-0.002796714659780264,0.004601942375302315,0.7370588779449463
30.0,1290804.0,-0.0029363450594246387,0.004601942375302315,0.7651538848876953
30.0,1290808.0,-0.00310882949270308,0.004601942375302315,0.7865041494369507
30.0,1290812.0,-0.0032689939253032207,0.004601942375302315,0.7995235323905945
30.0,1290816.0,-0.0034291581250727177,0.004601942375302315,0.820195198059082
30.0,1290819.0,-0.0035852156579494476,0.004601942375302315,0.8325993418693542
30.0,1290823.0,-0.0036919917911291122,0.004601942375302315,0.8402972221374512
30.0,1290827.0,-0.003835728857666254,0.004601942375302315,0.8508931398391724
30.0,1290830.0,-0.003975359257310629,0.004601942375302315,0.8598209619522095
30.0,1290834.0,-0.0040821353904902935,0.004601942375302315,0.8671827912330627
30.0,1290838.0,-0.004217659123241901,0.004601942375302315,0.8743917346000671
30.0,1290841.0,-0.004320328589528799,0.004601942375302315,0.8815280795097351
30.0,1290844.0,-0.004451745189726353,0.004601942375302315,0.8857133984565735
30.0,1290848.0,-0.004550307989120483,0.004601942375302315,0.8912809491157532
30.0,1290852.0,-0.004681725054979324,0.004601942375302315,0.8954471945762634
30.0,1290855.0,-0.004809034988284111,0.004601942375302315,0.8995283842086792
30.0,1290859.0,-0.004907597322016954,0.004601942375302315,0.9036077857017517
30.0,1290863.0,-0.005039014387875795,0.004601942375302315,0.9093250632286072
30.0,1290867.0,-0.00517864478752017,0.004601942375302315,0.9178684949874878
30.0,1290870.0,-0.0053347023203969,0.004601942375302315,0.932219386100769
30.0,1290874.0,-0.005453798919916153,0.004601942375302315,0.949224591255188
30.0,1290878.0,-0.005622176453471184,0.004601942375302315,0.9672781825065613
30.0,1290882.0,-0.005794661119580269,0.004601942375302315,0.9863580465316772
30.0,1290885.0,-0.005975359119474888,0.004601942375302315,1.0025721788406372
30.0,1290898.0,-0.0065379878506064415,0.006135923322290182,0.8239846229553223
30.0,1290901.0,-0.006706365384161472,0.006135923322290182,0.8379417061805725
30.0,1290906.0,-0.006911704316735268,0.006135923322290182,0.8606085777282715
30.0,1290910.0,-0.007039014250040054,0.006135923322290182,0.8811907172203064
30.0,1290914.0,-0.007215605583041906,0.006135923322290182,0.8970277905464172
30.0,1290918.0,-0.00740041071549058,0.0076699042692780495,0.6532520055770874
30.0,1290921.0,-0.0075359344482421875,0.0076699042692780495,0.6811004281044006
30.0,1290925.0,-0.0077125257812440395,0.0076699042692780495,0.6999619603157043
30.0,1290928.0,-0.007876796647906303,0.0076699042692780495,0.7205308675765991
30.0,1290932.0,-0.008028747513890266,0.0076699042692780495,0.7360814809799194
30.0,1290936.0,-0.008135523647069931,0.0076699042692780495,0.7468183040618896
30.0,1290939.0,-0.008266940712928772,0.0076699042692780495,0.7525136470794678
30.0,1290943.0,-0.008353183045983315,0.0076699042692780495,0.7536914348602295
30.0,1290947.0,-0.008459959179162979,0.0076699042692780495,0.7524017691612244
30.0,1290950.0,-0.00852977391332388,0.0076699042692780495,0.7468783259391785
30.0,1290954.0,-0.008616016246378422,0.0076699042692780495,0.7357804775238037
30.0,1290958.0,-0.00869404524564743,0.0076699042692780495,0.7289561629295349
30.0,1290961.0,-0.008767967112362385,0.0076699042692780495,0.7173075675964355
30.0,1290965.0,-0.008821355178952217,0.0076699042692780495,0.706246554851532
30.0,1290969.0,-0.008895277045667171,0.006135923322290182,0.9651170372962952
30.0,1290973.0,-0.008965092711150646,0.006135923322290182,0.950840413570404
30.0,1290977.0,-0.009034907445311546,0.006135923322290182,0.9340399503707886
30.0,1290980.0,-0.009096508845686913,0.006135923322290182,0.9239503145217896
30.0,1290983.0,-0.009190965443849564,0.006135923322290182,0.9185919165611267
30.0,1290987.0,-0.009264887310564518,0.006135923322290182,0.913791835308075
30.0,1290991.0,-0.009371663443744183,0.006135923322290182,0.9133844971656799
30.0,1290994.0,-0.009449692443013191,0.006135923322290182,0.910520613193512
30.0,1290998.0,-0.009556468576192856,0.006135923322290182,0.9104145169258118
30.0,1291001.0,-0.009638603776693344,0.006135923322290182,0.9109455943107605
30.0,1291005.0,-0.009749487042427063,0.006135923322290182,0.9110805988311768
30.0,1291008.0,-0.009839835576713085,0.006135923322290182,0.9163380265235901
30.0,1291012.0,-0.009967145510017872,0.006135923322290182,0.9210054874420166
30.0,1291017.0,-0.010135523974895477,0.006135923322290182,0.932670533657074
30.0,1291020.0,-0.010275154374539852,0.006135923322290182,0.9435930252075195
30.0,1291024.0,-0.010377823375165462,0.0076699042692780495,0.6864827275276184
30.0,1291028.0,-0.010513346642255783,0.0076699042692780495,0.702918529510498
30.0,1291033.0,-0.01067351084202528,0.0076699042692780495,0.7129718661308289
30.0,1291037.0,-0.010800821706652641,0.0076699042692780495,0.7243099212646484
30.0,1291040.0,-0.010887064039707184,0.0076699042692780495,0.7309615612030029
30.0,1291044.0,-0.011006159707903862,0.0076699042692780495,0.7373706102371216
30.0,1291049.0,-0.011178644374012947,0.0076699042692780495,0.7470287680625916
30.0,1291053.0,-0.01126078050583601,0.0076699042692780495,0.750398576259613
30.0,1291057.0,-0.01136344950646162,0.0076699042692780495,0.7523143291473389
30.0,1291061.0,-0.011466119438409805,0.0076699042692780495,0.7541807889938354
30.0,1291064.0,-0.01154004130512476,0.0076699042692780495,0.7562690377235413
30.0,1291068.0,-0.011646817438304424,0.0076699042692780495,0.7584222555160522
30.0,1291072.0,-0.011749486438930035,0.0076699042692780495,0.7606242299079895
30.0,1291075.0,-0.011827515438199043,0.0076699042692780495,0.7626979947090149
30.0,1291080.0,-0.01195482537150383,0.0076699042692780495,0.7652331590652466
30.0,1291083.0,-0.012049281038343906,0.0076699042692780495,0.7644349932670593
30.0,1291096.0,-0.012308008037507534,0.0076699042692780495,0.7538926005363464
30.0,1291100.0,-0.012390144169330597,0.0076699042692780495,0.7484095096588135
30.0,1291104.0,-0.012464066036045551,0.0076699042692780495,0.7432777285575867
30.0,1291108.0,-0.012550308369100094,0.0076699042692780495,0.7414460778236389
30.0,1291112.0,-0.012636550702154636,0.0076699042692780495,0.7413092851638794
30.0,1291116.0,-0.012735112570226192,0.0076699042692780495,0.7435254454612732
30.0,1291120.0,-0.012841888703405857,0.0076699042692780495,0.749489426612854
30.0,1291123.0,-0.012952771969139576,0.00920388475060463,0.49051523208618164
30.0,1291128.0,-0.013063655234873295,0.00920388475060463,0.5036070346832275
30.0,1291131.0,-0.01313757710158825,0.00920388475060463,0.5104296207427979
30.0,1291134.0,-0.013211498968303204,0.00920388475060463,0.5091438293457031
30.0,1291138.0,-0.013252566568553448,0.00920388475060463,0.5011638402938843
30.0,1291142.0,-0.013285420835018158,0.00920388475060463,0.48321738839149475
30.0,1291146.0,-0.0133018484339118,0.0076699042692780495,0.7373932600021362
30.0,1291149.0,-0.0133018484339118,0.0076699042692780495,0.705950140953064
30.0,1291153.0,-0.01330595463514328,0.0076699042692780495,0.6846848130226135
30.0,1291157.0,-0.013310061767697334,0.0076699042692780495,0.6568132638931274
30.0,1291160.0,-0.013314167968928814,0.0076699042692780495,0.6300327777862549
30.0,1291164.0,-0.013318275101482868,0.0076699042692780495,0.6110104918479919
30.0,1291168.0,-0.013318275101482868,0.0076699042692780495,0.5845730304718018
30.0,1291171.0,-0.013318275101482868,0.006135923322290182,0.8240336775779724
30.0,1291175.0,-0.013322382234036922,0.006135923322290182,0.7953072786331177
30.0,1291179.0,-0.013330595567822456,0.006135923322290182,0.7706823348999023
30.0,1291183.0,-0.013342916034162045,0.006135923322290182,0.7524845600128174
30.0,1291187.0,-0.013359342701733112,0.006135923322290182,0.7310670018196106
30.0,1291190.0,-0.0133716631680727,0.006135923322290182,0.7105193734169006
30.0,1291194.0,-0.013388090766966343,0.006135923322290182,0.6956585049629211
30.0,1291198.0,-0.01340451743453741,0.006135923322290182,0.6765506863594055
30.0,1291201.0,-0.013412730768322945,0.006135923322290182,0.6567466855049133
30.0,1291205.0,-0.013425051234662533,0.004601942375302315,0.9055907130241394
30.0,1291209.0,-0.013433264568448067,0.004601942375302315,0.8799551129341125
30.0,1291213.0,-0.013453798368573189,0.004601942375302315,0.8651255965232849
30.0,1291219.0,-0.013503080233931541,0.004601942375302315,0.8427459001541138
30.0,1291222.0,-0.01354825496673584,0.004601942375302315,0.833042562007904
30.0,1291227.0,-0.013601643033325672,0.004601942375302315,0.8267552852630615
30.0,1291230.0,-0.013646816834807396,0.004601942375302315,0.8222736120223999
30.0,1291234.0,-0.013708419166505337,0.004601942375302315,0.8213104605674744
30.0,1291238.0,-0.013774127699434757,0.004601942375302315,0.8201602101325989
30.0,1291241.0,-0.013823408633470535,0.004601942375302315,0.8191575407981873
30.0,1291245.0,-0.013889117166399956,0.004601942375302315,0.8182973265647888
30.0,1291249.0,-0.013954825699329376,0.006135923322290182,0.5527170300483704
30.0,1291253.0,-0.014012319967150688,0.006135923322290182,0.5536605715751648
30.0,1291257.0,-0.014045174233615398,0.006135923322290182,0.5470486879348755
30.0,1291260.0,-0.01406160183250904,0.006135923322290182,0.534782886505127
30.0,1291264.0,-0.01406570803374052,0.006135923322290182,0.5229586958885193
30.0,1291268.0,-0.01406570803374052,0.004601942375302315,0.7706440687179565
30.0,1291272.0,-0.01406570803374052,0.004601942375302315,0.7483432292938232
30.0,1291275.0,-0.014069815166294575,0.004601942375302315,0.7283961176872253
30.0,1291280.0,-0.014073922298848629,0.004601942375302315,0.7041991353034973
30.0,1291284.0,-0.014073922298848629,0.004601942375302315,0.6893728971481323
30.0,1291298.0,-0.014073922298848629,0.004601942375302315,0.6257989406585693
30.0,1291301.0,-0.014073922298848629,0.004601942375302315,0.609218418598175
30.0,1291305.0,-0.014073922298848629,0.004601942375302315,0.5972132086753845
30.0,1291309.0,-0.014073922298848629,0.004601942375302315,0.5817590355873108
30.0,1291313.0,-0.014073922298848629,0.004601942375302315,0.5669138431549072
30.0,1291317.0,-0.014073922298848629,0.003067961661145091,0.8175100684165955
30.0,1291320.0,-0.014073922298848629,0.003067961661145091,0.7995067238807678
30.0,1291324.0,-0.014078028500080109,0.003067961661145091,0.7853445410728455
30.0,1291328.0,-0.014082135632634163,0.003067961661145091,0.7686020135879517
30.0,1291331.0,-0.014082135632634163,0.003067961661145091,0.7510373592376709
30.0,1291335.0,-0.014086242765188217,0.003067961661145091,0.7356398105621338
30.0,1291339.0,-0.014086242765188217,0.003067961661145091,0.7193804383277893
30.0,1291343.0,-0.014086242765188217,0.003067961661145091,0.7037616968154907
30.0,1291347.0,-0.014086242765188217,0.003067961661145091,0.6887584328651428
30.0,1291350.0,-0.014086242765188217,0.003067961661145091,0.6778952479362488
30.0,1291354.0,-0.014086242765188217,0.003067961661145091,0.6639112234115601
30.0,1291358.0,-0.014086242765188217,0.003067961661145091,0.6537860035896301
30.0,1291362.0,-0.014086242765188217,0.003067961661145091,0.6407519578933716
30.0,1291365.0,-0.014086242765188217,0.003067961661145091,0.6282315254211426
30.0,1291369.0,-0.014086242765188217,0.003067961661145091,0.6162044405937195
30.0,1291373.0,-0.014086242765188217,0.003067961661145091,0.6046512722969055
30.0,1291377.0,-0.014086242765188217,0.003067961661145091,0.5962861776351929
30.0,1291380.0,-0.014086242765188217,0.003067961661145091,0.5855178833007812
30.0,1291384.0,-0.014086242765188217,0.003067961661145091,0.5777209997177124
30.0,1291387.0,-0.014086242765188217,0.0015339808305725455,0.8355326056480408
30.0,1291391.0,-0.014086242765188217,0.0015339808305725455,0.8199670910835266
30.0,1291394.0,-0.014090348966419697,0.0015339808305725455,0.8101847171783447
30.0,1291398.0,-0.014094456098973751,0.0015339808305725455,0.800711452960968
30.0,1291401.0,-0.014094456098973751,0.0015339808305725455,0.7865309119224548
30.0,1291407.0,-0.01409856230020523,0.0015339808305725455,0.771062970161438
30.0,1291410.0,-0.01409856230020523,0.0015339808305725455,0.7580571174621582
30.0,1291414.0,-0.01409856230020523,0.0015339808305725455,0.7486401200294495
30.0,1291418.0,-0.014102669432759285,0.0015339808305725455,0.7380059957504272
30.0,1291422.0,-0.014102669432759285,0.0015339808305725455,0.7234576344490051
30.0,1291426.0,-0.014102669432759285,0.0015339808305725455,0.7123339772224426
30.0,1291430.0,-0.014102669432759285,0.0015339808305725455,0.7042798399925232
30.0,1291434.0,-0.014102669432759285,0.0015339808305725455,0.6939119100570679
30.0,1291438.0,-0.014102669432759285,0.0015339808305725455,0.6839524507522583
30.0,1291441.0,-0.014102669432759285,0.0015339808305725455,0.6743854880332947
30.0,1291445.0,-0.014102669432759285,0.0015339808305725455,0.6674584746360779
30.0,1291449.0,-0.014102669432759285,0.0015339808305725455,0.6585414409637451
30.0,1291453.0,-0.014102669432759285,0.0015339808305725455,0.6499757170677185
30.0,1291456.0,-0.014102669432759285,0.0015339808305725455,0.6417475938796997
30.0,1291460.0,-0.014102669432759285,0.0015339808305725455,0.6338436603546143
30.0,1291464.0,-0.014102669432759285,0.0015339808305725455,0.6281207799911499
30.0,1291468.0,-0.014102669432759285,0.0015339808305725455,0.6207537651062012
30.0,1291473.0,-0.014102669432759285,0.0015339808305725455,0.6119518876075745
30.0,1291477.0,-0.014102669432759285,0.0015339808305725455,0.6052220463752747
30.0,1291480.0,-0.014102669432759285,0.0015339808305725455,0.5987573266029358
30.0,1291484.0,-0.014102669432759285,0.0015339808305725455,0.5910335183143616
30.0,1291498.0,-0.014102669432759285,0.0015339808305725455,0.5740056037902832
30.0,1291502.0,-0.014102669432759285,0.0015339808305725455,0.5687710046768188
30.0,1291505.0,-0.014102669432759285,0.0015339808305725455,0.5637426376342773
30.0,1291509.0,-0.014102669432759285,0.0015339808305725455,0.5589123964309692
30.0,1291513.0,-0.014102669432759285,0.0015339808305725455,0.5554150342941284
30.0,1291517.0,-0.014102669432759285,0.0015339808305725455,0.5509129166603088
30.0,1291520.0,-0.014102669432759285,0.0015339808305725455,0.5465882420539856
30.0,1291524.0,-0.014102669432759285,0.0015339808305725455,0.5434569120407104
30.0,1291528.0,-0.014102669432759285,0.0015339808305725455,0.5394260287284851
30.0,1291531.0,-0.014102669432759285,0.0015339808305725455,0.5355539321899414
30.0,1291535.0,-0.014102669432759285,0.0015339808305725455,0.5318344831466675
30.0,1291538.0,-0.014102669432759285,0.0015339808305725455,0.529141366481781
30.0,1291542.0,-0.014102669432759285,0.0015339808305725455,0.5265282392501831
30.0,1291545.0,-0.014102669432759285,0.0015339808305725455,0.5231643915176392
30.0,1291549.0,-0.014102669432759285,0.0015339808305725455,0.5199331045150757
30.0,1291552.0,-0.014102669432759285,0.0015339808305725455,0.5175934433937073
30.0,1291556.0,-0.014102669432759285,0.0015339808305725455,0.5145816802978516
30.0,1291560.0,-0.014102669432759285,0.0015339808305725455,0.5116885900497437
30.0,1291563.0,-0.014102669432759285,0.0015339808305725455,0.5095938444137573
30.0,1291567.0,-0.014102669432759285,0.0015339808305725455,0.5068972706794739
30.0,1291571.0,-0.014102669432759285,0.0015339808305725455,0.5049448013305664
30.0,1291574.0,-0.014102669432759285,0.0015339808305725455,0.5024314522743225
30.0,1291578.0,-0.014102669432759285,0.0015339808305725455,0.5000171065330505
30.0,1291581.0,-0.014102669432759285,0.0015339808305725455,0.4982689917087555
30.0,1291585.0,-0.014102669432759285,0.0015339808305725455,0.4960186779499054
30.0,1291589.0,-0.014102669432759285,0.0015339808305725455,0.4938570559024811
30.0,1291592.0,-0.014102669432759285,0.0015339808305725455,0.4922918975353241
30.0,1291597.0,-0.014102669432759285,0.0015339808305725455,0.48978593945503235
30.0,1291601.0,-0.014102669432759285,0.0015339808305725455,0.48786988854408264
30.0,1291605.0,-0.014102669432759285,0.0015339808305725455,0.48602932691574097
30.0,1291609.0,-0.014102669432759285,0.0015339808305725455,0.4846966862678528
30.0,1291614.0,-0.014102669432759285,0.0015339808305725455,0.48256295919418335
30.0,1291618.0,-0.014102669432759285,0.0015339808305725455,0.48093152046203613
30.0,1291621.0,-0.014102669432759285,0.0015339808305725455,0.4793643653392792
30.0,1291625.0,-0.014102669432759285,0.0015339808305725455,0.4778589904308319
30.0,1291629.0,-0.014102669432759285,0.0015339808305725455,0.47641289234161377
30.0,1291632.0,-0.014102669432759285,0.0015339808305725455,0.47536584734916687
30.0,1291636.0,-0.014102669432759285,0.0015339808305725455,0.47401800751686096
30.0,1291640.0,-0.014102669432759285,0.003067961661145091,0.2048749178647995
30.0,1291643.0,-0.014102669432759285,0.003067961661145091,0.2084028720855713
30.0,1291648.0,-0.014102669432759285,0.003067961661145091,0.21294434368610382
30.0,1291651.0,-0.014102669432759285,0.003067961661145091,0.21730688214302063
30.0,1291655.0,-0.014102669432759285,0.003067961661145091,0.22046560049057007
30.0,1291658.0,-0.014102669432759285,0.003067961661145091,0.22453175485134125
30.0,1291662.0,-0.014102669432759285,0.003067961661145091,0.22843770682811737
30.0,1291667.0,-0.014102669432759285,0.003067961661145091,0.23218972980976105
30.0,1291670.0,-0.014102669432759285,0.003067961661145091,0.23579391837120056
30.0,1291674.0,-0.01409856230020523,0.003067961661145091,0.2369019240140915
30.0,1291678.0,-0.01409856230020523,0.003067961661145091,0.24031400680541992
30.0,1291681.0,-0.01409856230020523,0.003067961661145091,0.24359165132045746
30.0,1291694.0,-0.01409856230020523,0.003067961661145091,0.2526698410511017
30.0,1291698.0,-0.01409856230020523,0.003067961661145091,0.25546061992645264
30.0,1291701.0,-0.01409856230020523,0.003067961661145091,0.258141428232193
30.0,1291705.0,-0.01409856230020523,0.003067961661145091,0.26071658730506897
30.0,1291710.0,-0.01409856230020523,0.003067961661145091,0.26319029927253723
30.0,1291713.0,-0.01409856230020523,0.003067961661145091,0.26556652784347534
30.0,1291717.0,-0.01409856230020523,0.003067961661145091,0.2672870457172394
30.0,1291722.0,-0.01409856230020523,0.003067961661145091,0.2705762982368469
30.0,1291726.0,-0.01409856230020523,0.003067961661145091,0.2726615071296692
30.0,1291730.0,-0.01409856230020523,0.003067961661145091,0.2746645212173462
30.0,1291734.0,-0.01409856230020523,0.003067961661145091,0.276114821434021
30.0,1291739.0,-0.01409856230020523,0.003067961661145091,0.27843689918518066
30.0,1291743.0,-0.01409856230020523,0.003067961661145091,0.2802123427391052
30.0,1291747.0,-0.01409856230020523,0.003067961661145091,0.28191784024238586
30.0,1291750.0,-0.01409856230020523,0.003067961661145091,0.28355613350868225
30.0,1291754.0,-0.01409856230020523,0.003067961661145091,0.2851298451423645
30.0,1291758.0,-0.01409856230020523,0.004601942375302315,0.01727459579706192
30.0,1291762.0,-0.01409856230020523,0.004601942375302315,0.022879665717482567
30.0,1291766.0,-0.014094456098973751,0.004601942375302315,0.028593720868229866
30.0,1291770.0,-0.014090348966419697,0.004601942375302315,0.034075863659381866
30.0,1291773.0,-0.014086242765188217,0.004601942375302315,0.03934931382536888
30.0,1291777.0,-0.014082135632634163,0.004601942375302315,0.0444214791059494
30.0,1291781.0,-0.014078028500080109,0.004601942375302315,0.04771270602941513
30.0,1291786.0,-0.014073922298848629,0.004601942375302315,0.05543966591358185
30.0,1291790.0,-0.014073922298848629,0.004601942375302315,0.05988222360610962
30.0,1291794.0,-0.014073922298848629,0.004601942375302315,0.06560105830430984
30.0,1291798.0,-0.014069815166294575,0.004601942375302315,0.0696195513010025
30.0,1291802.0,-0.014069815166294575,0.004601942375302315,0.07624733448028564
30.0,1291806.0,-0.014069815166294575,0.004601942375302315,0.08131489157676697
30.0,1291810.0,-0.014069815166294575,0.004601942375302315,0.08618278056383133
30.0,1291814.0,-0.014069815166294575,0.004601942375302315,0.0897073969244957
30.0,1291818.0,-0.014069815166294575,0.004601942375302315,0.0942445769906044
30.0,1291821.0,-0.014069815166294575,0.004601942375302315,0.09860298037528992
30.0,1291825.0,-0.014069815166294575,0.004601942375302315,0.10175870358943939
30.0,1291829.0,-0.014069815166294575,0.004601942375302315,0.10681133717298508
30.0,1291833.0,-0.014069815166294575,0.004601942375302315,0.10972326993942261
30.0,1291837.0,-0.014069815166294575,0.004601942375302315,0.11347175389528275
30.0,1291840.0,-0.014069815166294575,0.004601942375302315,0.11707253009080887
30.0,1291844.0,-0.014069815166294575,0.006135923322290182,-0.14432507753372192
30.0,1291848.0,-0.014069815166294575,0.006135923322290182,-0.13744410872459412
30.0,1291852.0,-0.01406570803374052,0.006135923322290182,-0.1300613135099411
30.0,1291855.0,-0.014057494699954987,0.006135923322290182,-0.12445062398910522
30.0,1291860.0,-0.014049281366169453,0.006135923322290182,-0.11908695846796036
30.0,1291863.0,-0.014041068032383919,0.006135923322290182,-0.11393431574106216
30.0,1291867.0,-0.01403285376727581,0.006135923322290182,-0.11096641421318054
30.0,1291870.0,-0.014024640433490276,0.006135923322290182,-0.1061859279870987
30.0,1291874.0,-0.014020534232258797,0.006135923322290182,-0.1001182571053505
30.0,1291878.0,-0.014016427099704742,0.006135923322290182,-0.0942964255809784
30.0,1291882.0,-0.014012319967150688,0.006135923322290182,-0.08871041238307953
30.0,1291885.0,-0.014012319967150688,0.006135923322290182,-0.0835488885641098
30.0,1291898.0,-0.014008213765919209,0.006135923322290182,-0.3337380290031433
30.0,1291902.0,-0.014008213765919209,0.0076699042692780495,-0.3247936964035034
30.0,1291905.0,-0.014008213765919209,0.0076699042692780495,-0.31478145718574524
30.0,1291909.0,-0.01399589329957962,0.0076699042692780495,-0.30813300609588623
30.0,1291914.0,-0.013975359499454498,0.0076699042692780495,-0.3032273054122925
30.0,1291918.0,-0.013950718566775322,0.0076699042692780495,-0.3015040457248688
30.0,1291922.0,-0.0139301847666502,0.0076699042692780495,-0.29841190576553345
30.0,1291926.0,-0.013901437632739544,0.0076699042692780495,-0.29772186279296875
30.0,1291931.0,-0.013872689567506313,0.0076699042692780495,-0.2963632643222809
30.0,1291935.0,-0.013848049566149712,0.0076699042692780495,-0.2950966954231262
30.0,1291939.0,-0.013819301500916481,0.0076699042692780495,-0.2924301028251648
30.0,1291943.0,-0.013806981965899467,0.0076699042692780495,-0.2884123921394348
30.0,1291947.0,-0.013790554367005825,0.0076699042692780495,-0.28457897901535034
30.0,1291951.0,-0.013778233900666237,0.0076699042692780495,-0.2794336974620819
30.0,1291954.0,-0.013765913434326649,0.0076699042692780495,-0.2753409445285797
30.0,1291958.0,-0.013757700100541115,0.0076699042692780495,-0.26910367608070374
30.0,1291962.0,-0.01375359296798706,0.00920388475060463,-0.5279819965362549
30.0,1291966.0,-0.013749486766755581,0.00920388475060463,-0.5185326337814331
30.0,1291970.0,-0.013733059167861938,0.00920388475060463,-0.5103449821472168
30.0,1291973.0,-0.01371663250029087,0.00920388475060463,-0.5035614371299744
30.0,1291979.0,-0.013671457767486572,0.00920388475060463,-0.501960277557373
30.0,1291982.0,-0.013634497299790382,0.00920388475060463,-0.5019614100456238
30.0,1291986.0,-0.013597535900771618,0.00920388475060463,-0.5020204186439514
30.0,1291991.0,-0.013544147834181786,0.00920388475060463,-0.5047449469566345
30.0,1291995.0,-0.01351540070027113,0.00920388475060463,-0.5063233971595764
30.0,1291999.0,-0.013457905501127243,0.00920388475060463,-0.5093920230865479
30.0,1292003.0,-0.013425051234662533,0.00920388475060463,-0.5109086036682129
30.0,1292007.0,-0.013379876501858234,0.00920388475060463,-0.5153930187225342
30.0,1292011.0,-0.013330595567822456,0.00920388475060463,-0.518690288066864
30.0,1292014.0,-0.013289527967572212,0.00920388475060463,-0.5244641900062561
30.0,1292018.0,-0.013232032768428326,0.00920388475060463,-0.5305749773979187
30.0,1292021.0,-0.013182751834392548,0.00920388475060463,-0.5404989719390869
30.0,1292025.0,-0.013121149502694607,0.00920388475060463,-0.548672616481781
30.0,1292029.0,-0.013055441901087761,0.00920388475060463,-0.5580821633338928
30.0,1292033.0,-0.01298973336815834,0.00920388475060463,-0.5649625658988953
30.0,1292037.0,-0.012932238169014454,0.00920388475060463,-0.5709600448608398
30.0,1292041.0,-0.012878850102424622,0.00920388475060463,-0.5753092169761658
30.0,1292044.0,-0.012845995835959911,0.00920388475060463,-0.5766208171844482
30.0,1292048.0,-0.012804928235709667,0.010737866163253784,-0.8451319336891174
30.0,1292053.0,-0.012767966836690903,0.010737866163253784,-0.8302578330039978
30.0,1292058.0,-0.012718685902655125,0.010737866163253784,-0.8248775005340576
30.0,1292061.0,-0.01268172450363636,0.010737866163253784,-0.8227097988128662
30.0,1292065.0,-0.012624230235815048,0.010737866163253784,-0.8241674304008484
30.0,1292068.0,-0.012554414570331573,0.010737866163253784,-0.8296031951904297
30.0,1292072.0,-0.012501026503741741,0.010737866163253784,-0.8364083170890808
30.0,1292076.0,-0.012418891303241253,0.010737866163253784,-0.8475121259689331
30.0,1292080.0,-0.012320328503847122,0.010737866163253784,-0.8589737415313721
30.0,1292083.0,-0.012238193303346634,0.010737866163253784,-0.8783144950866699
30.0,1292087.0,-0.012110883370041847,0.010737866163253784,-0.9044668078422546
30.0,1292091.0,-0.011967145837843418,0.010737866163253784,-0.9280024170875549
30.0,1292104.0,-0.011420944705605507,0.00920388475060463,-0.791719377040863
30.0,1292108.0,-0.011252567172050476,0.00920388475060463,-0.831212043762207
30.0,1292112.0,-0.011080082505941391,0.0076699042692780495,-0.6135221719741821
30.0,1292118.0,-0.010829568840563297,0.0076699042692780495,-0.6660133004188538
30.0,1292121.0,-0.010685831308364868,0.0076699042692780495,-0.6978501081466675
30.0,1292125.0,-0.010579055175185204,0.0076699042692780495,-0.7271817326545715
30.0,1292130.0,-0.010414784774184227,0.0076699042692780495,-0.7526253461837769
30.0,1292133.0,-0.010279260575771332,0.0076699042692780495,-0.7787469029426575
30.0,1292137.0,-0.010172484442591667,0.0076699042692780495,-0.8070399165153503
30.0,1292140.0,-0.010065708309412003,0.0076699042692780495,-0.8272997736930847
30.0,1292143.0,-0.009917864575982094,0.0076699042692780495,-0.8485585451126099
30.0,1292148.0,-0.009770020842552185,0.006135923322290182,-0.6097817420959473
30.0,1292152.0,-0.009618069976568222,0.006135923322290182,-0.6438211798667908
30.0,1292155.0,-0.009507186710834503,0.006135923322290182,-0.6752946376800537
30.0,1292159.0,-0.009359342977404594,0.006135923322290182,-0.698235273361206
30.0,1292162.0,-0.009248459711670876,0.006135923322290182,-0.7264671921730042
30.0,1292166.0,-0.00907597504556179,0.006135923322290182,-0.7523360252380371
30.0,1292170.0,-0.00897330604493618,0.006135923322290182,-0.7774168848991394
30.0,1292174.0,-0.00884188897907734,0.006135923322290182,-0.7919864058494568
30.0,1292178.0,-0.008706365711987019,0.006135923322290182,-0.8143950700759888
30.0,1292181.0,-0.008603695780038834,0.006135923322290182,-0.8376206159591675
30.0,1292184.0,-0.008459959179162979,0.006135923322290182,-0.8553280234336853
30.0,1292188.0,-0.008340862579643726,0.006135923322290182,-0.8847264051437378
30.0,1292192.0,-0.008168377913534641,0.004601942375302315,-0.6498058438301086
30.0,1292196.0,-0.007991786114871502,0.004601942375302315,-0.6920943856239319
30.0,1292200.0,-0.007811088114976883,0.004601942375302315,-0.7202709913253784
30.0,1292204.0,-0.007642710581421852,0.004601942375302315,-0.7622798681259155
30.0,1292208.0,-0.007482546381652355,0.004601942375302315,-0.784321665763855
30.0,1292211.0,-0.007334702182561159,0.004601942375302315,-0.8089624047279358
30.0,1292215.0,-0.007223819382488728,0.004601942375302315,-0.8328627347946167
30.0,1292224.0,-0.006907597649842501,0.004601942375302315,-0.8782726526260376
30.0,1292230.0,-0.006698152050375938,0.004601942375302315,-0.9064889550209045
30.0,1292234.0,-0.006546201184391975,0.004601942375302315,-0.9305873513221741
30.0,1292238.0,-0.0063860369846224785,0.004601942375302315,-0.9489336609840393
30.0,1292242.0,-0.0062094456516206264,0.003067961661145091,-0.71281898021698
30.0,1292247.0,-0.005975359119474888,0.003067961661145091,-0.761419951915741
30.0,1292251.0,-0.00580287491902709,0.003067961661145091,-0.7935614585876465
30.0,1292255.0,-0.005638603586703539,0.003067961661145091,-0.82175612449646
30.0,1292259.0,-0.005482546053826809,0.003067961661145091,-0.84611976146698
30.0,1292262.0,-0.0053634499199688435,0.003067961661145091,-0.871255099773407
30.0,1292266.0,-0.005166324321180582,0.003067961661145091,-0.8941749334335327
30.0,1292270.0,-0.005010266788303852,0.003067961661145091,-0.9164221882820129
30.0,1292274.0,-0.004891170654445887,0.003067961661145091,-0.9395378232002258
30.0,1292278.0,-0.0047186859883368015,0.003067961661145091,-0.9605400562286377
30.0,1292281.0,-0.004579055588692427,0.0015339808305725455,-0.7234132289886475
30.0,1292284.0,-0.004435318056493998,0.0015339808305725455,-0.7536559104919434
30.0,1292288.0,-0.0042340862564742565,0.0015339808305725455,-0.7943185567855835
30.0,1292293.0,-0.00398357305675745,0.0015339808305725455,-0.8429839015007019
30.0,1292297.0,-0.0037864476907998323,0.0015339808305725455,-0.8793702125549316
30.0,1292300.0,-0.0035852156579494476,0.0015339808305725455,-0.907419741153717
30.0,1292304.0,-0.0034373716916888952,0.0015339808305725455,-0.9333135485649109
30.0,1292309.0,-0.003182751592248678,0.0,-0.7102315425872803
30.0,1292312.0,-0.0030266940593719482,0.0,-0.7528296113014221
30.0,1292316.0,-0.002813141793012619,0.0,-0.7940627932548523
30.0,1292320.0,-0.0026078028604388237,0.0,-0.8237764239311218
30.0,1292324.0,-0.0024106777273118496,0.0,-0.8583598136901855
30.0,1292328.0,-0.002213552361354232,0.0,-0.8918883800506592
30.0,1292331.0,-0.002073921961709857,-0.0015339808305725455,-0.6551087498664856
30.0,1292335.0,-0.001876796712167561,-0.0015339808305725455,-0.6833526492118835
30.0,1292338.0,-0.001683778245933354,-0.0015339808305725455,-0.7184922695159912
30.0,1292342.0,-0.0015482546295970678,-0.0015339808305725455,-0.7407901883125305
30.0,1292345.0,-0.0014168377965688705,-0.0015339808305725455,-0.7667518258094788
30.0,1292350.0,-0.0012197125470265746,-0.0015339808305725455,-0.7860466837882996
30.0,1292353.0,-0.0011047228472307324,-0.0015339808305725455,-0.804838240146637
30.0,1292357.0,-0.0009486653143540025,-0.0015339808305725455,-0.8216444253921509
30.0,1292360.0,-0.0008336755563504994,-0.0015339808305725455,-0.8358345627784729
30.0,1292364.0,-0.0006735112983733416,-0.0015339808305725455,-0.8497433066368103
30.0,1292368.0,-0.0005174538237042725,-0.0015339808305725455,-0.8668772578239441
30.0,1292371.0,-0.00039425049908459187,-0.0015339808305725455,-0.8850414752960205
30.0,1292374.0,-0.00023408624110743403,-0.0015339808305725455,-0.899489164352417
30.0,1292378.0,-0.00011088296014349908,-0.0015339808305725455,-0.9198135137557983
30.0,1292381.0,6.570841651409864e-05,-0.0015339808305725455,-0.9365477561950684
30.0,1292385.0,0.0002012320328503847,-0.0015339808305725455,-0.9603045582771301
30.0,1292389.0,0.00043531827395781875,-0.003067961661145091,-0.7215272784233093
30.0,1292393.0,0.0005749486736021936,-0.003067961661145091,-0.7511784434318542
30.0,1292397.0,0.0007515400648117065,-0.003067961661145091,-0.7702383995056152
30.0,1292400.0,0.000878850114531815,-0.003067961661145091,-0.7925374507904053
30.0,1292404.0,0.0010472278809174895,-0.003067961661145091,-0.809220016002655
30.0,1292408.0,0.001211498980410397,-0.003067961661145091,-0.8289698958396912
30.0,1292412.0,0.0013921970967203379,-0.003067961661145091,-0.8541242480278015
30.0,1292415.0,0.0015236139297485352,-0.003067961661145091,-0.8710481524467468
30.0,1292428.0,0.0021314169280231,-0.004601942375302315,-0.6961236596107483
30.0,1292431.0,0.0023326489608734846,-0.004601942375302315,-0.7225923538208008
30.0,1292436.0,0.002579055493697524,-0.004601942375302315,-0.7629035115242004
30.0,1292440.0,0.0027268994599580765,-0.004601942375302315,-0.7940918207168579
30.0,1292443.0,0.002874743426218629,-0.004601942375302315,-0.8168765902519226
30.0,1292447.0,0.003067761892452836,-0.004601942375302315,-0.8449884653091431
30.0,1292450.0,0.0032156058587133884,-0.006135923322290182,-0.5973126292228699
30.0,1292454.0,0.003404517425224185,-0.006135923322290182,-0.6215338110923767
30.0,1292458.0,0.0035852156579494476,-0.006135923322290182,-0.6489982604980469
30.0,1292461.0,0.003716632490977645,-0.006135923322290182,-0.6726993322372437
30.0,1292464.0,0.003876796690747142,-0.006135923322290182,-0.6863241195678711
30.0,1292468.0,0.003979465924203396,-0.006135923322290182,-0.6971972584724426
30.0,1292472.0,0.004114989656955004,-0.006135923322290182,-0.7029711604118347
30.0,1292475.0,0.004201231990009546,-0.006135923322290182,-0.7031561136245728
30.0,1292479.0,0.004299794789403677,-0.006135923322290182,-0.6990819573402405
30.0,1292484.0,0.0044106775894761086,-0.006135923322290182,-0.6908710598945618
30.0,1292488.0,0.004484599456191063,-0.006135923322290182,-0.6786670088768005
30.0,1292491.0,0.0045420946553349495,-0.004601942375302315,-0.9334045052528381
30.0,1292494.0,0.004595482721924782,-0.004601942375302315,-0.9199076890945435
30.0,1292499.0,0.004694045055657625,-0.004601942375302315,-0.903414249420166
30.0,1292503.0,0.004792607855051756,-0.004601942375302315,-0.8999474048614502
30.0,1292507.0,0.004907597322016954,-0.004601942375302315,-0.899599552154541
30.0,1292510.0,0.005006160121411085,-0.004601942375302315,-0.9053579568862915
30.0,1292514.0,0.00514579052105546,-0.004601942375302315,-0.91261887550354
30.0,1292518.0,0.005293634720146656,-0.004601942375302315,-0.9241358637809753
30.0,1292521.0,0.0054086241871118546,-0.004601942375302315,-0.9384059906005859
30.0,1292524.0,0.005572895053774118,-0.004601942375302315,-0.9511209726333618
30.0,1292528.0,0.0057453797198832035,-0.006135923322290182,-0.7012965083122253
30.0,1292532.0,0.005880903452634811,-0.006135923322290182,-0.7223763465881348
30.0,1292535.0,0.006012320518493652,-0.006135923322290182,-0.7414881587028503
30.0,1292538.0,0.006180698052048683,-0.006135923322290182,-0.7638586759567261
30.0,1292542.0,0.006303901318460703,-0.006135923322290182,-0.7791280746459961
30.0,1292545.0,0.006455852184444666,-0.006135923322290182,-0.7945709228515625
30.0,1292550.0,0.006611909717321396,-0.006135923322290182,-0.811130702495575
30.0,1292553.0,0.006731006316840649,-0.006135923322290182,-0.8287695646286011
30.0,1292557.0,0.006891170516610146,-0.006135923322290182,-0.8413187861442566
30.0,1292560.0,0.007014373783022165,-0.006135923322290182,-0.5888104438781738
30.0,1292564.0,0.007174537982791662,-0.0076699042692780495,-0.6068134307861328
30.0,1292567.0,0.007330595515668392,-0.0076699042692780495,-0.6272234320640564
30.0,1292571.0,0.007441478315740824,-0.0076699042692780495,-0.6441362500190735
30.0,1292575.0,0.0075852153822779655,-0.0076699042692780495,-0.6550325155258179
30.0,1292578.0,0.007683778181672096,-0.0076699042692780495,-0.6638064384460449
30.0,1292581.0,0.007802874781191349,-0.0076699042692780495,-0.6684412360191345
30.0,1292585.0,0.007885009981691837,-0.0076699042692780495,-0.6711267828941345
30.0,1292589.0,0.007983572781085968,-0.0076699042692780495,-0.6683402061462402
30.0,1292593.0,0.00810266938060522,-0.0076699042692780495,-0.6650389432907104
30.0,1292597.0,0.008168377913534641,-0.0076699042692780495,-0.6594370603561401
30.0,1292600.0,0.00825051311403513,-0.0076699042692780495,-0.654358446598053
30.0,1292604.0,0.00831211544573307,-0.0076699042692780495,-0.6479335427284241
30.0,1292609.0,0.00841478444635868,-0.0076699042692780495,-0.6404364705085754
30.0,1292621.0,0.008652977645397186,-0.0076699042692780495,-0.6202408671379089
30.0,1292625.0,0.008718686178326607,-0.006135923322290182,-0.8802759051322937
30.0,1292629.0,0.008784394711256027,-0.006135923322290182,-0.8643834590911865
30.0,1292632.0,0.008833675645291805,-0.006135923322290182,-0.8492326736450195
30.0,1292636.0,0.008903490379452705,-0.006135923322290182,-0.8362568020820618
30.0,1292640.0,0.008977413177490234,-0.006135923322290182,-0.8268774747848511
30.0,1292644.0,0.009055441245436668,-0.006135923322290182,-0.8197925090789795
30.0,1292648.0,0.009137577377259731,-0.006135923322290182,-0.8127353191375732
30.0,1292651.0,0.009203284978866577,-0.006135923322290182,-0.8075723648071289
30.0,1292654.0,0.009268993511795998,-0.006135923322290182,-0.8057777881622314
30.0,1292658.0,0.009363450109958649,-0.006135923322290182,-0.8040957450866699
30.0,1292662.0,0.009466119110584259,-0.006135923322290182,-0.8055875897407532
30.0,1292665.0,0.009540040977299213,-0.006135923322290182,-0.8041555285453796
30.0,1292669.0,0.00963449664413929,-0.006135923322290182,-0.8044289946556091
30.0,1292673.0,0.009728952310979366,-0.006135923322290182,-0.803253173828125
30.0,1292677.0,0.009815194644033909,-0.006135923322290182,-0.7993736267089844
30.0,1292680.0,0.00988090317696333,-0.006135923322290182,-0.7957816123962402
30.0,1292684.0,0.009963039308786392,-0.006135923322290182,-0.7921585440635681
30.0,1292688.0,0.010041067376732826,-0.006135923322290182,-0.7861316204071045
30.0,1292691.0,0.010102669708430767,-0.006135923322290182,-0.7819392681121826
30.0,1292694.0,0.010168378241360188,-0.006135923322290182,-0.780462920665741
30.0,1292698.0,0.01025462057441473,-0.006135923322290182,-0.7791209816932678
30.0,1292701.0,0.010328542441129684,-0.006135923322290182,-0.7814639210700989
30.0,1292705.0,0.01042710430920124,-0.0076699042692780495,-0.51389479637146
30.0,1292709.0,0.01053798757493496,-0.0076699042692780495,-0.526766300201416
30.0,1292712.0,0.010611909441649914,-0.0076699042692780495,-0.5348655581474304
30.0,1292716.0,0.010698151774704456,-0.0076699042692780495,-0.5368599891662598
30.0,1292720.0,0.01077207364141941,-0.0076699042692780495,-0.5354089736938477
30.0,1292725.0,0.010829568840563297,-0.0076699042692780495,-0.5181103944778442
30.0,1292729.0,0.010858315974473953,-0.0076699042692780495,-0.5018260478973389
30.0,1292734.0,0.010874743573367596,-0.006135923322290182,-0.7436700463294983
30.0,1292738.0,0.010878849774599075,-0.006135923322290182,-0.7143089771270752
30.0,1292741.0,0.010887064039707184,-0.006135923322290182,-0.6890615224838257
30.0,1292745.0,0.010899383574724197,-0.006135923322290182,-0.6704263687133789
30.0,1292750.0,0.010911704041063786,-0.006135923322290182,-0.6348292231559753
30.0,1292754.0,0.01091581117361784,-0.006135923322290182,-0.6098347306251526
30.0,1292758.0,0.010919918306171894,-0.004601942375302315,-0.8599774241447449
30.0,1292761.0,0.010919918306171894,-0.004601942375302315,-0.8292460441589355
30.0,1292765.0,0.010919918306171894,-0.004601942375302315,-0.8012269139289856
30.0,1292769.0,0.010932237841188908,-0.004601942375302315,-0.7757797837257385
30.0,1292773.0,0.010944558307528496,-0.004601942375302315,-0.7595956325531006
30.0,1292777.0,0.010956878773868084,-0.004601942375302315,-0.7373227477073669
30.0,1292780.0,0.010973306372761726,-0.004601942375302315,-0.7188831567764282
30.0,1292784.0,0.010989733040332794,-0.004601942375302315,-0.7044419646263123
30.0,1292788.0,0.01101437397301197,-0.004601942375302315,-0.6888378262519836
30.0,1292791.0,0.011030800640583038,-0.004601942375302315,-0.6724117398262024
30.0,1292796.0,0.01105133444070816,-0.003067961661145091,-0.9188277721405029
30.0,1292800.0,0.011071868240833282,-0.003067961661145091,-0.9035177230834961
30.0,1292803.0,0.01108418870717287,-0.003067961661145091,-0.8833656311035156
30.0,1292807.0,0.011117042973637581,-0.003067961661145091,-0.8699660301208496
30.0,1292819.0,0.011289527639746666,-0.003067961661145091,-0.856702983379364
30.0,1292822.0,0.01136344950646162,-0.003067961661145091,-0.8580020070075989
30.0,1292827.0,0.011441478505730629,-0.003067961661145091,-0.8608401417732239
30.0,1292830.0,0.011503079906105995,-0.004601942375302315,-0.6002933382987976
30.0,1292833.0,0.011585216037929058,-0.004601942375302315,-0.6078751087188721
30.0,1292838.0,0.011655030772089958,-0.004601942375302315,-0.6132954955101013
30.0,1292841.0,0.01170841883867979,-0.004601942375302315,-0.6126852631568909
30.0,1292845.0,0.011745380237698555,-0.004601942375302315,-0.6091930270195007
30.0,1292849.0,0.0117864478379488,-0.004601942375302315,-0.604447066783905
30.0,1292852.0,0.01181930210441351,-0.004601942375302315,-0.5988308191299438
30.0,1292857.0,0.01185215637087822,-0.004601942375302315,-0.5916459560394287
30.0,1292861.0,0.011880903504788876,-0.004601942375302315,-0.5833336114883423
30.0,1292865.0,0.011905544437468052,-0.004601942375302315,-0.5738924145698547
30.0,1292868.0,0.011934291571378708,-0.004601942375302315,-0.5663499236106873
30.0,1292872.0,0.01195482537150383,-0.004601942375302315,-0.5605545043945312
30.0,1292875.0,0.011979466304183006,-0.004601942375302315,-0.5521396994590759
30.0,1292880.0,0.012004107236862183,-0.004601942375302315,-0.544094979763031
30.0,1292883.0,0.01202053390443325,-0.004601942375302315,-0.5349040031433105
30.0,1292887.0,0.012041067704558372,-0.004601942375302315,-0.5286340117454529
30.0,1292891.0,0.012065708637237549,-0.003067961661145091,-0.7909654378890991
30.0,1292894.0,0.012082135304808617,-0.003067961661145091,-0.7767863273620605
30.0,1292898.0,0.012106776237487793,-0.003067961661145091,-0.7684094905853271
30.0,1292901.0,0.012147843837738037,-0.003067961661145091,-0.7625976204872131
30.0,1292905.0,0.012184805236756802,-0.003067961661145091,-0.7600290179252625
30.0,1292909.0,0.012242299504578114,-0.004601942375302315,-0.494850754737854
30.0,1292912.0,0.012291581369936466,-0.004601942375302315,-0.5042757987976074
30.0,1292916.0,0.012344969436526299,-0.004601942375302315,-0.5075059533119202
30.0,1292920.0,0.01239835750311613,-0.004601942375302315,-0.507709264755249
30.0,1292925.0,0.012418891303241253,-0.004601942375302315,-0.5005543231964111
30.0,1292929.0,0.01243531797081232,-0.004601942375302315,-0.49225151538848877
30.0,1292932.0,0.012439425103366375,-0.004601942375302315,-0.4798373579978943
30.0,1292937.0,0.012439425103366375,-0.004601942375302315,-0.4631950557231903
30.0,1292941.0,0.012439425103366375,-0.003067961661145091,-0.7168152928352356
30.0,1292945.0,0.012439425103366375,-0.003067961661145091,-0.7031811475753784
30.0,1292949.0,0.012447638437151909,-0.003067961661145091,-0.6886064410209656
30.0,1292952.0,0.012455851770937443,-0.003067961661145091,-0.6761070489883423
30.0,1292956.0,0.012468172237277031,-0.003067961661145091,-0.6641194224357605
30.0,1292959.0,0.012484599836170673,-0.003067961661145091,-0.6565536260604858
30.0,1292963.0,0.012496920302510262,-0.003067961661145091,-0.6468364596366882
30.0,1292967.0,0.012509239837527275,-0.003067961661145091,-0.636053204536438
30.0,1292971.0,0.012521560303866863,-0.003067961661145091,-0.625700831413269
30.0,1292975.0,0.012533880770206451,-0.003067961661145091,-0.6142871975898743
30.0,1292979.0,0.012537987902760506,-0.003067961661145091,-0.6052843928337097
30.0,1292982.0,0.012542094103991985,-0.003067961661145091,-0.5932062864303589
30.0,1292987.0,0.01254620123654604,-0.003067961661145091,-0.5784277319908142
30.0,1292991.0,0.01254620123654604,-0.003067961661145091,-0.5659592151641846
30.0,1292995.0,0.01254620123654604,-0.003067961661145091,-0.5569313168525696
30.0,1292999.0,0.01254620123654604,-0.003067961661145091,-0.545309841632843
30.0,1293002.0,0.01254620123654604,-0.003067961661145091,-0.534146249294281
30.0,1293006.0,0.01254620123654604,-0.003067961661145091,-0.5234225988388062
30.0,1293019.0,0.01254620123654604,-0.003067961661145091,-0.4937209486961365
30.0,1293022.0,0.01254620123654604,-0.003067961661145091,-0.48459020256996155
30.0,1293026.0,0.01254620123654604,-0.003067961661145091,-0.4758192300796509
30.0,1293030.0,0.01254620123654604,-0.003067961661145091,-0.4673938751220703
30.0,1293033.0,0.01254620123654604,-0.003067961661145091,-0.46129342913627625
30.0,1293037.0,0.01254620123654604,-0.003067961661145091,-0.45344045758247375
30.0,1293041.0,0.01254620123654604,-0.003067961661145091,-0.4458969235420227
30.0,1293044.0,0.01254620123654604,-0.003067961661145091,-0.4404349625110626
30.0,1293048.0,0.01254620123654604,-0.0015339808305725455,-0.7027708888053894
30.0,1293054.0,0.01254620123654604,-0.0015339808305725455,-0.6869274973869324
30.0,1293058.0,0.012550308369100094,-0.0015339808305725455,-0.6763020157814026
30.0,1293061.0,0.012554414570331573,-0.0015339808305725455,-0.6660879850387573
30.0,1293065.0,0.012558521702885628,-0.0015339808305725455,-0.65629643201828
30.0,1293069.0,0.012562627904117107,-0.0015339808305725455,-0.6495911478996277
30.0,1293072.0,0.012562627904117107,-0.0015339808305725455,-0.6389741897583008
30.0,1293076.0,0.012566735036671162,-0.0015339808305725455,-0.6302638649940491
30.0,1293080.0,0.012566735036671162,-0.0015339808305725455,-0.6228401064872742
30.0,1293083.0,0.012566735036671162,-0.0015339808305725455,-0.6132836937904358
30.0,1293087.0,0.012570842169225216,-0.0015339808305725455,-0.6055787801742554
30.0,1293090.0,0.012570842169225216,-0.0015339808305725455,-0.5988931059837341
30.0,1293094.0,0.012570842169225216,-0.0015339808305725455,-0.5902866721153259
30.0,1293099.0,0.012570842169225216,-0.0015339808305725455,-0.5800039768218994
30.0,1293103.0,0.012570842169225216,-0.0015339808305725455,-0.574077844619751
30.0,1293107.0,0.012570842169225216,-0.0015339808305725455,-0.5664492845535278
30.0,1293110.0,0.012570842169225216,-0.0015339808305725455,-0.557334840297699
30.0,1293116.0,0.012570842169225216,-0.0015339808305725455,-0.5486671328544617
30.0,1293120.0,0.012574948370456696,-0.0015339808305725455,-0.545159637928009
30.0,1293123.0,0.012574948370456696,-0.0015339808305725455,-0.5386769771575928
30.0,1293127.0,0.012574948370456696,-0.0015339808305725455,-0.5324497222900391
30.0,1293131.0,0.012574948370456696,-0.0015339808305725455,-0.5279408693313599
30.0,1293134.0,0.012574948370456696,-0.0015339808305725455,-0.5221366286277771
30.0,1293138.0,0.012574948370456696,-0.0015339808305725455,-0.5179340839385986
30.0,1293141.0,0.012574948370456696,-0.0015339808305725455,-0.5125241875648499
30.0,1293145.0,0.012574948370456696,-0.0015339808305725455,-0.5073274970054626
30.0,1293149.0,0.012574948370456696,-0.0015339808305725455,-0.5023355484008789
30.0,1293153.0,0.012574948370456696,-0.0015339808305725455,-0.49872109293937683
30.0,1293157.0,0.012574948370456696,-0.0015339808305725455,-0.4940682649612427
30.0,1293160.0,0.012574948370456696,-0.0015339808305725455,-0.4895987808704376
30.0,1293164.0,0.012574948370456696,-0.003067961661145091,-0.22044891119003296
30.0,1293168.0,0.012574948370456696,-0.003067961661145091,-0.22213102877140045
30.0,1293171.0,0.012574948370456696,-0.003067961661145091,-0.22334899008274078
30.0,1293175.0,0.012574948370456696,-0.003067961661145091,-0.22491683065891266
30.0,1293179.0,0.012574948370456696,-0.003067961661145091,-0.22605204582214355
30.0,1293182.0,0.012574948370456696,-0.003067961661145091,-0.227513387799263
30.0,1293186.0,0.012574948370456696,-0.003067961661145091,-0.22891713678836823
30.0,1293190.0,0.012574948370456696,-0.003067961661145091,-0.22993354499340057
30.0,1293193.0,0.012574948370456696,-0.003067961661145091,-0.23124194145202637
30.0,1293197.0,0.012574948370456696,-0.003067961661145091,-0.23249876499176025
30.0,1293201.0,0.012574948370456696,-0.003067961661145091,-0.23340879380702972
30.0,1293204.0,0.012574948370456696,-0.003067961661145091,-0.23458024859428406
30.0,1293217.0,0.012574948370456696,-0.003067961661145091,-0.23807798326015472
30.0,1293222.0,0.012574948370456696,-0.003067961661145091,-0.23906545341014862
30.0,1293226.0,0.012570842169225216,-0.003067961661145091,-0.23878373205661774
30.0,1293230.0,0.012570842169225216,-0.003067961661145091,-0.23973698914051056
30.0,1293234.0,0.012570842169225216,-0.003067961661145091,-0.24087589979171753
30.0,1293239.0,0.012570842169225216,-0.003067961661145091,-0.2417467087507248
30.0,1293243.0,0.012570842169225216,-0.003067961661145091,-0.24237722158432007
30.0,1293247.0,0.012570842169225216,-0.003067961661145091,-0.24318887293338776
30.0,1293250.0,0.012570842169225216,-0.003067961661145091,-0.24396854639053345
30.0,1293254.0,0.012570842169225216,-0.003067961661145091,-0.24471749365329742
30.0,1293258.0,0.012570842169225216,-0.003067961661145091,-0.24525977671146393
30.0,1293261.0,0.012570842169225216,-0.003067961661145091,-0.2459578514099121
30.0,1293264.0,0.012570842169225216,-0.003067961661145091,-0.24646328389644623
30.0,1293269.0,0.012570842169225216,-0.003067961661145091,-0.2471139281988144
30.0,1293272.0,0.012570842169225216,-0.003067961661145091,-0.24773894250392914
30.0,1293276.0,0.012570842169225216,-0.003067961661145091,-0.24833932518959045
30.0,1293280.0,0.012570842169225216,-0.003067961661145091,-0.24877402186393738
30.0,1293284.0,0.012570842169225216,-0.003067961661145091,-0.2494700402021408
30.0,1293289.0,0.012570842169225216,-0.003067961661145091,-0.2500022053718567
30.0,1293292.0,0.012570842169225216,-0.003067961661145091,-0.2505134046077728
30.0,1293296.0,0.012570842169225216,-0.003067961661145091,-0.2510044574737549
30.0,1293301.0,0.012570842169225216,-0.004601942375302315,0.017890824005007744
30.0,1293304.0,0.012570842169225216,-0.004601942375302315,0.011453639715909958
30.0,1293308.0,0.012570842169225216,-0.004601942375302315,0.0052701253443956375
30.0,1293312.0,0.012566735036671162,-0.004601942375302315,0.002267900388687849
30.0,1293315.0,0.012562627904117107,-0.004601942375302315,-0.0020590166095644236
30.0,1293320.0,0.012562627904117107,-0.004601942375302315,-0.007697258610278368
30.0,1293324.0,0.012558521702885628,-0.004601942375302315,-0.011651810258626938
30.0,1293328.0,0.012558521702885628,-0.004601942375302315,-0.0169056449085474
30.0,1293331.0,0.012558521702885628,-0.004601942375302315,-0.021952452138066292
30.0,1293335.0,0.012558521702885628,-0.004601942375302315,-0.026800407096743584
30.0,1293339.0,0.012558521702885628,-0.004601942375302315,-0.030310597270727158
30.0,1293342.0,0.012558521702885628,-0.004601942375302315,-0.03482920676469803
30.0,1293346.0,0.012554414570331573,-0.004601942375302315,-0.0376681312918663
30.0,1293350.0,0.012554414570331573,-0.004601942375302315,-0.04189042001962662
30.0,1293354.0,0.012554414570331573,-0.004601942375302315,-0.04494757950305939
30.0,1293358.0,0.012554414570331573,-0.004601942375302315,-0.04888301342725754
30.0,1293361.0,0.012554414570331573,-0.004601942375302315,-0.05266338959336281
30.0,1293365.0,0.012554414570331573,-0.004601942375302315,-0.05629480257630348
30.0,1293369.0,0.012554414570331573,-0.004601942375302315,-0.059783127158880234
30.0,1293373.0,0.012554414570331573,-0.004601942375302315,-0.06230885908007622
30.0,1293377.0,0.012554414570331573,-0.004601942375302315,-0.06556019186973572
30.0,1293380.0,0.012554414570331573,-0.006135923322290182,0.19766154885292053
30.0,1293384.0,0.012554414570331573,-0.006135923322290182,0.19097940623760223
30.0,1293388.0,0.012550308369100094,-0.006135923322290182,0.18387888371944427
30.0,1293391.0,0.01254620123654604,-0.006135923322290182,0.17703823745250702
30.0,1293395.0,0.012542094103991985,-0.006135923322290182,0.17245326936244965
30.0,1293399.0,0.012533880770206451,-0.006135923322290182,0.16756382584571838
30.0,1293402.0,0.012533880770206451,-0.006135923322290182,0.1599167138338089
30.0,1293406.0,0.012529774568974972,-0.006135923322290182,0.15404558181762695
30.0,1293419.0,0.012529774568974972,-0.006135923322290182,0.1335507482290268
30.0,1293424.0,0.012525667436420918,-0.006135923322290182,0.12718935310840607
30.0,1293429.0,0.012525667436420918,-0.006135923322290182,0.1182142049074173
30.0,1293433.0,0.012525667436420918,-0.0076699042692780495,0.3817739486694336
30.0,1293437.0,0.012525667436420918,-0.0076699042692780495,0.37032902240753174
30.0,1293441.0,0.012521560303866863,-0.0076699042692780495,0.36082330346107483
30.0,1293444.0,0.01251334697008133,-0.0076699042692780495,0.3546616733074188
30.0,1293448.0,0.012501026503741741,-0.0076699042692780495,0.34877488017082214
30.0,1293452.0,0.012488706037402153,-0.0076699042692780495,0.34412533044815063
30.0,1293455.0,0.01247638650238514,-0.0076699042692780495,0.3386460244655609
30.0,1293459.0,0.012468172237277031,-0.0076699042692780495,0.33341553807258606
30.0,1293463.0,0.012455851770937443,-0.0076699042692780495,0.3292742371559143
30.0,1293467.0,0.012447638437151909,-0.0076699042692780495,0.3229832351207733
30.0,1293470.0,0.01244353223592043,-0.0076699042692780495,0.315464586019516
30.0,1293475.0,0.012439425103366375,-0.0076699042692780495,0.3061007261276245
30.0,1293479.0,0.012439425103366375,-0.0076699042692780495,0.29927387833595276
30.0,1293483.0,0.01243531797081232,-0.00920388475060463,0.5595486760139465
30.0,1293487.0,0.012431211769580841,-0.00920388475060463,0.5473710894584656
30.0,1293491.0,0.012410677969455719,-0.00920388475060463,0.5383372902870178
30.0,1293495.0,0.012394250370562077,-0.00920388475060463,0.5346252918243408
30.0,1293499.0,0.012361396104097366,-0.00920388475060463,0.5338450074195862
30.0,1293502.0,0.012336756102740765,-0.00920388475060463,0.5331467986106873
30.0,1293506.0,0.012303901836276054,-0.00920388475060463,0.5325273275375366
30.0,1293510.0,0.012271047569811344,-0.00920388475060463,0.5321123003959656
30.0,1293513.0,0.012246406637132168,-0.00920388475060463,0.531623363494873
30.0,1293519.0,0.01220123190432787,-0.00920388475060463,0.5296230912208557
30.0,1293522.0,0.012180698104202747,-0.00920388475060463,0.5278529524803162
30.0,1293525.0,0.012156057171523571,-0.00920388475060463,0.5247592329978943
30.0,1293530.0,0.012135523371398449,-0.010737866163253784,0.7881632447242737
30.0,1293533.0,0.01212320290505886,-0.010737866163253784,0.7765001654624939
30.0,1293537.0,0.012094455771148205,-0.010737866163253784,0.7712486386299133
30.0,1293541.0,0.012057495303452015,-0.010737866163253784,0.7692316174507141
30.0,1293544.0,0.012004107236862183,-0.010737866163253784,0.7715370655059814
30.0,1293548.0,0.011942504905164242,-0.010737866163253784,0.7770514488220215
30.0,1293552.0,0.01188911683857441,-0.010737866163253784,0.7868825197219849
30.0,1293556.0,0.011806981638073921,-0.010737866163253784,0.7993913292884827
30.0,1293559.0,0.011712525971233845,-0.010737866163253784,0.8129973411560059
30.0,1293563.0,0.011634496971964836,-0.010737866163253784,0.8336366415023804
30.0,1293567.0,0.011515400372445583,-0.010737866163253784,0.8580540418624878
30.0,1293571.0,0.011379877105355263,-0.00920388475060463,0.6143272519111633
30.0,1293574.0,0.01123203244060278,-0.00920388475060463,0.6535130739212036
30.0,1293579.0,0.01108418870717287,-0.00920388475060463,0.6913455128669739
30.0,1293582.0,0.010977412573993206,-0.00920388475060463,0.7249547839164734
30.0,1293587.0,0.010800821706652641,-0.00920388475060463,0.758945882320404
30.0,1293590.0,0.010698151774704456,-0.00920388475060463,0.790347158908844
30.0,1293594.0,0.010554415173828602,-0.0076699042692780495,0.5476162433624268
30.0,1293598.0,0.010410677641630173,-0.0076699042692780495,0.5845611691474915
30.0,1293602.0,0.01025872677564621,-0.0076699042692780495,0.6190287470817566
30.0,1293607.0,0.01014784350991249,-0.0076699042692780495,0.6417554616928101
30.0,1293619.0,0.009856263175606728,-0.0076699042692780495,0.6955527663230896
30.0,1293623.0,0.009757700376212597,-0.0076699042692780495,0.7075629830360413
30.0,1293627.0,0.009655030444264412,-0.0076699042692780495,0.7246467471122742
30.0,1293631.0,0.009544148109853268,-0.0076699042692780495,0.7441803812980652
30.0,1293634.0,0.009429157711565495,-0.0076699042692780495,0.764592707157135
30.0,1293638.0,0.009314168244600296,-0.0076699042692780495,0.784379780292511
30.0,1293642.0,0.009227925911545753,-0.0076699042692780495,0.798811674118042
30.0,1293645.0,0.009141683578491211,-0.0076699042692780495,0.8175646662712097
30.0,1293649.0,0.009026694111526012,-0.0076699042692780495,0.831261157989502
30.0,1293652.0,0.008932238444685936,-0.0076699042692780495,0.8519996404647827
30.0,1293656.0,0.008809034712612629,-0.0076699042692780495,0.8736145496368408
30.0,1293660.0,0.008669404312968254,-0.0076699042692780495,0.8934832811355591
30.0,1293663.0,0.008566735312342644,-0.0076699042692780495,0.9182801842689514
30.0,1293667.0,0.008422997780144215,-0.0076699042692780495,0.9423045516014099
30.0,1293671.0,0.00827926117926836,-0.0076699042692780495,0.9620751738548279
30.0,1293674.0,0.008164270780980587,-0.006135923322290182,0.7243465185165405
30.0,1293678.0,0.008008213713765144,-0.006135923322290182,0.7594121098518372
30.0,1293681.0,0.007852155715227127,-0.006135923322290182,0.7830978631973267
30.0,1293685.0,0.0077371662482619286,-0.006135923322290182,0.8133015036582947
30.0,1293690.0,0.007552361581474543,-0.006135923322290182,0.8410903811454773
30.0,1293693.0,0.007445585448294878,-0.006135923322290182,0.8665273189544678
30.0,1293697.0,0.007305955048650503,-0.006135923322290182,0.8832506537437439
30.0,1293700.0,0.007174537982791662,-0.006135923322290182,0.9029726982116699
30.0,1293704.0,0.007067761849611998,-0.006135923322290182,0.9203638434410095
30.0,1293708.0,0.006924024783074856,-0.006135923322290182,0.943459689617157
30.0,1293712.0,0.006772073917090893,-0.006135923322290182,0.9688064455986023
30.0,1293715.0,0.006616016384214163,-0.006135923322290182,0.9948930740356445
30.0,1293720.0,0.006459958851337433,-0.006135923322290182,1.0201820135116577
30.0,1293723.0,0.006336755584925413,-0.006135923322290182,1.047681212425232
30.0,1293729.0,0.006069815251976252,-0.004601942375302315,0.8328584432601929
30.0,1293733.0,0.005868582986295223,-0.004601942375302315,0.8665563464164734
30.0,1293737.0,0.00567967165261507,-0.004601942375302315,0.9052910804748535
30.0,1293741.0,0.005482546053826809,-0.004601942375302315,0.9457578063011169
30.0,1293745.0,0.005244353320449591,-0.004601942375302315,0.9916005730628967
30.0,1293750.0,0.005039014387875795,-0.003067961661145091,0.7629551291465759
30.0,1293753.0,0.004882956854999065,-0.003067961661145091,0.7978822588920593
30.0,1293757.0,0.004673511255532503,-0.003067961661145091,0.8436328172683716
30.0,1293760.0,0.004476386122405529,-0.003067961661145091,0.8834827542304993
30.0,1293764.0,0.004324435256421566,-0.003067961661145091,0.923545241355896
30.0,1293768.0,0.004114989656955004,-0.003067961661145091,0.9667810797691345
30.0,1293771.0,0.003897330490872264,-0.0015339808305725455,0.7319589257240295
30.0,1293775.0,0.0037248460575938225,-0.0015339808305725455,0.7716257572174072
30.0,1293779.0,0.0035112935584038496,-0.0015339808305725455,0.8170369863510132
30.0,1293782.0,0.003248459892347455,-0.0015339808305725455,0.8703349232673645
30.0,1293788.0,0.003055441426113248,-0.0015339808305725455,0.9052122831344604
30.0,1293791.0,0.0028583162929862738,-0.0015339808305725455,0.9405182003974915
30.0,1293795.0,0.0027104723267257214,-0.0015339808305725455,0.9662842750549316
30.0,1293800.0,0.0024763860274106264,0.0,0.7400880455970764
30.0,1293804.0,0.002287474228069186,0.0,0.7751848101615906
30.0,1293808.0,0.0021149897947907448,0.0,0.8032803535461426
30.0,1293820.0,0.001642710529267788,0.0,0.8668538928031921
30.0,1293824.0,0.0014948665630072355,0.0,0.8834678530693054
30.0,1293828.0,0.0013470225967466831,0.0,0.9036411046981812
30.0,1293832.0,0.0011622176971286535,0.0,0.9193247556686401
30.0,1293837.0,0.0010143737308681011,0.0,0.934621274471283
30.0,1293841.0,0.0008665297646075487,0.0,0.949545681476593
30.0,1293844.0,0.0007515400648117065,0.0,0.9671025276184082
30.0,1293850.0,0.00045995894470252097,0.0,0.9985094666481018
30.0,1293855.0,0.0002258726890431717,0.0,1.032793402671814
30.0,1293860.0,3.285420825704932e-05,0.0,1.0702896118164062
30.0,1293864.0,-0.00017248459334950894,0.0015339808305725455,0.8242197632789612
30.0,1293868.0,-0.00039014374488033354,0.0015339808305725455,0.8772381544113159
30.0,1293872.0,-0.0006160164484754205,0.0015339808305725455,0.9092209935188293
30.0,1293875.0,-0.0007802874897606671,0.0015339808305725455,0.9482408165931702
30.0,1293880.0,-0.0010595482308417559,0.0015339808305725455,0.9890260696411133
30.0,1293884.0,-0.0012772073969244957,0.0015339808305725455,0.7648473978042603
30.0,1293888.0,-0.0014989733463153243,0.003067961661145091,0.8090178966522217
30.0,1293892.0,-0.001720739179290831,0.003067961661145091,0.8393534421920776
30.0,1293896.0,-0.0019342915620654821,0.003067961661145091,0.8858745098114014
30.0,1293900.0,-0.0021396304946392775,0.003067961661145091,0.9188874363899231
30.0,1293904.0,-0.002340862527489662,0.003067961661145091,0.9479566216468811
30.0,1293911.0,-0.0027063654270023108,0.004601942375302315,0.731017529964447
30.0,1293916.0,-0.002956878859549761,0.004601942375302315,0.7810356616973877
30.0,1293920.0,-0.003149897325783968,0.004601942375302315,0.8092129826545715
30.0,1293925.0,-0.003416837891563773,0.004601942375302315,0.8425784111022949
30.0,1293930.0,-0.0035893223248422146,0.004601942375302315,0.8630965948104858
30.0,1293934.0,-0.003757700091227889,0.004601942375302315,0.8773826360702515
30.0,1293938.0,-0.00391786452382803,0.004601942375302315,0.8925727605819702
30.0,1293941.0,-0.0040821353904902935,0.004601942375302315,0.908928632736206
30.0,1293945.0,-0.004201231990009546,0.004601942375302315,0.9233950972557068
30.0,1293949.0,-0.00439835712313652,0.004601942375302315,0.9360400438308716
30.0,1293953.0,-0.0045626284554600716,0.004601942375302315,0.951367199420929
30.0,1293957.0,-0.004681725054979324,0.004601942375302315,0.9648849368095398
30.0,1293961.0,-0.004841889254748821,0.004601942375302315,0.9744568467140198
30.0,1293964.0,-0.004969199188053608,0.006135923322290182,0.722602128982544
30.0,1293969.0,-0.0052279261872172356,0.006135923322290182,0.7647674679756165
30.0,1293974.0,-0.005453798919916153,0.006135923322290182,0.7834595441818237
30.0,1293979.0,-0.005622176453471184,0.006135923322290182,0.8033175468444824
30.0,1293982.0,-0.0057412730529904366,0.006135923322290182,0.8196930289268494
30.0,1293987.0,-0.005979466252028942,0.006135923322290182,0.8385105729103088
30.0,1293992.0,-0.006135523784905672,0.006135923322290182,0.8525952696800232
30.0,1293995.0,-0.0062546199187636375,0.006135923322290182,0.8663551211357117
30.0,1293999.0,-0.0064106774516403675,0.006135923322290182,0.8798030018806458
30.0,1294003.0,-0.006558521650731564,0.006135923322290182,0.8874784111976624
30.0,1294007.0,-0.006710472051054239,0.006135923322290182,0.8990491032600403
30.0,1294010.0,-0.006825461983680725,0.006135923322290182,0.9103879332542419
30.0,1294014.0,-0.006985626183450222,0.006135923322290182,0.9221073985099792
30.0,1294019.0,-0.0072073922492563725,0.006135923322290182,0.9523177146911621
30.0,1294023.0,-0.007392196916043758,0.0076699042692780495,0.7064077258110046
30.0,1294028.0,-0.007630390115082264,0.0076699042692780495,0.7366575598716736
30.0,1294032.0,-0.007815195247530937,0.0076699042692780495,0.7630669474601746
30.0,1294037.0,-0.00803285464644432,0.0076699042692780495,0.7902090549468994
30.0,1294041.0,-0.008193018846213818,0.0076699042692780495,0.8090552687644958
30.0,1294045.0,-0.008344968780875206,0.0076699042692780495,0.8216689825057983
30.0,1294049.0,-0.008480492979288101,0.0076699042692780495,0.8266348838806152
30.0,1294055.0,-0.008669404312968254,0.0076699042692780495,0.8298919200897217
30.0,1294060.0,-0.008825462311506271,0.0076699042692780495,0.8330780863761902
30.0,1294064.0,-0.008948665112257004,0.0076699042692780495,0.8368433713912964
30.0,1294068.0,-0.009080082178115845,0.0076699042692780495,0.8421473503112793
30.0,1294072.0,-0.009207392111420631,0.0076699042692780495,0.8444839119911194
30.0,1294077.0,-0.009363450109958649,0.0076699042692780495,0.8483829498291016
30.0,1294080.0,-0.009486652910709381,0.0076699042692780495,0.8508517742156982
30.0,1294084.0,-0.009572895243763924,0.0076699042692780495,0.851967453956604
30.0,1294088.0,-0.009720738977193832,0.0076699042692780495,0.8517235517501831
30.0,1294092.0,-0.009806981310248375,0.0076699042692780495,0.8516688942909241
30.0,1294097.0,-0.009987679310142994,0.0076699042692780495,0.8563238382339478
30.0,1294103.0,-0.010139630176126957,0.0076699042692780495,0.8580438494682312
30.0,1294107.0,-0.010262833908200264,0.0076699042692780495,0.8614442944526672
30.0,1294112.0,-0.010410677641630173,0.0076699042692780495,0.8634849190711975
30.0,1294117.0,-0.010558521375060081,0.0076699042692780495,0.8672142624855042
30.0,1294122.0,-0.010714579373598099,0.0076699042692780495,0.8708844780921936
30.0,1294127.0,-0.010878849774599075,0.0076699042692780495,0.8792096376419067
30.0,1294131.0,-0.011022587306797504,0.00920388475060463,0.6270147562026978
30.0,1294136.0,-0.011207392439246178,0.00920388475060463,0.6480766534805298
30.0,1294140.0,-0.011338808573782444,0.00920388475060463,0.6582128405570984
30.0,1294144.0,-0.011478438973426819,0.00920388475060463,0.6622217893600464
30.0,1294149.0,-0.011581108905375004,0.00920388475060463,0.6631971597671509
30.0,1294153.0,-0.01167556457221508,0.00920388475060463,0.6614999175071716
30.0,1294158.0,-0.011790554039180279,0.00920388475060463,0.6570112705230713
30.0,1294164.0,-0.011905544437468052,0.00920388475060463,0.6471009254455566
30.0,1294168.0,-0.011971252970397472,0.00920388475060463,0.6319459676742554
30.0,1294173.0,-0.012049281038343906,0.0076699042692780495,0.8811090588569641
30.0,1294178.0,-0.012102669104933739,0.0076699042692780495,0.8517001867294312
30.0,1294182.0,-0.012139630503952503,0.0076699042692780495,0.831659734249115
30.0,1294186.0,-0.012188911437988281,0.0076699042692780495,0.8124855756759644
30.0,1294190.0,-0.012246406637132168,0.0076699042692780495,0.8016296625137329
30.0,1294193.0,-0.012303901836276054,0.0076699042692780495,0.7867628931999207
30.0,1294197.0,-0.012344969436526299,0.0076699042692780495,0.7725846171379089
30.0,1294201.0,-0.012406570836901665,0.0076699042692780495,0.7631154656410217
30.0,1294204.0,-0.012451745569705963,0.0076699042692780495,0.7515041828155518
30.0,1294208.0,-0.012533880770206451,0.0076699042692780495,0.7419084310531616
30.0,1294212.0,-0.012591375969350338,0.0076699042692780495,0.7380045652389526
30.0,1294215.0,-0.01264887023717165,0.0076699042692780495,0.733584463596344
30.0,1294219.0,-0.012735112570226192,0.0076699042692780495,0.7338981628417969
30.0,1294222.0,-0.012829569168388844,0.0076699042692780495,0.7349756956100464
30.0,1294228.0,-0.012952771969139576,0.0076699042692780495,0.7401900291442871
30.0,1294232.0,-0.013051334768533707,0.0076699042692780495,0.7428114414215088
30.0,1294236.0,-0.013149897567927837,0.0076699042692780495,0.7463078498840332
30.0,1294239.0,-0.013215606100857258,0.0076699042692780495,0.746870219707489
30.0,1294244.0,-0.013318275101482868,0.0076699042692780495,0.7430870532989502
30.0,1294248.0,-0.013392196968197823,0.0076699042692780495,0.7380996942520142
30.0,1294260.0,-0.013593428768217564,0.0076699042692780495,0.7178028225898743
30.0,1294264.0,-0.013655031099915504,0.0076699042692780495,0.7082323431968689
30.0,1294268.0,-0.01371663250029087,0.0076699042692780495,0.7021892666816711
30.0,1294272.0,-0.013778233900666237,0.0076699042692780495,0.694997251033783
30.0,1294275.0,-0.013815195299685001,0.0076699042692780495,0.6837470531463623
30.0,1294279.0,-0.0138603700324893,0.0076699042692780495,0.6700405478477478
30.0,1294283.0,-0.01389733050018549,0.0076699042692780495,0.6594110131263733
30.0,1294288.0,-0.013934291899204254,0.0076699042692780495,0.6318545937538147
30.0,1294292.0,-0.013946612365543842,0.006135923322290182,0.8778303861618042
30.0,1294296.0,-0.013950718566775322,0.006135923322290182,0.8479515314102173
30.0,1294299.0,-0.013954825699329376,0.006135923322290182,0.8267090320587158
30.0,1294303.0,-0.013967146165668964,0.006135923322290182,0.8033218383789062
30.0,1294307.0,-0.013979465700685978,0.006135923322290182,0.7794203758239746
30.0,1294310.0,-0.01399589329957962,0.006135923322290182,0.763228178024292
30.0,1294314.0,-0.014008213765919209,0.006135923322290182,0.7475314736366272
30.0,1294318.0,-0.014016427099704742,0.006135923322290182,0.7243713140487671
30.0,1294321.0,-0.014024640433490276,0.006135923322290182,0.7021365761756897
30.0,1294325.0,-0.01402874756604433,0.004601942375302315,0.9486830234527588
30.0,1294329.0,-0.01402874756604433,0.004601942375302315,0.9193090200424194
30.0,1294333.0,-0.01402874756604433,0.004601942375302315,0.8980407118797302
30.0,1294336.0,-0.014041068032383919,0.004601942375302315,0.8751003742218018
30.0,1294340.0,-0.014053388498723507,0.004601942375302315,0.8596240878105164
30.0,1294343.0,-0.01406570803374052,0.004601942375302315,0.8412255048751831
30.0,1294347.0,-0.014090348966419697,0.004601942375302315,0.8235705494880676
30.0,1294350.0,-0.014102669432759285,0.004601942375302315,0.8096874952316284
30.0,1294354.0,-0.014123203232884407,0.004601942375302315,0.7933133244514465
30.0,1294358.0,-0.014135523699223995,0.004601942375302315,0.7788793444633484
30.0,1294361.0,-0.014143737033009529,0.004601942375302315,0.7608011364936829
30.0,1294364.0,-0.014151950366795063,0.004601942375302315,0.7473570108413696
30.0,1294368.0,-0.014160164631903172,0.004601942375302315,0.7276030778884888
30.0,1294371.0,-0.014164270833134651,0.004601942375302315,0.7136844396591187
30.0,1294374.0,-0.014164270833134651,0.003067961661145091,0.9680497646331787
30.0,1294378.0,-0.014164270833134651,0.003067961661145091,0.942754328250885
30.0,1294382.0,-0.014172484166920185,0.003067961661145091,0.9214053750038147
30.0,1294386.0,-0.014184804633259773,0.003067961661145091,0.9038870334625244
30.0,1294389.0,-0.01420944556593895,0.003067961661145091,0.8941959142684937
30.0,1294393.0,-0.014229979366064072,0.003067961661145091,0.8848299384117126
30.0,1294396.0,-0.014266940765082836,0.003067961661145091,0.8762702941894531
30.0,1294400.0,-0.014299795031547546,0.003067961661145091,0.869566798210144
30.0,1294404.0,-0.01434496883302927,0.003067961661145091,0.8669875264167786
30.0,1294408.0,-0.014398356899619102,0.003067961661145091,0.8652364015579224
30.0,1294411.0,-0.014455852098762989,0.003067961661145091,0.8651126027107239
30.0,1294417.0,-0.014533881098031998,0.003067961661145091,0.8672865033149719
30.0,1294420.0,-0.01458726916462183,0.003067961661145091,0.871731162071228
30.0,1294424.0,-0.01465708389878273,0.004601942375302315,0.609043300151825
30.0,1294428.0,-0.014747433364391327,0.004601942375302315,0.6233910322189331
30.0,1294432.0,-0.01480082143098116,0.004601942375302315,0.6266399621963501
30.0,1294436.0,-0.014837781898677349,0.004601942375302315,0.6274380683898926
30.0,1294440.0,-0.01486652996391058,0.004601942375302315,0.623254120349884
30.0,1294443.0,-0.014878850430250168,0.004601942375302315,0.6139371395111084
30.0,1294455.0,-0.014895277097821236,0.004601942375302315,0.5786627531051636
30.0,1294459.0,-0.014895277097821236,0.004601942375302315,0.5619450211524963
30.0,1294463.0,-0.014895277097821236,0.003067961661145091,0.8201586008071899
30.0,1294468.0,-0.014895277097821236,0.003067961661145091,0.7973639369010925
30.0,1294471.0,-0.01489938423037529,0.003067961661145091,0.7814235091209412
30.0,1294475.0,-0.01490349043160677,0.003067961661145091,0.7634983658790588
30.0,1294481.0,-0.014911704696714878,0.003067961661145091,0.748924970626831
30.0,1294484.0,-0.014911704696714878,0.003067961661145091,0.7334305644035339
30.0,1294488.0,-0.014911704696714878,0.003067961661145091,0.7185467481613159
30.0,1294492.0,-0.014911704696714878,0.003067961661145091,0.7077699899673462
30.0,1294495.0,-0.014911704696714878,0.003067961661145091,0.6938973069190979
30.0,1294499.0,-0.014915810897946358,0.003067961661145091,0.682059109210968
30.0,1294503.0,-0.014915810897946358,0.003067961661145091,0.669205904006958
30.0,1294507.0,-0.014915810897946358,0.003067961661145091,0.6568591594696045
30.0,1294511.0,-0.014915810897946358,0.003067961661145091,0.6479194760322571
30.0,1294514.0,-0.014915810897946358,0.003067961661145091,0.6364115476608276
30.0,1294518.0,-0.014915810897946358,0.003067961661145091,0.6253570318222046
30.0,1294522.0,-0.014915810897946358,0.003067961661145091,0.6173529624938965
30.0,1294526.0,-0.014915810897946358,0.003067961661145091,0.6045376658439636
30.0,1294530.0,-0.014915810897946358,0.003067961661145091,0.5947391390800476
30.0,1294534.0,-0.014915810897946358,0.003067961661145091,0.5876444578170776
30.0,1294537.0,-0.014915810897946358,0.003067961661145091,0.5785115957260132
30.0,1294541.0,-0.014915810897946358,0.003067961661145091,0.5697385668754578
30.0,1294544.0,-0.014915810897946358,0.0015339808305725455,0.8327534794807434
30.0,1294549.0,-0.014915810897946358,0.0015339808305725455,0.8185924291610718
30.0,1294552.0,-0.014915810897946358,0.0015339808305725455,0.8049893379211426
30.0,1294556.0,-0.014919918030500412,0.0015339808305725455,0.7934105396270752
30.0,1294560.0,-0.014919918030500412,0.0015339808305725455,0.7839099168777466
30.0,1294563.0,-0.014924024231731892,0.0015339808305725455,0.7731677889823914
30.0,1294567.0,-0.014924024231731892,0.0015339808305725455,0.7613674998283386
30.0,1294571.0,-0.014924024231731892,0.0015339808305725455,0.7500321269035339
30.0,1294575.0,-0.014928131364285946,0.0015339808305725455,0.7433263063430786
30.0,1294579.0,-0.014928131364285946,0.0015339808305725455,0.7327082753181458
30.0,1294582.0,-0.014928131364285946,0.0015339808305725455,0.7225086092948914
30.0,1294586.0,-0.014928131364285946,0.0015339808305725455,0.7127108573913574
30.0,1294589.0,-0.014928131364285946,0.0015339808305725455,0.7056167721748352
30.0,1294593.0,-0.014928131364285946,0.0015339808305725455,0.6987333297729492
30.0,1294597.0,-0.014928131364285946,0.0015339808305725455,0.6898724436759949
30.0,1294600.0,-0.014928131364285946,0.0015339808305725455,0.68136066198349
30.0,1294605.0,-0.014928131364285946,0.0015339808305725455,0.6711910963058472
30.0,1294609.0,-0.014928131364285946,0.0015339808305725455,0.665330171585083
30.0,1294612.0,-0.014928131364285946,0.0015339808305725455,0.6577854752540588
30.0,1294615.0,-0.014928131364285946,0.0015339808305725455,0.6523227095603943
30.0,1294620.0,-0.014928131364285946,0.0015339808305725455,0.6452905535697937
30.0,1294623.0,-0.014928131364285946,0.0015339808305725455,0.6401988863945007
30.0,1294627.0,-0.014928131364285946,0.0015339808305725455,0.6336445212364197
30.0,1294630.0,-0.014928131364285946,0.0015339808305725455,0.6273483633995056
30.0,1294634.0,-0.014928131364285946,0.0015339808305725455,0.6213002800941467
30.0,1294638.0,-0.014928131364285946,0.0015339808305725455,0.6169211864471436
30.0,1294641.0,-0.014928131364285946,0.0015339808305725455,0.6112839579582214
30.0,1294653.0,-0.014928131364285946,0.0015339808305725455,0.5969009399414062
30.0,1294657.0,-0.014928131364285946,0.0015339808305725455,0.59087073802948
30.0,1294660.0,-0.014928131364285946,0.0015339808305725455,0.5873953700065613
30.0,1294664.0,-0.014928131364285946,0.0015339808305725455,0.5840232968330383
30.0,1294668.0,-0.014928131364285946,0.0015339808305725455,0.5796824097633362
30.0,1294672.0,-0.014928131364285946,0.0015339808305725455,0.5755125880241394
30.0,1294675.0,-0.014928131364285946,0.0015339808305725455,0.5715070366859436
30.0,1294679.0,-0.014928131364285946,0.0015339808305725455,0.5676593780517578
30.0,1294683.0,-0.014928131364285946,0.0015339808305725455,0.564873456954956
30.0,1294687.0,-0.014928131364285946,0.0015339808305725455,0.5612871646881104
30.0,1294690.0,-0.014928131364285946,0.0015339808305725455,0.5578421950340271
30.0,1294694.0,-0.014928131364285946,0.0015339808305725455,0.5545329451560974
30.0,1294698.0,-0.014928131364285946,0.0015339808305725455,0.5521368980407715
30.0,1294701.0,-0.014928131364285946,0.0015339808305725455,0.5490524768829346
30.0,1294704.0,-0.014928131364285946,0.0015339808305725455,0.5468191504478455
30.0,1294708.0,-0.014928131364285946,0.0015339808305725455,0.5439442992210388
30.0,1294712.0,-0.014928131364285946,0.0015339808305725455,0.5411826968193054
30.0,1294716.0,-0.014928131364285946,0.0015339808305725455,0.5391831398010254
30.0,1294720.0,-0.014928131364285946,0.0015339808305725455,0.5366091728210449
30.0,1294723.0,-0.014928131364285946,0.0015339808305725455,0.5341365933418274
30.0,1294728.0,-0.014928131364285946,0.0015339808305725455,0.5317614674568176
30.0,1294733.0,-0.014928131364285946,0.0015339808305725455,0.5289236903190613
30.0,1294736.0,-0.014928131364285946,0.0015339808305725455,0.5267539620399475
30.0,1294740.0,-0.014928131364285946,0.0015339808305725455,0.5246697664260864
30.0,1294744.0,-0.014928131364285946,0.0015339808305725455,0.5231606364250183
30.0,1294748.0,-0.014928131364285946,0.003067961661145091,0.2573614716529846
30.0,1294752.0,-0.014928131364285946,0.003067961661145091,0.26030173897743225
30.0,1294755.0,-0.014928131364285946,0.003067961661145091,0.26408669352531433
30.0,1294760.0,-0.014928131364285946,0.003067961661145091,0.2677225172519684
30.0,1294764.0,-0.014928131364285946,0.003067961661145091,0.2712150812149048
30.0,1294768.0,-0.014928131364285946,0.003067961661145091,0.2745700180530548
30.0,1294771.0,-0.014928131364285946,0.003067961661145091,0.277792751789093
30.0,1294775.0,-0.014928131364285946,0.003067961661145091,0.28088849782943726
30.0,1294779.0,-0.014928131364285946,0.003067961661145091,0.28236064314842224
30.0,1294783.0,-0.014924024231731892,0.003067961661145091,0.28527000546455383
30.0,1294787.0,-0.014924024231731892,0.003067961661145091,0.28806471824645996
30.0,1294792.0,-0.014924024231731892,0.003067961661145091,0.29140374064445496
30.0,1294796.0,-0.014924024231731892,0.003067961661145091,0.2939567565917969
30.0,1294800.0,-0.014924024231731892,0.003067961661145091,0.29640915989875793
30.0,1294804.0,-0.014924024231731892,0.003067961661145091,0.2987649440765381
30.0,1294809.0,-0.014924024231731892,0.003067961661145091,0.3015795648097992
30.0,1294814.0,-0.014924024231731892,0.003067961661145091,0.3037315905094147
30.0,1294818.0,-0.014924024231731892,0.003067961661145091,0.30579882860183716
30.0,1294822.0,-0.014924024231731892,0.003067961661145091,0.3082687258720398
30.0,1294827.0,-0.014924024231731892,0.003067961661145091,0.3101571798324585
30.0,1294831.0,-0.014924024231731892,0.003067961661145091,0.3119712471961975
30.0,1294835.0,-0.014924024231731892,0.003067961661145091,0.31371381878852844
30.0,1294839.0,-0.014924024231731892,0.003067961661145091,0.31538769602775574
30.0,1294842.0,-0.014924024231731892,0.003067961661145091,0.31699565052986145
30.0,1294846.0,-0.014924024231731892,0.003067961661145091,0.3185402452945709
30.0,1294859.0,-0.014924024231731892,0.003067961661145091,0.323152095079422
30.0,1294863.0,-0.014924024231731892,0.003067961661145091,0.3241334855556488
30.0,1294867.0,-0.014924024231731892,0.003067961661145091,0.32570478320121765
30.0,1294871.0,-0.014924024231731892,0.004601942375302315,0.06056128814816475
30.0,1294875.0,-0.014924024231731892,0.004601942375302315,0.06585193425416946
30.0,1294879.0,-0.014924024231731892,0.004601942375302315,0.07266249507665634
30.0,1294882.0,-0.014919918030500412,0.004601942375302315,0.07773008197546005
30.0,1294886.0,-0.014919918030500412,0.004601942375302315,0.08406618982553482
30.0,1294890.0,-0.014915810897946358,0.004601942375302315,0.08869077265262604
30.0,1294893.0,-0.014915810897946358,0.004601942375302315,0.0931362733244896
30.0,1294898.0,-0.014915810897946358,0.004601942375302315,0.09885890781879425
30.0,1294902.0,-0.014911704696714878,0.004601942375302315,0.10288140922784805
30.0,1294905.0,-0.014911704696714878,0.004601942375302315,0.1082136332988739
30.0,1294909.0,-0.014911704696714878,0.004601942375302315,0.1133357509970665
30.0,1294914.0,-0.014911704696714878,0.004601942375302315,0.11825603991746902
30.0,1294919.0,-0.014911704696714878,0.004601942375302315,0.1252753585577011
30.0,1294923.0,-0.014911704696714878,0.004601942375302315,0.1286294311285019
30.0,1294927.0,-0.014911704696714878,0.004601942375302315,0.13294708728790283
30.0,1294932.0,-0.014911704696714878,0.004601942375302315,0.13910669088363647
30.0,1294936.0,-0.014911704696714878,0.004601942375302315,0.14301149547100067
30.0,1294940.0,-0.014911704696714878,0.004601942375302315,0.1467624455690384
30.0,1294944.0,-0.014911704696714878,0.004601942375302315,0.14947833120822906
30.0,1294948.0,-0.014911704696714878,0.004601942375302315,0.152974471449852
30.0,1294951.0,-0.014907597564160824,0.006135923322290182,-0.11452243477106094
30.0,1294955.0,-0.014907597564160824,0.006135923322290182,-0.10754091292619705
30.0,1294959.0,-0.014907597564160824,0.006135923322290182,-0.09855372458696365
30.0,1294962.0,-0.01490349043160677,0.006135923322290182,-0.091408871114254
30.0,1294967.0,-0.014895277097821236,0.006135923322290182,-0.08601350337266922
30.0,1294970.0,-0.014887063764035702,0.006135923322290182,-0.08083027601242065
30.0,1294974.0,-0.014878850430250168,0.006135923322290182,-0.0778498649597168
30.0,1294978.0,-0.014874743297696114,0.006135923322290182,-0.06778187304735184
30.0,1294984.0,-0.014874743297696114,0.006135923322290182,-0.06041262671351433
30.0,1294988.0,-0.014874743297696114,0.006135923322290182,-0.053109653294086456
30.0,1294992.0,-0.01487063616514206,0.006135923322290182,-0.04799565300345421
30.0,1294995.0,-0.01487063616514206,0.006135923322290182,-0.041412461549043655
30.0,1294999.0,-0.01487063616514206,0.006135923322290182,-0.035088665783405304
30.0,1295003.0,-0.01487063616514206,0.006135923322290182,-0.029014062136411667
30.0,1295007.0,-0.01487063616514206,0.006135923322290182,-0.024615703150629997
30.0,1295010.0,-0.01487063616514206,0.0076699042692780495,-0.28381025791168213
30.0,1295014.0,-0.01487063616514206,0.0076699042692780495,-0.2753341794013977
30.0,1295019.0,-0.014858316630125046,0.0076699042692780495,-0.2650167942047119
30.0,1295023.0,-0.014841889031231403,0.0076699042692780495,-0.25900232791900635
30.0,1295028.0,-0.014825462363660336,0.0076699042692780495,-0.25470560789108276
30.0,1295031.0,-0.014809034764766693,0.0076699042692780495,-0.25060418248176575
30.0,1295035.0,-0.014792608097195625,0.0076699042692780495,-0.24915260076522827
30.0,1295039.0,-0.014776180498301983,0.0076699042692780495,-0.24532128870487213
30.0,1295042.0,-0.014763860031962395,0.0076699042692780495,-0.24166624248027802
30.0,1295048.0,-0.014747433364391327,0.0076699042692780495,-0.2343856543302536
30.0,1295052.0,-0.014739220030605793,0.0076699042692780495,-0.22825662791728973
30.0,1295058.0,-0.014731005765497684,0.0076699042692780495,-0.21804893016815186
30.0,1295070.0,-0.014702258631587029,0.00920388475060463,-0.4601438343524933
30.0,1295074.0,-0.014673511497676373,0.00920388475060463,-0.45723387598991394
30.0,1295078.0,-0.014640657231211662,0.00920388475060463,-0.45714083313941956
30.0,1295082.0,-0.014595482498407364,0.00920388475060463,-0.45921021699905396
30.0,1295085.0,-0.014562628231942654,0.00920388475060463,-0.46241697669029236
30.0,1295089.0,-0.014513347297906876,0.00920388475060463,-0.4685441553592682
30.0,1295093.0,-0.014459959231317043,0.00920388475060463,-0.4730115830898285
30.0,1295097.0,-0.014406571164727211,0.00920388475060463,-0.47778505086898804
30.0,1295100.0,-0.014369609765708447,0.00920388475060463,-0.4820297658443451
30.0,1295104.0,-0.014303901232779026,0.00920388475060463,-0.4876853823661804
30.0,1295110.0,-0.01424229983240366,0.00920388475060463,-0.4926908016204834
30.0,1295113.0,-0.014201232232153416,0.00920388475060463,-0.4995677173137665
30.0,1295118.0,-0.014123203232884407,0.00920388475060463,-0.5101479887962341
30.0,1295122.0,-0.014053388498723507,0.00920388475060463,-0.5186840295791626
30.0,1295125.0,-0.01399589329957962,0.00920388475060463,-0.5322458148002625
30.0,1295129.0,-0.01389733050018549,0.00920388475060463,-0.5454081296920776
30.0,1295133.0,-0.01383162196725607,0.00920388475060463,-0.5576212406158447
30.0,1295136.0,-0.013749486766755581,0.00920388475060463,-0.5714695453643799
30.0,1295140.0,-0.013687885366380215,0.00920388475060463,-0.584900438785553
30.0,1295144.0,-0.013605749234557152,0.00920388475060463,-0.5979306101799011
30.0,1295148.0,-0.013523614034056664,0.00920388475060463,-0.6074493527412415
30.0,1295151.0,-0.013466118834912777,0.00920388475060463,-0.6183404326438904
30.0,1295155.0,-0.013383983634412289,0.00920388475060463,-0.627417266368866
30.0,1295158.0,-0.0133018484339118,0.00920388475060463,-0.6392140984535217
30.0,1295162.0,-0.013232032768428326,0.00920388475060463,-0.6551260352134705
30.0,1295165.0,-0.01313757710158825,0.00920388475060463,-0.6663800477981567
30.0,1295169.0,-0.013063655234873295,0.00920388475060463,-0.6829525828361511
30.0,1295172.0,-0.012965092435479164,0.0076699042692780495,-0.4272049069404602
30.0,1295176.0,-0.01289117056876421,0.0076699042692780495,-0.4473394453525543
30.0,1295180.0,-0.012809035368263721,0.0076699042692780495,-0.45866844058036804
30.0,1295183.0,-0.012763860635459423,0.0076699042692780495,-0.46446648240089417
30.0,1295187.0,-0.012722793035209179,0.00920388475060463,-0.7298531532287598
30.0,1295194.0,-0.012673511169850826,0.00920388475060463,-0.7114580869674683
30.0,1295198.0,-0.012640656903386116,0.00920388475060463,-0.7012868523597717
30.0,1295202.0,-0.012607802636921406,0.00920388475060463,-0.6935676336288452
30.0,1295207.0,-0.012562627904117107,0.00920388475060463,-0.6876789331436157
30.0,1295210.0,-0.012537987902760506,0.00920388475060463,-0.6821061968803406
30.0,1295213.0,-0.012496920302510262,0.010737866163253784,-0.9448246359825134
30.0,1295217.0,-0.012459958903491497,0.010737866163253784,-0.9338389039039612
30.0,1295221.0,-0.012414784170687199,0.010737866163253784,-0.9322460889816284
30.0,1295225.0,-0.012340862303972244,0.010737866163253784,-0.9382401704788208
30.0,1295230.0,-0.012209445238113403,0.010737866163253784,-0.9530020356178284
30.0,1295234.0,-0.012073921971023083,0.010737866163253784,-0.9848917722702026
30.0,1295238.0,-0.01191786490380764,0.010737866163253784,-1.0175046920776367
30.0,1295241.0,-0.0117412731051445,0.00920388475060463,-0.7774946689605713
30.0,1295246.0,-0.011498973704874516,0.00920388475060463,-0.8381973505020142
30.0,1295250.0,-0.011347022838890553,0.00920388475060463,-0.8875895142555237
30.0,1295254.0,-0.011145790107548237,0.00920388475060463,-0.9239358901977539
30.0,1295257.0,-0.010940452106297016,0.0076699042692780495,-0.7041270732879639
30.0,1295262.0,-0.010731006041169167,0.0076699042692780495,-0.7580203413963318
30.0,1295265.0,-0.010587269440293312,0.0076699042692780495,-0.8026889562606812
30.0,1295269.0,-0.010394250974059105,0.0076699042692780495,-0.8488688468933105
30.0,1295273.0,-0.010201231576502323,0.0076699042692780495,-0.8810334801673889
30.0,1295277.0,-0.010004106909036636,0.006135923322290182,-0.6598014831542969
30.0,1295280.0,-0.009852156043052673,0.006135923322290182,-0.7092961072921753
30.0,1295283.0,-0.009708418510854244,0.006135923322290182,-0.7412391901016235
30.0,1295287.0,-0.009527720510959625,0.006135923322290182,-0.7709231376647949
30.0,1295290.0,-0.00938809011131525,0.006135923322290182,-0.8108566999435425
30.0,1295295.0,-0.009154004044830799,0.006135923322290182,-0.5921816229820251
30.0,1295299.0,-0.008965092711150646,0.004601942375302315,-0.6367034316062927
30.0,1295302.0,-0.008776180446147919,0.004601942375302315,-0.668369472026825
30.0,1295308.0,-0.008566735312342644,0.004601942375302315,-0.7206116318702698
30.0,1295312.0,-0.008394250646233559,0.004601942375302315,-0.7457983493804932
30.0,1295315.0,-0.008225873112678528,0.004601942375302315,-0.7779613733291626
30.0,1295319.0,-0.008098562248051167,0.004601942375302315,-0.8106081485748291
30.0,1295323.0,-0.007921971380710602,0.004601942375302315,-0.8351476192474365
30.0,1295327.0,-0.007753593381494284,0.003067961661145091,-0.5951603651046753
30.0,1295330.0,-0.007626283448189497,0.003067961661145091,-0.6311174631118774
30.0,1295333.0,-0.007457905448973179,0.003067961661145091,-0.6550772786140442
30.0,1295337.0,-0.007351129315793514,0.003067961661145091,-0.6787309050559998
30.0,1295340.0,-0.0072073922492563725,0.003067961661145091,-0.6956381797790527
30.0,1295344.0,-0.007112936116755009,0.003067961661145091,-0.7106701135635376
30.0,1295348.0,-0.007002053316682577,0.003067961661145091,-0.7179571390151978
30.0,1295351.0,-0.0069199176505208015,0.003067961661145091,-0.72649085521698
30.0,1295355.0,-0.006821355316787958,0.003067961661145091,-0.7305671572685242
30.0,1295358.0,-0.006731006316840649,0.003067961661145091,-0.7329860329627991
30.0,1295362.0,-0.006657083984464407,0.004601942375302315,-1.0034078359603882
30.0,1295365.0,-0.006583162117749453,0.004601942375302315,-1.0029255151748657
30.0,1295369.0,-0.006472279317677021,0.004601942375302315,-1.010043740272522
30.0,1295372.0,-0.006369609851390123,0.004601942375302315,-1.021629810333252
30.0,1295376.0,-0.00621765898540616,0.004601942375302315,-1.0359870195388794
30.0,1295379.0,-0.006086242385208607,0.004601942375302315,-1.0630627870559692
30.0,1295392.0,-0.005449691787362099,0.003067961661145091,-0.9050332307815552
30.0,1295396.0,-0.005203285254538059,0.003067961661145091,-0.9501137137413025
30.0,1295400.0,-0.0050513348542153835,0.003067961661145091,-0.9863895177841187
30.0,1295404.0,-0.004850102588534355,0.003067961661145091,-1.013262391090393
30.0,1295408.0,-0.004636550322175026,0.0015339808305725455,-0.7872488498687744
30.0,1295411.0,-0.004468172322958708,0.0015339808305725455,-0.8350993990898132
30.0,1295414.0,-0.004299794789403677,0.0015339808305725455,-0.8696109652519226
30.0,1295419.0,-0.003958932124078274,0.0015339808305725455,-0.9263140559196472
30.0,1295423.0,-0.0037864476907998323,0.0,-0.6907688975334167
30.0,1295427.0,-0.0035482547245919704,0.0,-0.7435823082923889
30.0,1295430.0,-0.0033716631587594748,0.0,-0.793184757232666
30.0,1295433.0,-0.003149897325783968,0.0,-0.8252530694007874
30.0,1295437.0,-0.0029815195593982935,0.0,-0.8678081631660461
30.0,1295440.0,-0.0027638603933155537,-0.0015339808305725455,-0.6287472248077393
30.0,1295444.0,-0.002595482626929879,-0.0015339808305725455,-0.6643317937850952
30.0,1295448.0,-0.0023778234608471394,-0.0015339808305725455,-0.7079616785049438
30.0,1295452.0,-0.0021765914279967546,-0.0015339808305725455,-0.7442993521690369
30.0,1295455.0,-0.00203696102835238,-0.0015339808305725455,-0.7736062407493591
30.0,1295459.0,-0.0018562627956271172,-0.0015339808305725455,-0.8005719184875488
30.0,1295463.0,-0.0016755646793171763,-0.0015339808305725455,-0.8202822804450989
30.0,1295467.0,-0.0014989733463153243,-0.0015339808305725455,-0.8492029905319214
30.0,1295470.0,-0.0013264886802062392,-0.003067961661145091,-0.6000380516052246
30.0,1295474.0,-0.0012032854137942195,-0.003067961661145091,-0.6243253350257874
30.0,1295478.0,-0.0010472278809174895,-0.003067961661145091,-0.6391032338142395
30.0,1295481.0,-0.0009363449644297361,-0.003067961661145091,-0.6606042981147766
30.0,1295487.0,-0.0007268993649631739,-0.003067961661145091,-0.6728387475013733
30.0,1295490.0,-0.0006324435235001147,-0.003067961661145091,-0.6818528175354004
30.0,1295494.0,-0.000509240257088095,-0.003067961661145091,-0.6866551041603088
30.0,1295499.0,-0.0003696098574437201,-0.0015339808305725455,-0.9596053957939148
30.0,1295503.0,-0.0002628336660563946,-0.0015339808305725455,-0.9569713473320007
30.0,1295507.0,-0.00016016427252907306,-0.0015339808305725455,-0.9510270953178406
30.0,1295511.0,-3.696098428918049e-05,-0.0015339808305725455,-0.9533767700195312
30.0,1295514.0,6.570841651409864e-05,-0.0015339808305725455,-0.960019588470459
30.0,1295518.0,0.00020944558491464704,-0.0015339808305725455,-0.9683122038841248
30.0,1295521.0,0.0003696098574437201,-0.0015339808305725455,-0.9836274981498718
30.0,1295525.0,0.0004969199071638286,-0.0015339808305725455,-1.0030405521392822
30.0,1295529.0,0.0006735112983733416,-0.0015339808305725455,-1.0249475240707397
30.0,1295532.0,0.0008624229812994599,-0.003067961661145091,-0.7761314511299133
30.0,1295536.0,0.0010595482308417559,-0.003067961661145091,-0.8087490797042847
30.0,1295540.0,0.0012032854137942195,-0.003067961661145091,-0.8404024243354797
30.0,1295544.0,0.001408624229952693,-0.003067961661145091,-0.8650152683258057
30.0,1295548.0,0.001605749479494989,-0.003067961661145091,-0.8949695825576782
30.0,1295551.0,0.00175770022906363,-0.003067961661145091,-0.9255528450012207
30.0,1295555.0,0.0019630389288067818,-0.004601942375302315,-0.6834139823913574
30.0,1295559.0,0.002172484528273344,-0.004601942375302315,-0.7211977243423462
30.0,1295562.0,0.0023162218276411295,-0.004601942375302315,-0.7519331574440002
30.0,1295566.0,0.0025092402938753366,-0.004601942375302315,-0.7817456722259521
30.0,1295570.0,0.002698151860386133,-0.004601942375302315,-0.8016778230667114
30.0,1295573.0,0.0028911703266203403,-0.004601942375302315,-0.8300624489784241
30.0,1295578.0,0.003084189025685191,-0.006135923322290182,-0.5912452340126038
30.0,1295590.0,0.003618069924414158,-0.006135923322290182,-0.6701167821884155
30.0,1295594.0,0.0037659136578440666,-0.006135923322290182,-0.6876378655433655
30.0,1295598.0,0.0039055440574884415,-0.006135923322290182,-0.6949194073677063
30.0,1295601.0,0.004032853990793228,-0.006135923322290182,-0.7010341286659241
30.0,1295605.0,0.004114989656955004,-0.006135923322290182,-0.7007609009742737
30.0,1295609.0,0.004217659123241901,-0.006135923322290182,-0.6955804228782654
30.0,1295614.0,0.004324435256421566,-0.006135923322290182,-0.6873596906661987
30.0,1295618.0,0.00439835712313652,-0.006135923322290182,-0.6751593351364136
30.0,1295621.0,0.004447638522833586,-0.006135923322290182,-0.6606053709983826
30.0,1295626.0,0.004537987522780895,-0.004601942375302315,-0.9067290425300598
30.0,1295630.0,0.004583162255585194,-0.004601942375302315,-0.8864237070083618
30.0,1295634.0,0.004657084122300148,-0.004601942375302315,-0.8758720755577087
30.0,1295638.0,0.0047474331222474575,-0.004601942375302315,-0.8673456907272339
30.0,1295641.0,0.004825462121516466,-0.004601942375302315,-0.8637343049049377
30.0,1295645.0,0.004940451588481665,-0.004601942375302315,-0.8663386106491089
30.0,1295649.0,0.005067761987447739,-0.004601942375302315,-0.8734771609306335
30.0,1295652.0,0.005203285254538059,-0.004601942375302315,-0.8802691102027893
30.0,1295656.0,0.005342915654182434,-0.004601942375302315,-0.890174150466919
30.0,1295660.0,0.005453798919916153,-0.004601942375302315,-0.9028833508491516
30.0,1295664.0,0.005605749320238829,-0.004601942375302315,-0.9137251973152161
30.0,1295668.0,0.005765913985669613,-0.004601942375302315,-0.9303413033485413
30.0,1295671.0,0.005889117252081633,-0.006135923322290182,-0.6817090511322021
30.0,1295675.0,0.00606160145252943,-0.006135923322290182,-0.7077951431274414
30.0,1295679.0,0.006225872784852982,-0.006135923322290182,-0.7286711931228638
30.0,1295682.0,0.006377823185175657,-0.006135923322290182,-0.7420926094055176
30.0,1295686.0,0.006525667384266853,-0.006135923322290182,-0.7576087117195129
30.0,1295690.0,0.006636550184339285,-0.006135923322290182,-0.7727574706077576
30.0,1295694.0,0.006788501050323248,-0.006135923322290182,-0.7853660583496094
30.0,1295698.0,0.006940451916307211,-0.006135923322290182,-0.8013062477111816
30.0,1295701.0,0.00708829564973712,-0.006135923322290182,-0.8153806924819946
30.0,1295705.0,0.0072032855823636055,-0.0076699042692780495,-0.5642480850219727
30.0,1295709.0,0.007351129315793514,-0.0076699042692780495,-0.5787383913993835
30.0,1295712.0,0.007462012115865946,-0.0076699042692780495,-0.5960922241210938
30.0,1295715.0,0.007601642515510321,-0.0076699042692780495,-0.6084348559379578
30.0,1295719.0,0.007696098648011684,-0.0076699042692780495,-0.6176086068153381
30.0,1295723.0,0.007811088114976883,-0.0076699042692780495,-0.6221619844436646
30.0,1295727.0,0.00793429184705019,-0.0076699042692780495,-0.6222842931747437
30.0,1295731.0,0.007995893247425556,-0.0076699042692780495,-0.6180095076560974
30.0,1295734.0,0.008057494647800922,-0.0076699042692780495,-0.6111177206039429
30.0,1295739.0,0.008143736980855465,-0.0076699042692780495,-0.5989965796470642
30.0,1295742.0,0.008205338381230831,-0.0076699042692780495,-0.5897130966186523
30.0,1295747.0,0.008266940712928772,-0.0076699042692780495,-0.5783506035804749
30.0,1295750.0,0.008308008313179016,-0.0076699042692780495,-0.5645817518234253
30.0,1295754.0,0.008373716846108437,-0.006135923322290182,-0.8177705407142639
30.0,1295758.0,0.008410677313804626,-0.006135923322290182,-0.7993777394294739
30.0,1295762.0,0.008472279645502567,-0.006135923322290182,-0.7879738211631775
30.0,1295765.0,0.0085256677120924,-0.006135923322290182,-0.7768083810806274
30.0,1295769.0,0.008603695780038834,-0.006135923322290182,-0.7691420316696167
30.0,1295773.0,0.008681724779307842,-0.006135923322290182,-0.7648023366928101
30.0,1295777.0,0.008767967112362385,-0.006135923322290182,-0.7607901692390442
30.0,1295789.0,0.00901026651263237,-0.006135923322290182,-0.7436083555221558
30.0,1295792.0,0.009088295511901379,-0.006135923322290182,-0.7390219569206238
30.0,1295797.0,0.009162217378616333,-0.006135923322290182,-0.7322221398353577
30.0,1295801.0,0.009256673976778984,-0.006135923322290182,-0.7250006198883057
30.0,1295805.0,0.00931827537715435,-0.006135923322290182,-0.7219923734664917
30.0,1295809.0,0.009396303445100784,-0.006135923322290182,-0.7177562713623047
30.0,1295812.0,0.009474332444369793,-0.006135923322290182,-0.7143785357475281
30.0,1295818.0,0.009560574777424335,-0.006135923322290182,-0.7056742906570435
30.0,1295822.0,0.009622176177799702,-0.006135923322290182,-0.6964742541313171
30.0,1295825.0,0.009675564244389534,-0.006135923322290182,-0.6847700476646423
30.0,1295830.0,0.009720738977193832,-0.006135923322290182,-0.6675959229469299
30.0,1295833.0,0.009753593243658543,-0.006135923322290182,-0.6556764245033264
30.0,1295837.0,0.009782341308891773,-0.006135923322290182,-0.6369220614433289
30.0,1295840.0,0.00981108844280243,-0.006135923322290182,-0.6230050921440125
30.0,1295844.0,0.009823408909142017,-0.006135923322290182,-0.6011765599250793
30.0,1295848.0,0.009835729375481606,-0.006135923322290182,-0.5839006304740906
30.0,1295851.0,0.009839835576713085,-0.004601942375302315,-0.8255449533462524
30.0,1295854.0,0.009839835576713085,-0.004601942375302315,-0.8021328449249268
30.0,1295858.0,0.00984394270926714,-0.004601942375302315,-0.7734830975532532
30.0,1295862.0,0.009852156043052673,-0.004601942375302315,-0.748931884765625
30.0,1295865.0,0.009860369376838207,-0.004601942375302315,-0.7293025851249695
30.0,1295869.0,0.009868582710623741,-0.004601942375302315,-0.7065045833587646
30.0,1295873.0,0.00988090317696333,-0.004601942375302315,-0.6896430253982544
30.0,1295877.0,0.009885010309517384,-0.004601942375302315,-0.6654766798019409
30.0,1295880.0,0.009889117442071438,-0.003067961661145091,-0.9071123003959656
30.0,1295883.0,0.009893223643302917,-0.003067961661145091,-0.8863002061843872
30.0,1295887.0,0.009901436977088451,-0.003067961661145091,-0.8620235919952393
30.0,1295890.0,0.00991375744342804,-0.003067961661145091,-0.8470614552497864
30.0,1295893.0,0.00994250550866127,-0.003067961661145091,-0.8340510129928589
30.0,1295898.0,0.009971252642571926,-0.003067961661145091,-0.8178231120109558
30.0,1295901.0,0.009999999776482582,-0.003067961661145091,-0.8052159547805786
30.0,1295904.0,0.010036961175501347,-0.003067961661145091,-0.7965129613876343
30.0,1295908.0,0.010069815441966057,-0.003067961661145091,-0.7878379821777344
30.0,1295912.0,0.010119096376001835,-0.003067961661145091,-0.7827140688896179
30.0,1295915.0,0.010160163976252079,-0.003067961661145091,-0.777660608291626
30.0,1295919.0,0.01022176630795002,-0.003067961661145091,-0.7758526802062988
30.0,1295922.0,0.010283367708325386,-0.003067961661145091,-0.7757283449172974
30.0,1295926.0,0.010336755774915218,-0.003067961661145091,-0.7800952792167664
30.0,1295931.0,0.010435318574309349,-0.003067961661145091,-0.783003568649292
30.0,1295934.0,0.01050102710723877,-0.003067961661145091,-0.7902979850769043
30.0,1295938.0,0.010587269440293312,-0.003067961661145091,-0.796048641204834
30.0,1295941.0,0.010652977041900158,-0.003067961661145091,-0.8073976039886475
30.0,1295946.0,0.010792607441544533,-0.004601942375302315,-0.5507789850234985
30.0,1295950.0,0.010858315974473953,-0.004601942375302315,-0.5631383061408997
30.0,1295953.0,0.010911704041063786,-0.004601942375302315,-0.566600501537323
30.0,1295957.0,0.010965092107653618,-0.004601942375302315,-0.5655530095100403
30.0,1295960.0,0.010997946374118328,-0.004601942375302315,-0.5627841949462891
30.0,1295964.0,0.011030800640583038,-0.004601942375302315,-0.5559808611869812
30.0,1295968.0,0.011055441573262215,-0.004601942375302315,-0.546264111995697
30.0,1295971.0,0.011071868240833282,-0.004601942375302315,-0.5354937314987183
30.0,1295984.0,0.011088295839726925,-0.003067961661145091,-0.7505722641944885
30.0,1295989.0,0.011100616306066513,-0.003067961661145091,-0.728208601474762
30.0,1295993.0,0.011117042973637581,-0.003067961661145091,-0.709928035736084
30.0,1295997.0,0.011141683906316757,-0.003067961661145091,-0.6974543929100037
30.0,1296001.0,0.011158110573887825,-0.003067961661145091,-0.6888208389282227
30.0,1296004.0,0.011174538172781467,-0.003067961661145091,-0.6787251234054565
30.0,1296009.0,0.011203285306692123,-0.003067961661145091,-0.6660054922103882
30.0,1296012.0,0.0112279262393713,-0.003067961661145091,-0.6584018468856812
30.0,1296016.0,0.011240246705710888,-0.003067961661145091,-0.6495417356491089
30.0,1296019.0,0.011256673373281956,-0.003067961661145091,-0.6396204233169556
30.0,1296022.0,0.011277207173407078,-0.003067961661145091,-0.6328314542770386
30.0,1296026.0,0.011289527639746666,-0.003067961661145091,-0.6221647262573242
30.0,1296030.0,0.011305955238640308,-0.003067961661145091,-0.6144582629203796
30.0,1296033.0,0.011314168572425842,-0.003067961661145091,-0.6055201292037964
30.0,1296036.0,0.011318274773657322,-0.003067961661145091,-0.5915355682373047
30.0,1296040.0,0.011322381906211376,-0.003067961661145091,-0.5781220197677612
30.0,1296043.0,0.011322381906211376,-0.003067961661145091,-0.5672929883003235
30.0,1296047.0,0.011322381906211376,-0.003067961661145091,-0.5533528923988342
30.0,1296050.0,0.011322381906211376,-0.003067961661145091,-0.5432595014572144
30.0,1296053.0,0.011322381906211376,-0.0015339808305725455,-0.8028329014778137
30.0,1296060.0,0.011322381906211376,-0.0015339808305725455,-0.7752225995063782
30.0,1296063.0,0.01132648903876543,-0.0015339808305725455,-0.7606955766677856
30.0,1296067.0,0.011338808573782444,-0.0015339808305725455,-0.750919759273529
30.0,1296070.0,0.011351129040122032,-0.0015339808305725455,-0.7403261065483093
30.0,1296074.0,0.011367556639015675,-0.0015339808305725455,-0.7301751971244812
30.0,1296078.0,0.011383983306586742,-0.0015339808305725455,-0.7228424549102783
30.0,1296081.0,0.011404517106711864,-0.0015339808305725455,-0.7148872017860413
30.0,1296085.0,0.011416837573051453,-0.0015339808305725455,-0.7058159112930298
30.0,1296089.0,0.01142915803939104,-0.0015339808305725455,-0.6956527829170227
30.0,1296092.0,0.011441478505730629,-0.0015339808305725455,-0.6879162192344666
30.0,1296095.0,0.011449691839516163,-0.0015339808305725455,-0.6804190874099731
30.0,1296099.0,0.011453798972070217,-0.0015339808305725455,-0.6683251857757568
30.0,1296103.0,0.011457905173301697,-0.0015339808305725455,-0.6567007303237915
30.0,1296107.0,0.011462012305855751,-0.0015339808305725455,-0.6486622095108032
30.0,1296110.0,0.011462012305855751,-0.0015339808305725455,-0.6363638639450073
30.0,1296114.0,0.011462012305855751,-0.0015339808305725455,-0.6245501041412354
30.0,1296119.0,0.011466119438409805,-0.0015339808305725455,-0.6119236350059509
30.0,1296122.0,0.011466119438409805,-0.0015339808305725455,-0.603749692440033
30.0,1296126.0,0.011466119438409805,-0.0015339808305725455,-0.5932275056838989
30.0,1296130.0,0.011466119438409805,-0.0015339808305725455,-0.5856088399887085
30.0,1296134.0,0.011466119438409805,-0.0015339808305725455,-0.5734106302261353
30.0,1296138.0,0.011466119438409805,-0.0015339808305725455,-0.5640838742256165
30.0,1296142.0,0.011466119438409805,-0.0015339808305725455,-0.557330846786499
30.0,1296145.0,0.011466119438409805,-0.0015339808305725455,-0.5486377477645874
30.0,1296149.0,0.011466119438409805,-0.0015339808305725455,-0.5402871370315552
30.0,1296152.0,0.011466119438409805,-0.0015339808305725455,-0.5342409014701843
30.0,1296156.0,0.011466119438409805,-0.0015339808305725455,-0.528374195098877
30.0,1296159.0,0.011466119438409805,-0.0015339808305725455,-0.5208221077919006
30.0,1296162.0,0.011466119438409805,-0.0015339808305725455,-0.5153539776802063
30.0,1296166.0,0.011466119438409805,-0.0015339808305725455,-0.5083149075508118
30.0,1296179.0,0.011466119438409805,-0.0015339808305725455,-0.4872976541519165
30.0,1296183.0,0.011466119438409805,-0.0015339808305725455,-0.4813641309738159
30.0,1296187.0,0.011466119438409805,-0.0015339808305725455,-0.4770679473876953
30.0,1296190.0,0.011466119438409805,0.0,-0.7378824353218079
30.0,1296194.0,0.011466119438409805,0.0,-0.7267049551010132
30.0,1296199.0,0.011470225639641285,0.0,-0.7174692153930664
30.0,1296203.0,0.011470225639641285,0.0,-0.7071025371551514
30.0,1296206.0,0.01147433277219534,0.0,-0.6986193060874939
30.0,1296210.0,0.01147433277219534,0.0,-0.689001739025116
30.0,1296214.0,0.011478438973426819,0.0,-0.6835393905639648
30.0,1296218.0,0.011478438973426819,0.0,-0.6745225191116333
30.0,1296221.0,0.011478438973426819,0.0,-0.6658608913421631
30.0,1296225.0,0.011478438973426819,0.0,-0.6575405597686768
30.0,1296229.0,0.011478438973426819,0.0,-0.6495481133460999
30.0,1296233.0,0.011478438973426819,0.0,-0.6437610983848572
30.0,1296236.0,0.011482546105980873,0.0,-0.6377735137939453
30.0,1296240.0,0.011482546105980873,0.0,-0.6323410868644714
30.0,1296243.0,0.011482546105980873,0.0,-0.6253479719161987
30.0,1296247.0,0.011482546105980873,0.0,-0.6202846169471741
30.0,1296250.0,0.011482546105980873,0.0,-0.613766610622406
30.0,1296254.0,0.011482546105980873,0.0,-0.6090471744537354
30.0,1296258.0,0.011482546105980873,0.0,-0.6029719710350037
30.0,1296261.0,0.011482546105980873,0.0,-0.5971361398696899
30.0,1296265.0,0.011482546105980873,0.0,-0.5915303230285645
30.0,1296269.0,0.011482546105980873,0.0,-0.5861453413963318
30.0,1296272.0,0.011482546105980873,0.0,-0.5822463035583496
30.0,1296275.0,0.011482546105980873,0.0,-0.578463077545166
30.0,1296280.0,0.011482546105980873,0.0,-0.573593020439148
30.0,1296283.0,0.011482546105980873,0.0,-0.5689148306846619
30.0,1296287.0,0.011482546105980873,0.0,-0.5655275583267212
30.0,1296290.0,0.011482546105980873,0.0,-0.5611671805381775
30.0,1296294.0,0.011482546105980873,0.0,-0.5580100417137146
30.0,1296297.0,0.011482546105980873,0.0,-0.5539458990097046
30.0,1296301.0,0.011482546105980873,0.0,-0.5510032176971436
30.0,1296304.0,0.011482546105980873,0.0,-0.5472152233123779
30.0,1296309.0,0.011482546105980873,0.0,-0.5435764193534851
30.0,1296313.0,0.011482546105980873,0.0,-0.5400810241699219
30.0,1296316.0,0.011482546105980873,0.0,-0.5367233157157898
30.0,1296320.0,0.011482546105980873,0.0,-0.5334979891777039
30.0,1296326.0,0.011482546105980873,0.0,-0.5288966298103333
30.0,1296330.0,0.011482546105980873,0.0,-0.5266979932785034
30.0,1296334.0,0.011482546105980873,0.0,-0.523867666721344
30.0,1296338.0,0.011482546105980873,0.0,-0.5211488604545593
30.0,1296341.0,0.011482546105980873,0.0,-0.518537163734436
30.0,1296345.0,0.011482546105980873,0.0,-0.5160284638404846
30.0,1296349.0,0.011482546105980873,0.0,-0.5142119526863098
30.0,1296352.0,0.011482546105980873,0.0,-0.5118736028671265
30.0,1296356.0,0.011482546105980873,0.0,-0.5096274614334106
30.0,1296360.0,0.011482546105980873,0.0,-0.5080010890960693
30.0,1296363.0,0.011482546105980873,0.0,-0.5059074759483337
30.0,1296376.0,0.011482546105980873,0.0,-0.49965640902519226
30.0,1296380.0,0.011482546105980873,0.0,-0.4978916347026825
30.0,1296384.0,0.011482546105980873,0.0,-0.49661383032798767
30.0,1296388.0,0.011482546105980873,0.0,-0.4949689507484436
30.0,1296391.0,0.011482546105980873,-0.0015339808305725455,-0.22704394161701202
30.0,1296395.0,0.011482546105980873,-0.0015339808305725455,-0.23139110207557678
30.0,1296399.0,0.011482546105980873,-0.0015339808305725455,-0.23556695878505707
30.0,1296403.0,0.011482546105980873,-0.0015339808305725455,-0.2385905236005783
30.0,1296407.0,0.011482546105980873,-0.0015339808305725455,-0.24248269200325012
30.0,1296410.0,0.011482546105980873,-0.0015339808305725455,-0.24622149765491486
30.0,1296414.0,0.011482546105980873,-0.0015339808305725455,-0.24892859160900116
30.0,1296418.0,0.011482546105980873,-0.0015339808305725455,-0.25241342186927795
30.0,1296422.0,0.011482546105980873,-0.0015339808305725455,-0.25576090812683105
30.0,1296425.0,0.011482546105980873,-0.0015339808305725455,-0.2589764893054962
30.0,1296429.0,0.011482546105980873,-0.0015339808305725455,-0.2628183960914612
30.0,1296433.0,0.011482546105980873,-0.0015339808305725455,-0.2650325298309326
30.0,1296438.0,0.011482546105980873,-0.0015339808305725455,-0.2678827941417694
30.0,1296441.0,0.011482546105980873,-0.0015339808305725455,-0.270620733499527
30.0,1296444.0,0.011482546105980873,-0.0015339808305725455,-0.2726031541824341
30.0,1296450.0,0.011482546105980873,-0.0015339808305725455,-0.2757771909236908
30.0,1296453.0,0.011482546105980873,-0.0015339808305725455,-0.278204083442688
30.0,1296457.0,0.011482546105980873,-0.0015339808305725455,-0.2799612581729889
30.0,1296460.0,0.011482546105980873,-0.0015339808305725455,-0.28222325444221497
30.0,1296464.0,0.011482546105980873,-0.0015339808305725455,-0.28386107087135315
30.0,1296468.0,0.011482546105980873,-0.0015339808305725455,-0.28596940636634827
30.0,1296472.0,0.011482546105980873,-0.0015339808305725455,-0.2879946529865265
30.0,1296475.0,0.011482546105980873,-0.0015339808305725455,-0.28994011878967285
30.0,1296479.0,0.011482546105980873,-0.0015339808305725455,-0.2918089032173157
30.0,1296483.0,0.011482546105980873,-0.0015339808305725455,-0.2931620180606842
30.0,1296487.0,0.011482546105980873,-0.0015339808305725455,-0.29490387439727783
30.0,1296490.0,0.011482546105980873,-0.0015339808305725455,-0.2965770661830902
30.0,1296495.0,0.011482546105980873,-0.0015339808305725455,-0.298184335231781
30.0,1296499.0,0.011482546105980873,-0.0015339808305725455,-0.29972827434539795
30.0,1296502.0,0.011482546105980873,-0.0015339808305725455,-0.3012113571166992
30.0,1296506.0,0.011482546105980873,-0.0015339808305725455,-0.3026360273361206
30.0,1296511.0,0.011482546105980873,-0.0015339808305725455,-0.3040045499801636
30.0,1296514.0,0.011482546105980873,-0.0015339808305725455,-0.3053191602230072
30.0,1296518.0,0.011482546105980873,-0.0015339808305725455,-0.3062709867954254
30.0,1296521.0,0.011482546105980873,-0.0015339808305725455,-0.3074962794780731
30.0,1296525.0,0.011482546105980873,-0.0015339808305725455,-0.30867329239845276
30.0,1296529.0,0.011482546105980873,-0.0015339808305725455,-0.30980393290519714
30.0,1296532.0,0.011482546105980873,-0.0015339808305725455,-0.31062257289886475
30.0,1296536.0,0.011482546105980873,-0.0015339808305725455,-0.31167638301849365
30.0,1296540.0,0.011482546105980873,-0.0015339808305725455,-0.3124394118785858
30.0,1296543.0,0.011482546105980873,-0.0015339808305725455,-0.31342166662216187
30.0,1296547.0,0.011482546105980873,-0.0015339808305725455,-0.3143651783466339
30.0,1296550.0,0.011482546105980873,-0.0015339808305725455,-0.31504833698272705
30.0,1296553.0,0.011482546105980873,-0.0015339808305725455,-0.31571123003959656
30.0,1296557.0,0.011482546105980873,-0.0015339808305725455,-0.31656453013420105
30.0,1296560.0,0.011482546105980873,-0.0015339808305725455,-0.31718236207962036
30.0,1296573.0,0.011482546105980873,-0.0015339808305725455,-0.31947562098503113
30.0,1296577.0,0.011482546105980873,-0.0015339808305725455,-0.3203524351119995
30.0,1296581.0,0.011482546105980873,-0.0015339808305725455,-0.3210228681564331
30.0,1296585.0,0.011482546105980873,-0.0015339808305725455,-0.3216668963432312
30.0,1296590.0,0.011482546105980873,-0.0015339808305725455,-0.3224363327026367
30.0,1296595.0,0.011482546105980873,-0.0015339808305725455,-0.3231680691242218
30.0,1296599.0,0.011482546105980873,-0.0015339808305725455,-0.323727548122406
30.0,1296603.0,0.011482546105980873,-0.0015339808305725455,-0.32413265109062195
30.0,1296607.0,0.011482546105980873,-0.003067961661145091,-0.05693285912275314
30.0,1296611.0,0.011482546105980873,-0.003067961661145091,-0.06335299462080002
30.0,1296616.0,0.011478438973426819,-0.003067961661145091,-0.06956172734498978
30.0,1296621.0,0.011478438973426819,-0.003067961661145091,-0.07834784686565399
30.0,1296627.0,0.01147433277219534,-0.003067961661145091,-0.08245619386434555
30.0,1296630.0,0.01147433277219534,-0.003067961661145091,-0.08785776793956757
30.0,1296634.0,0.01147433277219534,-0.003067961661145091,-0.09176881611347198
30.0,1296639.0,0.01147433277219534,-0.003067961661145091,-0.09924587607383728
30.0,1296642.0,0.01147433277219534,-0.003067961661145091,-0.10281867533922195
30.0,1296645.0,0.01147433277219534,-0.003067961661145091,-0.10628536343574524
30.0,1296649.0,0.01147433277219534,-0.003067961661145091,-0.10924636572599411
30.0,1296652.0,0.011470225639641285,-0.003067961661145091,-0.11251731961965561
30.0,1296655.0,0.011470225639641285,-0.003067961661145091,-0.11672794818878174
30.0,1296659.0,0.011470225639641285,-0.003067961661145091,-0.11977668851613998
30.0,1296663.0,0.011470225639641285,-0.003067961661145091,-0.12273486703634262
30.0,1296666.0,0.011470225639641285,-0.003067961661145091,-0.12654289603233337
30.0,1296670.0,0.011470225639641285,-0.003067961661145091,-0.13020087778568268
30.0,1296674.0,0.011470225639641285,-0.003067961661145091,-0.13284945487976074
30.0,1296678.0,0.011470225639641285,-0.003067961661145091,-0.13625892996788025
30.0,1296681.0,0.011470225639641285,-0.003067961661145091,-0.13953407108783722
30.0,1296684.0,0.011470225639641285,-0.003067961661145091,-0.14344710111618042
30.0,1296690.0,0.011470225639641285,-0.003067961661145091,-0.14570225775241852
30.0,1296693.0,0.011470225639641285,-0.003067961661145091,-0.14860527217388153
30.0,1296697.0,0.011470225639641285,-0.003067961661145091,-0.1507072150707245
30.0,1296700.0,0.011470225639641285,-0.003067961661145091,-0.15407265722751617
30.0,1296705.0,0.011470225639641285,-0.003067961661145091,-0.15664584934711456
30.0,1296709.0,0.011470225639641285,-0.004601942375302315,0.10722723603248596
30.0,1296712.0,0.011470225639641285,-0.004601942375302315,0.10101675987243652
30.0,1296716.0,0.011470225639641285,-0.004601942375302315,0.09452339261770248
30.0,1296720.0,0.011466119438409805,-0.004601942375302315,0.08869504928588867
30.0,1296723.0,0.011462012305855751,-0.004601942375302315,0.08266729861497879
30.0,1296727.0,0.011457905173301697,-0.004601942375302315,0.07687034457921982
30.0,1296731.0,0.011453798972070217,-0.004601942375302315,0.071321040391922
30.0,1296734.0,0.011453798972070217,-0.004601942375302315,0.06619634479284286
30.0,1296738.0,0.011449691839516163,-0.004601942375302315,0.0626988336443901
30.0,1296742.0,0.011449691839516163,-0.004601942375302315,0.056246109306812286
30.0,1296745.0,0.011449691839516163,-0.004601942375302315,0.05004764720797539
30.0,1296749.0,0.011449691839516163,-0.004601942375302315,0.04409342259168625
30.0,1296752.0,0.011449691839516163,-0.004601942375302315,0.03978224843740463
30.0,1296756.0,0.011445585638284683,-0.004601942375302315,0.035707175731658936
30.0,1296760.0,0.011445585638284683,-0.004601942375302315,0.03164990618824959
30.0,1296763.0,0.011445585638284683,-0.004601942375302315,0.02642703801393509
30.0,1296767.0,0.011445585638284683,-0.004601942375302315,0.021409979090094566
30.0,1296771.0,0.011445585638284683,-0.004601942375302315,0.016590606421232224
30.0,1296774.0,0.011445585638284683,-0.004601942375302315,0.013101113960146904
30.0,1296778.0,0.011445585638284683,-0.006135923322290182,0.2790822982788086
30.0,1296782.0,0.011445585638284683,-0.006135923322290182,0.2687397003173828
30.0,1296785.0,0.011445585638284683,-0.006135923322290182,0.25880464911460876
30.0,1296789.0,0.011437371373176575,-0.006135923322290182,0.25221115350723267
30.0,1296792.0,0.01142915803939104,-0.006135923322290182,0.24819937348365784
30.0,1296796.0,0.011425050906836987,-0.006135923322290182,0.2420755922794342
30.0,1296800.0,0.011416837573051453,-0.006135923322290182,0.23620593547821045
30.0,1296803.0,0.011408624239265919,-0.006135923322290182,0.23121050000190735
30.0,1296816.0,0.011400410905480385,-0.006135923322290182,0.20788978040218353
30.0,1296820.0,0.01139630377292633,-0.006135923322290182,0.20191121101379395
30.0,1296824.0,0.01139630377292633,-0.006135923322290182,0.19646543264389038
30.0,1296829.0,0.01139630377292633,-0.006135923322290182,0.18605434894561768
30.0,1296833.0,0.01139630377292633,-0.0076699042692780495,0.4474245011806488
30.0,1296837.0,0.01139630377292633,-0.0076699042692780495,0.4351555407047272
30.0,1296840.0,0.011388090439140797,-0.0076699042692780495,0.4278081953525543
30.0,1296844.0,0.011371662840247154,-0.0076699042692780495,0.4236220121383667
30.0,1296847.0,0.011355236172676086,-0.0076699042692780495,0.418255478143692
30.0,1296851.0,0.011338808573782444,-0.0076699042692780495,0.4160895049571991
30.0,1296854.0,0.011322381906211376,-0.0076699042692780495,0.4138154983520508
30.0,1296858.0,0.0112977409735322,-0.0076699042692780495,0.4116153120994568
30.0,1296861.0,0.011281314305961132,-0.0076699042692780495,0.40831223130226135
30.0,1296864.0,0.01126078050583601,-0.0076699042692780495,0.4063054025173187
30.0,1296868.0,0.011244352906942368,-0.0076699042692780495,0.4032692611217499
30.0,1296872.0,0.01123203244060278,-0.0076699042692780495,0.39847975969314575
30.0,1296875.0,0.011215605773031712,-0.0076699042692780495,0.39432185888290405
30.0,1296879.0,0.011207392439246178,-0.0076699042692780495,0.3874036967754364
30.0,1296883.0,0.011203285306692123,-0.0076699042692780495,0.38164910674095154
30.0,1296887.0,0.01119507197290659,-0.00920388475060463,0.6446033716201782
30.0,1296890.0,0.01119507197290659,-0.00920388475060463,0.6310105919837952
30.0,1296894.0,0.011182751506567001,-0.00920388475060463,0.6230311989784241
30.0,1296897.0,0.011170431040227413,-0.00920388475060463,0.6162337064743042
30.0,1296900.0,0.011141683906316757,-0.00920388475060463,0.613191545009613
30.0,1296904.0,0.011117042973637581,-0.00920388475060463,0.6117388010025024
30.0,1296908.0,0.011075975373387337,-0.00920388475060463,0.6128898859024048
30.0,1296911.0,0.011030800640583038,-0.00920388475060463,0.6155348420143127
30.0,1296915.0,0.010989733040332794,-0.00920388475060463,0.6200953722000122
30.0,1296918.0,0.010928131639957428,-0.00920388475060463,0.6285170912742615
30.0,1296922.0,0.010874743573367596,-0.00920388475060463,0.6396662592887878
30.0,1296926.0,0.010800821706652641,-0.00920388475060463,0.6534478664398193
30.0,1296930.0,0.010714579373598099,-0.00920388475060463,0.6660928726196289
30.0,1296933.0,0.010624229907989502,-0.00920388475060463,0.6834827065467834
30.0,1296937.0,0.010554415173828602,-0.00920388475060463,0.6969071626663208
30.0,1296942.0,0.010439424775540829,-0.00920388475060463,0.7181000113487244
30.0,1296946.0,0.010349076241254807,-0.00920388475060463,0.7338696122169495
30.0,1296950.0,0.01025872677564621,-0.0076699042692780495,0.4813109338283539
30.0,1296953.0,0.010168378241360188,-0.0076699042692780495,0.5020630359649658
30.0,1296958.0,0.010090349242091179,-0.0076699042692780495,0.5218828320503235
30.0,1296962.0,0.010020533576607704,-0.0076699042692780495,0.532455325126648
30.0,1296966.0,0.009958932176232338,-0.0076699042692780495,0.5412254929542542
30.0,1296970.0,0.009901436977088451,-0.0076699042692780495,0.5457839965820312
30.0,1296973.0,0.009839835576713085,-0.00920388475060463,0.8220375776290894
30.0,1296978.0,0.009782341308891773,-0.00920388475060463,0.8228217363357544
30.0,1296981.0,0.009728952310979366,-0.00920388475060463,0.8281030654907227
30.0,1296985.0,0.009646817110478878,-0.00920388475060463,0.8368169665336609
30.0,1296990.0,0.009515400044620037,-0.00920388475060463,0.8588675260543823
30.0,1296993.0,0.009392197243869305,-0.0076699042692780495,0.6175552010536194
30.0,1296997.0,0.009268993511795998,-0.0076699042692780495,0.6461440324783325
30.0,1297001.0,0.00918685831129551,-0.0076699042692780495,0.6678723096847534
30.0,1297014.0,0.008862422779202461,-0.0076699042692780495,0.7218456864356995
30.0,1297018.0,0.00876385997980833,-0.0076699042692780495,0.7382758855819702
30.0,1297021.0,0.008665298111736774,-0.0076699042692780495,0.7542122006416321
30.0,1297025.0,0.008591375313699245,-0.0076699042692780495,0.7658527493476868
30.0,1297029.0,0.008496919646859169,-0.0076699042692780495,0.7794704437255859
30.0,1297032.0,0.008427104912698269,-0.0076699042692780495,0.7927122712135315
30.0,1297035.0,0.008332649245858192,-0.0076699042692780495,0.8020166158676147
30.0,1297040.0,0.008238192647695541,-0.0076699042692780495,0.8146267533302307
30.0,1297043.0,0.008168377913534641,-0.0076699042692780495,0.8269135355949402
30.0,1297047.0,0.00806981511414051,-0.0076699042692780495,0.8370081782341003
30.0,1297050.0,0.0079671461135149,-0.0076699042692780495,0.8516256213188171
30.0,1297054.0,0.007885009981691837,-0.0076699042692780495,0.8687908053398132
30.0,1297060.0,0.007708419114351273,-0.0076699042692780495,0.8987311124801636
30.0,1297064.0,0.007581108715385199,-0.0076699042692780495,0.9146976470947266
30.0,1297068.0,0.007449692115187645,-0.0076699042692780495,0.9373810291290283
30.0,1297071.0,0.007355235982686281,-0.0076699042692780495,0.9564124941825867
30.0,1297075.0,0.007223819382488728,-0.0076699042692780495,0.974052906036377
30.0,1297078.0,0.00708829564973712,-0.0076699042692780495,0.9964566826820374
30.0,1297082.0,0.006977412849664688,-0.0076699042692780495,1.0226271152496338
30.0,1297086.0,0.006784394383430481,-0.0076699042692780495,1.0509469509124756
30.0,1297090.0,0.006661191117018461,-0.006135923322290182,0.8119907379150391
30.0,1297094.0,0.006492813117802143,-0.006135923322290182,0.8401771187782288
30.0,1297098.0,0.006320328451693058,-0.006135923322290182,0.8776546120643616
30.0,1297101.0,0.006151950918138027,-0.006135923322290182,0.9124627113342285
30.0,1297105.0,0.006020533852279186,-0.006135923322290182,0.939704179763794
30.0,1297108.0,0.005839835852384567,-0.006135923322290182,0.9769867062568665
30.0,1297112.0,0.005708418786525726,-0.006135923322290182,1.0131220817565918
30.0,1297118.0,0.005420944653451443,-0.004601942375302315,0.7916989326477051
30.0,1297122.0,0.005215605720877647,-0.004601942375302315,0.8400217890739441
30.0,1297125.0,0.005002053454518318,-0.004601942375302315,0.8897108435630798
30.0,1297129.0,0.004792607855051756,-0.004601942375302315,0.9362872242927551
30.0,1297134.0,0.0045913755893707275,-0.004601942375302315,0.9883586168289185
30.0,1297138.0,0.0043860371224582195,-0.003067961661145091,0.752830445766449
30.0,1297142.0,0.004160164389759302,-0.003067961661145091,0.8070713877677917
30.0,1297145.0,0.003987679723650217,-0.003067961661145091,0.8595010042190552
30.0,1297149.0,0.0037043120246380568,-0.003067961661145091,0.9117187857627869
30.0,1297153.0,0.003540041157975793,-0.0015339808305725455,0.6789389848709106
30.0,1297157.0,0.003322381991893053,-0.0015339808305725455,0.7298188805580139
30.0,1297160.0,0.003166324459016323,-0.0015339808305725455,0.7760574817657471
30.0,1297164.0,0.0029691990930587053,-0.0015339808305725455,0.8049205541610718
30.0,1297168.0,0.0027843941934406757,-0.0015339808305725455,0.839848518371582
30.0,1297171.0,0.0026529773604124784,-0.0015339808305725455,0.8692373037338257
30.0,1297175.0,0.0024928131606429815,-0.0015339808305725455,0.8869935274124146
30.0,1297180.0,0.002291581127792597,-0.0015339808305725455,0.9167155623435974
30.0,1297183.0,0.0021765914279967546,0.0,0.6701252460479736
30.0,1297187.0,0.0020205338951200247,0.0,0.6981536746025085
30.0,1297191.0,0.0018685831455513835,0.0,0.7152689099311829
30.0,1297195.0,0.0017043121624737978,0.0,0.7395265698432922
30.0,1297200.0,0.001585215562954545,0.0,0.7468464374542236
30.0,1297203.0,0.0014743326464667916,0.0,0.7549517154693604
30.0,1297216.0,0.0011581109138205647,-0.0015339808305725455,1.030042290687561
30.0,1297220.0,0.001034907647408545,-0.0015339808305725455,1.0352996587753296
30.0,1297224.0,0.0008706365479156375,-0.0015339808305725455,1.0464752912521362
30.0,1297229.0,0.0007227925816550851,-0.0015339808305725455,1.0618733167648315
30.0,1297232.0,0.0005995893152430654,-0.0015339808305725455,1.0828213691711426
30.0,1297236.0,0.0004188911698292941,-0.0015339808305725455,1.11208975315094
30.0,1297240.0,0.00021765913697890937,0.0,0.8678225874900818
30.0,1297243.0,5.749486808781512e-05,0.0,0.9103406071662903
30.0,1297247.0,-0.0001642710412852466,0.0,0.944298505783081
30.0,1297250.0,-0.00039014374488033354,0.0,0.9888376593589783
30.0,1297254.0,-0.0005585215403698385,0.0,1.0319873094558716
30.0,1297258.0,-0.0007843942730687559,0.0,1.0630885362625122
30.0,1297261.0,-0.0010225872974842787,0.0015339808305725455,0.8435227274894714
30.0,1297265.0,-0.0012032854137942195,0.0015339808305725455,0.8931801915168762
30.0,1297269.0,-0.0014332649298012257,0.0015339808305725455,0.9382898211479187
30.0,1297273.0,-0.00166324432939291,0.0015339808305725455,0.9711880087852478
30.0,1297277.0,-0.0018932238453999162,0.003067961661145091,0.7475071549415588
30.0,1297280.0,-0.0020616017282009125,0.003067961661145091,0.7917377352714539
30.0,1297284.0,-0.0022751539945602417,0.003067961661145091,0.8217687606811523
30.0,1297288.0,-0.002484599594026804,0.003067961661145091,0.8592313528060913
30.0,1297291.0,-0.0026324435602873564,0.003067961661145091,0.8911066651344299
30.0,1297295.0,-0.0028295686934143305,0.004601942375302315,0.6450215578079224
30.0,1297298.0,-0.0030184804927557707,0.004601942375302315,0.6782829165458679
30.0,1297302.0,-0.003149897325783968,0.004601942375302315,0.7060772180557251
30.0,1297307.0,-0.0033593429252505302,0.004601942375302315,0.7326468825340271
30.0,1297311.0,-0.0035071868915110826,0.004601942375302315,0.7445928454399109
30.0,1297314.0,-0.0036139630246907473,0.004601942375302315,0.7571965456008911
30.0,1297318.0,-0.0037453798577189445,0.004601942375302315,0.766545295715332
30.0,1297323.0,-0.003897330490872264,0.004601942375302315,0.7721350193023682
30.0,1297327.0,-0.004008213523775339,0.004601942375302315,0.7731010317802429
30.0,1297330.0,-0.004090349189937115,0.004601942375302315,0.7734977602958679
30.0,1297334.0,-0.004193018656224012,0.004601942375302315,0.7740722894668579
30.0,1297338.0,-0.004295687656849623,0.004601942375302315,0.7723655700683594
30.0,1297342.0,-0.0043901437893509865,0.003067961661145091,1.0351603031158447
30.0,1297345.0,-0.004459958989173174,0.003067961661145091,1.0245442390441895
30.0,1297349.0,-0.00455441465601325,0.003067961661145091,1.0189653635025024
30.0,1297353.0,-0.004661190789192915,0.003067961661145091,1.0153883695602417
30.0,1297357.0,-0.004780287388712168,0.003067961661145091,1.0163519382476807
30.0,1297360.0,-0.0048788501881062984,0.003067961661145091,1.0219147205352783
30.0,1297364.0,-0.005014373920857906,0.003067961661145091,1.0275790691375732
30.0,1297368.0,-0.005170430988073349,0.003067961661145091,1.041980504989624
30.0,1297372.0,-0.005342915654182434,0.003067961661145091,1.0619845390319824
30.0,1297375.0,-0.005482546053826809,0.003067961661145091,1.0873955488204956
30.0,1297379.0,-0.00567967165261507,0.004601942375302315,0.8486900925636292
30.0,1297383.0,-0.005889117252081633,0.004601942375302315,0.8763218522071838
30.0,1297387.0,-0.006106776185333729,0.004601942375302315,0.915608823299408
30.0,1297390.0,-0.006266940385103226,0.004601942375302315,0.9522257447242737
30.0,1297394.0,-0.006476385984569788,0.004601942375302315,0.977473258972168
30.0,1297398.0,-0.006677618250250816,0.004601942375302315,1.0077651739120483
30.0,1297401.0,-0.006833675783127546,0.006135923322290182,0.7752974629402161
30.0,1297413.0,-0.007474332582205534,0.006135923322290182,0.8788756132125854
30.0,1297418.0,-0.00772484578192234,0.0076699042692780495,0.6508938074111938
30.0,1297422.0,-0.007930184714496136,0.0076699042692780495,0.6966462135314941
30.0,1297426.0,-0.008119096048176289,0.0076699042692780495,0.7236489653587341
30.0,1297431.0,-0.008324434980750084,0.0076699042692780495,0.7439830899238586
30.0,1297436.0,-0.008496919646859169,0.0076699042692780495,0.7587327361106873
30.0,1297440.0,-0.008616016246378422,0.0076699042692780495,0.7619845271110535
30.0,1297444.0,-0.008735112845897675,0.0076699042692780495,0.7633302807807922
30.0,1297447.0,-0.00883778277784586,0.0076699042692780495,0.7612974047660828
30.0,1297452.0,-0.008944558911025524,0.0076699042692780495,0.7605223655700684
30.0,1297456.0,-0.009051335044205189,0.0076699042692780495,0.7584429979324341
30.0,1297460.0,-0.009145790711045265,0.0076699042692780495,0.7544440031051636
30.0,1297464.0,-0.009244353510439396,0.0076699042692780495,0.7513589859008789
30.0,1297468.0,-0.009334702044725418,0.0076699042692780495,0.7455993890762329
30.0,1297471.0,-0.009396303445100784,0.0076699042692780495,0.7372714877128601
30.0,1297475.0,-0.009470226243138313,0.0076699042692780495,0.7283495664596558
30.0,1297479.0,-0.00953593384474516,0.0076699042692780495,0.7117450833320618
30.0,1297482.0,-0.009593429043889046,0.0076699042692780495,0.6992760896682739
30.0,1297487.0,-0.009642710909247398,0.006135923322290182,0.9491733908653259
30.0,1297493.0,-0.009712525643408298,0.006135923322290182,0.9134601354598999
30.0,1297497.0,-0.009770020842552185,0.006135923322290182,0.8910757899284363
30.0,1297500.0,-0.00984394270926714,0.006135923322290182,0.8829988837242126
30.0,1297504.0,-0.00990965124219656,0.006135923322290182,0.8761698603630066
30.0,1297508.0,-0.009999999776482582,0.006135923322290182,0.8712060451507568
30.0,1297512.0,-0.010090349242091179,0.006135923322290182,0.8680807948112488
30.0,1297515.0,-0.01018891204148531,0.006135923322290182,0.8670258522033691
30.0,1297520.0,-0.010279260575771332,0.006135923322290182,0.8628526926040649
30.0,1297523.0,-0.010344969108700752,0.006135923322290182,0.8589853048324585
30.0,1297527.0,-0.010435318574309349,0.006135923322290182,0.8555237054824829
30.0,1297530.0,-0.010521560907363892,0.006135923322290182,0.8506871461868286
30.0,1297534.0,-0.010591375641524792,0.006135923322290182,0.8491389155387878
30.0,1297538.0,-0.010689938440918922,0.006135923322290182,0.8507886528968811
30.0,1297542.0,-0.010796714574098587,0.006135923322290182,0.852459192276001
30.0,1297545.0,-0.01088295690715313,0.006135923322290182,0.8586848974227905
30.0,1297549.0,-0.011002053506672382,0.006135923322290182,0.8678346276283264
30.0,1297553.0,-0.011129363439977169,0.006135923322290182,0.8753234148025513
30.0,1297556.0,-0.01126078050583601,0.006135923322290182,0.8870937824249268
30.0,1297560.0,-0.011355236172676086,0.006135923322290182,0.89713054895401
30.0,1297564.0,-0.011490759439766407,0.006135923322290182,0.9071409702301025
30.0,1297568.0,-0.011630389839410782,0.006135923322290182,0.9212112426757812
30.0,1297571.0,-0.011737165972590446,0.0076699042692780495,0.671563446521759
30.0,1297575.0,-0.01188501063734293,0.0076699042692780495,0.6882008910179138
30.0,1297579.0,-0.012016426771879196,0.0076699042692780495,0.7038540244102478
30.0,1297582.0,-0.012106776237487793,0.0076699042692780495,0.7146710157394409
30.0,1297586.0,-0.012217659503221512,0.0076699042692780495,0.7207962870597839
30.0,1297590.0,-0.012312115170061588,0.0076699042692780495,0.7224224209785461
30.0,1297594.0,-0.01240246370434761,0.0076699042692780495,0.7218279838562012
30.0,1297598.0,-0.012488706037402153,0.0076699042692780495,0.7206869721412659
30.0,1297601.0,-0.012554414570331573,0.0076699042692780495,0.7212271094322205
30.0,1297605.0,-0.01264887023717165,0.0076699042692780495,0.7233750224113464
30.0,1297620.0,-0.013039014302194118,0.0076699042692780495,0.7435958981513977
30.0,1297623.0,-0.013117043301463127,0.00920388475060463,0.48218315839767456
30.0,1297627.0,-0.01324024610221386,0.00920388475060463,0.4899781346321106
30.0,1297631.0,-0.013297741301357746,0.00920388475060463,0.4886978268623352
30.0,1297636.0,-0.013359342701733112,0.00920388475060463,0.47661885619163513
30.0,1297640.0,-0.013383983634412289,0.0076699042692780495,0.7261602878570557
30.0,1297644.0,-0.013392196968197823,0.0076699042692780495,0.7043828964233398
30.0,1297648.0,-0.013396304100751877,0.0076699042692780495,0.6758564710617065
30.0,1297652.0,-0.01340451743453741,0.0076699042692780495,0.649935245513916
30.0,1297655.0,-0.013416837900876999,0.0076699042692780495,0.6265367269515991
30.0,1297659.0,-0.013425051234662533,0.0076699042692780495,0.6026175618171692
30.0,1297663.0,-0.013429158367216587,0.0076699042692780495,0.5781656503677368
30.0,1297667.0,-0.013429158367216587,0.006135923322290182,0.8195403814315796
30.0,1297670.0,-0.013433264568448067,0.006135923322290182,0.7985144853591919
30.0,1297674.0,-0.013437371701002121,0.006135923322290182,0.7709863781929016
30.0,1297678.0,-0.01344969216734171,0.006135923322290182,0.7544021010398865
30.0,1297682.0,-0.013466118834912777,0.006135923322290182,0.7264189720153809
30.0,1297687.0,-0.013486652635037899,0.006135923322290182,0.7076826691627502
30.0,1297690.0,-0.013503080233931541,0.006135923322290182,0.6897430419921875
30.0,1297694.0,-0.013523614034056664,0.006135923322290182,0.6771555542945862
30.0,1297699.0,-0.01354825496673584,0.006135923322290182,0.6501849293708801
30.0,1297703.0,-0.013560574501752853,0.006135923322290182,0.6373186707496643
30.0,1297707.0,-0.013577002100646496,0.004601942375302315,0.8886275887489319
30.0,1297710.0,-0.013589322566986084,0.004601942375302315,0.8668408989906311
30.0,1297714.0,-0.013605749234557152,0.004601942375302315,0.8510832190513611
30.0,1297718.0,-0.013638603501021862,0.004601942375302315,0.8367471694946289
30.0,1297721.0,-0.013675564900040627,0.004601942375302315,0.8245289325714111
30.0,1297726.0,-0.013724845834076405,0.004601942375302315,0.8155179023742676
30.0,1297730.0,-0.013774127699434757,0.004601942375302315,0.8103826642036438
30.0,1297734.0,-0.013823408633470535,0.004601942375302315,0.8038392663002014
30.0,1297738.0,-0.013876796700060368,0.004601942375302315,0.7990924715995789
30.0,1297741.0,-0.013913758099079132,0.004601942375302315,0.7916528582572937
30.0,1297745.0,-0.013954825699329376,0.004601942375302315,0.7831019759178162
30.0,1297749.0,-0.013991786167025566,0.004601942375302315,0.7734642624855042
30.0,1297752.0,-0.014024640433490276,0.004601942375302315,0.765422523021698
30.0,1297756.0,-0.014053388498723507,0.004601942375302315,0.7536278367042542
30.0,1297760.0,-0.014069815166294575,0.004601942375302315,0.7393661737442017
30.0,1297764.0,-0.014090348966419697,0.004601942375302315,0.7294345498085022
30.0,1297768.0,-0.014102669432759285,0.004601942375302315,0.7132341265678406
30.0,1297771.0,-0.014110882766544819,0.004601942375302315,0.6962028741836548
30.0,1297774.0,-0.014114989899098873,0.004601942375302315,0.6831325888633728
30.0,1297779.0,-0.014119096100330353,0.004601942375302315,0.6658316254615784
30.0,1297782.0,-0.014119096100330353,0.004601942375302315,0.6477441191673279
30.0,1297786.0,-0.014119096100330353,0.004601942375302315,0.6303694248199463
30.0,1297790.0,-0.014119096100330353,0.004601942375302315,0.617789089679718
30.0,1297794.0,-0.014119096100330353,0.004601942375302315,0.6015946865081787
30.0,1297798.0,-0.014119096100330353,0.004601942375302315,0.5860384106636047
30.0,1297801.0,-0.014119096100330353,0.004601942375302315,0.5710950493812561
30.0,1297804.0,-0.014119096100330353,0.004601942375302315,0.5602753162384033
30.0,1297809.0,-0.014119096100330353,0.003067961661145091,0.8092966675758362
30.0,1297822.0,-0.014123203232884407,0.003067961661145091,0.7556962966918945
30.0,1297828.0,-0.014123203232884407,0.003067961661145091,0.730461061000824
30.0,1297832.0,-0.014123203232884407,0.003067961661145091,0.7144634127616882
30.0,1297835.0,-0.014123203232884407,0.003067961661145091,0.699096143245697
30.0,1297839.0,-0.014123203232884407,0.003067961661145091,0.6843344569206238
30.0,1297842.0,-0.014123203232884407,0.003067961661145091,0.673646092414856
30.0,1297847.0,-0.014123203232884407,0.003067961661145091,0.6598871946334839
30.0,1297850.0,-0.014123203232884407,0.003067961661145091,0.6466704607009888
30.0,1297854.0,-0.014123203232884407,0.003067961661145091,0.6371008157730103
30.0,1297857.0,-0.014123203232884407,0.003067961661145091,0.6247819066047668
30.0,1297861.0,-0.014123203232884407,0.003067961661145091,0.6129484176635742
30.0,1297864.0,-0.014123203232884407,0.003067961661145091,0.6043803691864014
30.0,1297869.0,-0.014123203232884407,0.003067961661145091,0.5933508276939392
30.0,1297872.0,-0.014123203232884407,0.003067961661145091,0.5827558636665344
30.0,1297876.0,-0.014123203232884407,0.003067961661145091,0.5725783705711365
30.0,1297880.0,-0.014123203232884407,0.003067961661145091,0.5628019571304321
30.0,1297884.0,-0.014123203232884407,0.003067961661145091,0.555723249912262
30.0,1297888.0,-0.014123203232884407,0.0015339808305725455,0.8159779906272888
30.0,1297891.0,-0.014123203232884407,0.0015339808305725455,0.8012407422065735
30.0,1297895.0,-0.014123203232884407,0.0015339808305725455,0.7905701398849487
30.0,1297899.0,-0.014127310365438461,0.0015339808305725455,0.7783090472221375
30.0,1297902.0,-0.014127310365438461,0.0015339808305725455,0.7650624513626099
30.0,1297906.0,-0.014127310365438461,0.0015339808305725455,0.7523378729820251
30.0,1297910.0,-0.014127310365438461,0.0015339808305725455,0.7431246042251587
30.0,1297913.0,-0.014127310365438461,0.0015339808305725455,0.7312644720077515
30.0,1297917.0,-0.014127310365438461,0.0015339808305725455,0.7198716998100281
30.0,1297920.0,-0.014127310365438461,0.0015339808305725455,0.7116226553916931
30.0,1297924.0,-0.014127310365438461,0.0015339808305725455,0.7010038495063782
30.0,1297928.0,-0.014127310365438461,0.0015339808305725455,0.6908034086227417
30.0,1297932.0,-0.014127310365438461,0.0015339808305725455,0.6810049414634705
30.0,1297937.0,-0.014127310365438461,0.0015339808305725455,0.6707992553710938
30.0,1297941.0,-0.014131416566669941,0.0015339808305725455,0.6640125513076782
30.0,1297944.0,-0.014131416566669941,0.0015339808305725455,0.6552761793136597
30.0,1297948.0,-0.014131416566669941,0.0015339808305725455,0.646884024143219
30.0,1297953.0,-0.014131416566669941,0.0015339808305725455,0.6368573307991028
30.0,1297957.0,-0.014131416566669941,0.0015339808305725455,0.6291909217834473
30.0,1297960.0,-0.014131416566669941,0.0015339808305725455,0.6236400604248047
30.0,1297964.0,-0.014131416566669941,0.0015339808305725455,0.6164945363998413
30.0,1297968.0,-0.014131416566669941,0.0015339808305725455,0.6096305251121521
30.0,1297972.0,-0.014131416566669941,0.0015339808305725455,0.6046606302261353
30.0,1297975.0,-0.014131416566669941,0.0015339808305725455,0.5982629060745239
30.0,1297979.0,-0.014131416566669941,0.0015339808305725455,0.5921173095703125
30.0,1297983.0,-0.014131416566669941,0.0015339808305725455,0.5876675844192505
30.0,1297987.0,-0.014131416566669941,0.0015339808305725455,0.5819394588470459
30.0,1297990.0,-0.014131416566669941,0.0015339808305725455,0.5764370560646057
30.0,1297994.0,-0.014131416566669941,0.0015339808305725455,0.5711514949798584
30.0,1297998.0,-0.014131416566669941,0.0015339808305725455,0.5673244595527649
30.0,1298002.0,-0.014131416566669941,0.0015339808305725455,0.5611969828605652
30.0,1298006.0,-0.014131416566669941,0.0015339808305725455,0.5565118789672852
30.0,1298010.0,-0.014131416566669941,0.0015339808305725455,0.5531196594238281
30.0,1298022.0,-0.014131416566669941,0.0015339808305725455,0.5405287742614746
30.0,1298026.0,-0.014131416566669941,0.0015339808305725455,0.5357145071029663
30.0,1298030.0,-0.014131416566669941,0.0015339808305725455,0.5329399704933167
30.0,1298033.0,-0.014131416566669941,0.0015339808305725455,0.5293684005737305
30.0,1298037.0,-0.014131416566669941,0.0015339808305725455,0.5259374976158142
30.0,1298040.0,-0.014131416566669941,0.0015339808305725455,0.5234533548355103
30.0,1298044.0,-0.014131416566669941,0.0015339808305725455,0.5202555656433105
30.0,1298048.0,-0.014131416566669941,0.0015339808305725455,0.5179401636123657
30.0,1298052.0,-0.014131416566669941,0.0015339808305725455,0.5149595737457275
30.0,1298055.0,-0.014131416566669941,0.0015339808305725455,0.5120964646339417
30.0,1298061.0,-0.014131416566669941,0.0015339808305725455,0.5080119371414185
30.0,1298065.0,-0.014131416566669941,0.0015339808305725455,0.5060601830482483
30.0,1298068.0,-0.014131416566669941,0.0015339808305725455,0.503547728061676
30.0,1298072.0,-0.014131416566669941,0.0015339808305725455,0.5011342763900757
30.0,1298076.0,-0.014131416566669941,0.0015339808305725455,0.49881595373153687
30.0,1298080.0,-0.014131416566669941,0.0015339808305725455,0.4971373379230499
30.0,1298083.0,-0.014131416566669941,0.0015339808305725455,0.4949764907360077
30.0,1298087.0,-0.014131416566669941,0.0015339808305725455,0.4929007887840271
30.0,1298090.0,-0.014131416566669941,0.003067961661145091,0.2220308482646942
30.0,1298094.0,-0.014131416566669941,0.003067961661145091,0.22608020901679993
30.0,1298098.0,-0.014131416566669941,0.003067961661145091,0.22901217639446259
30.0,1298102.0,-0.014131416566669941,0.003067961661145091,0.23278644680976868
30.0,1298105.0,-0.014127310365438461,0.003067961661145091,0.2349240928888321
30.0,1298109.0,-0.014127310365438461,0.003067961661145091,0.23845899105072021
30.0,1298113.0,-0.014127310365438461,0.003067961661145091,0.24101845920085907
30.0,1298116.0,-0.014127310365438461,0.003067961661145091,0.24431324005126953
30.0,1298120.0,-0.014127310365438461,0.003067961661145091,0.2474781721830368
30.0,1298124.0,-0.014127310365438461,0.003067961661145091,0.24976976215839386
30.0,1298129.0,-0.014127310365438461,0.003067961661145091,0.25415077805519104
30.0,1298133.0,-0.014127310365438461,0.003067961661145091,0.2562441825866699
30.0,1298137.0,-0.014127310365438461,0.003067961661145091,0.2589389979839325
30.0,1298140.0,-0.014127310365438461,0.003067961661145091,0.2615276277065277
30.0,1298145.0,-0.014127310365438461,0.003067961661145091,0.26462042331695557
30.0,1298150.0,-0.014127310365438461,0.003067961661145091,0.2669851779937744
30.0,1298153.0,-0.014127310365438461,0.003067961661145091,0.26925674080848694
30.0,1298157.0,-0.014127310365438461,0.003067961661145091,0.2714388072490692
30.0,1298161.0,-0.014127310365438461,0.003067961661145091,0.2730187177658081
30.0,1298164.0,-0.014127310365438461,0.003067961661145091,0.275052547454834
30.0,1298168.0,-0.014127310365438461,0.003067961661145091,0.27700623869895935
30.0,1298172.0,-0.014127310365438461,0.003067961661145091,0.2788829505443573
30.0,1298176.0,-0.014127310365438461,0.003067961661145091,0.280685693025589
30.0,1298180.0,-0.014127310365438461,0.003067961661145091,0.28199097514152527
30.0,1298183.0,-0.014127310365438461,0.003067961661145091,0.2836712598800659
30.0,1298187.0,-0.014127310365438461,0.003067961661145091,0.2852853536605835
30.0,1298191.0,-0.014127310365438461,0.003067961661145091,0.2864540219306946
30.0,1298195.0,-0.014127310365438461,0.003067961661145091,0.28795844316482544
30.0,1298199.0,-0.014127310365438461,0.003067961661145091,0.2894035875797272
30.0,1298202.0,-0.014127310365438461,0.003067961661145091,0.290791779756546
30.0,1298206.0,-0.014127310365438461,0.003067961661145091,0.29212525486946106
30.0,1298211.0,-0.014127310365438461,0.003067961661145091,0.293406218290329
30.0,1298223.0,-0.014127310365438461,0.004601942375302315,0.03209763392806053
30.0,1298227.0,-0.014123203232884407,0.004601942375302315,0.03920098766684532
30.0,1298231.0,-0.014119096100330353,0.004601942375302315,0.04268220439553261
30.0,1298234.0,-0.014119096100330353,0.004601942375302315,0.047648023813962936
30.0,1298238.0,-0.014114989899098873,0.004601942375302315,0.05237031355500221
30.0,1298242.0,-0.014110882766544819,0.004601942375302315,0.05696101486682892
30.0,1298245.0,-0.014110882766544819,0.004601942375302315,0.062852643430233
30.0,1298249.0,-0.01410677656531334,0.004601942375302315,0.06702422350645065
30.0,1298253.0,-0.01410677656531334,0.004601942375302315,0.07116136699914932
30.0,1298257.0,-0.01410677656531334,0.004601942375302315,0.07648703455924988
30.0,1298260.0,-0.01410677656531334,0.004601942375302315,0.08160285651683807
30.0,1298264.0,-0.01410677656531334,0.004601942375302315,0.08530698716640472
30.0,1298268.0,-0.01410677656531334,0.004601942375302315,0.09007526934146881
30.0,1298271.0,-0.01410677656531334,0.004601942375302315,0.09465566277503967
30.0,1298275.0,-0.014102669432759285,0.004601942375302315,0.09758058935403824
30.0,1298279.0,-0.014102669432759285,0.004601942375302315,0.10080534219741821
30.0,1298282.0,-0.014102669432759285,0.004601942375302315,0.1049565002322197
30.0,1298286.0,-0.014102669432759285,0.004601942375302315,0.10894410312175751
30.0,1298290.0,-0.014102669432759285,0.004601942375302315,0.11183135211467743
30.0,1298293.0,-0.014102669432759285,0.004601942375302315,0.11554805189371109
30.0,1298297.0,-0.014102669432759285,0.004601942375302315,0.1182391569018364
30.0,1298300.0,-0.014102669432759285,0.006135923322290182,-0.14464157819747925
30.0,1298304.0,-0.014102669432759285,0.006135923322290182,-0.13544891774654388
30.0,1298308.0,-0.01409856230020523,0.006135923322290182,-0.12959472835063934
30.0,1298312.0,-0.014090348966419697,0.006135923322290182,-0.12461049854755402
30.0,1298315.0,-0.014082135632634163,0.006135923322290182,-0.12067774683237076
30.0,1298321.0,-0.01406570803374052,0.006135923322290182,-0.11491774767637253
30.0,1298324.0,-0.01406160183250904,0.006135923322290182,-0.10993028432130814
30.0,1298328.0,-0.014053388498723507,0.006135923322290182,-0.10366378724575043
30.0,1298331.0,-0.014049281366169453,0.006135923322290182,-0.09948478639125824
30.0,1298336.0,-0.014041068032383919,0.006135923322290182,-0.09330464154481888
30.0,1298340.0,-0.014041068032383919,0.006135923322290182,-0.08797285705804825
30.0,1298343.0,-0.014036960899829865,0.006135923322290182,-0.08257116377353668
30.0,1298347.0,-0.01403285376727581,0.006135923322290182,-0.07903797924518585
30.0,1298350.0,-0.01403285376727581,0.006135923322290182,-0.0725393295288086
30.0,1298354.0,-0.01402874756604433,0.006135923322290182,-0.06930859386920929
30.0,1298358.0,-0.01402874756604433,0.006135923322290182,-0.0631997212767601
30.0,1298361.0,-0.01402874756604433,0.0076699042692780495,-0.3221880793571472
30.0,1298365.0,-0.01402874756604433,0.0076699042692780495,-0.31356266140937805
30.0,1298369.0,-0.014016427099704742,0.0076699042692780495,-0.3068840205669403
30.0,1298373.0,-0.014000000432133675,0.0076699042692780495,-0.3019890785217285
30.0,1298377.0,-0.013979465700685978,0.0076699042692780495,-0.2988012433052063
30.0,1298380.0,-0.01396303903311491,0.0076699042692780495,-0.2957574725151062
30.0,1298385.0,-0.013934291899204254,0.0076699042692780495,-0.29434046149253845
30.0,1298389.0,-0.013909650966525078,0.0076699042692780495,-0.2930445969104767
30.0,1298392.0,-0.013893223367631435,0.0076699042692780495,-0.29033663868904114
30.0,1298396.0,-0.013868583366274834,0.0076699042692780495,-0.28924256563186646
30.0,1298400.0,-0.013843942433595657,0.0076699042692780495,-0.28675493597984314
30.0,1298404.0,-0.01383162196725607,0.0076699042692780495,-0.2838638722896576
30.0,1298408.0,-0.013815195299685001,0.0076699042692780495,-0.2801644802093506
30.0,1298420.0,-0.01379466149955988,0.00920388475060463,-0.5211794376373291
30.0,1298425.0,-0.013782341033220291,0.00920388475060463,-0.5108219385147095
30.0,1298429.0,-0.013757700100541115,0.00920388475060463,-0.5058891773223877
30.0,1298432.0,-0.013728952966630459,0.00920388475060463,-0.5030801892280579
30.0,1298436.0,-0.013700204901397228,0.00920388475060463,-0.5029345154762268
30.0,1298440.0,-0.013659137301146984,0.00920388475060463,-0.5047321915626526
30.0,1298443.0,-0.01361806970089674,0.00920388475060463,-0.5061182975769043
30.0,1298447.0,-0.013568788766860962,0.00920388475060463,-0.5104769468307495
30.0,1298451.0,-0.013535934500396252,0.00920388475060463,-0.513279378414154
30.0,1298455.0,-0.013490759767591953,0.00920388475060463,-0.5149545073509216
30.0,1298458.0,-0.013441478833556175,0.00920388475060463,-0.5191637873649597
30.0,1298462.0,-0.01340451743453741,0.00920388475060463,-0.5247856974601746
30.0,1298466.0,-0.013347022235393524,0.00920388475060463,-0.5302560925483704
30.0,1298470.0,-0.013293634168803692,0.00920388475060463,-0.5346391201019287
30.0,1298473.0,-0.013232032768428326,0.00920388475060463,-0.5428317785263062
30.0,1298477.0,-0.013178644701838493,0.00920388475060463,-0.5537474155426025
30.0,1298481.0,-0.013112936168909073,0.00920388475060463,-0.5643689632415771
30.0,1298485.0,-0.013043121434748173,0.00920388475060463,-0.5709998607635498
30.0,1298488.0,-0.012973305769264698,0.00920388475060463,-0.5811007618904114
30.0,1298492.0,-0.0129281310364604,0.00920388475060463,-0.5879758596420288
30.0,1298496.0,-0.012870636768639088,0.00920388475060463,-0.5916866064071655
30.0,1298500.0,-0.012821354903280735,0.00920388475060463,-0.5933173894882202
30.0,1298503.0,-0.012780287303030491,0.00920388475060463,-0.5925340056419373
30.0,1298507.0,-0.012755646370351315,0.00920388475060463,-0.5888692736625671
30.0,1298512.0,-0.012718685902655125,0.00920388475060463,-0.5839120745658875
30.0,1298515.0,-0.012694044969975948,0.010737866163253784,-0.8455554842948914
30.0,1298520.0,-0.012673511169850826,0.010737866163253784,-0.832247257232666
30.0,1298523.0,-0.012652977369725704,0.010737866163253784,-0.8239734768867493
30.0,1298530.0,-0.012574948370456696,0.010737866163253784,-0.8181197047233582
30.0,1298534.0,-0.01251334697008133,0.010737866163253784,-0.8208940625190735
30.0,1298538.0,-0.012447638437151909,0.010737866163253784,-0.8251302242279053
30.0,1298541.0,-0.0123696094378829,0.010737866163253784,-0.8337534070014954
30.0,1298544.0,-0.012299794703722,0.010737866163253784,-0.8441644906997681
30.0,1298548.0,-0.012221765704452991,0.010737866163253784,-0.86264568567276
30.0,1298552.0,-0.012102669104933739,0.010737866163253784,-0.8798473477363586
30.0,1298555.0,-0.012000000104308128,0.010737866163253784,-0.9090826511383057
30.0,1298559.0,-0.011848049238324165,0.010737866163253784,-0.9433231353759766
30.0,1298562.0,-0.011683777906000614,0.010737866163253784,-0.9704880714416504
30.0,1298566.0,-0.011552361771464348,0.00920388475060463,-0.7438008785247803
30.0,1298570.0,-0.011367556639015675,0.00920388475060463,-0.7797070145606995
30.0,1298573.0,-0.01123203244060278,0.00920388475060463,-0.8242077827453613
30.0,1298578.0,-0.010956878773868084,0.00920388475060463,-0.8792596459388733
30.0,1298582.0,-0.010825461708009243,0.0076699042692780495,-0.651155412197113
30.0,1298586.0,-0.010648870840668678,0.0076699042692780495,-0.6955466866493225
30.0,1298590.0,-0.010472279042005539,0.0076699042692780495,-0.738438069820404
30.0,1298595.0,-0.01025872677564621,0.0076699042692780495,-0.7769646644592285
30.0,1298599.0,-0.010086242109537125,0.0076699042692780495,-0.8157113194465637
30.0,1298602.0,-0.009917864575982094,0.0076699042692780495,-0.8517119288444519
30.0,1298606.0,-0.009745379909873009,0.006135923322290182,-0.6231885552406311
30.0,1298619.0,-0.00925256684422493,0.006135923322290182,-0.7334269881248474
30.0,1298623.0,-0.009100615978240967,0.006135923322290182,-0.7703765630722046
30.0,1298627.0,-0.008948665112257004,0.006135923322290182,-0.7991902232170105
30.0,1298631.0,-0.00880492851138115,0.006135923322290182,-0.8176065683364868
30.0,1298634.0,-0.008698152378201485,0.006135923322290182,-0.8420135378837585
30.0,1298638.0,-0.008542094379663467,0.004601942375302315,-0.5975857377052307
30.0,1298642.0,-0.00838193017989397,0.004601942375302315,-0.6323950886726379
30.0,1298645.0,-0.008266940712928772,0.004601942375302315,-0.6645944118499756
30.0,1298649.0,-0.008106776513159275,0.004601942375302315,-0.6957425475120544
30.0,1298653.0,-0.007963038980960846,0.004601942375302315,-0.7147319316864014
30.0,1298657.0,-0.007823408581316471,0.004601942375302315,-0.7384147644042969
30.0,1298660.0,-0.0076919919811189175,0.004601942375302315,-0.7584059834480286
30.0,1298664.0,-0.007597535848617554,0.004601942375302315,-0.7763399481773376
30.0,1298668.0,-0.007470225915312767,0.004601942375302315,-0.7890920042991638
30.0,1298671.0,-0.007375770248472691,0.004601942375302315,-0.8046613931655884
30.0,1298675.0,-0.007256673648953438,0.004601942375302315,-0.8153136968612671
30.0,1298678.0,-0.007129363249987364,0.004601942375302315,-0.8316715955734253
30.0,1298682.0,-0.007034907583147287,0.004601942375302315,-0.8475834727287292
30.0,1298686.0,-0.006907597649842501,0.004601942375302315,-0.8615787625312805
30.0,1298690.0,-0.006784394383430481,0.004601942375302315,-0.8725928068161011
30.0,1298694.0,-0.00665297731757164,0.004601942375302315,-0.8889188766479492
30.0,1298698.0,-0.006509240251034498,0.004601942375302315,-0.9092711210250854
30.0,1298701.0,-0.006394250318408012,0.004601942375302315,-0.9334971308708191
30.0,1298705.0,-0.006180698052048683,0.004601942375302315,-0.9629383087158203
30.0,1298710.0,-0.005991786252707243,0.004601942375302315,-0.9973885416984558
30.0,1298713.0,-0.00580287491902709,0.004601942375302315,-1.030775785446167
30.0,1298718.0,-0.005597535986453295,0.003067961661145091,-0.8113718628883362
30.0,1298723.0,-0.005330595653504133,0.003067961661145091,-0.8585286140441895
30.0,1298727.0,-0.005121150054037571,0.003067961661145091,-0.9105314016342163
30.0,1298731.0,-0.004915811121463776,0.003067961661145091,-0.9500600099563599
30.0,1298734.0,-0.00471047218888998,0.003067961661145091,-0.9796462655067444
30.0,1298739.0,-0.004484599456191063,0.0015339808305725455,-0.7595868110656738
30.0,1298743.0,-0.004254620056599379,0.0015339808305725455,-0.8102525472640991
30.0,1298747.0,-0.004028747323900461,0.0015339808305725455,-0.8578189015388489
30.0,1298750.0,-0.0038028748240321875,0.0015339808305725455,-0.9038239121437073
30.0,1298754.0,-0.0036303901579231024,0.0,-0.6820238828659058
30.0,1298758.0,-0.0034086243249475956,0.0,-0.7185593247413635
30.0,1298761.0,-0.003244353225454688,0.0,-0.7634266018867493
30.0,1298765.0,-0.0030390142928808928,0.0,-0.8009525537490845
30.0,1298769.0,-0.0028418891597539186,0.0,-0.8358393311500549
30.0,1298772.0,-0.002644763793796301,0.0,-0.8613017797470093
30.0,1298777.0,-0.0024476386606693268,-0.0015339808305725455,-0.6294924020767212
30.0,1298780.0,-0.0022997946944087744,-0.0015339808305725455,-0.665850043296814
30.0,1298784.0,-0.0021232033614069223,-0.0015339808305725455,-0.6875383257865906
30.0,1298788.0,-0.001958932261914015,-0.0015339808305725455,-0.7117642760276794
30.0,1298792.0,-0.0018028747290372849,-0.0015339808305725455,-0.7323155403137207
30.0,1298795.0,-0.0016509239794686437,-0.0015339808305725455,-0.7508124709129333
30.0,1298800.0,-0.001503080129623413,-0.0015339808305725455,-0.7673428058624268
30.0,1298804.0,-0.0013634497299790382,-0.0015339808305725455,-0.7804893255233765
30.0,1298808.0,-0.0012279261136427522,-0.0015339808305725455,-0.7918874621391296
30.0,1298811.0,-0.0010965092806145549,-0.0015339808305725455,-0.8015467524528503
30.0,1298824.0,-0.0006735112983733416,-0.0015339808305725455,-0.8396433591842651
30.0,1298828.0,-0.0005297741154208779,-0.0015339808305725455,-0.8563515543937683
30.0,1298832.0,-0.0003449691866990179,-0.0015339808305725455,-0.8705441951751709
30.0,1298837.0,-0.00019301848078612238,-0.0015339808305725455,-0.8859098553657532
30.0,1298840.0,-3.696098428918049e-05,-0.0015339808305725455,-0.9023821353912354
30.0,1298844.0,8.624229667475447e-05,-0.0015339808305725455,-0.9213987588882446
30.0,1298849.0,0.0002997946576215327,-0.0015339808305725455,-0.9489300847053528
30.0,1298853.0,0.00047638604883104563,-0.0015339808305725455,-0.9652827382087708
30.0,1298856.0,0.0006611909484490752,-0.0015339808305725455,-0.9900100231170654
30.0,1298860.0,0.0008049281314015388,-0.0015339808305725455,-0.7476738691329956
30.0,1298863.0,0.0010061601642519236,-0.003067961661145091,-0.7745672464370728
30.0,1298868.0,0.001211498980410397,-0.003067961661145091,-0.8104472756385803
30.0,1298871.0,0.001367556513287127,-0.003067961661145091,-0.8467219471931458
30.0,1298874.0,0.0015770019963383675,-0.003067961661145091,-0.8728151917457581
30.0,1298878.0,0.0017289527459070086,-0.003067961661145091,-0.904226541519165
30.0,1298882.0,0.0019342915620654821,-0.004601942375302315,-0.6596785187721252
30.0,1298885.0,0.002151950728148222,-0.004601942375302315,-0.7013158202171326
30.0,1298889.0,0.002308008261024952,-0.004601942375302315,-0.7387024164199829
30.0,1298893.0,0.0025133469607681036,-0.004601942375302315,-0.7641322016716003
30.0,1298898.0,0.0027679670602083206,-0.004601942375302315,-0.8057078719139099
30.0,1298901.0,0.0029691990930587053,-0.006135923322290182,-0.5676121711730957
30.0,1298905.0,0.0031252566259354353,-0.006135923322290182,-0.5968502163887024
30.0,1298908.0,0.0032731005921959877,-0.006135923322290182,-0.6308042407035828
30.0,1298912.0,0.003498973324894905,-0.006135923322290182,-0.6563136577606201
30.0,1298916.0,0.00367145799100399,-0.006135923322290182,-0.6796054244041443
30.0,1298920.0,0.0037905543576925993,-0.006135923322290182,-0.6963222026824951
30.0,1298924.0,0.003934291657060385,-0.006135923322290182,-0.7048896551132202
30.0,1298928.0,0.004069815389811993,-0.006135923322290182,-0.7136195302009583
30.0,1298931.0,0.004184804856777191,-0.006135923322290182,-0.7148023843765259
30.0,1298935.0,0.004266940522938967,-0.006135923322290182,-0.7131550908088684
30.0,1298939.0,0.00436550285667181,-0.006135923322290182,-0.7098498344421387
30.0,1298942.0,0.004431211389601231,-0.006135923322290182,-0.7012917995452881
30.0,1298946.0,0.004533880855888128,-0.006135923322290182,-0.6917175650596619
30.0,1298950.0,0.004595482721924782,-0.006135923322290182,-0.6811473965644836
30.0,1298954.0,0.004669404588639736,-0.006135923322290182,-0.6732038855552673
30.0,1298958.0,0.004751540254801512,-0.004601942375302315,-0.9344302415847778
30.0,1298962.0,0.004833675455302,-0.004601942375302315,-0.9207674264907837
30.0,1298965.0,0.0048952773213386536,-0.004601942375302315,-0.909285843372345
30.0,1298969.0,0.004997946787625551,-0.004601942375302315,-0.9057793021202087
30.0,1298972.0,0.00511293625459075,-0.004601942375302315,-0.905572235584259
30.0,1298977.0,0.005244353320449591,-0.004601942375302315,-0.9113895297050476
30.0,1298980.0,0.005347022786736488,-0.004601942375302315,-0.9186705946922302
30.0,1298984.0,0.00549075985327363,-0.004601942375302315,-0.9303146004676819
30.0,1298988.0,0.00564681738615036,-0.004601942375302315,-0.9418869018554688
30.0,1298992.0,0.005806981585919857,-0.006135923322290182,-0.6896355152130127
30.0,1298995.0,0.005979466252028942,-0.006135923322290182,-0.7152303457260132
30.0,1298999.0,0.006135523784905672,-0.006135923322290182,-0.7341593503952026
30.0,1299003.0,0.006250513251870871,-0.006135923322290182,-0.7472679018974304
30.0,1299008.0,0.006431211717426777,-0.006135923322290182,-0.7646307349205017
30.0,1299012.0,0.006574948783963919,-0.006135923322290182,-0.7778805494308472
30.0,1299024.0,0.007022587116807699,-0.006135923322290182,-0.8250151872634888
30.0,1299028.0,0.007174537982791662,-0.0076699042692780495,-0.5749595165252686
30.0,1299032.0,0.007326488848775625,-0.0076699042692780495,-0.5937522053718567
30.0,1299036.0,0.007474332582205534,-0.0076699042692780495,-0.610533595085144
30.0,1299040.0,0.007609856314957142,-0.0076699042692780495,-0.6224268674850464
30.0,1299044.0,0.007728952914476395,-0.0076699042692780495,-0.6282037496566772
30.0,1299048.0,0.007839836180210114,-0.0076699042692780495,-0.6323462128639221
30.0,1299051.0,0.007913758046925068,-0.0076699042692780495,-0.632073163986206
30.0,1299054.0,0.00800410658121109,-0.0076699042692780495,-0.6290006637573242
30.0,1299058.0,0.008065707981586456,-0.0076699042692780495,-0.6231902837753296
30.0,1299063.0,0.00818069837987423,-0.0076699042692780495,-0.6134511828422546
30.0,1299067.0,0.008254620246589184,-0.0076699042692780495,-0.6029109358787537
30.0,1299072.0,0.008320328779518604,-0.0076699042692780495,-0.5941205024719238
30.0,1299076.0,0.008390143513679504,-0.0076699042692780495,-0.584283709526062
30.0,1299080.0,0.008459959179162979,-0.006135923322290182,-0.8480840921401978
30.0,1299083.0,0.008533881045877934,-0.006135923322290182,-0.8264455795288086
30.0,1299089.0,0.008603695780038834,-0.006135923322290182,-0.8138870000839233
30.0,1299093.0,0.008677617646753788,-0.006135923322290182,-0.8034071922302246
30.0,1299096.0,0.00876385997980833,-0.006135923322290182,-0.7979071140289307
30.0,1299100.0,0.008829568512737751,-0.006135923322290182,-0.7942333817481995
30.0,1299104.0,0.008915810845792294,-0.006135923322290182,-0.7894238829612732
30.0,1299108.0,0.009002053178846836,-0.006135923322290182,-0.7848068475723267
30.0,1299111.0,0.009067761711776257,-0.006135923322290182,-0.7805063724517822
30.0,1299115.0,0.009154004044830799,-0.006135923322290182,-0.7778682112693787
30.0,1299119.0,0.009244353510439396,-0.006135923322290182,-0.775593101978302
30.0,1299122.0,0.009314168244600296,-0.006135923322290182,-0.773534893989563
30.0,1299126.0,0.009429157711565495,-0.006135923322290182,-0.7731741666793823
30.0,1299130.0,0.009503080509603024,-0.006135923322290182,-0.7729620337486267
30.0,1299134.0,0.009589322842657566,-0.006135923322290182,-0.7710468769073486
30.0,1299138.0,0.009671458043158054,-0.006135923322290182,-0.7667434811592102
30.0,1299141.0,0.009728952310979366,-0.006135923322290182,-0.7612499594688416
30.0,1299145.0,0.009802875109016895,-0.006135923322290182,-0.7554972171783447
30.0,1299149.0,0.009868582710623741,-0.006135923322290182,-0.746213436126709
30.0,1299152.0,0.009926077909767628,-0.006135923322290182,-0.7344221472740173
30.0,1299156.0,0.009971252642571926,-0.006135923322290182,-0.724673330783844
30.0,1299160.0,0.010028747841715813,-0.006135923322290182,-0.7158229947090149
30.0,1299163.0,0.010069815441966057,-0.006135923322290182,-0.7040173411369324
30.0,1299167.0,0.010123203508555889,-0.006135923322290182,-0.6927470564842224
30.0,1299170.0,0.010180697776377201,-0.006135923322290182,-0.6865066289901733
30.0,1299174.0,0.01022176630795002,-0.006135923322290182,-0.6775817275047302
30.0,1299178.0,0.010283367708325386,-0.006135923322290182,-0.6719128489494324
30.0,1299181.0,0.010328542441129684,-0.006135923322290182,-0.6651847958564758
30.0,1299185.0,0.010398357175290585,-0.006135923322290182,-0.6629725694656372
30.0,1299189.0,0.010464065708220005,-0.006135923322290182,-0.6582645177841187
30.0,1299192.0,0.010513346642255783,-0.006135923322290182,-0.6538446545600891
30.0,1299198.0,0.010611909441649914,-0.006135923322290182,-0.6487074494361877
30.0,1299201.0,0.010661191307008266,-0.006135923322290182,-0.6433932185173035
30.0,1299205.0,0.010718685574829578,-0.006135923322290182,-0.6392518877983093
30.0,1299209.0,0.01077207364141941,-0.006135923322290182,-0.6315271854400635
30.0,1299213.0,0.010817248374223709,-0.006135923322290182,-0.6212139129638672
30.0,1299226.0,0.010899383574724197,-0.006135923322290182,-0.5635583996772766
30.0,1299230.0,0.010907597839832306,-0.006135923322290182,-0.5471773743629456
30.0,1299233.0,0.010907597839832306,-0.006135923322290182,-0.5241222977638245
30.0,1299237.0,0.010907597839832306,-0.006135923322290182,-0.5019755959510803
30.0,1299241.0,0.010907597839832306,-0.006135923322290182,-0.48594024777412415
30.0,1299244.0,0.010907597839832306,-0.004601942375302315,-0.7301546931266785
30.0,1299248.0,0.010907597839832306,-0.004601942375302315,-0.7045196294784546
30.0,1299252.0,0.010911704041063786,-0.004601942375302315,-0.6874463558197021
30.0,1299255.0,0.010911704041063786,-0.004601942375302315,-0.6635006070137024
30.0,1299259.0,0.01091581117361784,-0.004601942375302315,-0.6419602036476135
30.0,1299263.0,0.01091581117361784,-0.004601942375302315,-0.6252667903900146
30.0,1299267.0,0.01091581117361784,-0.004601942375302315,-0.6037775874137878
30.0,1299270.0,0.01091581117361784,-0.004601942375302315,-0.5831350684165955
30.0,1299273.0,0.01091581117361784,-0.004601942375302315,-0.5681887865066528
30.0,1299277.0,0.01091581117361784,-0.003067961661145091,-0.8167970180511475
30.0,1299281.0,0.01091581117361784,-0.003067961661145091,-0.7984007000923157
30.0,1299284.0,0.010919918306171894,-0.003067961661145091,-0.7761943936347961
30.0,1299288.0,0.010928131639957428,-0.003067961661145091,-0.7619851231575012
30.0,1299291.0,0.010932237841188908,-0.003067961661145091,-0.7412458658218384
30.0,1299295.0,0.010940452106297016,-0.003067961661145091,-0.7242804169654846
30.0,1299299.0,0.01094866544008255,-0.003067961661145091,-0.7101539373397827
30.0,1299302.0,0.010956878773868084,-0.003067961661145091,-0.6944393515586853
30.0,1299306.0,0.010965092107653618,-0.003067961661145091,-0.6779013276100159
30.0,1299310.0,0.010973306372761726,-0.003067961661145091,-0.6651813983917236
30.0,1299313.0,0.01098151970654726,-0.003067961661145091,-0.6498023867607117
30.0,1299317.0,0.01098562590777874,-0.003067961661145091,-0.6335669159889221
30.0,1299321.0,0.010989733040332794,-0.003067961661145091,-0.6221964359283447
30.0,1299325.0,0.010989733040332794,-0.003067961661145091,-0.6015213131904602
30.0,1299329.0,0.010989733040332794,-0.003067961661145091,-0.585713267326355
30.0,1299333.0,0.010993840172886848,-0.0015339808305725455,-0.8451225757598877
30.0,1299337.0,0.010993840172886848,-0.0015339808305725455,-0.8243521451950073
30.0,1299341.0,0.010997946374118328,-0.0015339808305725455,-0.8025124669075012
30.0,1299345.0,0.01101437397301197,-0.0015339808305725455,-0.7893598675727844
30.0,1299349.0,0.011034907773137093,-0.0015339808305725455,-0.7813419699668884
30.0,1299352.0,0.011063654907047749,-0.0015339808305725455,-0.7735129594802856
30.0,1299355.0,0.01108418870717287,-0.0015339808305725455,-0.7660373449325562
30.0,1299360.0,0.011121150106191635,-0.0015339808305725455,-0.763276994228363
30.0,1299363.0,0.011145790107548237,-0.0015339808305725455,-0.7577826976776123
30.0,1299367.0,0.011186858639121056,-0.0015339808305725455,-0.7570075988769531
30.0,1299370.0,0.01123203244060278,-0.0015339808305725455,-0.7561286091804504
30.0,1299374.0,0.01126488670706749,-0.0015339808305725455,-0.7555535435676575
30.0,1299378.0,0.011318274773657322,-0.003067961661145091,-0.4914146363735199
30.0,1299381.0,0.011355236172676086,-0.003067961661145091,-0.4982368052005768
30.0,1299385.0,0.011392197571694851,-0.003067961661145091,-0.4987625479698181
30.0,1299390.0,0.011420944705605507,-0.003067961661145091,-0.4952167570590973
30.0,1299393.0,0.011425050906836987,-0.003067961661145091,-0.48574522137641907
30.0,1299397.0,0.011425050906836987,-0.003067961661145091,-0.47517871856689453
30.0,1299401.0,0.011425050906836987,-0.003067961661145091,-0.46752792596817017
30.0,1299405.0,0.011425050906836987,-0.003067961661145091,-0.45527830719947815
30.0,1299409.0,0.011425050906836987,-0.0015339808305725455,-0.7122572064399719
30.0,1299421.0,0.011433265171945095,-0.0015339808305725455,-0.6757192611694336
30.0,1299425.0,0.011437371373176575,-0.0015339808305725455,-0.6637977957725525
30.0,1299429.0,0.011437371373176575,-0.0015339808305725455,-0.6508646011352539
30.0,1299432.0,0.011441478505730629,-0.0015339808305725455,-0.6399160027503967
30.0,1299436.0,0.011441478505730629,-0.0015339808305725455,-0.627930223941803
30.0,1299440.0,0.011441478505730629,-0.0015339808305725455,-0.6179183721542358
30.0,1299444.0,0.011445585638284683,-0.0015339808305725455,-0.6095422506332397
30.0,1299448.0,0.011445585638284683,-0.0015339808305725455,-0.5987597703933716
30.0,1299451.0,0.011445585638284683,-0.0015339808305725455,-0.5884020924568176
30.0,1299454.0,0.011445585638284683,-0.0015339808305725455,-0.580902636051178
30.0,1299458.0,0.011445585638284683,-0.0015339808305725455,-0.5712486505508423
30.0,1299462.0,0.011445585638284683,-0.0015339808305725455,-0.5642586350440979
30.0,1299466.0,0.011445585638284683,-0.0015339808305725455,-0.5552604794502258
30.0,1299469.0,0.011445585638284683,-0.0015339808305725455,-0.5466169118881226
30.0,1299473.0,0.011445585638284683,-0.0015339808305725455,-0.5383139252662659
30.0,1299477.0,0.011445585638284683,-0.0015339808305725455,-0.5323020815849304
30.0,1299480.0,0.011445585638284683,-0.0015339808305725455,-0.524563193321228
30.0,1299484.0,0.011445585638284683,-0.0015339808305725455,-0.5189597606658936
30.0,1299488.0,0.011445585638284683,-0.0015339808305725455,-0.5117465853691101
30.0,1299492.0,0.011445585638284683,-0.0015339808305725455,-0.5048176050186157
30.0,1299495.0,0.011445585638284683,-0.0015339808305725455,-0.4981617033481598
30.0,1299499.0,0.011445585638284683,-0.0015339808305725455,-0.4917680323123932
30.0,1299503.0,0.011445585638284683,-0.0015339808305725455,-0.48713865876197815
30.0,1299507.0,0.011445585638284683,-0.0015339808305725455,-0.4811793565750122
30.0,1299510.0,0.011445585638284683,-0.0015339808305725455,-0.4754548668861389
30.0,1299515.0,0.011445585638284683,-0.0015339808305725455,-0.46861541271209717
30.0,1299519.0,0.011445585638284683,-0.0015339808305725455,-0.46338599920272827
30.0,1299523.0,0.011445585638284683,-0.0015339808305725455,-0.4595996141433716
30.0,1299527.0,0.011445585638284683,-0.0015339808305725455,-0.454725444316864
30.0,1299531.0,0.011445585638284683,-0.0015339808305725455,-0.4489019513130188
30.0,1299535.0,0.011445585638284683,-0.0015339808305725455,-0.4444493353366852
30.0,1299540.0,0.011445585638284683,-0.0015339808305725455,-0.44017213582992554
30.0,1299543.0,0.011445585638284683,-0.0015339808305725455,-0.4360634982585907
30.0,1299547.0,0.011445585638284683,-0.0015339808305725455,-0.4321167469024658
30.0,1299551.0,0.011445585638284683,-0.0015339808305725455,-0.4283255338668823
30.0,1299554.0,0.011445585638284683,-0.0015339808305725455,-0.4255804717540741
30.0,1299558.0,0.011445585638284683,-0.0015339808305725455,-0.4229169487953186
30.0,1299561.0,0.011445585638284683,-0.0015339808305725455,-0.41948825120925903
30.0,1299565.0,0.011445585638284683,-0.0015339808305725455,-0.4161946177482605
30.0,1299569.0,0.011445585638284683,-0.0015339808305725455,-0.4138098657131195
30.0,1299572.0,0.011445585638284683,-0.0015339808305725455,-0.4107400178909302
30.0,1299576.0,0.011445585638284683,-0.0015339808305725455,-0.4070722162723541
30.0,1299581.0,0.011445585638284683,-0.0015339808305725455,-0.4042678475379944
30.0,1299584.0,0.011445585638284683,-0.0015339808305725455,-0.40223732590675354
30.0,1299588.0,0.011445585638284683,-0.0015339808305725455,-0.39962348341941833
30.0,1299591.0,0.011445585638284683,-0.0015339808305725455,-0.39773088693618774
30.0,1299596.0,0.011445585638284683,-0.0015339808305725455,-0.39470067620277405
30.0,1299599.0,0.011445585638284683,-0.0015339808305725455,-0.3929543197154999
30.0,1299603.0,0.011445585638284683,-0.0015339808305725455,-0.3912598192691803
30.0,1299606.0,0.011445585638284683,-0.0015339808305725455,-0.3890785276889801
30.0,1299619.0,0.011445585638284683,-0.0015339808305725455,-0.38303691148757935
30.0,1299624.0,0.011445585638284683,-0.0015339808305725455,-0.3807268738746643
30.0,1299628.0,0.011445585638284683,-0.0015339808305725455,-0.37896060943603516
30.0,1299632.0,0.011445585638284683,-0.0015339808305725455,-0.3772639334201813
30.0,1299635.0,0.011445585638284683,-0.0015339808305725455,-0.3756341338157654
30.0,1299639.0,0.011445585638284683,-0.0015339808305725455,-0.37406855821609497
30.0,1299643.0,0.011445585638284683,-0.0015339808305725455,-0.3729349672794342
30.0,1299647.0,0.011445585638284683,-0.0015339808305725455,-0.3714757561683655
30.0,1299650.0,0.011445585638284683,-0.0015339808305725455,-0.3700740337371826
30.0,1299654.0,0.011445585638284683,-0.0015339808305725455,-0.36872753500938416
30.0,1299658.0,0.011445585638284683,-0.0015339808305725455,-0.3677525818347931
30.0,1299661.0,0.011445585638284683,-0.0015339808305725455,-0.36649757623672485
30.0,1299664.0,0.011445585638284683,-0.0015339808305725455,-0.36558887362480164
30.0,1299668.0,0.011445585638284683,-0.0015339808305725455,-0.3644191026687622
30.0,1299672.0,0.011445585638284683,-0.0015339808305725455,-0.3635721206665039
30.0,1299675.0,0.011445585638284683,-0.0015339808305725455,-0.36248183250427246
30.0,1299679.0,0.011445585638284683,-0.0015339808305725455,-0.3614344894886017
30.0,1299682.0,0.011445585638284683,-0.0015339808305725455,-0.3606761693954468
30.0,1299687.0,0.011445585638284683,-0.0015339808305725455,-0.3596999943256378
30.0,1299690.0,0.011445585638284683,-0.0015339808305725455,-0.35876229405403137
30.0,1299693.0,0.011445585638284683,-0.0015339808305725455,-0.3580833077430725
30.0,1299697.0,0.011445585638284683,-0.0015339808305725455,-0.3574245274066925
30.0,1299700.0,0.011445585638284683,-0.0015339808305725455,-0.35657647252082825
30.0,1299703.0,0.011445585638284683,-0.0015339808305725455,-0.3559624254703522
30.0,1299709.0,0.011445585638284683,-0.0015339808305725455,-0.3549793064594269
30.0,1299712.0,0.011445585638284683,-0.0015339808305725455,-0.35422760248184204
30.0,1299715.0,0.011445585638284683,-0.0015339808305725455,-0.35368332266807556
30.0,1299719.0,0.011445585638284683,-0.0015339808305725455,-0.35298269987106323
30.0,1299723.0,0.011445585638284683,-0.0015339808305725455,-0.3523096442222595
30.0,1299728.0,0.011445585638284683,-0.0015339808305725455,-0.35166314244270325
30.0,1299731.0,0.011445585638284683,-0.0015339808305725455,-0.35104212164878845
30.0,1299734.0,0.011445585638284683,-0.0015339808305725455,-0.3505924642086029
30.0,1299738.0,0.011445585638284683,-0.0015339808305725455,-0.3500136137008667
30.0,1299741.0,0.011445585638284683,-0.0015339808305725455,-0.34959450364112854
30.0,1299745.0,0.011445585638284683,-0.0015339808305725455,-0.3490549921989441
30.0,1299749.0,0.011445585638284683,-0.0015339808305725455,-0.34853672981262207
30.0,1299752.0,0.011445585638284683,-0.0015339808305725455,-0.3481614589691162
30.0,1299756.0,0.011445585638284683,-0.0015339808305725455,-0.34767842292785645
30.0,1299760.0,0.011445585638284683,-0.0015339808305725455,-0.34721440076828003
30.0,1299763.0,0.011445585638284683,-0.0015339808305725455,-0.34687840938568115
30.0,1299768.0,0.011445585638284683,-0.003067961661145091,-0.0785975530743599
30.0,1299771.0,0.011445585638284683,-0.003067961661145091,-0.08410631120204926
30.0,1299774.0,0.011445585638284683,-0.003067961661145091,-0.08809494972229004
30.0,1299778.0,0.011441478505730629,-0.003067961661145091,-0.0917544811964035
30.0,1299781.0,0.011441478505730629,-0.003067961661145091,-0.09551113843917847
30.0,1299785.0,0.011441478505730629,-0.003067961661145091,-0.10034702718257904
30.0,1299789.0,0.011437371373176575,-0.003067961661145091,-0.10350412130355835
30.0,1299792.0,0.011437371373176575,-0.003067961661145091,-0.1069069653749466
30.0,1299795.0,0.011437371373176575,-0.003067961661145091,-0.11020874977111816
30.0,1299799.0,0.011437371373176575,-0.003067961661145091,-0.1144590750336647
30.0,1299812.0,0.011437371373176575,-0.003067961661145091,-0.12714973092079163
30.0,1299817.0,0.011437371373176575,-0.003067961661145091,-0.13073252141475677
30.0,1299820.0,0.011437371373176575,-0.003067961661145091,-0.1341741383075714
30.0,1299825.0,0.011437371373176575,-0.003067961661145091,-0.13828608393669128
30.0,1299830.0,0.011437371373176575,-0.003067961661145091,-0.14219649136066437
30.0,1299835.0,0.011437371373176575,-0.003067961661145091,-0.14591525495052338
30.0,1299839.0,0.011437371373176575,-0.003067961661145091,-0.14875860512256622
30.0,1299843.0,0.011437371373176575,-0.003067961661145091,-0.15148989856243134
30.0,1299847.0,0.011437371373176575,-0.003067961661145091,-0.15346752107143402
30.0,1299851.0,0.011437371373176575,-0.003067961661145091,-0.1566338837146759
30.0,1299854.0,0.011437371373176575,-0.003067961661145091,-0.15845872461795807
30.0,1299858.0,0.011437371373176575,-0.003067961661145091,-0.160807803273201
30.0,1299862.0,0.011437371373176575,-0.003067961661145091,-0.16250868141651154
30.0,1299865.0,0.011437371373176575,-0.003067961661145091,-0.16469816863536835
30.0,1299869.0,0.011437371373176575,-0.003067961661145091,-0.16680140793323517
30.0,1299872.0,0.011437371373176575,-0.004601942375302315,0.101042740046978
30.0,1299876.0,0.011437371373176575,-0.004601942375302315,0.09309834241867065
30.0,1299880.0,0.011433265171945095,-0.004601942375302315,0.08694164454936981
30.0,1299884.0,0.01142915803939104,-0.004601942375302315,0.08287878334522247
30.0,1299888.0,0.011425050906836987,-0.004601942375302315,0.07716456055641174
30.0,1299891.0,0.011425050906836987,-0.004601942375302315,0.07168157398700714
30.0,1299895.0,0.011420944705605507,-0.004601942375302315,0.06658481806516647
30.0,1299899.0,0.011416837573051453,-0.004601942375302315,0.05992604047060013
30.0,1299903.0,0.011416837573051453,-0.004601942375302315,0.05518326908349991
30.0,1299907.0,0.011416837573051453,-0.004601942375302315,0.049077972769737244
30.0,1299911.0,0.011416837573051453,-0.004601942375302315,0.040368109941482544
30.0,1299915.0,0.011416837573051453,-0.004601942375302315,0.036206237971782684
30.0,1299919.0,0.011416837573051453,-0.004601942375302315,0.03084871545433998
30.0,1299923.0,0.011416837573051453,-0.004601942375302315,0.02696957252919674
30.0,1299927.0,0.011416837573051453,-0.004601942375302315,0.021976012736558914
30.0,1299930.0,0.011416837573051453,-0.004601942375302315,0.017179206013679504
30.0,1299934.0,0.011416837573051453,-0.004601942375302315,0.013706064783036709
30.0,1299938.0,0.011416837573051453,-0.004601942375302315,0.009235132485628128
30.0,1299941.0,0.011416837573051453,-0.006135923322290182,0.27278879284858704
30.0,1299945.0,0.011412731371819973,-0.006135923322290182,0.26671501994132996
30.0,1299948.0,0.011412731371819973,-0.006135923322290182,0.2584126591682434
30.0,1299952.0,0.011404517106711864,-0.006135923322290182,0.25276246666908264
30.0,1299955.0,0.01139630377292633,-0.006135923322290182,0.2464708536863327
30.0,1299959.0,0.011388090439140797,-0.006135923322290182,0.2419283241033554
30.0,1299962.0,0.011379877105355263,-0.006135923322290182,0.23679642379283905
30.0,1299966.0,0.011371662840247154,-0.006135923322290182,0.23117271065711975
30.0,1299970.0,0.011367556639015675,-0.006135923322290182,0.22430795431137085
30.0,1299973.0,0.01136344950646162,-0.006135923322290182,0.21970580518245697
30.0,1299977.0,0.01135934330523014,-0.006135923322290182,0.21330572664737701
30.0,1299981.0,0.01135934330523014,-0.006135923322290182,0.20756502449512482
30.0,1299984.0,0.011355236172676086,-0.006135923322290182,0.20167674124240875
30.0,1299988.0,0.011355236172676086,-0.006135923322290182,0.19452528655529022
30.0,1299991.0,0.011355236172676086,-0.006135923322290182,0.18934722244739532
30.0,1299995.0,0.011355236172676086,-0.0076699042692780495,0.4520485997200012
30.0,1299999.0,0.011355236172676086,-0.0076699042692780495,0.43966153264045715
30.0,1300011.0,0.01132648903876543,-0.0076699042692780495,0.4169599115848541
30.0,1300017.0,0.0112977409735322,-0.0076699042692780495,0.41217339038848877
30.0,1300021.0,0.011268993839621544,-0.0076699042692780495,0.40914416313171387
30.0,1300027.0,0.011244352906942368,-0.0076699042692780495,0.4052196145057678
30.0,1300030.0,0.0112279262393713,-0.0076699042692780495,0.401878297328949
30.0,1300034.0,0.011211498640477657,-0.0076699042692780495,0.39759933948516846
30.0,1300038.0,0.01119507197290659,-0.0076699042692780495,0.3945181667804718
30.0,1300041.0,0.011186858639121056,-0.0076699042692780495,0.38909944891929626
30.0,1300044.0,0.011178644374012947,-0.0076699042692780495,0.3848247528076172
30.0,1300048.0,0.011170431040227413,-0.0076699042692780495,0.37834489345550537
30.0,1300052.0,0.01116221770644188,-0.00920388475060463,0.6392658948898315
30.0,1300055.0,0.01116221770644188,-0.00920388475060463,0.6259347200393677
30.0,1300059.0,0.011145790107548237,-0.00920388475060463,0.617586076259613
30.0,1300064.0,0.011117042973637581,-0.00920388475060463,0.6105774641036987
30.0,1300068.0,0.01108418870717287,-0.00920388475060463,0.6107379198074341
30.0,1300072.0,0.011043121106922626,-0.00920388475060463,0.6119797229766846
30.0,1300076.0,0.010997946374118328,-0.00920388475060463,0.6157756447792053
30.0,1300080.0,0.010940452106297016,-0.00920388475060463,0.621870219707489
30.0,1300083.0,0.010874743573367596,-0.00920388475060463,0.631773829460144
30.0,1300087.0,0.010800821706652641,-0.00920388475060463,0.6482014060020447
30.0,1300092.0,0.010714579373598099,-0.00920388475060463,0.6610154509544373
30.0,1300095.0,0.010648870840668678,-0.00920388475060463,0.6786318421363831
30.0,1300099.0,0.010554415173828602,-0.00920388475060463,0.6922270059585571
30.0,1300102.0,0.010439424775540829,-0.00920388475060463,0.7136622667312622
30.0,1300108.0,0.010344969108700752,-0.00920388475060463,0.7310951352119446
30.0,1300111.0,0.010275154374539852,-0.00920388475060463,0.7479885220527649
30.0,1300115.0,0.010176591575145721,-0.0076699042692780495,0.49509361386299133
30.0,1300118.0,0.010082135908305645,-0.0076699042692780495,0.5169455409049988
30.0,1300122.0,0.010020533576607704,-0.0076699042692780495,0.5336196422576904
30.0,1300126.0,0.009938398376107216,-0.0076699042692780495,0.5497646331787109
30.0,1300129.0,0.009864476509392262,-0.0076699042692780495,0.5585626363754272
30.0,1300133.0,0.00981108844280243,-0.0076699042692780495,0.5709865689277649
30.0,1300137.0,0.009737166576087475,-0.0076699042692780495,0.5793173909187317
30.0,1300140.0,0.009683778509497643,-0.0076699042692780495,0.5896341800689697
30.0,1300143.0,0.009613962844014168,-0.0076699042692780495,0.5975562334060669
30.0,1300147.0,0.009560574777424335,-0.0076699042692780495,0.6088346838951111
30.0,1300151.0,0.009486652910709381,-0.0076699042692780495,0.6163228154182434
30.0,1300154.0,0.009429157711565495,-0.0076699042692780495,0.6270340085029602
30.0,1300158.0,0.009359342977404594,-0.0076699042692780495,0.6341313719749451
30.0,1300162.0,0.009293634444475174,-0.00920388475060463,0.9062462449073792
30.0,1300165.0,0.009244353510439396,-0.00920388475060463,0.9075149297714233
30.0,1300169.0,0.009145790711045265,-0.00920388475060463,0.9147621989250183
30.0,1300173.0,0.009080082178115845,-0.00920388475060463,0.9215956926345825
30.0,1300177.0,0.00897330604493618,-0.00920388475060463,0.937434732913971
30.0,1300180.0,0.008882956579327583,-0.00920388475060463,0.9587427973747253
30.0,1300184.0,0.008751540444791317,-0.0076699042692780495,0.7086610794067383
30.0,1300188.0,0.008599589578807354,-0.0076699042692780495,0.7450639605522156
30.0,1300191.0,0.008496919646859169,-0.0076699042692780495,0.7758182287216187
30.0,1300195.0,0.008361396379768848,-0.0076699042692780495,0.7959873676300049
30.0,1300199.0,0.008225873112678528,-0.0076699042692780495,0.8235920667648315
30.0,1300211.0,0.007827515713870525,-0.0076699042692780495,0.9059309363365173
30.0,1300215.0,0.007683778181672096,-0.0076699042692780495,0.933097243309021
30.0,1300220.0,0.007490759715437889,-0.006135923322290182,0.702789843082428
30.0,1300227.0,0.007195071782916784,-0.006135923322290182,0.7590223550796509
30.0,1300231.0,0.007092402316629887,-0.006135923322290182,0.7852742671966553
30.0,1300235.0,0.006956879049539566,-0.006135923322290182,0.8107031583786011
30.0,1300240.0,0.006796714384108782,-0.006135923322290182,0.8324183821678162
30.0,1300243.0,0.006677618250250816,-0.006135923322290182,0.8504867553710938
30.0,1300247.0,0.006591375917196274,-0.006135923322290182,0.8680426478385925
30.0,1300251.0,0.006476385984569788,-0.006135923322290182,0.8821296691894531
30.0,1300255.0,0.006365503184497356,-0.006135923322290182,0.8920661807060242
30.0,1300259.0,0.006246406584978104,-0.006135923322290182,0.9084841012954712
30.0,1300262.0,0.006151950918138027,-0.006135923322290182,0.9274039268493652
30.0,1300266.0,0.006016427185386419,-0.006135923322290182,0.9502150416374207
30.0,1300270.0,0.005868582986295223,-0.006135923322290182,0.9690973162651062
30.0,1300273.0,0.005712525453418493,-0.006135923322290182,0.9965828061103821
30.0,1300278.0,0.005548254586756229,-0.006135923322290182,1.0262049436569214
30.0,1300281.0,0.005416837986558676,-0.006135923322290182,1.0578529834747314
30.0,1300285.0,0.0052361395210027695,-0.006135923322290182,1.0846524238586426
30.0,1300290.0,0.004981519654393196,-0.004601942375302315,0.8724554181098938
30.0,1300293.0,0.004772074054926634,-0.004601942375302315,0.9197438359260559
30.0,1300297.0,0.004574948456138372,-0.004601942375302315,0.9610845446586609
30.0,1300301.0,0.004422998055815697,-0.004601942375302315,1.0025652647018433
30.0,1300306.0,0.004156057722866535,-0.003067961661145091,0.7947201728820801
30.0,1300310.0,0.00391786452382803,-0.003067961661145091,0.8387524485588074
30.0,1300313.0,0.0036878851242363453,-0.003067961661145091,0.8918132781982422
30.0,1300317.0,0.003462012391537428,-0.003067961661145091,0.9416543841362
30.0,1300321.0,0.003289527725428343,-0.0015339808305725455,0.7235257625579834
30.0,1300325.0,0.003067761892452836,-0.0015339808305725455,0.7745848298072815
30.0,1300329.0,0.002854209393262863,-0.0015339808305725455,0.8095601201057434
30.0,1300332.0,0.0026488706935197115,-0.0015339808305725455,0.8518857955932617
30.0,1300337.0,0.002464065793901682,-0.0015339808305725455,0.885476291179657
30.0,1300340.0,0.0022833675611764193,-0.0015339808305725455,0.9165568947792053
30.0,1300344.0,0.0021478438284248114,0.0,0.6773448586463928
30.0,1300348.0,0.0019712524954229593,0.0,0.7038572430610657
30.0,1300352.0,0.0017864475958049297,0.0,0.7396951913833618
30.0,1300355.0,0.0016262833960354328,0.0,0.7655200362205505
30.0,1300359.0,0.0014702258631587029,0.0,0.7891024947166443
30.0,1300363.0,0.0013634497299790382,0.0,0.8026275038719177
30.0,1300367.0,0.0012197125470265746,0.0,0.8207200765609741
30.0,1300370.0,0.0011211498640477657,0.0,0.8338859677314758
30.0,1300374.0,0.0009938398143276572,0.0,0.8420657515525818
30.0,1300378.0,0.0008747433312237263,0.0,0.8503049612045288
30.0,1300381.0,0.0007802874897606671,0.0,0.8598673343658447
30.0,1300385.0,0.0006529774400405586,0.0,0.8722214102745056
30.0,1300389.0,0.0005215605488047004,0.0,0.8857954740524292
30.0,1300393.0,0.0003778233949560672,0.0,0.89760822057724
30.0,1300397.0,0.0002258726890431717,0.0,0.9164465665817261
30.0,1300400.0,6.981519254622981e-05,0.0,0.9363075494766235
30.0,1300404.0,-4.517453635344282e-05,0.0,0.9556163549423218
30.0,1300417.0,-0.0006488706567324698,0.0,1.0343647003173828
30.0,1300422.0,-0.000841889122966677,0.0,1.0642588138580322
30.0,1300427.0,-0.0010965092806145549,0.0015339808305725455,0.8462496399879456
30.0,1300430.0,-0.0013182751135900617,0.0015339808305725455,0.8799924850463867
30.0,1300434.0,-0.0014825462130829692,0.0015339808305725455,0.9212733507156372
30.0,1300438.0,-0.0017043121624737978,0.0015339808305725455,0.9532554149627686
30.0,1300442.0,-0.0019219712121412158,0.0015339808305725455,1.0014222860336304
30.0,1300445.0,-0.002135523594915867,0.0015339808305725455,1.0285512208938599
30.0,1300449.0,-0.0023039013613015413,0.003067961661145091,0.8018855452537537
30.0,1300452.0,-0.0025338809937238693,0.003067961661145091,0.8363695740699768
30.0,1300457.0,-0.002759753493592143,0.003067961661145091,0.8795866966247559
30.0,1300460.0,-0.0029199179261922836,0.003067961661145091,0.917015552520752
30.0,1300464.0,-0.0031252566259354353,0.003067961661145091,0.9413459897041321
30.0,1300467.0,-0.0033305955585092306,0.004601942375302315,0.7060871720314026
30.0,1300471.0,-0.0034907597582787275,0.004601942375302315,0.7451120615005493
30.0,1300474.0,-0.003642710391432047,0.004601942375302315,0.7702236175537109
30.0,1300478.0,-0.0038275152910500765,0.004601942375302315,0.7983898520469666
30.0,1300482.0,-0.004041067790240049,0.004601942375302315,0.8198217153549194
30.0,1300486.0,-0.004164271056652069,0.004601942375302315,0.8376955389976501
30.0,1300489.0,-0.004320328589528799,0.004601942375302315,0.8504448533058167
30.0,1300493.0,-0.004431211389601231,0.004601942375302315,0.8599791526794434
30.0,1300498.0,-0.004611909855157137,0.004601942375302315,0.8740183711051941
30.0,1300501.0,-0.0047186859883368015,0.004601942375302315,0.8832334280014038
30.0,1300504.0,-0.004821355454623699,0.004601942375302315,0.8893116116523743
30.0,1300508.0,-0.00495687872171402,0.004601942375302315,0.8968405723571777
30.0,1300512.0,-0.005096509121358395,0.004601942375302315,0.9072608947753906
30.0,1300515.0,-0.0052073923870921135,0.004601942375302315,0.9160645008087158
30.0,1300519.0,-0.00536755658686161,0.004601942375302315,0.9335256218910217
30.0,1300523.0,-0.005531827453523874,0.004601942375302315,0.9463372826576233
30.0,1300526.0,-0.005700205452740192,0.004601942375302315,0.9645424485206604
30.0,1300530.0,-0.005827515386044979,0.006135923322290182,0.7174363136291504
30.0,1300534.0,-0.006008213385939598,0.006135923322290182,0.7381864786148071
30.0,1300538.0,-0.006176591385155916,0.006135923322290182,0.7607071995735168
30.0,1300542.0,-0.00634086225181818,0.006135923322290182,0.7811151742935181
30.0,1300545.0,-0.006484599784016609,0.006135923322290182,0.7935479283332825
30.0,1300549.0,-0.00662012305110693,0.006135923322290182,0.8027781248092651
30.0,1300553.0,-0.0067186858505010605,0.006135923322290182,0.8103682398796082
30.0,1300557.0,-0.006845995783805847,0.006135923322290182,0.8145241737365723
30.0,1300560.0,-0.006944558583199978,0.006135923322290182,0.8220040202140808
30.0,1300563.0,-0.007084188982844353,0.006135923322290182,0.830544650554657
30.0,1300567.0,-0.007190965116024017,0.006135923322290182,0.842229425907135
30.0,1300570.0,-0.007301847916096449,0.006135923322290182,0.8519386649131775
30.0,1300574.0,-0.007449692115187645,0.006135923322290182,0.8646398186683655
30.0,1300578.0,-0.007593429181724787,0.006135923322290182,0.8725131750106812
30.0,1300581.0,-0.00774538004770875,0.006135923322290182,0.8862891793251038
30.0,1300585.0,-0.007864476181566715,0.006135923322290182,0.9012342691421509
30.0,1300589.0,-0.008020534180104733,0.006135923322290182,0.9173223376274109
30.0,1300593.0,-0.00818069837987423,0.006135923322290182,0.9287586212158203
30.0,1300596.0,-0.008340862579643726,0.006135923322290182,0.9441713690757751
30.0,1300600.0,-0.008459959179162979,0.006135923322290182,0.6883848309516907
30.0,1300613.0,-0.008936344645917416,0.0076699042692780495,0.736762285232544
30.0,1300617.0,-0.009063654579222202,0.0076699042692780495,0.7430142760276794
30.0,1300621.0,-0.009178644977509975,0.0076699042692780495,0.7462621331214905
30.0,1300626.0,-0.00931827537715435,0.0076699042692780495,0.7480735182762146
30.0,1300630.0,-0.009412731043994427,0.0076699042692780495,0.7440469861030579
30.0,1300634.0,-0.00949897337704897,0.0076699042692780495,0.7373767495155334
30.0,1300638.0,-0.009572895243763924,0.0076699042692780495,0.7266395688056946
30.0,1300641.0,-0.009642710909247398,0.006135923322290182,0.9798226952552795
30.0,1300645.0,-0.009691991843283176,0.006135923322290182,0.9629513621330261
30.0,1300649.0,-0.009774127043783665,0.006135923322290182,0.9527801275253296
30.0,1300653.0,-0.009868582710623741,0.006135923322290182,0.9473624229431152
30.0,1300657.0,-0.00997946597635746,0.006135923322290182,0.946925163269043
30.0,1300660.0,-0.010098562575876713,0.006135923322290182,0.9496279358863831
30.0,1300664.0,-0.01018891204148531,0.006135923322290182,0.9520843625068665
30.0,1300668.0,-0.010316221974790096,0.006135923322290182,0.9582051038742065
30.0,1300671.0,-0.010439424775540829,0.006135923322290182,0.9621713161468506
30.0,1300675.0,-0.01053798757493496,0.006135923322290182,0.970944344997406
30.0,1300679.0,-0.010681725107133389,0.006135923322290182,0.9825456142425537
30.0,1300682.0,-0.010833675973117352,0.0076699042692780495,0.7258478999137878
30.0,1300686.0,-0.010956878773868084,0.0076699042692780495,0.7502816915512085
30.0,1300689.0,-0.01108418870717287,0.0076699042692780495,0.7696071267127991
30.0,1300693.0,-0.011248460039496422,0.0076699042692780495,0.78703373670578
30.0,1300697.0,-0.011400410905480385,0.0076699042692780495,0.8052268028259277
30.0,1300701.0,-0.011548254638910294,0.0076699042692780495,0.8214783668518066
30.0,1300704.0,-0.011696098372340202,0.0076699042692780495,0.8373202681541443
30.0,1300708.0,-0.011806981638073921,0.0076699042692780495,0.854270339012146
30.0,1300712.0,-0.011958932504057884,0.00920388475060463,0.5992233753204346
30.0,1300715.0,-0.012069814838469028,0.00920388475060463,0.6183324456214905
30.0,1300719.0,-0.01220123190432787,0.00920388475060463,0.6309868097305298
30.0,1300723.0,-0.012312115170061588,0.00920388475060463,0.6354456543922424
30.0,1300728.0,-0.012459958903491497,0.00920388475060463,0.6383565664291382
30.0,1300732.0,-0.012521560303866863,0.00920388475060463,0.6360039710998535
30.0,1300735.0,-0.012607802636921406,0.00920388475060463,0.6332581043243408
30.0,1300740.0,-0.012698152102530003,0.00920388475060463,0.6327990889549255
30.0,1300744.0,-0.012784394435584545,0.00920388475060463,0.6302486062049866
30.0,1300748.0,-0.012870636768639088,0.00920388475060463,0.6287274360656738
30.0,1300751.0,-0.01295687910169363,0.00920388475060463,0.6280785202980042
30.0,1300755.0,-0.013018480502068996,0.00920388475060463,0.6260512471199036
30.0,1300758.0,-0.013080081902444363,0.00920388475060463,0.6220524907112122
30.0,1300762.0,-0.013149897567927837,0.00920388475060463,0.6138685941696167
30.0,1300766.0,-0.01320739183574915,0.00920388475060463,0.6031729578971863
30.0,1300769.0,-0.013252566568553448,0.00920388475060463,0.5917776823043823
30.0,1300773.0,-0.013277207501232624,0.00920388475060463,0.5777832269668579
30.0,1300777.0,-0.013297741301357746,0.0076699042692780495,0.8217067122459412
30.0,1300780.0,-0.013310061767697334,0.0076699042692780495,0.792847752571106
30.0,1300783.0,-0.013330595567822456,0.0076699042692780495,0.7734541893005371
30.0,1300787.0,-0.013355236500501633,0.0076699042692780495,0.7495244741439819
30.0,1300792.0,-0.013379876501858234,0.0076699042692780495,0.7265755534172058
30.0,1300796.0,-0.013408624567091465,0.0076699042692780495,0.7060449123382568
30.0,1300799.0,-0.013429158367216587,0.0076699042692780495,0.6863811016082764
30.0,1300811.0,-0.013503080233931541,0.006135923322290182,0.8870108127593994
30.0,1300814.0,-0.013527721166610718,0.006135923322290182,0.8730332851409912
30.0,1300818.0,-0.013572894968092442,0.006135923322290182,0.8609929084777832
30.0,1300821.0,-0.01361396349966526,0.006135923322290182,0.8504876494407654
30.0,1300824.0,-0.013663244433701038,0.006135923322290182,0.8451623916625977
30.0,1300828.0,-0.013733059167861938,0.006135923322290182,0.8398723602294922
30.0,1300832.0,-0.013806981965899467,0.006135923322290182,0.8379791378974915
30.0,1300835.0,-0.0138603700324893,0.006135923322290182,0.8346721529960632
30.0,1300839.0,-0.013950718566775322,0.006135923322290182,0.8301224708557129
30.0,1300842.0,-0.014000000432133675,0.006135923322290182,0.8257792592048645
30.0,1300847.0,-0.01406570803374052,0.006135923322290182,0.8202513456344604
30.0,1300850.0,-0.014110882766544819,0.006135923322290182,0.8120942115783691
30.0,1300854.0,-0.014164270833134651,0.006135923322290182,0.802886426448822
30.0,1300858.0,-0.01420944556593895,0.006135923322290182,0.7911619544029236
30.0,1300861.0,-0.014254620298743248,0.006135923322290182,0.7823420763015747
30.0,1300865.0,-0.014287474565207958,0.006135923322290182,0.7715356349945068
30.0,1300869.0,-0.014332649298012257,0.006135923322290182,0.7597503066062927
30.0,1300872.0,-0.014361396431922913,0.006135923322290182,0.75200355052948
30.0,1300876.0,-0.014406571164727211,0.006135923322290182,0.7410899996757507
30.0,1300880.0,-0.014447638764977455,0.006135923322290182,0.7339710593223572
30.0,1300883.0,-0.014480493031442165,0.006135923322290182,0.7238835096359253
30.0,1300887.0,-0.014529773965477943,0.006135923322290182,0.7142708897590637
30.0,1300891.0,-0.0145585210993886,0.006135923322290182,0.7066088318824768
30.0,1300894.0,-0.014583162032067776,0.006135923322290182,0.6948227286338806
30.0,1300898.0,-0.014616016298532486,0.006135923322290182,0.686322808265686
30.0,1300901.0,-0.014632443897426128,0.006135923322290182,0.6724761128425598
30.0,1300904.0,-0.014648870564997196,0.006135923322290182,0.6617347002029419
30.0,1300908.0,-0.014669404365122318,0.006135923322290182,0.6459447145462036
30.0,1300912.0,-0.014681724831461906,0.006135923322290182,0.6330404281616211
30.0,1300915.0,-0.01468583196401596,0.006135923322290182,0.6190410852432251
30.0,1300920.0,-0.01468993816524744,0.006135923322290182,0.59562748670578
30.0,1300923.0,-0.01468993816524744,0.006135923322290182,0.5765672326087952
30.0,1300927.0,-0.01468993816524744,0.006135923322290182,0.5627666115760803
30.0,1300930.0,-0.01468993816524744,0.006135923322290182,0.5450012683868408
30.0,1300935.0,-0.01468993816524744,0.004601942375302315,0.7927924990653992
30.0,1300938.0,-0.014694045297801495,0.004601942375302315,0.7720816135406494
30.0,1300942.0,-0.014698151499032974,0.004601942375302315,0.7574700713157654
30.0,1300945.0,-0.014698151499032974,0.004601942375302315,0.7381771802902222
30.0,1300949.0,-0.014706365764141083,0.004601942375302315,0.7196375131607056
30.0,1300952.0,-0.014710471965372562,0.004601942375302315,0.7065848112106323
30.0,1300956.0,-0.014714579097926617,0.004601942375302315,0.6893162131309509
30.0,1300960.0,-0.014714579097926617,0.004601942375302315,0.6712328195571899
30.0,1300964.0,-0.014714579097926617,0.004601942375302315,0.6581395268440247
30.0,1300968.0,-0.014714579097926617,0.004601942375302315,0.6412846446037292
30.0,1300971.0,-0.014714579097926617,0.004601942375302315,0.625093936920166
30.0,1300975.0,-0.014714579097926617,0.004601942375302315,0.6095411777496338
30.0,1300979.0,-0.014714579097926617,0.004601942375302315,0.5946013331413269
30.0,1300983.0,-0.014714579097926617,0.004601942375302315,0.580250084400177
30.0,1300987.0,-0.014714579097926617,0.004601942375302315,0.5698590278625488
30.0,1300990.0,-0.014714579097926617,0.004601942375302315,0.5564827919006348
30.0,1301003.0,-0.014718686230480671,0.003067961661145091,0.7742390632629395
30.0,1301007.0,-0.01472279243171215,0.003067961661145091,0.7630557417869568
30.0,1301010.0,-0.014726899564266205,0.003067961661145091,0.7481715679168701
30.0,1301014.0,-0.014731005765497684,0.003067961661145091,0.7377721667289734
30.0,1301017.0,-0.014735112898051739,0.003067961661145091,0.7239101529121399
30.0,1301021.0,-0.014739220030605793,0.003067961661145091,0.7106007933616638
30.0,1301024.0,-0.014739220030605793,0.003067961661145091,0.6998571157455444
30.0,1301029.0,-0.014743326231837273,0.003067961661145091,0.6874884963035583
30.0,1301032.0,-0.014743326231837273,0.003067961661145091,0.674152135848999
30.0,1301036.0,-0.014743326231837273,0.003067961661145091,0.6613412499427795
30.0,1301039.0,-0.014743326231837273,0.003067961661145091,0.6520655155181885
30.0,1301043.0,-0.014743326231837273,0.003067961661145091,0.6430652141571045
30.0,1301047.0,-0.014743326231837273,0.003067961661145091,0.6314792633056641
30.0,1301050.0,-0.014743326231837273,0.003067961661145091,0.6203498840332031
30.0,1301054.0,-0.014743326231837273,0.003067961661145091,0.6122916340827942
30.0,1301058.0,-0.014743326231837273,0.003067961661145091,0.6019182801246643
30.0,1301061.0,-0.014743326231837273,0.003067961661145091,0.5919537544250488
30.0,1301067.0,-0.014743326231837273,0.003067961661145091,0.5800483822822571
30.0,1301070.0,-0.014743326231837273,0.003067961661145091,0.5709455609321594
30.0,1301074.0,-0.014743326231837273,0.003067961661145091,0.564354658126831
30.0,1301078.0,-0.014743326231837273,0.003067961661145091,0.5558702349662781
30.0,1301081.0,-0.014743326231837273,0.003067961661145091,0.5477201342582703
30.0,1301084.0,-0.014743326231837273,0.003067961661145091,0.5418190360069275
30.0,1301088.0,-0.014743326231837273,0.003067961661145091,0.5342226028442383
30.0,1301092.0,-0.014743326231837273,0.003067961661145091,0.5287224054336548
30.0,1301095.0,-0.014743326231837273,0.003067961661145091,0.5233855843544006
30.0,1301099.0,-0.014743326231837273,0.003067961661145091,0.5165154933929443
30.0,1301102.0,-0.014743326231837273,0.003067961661145091,0.5099161267280579
30.0,1301106.0,-0.014743326231837273,0.003067961661145091,0.5035768747329712
30.0,1301111.0,-0.014743326231837273,0.003067961661145091,0.497487336397171
30.0,1301114.0,-0.014743326231837273,0.003067961661145091,0.49163779616355896
30.0,1301118.0,-0.014743326231837273,0.003067961661145091,0.48740237951278687
30.0,1301121.0,-0.014743326231837273,0.003067961661145091,0.48195019364356995
30.0,1301124.0,-0.014743326231837273,0.003067961661145091,0.47543609142303467
30.0,1301130.0,-0.014743326231837273,0.003067961661145091,0.4716818928718567
30.0,1301133.0,-0.014743326231837273,0.003067961661145091,0.4668491780757904
30.0,1301137.0,-0.014743326231837273,0.003067961661145091,0.4622068703174591
30.0,1301141.0,-0.014743326231837273,0.003067961661145091,0.4577474892139435
30.0,1301145.0,-0.014743326231837273,0.003067961661145091,0.4534638524055481
30.0,1301149.0,-0.014743326231837273,0.003067961661145091,0.4503622353076935
30.0,1301152.0,-0.014743326231837273,0.003067961661145091,0.44636958837509155
30.0,1301156.0,-0.014743326231837273,0.003067961661145091,0.44253426790237427
30.0,1301160.0,-0.014743326231837273,0.003067961661145091,0.438850075006485
30.0,1301164.0,-0.014743326231837273,0.003067961661145091,0.43618252873420715
30.0,1301168.0,-0.014743326231837273,0.003067961661145091,0.43274861574172974
30.0,1301171.0,-0.014743326231837273,0.003067961661145091,0.42945000529289246
30.0,1301175.0,-0.014743326231837273,0.003067961661145091,0.4262813925743103
30.0,1301179.0,-0.014743326231837273,0.003067961661145091,0.42398712038993835
30.0,1301182.0,-0.014743326231837273,0.003067961661145091,0.42103374004364014
30.0,1301186.0,-0.014743326231837273,0.003067961661145091,0.41819676756858826
30.0,1301199.0,-0.014743326231837273,0.003067961661145091,0.4103390872478485
30.0,1301204.0,-0.014743326231837273,0.003067961661145091,0.4073346257209778
30.0,1301208.0,-0.014743326231837273,0.003067961661145091,0.40503743290901184
30.0,1301211.0,-0.014743326231837273,0.003067961661145091,0.4028307795524597
30.0,1301215.0,-0.014743326231837273,0.003067961661145091,0.4012330174446106
30.0,1301218.0,-0.014743326231837273,0.003067961661145091,0.3991762697696686
30.0,1301223.0,-0.014743326231837273,0.003067961661145091,0.3972005248069763
30.0,1301228.0,-0.014743326231837273,0.004601942375302315,0.13145706057548523
30.0,1301231.0,-0.014743326231837273,0.004601942375302315,0.13540047407150269
30.0,1301235.0,-0.014739220030605793,0.004601942375302315,0.13865040242671967
30.0,1301240.0,-0.014739220030605793,0.004601942375302315,0.1408023238182068
30.0,1301244.0,-0.014735112898051739,0.004601942375302315,0.14348746836185455
30.0,1301248.0,-0.014735112898051739,0.004601942375302315,0.14694400131702423
30.0,1301251.0,-0.014735112898051739,0.004601942375302315,0.15026435256004333
30.0,1301254.0,-0.014735112898051739,0.004601942375302315,0.15266844630241394
30.0,1301258.0,-0.014735112898051739,0.004601942375302315,0.15576320886611938
30.0,1301262.0,-0.014735112898051739,0.004601942375302315,0.1580040007829666
30.0,1301266.0,-0.014735112898051739,0.004601942375302315,0.16009008884429932
30.0,1301270.0,-0.014731005765497684,0.004601942375302315,0.16288600862026215
30.0,1301274.0,-0.014731005765497684,0.004601942375302315,0.16491040587425232
30.0,1301278.0,-0.014731005765497684,0.004601942375302315,0.16751638054847717
30.0,1301281.0,-0.014731005765497684,0.004601942375302315,0.17001968622207642
30.0,1301285.0,-0.014731005765497684,0.004601942375302315,0.1724243313074112
30.0,1301289.0,-0.014731005765497684,0.004601942375302315,0.17416542768478394
30.0,1301292.0,-0.014731005765497684,0.004601942375302315,0.17640672624111176
30.0,1301296.0,-0.014731005765497684,0.004601942375302315,0.17855970561504364
30.0,1301300.0,-0.014731005765497684,0.004601942375302315,0.18062783777713776
30.0,1301304.0,-0.014731005765497684,0.004601942375302315,0.1826144903898239
30.0,1301308.0,-0.014731005765497684,0.004601942375302315,0.18405292928218842
30.0,1301311.0,-0.014731005765497684,0.004601942375302315,0.1859046220779419
30.0,1301316.0,-0.014731005765497684,0.006135923322290182,-0.07973143458366394
30.0,1301320.0,-0.014731005765497684,0.006135923322290182,-0.07211566716432571
30.0,1301324.0,-0.014726899564266205,0.006135923322290182,-0.06628789752721786
30.0,1301328.0,-0.01472279243171215,0.006135923322290182,-0.062439821660518646
30.0,1301331.0,-0.014718686230480671,0.006135923322290182,-0.05699287727475166
30.0,1301335.0,-0.014714579097926617,0.006135923322290182,-0.053417276591062546
30.0,1301339.0,-0.014710471965372562,0.006135923322290182,-0.04833899810910225
30.0,1301342.0,-0.014706365764141083,0.006135923322290182,-0.043480176478624344
30.0,1301346.0,-0.014706365764141083,0.006135923322290182,-0.03733133152127266
30.0,1301350.0,-0.014706365764141083,0.006135923322290182,-0.03287922218441963
30.0,1301353.0,-0.014706365764141083,0.006135923322290182,-0.02714810147881508
30.0,1301357.0,-0.014706365764141083,0.006135923322290182,-0.021642807871103287
30.0,1301360.0,-0.014706365764141083,0.006135923322290182,-0.017656665295362473
30.0,1301364.0,-0.014702258631587029,0.006135923322290182,-0.013987223617732525
30.0,1301368.0,-0.014702258631587029,0.006135923322290182,-0.010233292356133461
30.0,1301371.0,-0.014702258631587029,0.006135923322290182,-0.005400908645242453
30.0,1301375.0,-0.014702258631587029,0.0076699042692780495,-0.26824694871902466
30.0,1301379.0,-0.014702258631587029,0.0076699042692780495,-0.2578778862953186
30.0,1301382.0,-0.01468993816524744,0.0076699042692780495,-0.2523687779903412
30.0,1301386.0,-0.014677617698907852,0.0076699042692780495,-0.24710911512374878
30.0,1301399.0,-0.014644763432443142,0.0076699042692780495,-0.23115207254886627
30.0,1301403.0,-0.014632443897426128,0.0076699042692780495,-0.22678548097610474
30.0,1301407.0,-0.01462422963231802,0.0076699042692780495,-0.22113575041294098
30.0,1301410.0,-0.01462012343108654,0.0076699042692780495,-0.21423275768756866
30.0,1301414.0,-0.01462012343108654,0.0076699042692780495,-0.20811791718006134
30.0,1301418.0,-0.014616016298532486,0.0076699042692780495,-0.20172137022018433
30.0,1301421.0,-0.014616016298532486,0.00920388475060463,-0.46347522735595703
30.0,1301424.0,-0.014616016298532486,0.00920388475060463,-0.4469365179538727
30.0,1301430.0,-0.014607802964746952,0.00920388475060463,-0.4372408390045166
30.0,1301434.0,-0.014595482498407364,0.00920388475060463,-0.4324713945388794
30.0,1301437.0,-0.014570841565728188,0.00920388475060463,-0.4293174743652344
30.0,1301441.0,-0.014550307765603065,0.00920388475060463,-0.4263257384300232
30.0,1301445.0,-0.01452156063169241,0.00920388475060463,-0.4264174699783325
30.0,1301448.0,-0.014492813497781754,0.00920388475060463,-0.4250921607017517
30.0,1301452.0,-0.014464065432548523,0.00920388475060463,-0.4267849624156952
30.0,1301456.0,-0.014431211166083813,0.00920388475060463,-0.42702314257621765
30.0,1301460.0,-0.014398356899619102,0.00920388475060463,-0.4273031949996948
30.0,1301463.0,-0.0143737168982625,0.00920388475060463,-0.42762354016304016
30.0,1301467.0,-0.01434086263179779,0.00920388475060463,-0.42788898944854736
30.0,1301470.0,-0.014320328831672668,0.00920388475060463,-0.42828938364982605
30.0,1301474.0,-0.014287474565207958,0.00920388475060463,-0.42725005745887756
30.0,1301478.0,-0.014254620298743248,0.010737866163253784,-0.6926149725914001
30.0,1301482.0,-0.014221766032278538,0.010737866163253784,-0.6886403560638428
30.0,1301485.0,-0.014184804633259773,0.010737866163253784,-0.6909963488578796
30.0,1301490.0,-0.014094456098973751,0.010737866163253784,-0.7038987874984741
30.0,1301494.0,-0.014000000432133675,0.010737866163253784,-0.7176762819290161
30.0,1301498.0,-0.013889117166399956,0.00920388475060463,-0.47060880064964294
30.0,1301501.0,-0.013798767700791359,0.00920388475060463,-0.502625048160553
30.0,1301507.0,-0.013601643033325672,0.00920388475060463,-0.5448172092437744
30.0,1301510.0,-0.013511293567717075,0.00920388475060463,-0.5728564262390137
30.0,1301514.0,-0.013400410301983356,0.00920388475060463,-0.5970271229743958
30.0,1301518.0,-0.013289527967572212,0.00920388475060463,-0.6142779588699341
30.0,1301521.0,-0.01320739183574915,0.00920388475060463,-0.637130856513977
30.0,1301525.0,-0.013096509501338005,0.00920388475060463,-0.6533910036087036
30.0,1301529.0,-0.012981519103050232,0.0076699042692780495,-0.41012096405029297
30.0,1301532.0,-0.012903491035103798,0.0076699042692780495,-0.4338792860507965
30.0,1301536.0,-0.012821354903280735,0.0076699042692780495,-0.4464711844921112
30.0,1301540.0,-0.012759753502905369,0.0076699042692780495,-0.4519507586956024
30.0,1301544.0,-0.012726899236440659,0.00920388475060463,-0.7185547351837158
30.0,1301548.0,-0.012706365436315536,0.00920388475060463,-0.7055431604385376
30.0,1301551.0,-0.012698152102530003,0.00920388475060463,-0.6901529431343079
30.0,1301555.0,-0.01268172450363636,0.00920388475060463,-0.6801234483718872
30.0,1301559.0,-0.012665297836065292,0.00920388475060463,-0.6672348380088806
30.0,1301562.0,-0.01264887023717165,0.00920388475060463,-0.6578432321548462
30.0,1301566.0,-0.012628336437046528,0.010737866163253784,-0.9122549295425415
30.0,1301570.0,-0.012607802636921406,0.010737866163253784,-0.8992056846618652
30.0,1301574.0,-0.012570842169225216,0.010737866163253784,-0.8898308873176575
30.0,1301578.0,-0.012521560303866863,0.010737866163253784,-0.8853349089622498
30.0,1301581.0,-0.012472279369831085,0.010737866163253784,-0.8885203003883362
30.0,1301584.0,-0.012394250370562077,0.010737866163253784,-0.8927439451217651
30.0,1301597.0,-0.012012320570647717,0.010737866163253784,-0.9570626020431519
30.0,1301603.0,-0.011806981638073921,0.010737866163253784,-1.00948965549469
30.0,1301607.0,-0.011630389839410782,0.010737866163253784,-1.0489442348480225
30.0,1301610.0,-0.011441478505730629,0.00920388475060463,-0.8113200068473816
30.0,1301614.0,-0.011285420507192612,0.00920388475060463,-0.8648374676704407
30.0,1301619.0,-0.01101848017424345,0.00920388475060463,-0.9180476665496826
30.0,1301623.0,-0.010804927907884121,0.00920388475060463,-0.9695075750350952
30.0,1301627.0,-0.010595482774078846,0.0076699042692780495,-0.7514533400535583
30.0,1301630.0,-0.010381930507719517,0.0076699042692780495,-0.8054948449134827
30.0,1301635.0,-0.010164271108806133,0.0076699042692780495,-0.8734798431396484
30.0,1301639.0,-0.009893223643302917,0.006135923322290182,-0.6541088223457336
30.0,1301643.0,-0.009728952310979366,0.006135923322290182,-0.7114284038543701
30.0,1301647.0,-0.009511293843388557,0.006135923322290182,-0.7638593912124634
30.0,1301651.0,-0.009293634444475174,0.006135923322290182,-0.8035167455673218
30.0,1301654.0,-0.009129363112151623,0.004601942375302315,-0.5850167274475098
30.0,1301658.0,-0.008919917978346348,0.004601942375302315,-0.6357519626617432
30.0,1301662.0,-0.008722792379558086,0.004601942375302315,-0.6704491972923279
30.0,1301665.0,-0.008579055778682232,0.004601942375302315,-0.7124431133270264
30.0,1301669.0,-0.00834907591342926,0.004601942375302315,-0.7516021728515625
30.0,1301673.0,-0.00821355264633894,0.004601942375302315,-0.7790341973304749
30.0,1301677.0,-0.008028747513890266,0.004601942375302315,-0.8160694241523743
30.0,1301681.0,-0.007798768114298582,0.003067961661145091,-0.5924873948097229
30.0,1301685.0,-0.00762217678129673,0.003067961661145091,-0.6299275755882263
30.0,1301689.0,-0.007457905448973179,0.003067961661145091,-0.6616904139518738
30.0,1301692.0,-0.007347022648900747,0.003067961661145091,-0.6804092526435852
30.0,1301698.0,-0.007174537982791662,0.003067961661145091,-0.7062258720397949
30.0,1301702.0,-0.0070513347163796425,0.003067961661145091,-0.7208920121192932
30.0,1301706.0,-0.006944558583199978,0.003067961661145091,-0.7292462587356567
30.0,1301709.0,-0.006866529583930969,0.003067961661145091,-0.7359499931335449
30.0,1301713.0,-0.006772073917090893,0.003067961661145091,-0.7383067011833191
30.0,1301717.0,-0.006677618250250816,0.003067961661145091,-0.7419593334197998
30.0,1301720.0,-0.006603695917874575,0.004601942375302315,-1.0134639739990234
30.0,1301724.0,-0.006509240251034498,0.004601942375302315,-1.0128741264343262
30.0,1301728.0,-0.006394250318408012,0.004601942375302315,-1.0210374593734741
30.0,1301732.0,-0.006262833718210459,0.004601942375302315,-1.0294125080108643
30.0,1301735.0,-0.006147843785583973,0.004601942375302315,-1.0492889881134033
30.0,1301739.0,-0.005930184852331877,0.004601942375302315,-1.0760270357131958
30.0,1301743.0,-0.005798767786473036,0.004601942375302315,-0.8341084122657776
30.0,1301747.0,-0.005601642653346062,0.003067961661145091,-0.8726672530174255
30.0,1301750.0,-0.0053921970538794994,0.003067961661145091,-0.9052331447601318
30.0,1301754.0,-0.005240246187895536,0.003067961661145091,-0.9430088400840759
30.0,1301758.0,-0.005034907720983028,0.003067961661145091,-0.972409188747406
30.0,1301761.0,-0.004829568788409233,0.003067961661145091,-1.0095573663711548
30.0,1301765.0,-0.004669404588639736,0.0015339808305725455,-0.782191812992096
30.0,1301769.0,-0.004431211389601231,0.0015339808305725455,-0.822515606880188
30.0,1301772.0,-0.004254620056599379,0.0015339808305725455,-0.870771586894989
30.0,1301776.0,-0.004024640657007694,0.0015339808305725455,-0.9204617738723755
30.0,1301780.0,-0.0037823407910764217,0.0,-0.6880484819412231
30.0,1301783.0,-0.003540041157975793,0.0,-0.7424371838569641
30.0,1301788.0,-0.0032977412920445204,0.0,-0.7950743436813354
30.0,1301800.0,-0.0026119097601622343,-0.0015339808305725455,-0.6653276681900024
30.0,1301804.0,-0.0023942505940794945,-0.0015339808305725455,-0.7177245616912842
30.0,1301808.0,-0.0021930185612291098,-0.0015339808305725455,-0.7452067136764526
30.0,1301811.0,-0.0020000000949949026,-0.0015339808305725455,-0.7774154543876648
30.0,1301815.0,-0.0018685831455513835,-0.0015339808305725455,-0.7960898876190186
30.0,1301820.0,-0.0016386037459596992,-0.0015339808305725455,-0.8302597999572754
30.0,1301823.0,-0.001503080129623413,-0.003067961661145091,-0.5906749367713928
30.0,1301827.0,-0.0013347022468224168,-0.003067961661145091,-0.6151259541511536
30.0,1301831.0,-0.0011827514972537756,-0.003067961661145091,-0.6285209059715271
30.0,1301835.0,-0.0010431210976094007,-0.003067961661145091,-0.6430076360702515
30.0,1301839.0,-0.0009117043227888644,-0.003067961661145091,-0.6541916131973267
30.0,1301842.0,-0.0007802874897606671,-0.003067961661145091,-0.6651268005371094
30.0,1301846.0,-0.0006940451567061245,-0.003067961661145091,-0.6699233651161194
30.0,1301850.0,-0.0005790554569102824,-0.003067961661145091,-0.6735143661499023
30.0,1301853.0,-0.00047227926552295685,-0.0015339808305725455,-0.941676139831543
30.0,1301858.0,-0.0003696098574437201,-0.0015339808305725455,-0.9362350106239319
30.0,1301861.0,-0.0002874743368010968,-0.0015339808305725455,-0.9356465935707092
30.0,1301865.0,-0.00016016427252907306,-0.0015339808305725455,-0.9383081793785095
30.0,1301869.0,-2.0533880160655826e-05,-0.0015339808305725455,-0.9468541145324707
30.0,1301872.0,9.034907270688564e-05,-0.0015339808305725455,-0.9597192406654358
30.0,1301876.0,0.0002505133452359587,-0.0015339808305725455,-0.9752644896507263
30.0,1301880.0,0.00042299795313738286,-0.0015339808305725455,-0.9907721281051636
30.0,1301884.0,0.0006036960985511541,-0.0015339808305725455,-1.0129501819610596
30.0,1301888.0,0.0007885009981691837,-0.003067961661145091,-0.7711678743362427
30.0,1301891.0,0.0009322381811216474,-0.003067961661145091,-0.8023775815963745
30.0,1301895.0,0.0011211498640477657,-0.003067961661145091,-0.8233183026313782
30.0,1301898.0,0.001310061546973884,-0.003067961661145091,-0.8515040874481201
30.0,1301902.0,0.0014579055132344365,-0.003067961661145091,-0.8803490400314331
30.0,1301906.0,0.0016468171961605549,-0.003067961661145091,-0.908385157585144
30.0,1301910.0,0.0018398357788100839,-0.004601942375302315,-0.6591525077819824
30.0,1301913.0,0.001991786528378725,-0.004601942375302315,-0.6962382793426514
30.0,1301917.0,0.0021930185612291098,-0.004601942375302315,-0.7277186512947083
30.0,1301920.0,0.0023819301277399063,-0.004601942375302315,-0.7503535151481628
30.0,1301924.0,0.002521560527384281,-0.004601942375302315,-0.7772640585899353
30.0,1301928.0,0.0027063654270023108,-0.004601942375302315,-0.8034027218818665
30.0,1301931.0,0.0028459958266466856,-0.004601942375302315,-0.8229054808616638
30.0,1301935.0,0.003034907625988126,-0.006135923322290182,-0.5741146206855774
30.0,1301939.0,0.0032197125256061554,-0.006135923322290182,-0.6043851971626282
30.0,1301942.0,0.0033511293586343527,-0.006135923322290182,-0.62928706407547
30.0,1301948.0,0.0035852156579494476,-0.006135923322290182,-0.651294469833374
30.0,1301951.0,0.0037289527244865894,-0.006135923322290182,-0.664527952671051
30.0,1301955.0,0.0038275152910500765,-0.006135923322290182,-0.6730527877807617
30.0,1301959.0,0.00395071879029274,-0.006135923322290182,-0.6769953966140747
30.0,1301963.0,0.0040574949234724045,-0.006135923322290182,-0.6758852601051331
30.0,1301967.0,0.004151950590312481,-0.006135923322290182,-0.6711347103118896
30.0,1301970.0,0.0042135524563491344,-0.006135923322290182,-0.6622808575630188
30.0,1301974.0,0.004283367656171322,-0.006135923322290182,-0.6514902114868164
30.0,1301978.0,0.004344969056546688,-0.004601942375302315,-0.9055681824684143
30.0,1301981.0,0.004381929989904165,-0.004601942375302315,-0.8805556893348694
30.0,1301985.0,0.004427104722708464,-0.004601942375302315,-0.861021101474762
30.0,1301997.0,0.004636550322175026,-0.004601942375302315,-0.8140331506729126
30.0,1302002.0,0.004751540254801512,-0.004601942375302315,-0.8086904883384705
30.0,1302009.0,0.004936344921588898,-0.004601942375302315,-0.809125542640686
30.0,1302012.0,0.0050554415211081505,-0.004601942375302315,-0.8140293955802917
30.0,1302016.0,0.005149897187948227,-0.004601942375302315,-0.8218889832496643
30.0,1302020.0,0.005277207586914301,-0.004601942375302315,-0.8273202776908875
30.0,1302024.0,0.005404517520219088,-0.004601942375302315,-0.8349891304969788
30.0,1302028.0,0.0055400412529706955,-0.004601942375302315,-0.8455174565315247
30.0,1302031.0,0.005683778319507837,-0.004601942375302315,-0.858805775642395
30.0,1302035.0,0.005790554452687502,-0.004601942375302315,-0.8718211650848389
30.0,1302039.0,0.005934291519224644,-0.004601942375302315,-0.8845217227935791
30.0,1302043.0,0.00608213571831584,-0.004601942375302315,-0.8949863910675049
30.0,1302046.0,0.0062340861186385155,-0.004601942375302315,-0.910134494304657
30.0,1302050.0,0.006353182718157768,-0.004601942375302315,-0.9278993606567383
30.0,1302054.0,0.006513346917927265,-0.004601942375302315,-0.9405630230903625
30.0,1302058.0,0.006689938250929117,-0.006135923322290182,-0.697145938873291
30.0,1302061.0,0.006829568650573492,-0.006135923322290182,-0.7297491431236267
30.0,1302067.0,0.007096509449183941,-0.006135923322290182,-0.7679796814918518
30.0,1302071.0,0.007264886982738972,-0.006135923322290182,-0.78956139087677
30.0,1302075.0,0.007425051182508469,-0.006135923322290182,-0.8053864240646362
30.0,1302079.0,0.00758932251483202,-0.0076699042692780495,-0.5596774816513062
30.0,1302082.0,0.007708419114351273,-0.0076699042692780495,-0.5840938091278076
30.0,1302086.0,0.007852155715227127,-0.0076699042692780495,-0.5988954901695251
30.0,1302090.0,0.007979466579854488,-0.0076699042692780495,-0.6071630716323853
30.0,1302093.0,0.008057494647800922,-0.0076699042692780495,-0.6095752716064453
30.0,1302097.0,0.008151950314640999,-0.0076699042692780495,-0.6076018214225769
30.0,1302101.0,0.008234086446464062,-0.0076699042692780495,-0.6040434241294861
30.0,1302104.0,0.008291580714285374,-0.0076699042692780495,-0.5980871319770813
30.0,1302108.0,0.008365503512322903,-0.0076699042692780495,-0.5895238518714905
30.0,1302112.0,0.008435318246483803,-0.0076699042692780495,-0.5837592482566833
30.0,1302115.0,0.00848459918051958,-0.0076699042692780495,-0.5744783282279968
30.0,1302119.0,0.008546201512217522,-0.0076699042692780495,-0.5627023577690125
30.0,1302122.0,0.0085954824462533,-0.006135923322290182,-0.8213697075843811
30.0,1302127.0,0.008636550046503544,-0.006135923322290182,-0.7986900806427002
30.0,1302130.0,0.008673511445522308,-0.006135923322290182,-0.7799580693244934
30.0,1302136.0,0.008755646646022797,-0.006135923322290182,-0.7606483101844788
30.0,1302140.0,0.008817248046398163,-0.006135923322290182,-0.7480522990226746
30.0,1302143.0,0.008866529911756516,-0.006135923322290182,-0.7360225319862366
30.0,1302147.0,0.008924024179577827,-0.006135923322290182,-0.7245759963989258
30.0,1302151.0,0.008985626511275768,-0.006135923322290182,-0.7159976959228516
30.0,1302154.0,0.0090390145778656,-0.006135923322290182,-0.7025569677352905
30.0,1302158.0,0.009088295511901379,-0.006135923322290182,-0.6882408857345581
30.0,1302162.0,0.009129363112151623,-0.006135923322290182,-0.676027774810791
30.0,1302166.0,0.009178644977509975,-0.006135923322290182,-0.6629176735877991
30.0,1302170.0,0.009232033044099808,-0.006135923322290182,-0.6549771428108215
30.0,1302173.0,0.009281313978135586,-0.004601942375302315,-0.910685658454895
30.0,1302177.0,0.00931827537715435,-0.004601942375302315,-0.8931771516799927
30.0,1302181.0,0.009379876777529716,-0.004601942375302315,-0.8850149512290955
30.0,1302184.0,0.009449692443013191,-0.004601942375302315,-0.8760861158370972
30.0,1302188.0,0.00953182764351368,-0.004601942375302315,-0.8720558881759644
30.0,1302201.0,0.009794660843908787,-0.006135923322290182,-0.6061550378799438
30.0,1302204.0,0.00987679697573185,-0.006135923322290182,-0.6065791845321655
30.0,1302209.0,0.009938398376107216,-0.006135923322290182,-0.6017909049987793
30.0,1302213.0,0.009991786442697048,-0.006135923322290182,-0.5906420946121216
30.0,1302217.0,0.010036961175501347,-0.006135923322290182,-0.5777849555015564
30.0,1302221.0,0.010061602108180523,-0.004601942375302315,-0.8318656086921692
30.0,1302224.0,0.010086242109537125,-0.004601942375302315,-0.8144887685775757
30.0,1302229.0,0.010119096376001835,-0.004601942375302315,-0.796100914478302
30.0,1302232.0,0.010164271108806133,-0.004601942375302315,-0.7829270362854004
30.0,1302237.0,0.010217659175395966,-0.004601942375302315,-0.7733323574066162
30.0,1302240.0,0.010262833908200264,-0.004601942375302315,-0.7671619653701782
30.0,1302243.0,0.010312114842236042,-0.004601942375302315,-0.76385897397995
30.0,1302247.0,0.010381930507719517,-0.004601942375302315,-0.7621867060661316
30.0,1302250.0,0.010439424775540829,-0.004601942375302315,-0.7626247406005859
30.0,1302254.0,0.010521560907363892,-0.004601942375302315,-0.764133632183075
30.0,1302258.0,0.01060369610786438,-0.004601942375302315,-0.7661879062652588
30.0,1302261.0,0.0106694046407938,-0.006135923322290182,-0.5019160509109497
30.0,1302265.0,0.010755646973848343,-0.006135923322290182,-0.5094234943389893
30.0,1302268.0,0.010825461708009243,-0.006135923322290182,-0.5127851963043213
30.0,1302272.0,0.010866530239582062,-0.006135923322290182,-0.5086961388587952
30.0,1302276.0,0.010899383574724197,-0.006135923322290182,-0.4974568486213684
30.0,1302279.0,0.010911704041063786,-0.006135923322290182,-0.4845137298107147
30.0,1302283.0,0.01091581117361784,-0.004601942375302315,-0.7398437857627869
30.0,1302287.0,0.01091581117361784,-0.004601942375302315,-0.7138397693634033
30.0,1302290.0,0.010919918306171894,-0.004601942375302315,-0.6903486251831055
30.0,1302293.0,0.010928131639957428,-0.004601942375302315,-0.6751990914344788
30.0,1302298.0,0.010932237841188908,-0.004601942375302315,-0.6532494425773621
30.0,1302301.0,0.010936344973742962,-0.004601942375302315,-0.6377282738685608
30.0,1302304.0,0.010940452106297016,-0.004601942375302315,-0.6172550916671753
30.0,1302308.0,0.010940452106297016,-0.004601942375302315,-0.5961199998855591
30.0,1302311.0,0.010940452106297016,-0.004601942375302315,-0.5808170437812805
30.0,1302315.0,0.010940452106297016,-0.003067961661145091,-0.8338168859481812
30.0,1302318.0,0.010940452106297016,-0.003067961661145091,-0.8087785243988037
30.0,1302322.0,0.010944558307528496,-0.003067961661145091,-0.7921240329742432
30.0,1302326.0,0.010956878773868084,-0.003067961661145091,-0.7731863260269165
30.0,1302329.0,0.010965092107653618,-0.003067961661145091,-0.755027174949646
30.0,1302332.0,0.01098151970654726,-0.003067961661145091,-0.7429928183555603
30.0,1302337.0,0.010997946374118328,-0.003067961661145091,-0.7237564325332642
30.0,1302341.0,0.01101848017424345,-0.003067961661145091,-0.7141774296760559
30.0,1302344.0,0.011034907773137093,-0.003067961661145091,-0.7013893127441406
30.0,1302348.0,0.01105133444070816,-0.003067961661145091,-0.6891509294509888
30.0,1302353.0,0.011075975373387337,-0.003067961661145091,-0.6759248971939087
30.0,1302357.0,0.011096509173512459,-0.003067961661145091,-0.6647075414657593
30.0,1302360.0,0.011108829639852047,-0.003067961661145091,-0.652502715587616
30.0,1302364.0,0.011125256307423115,-0.003067961661145091,-0.6436821818351746
30.0,1302368.0,0.011141683906316757,-0.003067961661145091,-0.6323506832122803
30.0,1302371.0,0.011154004372656345,-0.003067961661145091,-0.621491014957428
30.0,1302374.0,0.011166324838995934,-0.003067961661145091,-0.6121437549591064
30.0,1302378.0,0.011174538172781467,-0.003067961661145091,-0.6006305813789368
30.0,1302381.0,0.011182751506567001,-0.003067961661145091,-0.5904520750045776
30.0,1302394.0,0.01119507197290659,-0.0015339808305725455,-0.8089951276779175
30.0,1302398.0,0.011211498640477657,-0.0015339808305725455,-0.7926974296569824
30.0,1302402.0,0.01123203244060278,-0.0015339808305725455,-0.7832415103912354
30.0,1302406.0,0.01126488670706749,-0.0015339808305725455,-0.7771464586257935
30.0,1302409.0,0.0112977409735322,-0.0015339808305725455,-0.7727667689323425
30.0,1302412.0,0.01132648903876543,-0.0015339808305725455,-0.7700347304344177
30.0,1302417.0,0.011375769972801208,-0.0015339808305725455,-0.7662262916564941
30.0,1302421.0,0.011408624239265919,-0.0015339808305725455,-0.763962984085083
30.0,1302424.0,0.011437371373176575,-0.0015339808305725455,-0.7631205916404724
30.0,1302428.0,0.011482546105980873,-0.0015339808305725455,-0.4932296574115753
30.0,1302431.0,0.011523613706231117,-0.003067961661145091,-0.4955418109893799
30.0,1302435.0,0.011552361771464348,-0.003067961661145091,-0.49805736541748047
30.0,1302439.0,0.01157700177282095,-0.003067961661145091,-0.4931432604789734
30.0,1302443.0,0.01157700177282095,-0.003067961661145091,-0.4825223982334137
30.0,1302447.0,0.01157700177282095,-0.003067961661145091,-0.47483229637145996
30.0,1302450.0,0.01157700177282095,-0.0015339808305725455,-0.7312778830528259
30.0,1302454.0,0.011581108905375004,-0.0015339808305725455,-0.7211911082267761
30.0,1302458.0,0.011585216037929058,-0.0015339808305725455,-0.7077223658561707
30.0,1302461.0,0.011589322239160538,-0.0015339808305725455,-0.6947637796401978
30.0,1302464.0,0.011593429371714592,-0.0015339808305725455,-0.685749351978302
30.0,1302468.0,0.011601642705500126,-0.0015339808305725455,-0.675157904624939
30.0,1302471.0,0.011601642705500126,-0.0015339808305725455,-0.6652652621269226
30.0,1302474.0,0.011601642705500126,-0.0015339808305725455,-0.6556664705276489
30.0,1302478.0,0.01160574983805418,-0.0015339808305725455,-0.6447851061820984
30.0,1302482.0,0.01160574983805418,-0.0015339808305725455,-0.6328638792037964
30.0,1302485.0,0.01160574983805418,-0.0015339808305725455,-0.624232292175293
30.0,1302489.0,0.01160574983805418,-0.0015339808305725455,-0.613120973110199
30.0,1302492.0,0.01160574983805418,-0.0015339808305725455,-0.6050757169723511
30.0,1302496.0,0.01160574983805418,-0.0015339808305725455,-0.5947192311286926
30.0,1302499.0,0.01160574983805418,-0.0015339808305725455,-0.5872205495834351
30.0,1302503.0,0.01160574983805418,-0.0015339808305725455,-0.5799446105957031
30.0,1302507.0,0.01160574983805418,-0.0015339808305725455,-0.570578396320343
30.0,1302510.0,0.01160574983805418,-0.0015339808305725455,-0.5615811944007874
30.0,1302514.0,0.01160574983805418,-0.0015339808305725455,-0.5550667643547058
30.0,1302518.0,0.01160574983805418,-0.0015339808305725455,-0.5466808080673218
30.0,1302521.0,0.01160574983805418,-0.0015339808305725455,-0.5386252999305725
30.0,1302525.0,0.01160574983805418,-0.0015339808305725455,-0.5290008187294006
30.0,1302530.0,0.01160574983805418,-0.0015339808305725455,-0.5234540700912476
30.0,1302533.0,0.01160574983805418,-0.0015339808305725455,-0.5163137912750244
30.0,1302537.0,0.01160574983805418,-0.0015339808305725455,-0.5111438035964966
30.0,1302540.0,0.01160574983805418,-0.0015339808305725455,-0.5028662085533142
30.0,1302545.0,0.01160574983805418,-0.0015339808305725455,-0.4965371787548065
30.0,1302549.0,0.01160574983805418,-0.0015339808305725455,-0.49045756459236145
30.0,1302552.0,0.01160574983805418,-0.0015339808305725455,-0.48605555295944214
30.0,1302556.0,0.01160574983805418,-0.0015339808305725455,-0.48038893938064575
30.0,1302560.0,0.01160574983805418,-0.0015339808305725455,-0.474945604801178
30.0,1302564.0,0.01160574983805418,-0.0015339808305725455,-0.47100433707237244
30.0,1302568.0,0.01160574983805418,-0.0015339808305725455,-0.4659307897090912
30.0,1302571.0,0.01160574983805418,-0.0015339808305725455,-0.461057186126709
30.0,1302575.0,0.01160574983805418,-0.0015339808305725455,-0.4563755989074707
30.0,1302588.0,0.01160574983805418,-0.0015339808305725455,-0.44239726662635803
30.0,1302592.0,0.01160574983805418,-0.0015339808305725455,-0.43845096230506897
30.0,1302596.0,0.01160574983805418,-0.0015339808305725455,-0.4346601366996765
30.0,1302600.0,0.01160574983805418,-0.0015339808305725455,-0.4310187101364136
30.0,1302603.0,0.01160574983805418,-0.0015339808305725455,-0.42838209867477417
30.0,1302608.0,0.01160574983805418,-0.0015339808305725455,-0.4241606295108795
30.0,1302612.0,0.01160574983805418,-0.0015339808305725455,-0.42172771692276
30.0,1302615.0,0.01160574983805418,-0.0015339808305725455,-0.4185958802700043
30.0,1302619.0,0.01160574983805418,-0.0015339808305725455,-0.4155874252319336
30.0,1302623.0,0.01160574983805418,-0.0015339808305725455,-0.41340917348861694
30.0,1302627.0,0.01160574983805418,-0.0015339808305725455,-0.4106051027774811
30.0,1302630.0,0.01160574983805418,-0.0015339808305725455,-0.4079115092754364
30.0,1302634.0,0.01160574983805418,-0.0015339808305725455,-0.4053240716457367
30.0,1302638.0,0.01160574983805418,-0.0015339808305725455,-0.4034506380558014
30.0,1302641.0,0.01160574983805418,-0.0015339808305725455,-0.4010389745235443
30.0,1302644.0,0.01160574983805418,-0.0015339808305725455,-0.39929279685020447
30.0,1302648.0,0.01160574983805418,-0.0015339808305725455,-0.39704498648643494
30.0,1302652.0,0.01160574983805418,-0.0015339808305725455,-0.3954174220561981
30.0,1302655.0,0.01160574983805418,-0.0015339808305725455,-0.39332231879234314
30.0,1302659.0,0.01160574983805418,-0.0015339808305725455,-0.3913097381591797
30.0,1302662.0,0.01160574983805418,-0.0015339808305725455,-0.3898525536060333
30.0,1302666.0,0.01160574983805418,-0.0015339808305725455,-0.3879767060279846
30.0,1302669.0,0.01160574983805418,-0.0015339808305725455,-0.3866184949874878
30.0,1302673.0,0.01160574983805418,-0.0015339808305725455,-0.3853006362915039
30.0,1302676.0,0.01160574983805418,-0.0015339808305725455,-0.38360413908958435
30.0,1302680.0,0.01160574983805418,-0.0015339808305725455,-0.3823758065700531
30.0,1302683.0,0.01160574983805418,-0.0015339808305725455,-0.3811839520931244
30.0,1302687.0,0.01160574983805418,-0.0015339808305725455,-0.37964969873428345
30.0,1302690.0,0.01160574983805418,-0.0015339808305725455,-0.37817588448524475
30.0,1302693.0,0.01160574983805418,-0.0015339808305725455,-0.37710875272750854
30.0,1302697.0,0.01160574983805418,-0.0015339808305725455,-0.3757350742816925
30.0,1302700.0,0.01160574983805418,-0.0015339808305725455,-0.37474045157432556
30.0,1302704.0,0.01160574983805418,-0.0015339808305725455,-0.3734600841999054
30.0,1302708.0,0.01160574983805418,-0.0015339808305725455,-0.37253305315971375
30.0,1302711.0,0.01160574983805418,-0.0015339808305725455,-0.3713396489620209
30.0,1302714.0,0.01160574983805418,-0.0015339808305725455,-0.3704755902290344
30.0,1302719.0,0.01160574983805418,-0.0015339808305725455,-0.36909210681915283
30.0,1302722.0,0.01160574983805418,-0.0015339808305725455,-0.3682948052883148
30.0,1302726.0,0.01160574983805418,-0.0015339808305725455,-0.3672684133052826
30.0,1302736.0,0.01160574983805418,-0.0015339808305725455,-0.3648759424686432
30.0,1302740.0,0.01160574983805418,-0.0015339808305725455,-0.36398428678512573
30.0,1302744.0,0.01160574983805418,-0.0015339808305725455,-0.3633386790752411
30.0,1302748.0,0.01160574983805418,-0.0015339808305725455,-0.36250758171081543
30.0,1302752.0,0.01160574983805418,-0.0015339808305725455,-0.36170923709869385
30.0,1302755.0,0.01160574983805418,-0.0015339808305725455,-0.36094236373901367
30.0,1302759.0,0.01160574983805418,-0.0015339808305725455,-0.36038708686828613
30.0,1302762.0,0.01160574983805418,-0.0015339808305725455,-0.35967230796813965
30.0,1302766.0,0.01160574983805418,-0.0015339808305725455,-0.35898569226264954
30.0,1302769.0,0.01160574983805418,-0.0015339808305725455,-0.3584885597229004
30.0,1302773.0,0.01160574983805418,-0.0015339808305725455,-0.357848584651947
30.0,1302785.0,0.01160574983805418,-0.0015339808305725455,-0.35607603192329407
30.0,1302791.0,0.01160574983805418,-0.0015339808305725455,-0.3552667796611786
30.0,1302795.0,0.01160574983805418,-0.0015339808305725455,-0.35488006472587585
30.0,1302799.0,0.01160574983805418,-0.0015339808305725455,-0.3543822765350342
30.0,1302802.0,0.01160574983805418,-0.0015339808305725455,-0.353904128074646
30.0,1302808.0,0.01160574983805418,-0.0015339808305725455,-0.3533328175544739
30.0,1302812.0,0.01160574983805418,-0.0015339808305725455,-0.3528960049152374
30.0,1302815.0,0.01160574983805418,-0.0015339808305725455,-0.3524763882160187
30.0,1302819.0,0.01160574983805418,-0.0015339808305725455,-0.3520733118057251
30.0,1302823.0,0.01160574983805418,-0.0015339808305725455,-0.3517814874649048
30.0,1302827.0,0.01160574983805418,-0.0015339808305725455,-0.3514057993888855
30.0,1302830.0,0.01160574983805418,-0.0015339808305725455,-0.3510448932647705
30.0,1302834.0,0.01160574983805418,-0.0015339808305725455,-0.3507836163043976
30.0,1302838.0,0.01160574983805418,-0.0015339808305725455,-0.35044723749160767
30.0,1302841.0,0.01160574983805418,-0.0015339808305725455,-0.3501241207122803
30.0,1302845.0,0.01160574983805418,-0.0015339808305725455,-0.34989017248153687
30.0,1302849.0,0.01160574983805418,-0.0015339808305725455,-0.3495890200138092
30.0,1302852.0,0.01160574983805418,-0.003067961661145091,-0.08295480161905289
30.0,1302856.0,0.01160574983805418,-0.003067961661145091,-0.08716609328985214
30.0,1302859.0,0.01160574983805418,-0.003067961661145091,-0.09258721768856049
30.0,1302863.0,0.011601642705500126,-0.003067961661145091,-0.09502417594194412
30.0,1302867.0,0.011601642705500126,-0.003067961661145091,-0.10012925416231155
30.0,1302870.0,0.011601642705500126,-0.003067961661145091,-0.10503316670656204
30.0,1302873.0,0.011601642705500126,-0.003067961661145091,-0.10858387500047684
30.0,1302877.0,0.011601642705500126,-0.003067961661145091,-0.11315464973449707
30.0,1302880.0,0.011601642705500126,-0.003067961661145091,-0.11646414548158646
30.0,1302884.0,0.011601642705500126,-0.003067961661145091,-0.11922278255224228
30.0,1302888.0,0.011597535572946072,-0.003067961661145091,-0.12234722077846527
30.0,1302891.0,0.011597535572946072,-0.003067961661145091,-0.12636926770210266
30.0,1302895.0,0.011597535572946072,-0.003067961661145091,-0.1292814463376999
30.0,1302899.0,0.011597535572946072,-0.003067961661145091,-0.1330302357673645
30.0,1302903.0,0.011597535572946072,-0.003067961661145091,-0.13750919699668884
30.0,1302907.0,0.011597535572946072,-0.003067961661145091,-0.1409337818622589
30.0,1302911.0,0.011597535572946072,-0.003067961661145091,-0.14341336488723755
30.0,1302914.0,0.011597535572946072,-0.003067961661145091,-0.14660531282424927
30.0,1302919.0,0.011597535572946072,-0.003067961661145091,-0.1504189521074295
30.0,1302923.0,0.011597535572946072,-0.003067961661145091,-0.153334841132164
30.0,1302927.0,0.011597535572946072,-0.003067961661145091,-0.1554461121559143
30.0,1302931.0,0.011597535572946072,-0.003067961661145091,-0.1581639051437378
30.0,1302934.0,0.011597535572946072,-0.003067961661145091,-0.1607746183872223
30.0,1302938.0,0.011597535572946072,-0.003067961661145091,-0.16328245401382446
30.0,1302942.0,0.011597535572946072,-0.004601942375302315,0.10065341740846634
30.0,1302947.0,0.011597535572946072,-0.004601942375302315,0.09048044681549072
30.0,1302951.0,0.011593429371714592,-0.004601942375302315,0.08566537499427795
30.0,1302956.0,0.011585216037929058,-0.004601942375302315,0.07771756500005722
30.0,1302960.0,0.011581108905375004,-0.004601942375302315,0.07342497259378433
30.0,1302964.0,0.01157700177282095,-0.004601942375302315,0.06809283792972565
30.0,1302968.0,0.01157289557158947,-0.004601942375302315,0.06273014098405838
30.0,1302971.0,0.01157289557158947,-0.004601942375302315,0.05608386918902397
30.0,1302975.0,0.01157289557158947,-0.004601942375302315,0.051271598786115646
30.0,1302987.0,0.01157289557158947,-0.004601942375302315,0.03201649338006973
30.0,1302991.0,0.011568788439035416,-0.004601942375302315,0.028042323887348175
30.0,1302995.0,0.011568788439035416,-0.004601942375302315,0.024067748337984085
30.0,1302999.0,0.011568788439035416,-0.004601942375302315,0.017704054713249207
30.0,1303003.0,0.011568788439035416,-0.004601942375302315,0.01403653621673584
30.0,1303007.0,0.011568788439035416,-0.004601942375302315,0.009315400384366512
30.0,1303010.0,0.011568788439035416,-0.004601942375302315,0.004780295304954052
30.0,1303014.0,0.011568788439035416,-0.006135923322290182,0.2682722806930542
30.0,1303018.0,0.011568788439035416,-0.006135923322290182,0.2606525719165802
30.0,1303021.0,0.011568788439035416,-0.006135923322290182,0.25084388256073
30.0,1303025.0,0.011560575105249882,-0.006135923322290182,0.2443714290857315
30.0,1303030.0,0.011552361771464348,-0.006135923322290182,0.23816683888435364
30.0,1303034.0,0.01154414750635624,-0.006135923322290182,0.2322198748588562
30.0,1303037.0,0.011531827971339226,-0.006135923322290182,0.2280210554599762
30.0,1303041.0,0.011527720838785172,-0.006135923322290182,0.22104409337043762
30.0,1303046.0,0.011519507504999638,-0.006135923322290182,0.21378864347934723
30.0,1303050.0,0.011515400372445583,-0.006135923322290182,0.20932012796401978
30.0,1303053.0,0.011511293239891529,-0.006135923322290182,0.20310567319393158
30.0,1303057.0,0.011511293239891529,-0.006135923322290182,0.19565428793430328
30.0,1303061.0,0.011511293239891529,-0.006135923322290182,0.19025906920433044
30.0,1303064.0,0.011511293239891529,-0.006135923322290182,0.45268091559410095
30.0,1303070.0,0.01150718703866005,-0.0076699042692780495,0.4384414553642273
30.0,1303073.0,0.011498973704874516,-0.0076699042692780495,0.42932966351509094
30.0,1303078.0,0.011482546105980873,-0.0076699042692780495,0.42353981733322144
30.0,1303081.0,0.011466119438409805,-0.0076699042692780495,0.4209669232368469
30.0,1303084.0,0.011437371373176575,-0.0076699042692780495,0.4198732078075409
30.0,1303089.0,0.011408624239265919,-0.0076699042692780495,0.4190031886100769
30.0,1303093.0,0.011379877105355263,-0.0076699042692780495,0.4183742105960846
30.0,1303097.0,0.011342915706336498,-0.0076699042692780495,0.41763922572135925
30.0,1303101.0,0.011318274773657322,-0.0076699042692780495,0.41697803139686584
30.0,1303105.0,0.01129363477230072,-0.0076699042692780495,0.4161585867404938
30.0,1303110.0,0.01126078050583601,-0.0076699042692780495,0.4117268919944763
30.0,1303114.0,0.011248460039496422,-0.0076699042692780495,0.4070024788379669
30.0,1303118.0,0.01123203244060278,-0.0076699042692780495,0.4035985469818115
30.0,1303122.0,0.011223819106817245,-0.0076699042692780495,0.3962758183479309
30.0,1303125.0,0.011215605773031712,-0.0076699042692780495,0.3892413079738617
30.0,1303129.0,0.011211498640477657,-0.00920388475060463,0.6488704085350037
30.0,1303133.0,0.011207392439246178,-0.00920388475060463,0.6388347148895264
30.0,1303137.0,0.011199179105460644,-0.00920388475060463,0.6269246935844421
30.0,1303140.0,0.011174538172781467,-0.00920388475060463,0.6214231252670288
30.0,1303144.0,0.011154004372656345,-0.00920388475060463,0.6176650524139404
30.0,1303148.0,0.011121150106191635,-0.00920388475060463,0.6160743832588196
30.0,1303152.0,0.011080082505941391,-0.00920388475060463,0.6170482039451599
30.0,1303155.0,0.01104722823947668,-0.00920388475060463,0.6195359826087952
30.0,1303159.0,0.01098562590777874,-0.00920388475060463,0.6234712600708008
30.0,1303163.0,0.010940452106297016,-0.00920388475060463,0.6302778124809265
30.0,1303167.0,0.010878849774599075,-0.00920388475060463,0.6374979019165039
30.0,1303170.0,0.010804927907884121,-0.00920388475060463,0.6498581767082214
30.0,1303174.0,0.010747433640062809,-0.00920388475060463,0.6633215546607971
30.0,1303178.0,0.010665297508239746,-0.00920388475060463,0.6742615103721619
30.0,1303190.0,0.010406570509076118,-0.00920388475060463,0.7198544144630432
30.0,1303194.0,0.01032443530857563,-0.00920388475060463,0.7326564788818359
30.0,1303198.0,0.010238192975521088,-0.00920388475060463,0.7465572953224182
30.0,1303201.0,0.010172484442591667,-0.00920388475060463,0.7600449919700623
30.0,1303205.0,0.010082135908305645,-0.00920388475060463,0.7761121988296509
30.0,1303209.0,0.009987679310142994,-0.00920388475060463,0.7874792218208313
30.0,1303212.0,0.009905544109642506,-0.00920388475060463,0.808647871017456
30.0,1303215.0,0.009790554642677307,-0.00920388475060463,0.8252003192901611
30.0,1303220.0,0.00966324470937252,-0.0076699042692780495,0.5900043249130249
30.0,1303224.0,0.009523614309728146,-0.0076699042692780495,0.6173047423362732
30.0,1303228.0,0.009379876777529716,-0.0076699042692780495,0.6531126499176025
30.0,1303231.0,0.009281313978135586,-0.0076699042692780495,0.6832959055900574
30.0,1303238.0,0.00907186884433031,-0.0076699042692780495,0.7193623185157776
30.0,1303242.0,0.008956878446042538,-0.0076699042692780495,0.7414897084236145
30.0,1303245.0,0.008870636112987995,-0.0076699042692780495,0.7629244923591614
30.0,1303249.0,0.008755646646022797,-0.0076699042692780495,0.7851957082748413
30.0,1303252.0,0.008636550046503544,-0.0076699042692780495,0.8003125190734863
30.0,1303257.0,0.008517453446984291,-0.0076699042692780495,0.8213912844657898
30.0,1303260.0,0.008406571112573147,-0.0076699042692780495,0.8388885259628296
30.0,1303264.0,0.008320328779518604,-0.0076699042692780495,0.8573446869850159
30.0,1303268.0,0.008209445513784885,-0.0076699042692780495,0.8693243861198425
30.0,1303272.0,0.008094456046819687,-0.006135923322290182,0.6205437183380127
30.0,1303275.0,0.00800000037997961,-0.006135923322290182,0.6464104652404785
30.0,1303280.0,0.007831621915102005,-0.006135923322290182,0.6724255681037903
30.0,1303284.0,0.007749486714601517,-0.006135923322290182,0.690744936466217
30.0,1303288.0,0.007655030582100153,-0.006135923322290182,0.7003852725028992
30.0,1303291.0,0.0075852153822779655,-0.006135923322290182,0.7140308022499084
30.0,1303297.0,0.00746611924842,-0.006135923322290182,0.7207688093185425
30.0,1303300.0,0.007412731181830168,-0.0076699042692780495,0.9922485947608948
30.0,1303303.0,0.007347022648900747,-0.0076699042692780495,0.9893831014633179
30.0,1303307.0,0.007297741249203682,-0.0076699042692780495,0.9857843518257141
30.0,1303311.0,0.007223819382488728,-0.0076699042692780495,0.9862356781959534
30.0,1303314.0,0.00715400418266654,-0.0076699042692780495,0.9933307766914368
30.0,1303318.0,0.0070472280494868755,-0.0076699042692780495,1.002665638923645
30.0,1303321.0,0.006924024783074856,-0.0076699042692780495,1.0197662115097046
30.0,1303325.0,0.006821355316787958,-0.0076699042692780495,1.0408233404159546
30.0,1303329.0,0.006681724917143583,-0.0076699042692780495,1.0642385482788086
30.0,1303333.0,0.00652977405115962,-0.0076699042692780495,1.0839295387268066
30.0,1303336.0,0.00637371651828289,-0.0076699042692780495,1.1104882955551147
30.0,1303340.0,0.006201231852173805,-0.006135923322290182,0.8728164434432983
30.0,1303344.0,0.0060574947856366634,-0.006135923322290182,0.9184184670448303
30.0,1303348.0,0.005852155853062868,-0.006135923322290182,0.9531110525131226
30.0,1303351.0,0.005650924053043127,-0.006135923322290182,0.997555673122406
30.0,1303355.0,0.005494866520166397,-0.006135923322290182,1.0435130596160889
30.0,1303359.0,0.005281314253807068,-0.004601942375302315,0.8216129541397095
30.0,1303363.0,0.0050554415211081505,-0.004601942375302315,0.8640313744544983
30.0,1303367.0,0.004833675455302,-0.004601942375302315,0.9159610271453857
30.0,1303370.0,0.004669404588639736,-0.004601942375302315,0.9647157788276672
30.0,1303374.0,0.004455852322280407,-0.004601942375302315,0.7410604357719421
30.0,1303378.0,0.0042299795895814896,-0.003067961661145091,0.7833660840988159
30.0,1303390.0,0.003540041157975793,-0.0015339808305725455,0.685417115688324
30.0,1303394.0,0.003322381991893053,-0.0015339808305725455,0.7239866852760315
30.0,1303398.0,0.00310882949270308,-0.0015339808305725455,0.7719164490699768
30.0,1303401.0,0.002911704359576106,-0.0015339808305725455,0.8123778700828552
30.0,1303407.0,0.002677618060261011,-0.0015339808305725455,0.8567036986351013
30.0,1303410.0,0.002550307894125581,-0.0015339808305725455,0.8841201663017273
30.0,1303414.0,0.002386037027463317,0.0,0.6444140076637268
30.0,1303419.0,0.0021806980948895216,0.0,0.6790595054626465
30.0,1303423.0,0.0020410676952451468,0.0,0.6935722827911377
30.0,1303427.0,0.0019055441953241825,0.0,0.7119280695915222
30.0,1303430.0,0.0018151950789615512,0.0,0.7223443388938904
30.0,1303434.0,0.0017125256126746535,0.0,0.7270581722259521
30.0,1303438.0,0.0016180698294192553,-0.0015339808305725455,0.9946480393409729
30.0,1303442.0,0.001527720713056624,-0.0015339808305725455,0.9901667237281799
30.0,1303445.0,0.0014455851633101702,-0.0015339808305725455,0.9934039115905762
30.0,1303449.0,0.0013264886802062392,-0.0015339808305725455,0.9996498227119446
30.0,1303453.0,0.0011991786304861307,-0.0015339808305725455,1.0076379776000977
30.0,1303457.0,0.0010595482308417559,-0.0015339808305725455,1.0210504531860352
30.0,1303460.0,0.0009158111060969532,-0.0015339808305725455,1.0356539487838745
30.0,1303464.0,0.0008008213480934501,-0.0015339808305725455,1.0543708801269531
30.0,1303468.0,0.0006324435235001147,-0.0015339808305725455,1.0717970132827759
30.0,1303472.0,0.0004435318405739963,-0.0015339808305725455,1.1013842821121216
30.0,1303475.0,0.0002915811201091856,0.0,0.8666601181030273
30.0,1303479.0,7.392196857836097e-05,0.0,0.9106668829917908
30.0,1303483.0,-0.00015195072046481073,0.0,0.9460972547531128
30.0,1303487.0,-0.000381930178264156,0.0,0.9920209646224976
30.0,1303490.0,-0.0005544147570617497,0.0,1.0364940166473389
30.0,1303494.0,-0.0007843942730687559,0.0015339808305725455,0.7995644211769104
30.0,1303498.0,-0.0010266940807923675,0.0015339808305725455,0.8520706295967102
30.0,1303502.0,-0.001273100613616407,0.0015339808305725455,0.9043477177619934
30.0,1303505.0,-0.0014455851633101702,0.0015339808305725455,0.9490365982055664
30.0,1303509.0,-0.001683778245933354,0.003067961661145091,0.7274248600006104
30.0,1303513.0,-0.001917864428833127,0.003067961661145091,0.7648656368255615
30.0,1303517.0,-0.002135523594915867,0.003067961661145091,0.8069625496864319
30.0,1303520.0,-0.002344969194382429,0.003067961661145091,0.8447771668434143
30.0,1303524.0,-0.002501026727259159,0.003067961661145091,0.8799405097961426
30.0,1303528.0,-0.002698151860386133,0.004601942375302315,0.6340326070785522
30.0,1303532.0,-0.0028911703266203403,0.004601942375302315,0.6764435172080994
30.0,1303535.0,-0.003067761892452836,0.004601942375302315,0.6969449520111084
30.0,1303542.0,-0.003305954858660698,0.004601942375302315,0.727774441242218
30.0,1303547.0,-0.003478439524769783,0.004601942375302315,0.7431712746620178
30.0,1303550.0,-0.0036057494580745697,0.004601942375302315,0.7513347268104553
30.0,1303554.0,-0.003696098458021879,0.004601942375302315,0.7549108266830444
30.0,1303558.0,-0.003798767924308777,0.004601942375302315,0.7546586394309998
30.0,1303562.0,-0.0039014373905956745,0.004601942375302315,0.7539934515953064
30.0,1303565.0,-0.003967145923525095,0.004601942375302315,0.747588574886322
30.0,1303569.0,-0.0040533882565796375,0.003067961661145091,1.0094059705734253
30.0,1303573.0,-0.004135523457080126,0.003067961661145091,0.999561071395874
30.0,1303577.0,-0.004225872922688723,0.003067961661145091,0.9899768829345703
30.0,1303589.0,-0.004558521788567305,0.003067961661145091,0.987527072429657
30.0,1303595.0,-0.0047474331222474575,0.003067961661145091,0.9942172765731812
30.0,1303599.0,-0.0048788501881062984,0.003067961661145091,1.002153754234314
30.0,1303603.0,-0.00502258725464344,0.003067961661145091,1.0098979473114014
30.0,1303607.0,-0.00517864478752017,0.003067961661145091,1.0250091552734375
30.0,1303611.0,-0.005351129453629255,0.003067961661145091,1.0530121326446533
30.0,1303615.0,-0.0055441479198634624,0.003067961661145091,1.0803413391113281
30.0,1303619.0,-0.0057412730529904366,0.003067961661145091,1.1014286279678345
30.0,1303622.0,-0.005954825319349766,0.004601942375302315,0.8699135184288025
30.0,1303627.0,-0.006180698052048683,0.004601942375302315,0.9125320315361023
30.0,1303630.0,-0.006344969384372234,0.004601942375302315,0.9508607387542725
30.0,1303634.0,-0.0065626283176243305,0.004601942375302315,0.9879922866821289
30.0,1303638.0,-0.00677618058398366,0.006135923322290182,0.7461518049240112
30.0,1303642.0,-0.007002053316682577,0.006135923322290182,0.7903122901916504
30.0,1303645.0,-0.007223819382488728,0.006135923322290182,0.831570565700531
30.0,1303650.0,-0.007441478315740824,0.006135923322290182,0.8700875043869019
30.0,1303653.0,-0.007650923915207386,0.0076699042692780495,0.6366017460823059
30.0,1303657.0,-0.007856262847781181,0.0076699042692780495,0.6743865609169006
30.0,1303661.0,-0.00800410658121109,0.0076699042692780495,0.7080137133598328
30.0,1303664.0,-0.008184804581105709,0.0076699042692780495,0.7266312837600708
30.0,1303668.0,-0.008340862579643726,0.0076699042692780495,0.7439104318618774
30.0,1303672.0,-0.008443531580269337,0.0076699042692780495,0.7533507943153381
30.0,1303676.0,-0.008591375313699245,0.0076699042692780495,0.7552297115325928
30.0,1303680.0,-0.008673511445522308,0.0076699042692780495,0.7557262778282166
30.0,1303684.0,-0.008776180446147919,0.0076699042692780495,0.7528561949729919
30.0,1303688.0,-0.00887474324554205,0.0076699042692780495,0.7492965459823608
30.0,1303691.0,-0.00897330604493618,0.0076699042692780495,0.7460310459136963
30.0,1303695.0,-0.00904312077909708,0.0076699042692780495,0.7415598034858704
30.0,1303699.0,-0.009133470244705677,0.0076699042692780495,0.7365643382072449
30.0,1303702.0,-0.009223819710314274,0.0076699042692780495,0.7312281131744385
30.0,1303707.0,-0.009301847778260708,0.0076699042692780495,0.7217914462089539
30.0,1303710.0,-0.009379876777529716,0.0076699042692780495,0.7128621339797974
30.0,1303714.0,-0.009425051510334015,0.0076699042692780495,0.6984802484512329
30.0,1303718.0,-0.009482545778155327,0.0076699042692780495,0.6862882375717163
30.0,1303723.0,-0.009540040977299213,0.006135923322290182,0.9205966591835022
30.0,1303727.0,-0.009589322842657566,0.006135923322290182,0.898490309715271
30.0,1303731.0,-0.009650924243032932,0.006135923322290182,0.8817570805549622
30.0,1303735.0,-0.009716632775962353,0.006135923322290182,0.8723236322402954
30.0,1303739.0,-0.009815194644033909,0.006135923322290182,0.8608262538909912
30.0,1303743.0,-0.00987679697573185,0.006135923322290182,0.8548393845558167
30.0,1303747.0,-0.009967145510017872,0.006135923322290182,0.8509501814842224
30.0,1303750.0,-0.010061602108180523,0.006135923322290182,0.8485264778137207
30.0,1303754.0,-0.010131416842341423,0.006135923322290182,0.8463453650474548
30.0,1303758.0,-0.01022176630795002,0.006135923322290182,0.8430213928222656
30.0,1303762.0,-0.010308008641004562,0.006135923322290182,0.8383309841156006
30.0,1303765.0,-0.010373716242611408,0.006135923322290182,0.8339730501174927
30.0,1303769.0,-0.010476386174559593,0.006135923322290182,0.8284465670585632
30.0,1303773.0,-0.010542094707489014,0.006135923322290182,0.8247278332710266
30.0,1303777.0,-0.010628337040543556,0.006135923322290182,0.8228047490119934
30.0,1303781.0,-0.010722792707383633,0.006135923322290182,0.8222528696060181
30.0,1303793.0,-0.011039013974368572,0.006135923322290182,0.8339558243751526
30.0,1303797.0,-0.011154004372656345,0.006135923322290182,0.843105137348175
30.0,1303802.0,-0.011301848106086254,0.006135923322290182,0.8535335659980774
30.0,1303806.0,-0.011445585638284683,0.006135923322290182,0.8605639934539795
30.0,1303810.0,-0.011531827971339226,0.006135923322290182,0.8674831986427307
30.0,1303814.0,-0.011655030772089958,0.006135923322290182,0.878760576248169
30.0,1303818.0,-0.011782340705394745,0.006135923322290182,0.8898054957389832
30.0,1303822.0,-0.011913757771253586,0.006135923322290182,0.8990347385406494
30.0,1303825.0,-0.012012320570647717,0.0076699042692780495,0.6447502374649048
30.0,1303830.0,-0.012172484770417213,0.0076699042692780495,0.6609039306640625
30.0,1303833.0,-0.012287474237382412,0.0076699042692780495,0.6721817851066589
30.0,1303838.0,-0.012390144169330597,0.0076699042692780495,0.6787570118904114
30.0,1303841.0,-0.012480492703616619,0.0076699042692780495,0.6807949542999268
30.0,1303845.0,-0.01254620123654604,0.0076699042692780495,0.6816195249557495
30.0,1303849.0,-0.012636550702154636,0.0076699042692780495,0.6838019490242004
30.0,1303853.0,-0.012731006368994713,0.0076699042692780495,0.6875141263008118
30.0,1303857.0,-0.01282546203583479,0.0076699042692780495,0.6912407279014587
30.0,1303860.0,-0.012899383902549744,0.0076699042692780495,0.6964297890663147
30.0,1303864.0,-0.012997946701943874,0.0076699042692780495,0.7002881765365601
30.0,1303868.0,-0.01309240236878395,0.0076699042692780495,0.7039148211479187
30.0,1303871.0,-0.013178644701838493,0.0076699042692780495,0.7045696973800659
30.0,1303875.0,-0.01323613990098238,0.0076699042692780495,0.7023705244064331
30.0,1303879.0,-0.01330595463514328,0.0076699042692780495,0.6975148320198059
30.0,1303882.0,-0.013367556035518646,0.0076699042692780495,0.6898660063743591
30.0,1303887.0,-0.013416837900876999,0.0076699042692780495,0.6781769394874573
30.0,1303891.0,-0.013466118834912777,0.0076699042692780495,0.666985273361206
30.0,1303894.0,-0.013511293567717075,0.0076699042692780495,0.6548500657081604
30.0,1303898.0,-0.01355236116796732,0.0076699042692780495,0.6417885422706604
30.0,1303902.0,-0.01358110923320055,0.0076699042692780495,0.6278310418128967
30.0,1303906.0,-0.01361396349966526,0.0076699042692780495,0.6130061745643616
30.0,1303910.0,-0.013646816834807396,0.0076699042692780495,0.5973151326179504
30.0,1303914.0,-0.013675564900040627,0.0076699042692780495,0.5808126926422119
30.0,1303918.0,-0.013687885366380215,0.0076699042692780495,0.5620487928390503
30.0,1303922.0,-0.013700204901397228,0.0076699042692780495,0.5470048189163208
30.0,1303926.0,-0.013700204901397228,0.006135923322290182,0.7885420322418213
30.0,1303931.0,-0.013708419166505337,0.006135923322290182,0.7510638236999512
30.0,1303935.0,-0.013724845834076405,0.006135923322290182,0.7353948950767517
30.0,1303938.0,-0.013741273432970047,0.006135923322290182,0.7152472734451294
30.0,1303942.0,-0.013757700100541115,0.006135923322290182,0.6973806619644165
30.0,1303946.0,-0.013774127699434757,0.006135923322290182,0.6772869825363159
30.0,1303950.0,-0.01378644723445177,0.006135923322290182,0.6595055460929871
30.0,1303954.0,-0.013798767700791359,0.006135923322290182,0.6394872665405273
30.0,1303958.0,-0.013802874833345413,0.006135923322290182,0.6187827587127686
30.0,1303962.0,-0.013802874833345413,0.006135923322290182,0.5974254608154297
30.0,1303966.0,-0.013802874833345413,0.004601942375302315,0.8498100638389587
30.0,1303970.0,-0.013802874833345413,0.004601942375302315,0.8239794969558716
30.0,1303973.0,-0.013811088167130947,0.004601942375302315,0.8021165132522583
30.0,1303977.0,-0.013819301500916481,0.004601942375302315,0.7826161980628967
30.0,1303981.0,-0.013835729099810123,0.004601942375302315,0.76539146900177
30.0,1303984.0,-0.013843942433595657,0.004601942375302315,0.7514488697052002
30.0,1303997.0,-0.013880903832614422,0.004601942375302315,0.6946536302566528
30.0,1304001.0,-0.013885010033845901,0.004601942375302315,0.6765201687812805
30.0,1304005.0,-0.013889117166399956,0.004601942375302315,0.663782000541687
30.0,1304008.0,-0.013889117166399956,0.004601942375302315,0.6454163193702698
30.0,1304012.0,-0.013889117166399956,0.004601942375302315,0.6321185231208801
30.0,1304016.0,-0.013889117166399956,0.003067961661145091,0.8843674659729004
30.0,1304019.0,-0.013889117166399956,0.003067961661145091,0.8619399070739746
30.0,1304023.0,-0.013889117166399956,0.003067961661145091,0.8403961062431335
30.0,1304027.0,-0.01389733050018549,0.003067961661145091,0.82777339220047
30.0,1304030.0,-0.013909650966525078,0.003067961661145091,0.8120400905609131
30.0,1304034.0,-0.013913758099079132,0.003067961661145091,0.7954708337783813
30.0,1304038.0,-0.013926077634096146,0.003067961661145091,0.7842162847518921
30.0,1304043.0,-0.013934291899204254,0.003067961661145091,0.7642781138420105
30.0,1304047.0,-0.013934291899204254,0.003067961661145091,0.7466530799865723
30.0,1304050.0,-0.013938398100435734,0.003067961661145091,0.7311840653419495
30.0,1304054.0,-0.013938398100435734,0.003067961661145091,0.7188868522644043
30.0,1304058.0,-0.013938398100435734,0.003067961661145091,0.703056812286377
30.0,1304061.0,-0.013938398100435734,0.003067961661145091,0.6878505349159241
30.0,1304064.0,-0.013938398100435734,0.003067961661145091,0.6768403649330139
30.0,1304068.0,-0.013938398100435734,0.003067961661145091,0.6557913422584534
30.0,1304074.0,-0.013938398100435734,0.003067961661145091,0.6424475312232971
30.0,1304078.0,-0.013938398100435734,0.003067961661145091,0.6327858567237854
30.0,1304081.0,-0.013938398100435734,0.0015339808305725455,0.8852050304412842
30.0,1304085.0,-0.013942505232989788,0.0015339808305725455,0.868926465511322
30.0,1304089.0,-0.013946612365543842,0.0015339808305725455,0.8547970056533813
30.0,1304093.0,-0.013954825699329376,0.0015339808305725455,0.8438210487365723
30.0,1304097.0,-0.013967146165668964,0.0015339808305725455,0.8321619629859924
30.0,1304100.0,-0.013975359499454498,0.0015339808305725455,0.8209944367408752
30.0,1304105.0,-0.013991786167025566,0.0015339808305725455,0.8080265522003174
30.0,1304109.0,-0.014004106633365154,0.0015339808305725455,0.7999809384346008
30.0,1304112.0,-0.014012319967150688,0.0015339808305725455,0.7886378765106201
30.0,1304116.0,-0.014016427099704742,0.0015339808305725455,0.7762798070907593
30.0,1304121.0,-0.014020534232258797,0.0015339808305725455,0.761150062084198
30.0,1304125.0,-0.014020534232258797,0.0015339808305725455,0.7499142289161682
30.0,1304129.0,-0.014024640433490276,0.0015339808305725455,0.7376262545585632
30.0,1304133.0,-0.014024640433490276,0.0015339808305725455,0.7258225083351135
30.0,1304137.0,-0.014024640433490276,0.0015339808305725455,0.7144838571548462
30.0,1304141.0,-0.014024640433490276,0.0015339808305725455,0.7062740921974182
30.0,1304144.0,-0.014024640433490276,0.0015339808305725455,0.695705771446228
30.0,1304148.0,-0.014024640433490276,0.0015339808305725455,0.6855538487434387
30.0,1304152.0,-0.014024640433490276,0.0015339808305725455,0.678203284740448
30.0,1304155.0,-0.014024640433490276,0.0015339808305725455,0.6687410473823547
30.0,1304159.0,-0.014024640433490276,0.0015339808305725455,0.6596516966819763
30.0,1304163.0,-0.014024640433490276,0.0015339808305725455,0.6509204506874084
30.0,1304167.0,-0.014024640433490276,0.0015339808305725455,0.6425332427024841
30.0,1304171.0,-0.014024640433490276,0.0015339808305725455,0.6364604830741882
30.0,1304174.0,-0.014024640433490276,0.0015339808305725455,0.6286430358886719
30.0,1304178.0,-0.014024640433490276,0.0015339808305725455,0.6229828000068665
30.0,1304181.0,-0.014024640433490276,0.0015339808305725455,0.6156964898109436
30.0,1304185.0,-0.014024640433490276,0.0015339808305725455,0.6104207634925842
30.0,1304198.0,-0.014024640433490276,0.0015339808305725455,0.5877988934516907
30.0,1304202.0,-0.014024640433490276,0.0015339808305725455,0.5818989276885986
30.0,1304206.0,-0.014024640433490276,0.0015339808305725455,0.5762314796447754
30.0,1304210.0,-0.014024640433490276,0.0015339808305725455,0.5721279382705688
30.0,1304213.0,-0.014024640433490276,0.0015339808305725455,0.5668454766273499
30.0,1304218.0,-0.014024640433490276,0.0015339808305725455,0.5617712140083313
30.0,1304222.0,-0.014024640433490276,0.0015339808305725455,0.5568968653678894
30.0,1304225.0,-0.014024640433490276,0.0015339808305725455,0.5522145628929138
30.0,1304229.0,-0.014024640433490276,0.0015339808305725455,0.5466203093528748
30.0,1304235.0,-0.014024640433490276,0.0015339808305725455,0.5423429608345032
30.0,1304239.0,-0.014024640433490276,0.0015339808305725455,0.5372324585914612
30.0,1304243.0,-0.014024640433490276,0.0015339808305725455,0.5333250761032104
30.0,1304247.0,-0.014024640433490276,0.0015339808305725455,0.5304958820343018
30.0,1304251.0,-0.014024640433490276,0.0015339808305725455,0.5259660482406616
30.0,1304255.0,-0.014024640433490276,0.0015339808305725455,0.5233554244041443
30.0,1304259.0,-0.014024640433490276,0.0015339808305725455,0.5199947953224182
30.0,1304262.0,-0.014024640433490276,0.0015339808305725455,0.5167666077613831
30.0,1304267.0,-0.014024640433490276,0.0015339808305725455,0.5136656165122986
30.0,1304271.0,-0.014024640433490276,0.0015339808305725455,0.5106868147850037
30.0,1304274.0,-0.014024640433490276,0.0015339808305725455,0.5078253746032715
30.0,1304279.0,-0.014024640433490276,0.0015339808305725455,0.5044066309928894
30.0,1304283.0,-0.014024640433490276,0.0015339808305725455,0.5024363398551941
30.0,1304287.0,-0.014024640433490276,0.0015339808305725455,0.4999000132083893
30.0,1304291.0,-0.014024640433490276,0.0015339808305725455,0.4974636137485504
30.0,1304295.0,-0.014024640433490276,0.0015339808305725455,0.49455270171165466
30.0,1304299.0,-0.014024640433490276,0.0015339808305725455,0.4923270344734192
30.0,1304303.0,-0.014024640433490276,0.0015339808305725455,0.4901890456676483
30.0,1304307.0,-0.014024640433490276,0.0015339808305725455,0.48813530802726746
30.0,1304311.0,-0.014024640433490276,0.0015339808305725455,0.4861625134944916
30.0,1304314.0,-0.014024640433490276,0.0015339808305725455,0.48473408818244934
30.0,1304318.0,-0.014024640433490276,0.0015339808305725455,0.4833481013774872
30.0,1304322.0,-0.014024640433490276,0.0015339808305725455,0.481563925743103
30.0,1304325.0,-0.014024640433490276,0.0015339808305725455,0.47985005378723145
30.0,1304329.0,-0.014024640433490276,0.0015339808305725455,0.4782037138938904
30.0,1304333.0,-0.014024640433490276,0.0015339808305725455,0.47662225365638733
30.0,1304337.0,-0.014024640433490276,0.0015339808305725455,0.47510311007499695
30.0,1304341.0,-0.014024640433490276,0.0015339808305725455,0.4740031659603119
30.0,1304344.0,-0.014024640433490276,0.0015339808305725455,0.4725872278213501
30.0,1304348.0,-0.014024640433490276,0.0015339808305725455,0.471561998128891
30.0,1304352.0,-0.014024640433490276,0.0015339808305725455,0.4702422618865967
30.0,1304355.0,-0.014024640433490276,0.0015339808305725455,0.4689745008945465
30.0,1304359.0,-0.014024640433490276,0.0015339808305725455,0.4677567183971405
30.0,1304363.0,-0.014024640433490276,0.0015339808305725455,0.4665869176387787
30.0,1304367.0,-0.014024640433490276,0.0015339808305725455,0.46546319127082825
30.0,1304371.0,-0.014024640433490276,0.0015339808305725455,0.4646495580673218
30.0,1304374.0,-0.014024640433490276,0.0015339808305725455,0.4636021852493286
30.0,1304378.0,-0.014024640433490276,0.0015339808305725455,0.4625960886478424
30.0,1304382.0,-0.014024640433490276,0.0015339808305725455,0.4618676006793976
30.0,1304386.0,-0.014024640433490276,0.0015339808305725455,0.46092987060546875
30.0,1304390.0,-0.014024640433490276,0.0015339808305725455,0.46002906560897827
30.0,1304402.0,-0.014024640433490276,0.0015339808305725455,0.45733943581581116
30.0,1304407.0,-0.014024640433490276,0.0015339808305725455,0.4563950002193451
30.0,1304412.0,-0.014024640433490276,0.0015339808305725455,0.4554968476295471
30.0,1304417.0,-0.014024640433490276,0.0015339808305725455,0.45464271306991577
30.0,1304421.0,-0.014024640433490276,0.0015339808305725455,0.4541504681110382
30.0,1304424.0,-0.014024640433490276,0.0015339808305725455,0.45351681113243103
30.0,1304428.0,-0.014024640433490276,0.0015339808305725455,0.45290809869766235
30.0,1304433.0,-0.014024640433490276,0.0015339808305725455,0.4521808326244354
30.0,1304437.0,-0.014024640433490276,0.0015339808305725455,0.4516247808933258
30.0,1304441.0,-0.014024640433490276,0.0015339808305725455,0.45122218132019043
30.0,1304444.0,-0.014024640433490276,0.0015339808305725455,0.450703889131546
30.0,1304449.0,-0.014024640433490276,0.0015339808305725455,0.45020604133605957
30.0,1304452.0,-0.014024640433490276,0.0015339808305725455,0.4497278034687042
30.0,1304456.0,-0.014024640433490276,0.0015339808305725455,0.4492684006690979
30.0,1304460.0,-0.014024640433490276,0.003067961661145091,0.18108738958835602
30.0,1304463.0,-0.014024640433490276,0.003067961661145091,0.18658341467380524
30.0,1304467.0,-0.014024640433490276,0.003067961661145091,0.19036157429218292
30.0,1304471.0,-0.014020534232258797,0.003067961661145091,0.19548574090003967
30.0,1304474.0,-0.014020534232258797,0.003067961661145091,0.19919593632221222
30.0,1304478.0,-0.014020534232258797,0.003067961661145091,0.2039719969034195
30.0,1304484.0,-0.014020534232258797,0.003067961661145091,0.2096782922744751
30.0,1304488.0,-0.014020534232258797,0.003067961661145091,0.2140413075685501
30.0,1304491.0,-0.014016427099704742,0.003067961661145091,0.21675743162631989
30.0,1304497.0,-0.014016427099704742,0.003067961661145091,0.2218291461467743
30.0,1304500.0,-0.014016427099704742,0.003067961661145091,0.22570694983005524
30.0,1304504.0,-0.014016427099704742,0.003067961661145091,0.22943197190761566
30.0,1304508.0,-0.014016427099704742,0.003067961661145091,0.2321290820837021
30.0,1304512.0,-0.014016427099704742,0.003067961661145091,0.2356010526418686
30.0,1304515.0,-0.014016427099704742,0.003067961661145091,0.238936185836792
30.0,1304519.0,-0.014016427099704742,0.003067961661145091,0.24135102331638336
30.0,1304522.0,-0.014016427099704742,0.003067961661145091,0.2444595992565155
30.0,1304526.0,-0.014016427099704742,0.003067961661145091,0.24744568765163422
30.0,1304530.0,-0.014016427099704742,0.003067961661145091,0.2503141164779663
30.0,1304534.0,-0.014016427099704742,0.003067961661145091,0.2523910105228424
30.0,1304538.0,-0.014016427099704742,0.003067961661145091,0.25506454706192017
30.0,1304541.0,-0.014016427099704742,0.003067961661145091,0.2576327621936798
30.0,1304545.0,-0.014016427099704742,0.003067961661145091,0.26009976863861084
30.0,1304549.0,-0.014016427099704742,0.003067961661145091,0.2624695599079132
30.0,1304553.0,-0.014016427099704742,0.003067961661145091,0.26418542861938477
30.0,1304557.0,-0.014016427099704742,0.003067961661145091,0.2663942277431488
30.0,1304560.0,-0.014016427099704742,0.003067961661145091,0.26851600408554077
30.0,1304564.0,-0.014016427099704742,0.003067961661145091,0.2700522840023041
30.0,1304568.0,-0.014016427099704742,0.004601942375302315,0.002662926446646452
30.0,1304571.0,-0.014016427099704742,0.004601942375302315,0.010546661913394928
30.0,1304575.0,-0.014016427099704742,0.004601942375302315,0.016254937276244164
30.0,1304579.0,-0.014012319967150688,0.004601942375302315,0.022114869207143784
30.0,1304582.0,-0.014008213765919209,0.004601942375302315,0.027724433690309525
30.0,1304587.0,-0.014008213765919209,0.004601942375302315,0.03460783511400223
30.0,1304592.0,-0.014004106633365154,0.004601942375302315,0.04135695844888687
30.0,1304595.0,-0.014004106633365154,0.004601942375302315,0.04769677296280861
30.0,1304608.0,-0.014000000432133675,0.004601942375302315,0.06663331389427185
30.0,1304613.0,-0.014000000432133675,0.004601942375302315,0.07197073847055435
30.0,1304617.0,-0.014000000432133675,0.004601942375302315,0.07709784805774689
30.0,1304621.0,-0.014000000432133675,0.004601942375302315,0.08081015944480896
30.0,1304626.0,-0.014000000432133675,0.004601942375302315,0.08790726959705353
30.0,1304631.0,-0.014000000432133675,0.004601942375302315,0.09240642189979553
30.0,1304634.0,-0.014000000432133675,0.004601942375302315,0.09672829508781433
30.0,1304638.0,-0.014000000432133675,0.004601942375302315,0.09985756129026413
30.0,1304642.0,-0.014000000432133675,0.004601942375302315,0.10388581454753876
30.0,1304646.0,-0.014000000432133675,0.006135923322290182,-0.16161169111728668
30.0,1304651.0,-0.01399589329957962,0.006135923322290182,-0.1510472595691681
30.0,1304654.0,-0.01399589329957962,0.006135923322290182,-0.14176884293556213
30.0,1304658.0,-0.013987679965794086,0.006135923322290182,-0.13580580055713654
30.0,1304663.0,-0.013979465700685978,0.006135923322290182,-0.12946656346321106
30.0,1304668.0,-0.013967146165668964,0.006135923322290182,-0.12404682487249374
30.0,1304672.0,-0.01396303903311491,0.006135923322290182,-0.11684909462928772
30.0,1304676.0,-0.013958931900560856,0.006135923322290182,-0.11047722399234772
30.0,1304679.0,-0.013954825699329376,0.006135923322290182,-0.10473685711622238
30.0,1304683.0,-0.013950718566775322,0.006135923322290182,-0.09883560240268707
30.0,1304687.0,-0.013950718566775322,0.006135923322290182,-0.09168504923582077
30.0,1304691.0,-0.013950718566775322,0.006135923322290182,-0.08650767058134079
30.0,1304694.0,-0.013950718566775322,0.006135923322290182,-0.07984288781881332
30.0,1304698.0,-0.013950718566775322,0.006135923322290182,-0.07501722127199173
30.0,1304701.0,-0.013946612365543842,0.0076699042692780495,-0.3396735191345215
30.0,1304706.0,-0.013946612365543842,0.0076699042692780495,-0.3247431516647339
30.0,1304710.0,-0.013942505232989788,0.0076699042692780495,-0.31764012575149536
30.0,1304713.0,-0.0139301847666502,0.0076699042692780495,-0.31097522377967834
30.0,1304717.0,-0.013913758099079132,0.0076699042692780495,-0.30605369806289673
30.0,1304721.0,-0.013893223367631435,0.0076699042692780495,-0.30284029245376587
30.0,1304725.0,-0.013876796700060368,0.0076699042692780495,-0.30127328634262085
30.0,1304729.0,-0.013852155767381191,0.0076699042692780495,-0.29831841588020325
30.0,1304733.0,-0.01383162196725607,0.0076699042692780495,-0.2965540289878845
30.0,1304738.0,-0.013802874833345413,0.0076699042692780495,-0.29322490096092224
30.0,1304742.0,-0.013782341033220291,0.0076699042692780495,-0.29068291187286377
30.0,1304746.0,-0.013765913434326649,0.0076699042692780495,-0.2867981791496277
30.0,1304750.0,-0.013749486766755581,0.0076699042692780495,-0.28069159388542175
30.0,1304755.0,-0.013737166300415993,0.0076699042692780495,-0.27576395869255066
30.0,1304759.0,-0.013728952966630459,0.0076699042692780495,-0.2680862247943878
30.0,1304763.0,-0.013724845834076405,0.00920388475060463,-0.5307437181472778
30.0,1304767.0,-0.013720739632844925,0.00920388475060463,-0.5176882743835449
30.0,1304770.0,-0.01371663250029087,0.00920388475060463,-0.5066422820091248
30.0,1304774.0,-0.013700204901397228,0.00920388475060463,-0.5004821419715881
30.0,1304778.0,-0.013675564900040627,0.00920388475060463,-0.4964132010936737
30.0,1304781.0,-0.013646816834807396,0.00920388475060463,-0.4936639368534088
30.0,1304785.0,-0.013622176833450794,0.00920388475060463,-0.4928135275840759
30.0,1304789.0,-0.01358521543443203,0.00920388475060463,-0.49323904514312744
30.0,1304792.0,-0.01354825496673584,0.00920388475060463,-0.4937184154987335
30.0,1304796.0,-0.013511293567717075,0.00920388475060463,-0.4942236840724945
30.0,1304801.0,-0.013462012633681297,0.00920388475060463,-0.49600934982299805
30.0,1304805.0,-0.013429158367216587,0.00920388475060463,-0.4995221197605133
30.0,1304818.0,-0.01327310036867857,0.00920388475060463,-0.5137704014778137
30.0,1304822.0,-0.013215606100857258,0.00920388475060463,-0.5228366851806641
30.0,1304826.0,-0.013154003769159317,0.00920388475060463,-0.5301533937454224
30.0,1304830.0,-0.013096509501338005,0.00920388475060463,-0.5362412333488464
30.0,1304834.0,-0.013034907169640064,0.00920388475060463,-0.5446521639823914
30.0,1304838.0,-0.012977412901818752,0.010737866163253784,-0.8162091970443726
30.0,1304841.0,-0.012915811501443386,0.010737866163253784,-0.8184437155723572
30.0,1304845.0,-0.012862423434853554,0.010737866163253784,-0.8227142691612244
30.0,1304849.0,-0.012784394435584545,0.010737866163253784,-0.8307851552963257
30.0,1304852.0,-0.012698152102530003,0.010737866163253784,-0.8416227698326111
30.0,1304856.0,-0.012628336437046528,0.00920388475060463,-0.5902612805366516
30.0,1304860.0,-0.012529774568974972,0.00920388475060463,-0.6106665134429932
30.0,1304864.0,-0.01243531797081232,0.00920388475060463,-0.6274585127830505
30.0,1304868.0,-0.012349075637757778,0.00920388475060463,-0.6437428593635559
30.0,1304872.0,-0.012254619970917702,0.00920388475060463,-0.6563741564750671
30.0,1304875.0,-0.012184805236756802,0.00920388475060463,-0.6732574105262756
30.0,1304879.0,-0.012086242437362671,0.00920388475060463,-0.691084623336792
30.0,1304883.0,-0.011983572505414486,0.00920388475060463,-0.7055819630622864
30.0,1304887.0,-0.011876796372234821,0.00920388475060463,-0.7253608703613281
30.0,1304890.0,-0.011794661171734333,0.00920388475060463,-0.7460284233093262
30.0,1304894.0,-0.011683777906000614,0.00920388475060463,-0.7660681009292603
30.0,1304898.0,-0.01157289557158947,0.00920388475060463,-0.7803047299385071
30.0,1304901.0,-0.011462012305855751,0.00920388475060463,-0.7992819547653198
30.0,1304905.0,-0.011375769972801208,0.00920388475060463,-0.8191591501235962
30.0,1304909.0,-0.011256673373281956,0.00920388475060463,-0.8414223790168762
30.0,1304912.0,-0.011125256307423115,0.00920388475060463,-0.8598810434341431
30.0,1304917.0,-0.010989733040332794,0.00920388475060463,-0.885323703289032
30.0,1304920.0,-0.010887064039707184,0.00920388475060463,-0.9099486470222473
30.0,1304924.0,-0.010747433640062809,0.0076699042692780495,-0.671921968460083
30.0,1304929.0,-0.010566734708845615,0.0076699042692780495,-0.703711748123169
30.0,1304932.0,-0.010422998107969761,0.0076699042692780495,-0.7344863414764404
30.0,1304937.0,-0.010283367708325386,0.0076699042692780495,-0.7628111839294434
30.0,1304940.0,-0.010143737308681011,0.0076699042692780495,-0.7902244329452515
30.0,1304945.0,-0.009995893575251102,0.0076699042692780495,-0.8197385668754578
30.0,1304948.0,-0.009848048910498619,0.0076699042692780495,-0.8483208417892456
30.0,1304952.0,-0.009737166576087475,0.0076699042692780495,-0.8775085806846619
30.0,1304956.0,-0.009540040977299213,0.0076699042692780495,-0.9072719812393188
30.0,1304960.0,-0.009412731043994427,0.006135923322290182,-0.6726821660995483
30.0,1304964.0,-0.009232033044099808,0.006135923322290182,-0.7062332630157471
30.0,1304968.0,-0.009047227911651134,0.006135923322290182,-0.7491774559020996
30.0,1304971.0,-0.008915810845792294,0.006135923322290182,-0.7877550721168518
30.0,1304975.0,-0.008743326179683208,0.006135923322290182,-0.8140133619308472
30.0,1304979.0,-0.008579055778682232,0.006135923322290182,-0.8460720777511597
30.0,1304982.0,-0.008443531580269337,0.006135923322290182,-0.8830505609512329
30.0,1304986.0,-0.008258726447820663,0.004601942375302315,-0.6554983258247375
30.0,1304991.0,-0.008012319914996624,0.004601942375302315,-0.701859176158905
30.0,1304994.0,-0.00787268951535225,0.004601942375302315,-0.7422491312026978
30.0,1304998.0,-0.007696098648011684,0.004601942375302315,-0.7783735394477844
30.0,1305002.0,-0.007523613981902599,0.004601942375302315,-0.8028690814971924
30.0,1305007.0,-0.007322381716221571,0.004601942375302315,-0.8442304730415344
30.0,1305020.0,-0.006817248649895191,0.003067961661145091,-0.6603040099143982
30.0,1305024.0,-0.006669404450803995,0.003067961661145091,-0.6798746585845947
30.0,1305028.0,-0.00652977405115962,0.003067961661145091,-0.7022936940193176
30.0,1305031.0,-0.006427104584872723,0.003067961661145091,-0.7225592732429504
30.0,1305034.0,-0.006295687984675169,0.003067961661145091,-0.7362707257270813
30.0,1305039.0,-0.006164270918816328,0.003067961661145091,-0.7541012167930603
30.0,1305042.0,-0.006065708585083485,0.003067961661145091,-0.7699326276779175
30.0,1305046.0,-0.005946611985564232,0.003067961661145091,-0.783877432346344
30.0,1305050.0,-0.005827515386044979,0.003067961661145091,-0.7918685078620911
30.0,1305054.0,-0.005712525453418493,0.003067961661145091,-0.8023129105567932
30.0,1305058.0,-0.005601642653346062,0.003067961661145091,-0.8110502362251282
30.0,1305061.0,-0.005482546053826809,0.004601942375302315,-1.087422490119934
30.0,1305065.0,-0.0053921970538794994,0.004601942375302315,-1.091896653175354
30.0,1305069.0,-0.005252566654235125,0.004601942375302315,-1.1047439575195312
30.0,1305074.0,-0.005006160121411085,0.004601942375302315,-1.1367075443267822
30.0,1305078.0,-0.004821355454623699,0.003067961661145091,-0.8998255729675293
30.0,1305082.0,-0.004661190789192915,0.003067961661145091,-0.9324451088905334
30.0,1305085.0,-0.004439425189048052,0.003067961661145091,-0.9777041077613831
30.0,1305089.0,-0.0042094457894563675,0.003067961661145091,-1.0244756937026978
30.0,1305093.0,-0.004028747323900461,0.0015339808305725455,-0.8063794374465942
30.0,1305097.0,-0.003778234124183655,0.0015339808305725455,-0.8634234070777893
30.0,1305101.0,-0.0035236140247434378,0.0015339808305725455,-0.906825602054596
30.0,1305104.0,-0.0033347022254019976,0.0015339808305725455,-0.9606037735939026
30.0,1305108.0,-0.003084189025685191,0.0,-0.7338084578514099
30.0,1305111.0,-0.0028254620265215635,0.0,-0.7934101223945618
30.0,1305115.0,-0.0026365502271801233,0.0,-0.8349756598472595
30.0,1305120.0,-0.002328542061150074,-0.0015339808305725455,-0.6301518082618713
30.0,1305123.0,-0.002090349094942212,-0.0015339808305725455,-0.6829596161842346
30.0,1305127.0,-0.001860369578935206,-0.0015339808305725455,-0.7310820817947388
30.0,1305131.0,-0.0015893223462626338,-0.0015339808305725455,-0.7831771373748779
30.0,1305137.0,-0.0013839835301041603,-0.0015339808305725455,-0.8258572816848755
30.0,1305141.0,-0.001195071847178042,-0.003067961661145091,-0.5805003046989441
30.0,1305144.0,-0.001055441447533667,-0.003067961661145091,-0.613176703453064
30.0,1305148.0,-0.0008747433312237263,-0.003067961661145091,-0.643352746963501
30.0,1305152.0,-0.0007063655066303909,-0.003067961661145091,-0.6609330773353577
30.0,1305155.0,-0.0005503080319613218,-0.003067961661145091,-0.6808123588562012
30.0,1305159.0,-0.0004147843865212053,-0.003067961661145091,-0.6927507519721985
30.0,1305163.0,-0.00031622176175005734,-0.003067961661145091,-0.702955424785614
30.0,1305167.0,-0.00019301848078612238,-0.003067961661145091,-0.7085252404212952
30.0,1305171.0,-7.802874461049214e-05,-0.003067961661145091,-0.7125730514526367
30.0,1305174.0,3.696098428918049e-05,-0.003067961661145091,-0.7155956625938416
30.0,1305178.0,0.00012320328096393496,-0.003067961661145091,-0.7181777358055115
30.0,1305182.0,0.00022997947235126048,-0.003067961661145091,-0.7198042273521423
30.0,1305185.0,0.00030800822423771024,-0.003067961661145091,-0.7210602760314941
30.0,1305189.0,0.000410677632316947,-0.0015339808305725455,-0.9843267798423767
30.0,1305193.0,0.000509240257088095,-0.0015339808305725455,-0.9789001941680908
30.0,1305196.0,0.0006201232317835093,-0.0015339808305725455,-0.9765008091926575
30.0,1305200.0,0.000743326498195529,-0.0015339808305725455,-0.9788071513175964
30.0,1305204.0,0.0008501026895828545,-0.0015339808305725455,-0.9886424541473389
30.0,1305208.0,0.0010020533809438348,-0.0015339808305725455,-0.9985141158103943
30.0,1305220.0,0.0015687885461375117,-0.003067961661145091,-0.8175042867660522
30.0,1305225.0,0.0019055441953241825,-0.003067961661145091,-0.870857298374176
30.0,1305230.0,0.0021273100282996893,-0.003067961661145091,-0.9206839799880981
30.0,1305235.0,0.0024106777273118496,-0.004601942375302315,-0.7052291631698608
30.0,1305241.0,0.0027515399269759655,-0.004601942375302315,-0.7599421143531799
30.0,1305246.0,0.0030266940593719482,-0.004601942375302315,-0.8095605969429016
30.0,1305250.0,0.0032361396588385105,-0.006135923322290182,-0.5746667981147766
30.0,1305253.0,0.0033921971917152405,-0.006135923322290182,-0.6126176118850708
30.0,1305257.0,0.003593429224565625,-0.006135923322290182,-0.6464040875434875
30.0,1305262.0,0.003815195057541132,-0.006135923322290182,-0.6783888936042786
30.0,1305267.0,0.00401642732322216,-0.006135923322290182,-0.695435643196106
30.0,1305270.0,0.004119096323847771,-0.006135923322290182,-0.7046529054641724
30.0,1305274.0,0.00424229959025979,-0.006135923322290182,-0.7077924013137817
30.0,1305278.0,0.004349076189100742,-0.006135923322290182,-0.7050681114196777
30.0,1305282.0,0.004443531855940819,-0.006135923322290182,-0.7005981206893921
30.0,1305285.0,0.004513347055763006,-0.006135923322290182,-0.6939883828163147
30.0,1305289.0,0.004595482721924782,-0.006135923322290182,-0.6848303079605103
30.0,1305293.0,0.004681725054979324,-0.006135923322290182,-0.6776493787765503
30.0,1305297.0,0.004763860255479813,-0.006135923322290182,-0.66939777135849
30.0,1305300.0,0.004845995921641588,-0.006135923322290182,-0.6635077595710754
30.0,1305304.0,0.004911704454571009,-0.006135923322290182,-0.6575127243995667
30.0,1305309.0,0.005014373920857906,-0.004601942375302315,-0.9180532693862915
30.0,1305313.0,0.005096509121358395,-0.004601942375302315,-0.9070658683776855
30.0,1305317.0,0.005186858121305704,-0.004601942375302315,-0.8979696035385132
30.0,1305321.0,0.005289527587592602,-0.004601942375302315,-0.8938507437705994
30.0,1305325.0,0.005429157987236977,-0.004601942375302315,-0.8932386636734009
30.0,1305330.0,0.005552361253648996,-0.004601942375302315,-0.8970988392829895
30.0,1305333.0,0.00564681738615036,-0.004601942375302315,-0.9039754867553711
30.0,1305337.0,0.005786447785794735,-0.004601942375302315,-0.9122347235679626
30.0,1305341.0,0.00592607818543911,-0.004601942375302315,-0.6539629697799683
30.0,1305345.0,0.0060739219188690186,-0.006135923322290182,-0.6677756905555725
30.0,1305348.0,0.006225872784852982,-0.006135923322290182,-0.6872339248657227
30.0,1305352.0,0.006328542251139879,-0.006135923322290182,-0.7002363801002502
30.0,1305356.0,0.006459958851337433,-0.006135923322290182,-0.7114630937576294
30.0,1305360.0,0.0065872687846422195,-0.006135923322290182,-0.720990777015686
30.0,1305364.0,0.0067145791836082935,-0.006135923322290182,-0.7276468276977539
30.0,1305367.0,0.00684188911691308,-0.006135923322290182,-0.7368432879447937
30.0,1305371.0,0.006969199050217867,-0.006135923322290182,-0.7459028363227844
30.0,1305375.0,0.007059548050165176,-0.006135923322290182,-0.7518277168273926
30.0,1305379.0,0.007178644649684429,-0.006135923322290182,-0.7577048540115356
30.0,1305383.0,0.007297741249203682,-0.006135923322290182,-0.7624597549438477
30.0,1305387.0,0.007420944515615702,-0.006135923322290182,-0.7697466015815735
30.0,1305390.0,0.007519507315009832,-0.006135923322290182,-0.7798885107040405
30.0,1305394.0,0.007650923915207386,-0.006135923322290182,-0.7898358106613159
30.0,1305398.0,0.007786447647958994,-0.0076699042692780495,-0.5292943716049194
30.0,1305401.0,0.007913758046925068,-0.0076699042692780495,-0.5433633923530579
30.0,1305405.0,0.008008213713765144,-0.0076699042692780495,-0.5540868639945984
30.0,1305409.0,0.008110882714390755,-0.0076699042692780495,-0.558660626411438
30.0,1305412.0,0.008205338381230831,-0.0076699042692780495,-0.5594885945320129
30.0,1305417.0,0.00828336738049984,-0.0076699042692780495,-0.5552431344985962
30.0,1305430.0,0.008509240113198757,-0.0076699042692780495,-0.5260429382324219
30.0,1305434.0,0.008550307713449001,-0.006135923322290182,-0.7810319662094116
30.0,1305438.0,0.0085954824462533,-0.006135923322290182,-0.76585453748703
30.0,1305442.0,0.008648870512843132,-0.006135923322290182,-0.7498536705970764
30.0,1305446.0,0.008706365711987019,-0.006135923322290182,-0.7360281944274902
30.0,1305449.0,0.008755646646022797,-0.006135923322290182,-0.7258004546165466
30.0,1305453.0,0.008821355178952217,-0.006135923322290182,-0.7184488773345947
30.0,1305457.0,0.008887063711881638,-0.006135923322290182,-0.7090932726860046
30.0,1305460.0,0.008932238444685936,-0.006135923322290182,-0.697245717048645
30.0,1305464.0,0.008985626511275768,-0.006135923322290182,-0.6879690885543823
30.0,1305468.0,0.009034907445311546,-0.006135923322290182,-0.6707473397254944
30.0,1305472.0,0.009084189310669899,-0.006135923322290182,-0.6609038710594177
30.0,1305475.0,0.009125256910920143,-0.006135923322290182,-0.6422894597053528
30.0,1305479.0,0.009166324511170387,-0.006135923322290182,-0.6304343342781067
30.0,1305483.0,0.009195071645081043,-0.006135923322290182,-0.6147208213806152
30.0,1305487.0,0.009232033044099808,-0.004601942375302315,-0.871597170829773
30.0,1305490.0,0.009256673976778984,-0.004601942375302315,-0.8496256470680237
30.0,1305495.0,0.009310062043368816,-0.004601942375302315,-0.8330225348472595
30.0,1305498.0,0.009367556311190128,-0.004601942375302315,-0.8215819597244263
30.0,1305502.0,0.009416838176548481,-0.004601942375302315,-0.815146803855896
30.0,1305506.0,0.009490760043263435,-0.004601942375302315,-0.8090471625328064
30.0,1305510.0,0.009560574777424335,-0.004601942375302315,-0.8047853708267212
30.0,1305514.0,0.00963449664413929,-0.004601942375302315,-0.8010447025299072
30.0,1305518.0,0.009704312309622765,-0.004601942375302315,-0.795822024345398
30.0,1305521.0,0.009753593243658543,-0.004601942375302315,-0.7894259691238403
30.0,1305524.0,0.009802875109016895,-0.004601942375302315,-0.784862220287323
30.0,1305528.0,0.009864476509392262,-0.004601942375302315,-0.7775892615318298
30.0,1305532.0,0.009921971708536148,-0.004601942375302315,-0.7705315947532654
30.0,1305535.0,0.009967145510017872,-0.004601942375302315,-0.762495219707489
30.0,1305539.0,0.010024640709161758,-0.004601942375302315,-0.7548655867576599
30.0,1305542.0,0.010086242109537125,-0.004601942375302315,-0.7516423463821411
30.0,1305546.0,0.010135523974895477,-0.004601942375302315,-0.747583270072937
30.0,1305550.0,0.010201231576502323,-0.004601942375302315,-0.7447115778923035
30.0,1305553.0,0.01025462057441473,-0.004601942375302315,-0.7440816760063171
30.0,1305557.0,0.010336755774915218,-0.004601942375302315,-0.746541440486908
30.0,1305561.0,0.010422998107969761,-0.006135923322290182,-0.48417577147483826
30.0,1305564.0,0.010488706640899181,-0.006135923322290182,-0.4934215545654297
30.0,1305568.0,0.010574948973953724,-0.006135923322290182,-0.5015003681182861
30.0,1305572.0,0.010644763708114624,-0.006135923322290182,-0.5029694437980652
30.0,1305575.0,0.010689938440918922,-0.006135923322290182,-0.5004729628562927
30.0,1305579.0,0.010726899839937687,-0.006135923322290182,-0.49224549531936646
30.0,1305582.0,0.010751539841294289,-0.006135923322290182,-0.48224854469299316
30.0,1305586.0,0.010763860307633877,-0.006135923322290182,-0.46593308448791504
30.0,1305590.0,0.010767967440187931,-0.006135923322290182,-0.4473167955875397
30.0,1305593.0,0.010767967440187931,-0.004601942375302315,-0.7005890011787415
30.0,1305597.0,0.010767967440187931,-0.004601942375302315,-0.675900936126709
30.0,1305601.0,0.01077207364141941,-0.004601942375302315,-0.6595267653465271
30.0,1305604.0,0.010776180773973465,-0.004601942375302315,-0.6394398212432861
30.0,1305608.0,0.010784394107758999,-0.004601942375302315,-0.624163031578064
30.0,1305611.0,0.010788501240313053,-0.004601942375302315,-0.6039871573448181
30.0,1305624.0,0.010796714574098587,-0.004601942375302315,-0.5419284105300903
30.0,1305628.0,0.010796714574098587,-0.003067961661145091,-0.7883936166763306
30.0,1305632.0,0.010796714574098587,-0.003067961661145091,-0.764920711517334
30.0,1305638.0,0.010809035040438175,-0.003067961661145091,-0.7413010597229004
30.0,1305641.0,0.010817248374223709,-0.003067961661145091,-0.7226793169975281
30.0,1305645.0,0.010825461708009243,-0.003067961661145091,-0.7099252939224243
30.0,1305648.0,0.010837782174348831,-0.003067961661145091,-0.6940139532089233
30.0,1305652.0,0.010845995508134365,-0.003067961661145091,-0.678775429725647
30.0,1305656.0,0.010854209773242474,-0.003067961661145091,-0.6626815795898438
30.0,1305660.0,0.010862423107028008,-0.003067961661145091,-0.6457465887069702
30.0,1305664.0,0.010862423107028008,-0.003067961661145091,-0.6323678493499756
30.0,1305668.0,0.010862423107028008,-0.003067961661145091,-0.6151455044746399
30.0,1305671.0,0.010862423107028008,-0.003067961661145091,-0.5986018776893616
30.0,1305675.0,0.010862423107028008,-0.003067961661145091,-0.5866233706474304
30.0,1305679.0,0.010866530239582062,-0.0015339808305725455,-0.8375616669654846
30.0,1305682.0,0.010866530239582062,-0.0015339808305725455,-0.8168904185295105
30.0,1305686.0,0.010870636440813541,-0.0015339808305725455,-0.8000099658966064
30.0,1305690.0,0.01088295690715313,-0.0015339808305725455,-0.788530170917511
30.0,1305693.0,0.010891170240938663,-0.0015339808305725455,-0.7742679715156555
30.0,1305697.0,0.010907597839832306,-0.0015339808305725455,-0.76506507396698
30.0,1305700.0,0.01091581117361784,-0.0015339808305725455,-0.7517790794372559
30.0,1305704.0,0.010932237841188908,-0.0015339808305725455,-0.7404974102973938
30.0,1305708.0,0.010944558307528496,-0.0015339808305725455,-0.7308441996574402
30.0,1305712.0,0.010960985906422138,-0.0015339808305725455,-0.7204262018203735
30.0,1305715.0,0.010973306372761726,-0.0015339808305725455,-0.7104440331459045
30.0,1305719.0,0.010989733040332794,-0.0015339808305725455,-0.7008812427520752
30.0,1305723.0,0.011002053506672382,-0.0015339808305725455,-0.6902322173118591
30.0,1305727.0,0.01101848017424345,-0.0015339808305725455,-0.6836557388305664
30.0,1305730.0,0.011030800640583038,-0.0015339808305725455,-0.6737109422683716
30.0,1305734.0,0.011043121106922626,-0.0015339808305725455,-0.6641772389411926
30.0,1305740.0,0.011059548705816269,-0.0015339808305725455,-0.6532073616981506
30.0,1305744.0,0.011067762039601803,-0.0015339808305725455,-0.6430779695510864
30.0,1305748.0,0.011071868240833282,-0.0015339808305725455,-0.6318589448928833
30.0,1305752.0,0.011080082505941391,-0.0015339808305725455,-0.6225771903991699
30.0,1305755.0,0.01108418870717287,-0.0015339808305725455,-0.6121984124183655
30.0,1305760.0,0.01108418870717287,-0.0015339808305725455,-0.6007471084594727
30.0,1305763.0,0.011088295839726925,-0.0015339808305725455,-0.5912089347839355
30.0,1305767.0,0.011088295839726925,-0.0015339808305725455,-0.5805911421775818
30.0,1305771.0,0.011088295839726925,-0.0015339808305725455,-0.5718929767608643
30.0,1305775.0,0.011092402040958405,-0.0015339808305725455,-0.5620427131652832
30.0,1305779.0,0.011092402040958405,-0.0015339808305725455,-0.5525806546211243
30.0,1305783.0,0.011092402040958405,-0.0015339808305725455,-0.5457295179367065
30.0,1305787.0,0.011092402040958405,-0.0015339808305725455,-0.5369101762771606
30.0,1305790.0,0.011092402040958405,-0.0015339808305725455,-0.5284383893013
30.0,1305794.0,0.011092402040958405,-0.0015339808305725455,-0.5203004479408264
30.0,1305798.0,0.011092402040958405,-0.0015339808305725455,-0.5144080519676208
30.0,1305802.0,0.011092402040958405,-0.0015339808305725455,-0.7743408679962158
30.0,1305806.0,0.011092402040958405,0.0,-0.7611433863639832
30.0,1305810.0,0.011096509173512459,0.0,-0.7499542236328125
30.0,1305814.0,0.011100616306066513,0.0,-0.7422239184379578
30.0,1305828.0,0.011149897240102291,0.0,-0.7183221578598022
30.0,1305832.0,0.011166324838995934,0.0,-0.7133542895317078
30.0,1305836.0,0.011182751506567001,0.0,-0.7086081504821777
30.0,1305840.0,0.01119507197290659,0.0,-0.7037001848220825
30.0,1305843.0,0.011207392439246178,0.0,-0.6993725299835205
30.0,1305847.0,0.011219712905585766,-0.0015339808305725455,-0.4269064962863922
30.0,1305850.0,0.011236139573156834,-0.0015339808305725455,-0.42889404296875
30.0,1305854.0,0.011236139573156834,-0.0015339808305725455,-0.42490285634994507
30.0,1305858.0,0.011236139573156834,-0.0015339808305725455,-0.4220130443572998
30.0,1305861.0,0.011236139573156834,-0.0015339808305725455,-0.4182929992675781
30.0,1305865.0,0.011236139573156834,-0.0015339808305725455,-0.4155994951725006
30.0,1305869.0,0.011236139573156834,-0.0015339808305725455,-0.4121321737766266
30.0,1305872.0,0.011236139573156834,0.0,-0.6736579537391663
30.0,1305876.0,0.011236139573156834,0.0,-0.6646522283554077
30.0,1305880.0,0.011240246705710888,0.0,-0.6596065163612366
30.0,1305883.0,0.011244352906942368,0.0,-0.6526355147361755
30.0,1305887.0,0.011248460039496422,0.0,-0.6459459066390991
30.0,1305890.0,0.011252567172050476,0.0,-0.6414969563484192
30.0,1305894.0,0.011252567172050476,0.0,-0.6337841153144836
30.0,1305898.0,0.011256673373281956,0.0,-0.6296741962432861
30.0,1305902.0,0.011256673373281956,0.0,-0.6224336624145508
30.0,1305905.0,0.01126078050583601,0.0,-0.6169666051864624
30.0,1305909.0,0.01126078050583601,0.0,-0.6102331876754761
30.0,1305913.0,0.01126078050583601,0.0,-0.605357825756073
30.0,1305916.0,0.01126078050583601,0.0,-0.599081814289093
30.0,1305920.0,0.01126488670706749,0.0,-0.5945146083831787
30.0,1305924.0,0.01126488670706749,0.0,-0.5901109576225281
30.0,1305929.0,0.01126488670706749,0.0,-0.5830602049827576
30.0,1305932.0,0.01126488670706749,0.0,-0.5776692032814026
30.0,1305936.0,0.01126488670706749,0.0,-0.5724906325340271
30.0,1305941.0,0.011268993839621544,0.0,-0.5677917003631592
30.0,1305945.0,0.011268993839621544,0.0,-0.5630087852478027
30.0,1305949.0,0.011268993839621544,0.0,-0.5584142804145813
30.0,1305952.0,0.011268993839621544,0.0,-0.555087685585022
30.0,1305956.0,0.011268993839621544,0.0,-0.5508053302764893
30.0,1305960.0,0.011268993839621544,0.0,-0.5466917157173157
30.0,1305964.0,0.011268993839621544,0.0,-0.5437132716178894
30.0,1305968.0,0.011268993839621544,0.0,-0.5398791432380676
30.0,1305971.0,0.011268993839621544,0.0,-0.5361960530281067
30.0,1305975.0,0.011268993839621544,0.0,-0.5335293412208557
30.0,1305978.0,0.011268993839621544,0.0,-0.5300964713096619
30.0,1305982.0,0.011268993839621544,0.0,-0.5267989039421082
30.0,1305988.0,0.011268993839621544,0.0,-0.5228590369224548
30.0,1305992.0,0.011268993839621544,0.0,-0.5198466181755066
30.0,1305995.0,0.011268993839621544,0.0,-0.5169529318809509
30.0,1305999.0,0.011268993839621544,0.0,-0.5141732692718506
30.0,1306004.0,0.011268993839621544,0.0,-0.5115031003952026
30.0,1306008.0,0.011268993839621544,0.0,-0.508938193321228
30.0,1306011.0,0.011268993839621544,0.0,-0.5064743161201477
30.0,1306014.0,0.011268993839621544,0.0,-0.5046903491020203
30.0,1306027.0,0.011268993839621544,0.0,-0.49755221605300903
30.0,1306031.0,0.011268993839621544,0.0,-0.49553701281547546
30.0,1306035.0,0.011268993839621544,0.0,-0.4940778911113739
30.0,1306039.0,0.011268993839621544,0.0,-0.492199569940567
30.0,1306042.0,0.011268993839621544,0.0,-0.49039527773857117
30.0,1306046.0,0.011268993839621544,0.0,-0.48866206407546997
30.0,1306050.0,0.011268993839621544,0.0,-0.4874071478843689
30.0,1306053.0,0.011268993839621544,0.0,-0.4857916831970215
30.0,1306057.0,0.011268993839621544,0.0,-0.4842398762702942
30.0,1306061.0,0.011268993839621544,0.0,-0.4831162989139557
30.0,1306064.0,0.011268993839621544,0.0,-0.48166993260383606
30.0,1306068.0,0.011268993839621544,0.0,-0.4802805483341217
30.0,1306074.0,0.011268993839621544,0.0,-0.4786205291748047
30.0,1306078.0,0.011268993839621544,0.0,-0.4773513078689575
30.0,1306081.0,0.011268993839621544,0.0,-0.4761320948600769
30.0,1306085.0,0.011268993839621544,-0.0015339808305725455,-0.21010440587997437
30.0,1306089.0,0.011268993839621544,-0.0015339808305725455,-0.2136329710483551
30.0,1306092.0,0.011268993839621544,-0.0015339808305725455,-0.21817521750926971
30.0,1306096.0,0.011268993839621544,-0.0015339808305725455,-0.22253850102424622
30.0,1306100.0,0.011268993839621544,-0.0015339808305725455,-0.22569774091243744
30.0,1306103.0,0.011268993839621544,-0.0015339808305725455,-0.22976461052894592
30.0,1306107.0,0.011268993839621544,-0.0015339808305725455,-0.23367120325565338
30.0,1306111.0,0.011268993839621544,-0.0015339808305725455,-0.2364998161792755
30.0,1306115.0,0.011268993839621544,-0.0015339808305725455,-0.24102868139743805
30.0,1306119.0,0.011268993839621544,-0.0015339808305725455,-0.24363873898983002
30.0,1306122.0,0.011268993839621544,-0.0015339808305725455,-0.2469986528158188
30.0,1306126.0,0.011268993839621544,-0.0015339808305725455,-0.2502261698246002
30.0,1306131.0,0.011268993839621544,-0.0015339808305725455,-0.25332650542259216
30.0,1306134.0,0.011268993839621544,-0.0015339808305725455,-0.25630468130111694
30.0,1306138.0,0.011268993839621544,-0.0015339808305725455,-0.25846102833747864
30.0,1306142.0,0.011268993839621544,-0.0015339808305725455,-0.26123687624931335
30.0,1306146.0,0.011268993839621544,-0.0015339808305725455,-0.26455339789390564
30.0,1306150.0,0.011268993839621544,-0.0015339808305725455,-0.26708918809890747
30.0,1306154.0,0.011268993839621544,-0.0015339808305725455,-0.26952505111694336
30.0,1306158.0,0.011268993839621544,-0.0015339808305725455,-0.27128875255584717
30.0,1306162.0,0.011268993839621544,-0.0015339808305725455,-0.2735591530799866
30.0,1306165.0,0.011268993839621544,-0.0015339808305725455,-0.2757400572299957
30.0,1306169.0,0.011268993839621544,-0.0015339808305725455,-0.27783504128456116
30.0,1306173.0,0.011268993839621544,-0.0015339808305725455,-0.27935194969177246
30.0,1306177.0,0.011268993839621544,-0.0015339808305725455,-0.28130459785461426
30.0,1306180.0,0.011268993839621544,-0.0015339808305725455,-0.2831803262233734
30.0,1306184.0,0.011268993839621544,-0.0015339808305725455,-0.2849821448326111
30.0,1306188.0,0.011268993839621544,-0.0015339808305725455,-0.28628674149513245
30.0,1306192.0,0.011268993839621544,-0.0015339808305725455,-0.28796616196632385
30.0,1306195.0,0.011268993839621544,-0.0015339808305725455,-0.2895793914794922
30.0,1306199.0,0.011268993839621544,-0.0015339808305725455,-0.29112905263900757
30.0,1306203.0,0.011268993839621544,-0.0015339808305725455,-0.2922511100769043
30.0,1306207.0,0.011268993839621544,-0.0015339808305725455,-0.29369550943374634
30.0,1306210.0,0.011268993839621544,-0.0015339808305725455,-0.2950829565525055
30.0,1306214.0,0.011268993839621544,-0.0015339808305725455,-0.296415776014328
30.0,1306226.0,0.011268993839621544,-0.0015339808305725455,-0.30010727047920227
30.0,1306231.0,0.011268993839621544,-0.0015339808305725455,-0.3015187382698059
30.0,1306237.0,0.011268993839621544,-0.0015339808305725455,-0.3028610348701477
30.0,1306243.0,0.011268993839621544,-0.0015339808305725455,-0.30463045835494995
30.0,1306247.0,0.011268993839621544,-0.0015339808305725455,-0.30535149574279785
30.0,1306250.0,0.011268993839621544,-0.0015339808305725455,-0.30627965927124023
30.0,1306254.0,0.011268993839621544,-0.0015339808305725455,-0.3071712851524353
30.0,1306259.0,0.011268993839621544,-0.0015339808305725455,-0.3082365393638611
30.0,1306263.0,0.011268993839621544,-0.0015339808305725455,-0.3088504672050476
30.0,1306267.0,0.011268993839621544,-0.0015339808305725455,-0.3096407651901245
30.0,1306270.0,0.011268993839621544,-0.0015339808305725455,-0.31039994955062866
30.0,1306274.0,0.011268993839621544,-0.0015339808305725455,-0.3109496235847473
30.0,1306278.0,0.011268993839621544,-0.0015339808305725455,-0.31165722012519836
30.0,1306281.0,0.011268993839621544,-0.0015339808305725455,-0.31233692169189453
30.0,1306285.0,0.011268993839621544,-0.0015339808305725455,-0.31298986077308655
30.0,1306289.0,0.011268993839621544,-0.0015339808305725455,-0.3136170506477356
30.0,1306293.0,0.011268993839621544,-0.0015339808305725455,-0.31421953439712524
30.0,1306297.0,0.011268993839621544,-0.0015339808305725455,-0.3147982656955719
30.0,1306300.0,0.011268993839621544,-0.0015339808305725455,-0.3152173161506653
30.0,1306305.0,0.011268993839621544,-0.0015339808305725455,-0.31588825583457947
30.0,1306309.0,0.011268993839621544,-0.0015339808305725455,-0.31640124320983887
30.0,1306313.0,0.011268993839621544,-0.0015339808305725455,-0.3168940246105194
30.0,1306317.0,0.011268993839621544,-0.0015339808305725455,-0.3173673748970032
30.0,1306322.0,0.011268993839621544,-0.003067961661145091,-0.054549966007471085
30.0,1306326.0,0.011268993839621544,-0.003067961661145091,-0.060730643570423126
30.0,1306330.0,0.01126488670706749,-0.003067961661145091,-0.06373082101345062
30.0,1306333.0,0.01126488670706749,-0.003067961661145091,-0.06954332441091537
30.0,1306337.0,0.01126488670706749,-0.003067961661145091,-0.07512680441141129
30.0,1306341.0,0.01126488670706749,-0.003067961661145091,-0.08049026131629944
30.0,1306344.0,0.01126488670706749,-0.003067961661145091,-0.08437369018793106
30.0,1306348.0,0.01126488670706749,-0.003067961661145091,-0.08937279134988785
30.0,1306352.0,0.01126488670706749,-0.003067961661145091,-0.09417489916086197
30.0,1306356.0,0.01126488670706749,-0.003067961661145091,-0.09878777712583542
30.0,1306360.0,0.01126078050583601,-0.003067961661145091,-0.10065311193466187
30.0,1306363.0,0.01126078050583601,-0.003067961661145091,-0.10500432550907135
30.0,1306368.0,0.01126078050583601,-0.003067961661145091,-0.10918407142162323
30.0,1306371.0,0.01126078050583601,-0.003067961661145091,-0.1131991297006607
30.0,1306375.0,0.01126078050583601,-0.003067961661145091,-0.1170559823513031
30.0,1306379.0,0.01126078050583601,-0.003067961661145091,-0.12076084315776825
30.0,1306383.0,0.01126078050583601,-0.003067961661145091,-0.12344337999820709
30.0,1306387.0,0.01126078050583601,-0.003067961661145091,-0.12689656019210815
30.0,1306390.0,0.01126078050583601,-0.003067961661145091,-0.130213662981987
30.0,1306394.0,0.01126078050583601,-0.003067961661145091,-0.1334000676870346
30.0,1306398.0,0.01126078050583601,-0.003067961661145091,-0.13570719957351685
30.0,1306401.0,0.01126078050583601,-0.003067961661145091,-0.13867713510990143
30.0,1306405.0,0.01126078050583601,-0.003067961661145091,-0.14082753658294678
30.0,1306409.0,0.01126078050583601,-0.003067961661145091,-0.14359571039676666
30.0,1306412.0,0.01126078050583601,-0.003067961661145091,-0.14625480771064758
30.0,1306416.0,0.01126078050583601,-0.004601942375302315,0.11604735255241394
30.0,1306420.0,0.01126078050583601,-0.004601942375302315,0.10982134193181992
30.0,1306433.0,0.011252567172050476,-0.004601942375302315,0.08595899492502213
30.0,1306437.0,0.011252567172050476,-0.004601942375302315,0.0803990587592125
30.0,1306440.0,0.011248460039496422,-0.004601942375302315,0.07524634152650833
30.0,1306444.0,0.011248460039496422,-0.004601942375302315,0.06861329823732376
30.0,1306448.0,0.011248460039496422,-0.004601942375302315,0.062241632491350174
30.0,1306452.0,0.011248460039496422,-0.004601942375302315,0.05612102895975113
30.0,1306456.0,0.011248460039496422,-0.004601942375302315,0.051689375191926956
30.0,1306460.0,0.011248460039496422,-0.004601942375302315,0.04598458483815193
30.0,1306463.0,0.011248460039496422,-0.004601942375302315,0.040504589676856995
30.0,1306467.0,0.011248460039496422,-0.004601942375302315,0.036536768078804016
30.0,1306470.0,0.011248460039496422,-0.004601942375302315,0.03142905235290527
30.0,1306474.0,0.011244352906942368,-0.004601942375302315,0.027984455227851868
30.0,1306478.0,0.011244352906942368,-0.004601942375302315,0.023220140486955643
30.0,1306482.0,0.011244352906942368,-0.004601942375302315,0.019770503044128418
30.0,1306486.0,0.011244352906942368,-0.004601942375302315,0.2836143374443054
30.0,1306490.0,0.011244352906942368,-0.006135923322290182,0.2734072804450989
30.0,1306494.0,0.011240246705710888,-0.006135923322290182,0.2675181031227112
30.0,1306498.0,0.011236139573156834,-0.006135923322290182,0.25943994522094727
30.0,1306501.0,0.0112279262393713,-0.006135923322290182,0.25464963912963867
30.0,1306506.0,0.011215605773031712,-0.006135923322290182,0.24636346101760864
30.0,1306509.0,0.011211498640477657,-0.006135923322290182,0.24129825830459595
30.0,1306513.0,0.011207392439246178,-0.006135923322290182,0.23640137910842896
30.0,1306517.0,0.011207392439246178,-0.006135923322290182,0.2281123697757721
30.0,1306520.0,0.011203285306692123,-0.006135923322290182,0.2216118425130844
30.0,1306524.0,0.011203285306692123,-0.006135923322290182,0.21580806374549866
30.0,1306528.0,0.011199179105460644,-0.006135923322290182,0.20983822643756866
30.0,1306531.0,0.011199179105460644,-0.006135923322290182,0.20260874927043915
30.0,1306535.0,0.011199179105460644,-0.006135923322290182,0.19737420976161957
30.0,1306538.0,0.011199179105460644,-0.0076699042692780495,0.4584842324256897
30.0,1306542.0,0.011199179105460644,-0.0076699042692780495,0.44608721137046814
30.0,1306545.0,0.01119507197290659,-0.0076699042692780495,0.4386126697063446
30.0,1306549.0,0.011186858639121056,-0.0076699042692780495,0.43145644664764404
30.0,1306553.0,0.011174538172781467,-0.0076699042692780495,0.42591044306755066
30.0,1306556.0,0.011154004372656345,-0.0076699042692780495,0.4222363829612732
30.0,1306560.0,0.011141683906316757,-0.0076699042692780495,0.41726455092430115
30.0,1306564.0,0.011121150106191635,-0.0076699042692780495,0.415169358253479
30.0,1306567.0,0.011104722507297993,-0.0076699042692780495,0.41052722930908203
30.0,1306571.0,0.011092402040958405,-0.0076699042692780495,0.40609338879585266
30.0,1306575.0,0.011075975373387337,-0.0076699042692780495,0.4029000699520111
30.0,1306579.0,0.011063654907047749,-0.0076699042692780495,0.3973103165626526
30.0,1306582.0,0.01105133444070816,-0.0076699042692780495,0.39346134662628174
30.0,1306586.0,0.011039013974368572,-0.0076699042692780495,0.3883281648159027
30.0,1306590.0,0.011030800640583038,-0.0076699042692780495,0.3827490508556366
30.0,1306593.0,0.011022587306797504,-0.00920388475060463,0.6474041938781738
30.0,1306597.0,0.01101437397301197,-0.00920388475060463,0.6376392245292664
30.0,1306600.0,0.011006159707903862,-0.00920388475060463,0.6275526881217957
30.0,1306604.0,0.01098562590777874,-0.00920388475060463,0.6228748559951782
30.0,1306608.0,0.01095277164131403,-0.00920388475060463,0.6208160519599915
30.0,1306611.0,0.010919918306171894,-0.00920388475060463,0.6233537197113037
30.0,1306615.0,0.010862423107028008,-0.00920388475060463,0.6342172026634216
30.0,1306629.0,0.010591375641524792,-0.00920388475060463,0.6816863417625427
30.0,1306634.0,0.010480492375791073,-0.00920388475060463,0.6972305774688721
30.0,1306638.0,0.01039014384150505,-0.00920388475060463,0.7137718200683594
30.0,1306641.0,0.01032443530857563,-0.0076699042692780495,0.4619825780391693
30.0,1306645.0,0.010234085842967033,-0.0076699042692780495,0.483426034450531
30.0,1306649.0,0.0101560577750206,-0.0076699042692780495,0.495321124792099
30.0,1306652.0,0.010090349242091179,-0.0076699042692780495,0.5068055987358093
30.0,1306656.0,0.010041067376732826,-0.0076699042692780495,0.5164385437965393
30.0,1306659.0,0.009999999776482582,-0.0076699042692780495,0.5216317176818848
30.0,1306662.0,0.00994661170989275,-0.0076699042692780495,0.5267320275306702
30.0,1306667.0,0.009893223643302917,-0.0076699042692780495,0.5328543782234192
30.0,1306670.0,0.009856263175606728,-0.00920388475060463,0.8067107200622559
30.0,1306674.0,0.009802875109016895,-0.00920388475060463,0.806976318359375
30.0,1306678.0,0.009741272777318954,-0.00920388475060463,0.8098871111869812
30.0,1306681.0,0.009667350910604,-0.00920388475060463,0.8172435164451599
30.0,1306685.0,0.0095975361764431,-0.00920388475060463,0.8318264484405518
30.0,1306689.0,0.009494866244494915,-0.00920388475060463,0.8504202365875244
30.0,1306692.0,0.009375769644975662,-0.0076699042692780495,0.5998685956001282
30.0,1306696.0,0.00925256684422493,-0.0076699042692780495,0.6292194128036499
30.0,1306700.0,0.009162217378616333,-0.0076699042692780495,0.6498337984085083
30.0,1306703.0,0.009080082178115845,-0.0076699042692780495,0.6715964674949646
30.0,1306707.0,0.00897330604493618,-0.0076699042692780495,0.6882076859474182
30.0,1306710.0,0.008895277045667171,-0.0076699042692780495,0.7072784900665283
30.0,1306713.0,0.00879671424627304,-0.0076699042692780495,0.7200711369514465
30.0,1306717.0,0.008714579045772552,-0.0076699042692780495,0.7396236062049866
30.0,1306721.0,0.008611910045146942,-0.0076699042692780495,0.7531560063362122
30.0,1306724.0,0.008537987247109413,-0.0076699042692780495,0.7687435150146484
30.0,1306728.0,0.008439425379037857,-0.0076699042692780495,0.7838706970214844
30.0,1306731.0,0.008369609713554382,-0.0076699042692780495,0.7934368252754211
30.0,1306735.0,0.008275154046714306,-0.0076699042692780495,0.8063655495643616
30.0,1306740.0,0.008156057447195053,-0.0076699042692780495,0.8189455270767212
30.0,1306745.0,0.0080369608476758,-0.0076699042692780495,0.8345691561698914
30.0,1306748.0,0.00793429184705019,-0.0076699042692780495,0.8493340015411377
30.0,1306752.0,0.007852155715227127,-0.0076699042692780495,0.8666407465934753
30.0,1306756.0,0.0077371662482619286,-0.0076699042692780495,0.8849133253097534
30.0,1306760.0,0.007613962981849909,-0.0076699042692780495,0.9055954813957214
30.0,1306764.0,0.007490759715437889,-0.0076699042692780495,0.921437680721283
30.0,1306768.0,0.007367556449025869,-0.0076699042692780495,0.9410467147827148
30.0,1306771.0,0.00727720744907856,-0.0076699042692780495,0.9600753784179688
30.0,1306774.0,0.007149897515773773,-0.0076699042692780495,0.974713921546936
30.0,1306778.0,0.007006159983575344,-0.0076699042692780495,1.0001569986343384
30.0,1306782.0,0.006854209583252668,-0.006135923322290182,0.7614531517028809
30.0,1306786.0,0.0067392196506261826,-0.006135923322290182,0.7940806150436401
30.0,1306790.0,0.006591375917196274,-0.006135923322290182,0.8167497515678406
30.0,1306793.0,0.006488706450909376,-0.006135923322290182,0.8416957259178162
30.0,1306798.0,0.006328542251139879,-0.006135923322290182,0.8629072308540344
30.0,1306801.0,0.0062340861186385155,-0.006135923322290182,0.8834949135780334
30.0,1306805.0,0.006102669518440962,-0.006135923322290182,0.911677896976471
30.0,1306810.0,0.00592607818543911,-0.006135923322290182,0.9367049932479858
30.0,1306814.0,0.005778233986347914,-0.006135923322290182,0.9560949802398682
30.0,1306826.0,0.0052361395210027695,-0.006135923322290182,1.0568158626556396
30.0,1306830.0,0.005092402454465628,-0.004601942375302315,0.8303160667419434
30.0,1306834.0,0.004891170654445887,-0.004601942375302315,0.8652525544166565
30.0,1306838.0,0.004694045055657625,-0.004601942375302315,0.9085014462471008
30.0,1306841.0,0.00455441465601325,-0.004601942375302315,0.9474435448646545
30.0,1306845.0,0.004361396189779043,-0.004601942375302315,0.9765580892562866
30.0,1306849.0,0.004151950590312481,-0.003067961661145091,0.7513587474822998
30.0,1306852.0,0.0039260778576135635,-0.003067961661145091,0.8060230016708374
30.0,1306857.0,0.00370020535774529,-0.003067961661145091,0.8588330149650574
30.0,1306860.0,0.0035359342582523823,-0.003067961661145091,0.9069780111312866
30.0,1306864.0,0.003322381991893053,-0.003067961661145091,0.9409602880477905
30.0,1306867.0,0.003112936392426491,-0.0015339808305725455,0.7186526656150818
30.0,1306871.0,0.0029609855264425278,-0.0015339808305725455,0.7627080678939819
30.0,1306875.0,0.0027720739599317312,-0.0015339808305725455,0.7907160520553589
30.0,1306879.0,0.002599589293822646,-0.0015339808305725455,0.8220601677894592
30.0,1306882.0,0.0024394250940531492,-0.0015339808305725455,0.848013699054718
30.0,1306886.0,0.002324435394257307,-0.0015339808305725455,0.8702313899993896
30.0,1306890.0,0.0021765914279967546,-0.0015339808305725455,0.8853499293327332
30.0,1306893.0,0.0020616017282009125,-0.0015339808305725455,0.9065067172050476
30.0,1306897.0,0.0019096509786322713,-0.0015339808305725455,0.9270802140235901
30.0,1306901.0,0.0017618070123717189,-0.0015339808305725455,0.9410116076469421
30.0,1306904.0,0.0016098562628030777,-0.0015339808305725455,0.9606358408927917
30.0,1306908.0,0.0014948665630072355,-0.0015339808305725455,0.9812121391296387
30.0,1306912.0,0.0013347022468224168,-0.0015339808305725455,0.9970183372497559
30.0,1306915.0,0.001170431263744831,-0.0015339808305725455,1.0195403099060059
30.0,1306920.0,0.0010020533809438348,0.0,0.7750579118728638
30.0,1306923.0,0.0008747433312237263,0.0,0.8051915764808655
30.0,1306928.0,0.0006611909484490752,0.0,0.8393427729606628
30.0,1306932.0,0.0004928131238557398,0.0,0.8660380840301514
30.0,1306936.0,0.000283367553493008,0.0,0.891944169998169
30.0,1306940.0,0.00015195072046481073,0.0,0.918567419052124
30.0,1306945.0,-6.160164048196748e-05,0.0,0.9515337944030762
30.0,1306949.0,-0.00023819302441552281,0.0,0.9779326319694519
30.0,1306953.0,-0.00042299795313738286,0.0,0.9998043179512024
30.0,1306956.0,-0.0006201232317835093,0.0,1.0321825742721558
30.0,1306960.0,-0.0007720739231444895,0.0015339808305725455,0.7957137823104858
30.0,1306964.0,-0.0009815194644033909,0.0015339808305725455,0.827594518661499
30.0,1306968.0,-0.0011991786304861307,0.0015339808305725455,0.8703881502151489
30.0,1306971.0,-0.0013552361633628607,0.0015339808305725455,0.9073971509933472
30.0,1306975.0,-0.0015605749795213342,0.0015339808305725455,0.9351454973220825
30.0,1306979.0,-0.0017700205789878964,0.0015339808305725455,0.9716551899909973
30.0,1306982.0,-0.00197535939514637,0.003067961661145091,0.7362110614776611
30.0,1306986.0,-0.0021806980948895216,0.003067961661145091,0.7750886678695679
30.0,1306991.0,-0.0024312115274369717,0.003067961661145091,0.8197784423828125
30.0,1306995.0,-0.002624229993671179,0.003067961661145091,0.8516367673873901
30.0,1307000.0,-0.0028049282263964415,0.003067961661145091,0.8830718398094177
30.0,1307003.0,-0.002973305992782116,0.003067961661145091,0.8993450403213501
30.0,1307008.0,-0.0031786446925252676,0.003067961661145091,0.9232723116874695
30.0,1307012.0,-0.0033470226917415857,0.003067961661145091,0.9433565735816956
30.0,1307016.0,-0.0034743326250463724,0.003067961661145091,0.9628987312316895
30.0,1307029.0,-0.004012320190668106,0.004601942375302315,0.7605105042457581
30.0,1307033.0,-0.004156057722866535,0.004601942375302315,0.7771360278129578
30.0,1307038.0,-0.004316221922636032,0.004601942375302315,0.7859410643577576
30.0,1307042.0,-0.004435318056493998,0.004601942375302315,0.7908088564872742
30.0,1307046.0,-0.0045462013222277164,0.004601942375302315,0.7912326455116272
30.0,1307050.0,-0.004648870788514614,0.004601942375302315,0.790915310382843
30.0,1307053.0,-0.0047433264553546906,0.003067961661145091,1.0520284175872803
30.0,1307058.0,-0.004841889254748821,0.003067961661145091,1.0442754030227661
30.0,1307061.0,-0.004932238254696131,0.003067961661145091,1.0443960428237915
30.0,1307065.0,-0.0050595481880009174,0.003067961661145091,1.0479488372802734
30.0,1307069.0,-0.0052073923870921135,0.003067961661145091,1.0586552619934082
30.0,1307072.0,-0.005429157987236977,0.003067961661145091,1.0905182361602783
30.0,1307078.0,-0.005618069786578417,0.003067961661145091,1.117959976196289
30.0,1307082.0,-0.005823408719152212,0.004601942375302315,0.8797562122344971
30.0,1307086.0,-0.006041067652404308,0.004601942375302315,0.9095970988273621
30.0,1307090.0,-0.006271047051995993,0.004601942375302315,0.9522349238395691
30.0,1307093.0,-0.006443531718105078,0.004601942375302315,0.9920768141746521
30.0,1307097.0,-0.006665297783911228,0.004601942375302315,0.7613476514816284
30.0,1307100.0,-0.006891170516610146,0.006135923322290182,0.7937125563621521
30.0,1307104.0,-0.0070718685165047646,0.006135923322290182,0.8420915603637695
30.0,1307108.0,-0.007305955048650503,0.006135923322290182,0.8859924077987671
30.0,1307112.0,-0.0075400411151349545,0.0076699042692780495,0.647521436214447
30.0,1307115.0,-0.007708419114351273,0.0076699042692780495,0.69211745262146
30.0,1307120.0,-0.007991786114871502,0.0076699042692780495,0.7352953553199768
30.0,1307124.0,-0.008193018846213818,0.0076699042692780495,0.768235445022583
30.0,1307127.0,-0.008373716846108437,0.0076699042692780495,0.7927638292312622
30.0,1307131.0,-0.008496919646859169,0.0076699042692780495,0.8062648773193359
30.0,1307135.0,-0.008681724779307842,0.0076699042692780495,0.8208267688751221
30.0,1307139.0,-0.008821355178952217,0.0076699042692780495,0.829257071018219
30.0,1307143.0,-0.008924024179577827,0.0076699042692780495,0.8360846638679504
30.0,1307147.0,-0.009096508845686913,0.00920388475060463,0.577998161315918
30.0,1307151.0,-0.009195071645081043,0.00920388475060463,0.5890509486198425
30.0,1307154.0,-0.00931827537715435,0.00920388475060463,0.5941993594169617
30.0,1307158.0,-0.009416838176548481,0.00920388475060463,0.5931075811386108
30.0,1307162.0,-0.009474332444369793,0.00920388475060463,0.8526638150215149
30.0,1307166.0,-0.00953182764351368,0.0076699042692780495,0.8299831748008728
30.0,1307170.0,-0.009585215710103512,0.0076699042692780495,0.8140061497688293
30.0,1307173.0,-0.009626283310353756,0.0076699042692780495,0.7929959893226624
30.0,1307177.0,-0.009683778509497643,0.0076699042692780495,0.7743722200393677
30.0,1307181.0,-0.009745379909873009,0.0076699042692780495,0.7631887197494507
30.0,1307185.0,-0.009806981310248375,0.0076699042692780495,0.7473942637443542
30.0,1307189.0,-0.009872689843177795,0.006135923322290182,1.000151515007019
30.0,1307192.0,-0.00994250550866127,0.006135923322290182,0.9828248620033264
30.0,1307196.0,-0.010008213110268116,0.006135923322290182,0.9722160696983337
30.0,1307200.0,-0.010098562575876713,0.006135923322290182,0.9664784669876099
30.0,1307203.0,-0.010205338709056377,0.006135923322290182,0.9641718864440918
30.0,1307208.0,-0.010312114842236042,0.006135923322290182,0.9621227383613586
30.0,1307211.0,-0.010394250974059105,0.006135923322290182,0.9632973670959473
30.0,1307214.0,-0.010517453774809837,0.006135923322290182,0.9657476544380188
30.0,1307218.0,-0.010611909441649914,0.006135923322290182,0.9715116620063782
30.0,1307231.0,-0.011108829639852047,0.0076699042692780495,0.7644402384757996
30.0,1307236.0,-0.011347022838890553,0.0076699042692780495,0.7905881404876709
30.0,1307242.0,-0.011527720838785172,0.0076699042692780495,0.8099637031555176
30.0,1307247.0,-0.011704311706125736,0.0076699042692780495,0.831293523311615
30.0,1307251.0,-0.011843942105770111,0.0076699042692780495,0.8401849865913391
30.0,1307254.0,-0.011983572505414486,0.0076699042692780495,0.8528016805648804
30.0,1307258.0,-0.012086242437362671,0.00920388475060463,0.5987813472747803
30.0,1307263.0,-0.012246406637132168,0.00920388475060463,0.6144341230392456
30.0,1307268.0,-0.012373716570436954,0.00920388475060463,0.6171606183052063
30.0,1307271.0,-0.01244353223592043,0.00920388475060463,0.6169439554214478
30.0,1307274.0,-0.012525667436420918,0.00920388475060463,0.6146674156188965
30.0,1307278.0,-0.012603696435689926,0.00920388475060463,0.6103479862213135
30.0,1307282.0,-0.012665297836065292,0.00920388475060463,0.6078218817710876
30.0,1307286.0,-0.012743326835334301,0.00920388475060463,0.6040357947349548
30.0,1307290.0,-0.012821354903280735,0.00920388475060463,0.6009938716888428
30.0,1307293.0,-0.012878850102424622,0.00920388475060463,0.5976881980895996
30.0,1307297.0,-0.012952771969139576,0.00920388475060463,0.5935195684432983
30.0,1307301.0,-0.013018480502068996,0.00920388475060463,0.5862753987312317
30.0,1307304.0,-0.013080081902444363,0.00920388475060463,0.5779309868812561
30.0,1307309.0,-0.013133469969034195,0.0076699042692780495,0.8289505243301392
30.0,1307313.0,-0.013166324235498905,0.0076699042692780495,0.8054628372192383
30.0,1307317.0,-0.013186858035624027,0.0076699042692780495,0.7800020575523376
30.0,1307321.0,-0.013215606100857258,0.0076699042692780495,0.7638345956802368
30.0,1307327.0,-0.013260779902338982,0.0076699042692780495,0.7315758466720581
30.0,1307330.0,-0.013289527967572212,0.0076699042692780495,0.7106755971908569
30.0,1307334.0,-0.013310061767697334,0.0076699042692780495,0.689154863357544
30.0,1307338.0,-0.01333470270037651,0.0076699042692780495,0.6743427515029907
30.0,1307341.0,-0.013355236500501633,0.0076699042692780495,0.6528629660606384
30.0,1307345.0,-0.013367556035518646,0.006135923322290182,0.895603358745575
30.0,1307349.0,-0.013375770300626755,0.006135923322290182,0.8670969009399414
30.0,1307353.0,-0.013392196968197823,0.006135923322290182,0.8475903868675232
30.0,1307356.0,-0.013420944102108479,0.006135923322290182,0.8269402980804443
30.0,1307360.0,-0.013445585034787655,0.006135923322290182,0.8086370229721069
30.0,1307364.0,-0.01348254643380642,0.006135923322290182,0.796893298625946
30.0,1307368.0,-0.013527721166610718,0.006135923322290182,0.7843083143234253
30.0,1307371.0,-0.013556468300521374,0.006135923322290182,0.7708278298377991
30.0,1307375.0,-0.013605749234557152,0.006135923322290182,0.7608924508094788
30.0,1307379.0,-0.013655031099915504,0.006135923322290182,0.7537496089935303
30.0,1307382.0,-0.013704312033951283,0.006135923322290182,0.744621753692627
30.0,1307386.0,-0.01375359296798706,0.006135923322290182,0.7359304428100586
30.0,1307390.0,-0.01378644723445177,0.006135923322290182,0.7281867861747742
30.0,1307393.0,-0.01382751576602459,0.006135923322290182,0.7172954082489014
30.0,1307398.0,-0.01386447623372078,0.006135923322290182,0.7054219245910645
30.0,1307401.0,-0.013889117166399956,0.006135923322290182,0.6910976767539978
30.0,1307405.0,-0.013913758099079132,0.006135923322290182,0.6803990602493286
30.0,1307409.0,-0.0139301847666502,0.006135923322290182,0.6627129316329956
30.0,1307412.0,-0.013938398100435734,0.004601942375302315,0.9121401906013489
30.0,1307416.0,-0.013942505232989788,0.004601942375302315,0.8855400681495667
30.0,1307420.0,-0.013946612365543842,0.004601942375302315,0.8615091443061829
30.0,1307424.0,-0.01396303903311491,0.004601942375302315,0.8463301062583923
30.0,1307438.0,-0.014036960899829865,0.004601942375302315,0.7871481776237488
30.0,1307442.0,-0.014057494699954987,0.004601942375302315,0.7673699259757996
30.0,1307446.0,-0.014069815166294575,0.004601942375302315,0.7496430277824402
30.0,1307450.0,-0.014082135632634163,0.004601942375302315,0.736456573009491
30.0,1307454.0,-0.014086242765188217,0.004601942375302315,0.7119016051292419
30.0,1307458.0,-0.014090348966419697,0.004601942375302315,0.6934221982955933
30.0,1307462.0,-0.014090348966419697,0.004601942375302315,0.6742026805877686
30.0,1307466.0,-0.014090348966419697,0.004601942375302315,0.6557404398918152
30.0,1307470.0,-0.014090348966419697,0.004601942375302315,0.6423727869987488
30.0,1307473.0,-0.014090348966419697,0.003067961661145091,0.8900212645530701
30.0,1307477.0,-0.014090348966419697,0.003067961661145091,0.8676850199699402
30.0,1307481.0,-0.01409856230020523,0.003067961661145091,0.8506802320480347
30.0,1307485.0,-0.014110882766544819,0.003067961661145091,0.8328763246536255
30.0,1307489.0,-0.014123203232884407,0.003067961661145091,0.818750262260437
30.0,1307493.0,-0.014135523699223995,0.003067961661145091,0.8070639967918396
30.0,1307497.0,-0.014147844165563583,0.003067961661145091,0.7924918532371521
30.0,1307501.0,-0.014160164631903172,0.003067961661145091,0.7740006446838379
30.0,1307505.0,-0.014168377965688705,0.003067961661145091,0.759294867515564
30.0,1307509.0,-0.01417659129947424,0.003067961661145091,0.745194673538208
30.0,1307513.0,-0.01417659129947424,0.003067961661145091,0.7302014827728271
30.0,1307518.0,-0.014180698432028294,0.003067961661145091,0.7143037915229797
30.0,1307521.0,-0.014180698432028294,0.003067961661145091,0.6990325450897217
30.0,1307525.0,-0.014180698432028294,0.003067961661145091,0.6879753470420837
30.0,1307528.0,-0.014180698432028294,0.003067961661145091,0.6737415194511414
30.0,1307532.0,-0.014180698432028294,0.003067961661145091,0.6600685715675354
30.0,1307536.0,-0.014180698432028294,0.003067961661145091,0.6501686573028564
30.0,1307539.0,-0.014180698432028294,0.003067961661145091,0.637424647808075
30.0,1307543.0,-0.014180698432028294,0.0015339808305725455,0.8900392055511475
30.0,1307547.0,-0.014184804633259773,0.0015339808305725455,0.8782867789268494
30.0,1307550.0,-0.014193018898367882,0.0015339808305725455,0.8641670346260071
30.0,1307554.0,-0.014197125099599361,0.0015339808305725455,0.8506162166595459
30.0,1307558.0,-0.01420944556593895,0.0015339808305725455,0.8415337800979614
30.0,1307561.0,-0.014221766032278538,0.0015339808305725455,0.8303622603416443
30.0,1307565.0,-0.014238192699849606,0.0015339808305725455,0.8211380839347839
30.0,1307569.0,-0.014250513166189194,0.0015339808305725455,0.81084144115448
30.0,1307573.0,-0.014262833632528782,0.0015339808305725455,0.8024317026138306
30.0,1307577.0,-0.014279261231422424,0.0015339808305725455,0.7958801984786987
30.0,1307580.0,-0.014299795031547546,0.0015339808305725455,0.7900266647338867
30.0,1307584.0,-0.014316221699118614,0.0015339808305725455,0.7839886546134949
30.0,1307588.0,-0.014332649298012257,0.0015339808305725455,0.7785269021987915
30.0,1307591.0,-0.014353183098137379,0.0015339808305725455,0.7730065584182739
30.0,1307595.0,-0.014365502633154392,0.0015339808305725455,0.7677491903305054
30.0,1307599.0,-0.014386037364602089,0.0015339808305725455,0.7627310156822205
30.0,1307602.0,-0.014406571164727211,0.0015339808305725455,0.7579876184463501
30.0,1307607.0,-0.014431211166083813,0.0015339808305725455,0.754866898059845
30.0,1307610.0,-0.014443531632423401,0.0015339808305725455,0.750446081161499
30.0,1307613.0,-0.014464065432548523,0.003067961661145091,0.47828683257102966
30.0,1307617.0,-0.014480493031442165,0.003067961661145091,0.4801589250564575
30.0,1307621.0,-0.0144887063652277,0.003067961661145091,0.4774482846260071
30.0,1307624.0,-0.0144887063652277,0.003067961661145091,0.4719908833503723
30.0,1307637.0,-0.014496919699013233,0.0015339808305725455,0.7121450901031494
30.0,1307641.0,-0.014501026831567287,0.0015339808305725455,0.7035576105117798
30.0,1307645.0,-0.014505133032798767,0.0015339808305725455,0.6953014135360718
30.0,1307649.0,-0.014509240165352821,0.0015339808305725455,0.6873773336410522
30.0,1307653.0,-0.014513347297906876,0.0015339808305725455,0.679771900177002
30.0,1307657.0,-0.014517453499138355,0.0015339808305725455,0.6724722385406494
30.0,1307661.0,-0.01452156063169241,0.0015339808305725455,0.6675782799720764
30.0,1307664.0,-0.01452156063169241,0.0015339808305725455,0.6593103408813477
30.0,1307668.0,-0.01452156063169241,0.0015339808305725455,0.6528698801994324
30.0,1307672.0,-0.014525667764246464,0.0015339808305725455,0.6451879143714905
30.0,1307677.0,-0.014525667764246464,0.0015339808305725455,0.6378087401390076
30.0,1307680.0,-0.014525667764246464,0.0015339808305725455,0.6307202577590942
30.0,1307683.0,-0.014525667764246464,0.0015339808305725455,0.6255878210067749
30.0,1307688.0,-0.014525667764246464,0.0015339808305725455,0.618980884552002
30.0,1307691.0,-0.014525667764246464,0.0015339808305725455,0.6126343607902527
30.0,1307695.0,-0.014525667764246464,0.0015339808305725455,0.6065378785133362
30.0,1307699.0,-0.014525667764246464,0.0015339808305725455,0.6006816029548645
30.0,1307703.0,-0.014525667764246464,0.0015339808305725455,0.5950561165809631
30.0,1307707.0,-0.014525667764246464,0.0015339808305725455,0.5896522402763367
30.0,1307712.0,-0.014525667764246464,0.0015339808305725455,0.5844613313674927
30.0,1307715.0,-0.014525667764246464,0.0015339808305725455,0.5794749855995178
30.0,1307719.0,-0.014525667764246464,0.0015339808305725455,0.5746850967407227
30.0,1307723.0,-0.014525667764246464,0.0015339808305725455,0.5712170004844666
30.0,1307727.0,-0.014525667764246464,0.0015339808305725455,0.5656641721725464
30.0,1307730.0,-0.014525667764246464,0.0015339808305725455,0.5624639391899109
30.0,1307734.0,-0.014525667764246464,0.0015339808305725455,0.5583443641662598
30.0,1307738.0,-0.014525667764246464,0.0015339808305725455,0.5543871521949768
30.0,1307742.0,-0.014525667764246464,0.0015339808305725455,0.5505858063697815
30.0,1307746.0,-0.014525667764246464,0.0015339808305725455,0.5469343066215515
30.0,1307750.0,-0.014525667764246464,0.0015339808305725455,0.5442903637886047
30.0,1307753.0,-0.014525667764246464,0.0015339808305725455,0.5408869385719299
30.0,1307757.0,-0.014525667764246464,0.0015339808305725455,0.537617564201355
30.0,1307761.0,-0.014525667764246464,0.0015339808305725455,0.5352503657341003
30.0,1307764.0,-0.014525667764246464,0.0015339808305725455,0.5322031378746033
30.0,1307768.0,-0.014525667764246464,0.0015339808305725455,0.5292759537696838
30.0,1307772.0,-0.014525667764246464,0.0015339808305725455,0.5264641046524048
30.0,1307776.0,-0.014525667764246464,0.0015339808305725455,0.5244281888008118
30.0,1307779.0,-0.014525667764246464,0.0015339808305725455,0.5218073725700378
30.0,1307783.0,-0.014525667764246464,0.0015339808305725455,0.5192898511886597
30.0,1307787.0,-0.014525667764246464,0.0015339808305725455,0.5168715119361877
30.0,1307790.0,-0.014525667764246464,0.0015339808305725455,0.5151205062866211
30.0,1307794.0,-0.014525667764246464,0.0015339808305725455,0.5134214758872986
30.0,1307798.0,-0.014525667764246464,0.0015339808305725455,0.5112344026565552
30.0,1307801.0,-0.014525667764246464,0.0015339808305725455,0.5091334581375122
30.0,1307805.0,-0.014525667764246464,0.0015339808305725455,0.5076122879981995
30.0,1307808.0,-0.014525667764246464,0.0015339808305725455,0.5056540966033936
30.0,1307812.0,-0.014525667764246464,0.003067961661145091,0.23638786375522614
30.0,1307815.0,-0.014525667764246464,0.003067961661145091,0.24048690497875214
30.0,1307819.0,-0.014525667764246464,0.003067961661145091,0.2453843206167221
30.0,1307824.0,-0.014525667764246464,0.003067961661145091,0.24912887811660767
30.0,1307838.0,-0.014525667764246464,0.003067961661145091,0.26111042499542236
30.0,1307842.0,-0.014525667764246464,0.003067961661145091,0.2634658217430115
30.0,1307846.0,-0.014525667764246464,0.003067961661145091,0.2664978802204132
30.0,1307850.0,-0.014525667764246464,0.003067961661145091,0.26941046118736267
30.0,1307853.0,-0.014525667764246464,0.003067961661145091,0.2722083032131195
30.0,1307857.0,-0.014525667764246464,0.003067961661145091,0.27489587664604187
30.0,1307862.0,-0.014525667764246464,0.003067961661145091,0.27747753262519836
30.0,1307866.0,-0.014525667764246464,0.003067961661145091,0.28056204319000244
30.0,1307870.0,-0.014525667764246464,0.003067961661145091,0.2823397219181061
30.0,1307873.0,-0.014525667764246464,0.003067961661145091,0.2846280634403229
30.0,1307878.0,-0.014525667764246464,0.003067961661145091,0.2868262529373169
30.0,1307881.0,-0.014525667764246464,0.003067961661145091,0.28893783688545227
30.0,1307885.0,-0.014525667764246464,0.003067961661145091,0.2909661829471588
30.0,1307889.0,-0.014525667764246464,0.003067961661145091,0.29243484139442444
30.0,1307893.0,-0.014525667764246464,0.003067961661145091,0.294786274433136
30.0,1307897.0,-0.014525667764246464,0.003067961661145091,0.29614147543907166
30.0,1307900.0,-0.014525667764246464,0.003067961661145091,0.2978859841823578
30.0,1307904.0,-0.014525667764246464,0.003067961661145091,0.2995617687702179
30.0,1307908.0,-0.014525667764246464,0.003067961661145091,0.30077511072158813
30.0,1307911.0,-0.014525667764246464,0.003067961661145091,0.30233702063560486
30.0,1307915.0,-0.014525667764246464,0.003067961661145091,0.3038374185562134
30.0,1307919.0,-0.014525667764246464,0.003067961661145091,0.3052786886692047
30.0,1307923.0,-0.014525667764246464,0.003067961661145091,0.30632221698760986
30.0,1307927.0,-0.014525667764246464,0.003067961661145091,0.3076655864715576
30.0,1307930.0,-0.014525667764246464,0.003067961661145091,0.30895599722862244
30.0,1307934.0,-0.014525667764246464,0.003067961661145091,0.3098903298377991
30.0,1307938.0,-0.014525667764246464,0.004601942375302315,0.04324472323060036
30.0,1307941.0,-0.014525667764246464,0.004601942375302315,0.05032428726553917
30.0,1307945.0,-0.014525667764246464,0.004601942375302315,0.057281121611595154
30.0,1307950.0,-0.01452156063169241,0.004601942375302315,0.06380118429660797
30.0,1307954.0,-0.01452156063169241,0.004601942375302315,0.07006434351205826
30.0,1307958.0,-0.01452156063169241,0.004601942375302315,0.07459920644760132
30.0,1307962.0,-0.01452156063169241,0.004601942375302315,0.08043686300516129
30.0,1307966.0,-0.014517453499138355,0.004601942375302315,0.0845695212483406
30.0,1307970.0,-0.014517453499138355,0.004601942375302315,0.09000790864229202
30.0,1307973.0,-0.014517453499138355,0.004601942375302315,0.09523199498653412
30.0,1307977.0,-0.014517453499138355,0.004601942375302315,0.1002502366900444
30.0,1307981.0,-0.014517453499138355,0.004601942375302315,0.10507073998451233
30.0,1307985.0,-0.014517453499138355,0.004601942375302315,0.10970127582550049
30.0,1307989.0,-0.014517453499138355,0.004601942375302315,0.113054059445858
30.0,1307992.0,-0.014517453499138355,0.004601942375302315,0.11737003177404404
30.0,1307996.0,-0.014517453499138355,0.004601942375302315,0.12151595950126648
30.0,1308000.0,-0.014517453499138355,0.004601942375302315,0.12549850344657898
30.0,1308004.0,-0.014517453499138355,0.004601942375302315,0.12838208675384521
30.0,1308007.0,-0.014517453499138355,0.004601942375302315,0.13209408521652222
30.0,1308012.0,-0.014517453499138355,0.004601942375302315,0.13652905821800232
30.0,1308016.0,-0.014517453499138355,0.006135923322290182,-0.12493650615215302
30.0,1308020.0,-0.014517453499138355,0.006135923322290182,-0.11737413704395294
30.0,1308024.0,-0.014513347297906876,0.006135923322290182,-0.1107717975974083
30.0,1308029.0,-0.014505133032798767,0.006135923322290182,-0.10106050968170166
30.0,1308041.0,-0.014496919699013233,0.006135923322290182,-0.08196809142827988
30.0,1308045.0,-0.014492813497781754,0.006135923322290182,-0.07463601231575012
30.0,1308049.0,-0.014492813497781754,0.006135923322290182,-0.06932718306779861
30.0,1308052.0,-0.014492813497781754,0.006135923322290182,-0.06249320134520531
30.0,1308056.0,-0.014492813497781754,0.006135923322290182,-0.05592850223183632
30.0,1308060.0,-0.014492813497781754,0.006135923322290182,-0.04962248355150223
30.0,1308064.0,-0.014492813497781754,0.006135923322290182,-0.045056574046611786
30.0,1308068.0,-0.0144887063652277,0.006135923322290182,-0.04065393656492233
30.0,1308071.0,-0.0144887063652277,0.0076699042692780495,-0.3028045892715454
30.0,1308078.0,-0.014484599232673645,0.0076699042692780495,-0.28737959265708923
30.0,1308082.0,-0.014476385898888111,0.0076699042692780495,-0.27957266569137573
30.0,1308085.0,-0.014464065432548523,0.0076699042692780495,-0.2735346555709839
30.0,1308089.0,-0.014451744966208935,0.0076699042692780495,-0.26925504207611084
30.0,1308093.0,-0.014439425431191921,0.0076699042692780495,-0.2646852135658264
30.0,1308097.0,-0.014427104964852333,0.0076699042692780495,-0.25929149985313416
30.0,1308100.0,-0.0144188916310668,0.0076699042692780495,-0.2541429400444031
30.0,1308104.0,-0.01441067736595869,0.0076699042692780495,-0.24857257306575775
30.0,1308108.0,-0.014402464032173157,0.0076699042692780495,-0.24239705502986908
30.0,1308111.0,-0.014402464032173157,0.0076699042692780495,-0.23351454734802246
30.0,1308114.0,-0.014398356899619102,0.0076699042692780495,-0.22855809330940247
30.0,1308118.0,-0.014398356899619102,0.00920388475060463,-0.48657214641571045
30.0,1308121.0,-0.014398356899619102,0.00920388475060463,-0.47611942887306213
30.0,1308125.0,-0.014390143565833569,0.00920388475060463,-0.4671016037464142
30.0,1308129.0,-0.0143737168982625,0.00920388475060463,-0.4614485502243042
30.0,1308133.0,-0.01434086263179779,0.00920388475060463,-0.45753785967826843
30.0,1308137.0,-0.01430800836533308,0.00920388475060463,-0.456756591796875
30.0,1308141.0,-0.014283367432653904,0.00920388475060463,-0.4562247395515442
30.0,1308144.0,-0.014238192699849606,0.00920388475060463,-0.4600363075733185
30.0,1308149.0,-0.01417659129947424,0.00920388475060463,-0.46657711267471313
30.0,1308153.0,-0.014135523699223995,0.00920388475060463,-0.47461196780204773
30.0,1308157.0,-0.014053388498723507,0.00920388475060463,-0.48536935448646545
30.0,1308161.0,-0.014000000432133675,0.00920388475060463,-0.4972807466983795
30.0,1308165.0,-0.013926077634096146,0.00920388475060463,-0.5117816925048828
30.0,1308169.0,-0.013843942433595657,0.00920388475060463,-0.5234822034835815
30.0,1308172.0,-0.013757700100541115,0.00920388475060463,-0.540118396282196
30.0,1308177.0,-0.013671457767486572,0.00920388475060463,-0.5562600493431091
30.0,1308180.0,-0.013605749234557152,0.00920388475060463,-0.5719002485275269
30.0,1308184.0,-0.013523614034056664,0.00920388475060463,-0.5821921825408936
30.0,1308188.0,-0.013437371701002121,0.00920388475060463,-0.5970280766487122
30.0,1308191.0,-0.013375770300626755,0.0076699042692780495,-0.3435923159122467
30.0,1308196.0,-0.01324024610221386,0.0076699042692780495,-0.36947712302207947
30.0,1308200.0,-0.013182751834392548,0.0076699042692780495,-0.3840689957141876
30.0,1308203.0,-0.013133469969034195,0.0076699042692780495,-0.39247798919677734
30.0,1308207.0,-0.013075975701212883,0.0076699042692780495,-0.3989415764808655
30.0,1308211.0,-0.013034907169640064,0.00920388475060463,-0.6689562201499939
30.0,1308215.0,-0.013002053834497929,0.00920388475060463,-0.6618824005126953
30.0,1308218.0,-0.012973305769264698,0.00920388475060463,-0.6536774039268494
30.0,1308222.0,-0.012948664836585522,0.00920388475060463,-0.6473022103309631
30.0,1308226.0,-0.012911704368889332,0.00920388475060463,-0.6441925168037415
30.0,1308229.0,-0.012874742969870567,0.00920388475060463,-0.6397510170936584
30.0,1308242.0,-0.012767966836690903,0.010737866163253784,-0.8915315270423889
30.0,1308246.0,-0.01274743303656578,0.010737866163253784,-0.8777578473091125
30.0,1308250.0,-0.012722793035209179,0.010737866163253784,-0.8685644865036011
30.0,1308253.0,-0.012694044969975948,0.010737866163253784,-0.8617063760757446
30.0,1308257.0,-0.01264476403594017,0.010737866163253784,-0.8590147495269775
30.0,1308260.0,-0.012595482170581818,0.010737866163253784,-0.8600553274154663
30.0,1308264.0,-0.012529774568974972,0.010737866163253784,-0.8634681105613708
30.0,1308268.0,-0.012447638437151909,0.010737866163253784,-0.8719273805618286
30.0,1308271.0,-0.012381929904222488,0.010737866163253784,-0.8831707835197449
30.0,1308274.0,-0.012279260903596878,0.010737866163253784,-0.8951050639152527
30.0,1308278.0,-0.012156057171523571,0.010737866163253784,-0.9175374507904053
30.0,1308282.0,-0.012016426771879196,0.010737866163253784,-0.9452175498008728
30.0,1308286.0,-0.011901437304913998,0.010737866163253784,-0.977937638759613
30.0,1308290.0,-0.011733059771358967,0.010737866163253784,-1.0054996013641357
30.0,1308293.0,-0.011597535572946072,0.010737866163253784,-0.7757956385612488
30.0,1308298.0,-0.011355236172676086,0.00920388475060463,-0.8260883688926697
30.0,1308301.0,-0.011203285306692123,0.00920388475060463,-0.8761817216873169
30.0,1308305.0,-0.011002053506672382,0.00920388475060463,-0.9261038303375244
30.0,1308309.0,-0.010796714574098587,0.0076699042692780495,-0.7050424218177795
30.0,1308312.0,-0.010599588975310326,0.0076699042692780495,-0.7424803376197815
30.0,1308316.0,-0.010451745241880417,0.0076699042692780495,-0.7909426689147949
30.0,1308319.0,-0.01025462057441473,0.0076699042692780495,-0.8262346982955933
30.0,1308324.0,-0.010061602108180523,0.0076699042692780495,-0.8704473376274109
30.0,1308328.0,-0.009864476509392262,0.006135923322290182,-0.6468721628189087
30.0,1308331.0,-0.009716632775962353,0.006135923322290182,-0.6956195831298828
30.0,1308335.0,-0.009527720510959625,0.006135923322290182,-0.7397906184196472
30.0,1308340.0,-0.00928542111068964,0.006135923322290182,-0.7840173244476318
30.0,1308344.0,-0.009100615978240967,0.006135923322290182,-0.8238264322280884
30.0,1308348.0,-0.008919917978346348,0.004601942375302315,-0.5915132761001587
30.0,1308351.0,-0.008784394711256027,0.004601942375302315,-0.6348615288734436
30.0,1308355.0,-0.008607802912592888,0.004601942375302315,-0.6623304486274719
30.0,1308358.0,-0.008435318246483803,0.004601942375302315,-0.698897659778595
30.0,1308362.0,-0.008303901180624962,0.004601942375302315,-0.7342932224273682
30.0,1308366.0,-0.008135523647069931,0.004601942375302315,-0.7671012878417969
30.0,1308369.0,-0.0079671461135149,0.004601942375302315,-0.79139643907547
30.0,1308373.0,-0.007843942381441593,0.004601942375302315,-0.8136317729949951
30.0,1308377.0,-0.007679671514779329,0.004601942375302315,-0.8424794673919678
30.0,1308380.0,-0.00755646824836731,0.004601942375302315,-0.8704469799995422
30.0,1308383.0,-0.007392196916043758,0.004601942375302315,-0.8908658623695374
30.0,1308388.0,-0.0072279260493814945,0.003067961661145091,-0.651030421257019
30.0,1308391.0,-0.007100616116076708,0.003067961661145091,-0.6840918064117432
30.0,1308394.0,-0.006948665250092745,0.003067961661145091,-0.7026008367538452
30.0,1308398.0,-0.006845995783805847,0.003067961661145091,-0.7222005128860474
30.0,1308402.0,-0.0067145791836082935,0.003067961661145091,-0.7382761836051941
30.0,1308406.0,-0.006595482584089041,0.003067961661145091,-0.7481882572174072
30.0,1308409.0,-0.006472279317677021,0.003067961661145091,-0.7621047496795654
30.0,1308413.0,-0.00637371651828289,0.003067961661145091,-0.7786415815353394
30.0,1308417.0,-0.006242299918085337,0.003067961661145091,-0.7947319746017456
30.0,1308421.0,-0.006106776185333729,0.003067961661145091,-0.8133697509765625
30.0,1308425.0,-0.005971252452582121,0.003067961661145091,-0.8247658014297485
30.0,1308438.0,-0.005535934120416641,0.003067961661145091,-0.8780213594436646
30.0,1308442.0,-0.005396303720772266,0.003067961661145091,-0.8959413170814514
30.0,1308448.0,-0.005174538120627403,0.003067961661145091,-0.9241365790367126
30.0,1308453.0,-0.00498973298817873,0.003067961661145091,-0.9422983527183533
30.0,1308456.0,-0.004837782122194767,0.003067961661145091,-0.9614633321762085
30.0,1308460.0,-0.00471047218888998,0.003067961661145091,-0.9890130758285522
30.0,1308466.0,-0.004422998055815697,0.003067961661145091,-1.0369279384613037
30.0,1308470.0,-0.004217659123241901,0.003067961661145091,-1.0755820274353027
30.0,1308474.0,-0.003991786390542984,0.003067961661145091,-1.1067488193511963
30.0,1308478.0,-0.0037453798577189445,0.0015339808305725455,-0.890230655670166
30.0,1308483.0,-0.003425051225349307,0.0015339808305725455,-0.9601234793663025
30.0,1308487.0,-0.003166324459016323,0.0015339808305725455,-0.759347140789032
30.0,1308491.0,-0.002899383893236518,0.0,-0.8060516715049744
30.0,1308494.0,-0.002624229993671179,0.0,-0.8690213561058044
30.0,1308498.0,-0.002422997960820794,0.0,-0.9284775257110596
30.0,1308502.0,-0.002156057395040989,-0.0015339808305725455,-0.7017150521278381
30.0,1308505.0,-0.0019014374120160937,-0.0015339808305725455,-0.7579248547554016
30.0,1308509.0,-0.0017125256126746535,-0.0015339808305725455,-0.812317430973053
30.0,1308514.0,-0.001408624229952693,-0.0015339808305725455,-0.8590376973152161
30.0,1308518.0,-0.0011827514972537756,-0.003067961661145091,-0.6349679827690125
30.0,1308521.0,-0.00101848051417619,-0.003067961661145091,-0.6773566007614136
30.0,1308525.0,-0.0008049281314015388,-0.003067961661145091,-0.7071476578712463
30.0,1308530.0,-0.000566735106986016,-0.003067961661145091,-0.7449193596839905
30.0,1308533.0,-0.00042710473644547164,-0.003067961661145091,-0.7720845341682434
30.0,1308537.0,-0.0002505133452359587,-0.003067961661145091,-0.7893311381340027
30.0,1308540.0,-0.00011909651220776141,-0.003067961661145091,-0.8107888698577881
30.0,1308544.0,4.928131238557398e-05,-0.003067961661145091,-0.5623297691345215
30.0,1308548.0,0.00022176592028699815,-0.004601942375302315,-0.5814018249511719
30.0,1308553.0,0.0004188911698292941,-0.004601942375302315,-0.6068210601806641
30.0,1308556.0,0.0005585215403698385,-0.004601942375302315,-0.6200194954872131
30.0,1308560.0,0.000644763873424381,-0.004601942375302315,-0.6240400075912476
30.0,1308564.0,0.0007515400648117065,-0.003067961661145091,-0.8919379711151123
30.0,1308568.0,0.0008501026895828545,-0.003067961661145091,-0.8842620849609375
30.0,1308571.0,0.0009281313978135586,-0.003067961661145091,-0.8800188302993774
30.0,1308575.0,0.0010472278809174895,-0.003067961661145091,-0.8805474638938904
30.0,1308578.0,0.0011786447139456868,-0.003067961661145091,-0.885884165763855
30.0,1308582.0,0.0013264886802062392,-0.003067961661145091,-0.8968920111656189
30.0,1308586.0,0.0014455851633101702,-0.003067961661145091,-0.9121614694595337
30.0,1308590.0,0.0016098562628030777,-0.003067961661145091,-0.9244964718818665
30.0,1308593.0,0.0017782340291887522,-0.003067961661145091,-0.9420702457427979
30.0,1308598.0,0.0019630389288067818,-0.004601942375302315,-0.6987957954406738
30.0,1308601.0,0.0021067762281745672,-0.004601942375302315,-0.7285723090171814
30.0,1308605.0,0.0023367556277662516,-0.004601942375302315,-0.7559822201728821
30.0,1308609.0,0.0025133469607681036,-0.004601942375302315,-0.7796770334243774
30.0,1308613.0,0.002644763793796301,-0.004601942375302315,-0.8012126088142395
30.0,1308617.0,0.002821355126798153,-0.004601942375302315,-0.8251317739486694
30.0,1308620.0,0.002956878859549761,-0.004601942375302315,-0.8426363468170166
30.0,1308624.0,0.0031416837591677904,-0.004601942375302315,-0.5975381135940552
30.0,1308628.0,0.003322381991893053,-0.006135923322290182,-0.6256483197212219
30.0,1308640.0,0.003811088390648365,-0.006135923322290182,-0.6798126101493835
30.0,1308644.0,0.003946612123399973,-0.006135923322290182,-0.691307008266449
30.0,1308648.0,0.004069815389811993,-0.006135923322290182,-0.694236159324646
30.0,1308652.0,0.004197125323116779,-0.006135923322290182,-0.6907891631126404
30.0,1308656.0,0.004287474323064089,-0.006135923322290182,-0.6841810345649719
30.0,1308660.0,0.004344969056546688,-0.006135923322290182,-0.6720483303070068
30.0,1308664.0,0.0044106775894761086,-0.004601942375302315,-0.9289658665657043
30.0,1308668.0,0.004472279455512762,-0.004601942375302315,-0.9075722098350525
30.0,1308671.0,0.004525667522102594,-0.004601942375302315,-0.8915820121765137
30.0,1308675.0,0.004607802722603083,-0.004601942375302315,-0.8823024034500122
30.0,1308678.0,0.00471047218888998,-0.004601942375302315,-0.8778970837593079
30.0,1308682.0,0.004825462121516466,-0.004601942375302315,-0.8782901167869568
30.0,1308686.0,0.004915811121463776,-0.004601942375302315,-0.8817969560623169
30.0,1308690.0,0.0050554415211081505,-0.004601942375302315,-0.8896378874778748
30.0,1308693.0,0.0052073923870921135,-0.004601942375302315,-0.9034209251403809
30.0,1308699.0,0.005400410853326321,-0.004601942375302315,-0.9213418364524841
30.0,1308703.0,0.0055646817199885845,-0.004601942375302315,-0.9388650059700012
30.0,1308707.0,0.00573716638609767,-0.006135923322290182,-0.6895371079444885
30.0,1308710.0,0.0058726901188492775,-0.006135923322290182,-0.7179896831512451
30.0,1308714.0,0.0060492814518511295,-0.006135923322290182,-0.7426268458366394
30.0,1308718.0,0.006213552318513393,-0.006135923322290182,-0.7584205269813538
30.0,1308722.0,0.006369609851390123,-0.006135923322290182,-0.7759867906570435
30.0,1308726.0,0.006521560717374086,-0.006135923322290182,-0.796611487865448
30.0,1308730.0,0.006681724917143583,-0.006135923322290182,-0.8098827600479126
30.0,1308733.0,0.006837782450020313,-0.0076699042692780495,-0.5567981004714966
30.0,1308737.0,0.006960985716432333,-0.0076699042692780495,-0.5801413059234619
30.0,1308741.0,0.007117043249309063,-0.0076699042692780495,-0.6013267636299133
30.0,1308745.0,0.007256673648953438,-0.0076699042692780495,-0.6145331263542175
30.0,1308749.0,0.007412731181830168,-0.0076699042692780495,-0.6229924559593201
30.0,1308753.0,0.007503080181777477,-0.0076699042692780495,-0.6298093795776367
30.0,1308757.0,0.007613962981849909,-0.0076699042692780495,-0.6322786211967468
30.0,1308760.0,0.0076919919811189175,-0.0076699042692780495,-0.6346192359924316
30.0,1308764.0,0.007790554314851761,-0.0076699042692780495,-0.6311080455780029
30.0,1308768.0,0.00787268951535225,-0.0076699042692780495,-0.6264262795448303
30.0,1308771.0,0.007946612313389778,-0.0076699042692780495,-0.6175360679626465
30.0,1308775.0,0.007995893247425556,-0.0076699042692780495,-0.6061610579490662
30.0,1308779.0,0.008057494647800922,-0.0076699042692780495,-0.5923606753349304
30.0,1308783.0,0.008110882714390755,-0.0076699042692780495,-0.5816801190376282
30.0,1308787.0,0.008156057447195053,-0.0076699042692780495,-0.5645603537559509
30.0,1308790.0,0.008188911713659763,-0.006135923322290182,-0.8130422234535217
30.0,1308794.0,0.008229979313910007,-0.006135923322290182,-0.7950138449668884
30.0,1308798.0,0.00827926117926836,-0.006135923322290182,-0.7758184671401978
30.0,1308801.0,0.008324434980750084,-0.006135923322290182,-0.7618942856788635
30.0,1308805.0,0.008394250646233559,-0.006135923322290182,-0.7544650435447693
30.0,1308809.0,0.008476385846734047,-0.006135923322290182,-0.7476251721382141
30.0,1308813.0,0.00855852197855711,-0.006135923322290182,-0.7437798976898193
30.0,1308816.0,0.008648870512843132,-0.006135923322290182,-0.7419182062149048
30.0,1308820.0,0.008714579045772552,-0.006135923322290182,-0.7387827634811401
30.0,1308825.0,0.008821355178952217,-0.006135923322290182,-0.7358922362327576
30.0,1308829.0,0.00890759751200676,-0.006135923322290182,-0.733237087726593
30.0,1308841.0,0.009145790711045265,-0.006135923322290182,-0.7116274833679199
30.0,1308846.0,0.009215605445206165,-0.006135923322290182,-0.7045484185218811
30.0,1308850.0,0.00928542111068964,-0.006135923322290182,-0.6978442668914795
30.0,1308853.0,0.009338809177279472,-0.006135923322290182,-0.6914995908737183
30.0,1308857.0,0.009412731043994427,-0.006135923322290182,-0.6869890093803406
30.0,1308860.0,0.009478439576923847,-0.006135923322290182,-0.6815770268440247
30.0,1308864.0,0.009523614309728146,-0.006135923322290182,-0.671736478805542
30.0,1308868.0,0.009577002376317978,-0.006135923322290182,-0.6608859300613403
30.0,1308872.0,0.009618069976568222,-0.006135923322290182,-0.6489965915679932
30.0,1308876.0,0.009655030444264412,-0.006135923322290182,-0.6332435011863708
30.0,1308879.0,0.009683778509497643,-0.006135923322290182,-0.6152195930480957
30.0,1308883.0,0.00969609897583723,-0.006135923322290182,-0.598845362663269
30.0,1308887.0,0.009708418510854244,-0.004601942375302315,-0.8330798745155334
30.0,1308890.0,0.009712525643408298,-0.004601942375302315,-0.810791015625
30.0,1308895.0,0.009724846109747887,-0.004601942375302315,-0.7845776677131653
30.0,1308899.0,0.009741272777318954,-0.004601942375302315,-0.7608778476715088
30.0,1308902.0,0.009761806577444077,-0.004601942375302315,-0.7396126389503479
30.0,1308906.0,0.009778234176337719,-0.004601942375302315,-0.7192309498786926
30.0,1308910.0,0.009794660843908787,-0.004601942375302315,-0.7033730149269104
30.0,1308913.0,0.009806981310248375,-0.004601942375302315,-0.6814941167831421
30.0,1308917.0,0.009815194644033909,-0.003067961661145091,-0.9253529906272888
30.0,1308921.0,0.009823408909142017,-0.003067961661145091,-0.8994355797767639
30.0,1308924.0,0.00984394270926714,-0.003067961661145091,-0.8817737102508545
30.0,1308928.0,0.009872689843177795,-0.003067961661145091,-0.8635114431381226
30.0,1308932.0,0.009905544109642506,-0.003067961661145091,-0.8474886417388916
30.0,1308936.0,0.009950718842446804,-0.003067961661145091,-0.8365998864173889
30.0,1308940.0,0.00997946597635746,-0.003067961661145091,-0.8247355818748474
30.0,1308944.0,0.010028747841715813,-0.003067961661145091,-0.8184097409248352
30.0,1308948.0,0.010082135908305645,-0.003067961661145091,-0.8118353486061096
30.0,1308952.0,0.010135523974895477,-0.003067961661145091,-0.8067065477371216
30.0,1308956.0,0.010205338709056377,-0.003067961661145091,-0.8052299618721008
30.0,1308960.0,0.010275154374539852,-0.003067961661145091,-0.8057065010070801
30.0,1308964.0,0.01035728957504034,-0.003067961661145091,-0.8103681206703186
30.0,1308968.0,0.01046817284077406,-0.003067961661145091,-0.8190939426422119
30.0,1308972.0,0.01053798757493496,-0.003067961661145091,-0.826492190361023
30.0,1308976.0,0.010632443241775036,-0.003067961661145091,-0.5673364400863647
30.0,1308980.0,0.010731006041169167,-0.004601942375302315,-0.5847712755203247
30.0,1308983.0,0.010804927907884121,-0.004601942375302315,-0.593403160572052
30.0,1308988.0,0.010895277373492718,-0.004601942375302315,-0.5982214212417603
30.0,1308991.0,0.01094866544008255,-0.004601942375302315,-0.5970192551612854
30.0,1308996.0,0.01098562590777874,-0.004601942375302315,-0.5900213718414307
30.0,1309000.0,0.01101848017424345,-0.004601942375302315,-0.5818824172019958
30.0,1309003.0,0.011039013974368572,-0.004601942375302315,-0.5711390972137451
30.0,1309007.0,0.011059548705816269,-0.004601942375302315,-0.5579078197479248
30.0,1309011.0,0.011067762039601803,-0.004601942375302315,-0.5422600507736206
30.0,1309016.0,0.011071868240833282,-0.004601942375302315,-0.5257403254508972
30.0,1309020.0,0.011075975373387337,-0.003067961661145091,-0.7777266502380371
30.0,1309024.0,0.011075975373387337,-0.003067961661145091,-0.7551099061965942
30.0,1309028.0,0.011088295839726925,-0.003067961661145091,-0.7287319898605347
30.0,1309033.0,0.011104722507297993,-0.003067961661145091,-0.7176235318183899
30.0,1309045.0,0.011158110573887825,-0.003067961661145091,-0.676275372505188
30.0,1309049.0,0.011178644374012947,-0.003067961661145091,-0.6668115854263306
30.0,1309052.0,0.011199179105460644,-0.003067961661145091,-0.6561403274536133
30.0,1309056.0,0.011215605773031712,-0.003067961661145091,-0.6444329619407654
30.0,1309060.0,0.011223819106817245,-0.003067961661145091,-0.6317247152328491
30.0,1309064.0,0.011240246705710888,-0.003067961661145091,-0.6210243105888367
30.0,1309068.0,0.011252567172050476,-0.003067961661145091,-0.6118190288543701
30.0,1309071.0,0.01126078050583601,-0.003067961661145091,-0.5989917516708374
30.0,1309075.0,0.01126488670706749,-0.003067961661145091,-0.5792412757873535
30.0,1309081.0,0.011268993839621544,-0.0015339808305725455,-0.8325953483581543
30.0,1309085.0,0.011268993839621544,-0.0015339808305725455,-0.8127480149269104
30.0,1309089.0,0.011277207173407078,-0.0015339808305725455,-0.7966456413269043
30.0,1309093.0,0.011289527639746666,-0.0015339808305725455,-0.7872275114059448
30.0,1309096.0,0.011310061439871788,-0.0015339808305725455,-0.7766009569168091
30.0,1309100.0,0.01133059523999691,-0.0015339808305725455,-0.7694016098976135
30.0,1309104.0,0.01135934330523014,-0.0015339808305725455,-0.7638416886329651
30.0,1309108.0,0.011392197571694851,-0.0015339808305725455,-0.758696973323822
30.0,1309111.0,0.011416837573051453,-0.0015339808305725455,-0.7538058757781982
30.0,1309115.0,0.011453798972070217,-0.0015339808305725455,-0.7517868280410767
30.0,1309118.0,0.011490759439766407,-0.0015339808305725455,-0.7487658262252808
30.0,1309122.0,0.011527720838785172,-0.0015339808305725455,-0.7459219098091125
30.0,1309127.0,0.011564681306481361,-0.0015339808305725455,-0.7432339787483215
30.0,1309130.0,0.011601642705500126,-0.003067961661145091,-0.472861647605896
30.0,1309134.0,0.011626283638179302,-0.003067961661145091,-0.4749308228492737
30.0,1309139.0,0.011659137904644012,-0.003067961661145091,-0.47150903940200806
30.0,1309143.0,0.011663244105875492,-0.003067961661145091,-0.4657173454761505
30.0,1309147.0,0.011663244105875492,-0.003067961661145091,-0.45631179213523865
30.0,1309150.0,0.011663244105875492,-0.0015339808305725455,-0.7048179507255554
30.0,1309155.0,0.011667351238429546,-0.0015339808305725455,-0.6956050992012024
30.0,1309159.0,0.0116714583709836,-0.0015339808305725455,-0.6832525134086609
30.0,1309163.0,0.011679671704769135,-0.0015339808305725455,-0.6761779189109802
30.0,1309167.0,0.011683777906000614,-0.0015339808305725455,-0.6646230220794678
30.0,1309170.0,0.011687885038554668,-0.0015339808305725455,-0.6535168886184692
30.0,1309174.0,0.011691992171108723,-0.0015339808305725455,-0.645843505859375
30.0,1309177.0,0.011696098372340202,-0.0015339808305725455,-0.6354898810386658
30.0,1309181.0,0.011700205504894257,-0.0015339808305725455,-0.6255509257316589
30.0,1309184.0,0.011700205504894257,-0.0015339808305725455,-0.6172477006912231
30.0,1309188.0,0.011700205504894257,-0.0015339808305725455,-0.6065589785575867
30.0,1309192.0,0.011700205504894257,-0.0015339808305725455,-0.5988197922706604
30.0,1309195.0,0.011704311706125736,-0.0015339808305725455,-0.5903451442718506
30.0,1309200.0,0.011704311706125736,-0.0015339808305725455,-0.5783772468566895
30.0,1309204.0,0.011704311706125736,-0.0015339808305725455,-0.5714799165725708
30.0,1309207.0,0.011704311706125736,-0.0015339808305725455,-0.5626010894775391
30.0,1309211.0,0.011704311706125736,-0.0015339808305725455,-0.5561723113059998
30.0,1309216.0,0.011704311706125736,-0.0015339808305725455,-0.5458792448043823
30.0,1309219.0,0.011704311706125736,-0.0015339808305725455,-0.5380091667175293
30.0,1309223.0,0.011704311706125736,-0.0015339808305725455,-0.5323108434677124
30.0,1309227.0,0.011704311706125736,-0.0015339808305725455,-0.5249754190444946
30.0,1309230.0,0.011704311706125736,-0.0015339808305725455,-0.5179290175437927
30.0,1309234.0,0.011704311706125736,-0.0015339808305725455,-0.5128270983695984
30.0,1309246.0,0.011704311706125736,-0.0015339808305725455,-0.49241286516189575
30.0,1309250.0,0.011704311706125736,-0.0015339808305725455,-0.48664960265159607
30.0,1309254.0,0.011704311706125736,-0.0015339808305725455,-0.48247668147087097
30.0,1309258.0,0.011704311706125736,-0.0015339808305725455,-0.47710490226745605
30.0,1309261.0,0.011704311706125736,-0.0015339808305725455,-0.4719448387622833
30.0,1309265.0,0.011704311706125736,-0.0015339808305725455,-0.46698808670043945
30.0,1309269.0,0.011704311706125736,-0.0015339808305725455,-0.46222662925720215
30.0,1309272.0,0.011704311706125736,-0.0015339808305725455,-0.45877909660339355
30.0,1309276.0,0.011704311706125736,-0.0015339808305725455,-0.4543411135673523
30.0,1309280.0,0.011704311706125736,-0.0015339808305725455,-0.45007801055908203
30.0,1309284.0,0.011704311706125736,-0.0015339808305725455,-0.44699129462242126
30.0,1309288.0,0.011704311706125736,-0.0015339808305725455,-0.4430178105831146
30.0,1309291.0,0.011704311706125736,-0.0015339808305725455,-0.43920090794563293
30.0,1309295.0,0.011704311706125736,-0.0015339808305725455,-0.43553438782691956
30.0,1309298.0,0.011704311706125736,-0.0015339808305725455,-0.43287962675094604
30.0,1309302.0,0.011704311706125736,0.0,-0.6973105669021606
30.0,1309306.0,0.011704311706125736,0.0,-0.6881036162376404
30.0,1309310.0,0.011704311706125736,0.0,-0.6792594194412231
30.0,1309314.0,0.011704311706125736,0.0,-0.6707637310028076
30.0,1309318.0,0.01170841883867979,0.0,-0.6661139726638794
30.0,1309321.0,0.01170841883867979,0.0,-0.6581426858901978
30.0,1309325.0,0.01170841883867979,0.0,-0.6486188173294067
30.0,1309330.0,0.01170841883867979,0.0,-0.6413369178771973
30.0,1309333.0,0.01170841883867979,-0.0015339808305725455,-0.36669737100601196
30.0,1309338.0,0.011712525971233845,-0.0015339808305725455,-0.3673824369907379
30.0,1309341.0,0.011712525971233845,-0.0015339808305725455,-0.36635786294937134
30.0,1309347.0,0.011712525971233845,-0.0015339808305725455,-0.36557450890541077
30.0,1309350.0,0.011712525971233845,0.0,-0.6326703429222107
30.0,1309354.0,0.011712525971233845,0.0,-0.6276600956916809
30.0,1309358.0,0.011712525971233845,0.0,-0.6212104558944702
30.0,1309362.0,0.011712525971233845,0.0,-0.6135045886039734
30.0,1309366.0,0.011712525971233845,0.0,-0.6076127290725708
30.0,1309369.0,0.011712525971233845,0.0,-0.6033467054367065
30.0,1309373.0,0.011712525971233845,0.0,-0.5978550910949707
30.0,1309377.0,0.011712525971233845,0.0,-0.5938788652420044
30.0,1309380.0,0.011712525971233845,-0.0015339808305725455,-0.32390379905700684
30.0,1309384.0,0.011712525971233845,-0.0015339808305725455,-0.32479327917099
30.0,1309388.0,0.011712525971233845,-0.0015339808305725455,-0.3254373371601105
30.0,1309391.0,0.011712525971233845,-0.0015339808305725455,-0.3262663781642914
30.0,1309394.0,0.011712525971233845,-0.0015339808305725455,-0.32686665654182434
30.0,1309398.0,0.011712525971233845,-0.0015339808305725455,-0.3276393711566925
30.0,1309402.0,0.011712525971233845,-0.0015339808305725455,-0.3281988799571991
30.0,1309405.0,0.011712525971233845,-0.0015339808305725455,-0.32874175906181335
30.0,1309408.0,0.011712525971233845,-0.0015339808305725455,-0.3294405937194824
30.0,1309412.0,0.011712525971233845,-0.0015339808305725455,-0.33011189103126526
30.0,1309416.0,0.011712525971233845,-0.0015339808305725455,-0.3307567536830902
30.0,1309420.0,0.011712525971233845,-0.0015339808305725455,-0.33122366666793823
30.0,1309423.0,0.011712525971233845,-0.0015339808305725455,-0.33182471990585327
30.0,1309427.0,0.011712525971233845,-0.0015339808305725455,-0.3324020504951477
30.0,1309431.0,0.011712525971233845,-0.0015339808305725455,-0.3328201174736023
30.0,1309443.0,0.011712525971233845,-0.0015339808305725455,-0.3344928026199341
30.0,1309447.0,0.011712525971233845,-0.0015339808305725455,-0.3349650204181671
30.0,1309452.0,0.011712525971233845,-0.0015339808305725455,-0.3354186415672302
30.0,1309457.0,0.011712525971233845,-0.0015339808305725455,-0.33596062660217285
30.0,1309460.0,0.011712525971233845,-0.0015339808305725455,-0.33637499809265137
30.0,1309464.0,0.011712525971233845,-0.0015339808305725455,-0.3366750478744507
30.0,1309468.0,0.011712525971233845,-0.0015339808305725455,-0.3370612859725952
30.0,1309472.0,0.011712525971233845,-0.0015339808305725455,-0.3375227451324463
30.0,1309476.0,0.011712525971233845,-0.0015339808305725455,-0.3378755748271942
30.0,1309480.0,0.011712525971233845,-0.0015339808305725455,-0.3382145166397095
30.0,1309484.0,0.011712525971233845,-0.0015339808305725455,-0.33854007720947266
30.0,1309488.0,0.011712525971233845,-0.0015339808305725455,-0.3388528525829315
30.0,1309492.0,0.011712525971233845,-0.0015339808305725455,-0.3390792906284332
30.0,1309495.0,0.011712525971233845,-0.0015339808305725455,-0.3393707871437073
30.0,1309499.0,0.011712525971233845,-0.0015339808305725455,-0.33965080976486206
30.0,1309503.0,0.011712525971233845,-0.0015339808305725455,-0.339919775724411
30.0,1309507.0,0.011712525971233845,-0.0015339808305725455,-0.3401145339012146
30.0,1309510.0,0.011712525971233845,-0.0015339808305725455,-0.3403652608394623
30.0,1309514.0,0.011712525971233845,-0.0015339808305725455,-0.34054678678512573
30.0,1309519.0,0.011712525971233845,-0.0015339808305725455,-0.34083741903305054
30.0,1309522.0,0.011712525971233845,-0.0015339808305725455,-0.3410596549510956
30.0,1309526.0,0.011712525971233845,-0.0015339808305725455,-0.34127309918403625
30.0,1309529.0,0.011712525971233845,-0.0015339808305725455,-0.34142768383026123
30.0,1309534.0,0.011712525971233845,-0.0015339808305725455,-0.34167513251304626
30.0,1309538.0,0.011712525971233845,-0.0015339808305725455,-0.3418177664279938
30.0,1309541.0,0.011712525971233845,-0.0015339808305725455,-0.342001348733902
30.0,1309545.0,0.011712525971233845,-0.0015339808305725455,-0.3421342968940735
30.0,1309548.0,0.011712525971233845,-0.0015339808305725455,-0.34230542182922363
30.0,1309551.0,0.011712525971233845,-0.0015339808305725455,-0.3424293100833893
30.0,1309555.0,0.011712525971233845,-0.0015339808305725455,-0.34254953265190125
30.0,1309558.0,0.011712525971233845,-0.0015339808305725455,-0.34270429611206055
30.0,1309562.0,0.011712525971233845,-0.0015339808305725455,-0.3428163528442383
30.0,1309565.0,0.011712525971233845,-0.0015339808305725455,-0.3429605960845947
30.0,1309569.0,0.011712525971233845,-0.0015339808305725455,-0.3430991768836975
30.0,1309573.0,0.011712525971233845,-0.0015339808305725455,-0.3431994915008545
30.0,1309577.0,0.011712525971233845,-0.0015339808305725455,-0.3433286249637604
30.0,1309582.0,0.011712525971233845,-0.0015339808305725455,-0.34348294138908386
30.0,1309585.0,0.011712525971233845,-0.0015339808305725455,-0.34360092878341675
30.0,1309589.0,0.011712525971233845,-0.0015339808305725455,-0.3436863422393799
30.0,1309592.0,0.011712525971233845,-0.0015339808305725455,-0.3437963128089905
30.0,1309597.0,0.011712525971233845,-0.003067961661145091,-0.07758276909589767
30.0,1309600.0,0.011712525971233845,-0.003067961661145091,-0.08207924664020538
30.0,1309604.0,0.011712525971233845,-0.003067961661145091,-0.08636585623025894
30.0,1309608.0,0.01170841883867979,-0.003067961661145091,-0.09059662371873856
30.0,1309611.0,0.01170841883867979,-0.003067961661145091,-0.09604284167289734
30.0,1309614.0,0.011704311706125736,-0.003067961661145091,-0.09849796444177628
30.0,1309618.0,0.011704311706125736,-0.003067961661145091,-0.10362640768289566
30.0,1309622.0,0.011704311706125736,-0.003067961661145091,-0.10733969509601593
30.0,1309625.0,0.011704311706125736,-0.003067961661145091,-0.11211977154016495
30.0,1309629.0,0.011704311706125736,-0.003067961661145091,-0.11558078974485397
30.0,1309641.0,0.011704311706125736,-0.003067961661145091,-0.12942922115325928
30.0,1309646.0,0.011704311706125736,-0.003067961661145091,-0.13429197669029236
30.0,1309650.0,0.011704311706125736,-0.003067961661145091,-0.13801001012325287
30.0,1309655.0,0.011704311706125736,-0.003067961661145091,-0.14158153533935547
30.0,1309659.0,0.011704311706125736,-0.003067961661145091,-0.14501233398914337
30.0,1309662.0,0.011704311706125736,-0.003067961661145091,-0.1483079493045807
30.0,1309666.0,0.011704311706125736,-0.003067961661145091,-0.15147370100021362
30.0,1309670.0,0.011704311706125736,-0.003067961661145091,-0.15451468527317047
30.0,1309674.0,0.011704311706125736,-0.003067961661145091,-0.15671654045581818
30.0,1309678.0,0.011704311706125736,-0.003067961661145091,-0.1595509648323059
30.0,1309681.0,0.011704311706125736,-0.003067961661145091,-0.16227369010448456
30.0,1309685.0,0.011704311706125736,-0.003067961661145091,-0.1642450988292694
30.0,1309688.0,0.011704311706125736,-0.003067961661145091,-0.16678285598754883
30.0,1309692.0,0.011704311706125736,-0.003067961661145091,-0.16862033307552338
30.0,1309695.0,0.011704311706125736,-0.003067961661145091,-0.17098568379878998
30.0,1309699.0,0.011704311706125736,-0.004601942375302315,0.09459049999713898
30.0,1309703.0,0.011704311706125736,-0.004601942375302315,0.08847992867231369
30.0,1309707.0,0.011700205504894257,-0.004601942375302315,0.08208853006362915
30.0,1309711.0,0.011696098372340202,-0.004601942375302315,0.0740879699587822
30.0,1309715.0,0.011691992171108723,-0.004601942375302315,0.06827650219202042
30.0,1309719.0,0.011687885038554668,-0.004601942375302315,0.0644502118229866
30.0,1309722.0,0.011687885038554668,-0.004601942375302315,0.05755666643381119
30.0,1309727.0,0.011683777906000614,-0.004601942375302315,0.050782304257154465
30.0,1309730.0,0.011683777906000614,-0.004601942375302315,0.04599704593420029
30.0,1309734.0,0.011683777906000614,-0.004601942375302315,0.03983704000711441
30.0,1309739.0,0.011683777906000614,-0.004601942375302315,0.033919766545295715
30.0,1309742.0,0.011683777906000614,-0.004601942375302315,0.028235655277967453
30.0,1309747.0,0.011683777906000614,-0.004601942375302315,0.022775523364543915
30.0,1309750.0,0.011683777906000614,-0.004601942375302315,0.017530538141727448
30.0,1309754.0,0.011683777906000614,-0.004601942375302315,0.012492233887314796
30.0,1309758.0,0.011683777906000614,-0.004601942375302315,0.00884421356022358
30.0,1309761.0,0.011679671704769135,-0.004601942375302315,0.005636084359139204
30.0,1309765.0,0.011679671704769135,-0.004601942375302315,0.27043992280960083
30.0,1309769.0,0.011679671704769135,-0.006135923322290182,0.2626253664493561
30.0,1309772.0,0.011679671704769135,-0.006135923322290182,0.252565860748291
30.0,1309777.0,0.0116714583709836,-0.006135923322290182,0.24587896466255188
30.0,1309780.0,0.011667351238429546,-0.006135923322290182,0.2394687384366989
30.0,1309784.0,0.011659137904644012,-0.006135923322290182,0.23408129811286926
30.0,1309788.0,0.011650923639535904,-0.006135923322290182,0.22812867164611816
30.0,1309791.0,0.011646817438304424,-0.006135923322290182,0.22243645787239075
30.0,1309795.0,0.01163860410451889,-0.006135923322290182,0.21759246289730072
30.0,1309798.0,0.01163860410451889,-0.006135923322290182,0.21087315678596497
30.0,1309802.0,0.011634496971964836,-0.006135923322290182,0.2048809677362442
30.0,1309806.0,0.011630389839410782,-0.006135923322290182,0.1967618614435196
30.0,1309810.0,0.011630389839410782,-0.006135923322290182,0.1911936104297638
30.0,1309813.0,0.011630389839410782,-0.006135923322290182,0.18402568995952606
30.0,1309817.0,0.011630389839410782,-0.006135923322290182,0.17864151298999786
30.0,1309821.0,0.011626283638179302,-0.0076699042692780495,0.44146469235420227
30.0,1309824.0,0.011626283638179302,-0.0076699042692780495,0.4290715754032135
30.0,1309828.0,0.011622176505625248,-0.0076699042692780495,0.42015668749809265
30.0,1309841.0,0.011560575105249882,-0.0076699042692780495,0.4072960913181305
30.0,1309844.0,0.011531827971339226,-0.0076699042692780495,0.4065105617046356
30.0,1309849.0,0.011503079906105995,-0.0076699042692780495,0.40601998567581177
30.0,1309854.0,0.011462012305855751,-0.0076699042692780495,0.40733182430267334
30.0,1309858.0,0.011433265171945095,-0.0076699042692780495,0.40690430998802185
30.0,1309861.0,0.011408624239265919,-0.0076699042692780495,0.40802669525146484
30.0,1309865.0,0.011379877105355263,-0.0076699042692780495,0.40766826272010803
30.0,1309869.0,0.011351129040122032,-0.0076699042692780495,0.4073684811592102
30.0,1309873.0,0.01132648903876543,-0.0076699042692780495,0.4056638777256012
30.0,1309877.0,0.011301848106086254,-0.0076699042692780495,0.4025765359401703
30.0,1309880.0,0.011285420507192612,-0.0076699042692780495,0.39924126863479614
30.0,1309884.0,0.011273100972175598,-0.0076699042692780495,0.3934684097766876
30.0,1309888.0,0.01126488670706749,-0.00920388475060463,0.6543141007423401
30.0,1309892.0,0.011256673373281956,-0.00920388475060463,0.6440725326538086
30.0,1309895.0,0.011244352906942368,-0.00920388475060463,0.6348289251327515
30.0,1309900.0,0.011211498640477657,-0.00920388475060463,0.6297212839126587
30.0,1309904.0,0.011174538172781467,-0.00920388475060463,0.6285407543182373
30.0,1309908.0,0.011133470572531223,-0.00920388475060463,0.6304146647453308
30.0,1309912.0,0.01108418870717287,-0.00920388475060463,0.6329391002655029
30.0,1309917.0,0.01101848017424345,-0.00920388475060463,0.6408703327178955
30.0,1309921.0,0.010956878773868084,-0.00920388475060463,0.6484408974647522
30.0,1309924.0,0.010887064039707184,-0.00920388475060463,0.656581699848175
30.0,1309929.0,0.010804927907884121,-0.00920388475060463,0.6711272597312927
30.0,1309932.0,0.010743326507508755,-0.00920388475060463,0.6867291331291199
30.0,1309936.0,0.010628337040543556,-0.00920388475060463,0.70331209897995
30.0,1309940.0,0.010554415173828602,-0.00920388475060463,0.7208449244499207
30.0,1309944.0,0.01045995857566595,-0.00920388475060463,0.7347676157951355
30.0,1309948.0,0.010365502908825874,-0.00920388475060463,0.751323401927948
30.0,1309951.0,0.01029158104211092,-0.00920388475060463,0.7673743367195129
30.0,1309955.0,0.010197125375270844,-0.00920388475060463,0.7802242636680603
30.0,1309959.0,0.010098562575876713,-0.0076699042692780495,0.5320443511009216
30.0,1309962.0,0.010024640709161758,-0.0076699042692780495,0.5540239214897156
30.0,1309966.0,0.009926077909767628,-0.0076699042692780495,0.573789656162262
30.0,1309970.0,0.009831622242927551,-0.0076699042692780495,0.5893293619155884
30.0,1309973.0,0.00976591370999813,-0.0076699042692780495,0.6050302386283875
30.0,1309977.0,0.009679671376943588,-0.0076699042692780495,0.6202338337898254
30.0,1309980.0,0.009613962844014168,-0.0076699042692780495,0.6331957578659058
30.0,1309984.0,0.009523614309728146,-0.0076699042692780495,0.6443802118301392
30.0,1309988.0,0.009433264844119549,-0.0076699042692780495,0.6598809957504272
30.0,1309991.0,0.009367556311190128,-0.0076699042692780495,0.6734104156494141
30.0,1309995.0,0.00928542111068964,-0.0076699042692780495,0.6821839213371277
30.0,1309999.0,0.009203284978866577,-0.0076699042692780495,0.6935906410217285
30.0,1310002.0,0.009149896912276745,-0.0076699042692780495,0.7002243995666504
30.0,1310006.0,0.009080082178115845,-0.0076699042692780495,0.7081941962242126
30.0,1310010.0,0.009002053178846836,-0.0076699042692780495,0.7147982120513916
30.0,1310014.0,0.008928131312131882,-0.0076699042692780495,0.7223986387252808
30.0,1310018.0,0.00884188897907734,-0.0076699042692780495,0.7342797517776489
30.0,1310021.0,0.008780287578701973,-0.0076699042692780495,0.7443256974220276
30.0,1310025.0,0.00869404524564743,-0.00920388475060463,1.0225257873535156
30.0,1310029.0,0.008583161979913712,-0.00920388475060463,1.0298969745635986
30.0,1310042.0,0.008229979313910007,-0.0076699042692780495,0.8288669586181641
30.0,1310048.0,0.008016427047550678,-0.0076699042692780495,0.8569848537445068
30.0,1310051.0,0.00786858331412077,-0.0076699042692780495,0.8871889710426331
30.0,1310055.0,0.007757700048387051,-0.0076699042692780495,0.9149324297904968
30.0,1310059.0,0.007609856314957142,-0.0076699042692780495,0.9377737641334534
30.0,1310063.0,0.007449692115187645,-0.0076699042692780495,0.9698672294616699
30.0,1310067.0,0.007297741249203682,-0.0076699042692780495,0.9979830384254456
30.0,1310070.0,0.007178644649684429,-0.0076699042692780495,1.0267030000686646
30.0,1310073.0,0.0070554413832724094,-0.0076699042692780495,1.0513885021209717
30.0,1310077.0,0.006796714384108782,-0.006135923322290182,0.8386201858520508
30.0,1310083.0,0.006616016384214163,-0.006135923322290182,0.8688240647315979
30.0,1310087.0,0.006443531718105078,-0.006135923322290182,0.9049936532974243
30.0,1310092.0,0.00623819325119257,-0.006135923322290182,0.9449143409729004
30.0,1310095.0,0.006065708585083485,-0.006135923322290182,0.9787152409553528
30.0,1310100.0,0.005885010119527578,-0.006135923322290182,1.014390230178833
30.0,1310103.0,0.0057453797198832035,-0.004601942375302315,0.7840560674667358
30.0,1310109.0,0.005441478453576565,-0.004601942375302315,0.8433225154876709
30.0,1310112.0,0.005297741387039423,-0.004601942375302315,0.8851146101951599
30.0,1310116.0,0.005100615788251162,-0.004601942375302315,0.927049458026886
30.0,1310120.0,0.0049034906551241875,-0.004601942375302315,0.9676264524459839
30.0,1310124.0,0.004706365521997213,-0.003067961661145091,0.7278518676757812
30.0,1310128.0,0.004509240388870239,-0.003067961661145091,0.7721994519233704
30.0,1310131.0,0.004353182855993509,-0.003067961661145091,0.8180571794509888
30.0,1310135.0,0.004147843923419714,-0.003067961661145091,0.8522126078605652
30.0,1310138.0,0.003930184990167618,-0.003067961661145091,0.8999328017234802
30.0,1310142.0,0.0037700205575674772,-0.0015339808305725455,0.6752705574035645
30.0,1310146.0,0.0035564680583775043,-0.0015339808305725455,0.724531352519989
30.0,1310150.0,0.0033470226917415857,-0.0015339808305725455,0.7589166164398193
30.0,1310154.0,0.003154003992676735,-0.0015339808305725455,0.7980439066886902
30.0,1310158.0,0.002973305992782116,-0.0015339808305725455,0.8314927220344543
30.0,1310161.0,0.002796714659780264,-0.0015339808305725455,0.8624173402786255
30.0,1310165.0,0.002673511393368244,-0.0015339808305725455,0.8879609704017639
30.0,1310169.0,0.002517453860491514,-0.0015339808305725455,0.9098048210144043
30.0,1310172.0,0.0023613963276147842,-0.0015339808305725455,0.9250271320343018
30.0,1310177.0,0.0022053387947380543,-0.0015339808305725455,0.9458069205284119
30.0,1310180.0,0.0020451745949685574,0.0,0.7011681795120239
30.0,1310184.0,0.0019219712121412158,0.0,0.7295955419540405
30.0,1310188.0,0.0017700205789878964,0.0,0.7458794116973877
30.0,1310192.0,0.0016303901793435216,0.0,0.7640718817710876
30.0,1310195.0,0.0015318274963647127,0.0,0.7773274183273315
30.0,1310199.0,0.0014127310132607818,0.0,0.7873096466064453
30.0,1310202.0,0.0013223818968981504,0.0,0.795023500919342
30.0,1310206.0,0.0012073921971023083,0.0,0.8031473159790039
30.0,1310209.0,0.0011006160639226437,-0.0015339808305725455,1.0725260972976685
30.0,1310213.0,0.0010225872974842787,-0.0015339808305725455,1.0711276531219482
30.0,1310217.0,0.0009117043227888644,-0.0015339808305725455,1.0719633102416992
30.0,1310221.0,0.0007802874897606671,-0.0015339808305725455,1.082440972328186
30.0,1310225.0,0.0006324435235001147,-0.0015339808305725455,1.1010652780532837
30.0,1310229.0,0.0004558521613944322,-0.0015339808305725455,1.11879563331604
30.0,1310232.0,0.00031211497844196856,-0.0015339808305725455,1.1406185626983643
30.0,1310244.0,-0.0003449691866990179,0.0,0.9971824884414673
30.0,1310248.0,-0.0005831622402183712,0.0,1.0551663637161255
30.0,1310251.0,-0.0007556467899121344,0.0015339808305725455,0.8207360506057739
30.0,1310254.0,-0.000997946597635746,0.0015339808305725455,0.8593229651451111
30.0,1310258.0,-0.0011868582805618644,0.0015339808305725455,0.9112427234649658
30.0,1310261.0,-0.0014209445798769593,0.0015339808305725455,0.9461291432380676
30.0,1310265.0,-0.0016016426961869001,0.003067961661145091,0.7244868278503418
30.0,1310269.0,-0.0018439425621181726,0.003067961661145091,0.775204598903656
30.0,1310272.0,-0.0020780288614332676,0.003067961661145091,0.811414897441864
30.0,1310277.0,-0.0022997946944087744,0.003067961661145091,0.8534421324729919
30.0,1310280.0,-0.002464065793901682,0.003067961661145091,0.8926711678504944
30.0,1310284.0,-0.002673511393368244,0.004601942375302315,0.6493226885795593
30.0,1310288.0,-0.002874743426218629,0.004601942375302315,0.6866219639778137
30.0,1310291.0,-0.0030184804927557707,0.004601942375302315,0.7197895646095276
30.0,1310294.0,-0.0031950718257576227,0.004601942375302315,0.7376832365989685
30.0,1310298.0,-0.003322381991893053,0.004601942375302315,0.7604361772537231
30.0,1310301.0,-0.0034743326250463724,0.004601942375302315,0.7715179920196533
30.0,1310304.0,-0.0035852156579494476,0.004601942375302315,0.7824012041091919
30.0,1310309.0,-0.003720739157870412,0.004601942375302315,0.7921618223190308
30.0,1310312.0,-0.0038193019572645426,0.004601942375302315,0.7987731695175171
30.0,1310316.0,-0.003938398323953152,0.004601942375302315,0.8023862838745117
30.0,1310320.0,-0.004049281124025583,0.004601942375302315,0.8025019764900208
30.0,1310323.0,-0.004156057722866535,0.004601942375302315,0.8018178939819336
30.0,1310328.0,-0.0042628338560462,0.004601942375302315,0.8013270497322083
30.0,1310331.0,-0.004340862389653921,0.004601942375302315,0.799534022808075
30.0,1310334.0,-0.0044106775894761086,0.004601942375302315,0.7957521677017212
30.0,1310338.0,-0.004505133256316185,0.004601942375302315,0.7914984822273254
30.0,1310342.0,-0.0045913755893707275,0.003067961661145091,1.0515168905258179
30.0,1310347.0,-0.004694045055657625,0.003067961661145091,1.0324292182922363
30.0,1310350.0,-0.004792607855051756,0.003067961661145091,1.0271235704421997
30.0,1310354.0,-0.004870636388659477,0.003067961661145091,1.0235639810562134
30.0,1310358.0,-0.00498973298817873,0.003067961661145091,1.0245589017868042
30.0,1310362.0,-0.005162217654287815,0.003067961661145091,1.0345041751861572
30.0,1310367.0,-0.005322381854057312,0.003067961661145091,1.0503383874893188
30.0,1310370.0,-0.00545790558680892,0.003067961661145091,1.0746883153915405
30.0,1310373.0,-0.005597535986453295,0.003067961661145091,1.0928791761398315
30.0,1310377.0,-0.005794661119580269,0.004601942375302315,0.8541369438171387
30.0,1310381.0,-0.006012320518493652,0.004601942375302315,0.8847051858901978
30.0,1310384.0,-0.0062299794517457485,0.004601942375302315,0.9238543510437012
30.0,1310388.0,-0.006394250318408012,0.004601942375302315,0.9618135690689087
30.0,1310392.0,-0.006607803050428629,0.004601942375302315,0.9884009957313538
30.0,1310395.0,-0.006763860583305359,0.004601942375302315,0.7520899772644043
30.0,1310399.0,-0.006985626183450222,0.006135923322290182,0.7848407626152039
30.0,1310402.0,-0.007158110849559307,0.006135923322290182,0.8292654752731323
30.0,1310406.0,-0.0073839835822582245,0.006135923322290182,0.8693221807479858
30.0,1310411.0,-0.007663244381546974,0.0076699042692780495,0.6402679085731506
30.0,1310414.0,-0.007823408581316471,0.0076699042692780495,0.680890679359436
30.0,1310418.0,-0.00803285464644432,0.0076699042692780495,0.7172566056251526
30.0,1310421.0,-0.008176591247320175,0.0076699042692780495,0.7385967373847961
30.0,1310424.0,-0.008390143513679504,0.0076699042692780495,0.7647643685340881
30.0,1310439.0,-0.008833675645291805,0.0076699042692780495,0.7907937169075012
30.0,1310443.0,-0.008956878446042538,0.0076699042692780495,0.7930411100387573
30.0,1310447.0,-0.009080082178115845,0.0076699042692780495,0.7973312735557556
30.0,1310450.0,-0.009170431643724442,0.0076699042692780495,0.7996435165405273
30.0,1310454.0,-0.00928542111068964,0.0076699042692780495,0.8005183339118958
30.0,1310458.0,-0.009396303445100784,0.0076699042692780495,0.8003266453742981
30.0,1310462.0,-0.009494866244494915,0.0076699042692780495,0.795864462852478
30.0,1310465.0,-0.009589322842657566,0.0076699042692780495,0.7877596020698547
30.0,1310470.0,-0.009675564244389534,0.0076699042692780495,0.7820161581039429
30.0,1310473.0,-0.009741272777318954,0.0076699042692780495,0.7742469310760498
30.0,1310477.0,-0.009848048910498619,0.0076699042692780495,0.7669582366943359
30.0,1310481.0,-0.00990965124219656,0.0076699042692780495,0.7606384754180908
30.0,1310484.0,-0.00997535977512598,0.0076699042692780495,0.7541032433509827
30.0,1310488.0,-0.010053387843072414,0.0076699042692780495,0.7449970245361328
30.0,1310491.0,-0.010127309709787369,0.0076699042692780495,0.7366055250167847
30.0,1310494.0,-0.010180697776377201,0.0076699042692780495,0.7285261154174805
30.0,1310498.0,-0.010229979641735554,0.0076699042692780495,0.7162651419639587
30.0,1310502.0,-0.010287473909556866,0.0076699042692780495,0.7044786810874939
30.0,1310505.0,-0.010336755774915218,0.0076699042692780495,0.6832560300827026
30.0,1310509.0,-0.010369610041379929,0.006135923322290182,0.9359546303749084
30.0,1310513.0,-0.010402464307844639,0.006135923322290182,0.9153352975845337
30.0,1310517.0,-0.010443531908094883,0.006135923322290182,0.8918134570121765
30.0,1310520.0,-0.010480492375791073,0.006135923322290182,0.8722323775291443
30.0,1310523.0,-0.010521560907363892,0.006135923322290182,0.8595934510231018
30.0,1310527.0,-0.010587269440293312,0.006135923322290182,0.8488374948501587
30.0,1310530.0,-0.010661191307008266,0.006135923322290182,0.8429766893386841
30.0,1310534.0,-0.010718685574829578,0.006135923322290182,0.8375518918037415
30.0,1310540.0,-0.010862423107028008,0.006135923322290182,0.8371270298957825
30.0,1310543.0,-0.010960985906422138,0.006135923322290182,0.8381334543228149
30.0,1310548.0,-0.011071868240833282,0.006135923322290182,0.8437050580978394
30.0,1310552.0,-0.011186858639121056,0.006135923322290182,0.8507055044174194
30.0,1310556.0,-0.011301848106086254,0.006135923322290182,0.8593205213546753
30.0,1310559.0,-0.011420944705605507,0.006135923322290182,0.8659220933914185
30.0,1310563.0,-0.01150718703866005,0.006135923322290182,0.8741064667701721
30.0,1310567.0,-0.011634496971964836,0.006135923322290182,0.8851040601730347
30.0,1310570.0,-0.011770020239055157,0.006135923322290182,0.8957868218421936
30.0,1310574.0,-0.011872690171003342,0.0076699042692780495,0.64436936378479
30.0,1310578.0,-0.012012320570647717,0.0076699042692780495,0.6604675054550171
30.0,1310582.0,-0.012139630503952503,0.0076699042692780495,0.6759639978408813
30.0,1310586.0,-0.012275153771042824,0.0076699042692780495,0.6862843632698059
30.0,1310590.0,-0.012344969436526299,0.0076699042692780495,0.6878334283828735
30.0,1310594.0,-0.012431211769580841,0.0076699042692780495,0.6883004307746887
30.0,1310598.0,-0.01251334697008133,0.0076699042692780495,0.6870635747909546
30.0,1310602.0,-0.012599589303135872,0.0076699042692780495,0.6874654293060303
30.0,1310606.0,-0.012689938768744469,0.0076699042692780495,0.6907402276992798
30.0,1310610.0,-0.012788500636816025,0.0076699042692780495,0.6945211291313171
30.0,1310613.0,-0.0128583163022995,0.0076699042692780495,0.69804847240448
30.0,1310618.0,-0.013010267168283463,0.0076699042692780495,0.7057533264160156
30.0,1310622.0,-0.013084189034998417,0.0076699042692780495,0.7106589674949646
30.0,1310626.0,-0.013174537569284439,0.00920388475060463,0.4447288513183594
30.0,1310639.0,-0.013342916034162045,0.0076699042692780495,0.6816461086273193
30.0,1310643.0,-0.013359342701733112,0.0076699042692780495,0.6583965420722961
30.0,1310647.0,-0.0133716631680727,0.0076699042692780495,0.6346268653869629
30.0,1310651.0,-0.013383983634412289,0.0076699042692780495,0.6170551180839539
30.0,1310654.0,-0.013388090766966343,0.0076699042692780495,0.5919569730758667
30.0,1310658.0,-0.013392196968197823,0.0076699042692780495,0.5678406953811646
30.0,1310662.0,-0.013392196968197823,0.0076699042692780495,0.5432196259498596
30.0,1310666.0,-0.013392196968197823,0.006135923322290182,0.7874171137809753
30.0,1310670.0,-0.013392196968197823,0.006135923322290182,0.7602756023406982
30.0,1310674.0,-0.013396304100751877,0.006135923322290182,0.7394965291023254
30.0,1310678.0,-0.01340451743453741,0.006135923322290182,0.7156977653503418
30.0,1310682.0,-0.013416837900876999,0.006135923322290182,0.6943512558937073
30.0,1310685.0,-0.013425051234662533,0.006135923322290182,0.6723765730857849
30.0,1310689.0,-0.013433264568448067,0.006135923322290182,0.6527559161186218
30.0,1310692.0,-0.013441478833556175,0.006135923322290182,0.6367068886756897
30.0,1310697.0,-0.01344969216734171,0.006135923322290182,0.6170290112495422
30.0,1310700.0,-0.013453798368573189,0.004601942375302315,0.8645258545875549
30.0,1310704.0,-0.013453798368573189,0.004601942375302315,0.8442080616950989
30.0,1310708.0,-0.013457905501127243,0.004601942375302315,0.8195415735244751
30.0,1310711.0,-0.013474333100020885,0.004601942375302315,0.8002915978431702
30.0,1310714.0,-0.013490759767591953,0.004601942375302315,0.7878583073616028
30.0,1310718.0,-0.01351540070027113,0.004601942375302315,0.7728842496871948
30.0,1310722.0,-0.013535934500396252,0.004601942375302315,0.7628148794174194
30.0,1310725.0,-0.013556468300521374,0.004601942375302315,0.7488844990730286
30.0,1310730.0,-0.013593428768217564,0.004601942375302315,0.7359829545021057
30.0,1310734.0,-0.013626283034682274,0.004601942375302315,0.7261759638786316
30.0,1310739.0,-0.013675564900040627,0.004601942375302315,0.7145305275917053
30.0,1310743.0,-0.013696098700165749,0.004601942375302315,0.7041959166526794
30.0,1310747.0,-0.013728952966630459,0.004601942375302315,0.6958016753196716
30.0,1310750.0,-0.01375359296798706,0.004601942375302315,0.6867810487747192
30.0,1310754.0,-0.013774127699434757,0.004601942375302315,0.6761736273765564
30.0,1310758.0,-0.01379466149955988,0.004601942375302315,0.667784571647644
30.0,1310762.0,-0.013806981965899467,0.004601942375302315,0.6535518765449524
30.0,1310765.0,-0.013815195299685001,0.004601942375302315,0.6398988366127014
30.0,1310769.0,-0.013823408633470535,0.004601942375302315,0.6238535046577454
30.0,1310772.0,-0.013823408633470535,0.004601942375302315,0.6111188530921936
30.0,1310776.0,-0.013823408633470535,0.004601942375302315,0.5962273478507996
30.0,1310780.0,-0.01382751576602459,0.004601942375302315,0.5843180418014526
30.0,1310784.0,-0.01382751576602459,0.004601942375302315,0.565250039100647
30.0,1310789.0,-0.01382751576602459,0.004601942375302315,0.5506708025932312
30.0,1310792.0,-0.01382751576602459,0.003067961661145091,0.801522433757782
30.0,1310795.0,-0.01382751576602459,0.003067961661145091,0.7870056629180908
30.0,1310801.0,-0.01383162196725607,0.003067961661145091,0.7652373909950256
30.0,1310804.0,-0.013839835301041603,0.003067961661145091,0.7503640651702881
30.0,1310808.0,-0.013848049566149712,0.003067961661145091,0.7360899448394775
30.0,1310812.0,-0.013852155767381191,0.003067961661145091,0.7224041819572449
30.0,1310816.0,-0.0138603700324893,0.003067961661145091,0.7117726802825928
30.0,1310820.0,-0.01386447623372078,0.003067961661145091,0.6976024508476257
30.0,1310824.0,-0.01386447623372078,0.003067961661145091,0.6824957728385925
30.0,1310828.0,-0.01386447623372078,0.003067961661145091,0.6679843068122864
30.0,1310840.0,-0.013868583366274834,0.003067961661145091,0.6260539889335632
30.0,1310845.0,-0.013868583366274834,0.003067961661145091,0.6137729287147522
30.0,1310849.0,-0.013868583366274834,0.003067961661145091,0.6019758582115173
30.0,1310852.0,-0.013868583366274834,0.003067961661145091,0.590643584728241
30.0,1310856.0,-0.013868583366274834,0.003067961661145091,0.5797578692436218
30.0,1310860.0,-0.013868583366274834,0.003067961661145091,0.5718759894371033
30.0,1310863.0,-0.013868583366274834,0.003067961661145091,0.5617297887802124
30.0,1310868.0,-0.013868583366274834,0.003067961661145091,0.5519834160804749
30.0,1310871.0,-0.013868583366274834,0.003067961661145091,0.5426210761070251
30.0,1310875.0,-0.013868583366274834,0.003067961661145091,0.5358421802520752
30.0,1310879.0,-0.013868583366274834,0.003067961661145091,0.5271158814430237
30.0,1310882.0,-0.013868583366274834,0.003067961661145091,0.5187333822250366
30.0,1310887.0,-0.013868583366274834,0.003067961661145091,0.5106812119483948
30.0,1310890.0,-0.013868583366274834,0.003067961661145091,0.5029463171958923
30.0,1310894.0,-0.013868583366274834,0.003067961661145091,0.49551621079444885
30.0,1310898.0,-0.013868583366274834,0.003067961661145091,0.4883788824081421
30.0,1310902.0,-0.013868583366274834,0.003067961661145091,0.48321107029914856
30.0,1310905.0,-0.013868583366274834,0.0015339808305725455,0.7444069981575012
30.0,1310910.0,-0.013868583366274834,0.0015339808305725455,0.7320924401283264
30.0,1310914.0,-0.013868583366274834,0.0015339808305725455,0.7202631831169128
30.0,1310918.0,-0.013868583366274834,0.0015339808305725455,0.7089000344276428
30.0,1310921.0,-0.013868583366274834,0.0015339808305725455,0.6979846358299255
30.0,1310925.0,-0.013868583366274834,0.0015339808305725455,0.6874992847442627
30.0,1310930.0,-0.013872689567506313,0.0015339808305725455,0.6764596700668335
30.0,1310934.0,-0.013872689567506313,0.0015339808305725455,0.6692004799842834
30.0,1310938.0,-0.013872689567506313,0.0015339808305725455,0.6598557829856873
30.0,1310942.0,-0.013872689567506313,0.0015339808305725455,0.6508793234825134
30.0,1310945.0,-0.013872689567506313,0.0015339808305725455,0.6422565579414368
30.0,1310949.0,-0.013872689567506313,0.0015339808305725455,0.6339735984802246
30.0,1310953.0,-0.013872689567506313,0.0015339808305725455,0.6279762387275696
30.0,1310957.0,-0.013872689567506313,0.0015339808305725455,0.6202559471130371
30.0,1310960.0,-0.013872689567506313,0.0015339808305725455,0.6128398776054382
30.0,1310964.0,-0.013872689567506313,0.0015339808305725455,0.6057159900665283
30.0,1310968.0,-0.013872689567506313,0.0015339808305725455,0.5988728404045105
30.0,1310972.0,-0.013872689567506313,0.0015339808305725455,0.5939180850982666
30.0,1310975.0,-0.013872689567506313,0.0015339808305725455,0.5859848856925964
30.0,1310980.0,-0.013872689567506313,0.003067961661145091,0.3135645091533661
30.0,1310983.0,-0.013872689567506313,0.003067961661145091,0.3136031925678253
30.0,1310987.0,-0.013872689567506313,0.003067961661145091,0.31364038586616516
30.0,1310991.0,-0.013872689567506313,0.003067961661145091,0.31366729736328125
30.0,1310994.0,-0.013872689567506313,0.003067961661145091,0.31370195746421814
30.0,1310998.0,-0.013872689567506313,0.003067961661145091,0.3137352466583252
30.0,1311002.0,-0.013872689567506313,0.003067961661145091,0.31375935673713684
30.0,1311005.0,-0.013872689567506313,0.003067961661145091,0.3137904107570648
30.0,1311009.0,-0.013872689567506313,0.003067961661145091,0.3138202130794525
30.0,1311013.0,-0.013872689567506313,0.003067961661145091,0.3138488531112671
30.0,1311017.0,-0.013872689567506313,0.003067961661145091,0.31387636065483093
30.0,1311020.0,-0.013872689567506313,0.003067961661145091,0.3138962686061859
30.0,1311024.0,-0.013872689567506313,0.003067961661145091,0.31392189860343933
30.0,1311028.0,-0.013872689567506313,0.003067961661145091,0.31394651532173157
30.0,1311042.0,-0.013872689567506313,0.003067961661145091,0.31402531266212463
30.0,1311047.0,-0.013872689567506313,0.003067961661145091,0.31404587626457214
30.0,1311050.0,-0.013872689567506313,0.003067961661145091,0.3140656054019928
30.0,1311054.0,-0.013872689567506313,0.003067961661145091,0.31408455967903137
30.0,1311059.0,-0.013872689567506313,0.003067961661145091,0.3141072392463684
30.0,1311062.0,-0.013872689567506313,0.003067961661145091,0.3141202926635742
30.0,1311067.0,-0.013872689567506313,0.003067961661145091,0.3141371011734009
30.0,1311071.0,-0.013872689567506313,0.003067961661145091,0.314153254032135
30.0,1311074.0,-0.013872689567506313,0.003067961661145091,0.3141687512397766
30.0,1311078.0,-0.013872689567506313,0.003067961661145091,0.31418728828430176
30.0,1311083.0,-0.013872689567506313,0.003067961661145091,0.3142014443874359
30.0,1311087.0,-0.013872689567506313,0.003067961661145091,0.3142150640487671
30.0,1311091.0,-0.013872689567506313,0.003067961661145091,0.3142281472682953
30.0,1311094.0,-0.013872689567506313,0.003067961661145091,0.3142375946044922
30.0,1311098.0,-0.013872689567506313,0.003067961661145091,0.31424978375434875
30.0,1311102.0,-0.013872689567506313,0.003067961661145091,0.3142586052417755
30.0,1311107.0,-0.013872689567506313,0.003067961661145091,0.31427547335624695
30.0,1311111.0,-0.013872689567506313,0.003067961661145091,0.314283549785614
30.0,1311114.0,-0.013872689567506313,0.003067961661145091,0.31429392099380493
30.0,1311118.0,-0.013868583366274834,0.003067961661145091,0.31282922625541687
30.0,1311122.0,-0.013868583366274834,0.004601942375302315,0.04504215344786644
30.0,1311127.0,-0.013868583366274834,0.004601942375302315,0.051025208085775375
30.0,1311130.0,-0.013868583366274834,0.004601942375302315,0.056772518903017044
30.0,1311134.0,-0.01386447623372078,0.004601942375302315,0.06083150580525398
30.0,1311138.0,-0.0138603700324893,0.004601942375302315,0.06337958574295044
30.0,1311142.0,-0.0138603700324893,0.004601942375302315,0.0686272606253624
30.0,1311145.0,-0.0138603700324893,0.004601942375302315,0.07216653972864151
30.0,1311149.0,-0.013856262899935246,0.004601942375302315,0.07706156373023987
30.0,1311153.0,-0.013856262899935246,0.004601942375302315,0.08060582727193832
30.0,1311157.0,-0.013856262899935246,0.004601942375302315,0.08516831696033478
30.0,1311160.0,-0.013856262899935246,0.004601942375302315,0.08955100923776627
30.0,1311164.0,-0.013856262899935246,0.004601942375302315,0.09376102685928345
30.0,1311168.0,-0.013856262899935246,0.004601942375302315,0.09780514985322952
30.0,1311172.0,-0.013856262899935246,0.004601942375302315,0.10073331743478775
30.0,1311175.0,-0.013856262899935246,0.004601942375302315,0.10450269281864166
30.0,1311179.0,-0.013856262899935246,0.004601942375302315,0.1081235483288765
30.0,1311183.0,-0.013856262899935246,0.004601942375302315,0.11074524372816086
30.0,1311187.0,-0.013856262899935246,0.004601942375302315,0.11412011086940765
30.0,1311190.0,-0.013856262899935246,0.004601942375302315,0.11736200004816055
30.0,1311194.0,-0.013856262899935246,0.004601942375302315,0.120476134121418
30.0,1311198.0,-0.013852155767381191,0.004601942375302315,0.12122932076454163
30.0,1311201.0,-0.013852155767381191,0.006135923322290182,-0.14067181944847107
30.0,1311205.0,-0.013852155767381191,0.006135923322290182,-0.13415545225143433
30.0,1311208.0,-0.013848049566149712,0.006135923322290182,-0.1272549033164978
30.0,1311212.0,-0.013839835301041603,0.006135923322290182,-0.12209487706422806
30.0,1311216.0,-0.01383162196725607,0.006135923322290182,-0.1171506717801094
30.0,1311220.0,-0.01382751576602459,0.006135923322290182,-0.112831711769104
30.0,1311223.0,-0.013823408633470535,0.006135923322290182,-0.10678384453058243
30.0,1311227.0,-0.013819301500916481,0.006135923322290182,-0.10098067671060562
30.0,1311231.0,-0.013815195299685001,0.006135923322290182,-0.09368550777435303
30.0,1311245.0,-0.013811088167130947,0.006135923322290182,-0.07415854185819626
30.0,1311249.0,-0.013811088167130947,0.006135923322290182,-0.06966599076986313
30.0,1311252.0,-0.013811088167130947,0.006135923322290182,-0.06388279795646667
30.0,1311256.0,-0.013811088167130947,0.0076699042692780495,-0.32617586851119995
30.0,1311260.0,-0.013811088167130947,0.0076699042692780495,-0.3149152398109436
30.0,1311264.0,-0.013806981965899467,0.0076699042692780495,-0.3082631826400757
30.0,1311268.0,-0.013798767700791359,0.0076699042692780495,-0.3006780445575714
30.0,1311271.0,-0.01378644723445177,0.0076699042692780495,-0.2963673770427704
30.0,1311275.0,-0.013770020566880703,0.0076699042692780495,-0.2932632565498352
30.0,1311279.0,-0.01375359296798706,0.0076699042692780495,-0.28929001092910767
30.0,1311282.0,-0.013737166300415993,0.0076699042692780495,-0.2869868576526642
30.0,1311286.0,-0.013720739632844925,0.0076699042692780495,-0.28181663155555725
30.0,1311290.0,-0.013708419166505337,0.0076699042692780495,-0.27837133407592773
30.0,1311295.0,-0.013691991567611694,0.0076699042692780495,-0.27361249923706055
30.0,1311299.0,-0.01368377823382616,0.0076699042692780495,-0.26758524775505066
30.0,1311302.0,-0.013679671101272106,0.0076699042692780495,-0.26030704379081726
30.0,1311306.0,-0.013675564900040627,0.00920388475060463,-0.5211699604988098
30.0,1311311.0,-0.013671457767486572,0.00920388475060463,-0.5085556507110596
30.0,1311315.0,-0.013663244433701038,0.00920388475060463,-0.4979328513145447
30.0,1311318.0,-0.013642710633575916,0.00920388475060463,-0.49217942357063293
30.0,1311322.0,-0.013622176833450794,0.00920388475060463,-0.48964792490005493
30.0,1311326.0,-0.013589322566986084,0.00920388475060463,-0.48873603343963623
30.0,1311330.0,-0.01355236116796732,0.00920388475060463,-0.4896112382411957
30.0,1311333.0,-0.01351540070027113,0.00920388475060463,-0.49029821157455444
30.0,1311337.0,-0.01348254643380642,0.00920388475060463,-0.4924774467945099
30.0,1311341.0,-0.013437371701002121,0.00920388475060463,-0.49633005261421204
30.0,1311344.0,-0.013388090766966343,0.00920388475060463,-0.5013565421104431
30.0,1311349.0,-0.01333470270037651,0.00920388475060463,-0.5077501535415649
30.0,1311352.0,-0.01327310036867857,0.00920388475060463,-0.5169385671615601
30.0,1311357.0,-0.013211498968303204,0.00920388475060463,-0.5284375548362732
30.0,1311360.0,-0.013158110901713371,0.00920388475060463,-0.5375030636787415
30.0,1311364.0,-0.013088295236229897,0.00920388475060463,-0.5463624596595764
30.0,1311368.0,-0.013018480502068996,0.00920388475060463,-0.5573633909225464
30.0,1311371.0,-0.012965092435479164,0.00920388475060463,-0.5680270195007324
30.0,1311375.0,-0.012903491035103798,0.00920388475060463,-0.5732167363166809
30.0,1311379.0,-0.012845995835959911,0.00920388475060463,-0.5789837837219238
30.0,1311382.0,-0.012796714901924133,0.00920388475060463,-0.5816500782966614
30.0,1311387.0,-0.012755646370351315,0.00920388475060463,-0.5813387036323547
30.0,1311390.0,-0.012722793035209179,0.00920388475060463,-0.5781266689300537
30.0,1311394.0,-0.012698152102530003,0.00920388475060463,-0.5736181139945984
30.0,1311398.0,-0.01267761830240488,0.00920388475060463,-0.5685244798660278
30.0,1311401.0,-0.012657084502279758,0.010737866163253784,-0.8293500542640686
30.0,1311405.0,-0.01264476403594017,0.010737866163253784,-0.8187196850776672
30.0,1311409.0,-0.012624230235815048,0.010737866163253784,-0.8065458536148071
30.0,1311412.0,-0.012595482170581818,0.010737866163253784,-0.8008101582527161
30.0,1311416.0,-0.012554414570331573,0.010737866163253784,-0.7983344197273254
30.0,1311420.0,-0.012484599836170673,0.010737866163253784,-0.8017323613166809
30.0,1311424.0,-0.012418891303241253,0.010737866163253784,-0.805537760257721
30.0,1311429.0,-0.012340862303972244,0.010737866163253784,-0.8149909973144531
30.0,1311432.0,-0.012271047569811344,0.010737866163253784,-0.8301063776016235
30.0,1311445.0,-0.011872690171003342,0.010737866163253784,-0.912658154964447
30.0,1311450.0,-0.011683777906000614,0.010737866163253784,-0.9546123743057251
30.0,1311454.0,-0.011515400372445583,0.00920388475060463,-0.7137694358825684
30.0,1311458.0,-0.011342915706336498,0.00920388475060463,-0.7577010989189148
30.0,1311461.0,-0.011158110573887825,0.00920388475060463,-0.804582417011261
30.0,1311465.0,-0.011022587306797504,0.00920388475060463,-0.8484298586845398
30.0,1311469.0,-0.010841889306902885,0.00920388475060463,-0.8803635239601135
30.0,1311472.0,-0.01067351084202528,0.0076699042692780495,-0.6509226560592651
30.0,1311477.0,-0.010496919974684715,0.0076699042692780495,-0.6954630613327026
30.0,1311480.0,-0.010369610041379929,0.0076699042692780495,-0.7355477809906006
30.0,1311484.0,-0.010201231576502323,0.0076699042692780495,-0.765118420124054
30.0,1311488.0,-0.010036961175501347,0.0076699042692780495,-0.8014581799507141
30.0,1311491.0,-0.009868582710623741,0.0076699042692780495,-0.8380845785140991
30.0,1311495.0,-0.009745379909873009,0.006135923322290182,-0.594308614730835
30.0,1311498.0,-0.009581108577549458,0.006135923322290182,-0.6334607601165771
30.0,1311502.0,-0.009453798644244671,0.006135923322290182,-0.6634659171104431
30.0,1311506.0,-0.00928952731192112,0.006135923322290182,-0.7093796730041504
30.0,1311510.0,-0.009129363112151623,0.006135923322290182,-0.7345584034919739
30.0,1311513.0,-0.009014373645186424,0.006135923322290182,-0.7646939754486084
30.0,1311517.0,-0.008866529911756516,0.006135923322290182,-0.7924050092697144
30.0,1311520.0,-0.008722792379558086,0.006135923322290182,-0.8111194968223572
30.0,1311524.0,-0.008611910045146942,0.006135923322290182,-0.8373982310295105
30.0,1311528.0,-0.008455852046608925,0.006135923322290182,-0.597956657409668
30.0,1311532.0,-0.008291580714285374,0.004601942375302315,-0.6254106760025024
30.0,1311535.0,-0.008119096048176289,0.004601942375302315,-0.6639128923416138
30.0,1311539.0,-0.007954825647175312,0.004601942375302315,-0.6982303857803345
30.0,1311543.0,-0.007839836180210114,0.004601942375302315,-0.7269879579544067
30.0,1311548.0,-0.007626283448189497,0.004601942375302315,-0.7568966746330261
30.0,1311552.0,-0.007523613981902599,0.004601942375302315,-0.7779423594474792
30.0,1311556.0,-0.007392196916043758,0.004601942375302315,-0.7968952059745789
30.0,1311560.0,-0.007264886982738972,0.004601942375302315,-0.8138185143470764
30.0,1311565.0,-0.007104722782969475,0.004601942375302315,-0.8346933126449585
30.0,1311569.0,-0.006977412849664688,0.004601942375302315,-0.8491007685661316
30.0,1311573.0,-0.006854209583252668,0.004601942375302315,-0.8604033589363098
30.0,1311577.0,-0.006735112983733416,0.004601942375302315,-0.8726626038551331
30.0,1311580.0,-0.006603695917874575,0.004601942375302315,-0.8890628814697266
30.0,1311584.0,-0.006501026917248964,0.004601942375302315,-0.9079983234405518
30.0,1311588.0,-0.006353182718157768,0.004601942375302315,-0.9308567643165588
30.0,1311592.0,-0.006188911851495504,0.004601942375302315,-0.9508969783782959
30.0,1311595.0,-0.00606160145252943,0.004601942375302315,-0.9799089431762695
30.0,1311599.0,-0.005885010119527578,0.004601942375302315,-1.0095218420028687
30.0,1311603.0,-0.005704312119632959,0.004601942375302315,-1.0322458744049072
30.0,1311607.0,-0.005515400320291519,0.003067961661145091,-0.7968734502792358
30.0,1311610.0,-0.005310061387717724,0.003067961661145091,-0.8613489270210266
30.0,1311616.0,-0.0050595481880009174,0.003067961661145091,-0.8996543884277344
30.0,1311620.0,-0.00486652972176671,0.003067961661145091,-0.9260905385017395
30.0,1311623.0,-0.004661190789192915,0.003067961661145091,-0.9653531312942505
30.0,1311629.0,-0.0043901437893509865,0.0015339808305725455,-0.7515527606010437
30.0,1311632.0,-0.004221765790134668,0.0015339808305725455,-0.801220715045929
30.0,1311636.0,-0.004000000189989805,0.0015339808305725455,-0.8477962017059326
30.0,1311649.0,-0.0032689939253032207,0.0,-0.7293527126312256
30.0,1311653.0,-0.003051334759220481,0.0,-0.7634195685386658
30.0,1311657.0,-0.0028418891597539186,0.0,-0.804153561592102
30.0,1311660.0,-0.0026858316268771887,0.0,-0.8420948386192322
30.0,1311664.0,-0.002484599594026804,0.0,-0.8690299391746521
30.0,1311668.0,-0.0022833675611764193,-0.0015339808305725455,-0.6371525526046753
30.0,1311671.0,-0.0020862421952188015,-0.0015339808305725455,-0.6749395132064819
30.0,1311675.0,-0.0019055441953241825,-0.0015339808305725455,-0.7056455016136169
30.0,1311680.0,-0.0017248459625989199,-0.0015339808305725455,-0.7354238033294678
30.0,1311683.0,-0.0015564681962132454,-0.0015339808305725455,-0.7598463296890259
30.0,1311688.0,-0.0014004106633365154,-0.0015339808305725455,-0.7791311144828796
30.0,1311691.0,-0.0012854209635406733,-0.0015339808305725455,-0.7979130744934082
30.0,1311695.0,-0.0011375769972801208,-0.0015339808305725455,-0.8117735981941223
30.0,1311699.0,-0.0009856262477114797,-0.0015339808305725455,-0.8245598673820496
30.0,1311702.0,-0.0008665297646075487,-0.0015339808305725455,-0.84219890832901
30.0,1311706.0,-0.0007104722899384797,-0.0015339808305725455,-0.8593733906745911
30.0,1311710.0,-0.0005503080319613218,-0.0015339808305725455,-0.8790910243988037
30.0,1311714.0,-0.00038603696157224476,-0.0015339808305725455,-0.8935365080833435
30.0,1311718.0,-0.00021765913697890937,-0.0015339808305725455,-0.9138582348823547
30.0,1311721.0,-4.106776032131165e-05,-0.0015339808305725455,-0.9366051554679871
30.0,1311726.0,0.00019301848078612238,-0.003067961661145091,-0.7026060819625854
30.0,1311730.0,0.0003367556491866708,-0.003067961661145091,-0.7341126799583435
30.0,1311734.0,0.0005215605488047004,-0.003067961661145091,-0.7616698741912842
30.0,1311740.0,0.0007720739231444895,-0.003067961661145091,-0.794192910194397
30.0,1311744.0,0.0009363449644297361,-0.003067961661145091,-0.809225857257843
30.0,1311748.0,0.0010965092806145549,-0.003067961661145091,-0.8273405432701111
30.0,1311752.0,0.0012648870470002294,-0.003067961661145091,-0.8479549288749695
30.0,1311755.0,0.0013963038800284266,-0.003067961661145091,-0.8694812655448914
30.0,1311759.0,0.0015687885461375117,-0.003067961661145091,-0.8919169306755066
30.0,1311763.0,0.0017453798791393638,-0.003067961661145091,-0.9079791307449341
30.0,1311767.0,0.0019301847787573934,-0.004601942375302315,-0.6644931435585022
30.0,1311770.0,0.0021190964616835117,-0.004601942375302315,-0.6955830454826355
30.0,1311774.0,0.0022587268613278866,-0.004601942375302315,-0.7242416143417358
30.0,1311778.0,0.0024353181943297386,-0.004601942375302315,-0.7476345300674438
30.0,1311782.0,0.0026078028604388237,-0.004601942375302315,-0.765493631362915
30.0,1311785.0,0.0027310061268508434,-0.004601942375302315,-0.7862738370895386
30.0,1311789.0,0.0029034907929599285,-0.004601942375302315,-0.8064848184585571
30.0,1311792.0,0.0030759754590690136,-0.004601942375302315,-0.8231468200683594
30.0,1311798.0,0.003285421058535576,-0.004601942375302315,-0.8510745167732239
30.0,1311802.0,0.0034537988249212503,-0.006135923322290182,-0.5960062742233276
30.0,1311805.0,0.003581108758226037,-0.006135923322290182,-0.6201421022415161
30.0,1311809.0,0.003749486757442355,-0.006135923322290182,-0.6435632109642029
30.0,1311813.0,0.0039055440574884415,-0.006135923322290182,-0.6566036939620972
30.0,1311817.0,0.004041067790240049,-0.006135923322290182,-0.6671781539916992
30.0,1311820.0,0.004160164389759302,-0.006135923322290182,-0.6716213226318359
30.0,1311824.0,0.0042340862564742565,-0.006135923322290182,-0.6686871647834778
30.0,1311828.0,0.004324435256421566,-0.006135923322290182,-0.6615713238716125
30.0,1311832.0,0.00439835712313652,-0.004601942375302315,-0.9187518954277039
30.0,1311835.0,0.004451745189726353,-0.004601942375302315,-0.9006913304328918
30.0,1311839.0,0.004525667522102594,-0.004601942375302315,-0.8864541053771973
30.0,1311852.0,0.004870636388659477,-0.004601942375302315,-0.8812260031700134
30.0,1311855.0,0.004973305854946375,-0.004601942375302315,-0.8890573978424072
30.0,1311859.0,0.005121150054037571,-0.004601942375302315,-0.9027926921844482
30.0,1311862.0,0.005240246187895536,-0.004601942375302315,-0.9132509827613831
30.0,1311867.0,0.005437371786683798,-0.004601942375302315,-0.9293994307518005
30.0,1311872.0,0.005650924053043127,-0.004601942375302315,-0.9538551568984985
30.0,1311875.0,0.005786447785794735,-0.006135923322290182,-0.7070512771606445
30.0,1311879.0,0.005967145785689354,-0.006135923322290182,-0.7364166378974915
30.0,1311884.0,0.006188911851495504,-0.006135923322290182,-0.7619500160217285
30.0,1311889.0,0.006398357450962067,-0.006135923322290182,-0.7887982726097107
30.0,1311892.0,0.006517453584820032,-0.006135923322290182,-0.806970477104187
30.0,1311896.0,0.0067227925173938274,-0.006135923322290182,-0.8261516094207764
30.0,1311901.0,0.0068952771835029125,-0.0076699042692780495,-0.5784162282943726
30.0,1311906.0,0.007100616116076708,-0.0076699042692780495,-0.614265501499176
30.0,1311910.0,0.007293634582310915,-0.0076699042692780495,-0.6328557729721069
30.0,1311914.0,0.007396304048597813,-0.0076699042692780495,-0.6450376510620117
30.0,1311918.0,0.007527720648795366,-0.0076699042692780495,-0.6528860330581665
30.0,1311922.0,0.007655030582100153,-0.0076699042692780495,-0.6616809964179993
30.0,1311927.0,0.007794660981744528,-0.0076699042692780495,-0.6665118336677551
30.0,1311931.0,0.007897330448031425,-0.0076699042692780495,-0.6648672819137573
30.0,1311934.0,0.0079671461135149,-0.0076699042692780495,-0.6622896194458008
30.0,1311938.0,0.008078028447926044,-0.0076699042692780495,-0.6566227674484253
30.0,1311942.0,0.008139630779623985,-0.0076699042692780495,-0.6498394012451172
30.0,1311947.0,0.008238192647695541,-0.0076699042692780495,-0.6419495344161987
30.0,1311950.0,0.008320328779518604,-0.0076699042692780495,-0.6359943151473999
30.0,1311954.0,0.00838193017989397,-0.0076699042692780495,-0.6304014921188354
30.0,1311958.0,0.008464065380394459,-0.0076699042692780495,-0.6251571774482727
30.0,1311961.0,0.008546201512217522,-0.0076699042692780495,-0.6214448809623718
30.0,1311965.0,0.008603695780038834,-0.0076699042692780495,-0.6138147711753845
30.0,1311969.0,0.008673511445522308,-0.006135923322290182,-0.8729610443115234
30.0,1311972.0,0.008743326179683208,-0.006135923322290182,-0.8626303672790527
30.0,1311976.0,0.008792608045041561,-0.006135923322290182,-0.8489732146263123
30.0,1311980.0,0.00887474324554205,-0.006135923322290182,-0.84248948097229
30.0,1311983.0,0.008952772244811058,-0.006135923322290182,-0.8327543139457703
30.0,1311988.0,0.00904312077909708,-0.006135923322290182,-0.8279889822006226
30.0,1311991.0,0.0091088293120265,-0.006135923322290182,-0.8220775127410889
30.0,1311994.0,0.009199178777635098,-0.006135923322290182,-0.8197412490844727
30.0,1311998.0,0.009297741577029228,-0.006135923322290182,-0.818836510181427
30.0,1312002.0,0.009375769644975662,-0.006135923322290182,-0.8195827007293701
30.0,1312006.0,0.009478439576923847,-0.006135923322290182,-0.8206024765968323
30.0,1312009.0,0.009585215710103512,-0.0076699042692780495,-0.5567044615745544
30.0,1312013.0,0.009659137576818466,-0.0076699042692780495,-0.5606353282928467
30.0,1312017.0,0.009741272777318954,-0.0076699042692780495,-0.560245156288147
30.0,1312020.0,0.009802875109016895,-0.0076699042692780495,-0.5524280071258545
30.0,1312024.0,0.009839835576713085,-0.006135923322290182,-0.8069102764129639
30.0,1312028.0,0.009872689843177795,-0.006135923322290182,-0.7823178172111511
30.0,1312032.0,0.009897330775856972,-0.006135923322290182,-0.7641706466674805
30.0,1312035.0,0.009917864575982094,-0.006135923322290182,-0.7295752763748169
30.0,1312041.0,0.009963039308786392,-0.006135923322290182,-0.7081708908081055
30.0,1312044.0,0.009991786442697048,-0.006135923322290182,-0.6938338279724121
30.0,1312049.0,0.010016427375376225,-0.006135923322290182,-0.6724730134010315
30.0,1312053.0,0.01004517450928688,-0.006135923322290182,-0.6477131843566895
30.0,1312057.0,0.010065708309412003,-0.004601942375302315,-0.8946062326431274
30.0,1312061.0,0.010086242109537125,-0.004601942375302315,-0.875352680683136
30.0,1312064.0,0.010110883042216301,-0.004601942375302315,-0.8545665144920349
30.0,1312068.0,0.010164271108806133,-0.004601942375302315,-0.8391152024269104
30.0,1312072.0,0.010205338709056377,-0.004601942375302315,-0.8305766582489014
30.0,1312076.0,0.010271047241985798,-0.004601942375302315,-0.8234082460403442
30.0,1312081.0,0.010394250974059105,-0.004601942375302315,-0.8226721286773682
30.0,1312085.0,0.010464065708220005,-0.004601942375302315,-0.8251839280128479
30.0,1312089.0,0.010558521375060081,-0.004601942375302315,-0.8307012319564819
30.0,1312092.0,0.010665297508239746,-0.004601942375302315,-0.8377735614776611
30.0,1312096.0,0.010743326507508755,-0.006135923322290182,-0.5797085762023926
30.0,1312108.0,0.011006159707903862,-0.006135923322290182,-0.597152590751648
30.0,1312112.0,0.011063654907047749,-0.006135923322290182,-0.5915611982345581
30.0,1312117.0,0.011129363439977169,-0.006135923322290182,-0.5801988244056702
30.0,1312121.0,0.011166324838995934,-0.006135923322290182,-0.5695029497146606
30.0,1312124.0,0.011190964840352535,-0.006135923322290182,-0.5606949925422668
30.0,1312129.0,0.011215605773031712,-0.006135923322290182,-0.5464257001876831
30.0,1312133.0,0.01123203244060278,-0.004601942375302315,-0.7991741299629211
30.0,1312137.0,0.011240246705710888,-0.004601942375302315,-0.7742758989334106
30.0,1312140.0,0.011256673373281956,-0.004601942375302315,-0.753347635269165
30.0,1312144.0,0.011273100972175598,-0.004601942375302315,-0.7347577810287476
30.0,1312148.0,0.0112977409735322,-0.004601942375302315,-0.7198960185050964
30.0,1312152.0,0.01132648903876543,-0.004601942375302315,-0.7087742686271667
30.0,1312155.0,0.011347022838890553,-0.004601942375302315,-0.6949996948242188
30.0,1312159.0,0.011371662840247154,-0.004601942375302315,-0.6803512573242188
30.0,1312163.0,0.01139630377292633,-0.004601942375302315,-0.6690294146537781
30.0,1312167.0,0.011412731371819973,-0.004601942375302315,-0.6484644412994385
30.0,1312170.0,0.01142915803939104,-0.004601942375302315,-0.6366318464279175
30.0,1312174.0,0.011433265171945095,-0.004601942375302315,-0.6184723973274231
30.0,1312178.0,0.011441478505730629,-0.004601942375302315,-0.5995399951934814
30.0,1312182.0,0.011445585638284683,-0.004601942375302315,-0.586199939250946
30.0,1312185.0,0.011445585638284683,-0.004601942375302315,-0.5670770406723022
30.0,1312189.0,0.011445585638284683,-0.003067961661145091,-0.813564121723175
30.0,1312192.0,0.011445585638284683,-0.003067961661145091,-0.7958871722221375
30.0,1312197.0,0.011457905173301697,-0.003067961661145091,-0.7775829434394836
30.0,1312200.0,0.011466119438409805,-0.003067961661145091,-0.7600194811820984
30.0,1312204.0,0.011482546105980873,-0.003067961661145091,-0.7446423172950745
30.0,1312208.0,0.011498973704874516,-0.003067961661145091,-0.7335252165794373
30.0,1312212.0,0.011519507504999638,-0.003067961661145091,-0.7206984758377075
30.0,1312215.0,0.011527720838785172,-0.003067961661145091,-0.7054593563079834
30.0,1312219.0,0.01154004130512476,-0.003067961661145091,-0.6908397078514099
30.0,1312223.0,0.011552361771464348,-0.003067961661145091,-0.6799003481864929
30.0,1312228.0,0.011556467972695827,-0.003067961661145091,-0.6561040282249451
30.0,1312232.0,0.011560575105249882,-0.003067961661145091,-0.6390362977981567
30.0,1312236.0,0.011564681306481361,-0.003067961661145091,-0.6241156458854675
30.0,1312241.0,0.011564681306481361,-0.003067961661145091,-0.6044628024101257
30.0,1312246.0,0.011564681306481361,-0.0015339808305725455,-0.8491560220718384
30.0,1312250.0,0.011568788439035416,-0.0015339808305725455,-0.8320943117141724
30.0,1312254.0,0.011581108905375004,-0.0015339808305725455,-0.8204695582389832
30.0,1312258.0,0.011597535572946072,-0.0015339808305725455,-0.8075132369995117
30.0,1312262.0,0.011618069373071194,-0.0015339808305725455,-0.7965680956840515
30.0,1312265.0,0.011634496971964836,-0.0015339808305725455,-0.7875747680664062
30.0,1312269.0,0.011663244105875492,-0.0015339808305725455,-0.7789739966392517
30.0,1312273.0,0.011691992171108723,-0.0015339808305725455,-0.7750042676925659
30.0,1312277.0,0.011720739305019379,-0.0015339808305725455,-0.7684770822525024
30.0,1312280.0,0.011749486438930035,-0.0015339808305725455,-0.7622388005256653
30.0,1312284.0,0.011774127371609211,-0.0015339808305725455,-0.7577661871910095
30.0,1312288.0,0.011806981638073921,-0.0015339808305725455,-0.7550227642059326
30.0,1312293.0,0.0118562625721097,-0.0015339808305725455,-0.7529333233833313
30.0,1312297.0,0.011901437304913998,-0.0015339808305725455,-0.7529500722885132
30.0,1312301.0,0.01195482537150383,-0.003067961661145091,-0.49215197563171387
30.0,1312313.0,0.01212320290505886,-0.003067961661145091,-0.5187152028083801
30.0,1312318.0,0.012172484770417213,-0.003067961661145091,-0.5229859352111816
30.0,1312322.0,0.01220123190432787,-0.003067961661145091,-0.5224694609642029
30.0,1312325.0,0.012229979038238525,-0.003067961661145091,-0.5220315456390381
30.0,1312329.0,0.012242299504578114,-0.003067961661145091,-0.5172179937362671
30.0,1312333.0,0.012258727103471756,-0.003067961661145091,-0.5137495398521423
30.0,1312337.0,0.01226694043725729,-0.003067961661145091,-0.5038028955459595
30.0,1312341.0,0.012271047569811344,-0.003067961661145091,-0.4977807402610779
30.0,1312344.0,0.012271047569811344,-0.003067961661145091,-0.48806053400039673
30.0,1312348.0,0.012271047569811344,-0.003067961661145091,-0.47872334718704224
30.0,1312351.0,0.012271047569811344,-0.003067961661145091,-0.47196269035339355
30.0,1312355.0,0.012275153771042824,-0.003067961661145091,-0.46473443508148193
30.0,1312359.0,0.012275153771042824,-0.003067961661145091,-0.4563227593898773
30.0,1312362.0,0.012275153771042824,-0.003067961661145091,-0.45023223757743835
30.0,1312366.0,0.012275153771042824,-0.003067961661145091,-0.4423920214176178
30.0,1312370.0,0.012275153771042824,-0.003067961661145091,-0.4348607361316681
30.0,1312373.0,0.012275153771042824,-0.0015339808305725455,-0.6972560286521912
30.0,1312378.0,0.012275153771042824,-0.0015339808305725455,-0.6843121647834778
30.0,1312382.0,0.012283367104828358,-0.0015339808305725455,-0.674854576587677
30.0,1312385.0,0.012287474237382412,-0.0015339808305725455,-0.6657828688621521
30.0,1312389.0,0.012299794703722,-0.0015339808305725455,-0.6585562229156494
30.0,1312393.0,0.012316221371293068,-0.0015339808305725455,-0.6544471383094788
30.0,1312397.0,0.01233264897018671,-0.0015339808305725455,-0.64918053150177
30.0,1312400.0,0.012349075637757778,-0.0015339808305725455,-0.6441468596458435
30.0,1312404.0,0.012361396104097366,-0.0015339808305725455,-0.639337420463562
30.0,1312408.0,0.012377823702991009,-0.0015339808305725455,-0.635871946811676
30.0,1312412.0,0.012390144169330597,-0.0015339808305725455,-0.6299452781677246
30.0,1312415.0,0.01239835750311613,-0.0015339808305725455,-0.624271035194397
30.0,1312419.0,0.012410677969455719,-0.0015339808305725455,-0.6173518896102905
30.0,1312423.0,0.012414784170687199,-0.0015339808305725455,-0.6116027235984802
30.0,1312428.0,0.012418891303241253,-0.0015339808305725455,-0.6006528735160828
30.0,1312432.0,0.012422997504472733,-0.0015339808305725455,-0.593939483165741
30.0,1312435.0,0.012422997504472733,-0.0015339808305725455,-0.5852974653244019
30.0,1312439.0,0.012422997504472733,-0.0015339808305725455,-0.5784976482391357
30.0,1312444.0,0.012427104637026787,-0.0015339808305725455,-0.5685136914253235
30.0,1312448.0,0.012427104637026787,-0.0015339808305725455,-0.5608799457550049
30.0,1312452.0,0.012427104637026787,-0.0015339808305725455,-0.5553527474403381
30.0,1312455.0,0.012427104637026787,-0.0015339808305725455,-0.5482376217842102
30.0,1312459.0,0.012427104637026787,-0.0015339808305725455,-0.5414028763771057
30.0,1312463.0,0.012427104637026787,-0.0015339808305725455,-0.5348374247550964
30.0,1312467.0,0.012427104637026787,-0.0015339808305725455,-0.5300837159156799
30.0,1312470.0,0.012427104637026787,-0.0015339808305725455,-0.5239642858505249
30.0,1312474.0,0.012427104637026787,-0.0015339808305725455,-0.5195334553718567
30.0,1312478.0,0.012427104637026787,-0.0015339808305725455,-0.51382976770401
30.0,1312481.0,0.012427104637026787,-0.0015339808305725455,-0.5083508491516113
30.0,1312485.0,0.012427104637026787,-0.0015339808305725455,-0.5030878186225891
30.0,1312489.0,0.012427104637026787,-0.0015339808305725455,-0.49679964780807495
30.0,1312494.0,0.012427104637026787,-0.0015339808305725455,-0.4919917583465576
30.0,1312498.0,0.012427104637026787,-0.0015339808305725455,-0.48737332224845886
30.0,1312502.0,0.012427104637026787,-0.0015339808305725455,-0.4840293228626251
30.0,1312514.0,0.012427104637026787,-0.0015339808305725455,-0.4716174304485321
30.0,1312518.0,0.012427104637026787,-0.0015339808305725455,-0.4668716490268707
30.0,1312522.0,0.012427104637026787,-0.0015339808305725455,-0.4632430374622345
30.0,1312526.0,0.012427104637026787,-0.0015339808305725455,-0.45975741744041443
30.0,1312530.0,0.012427104637026787,-0.0015339808305725455,-0.45640912652015686
30.0,1312533.0,0.012427104637026787,-0.0015339808305725455,-0.453984797000885
30.0,1312537.0,0.012427104637026787,-0.003067961661145091,-0.18451908230781555
30.0,1312541.0,0.012427104637026787,-0.003067961661145091,-0.18738619983196259
30.0,1312544.0,0.012427104637026787,-0.003067961661145091,-0.18946215510368347
30.0,1312549.0,0.012427104637026787,-0.003067961661145091,-0.19213449954986572
30.0,1312552.0,0.012427104637026787,-0.003067961661145091,-0.19470156729221344
30.0,1312557.0,0.012427104637026787,-0.003067961661145091,-0.19716745615005493
30.0,1312560.0,0.012427104637026787,-0.003067961661145091,-0.19953618943691254
30.0,1312564.0,0.012427104637026787,-0.003067961661145091,-0.20125128328800201
30.0,1312568.0,0.012427104637026787,-0.003067961661145091,-0.20345909893512726
30.0,1312572.0,0.012427104637026787,-0.003067961661145091,-0.20557992160320282
30.0,1312575.0,0.012427104637026787,-0.003067961661145091,-0.2076171636581421
30.0,1312579.0,0.012427104637026787,-0.003067961661145091,-0.2095741182565689
30.0,1312583.0,0.012427104637026787,-0.003067961661145091,-0.21099106967449188
30.0,1312587.0,0.012427104637026787,-0.003067961661145091,-0.21281510591506958
30.0,1312590.0,0.012427104637026787,-0.003067961661145091,-0.21456724405288696
30.0,1312594.0,0.012427104637026787,-0.003067961661145091,-0.21625036001205444
30.0,1312598.0,0.012427104637026787,-0.003067961661145091,-0.2174690216779709
30.0,1312602.0,0.012427104637026787,-0.003067961661145091,-0.21903778612613678
30.0,1312605.0,0.012427104637026787,-0.003067961661145091,-0.2205447405576706
30.0,1312609.0,0.012427104637026787,-0.003067961661145091,-0.22199231386184692
30.0,1312613.0,0.012427104637026787,-0.003067961661145091,-0.22304043173789978
30.0,1312618.0,0.012427104637026787,-0.003067961661145091,-0.2247185856103897
30.0,1312622.0,0.012427104637026787,-0.003067961661145091,-0.22600169479846954
30.0,1312625.0,0.012427104637026787,-0.003067961661145091,-0.22723422944545746
30.0,1312630.0,0.012427104637026787,-0.003067961661145091,-0.22841821610927582
30.0,1312634.0,0.012427104637026787,-0.003067961661145091,-0.22983279824256897
30.0,1312638.0,0.012427104637026787,-0.003067961661145091,-0.2309143841266632
30.0,1312642.0,0.012427104637026787,-0.003067961661145091,-0.23195335268974304
30.0,1312646.0,0.012427104637026787,-0.003067961661145091,-0.23295138776302338
30.0,1312651.0,0.012427104637026787,-0.003067961661145091,-0.23414379358291626
30.0,1312655.0,0.012427104637026787,-0.003067961661145091,-0.23483100533485413
30.0,1312659.0,0.012427104637026787,-0.003067961661145091,-0.23571564257144928
30.0,1312662.0,0.012427104637026787,-0.004601942375302315,0.02829105406999588
30.0,1312666.0,0.012427104637026787,-0.004601942375302315,0.021668436005711555
30.0,1312670.0,0.012422997504472733,-0.004601942375302315,0.01676865480840206
30.0,1312674.0,0.012422997504472733,-0.004601942375302315,0.012123873457312584
30.0,1312678.0,0.012418891303241253,-0.004601942375302315,0.00760624511167407
30.0,1312682.0,0.012418891303241253,-0.004601942375302315,0.0018115233397111297
30.0,1312685.0,0.012418891303241253,-0.004601942375302315,-0.002253249054774642
30.0,1312689.0,0.012414784170687199,-0.004601942375302315,-0.007653061766177416
30.0,1312693.0,0.012414784170687199,-0.004601942375302315,-0.011562827974557877
30.0,1312696.0,0.012414784170687199,-0.004601942375302315,-0.016595805063843727
30.0,1312700.0,0.012414784170687199,-0.004601942375302315,-0.02143046446144581
30.0,1312704.0,0.012414784170687199,-0.004601942375302315,-0.026074623689055443
30.0,1312717.0,0.012414784170687199,-0.004601942375302315,-0.03994118049740791
30.0,1312722.0,0.012414784170687199,-0.004601942375302315,-0.04481029137969017
30.0,1312726.0,0.012414784170687199,-0.004601942375302315,-0.04853318631649017
30.0,1312730.0,0.012414784170687199,-0.004601942375302315,-0.05210938677191734
30.0,1312735.0,0.012414784170687199,-0.006135923322290182,0.20847438275814056
30.0,1312740.0,0.012410677969455719,-0.006135923322290182,0.1986507922410965
30.0,1312744.0,0.012406570836901665,-0.006135923322290182,0.19359660148620605
30.0,1312749.0,0.01239835750311613,-0.006135923322290182,0.18393491208553314
30.0,1312753.0,0.012394250370562077,-0.006135923322290182,0.17931906878948212
30.0,1312757.0,0.012390144169330597,-0.006135923322290182,0.17288823425769806
30.0,1312760.0,0.012390144169330597,-0.006135923322290182,0.16525569558143616
30.0,1312764.0,0.012386037036776543,-0.006135923322290182,0.1593857705593109
30.0,1312768.0,0.012386037036776543,-0.006135923322290182,0.1522916704416275
30.0,1312772.0,0.012386037036776543,-0.006135923322290182,0.14547713100910187
30.0,1312776.0,0.012386037036776543,-0.006135923322290182,0.13893111050128937
30.0,1312780.0,0.012386037036776543,-0.006135923322290182,0.13419142365455627
30.0,1312783.0,0.012386037036776543,-0.006135923322290182,0.12809009850025177
30.0,1312788.0,0.012386037036776543,-0.0076699042692780495,0.3856569230556488
30.0,1312792.0,0.012381929904222488,-0.0076699042692780495,0.37858083844184875
30.0,1312795.0,0.012377823702991009,-0.0076699042692780495,0.368973970413208
30.0,1312799.0,0.01236550323665142,-0.0076699042692780495,0.36268892884254456
30.0,1312803.0,0.012353182770311832,-0.0076699042692780495,0.3592820167541504
30.0,1312807.0,0.012340862303972244,-0.0076699042692780495,0.35343071818351746
30.0,1312812.0,0.012324435636401176,-0.0076699042692780495,0.34684354066848755
30.0,1312815.0,0.012320328503847122,-0.0076699042692780495,0.34006574749946594
30.0,1312819.0,0.012312115170061588,-0.0076699042692780495,0.3320658802986145
30.0,1312823.0,0.012308008037507534,-0.0076699042692780495,0.3266417980194092
30.0,1312827.0,0.012303901836276054,-0.0076699042692780495,0.31697994470596313
30.0,1312831.0,0.012303901836276054,-0.0076699042692780495,0.30993592739105225
30.0,1312834.0,0.012299794703722,-0.00920388475060463,0.5715569853782654
30.0,1312838.0,0.012299794703722,-0.00920388475060463,0.5576165318489075
30.0,1312842.0,0.012295687571167946,-0.00920388475060463,0.5490111112594604
30.0,1312845.0,0.012279260903596878,-0.00920388475060463,0.5418914556503296
30.0,1312849.0,0.012254619970917702,-0.00920388475060463,0.5380414724349976
30.0,1312853.0,0.01223408617079258,-0.00920388475060463,0.535856306552887
30.0,1312857.0,0.012205339036881924,-0.00920388475060463,0.5339232683181763
30.0,1312860.0,0.012172484770417213,-0.00920388475060463,0.533465564250946
30.0,1312864.0,0.012147843837738037,-0.00920388475060463,0.5331680178642273
30.0,1312868.0,0.01212320290505886,-0.00920388475060463,0.529866635799408
30.0,1312871.0,0.012094455771148205,-0.00920388475060463,0.528195321559906
30.0,1312875.0,0.012078029103577137,-0.00920388475060463,0.5251734852790833
30.0,1312879.0,0.01205338817089796,-0.010737866163253784,0.7871789932250977
30.0,1312883.0,0.012036960572004318,-0.010737866163253784,0.7785163521766663
30.0,1312887.0,0.012012320570647717,-0.010737866163253784,0.7703635096549988
30.0,1312890.0,0.011971252970397472,-0.010737866163253784,0.7684702277183533
30.0,1312894.0,0.011930184438824654,-0.010737866163253784,0.7726684808731079
30.0,1312898.0,0.011864476837217808,-0.010737866163253784,0.7780027985572815
30.0,1312901.0,0.0117864478379488,-0.010737866163253784,0.7894063591957092
30.0,1312905.0,0.011720739305019379,-0.010737866163253784,0.8049337863922119
30.0,1312909.0,0.011618069373071194,-0.010737866163253784,0.8199697136878967
30.0,1312921.0,0.011207392439246178,-0.00920388475060463,0.66058349609375
30.0,1312927.0,0.01098562590777874,-0.00920388475060463,0.7059550881385803
30.0,1312931.0,0.010800821706652641,-0.00920388475060463,0.7509414553642273
30.0,1312938.0,0.010579055175185204,-0.0076699042692780495,0.536168098449707
30.0,1312942.0,0.010431211441755295,-0.0076699042692780495,0.5750135183334351
30.0,1312945.0,0.010332648642361164,-0.0076699042692780495,0.6051183342933655
30.0,1312949.0,0.010213552042841911,-0.0076699042692780495,0.6297842264175415
30.0,1312954.0,0.010086242109537125,-0.0076699042692780495,0.649233341217041
30.0,1312958.0,0.009991786442697048,-0.0076699042692780495,0.6651394367218018
30.0,1312961.0,0.009917864575982094,-0.0076699042692780495,0.6820412278175354
30.0,1312964.0,0.009819301776587963,-0.0076699042692780495,0.6943802833557129
30.0,1312969.0,0.009720738977193832,-0.0076699042692780495,0.7103990316390991
30.0,1312972.0,0.009638603776693344,-0.0076699042692780495,0.7288902401924133
30.0,1312976.0,0.00953182764351368,-0.0076699042692780495,0.7483075857162476
30.0,1312980.0,0.009416838176548481,-0.0076699042692780495,0.7636020183563232
30.0,1312983.0,0.009301847778260708,-0.0076699042692780495,0.7834211587905884
30.0,1312987.0,0.009215605445206165,-0.0076699042692780495,0.802665114402771
30.0,1312991.0,0.009104723110795021,-0.0076699042692780495,0.8152421116828918
30.0,1312994.0,0.009018480777740479,-0.0076699042692780495,0.8335402607917786
30.0,1312998.0,0.008899384178221226,-0.0076699042692780495,0.8600918054580688
30.0,1313003.0,0.008735112845897675,-0.0076699042692780495,0.8829718828201294
30.0,1313007.0,0.008603695780038834,-0.0076699042692780495,0.9066566824913025
30.0,1313011.0,0.008464065380394459,-0.006135923322290182,0.6647502779960632
30.0,1313016.0,0.008262833580374718,-0.006135923322290182,0.6992719769477844
30.0,1313020.0,0.008176591247320175,-0.006135923322290182,0.7188234925270081
30.0,1313024.0,0.008065707981586456,-0.006135923322290182,0.7315968871116638
30.0,1313028.0,0.007958931848406792,-0.006135923322290182,0.7472062110900879
30.0,1313032.0,0.007852155715227127,-0.006135923322290182,0.762393593788147
30.0,1313035.0,0.007774127181619406,-0.006135923322290182,0.7756475210189819
30.0,1313039.0,0.007671457715332508,-0.006135923322290182,0.7900279760360718
30.0,1313043.0,0.0075646815821528435,-0.006135923322290182,0.7997926473617554
30.0,1313047.0,0.007462012115865946,-0.006135923322290182,0.8120087385177612
30.0,1313050.0,0.007363449782133102,-0.0076699042692780495,1.0872983932495117
30.0,1313054.0,0.007289527915418148,-0.0076699042692780495,1.0931695699691772
30.0,1313058.0,0.007174537982791662,-0.0076699042692780495,1.1008861064910889
30.0,1313061.0,0.007039014250040054,-0.0076699042692780495,1.118369221687317
30.0,1313065.0,0.0069199176505208015,-0.0076699042692780495,1.1442639827728271
30.0,1313069.0,0.0067433263175189495,-0.006135923322290182,0.9119198322296143
30.0,1313072.0,0.006558521650731564,-0.006135923322290182,0.9414976835250854
30.0,1313077.0,0.006377823185175657,-0.006135923322290182,0.9778698682785034
30.0,1313080.0,0.00623819325119257,-0.006135923322290182,1.0332205295562744
30.0,1313086.0,0.005946611985564232,-0.006135923322290182,1.074110746383667
30.0,1313090.0,0.0057412730529904366,-0.004601942375302315,0.8363990187644958
30.0,1313093.0,0.005519506987184286,-0.004601942375302315,0.8883867263793945
30.0,1313097.0,0.005289527587592602,-0.004601942375302315,0.9416219592094421
30.0,1313101.0,0.005117042921483517,-0.004601942375302315,0.993131697177887
30.0,1313105.0,0.004882956854999065,-0.004601942375302315,1.0321553945541382
30.0,1313109.0,0.004652977455407381,-0.003067961661145091,0.8158627152442932
30.0,1313112.0,0.004476386122405529,-0.003067961661145091,0.8701662421226501
30.0,1313116.0,0.00424229959025979,-0.003067961661145091,0.92418372631073
30.0,1313130.0,0.0033921971917152405,-0.0015339808305725455,0.8364796042442322
30.0,1313134.0,0.003166324459016323,-0.0015339808305725455,0.8843324780464172
30.0,1313138.0,0.00295277195982635,0.0,0.6568606495857239
30.0,1313142.0,0.0027433265931904316,0.0,0.7133474349975586
30.0,1313147.0,0.002501026727259159,0.0,0.7491644024848938
30.0,1313150.0,0.002369609894230962,0.0,0.7794402241706848
30.0,1313153.0,0.0022012321278452873,0.0,0.7981997132301331
30.0,1313158.0,0.0020492812618613243,0.0,0.818122148513794
30.0,1313161.0,0.0019342915620654821,0.0,0.8389849066734314
30.0,1313164.0,0.001782340812496841,0.0,0.8520187735557556
30.0,1313169.0,0.0016344969626516104,0.0,0.8689993619918823
30.0,1313172.0,0.001527720713056624,0.0,0.8840798139572144
30.0,1313176.0,0.0013839835301041603,0.0,0.8987641334533691
30.0,1313180.0,0.0012361396802589297,0.0,0.9106651544570923
30.0,1313183.0,0.001092402497306466,0.0,0.9247257709503174
30.0,1313187.0,0.0009856262477114797,0.0,0.9369421005249023
30.0,1313191.0,0.000841889122966677,0.0,0.9481730461120605
30.0,1313194.0,0.0006899383733980358,0.0,0.9643341898918152
30.0,1313198.0,0.0005297741154208779,0.0,0.9830456972122192
30.0,1313202.0,0.00039835728239268064,0.0,1.0086842775344849
30.0,1313206.0,0.00020944558491464704,0.0,1.0350693464279175
30.0,1313210.0,1.642710412852466e-05,0.0,1.0577069520950317
30.0,1313213.0,-0.0001889116974780336,0.0015339808305725455,0.8252506852149963
30.0,1313217.0,-0.0003449691866990179,0.0015339808305725455,0.8639759421348572
30.0,1313221.0,-0.0005503080319613218,0.0015339808305725455,0.8903687596321106
30.0,1313224.0,-0.0007515400648117065,0.0015339808305725455,0.9241027235984802
30.0,1313229.0,-0.0009527720976620913,0.0015339808305725455,0.9568085670471191
30.0,1313232.0,-0.0011047228472307324,0.0015339808305725455,0.9900411367416382
30.0,1313236.0,-0.001310061546973884,0.0015339808305725455,0.7514292001724243
30.0,1313245.0,-0.0017864475958049297,0.003067961661145091,0.8388023376464844
30.0,1313251.0,-0.0020780288614332676,0.003067961661145091,0.88446044921875
30.0,1313257.0,-0.002406570827588439,0.003067961661145091,0.9237761497497559
30.0,1313261.0,-0.002595482626929879,0.003067961661145091,0.9500364065170288
30.0,1313265.0,-0.002739219693467021,0.004601942375302315,0.7021301984786987
30.0,1313269.0,-0.002928131492808461,0.004601942375302315,0.7329868674278259
30.0,1313272.0,-0.0030636549927294254,0.004601942375302315,0.7584711909294128
30.0,1313276.0,-0.0032320327591151,0.004601942375302315,0.7787888646125793
30.0,1313280.0,-0.00338809029199183,0.004601942375302315,0.7921772599220276
30.0,1313284.0,-0.003540041157975793,0.004601942375302315,0.807184636592865
30.0,1313288.0,-0.0036796715576201677,0.004601942375302315,0.8173732757568359
30.0,1313291.0,-0.003815195057541132,0.004601942375302315,0.8258901834487915
30.0,1313295.0,-0.003909650724381208,0.004601942375302315,0.8295935392379761
30.0,1313299.0,-0.004036961123347282,0.004601942375302315,0.8350381255149841
30.0,1313302.0,-0.004127310123294592,0.004601942375302315,0.8389919996261597
30.0,1313306.0,-0.004250513389706612,0.004601942375302315,0.8415073156356812
30.0,1313310.0,-0.004369609989225864,0.004601942375302315,0.8438047766685486
30.0,1313313.0,-0.004480492789298296,0.004601942375302315,0.8434677720069885
30.0,1313317.0,-0.004620123188942671,0.004601942375302315,0.8437013626098633
30.0,1313322.0,-0.0047227926552295685,0.003067961661145091,1.105666160583496
30.0,1313327.0,-0.004829568788409233,0.003067961661145091,1.0987308025360107
30.0,1313339.0,-0.00526899378746748,0.003067961661145091,1.1291464567184448
30.0,1313344.0,-0.005515400320291519,0.004601942375302315,0.8962965607643127
30.0,1313349.0,-0.005786447785794735,0.004601942375302315,0.9343233704566956
30.0,1313352.0,-0.006000000052154064,0.004601942375302315,0.9696899056434631
30.0,1313356.0,-0.006168378051370382,0.004601942375302315,1.006946086883545
30.0,1313360.0,-0.0063860369846224785,0.004601942375302315,1.0334150791168213
30.0,1313363.0,-0.006550307851284742,0.006135923322290182,0.802444338798523
30.0,1313367.0,-0.006829568650573492,0.006135923322290182,0.842635452747345
30.0,1313371.0,-0.00699794664978981,0.006135923322290182,0.8726984262466431
30.0,1313374.0,-0.007170431315898895,0.006135923322290182,0.9121788144111633
30.0,1313378.0,-0.007396304048597813,0.0076699042692780495,0.6742798089981079
30.0,1313382.0,-0.00762217678129673,0.0076699042692780495,0.7175837159156799
30.0,1313385.0,-0.007782340981066227,0.0076699042692780495,0.753594160079956
30.0,1313390.0,-0.0080369608476758,0.0076699042692780495,0.7870246767997742
30.0,1313393.0,-0.008221765980124474,0.0076699042692780495,0.8120574355125427
30.0,1313398.0,-0.008390143513679504,0.0076699042692780495,0.830479085445404
30.0,1313401.0,-0.008509240113198757,0.00920388475060463,0.5791171193122864
30.0,1313405.0,-0.008644764311611652,0.00920388475060463,0.5867345333099365
30.0,1313409.0,-0.00876385997980833,0.00920388475060463,0.5932826399803162
30.0,1313412.0,-0.008866529911756516,0.00920388475060463,0.5918402075767517
30.0,1313416.0,-0.008932238444685936,0.0076699042692780495,0.8535370826721191
30.0,1313420.0,-0.00900616031140089,0.0076699042692780495,0.8388651013374329
30.0,1313423.0,-0.009080082178115845,0.0076699042692780495,0.8264800310134888
30.0,1313428.0,-0.009149896912276745,0.0076699042692780495,0.8101291656494141
30.0,1313432.0,-0.009232033044099808,0.0076699042692780495,0.7989701628684998
30.0,1313435.0,-0.009310062043368816,0.0076699042692780495,0.7869041562080383
30.0,1313439.0,-0.00938398391008377,0.0076699042692780495,0.7739601731300354
30.0,1313443.0,-0.009441478177905083,0.0076699042692780495,0.7616151571273804
30.0,1313447.0,-0.009503080509603024,0.0076699042692780495,0.7454338073730469
30.0,1313450.0,-0.00956468190997839,0.0076699042692780495,0.7334006428718567
30.0,1313454.0,-0.009605749510228634,0.006135923322290182,0.9680663347244263
30.0,1313460.0,-0.009687884710729122,0.006135923322290182,0.9530820250511169
30.0,1313463.0,-0.009741272777318954,0.006135923322290182,0.937321662902832
30.0,1313467.0,-0.009815194644033909,0.006135923322290182,0.9252545833587646
30.0,1313471.0,-0.009905544109642506,0.006135923322290182,0.920671284198761
30.0,1313475.0,-0.010004106909036636,0.006135923322290182,0.9168921113014221
30.0,1313478.0,-0.010082135908305645,0.006135923322290182,0.9163787961006165
30.0,1313482.0,-0.01019301824271679,0.006135923322290182,0.9160521030426025
30.0,1313486.0,-0.010299794375896454,0.006135923322290182,0.9173802733421326
30.0,1313490.0,-0.010410677641630173,0.006135923322290182,0.9181019067764282
30.0,1313493.0,-0.010525667108595371,0.006135923322290182,0.9211384654045105
30.0,1313497.0,-0.010611909441649914,0.006135923322290182,0.9242350459098816
30.0,1313500.0,-0.0107392193749547,0.006135923322290182,0.9310594201087952
30.0,1313504.0,-0.010837782174348831,0.006135923322290182,0.9415261745452881
30.0,1313508.0,-0.01098562590777874,0.006135923322290182,0.9562164545059204
30.0,1313512.0,-0.011141683906316757,0.0076699042692780495,0.7086780667304993
30.0,1313516.0,-0.011305955238640308,0.0076699042692780495,0.7328188419342041
30.0,1313520.0,-0.011490759439766407,0.0076699042692780495,0.7518336772918701
30.0,1313524.0,-0.011601642705500126,0.0076699042692780495,0.7688287496566772
30.0,1313528.0,-0.011737165972590446,0.0076699042692780495,0.7824153304100037
30.0,1313540.0,-0.01212320290505886,0.00920388475060463,0.5476795434951782
30.0,1313544.0,-0.012238193303346634,0.00920388475060463,0.5560219883918762
30.0,1313548.0,-0.01233264897018671,0.00920388475060463,0.5594907402992249
30.0,1313552.0,-0.012410677969455719,0.00920388475060463,0.5570575594902039
30.0,1313555.0,-0.012455851770937443,0.00920388475060463,0.5489157438278198
30.0,1313561.0,-0.012537987902760506,0.00920388475060463,0.80173659324646
30.0,1313565.0,-0.012583162635564804,0.0076699042692780495,0.787132740020752
30.0,1313569.0,-0.012628336437046528,0.0076699042692780495,0.7663426995277405
30.0,1313572.0,-0.012694044969975948,0.0076699042692780495,0.7588670253753662
30.0,1313576.0,-0.01274743303656578,0.0076699042692780495,0.7508220076560974
30.0,1313580.0,-0.01282546203583479,0.0076699042692780495,0.7491423487663269
30.0,1313584.0,-0.012915811501443386,0.0076699042692780495,0.7483851909637451
30.0,1313588.0,-0.013006160035729408,0.0076699042692780495,0.7484869360923767
30.0,1313591.0,-0.013080081902444363,0.0076699042692780495,0.7517023086547852
30.0,1313595.0,-0.01317043136805296,0.0076699042692780495,0.7511553168296814
30.0,1313599.0,-0.013252566568553448,0.0076699042692780495,0.7485955953598022
30.0,1313602.0,-0.013330595567822456,0.00920388475060463,0.47990724444389343
30.0,1313607.0,-0.013396304100751877,0.00920388475060463,0.4777033030986786
30.0,1313610.0,-0.013429158367216587,0.00920388475060463,0.46830087900161743
30.0,1313614.0,-0.013462012633681297,0.0076699042692780495,0.7230393290519714
30.0,1313618.0,-0.013474333100020885,0.0076699042692780495,0.696836531162262
30.0,1313621.0,-0.013490759767591953,0.0076699042692780495,0.6731867790222168
30.0,1313625.0,-0.013503080233931541,0.0076699042692780495,0.6504945755004883
30.0,1313629.0,-0.01351950690150261,0.0076699042692780495,0.6272474527359009
30.0,1313633.0,-0.013531827367842197,0.0076699042692780495,0.6064106225967407
30.0,1313637.0,-0.013540040701627731,0.0076699042692780495,0.5883638262748718
30.0,1313640.0,-0.013544147834181786,0.0076699042692780495,0.5646398663520813
30.0,1313644.0,-0.01354825496673584,0.0076699042692780495,0.5478304028511047
30.0,1313649.0,-0.01354825496673584,0.006135923322290182,0.7762232422828674
30.0,1313653.0,-0.013556468300521374,0.006135923322290182,0.7566424608230591
30.0,1313657.0,-0.013572894968092442,0.006135923322290182,0.7353944778442383
30.0,1313662.0,-0.013593428768217564,0.006135923322290182,0.7100439667701721
30.0,1313665.0,-0.013609856367111206,0.006135923322290182,0.6921520233154297
30.0,1313670.0,-0.013634497299790382,0.006135923322290182,0.6749967336654663
30.0,1313673.0,-0.013659137301146984,0.006135923322290182,0.6600507497787476
30.0,1313677.0,-0.013675564900040627,0.006135923322290182,0.6427693963050842
30.0,1313681.0,-0.01368377823382616,0.006135923322290182,0.6247327327728271
30.0,1313685.0,-0.013696098700165749,0.006135923322290182,0.6112988591194153
30.0,1313689.0,-0.013700204901397228,0.006135923322290182,0.5863692164421082
30.0,1313694.0,-0.013704312033951283,0.004601942375302315,0.8324604034423828
30.0,1313698.0,-0.013708419166505337,0.004601942375302315,0.8086612820625305
30.0,1313701.0,-0.013724845834076405,0.004601942375302315,0.7902307510375977
30.0,1313705.0,-0.013737166300415993,0.004601942375302315,0.7725524306297302
30.0,1313710.0,-0.013770020566880703,0.004601942375302315,0.7544296979904175
30.0,1313714.0,-0.013782341033220291,0.004601942375302315,0.7382322549819946
30.0,1313718.0,-0.013798767700791359,0.004601942375302315,0.7265214920043945
30.0,1313722.0,-0.013815195299685001,0.004601942375302315,0.7114689946174622
30.0,1313725.0,-0.013823408633470535,0.004601942375302315,0.6955601572990417
30.0,1313729.0,-0.013835729099810123,0.004601942375302315,0.6788089871406555
30.0,1313742.0,-0.013848049566149712,0.004601942375302315,0.6238468289375305
30.0,1313747.0,-0.013848049566149712,0.004601942375302315,0.6028814315795898
30.0,1313750.0,-0.013848049566149712,0.004601942375302315,0.5907986164093018
30.0,1313754.0,-0.013848049566149712,0.004601942375302315,0.5752446055412292
30.0,1313758.0,-0.013848049566149712,0.004601942375302315,0.5639826655387878
30.0,1313762.0,-0.013848049566149712,0.003067961661145091,0.8143418431282043
30.0,1313766.0,-0.013848049566149712,0.003067961661145091,0.7913004159927368
30.0,1313770.0,-0.013856262899935246,0.003067961661145091,0.778617799282074
30.0,1313773.0,-0.01386447623372078,0.003067961661145091,0.7632821798324585
30.0,1313777.0,-0.013868583366274834,0.003067961661145091,0.7470623850822449
30.0,1313781.0,-0.013872689567506313,0.003067961661145091,0.7329763174057007
30.0,1313785.0,-0.013876796700060368,0.003067961661145091,0.7205533385276794
30.0,1313789.0,-0.013880903832614422,0.003067961661145091,0.7060631513595581
30.0,1313792.0,-0.013880903832614422,0.003067961661145091,0.6906486749649048
30.0,1313797.0,-0.013880903832614422,0.003067961661145091,0.6758416295051575
30.0,1313800.0,-0.013880903832614422,0.003067961661145091,0.6616179347038269
30.0,1313804.0,-0.013880903832614422,0.003067961661145091,0.6479547619819641
30.0,1313808.0,-0.013880903832614422,0.003067961661145091,0.6380619406700134
30.0,1313811.0,-0.013880903832614422,0.003067961661145091,0.625326931476593
30.0,1313815.0,-0.013880903832614422,0.003067961661145091,0.6161061525344849
30.0,1313819.0,-0.013880903832614422,0.003067961661145091,0.6042363047599792
30.0,1313824.0,-0.013880903832614422,0.003067961661145091,0.5900545716285706
30.0,1313828.0,-0.013880903832614422,0.003067961661145091,0.5792112946510315
30.0,1313832.0,-0.013880903832614422,0.003067961661145091,0.5687952637672424
30.0,1313835.0,-0.013880903832614422,0.003067961661145091,0.5587896704673767
30.0,1313840.0,-0.013880903832614422,0.003067961661145091,0.5468353033065796
30.0,1313844.0,-0.013880903832614422,0.003067961661145091,0.5399457812309265
30.0,1313848.0,-0.013880903832614422,0.003067961661145091,0.531076967716217
30.0,1313852.0,-0.013880903832614422,0.003067961661145091,0.5225576162338257
30.0,1313855.0,-0.013880903832614422,0.003067961661145091,0.5143740177154541
30.0,1313859.0,-0.013880903832614422,0.003067961661145091,0.5065128207206726
30.0,1313862.0,-0.013880903832614422,0.003067961661145091,0.5008209347724915
30.0,1313866.0,-0.013880903832614422,0.003067961661145091,0.49349379539489746
30.0,1313870.0,-0.013880903832614422,0.003067961661145091,0.48645541071891785
30.0,1313874.0,-0.013880903832614422,0.003067961661145091,0.48135921359062195
30.0,1313878.0,-0.013880903832614422,0.003067961661145091,0.47479894757270813
30.0,1313881.0,-0.013880903832614422,0.003067961661145091,0.4684971868991852
30.0,1313886.0,-0.013880903832614422,0.003067961661145091,0.4624437689781189
30.0,1313889.0,-0.013880903832614422,0.003067961661145091,0.45662885904312134
30.0,1313892.0,-0.013880903832614422,0.003067961661145091,0.4524185359477997
30.0,1313896.0,-0.013880903832614422,0.003067961661145091,0.4469986855983734
30.0,1313900.0,-0.013880903832614422,0.003067961661145091,0.44307437539100647
30.0,1313903.0,-0.013880903832614422,0.003067961661145091,0.4380227029323578
30.0,1313907.0,-0.013880903832614422,0.003067961661145091,0.4331700801849365
30.0,1313910.0,-0.013880903832614422,0.003067961661145091,0.4296565353870392
30.0,1313914.0,-0.013880903832614422,0.003067961661145091,0.4251335561275482
30.0,1313918.0,-0.013880903832614422,0.003067961661145091,0.42185869812965393
30.0,1313922.0,-0.013880903832614422,0.003067961661145091,0.4176430106163025
30.0,1313925.0,-0.013880903832614422,0.003067961661145091,0.4135934114456177
30.0,1313929.0,-0.013880903832614422,0.003067961661145091,0.40970340371131897
30.0,1313942.0,-0.013880903832614422,0.003067961661145091,0.39808860421180725
30.0,1313947.0,-0.013880903832614422,0.003067961661145091,0.3948095440864563
30.0,1313952.0,-0.013880903832614422,0.003067961661145091,0.3901316225528717
30.0,1313956.0,-0.013880903832614422,0.003067961661145091,0.3871661126613617
30.0,1313960.0,-0.013880903832614422,0.003067961661145091,0.38431742787361145
30.0,1313964.0,-0.013880903832614422,0.003067961661145091,0.38091394305229187
30.0,1313970.0,-0.013880903832614422,0.003067961661145091,0.3783116340637207
30.0,1313973.0,-0.013880903832614422,0.003067961661145091,0.3758118748664856
30.0,1313978.0,-0.013880903832614422,0.003067961661145091,0.3734106123447418
30.0,1313981.0,-0.013880903832614422,0.003067961661145091,0.371103972196579
30.0,1313985.0,-0.013880903832614422,0.003067961661145091,0.36943382024765015
30.0,1313988.0,-0.013880903832614422,0.003067961661145091,0.3672838807106018
30.0,1313992.0,-0.013880903832614422,0.003067961661145091,0.3652186393737793
30.0,1313995.0,-0.013880903832614422,0.003067961661145091,0.3632347881793976
30.0,1314000.0,-0.013880903832614422,0.003067961661145091,0.36179837584495544
30.0,1314004.0,-0.013880903832614422,0.003067961661145091,0.3599493205547333
30.0,1314007.0,-0.013880903832614422,0.003067961661145091,0.35817310214042664
30.0,1314011.0,-0.013880903832614422,0.003067961661145091,0.35605090856552124
30.0,1314016.0,-0.013880903832614422,0.003067961661145091,0.35442832112312317
30.0,1314020.0,-0.013880903832614422,0.003067961661145091,0.3528696596622467
30.0,1314024.0,-0.013880903832614422,0.003067961661145091,0.35174107551574707
30.0,1314029.0,-0.013880903832614422,0.003067961661145091,0.34958353638648987
30.0,1314033.0,-0.013880903832614422,0.003067961661145091,0.34855255484580994
30.0,1314037.0,-0.013880903832614422,0.003067961661145091,0.3472254276275635
30.0,1314040.0,-0.013880903832614422,0.003067961661145091,0.34595057368278503
30.0,1314044.0,-0.013880903832614422,0.003067961661145091,0.34472596645355225
30.0,1314048.0,-0.013880903832614422,0.003067961661145091,0.34383928775787354
30.0,1314051.0,-0.013880903832614422,0.003067961661145091,0.3426978588104248
30.0,1314055.0,-0.013880903832614422,0.003067961661145091,0.3418714106082916
30.0,1314059.0,-0.013880903832614422,0.003067961661145091,0.34080755710601807
30.0,1314062.0,-0.013880903832614422,0.004601942375302315,0.07344069331884384
30.0,1314066.0,-0.013880903832614422,0.004601942375302315,0.07832397520542145
30.0,1314070.0,-0.013876796700060368,0.004601942375302315,0.080358125269413
30.0,1314073.0,-0.013872689567506313,0.004601942375302315,0.08346079289913177
30.0,1314078.0,-0.013872689567506313,0.004601942375302315,0.08793642371892929
30.0,1314083.0,-0.013872689567506313,0.004601942375302315,0.09432137757539749
30.0,1314087.0,-0.013868583366274834,0.004601942375302315,0.09690753370523453
30.0,1314091.0,-0.013868583366274834,0.004601942375302315,0.10084689408540726
30.0,1314095.0,-0.013868583366274834,0.004601942375302315,0.1036991998553276
30.0,1314099.0,-0.013868583366274834,0.004601942375302315,0.10826604813337326
30.0,1314103.0,-0.013868583366274834,0.004601942375302315,0.11089800298213959
30.0,1314107.0,-0.013868583366274834,0.004601942375302315,0.11428608745336533
30.0,1314111.0,-0.013868583366274834,0.004601942375302315,0.11754067242145538
30.0,1314114.0,-0.013868583366274834,0.004601942375302315,0.12066700309515
30.0,1314118.0,-0.013868583366274834,0.004601942375302315,0.12367014586925507
30.0,1314122.0,-0.013868583366274834,0.004601942375302315,0.1265549659729004
30.0,1314126.0,-0.013868583366274834,0.004601942375302315,0.12932609021663666
30.0,1314130.0,-0.013868583366274834,0.004601942375302315,0.1319880336523056
30.0,1314134.0,-0.01386447623372078,0.004601942375302315,0.1324138045310974
30.0,1314138.0,-0.01386447623372078,0.004601942375302315,0.13494767248630524
30.0,1314142.0,-0.01386447623372078,0.006135923322290182,-0.1313919872045517
30.0,1314157.0,-0.013852155767381191,0.006135923322290182,-0.10814802348613739
30.0,1314161.0,-0.013843942433595657,0.006135923322290182,-0.10193902999162674
30.0,1314165.0,-0.013839835301041603,0.006135923322290182,-0.0977960005402565
30.0,1314169.0,-0.013835729099810123,0.006135923322290182,-0.0925724133849144
30.0,1314172.0,-0.01383162196725607,0.006135923322290182,-0.08733640611171722
30.0,1314176.0,-0.01383162196725607,0.006135923322290182,-0.08082487434148788
30.0,1314180.0,-0.01383162196725607,0.006135923322290182,-0.07456992566585541
30.0,1314184.0,-0.01383162196725607,0.006135923322290182,-0.0700410008430481
30.0,1314188.0,-0.01383162196725607,0.006135923322290182,-0.06421098113059998
30.0,1314192.0,-0.01383162196725607,0.006135923322290182,-0.05861067771911621
30.0,1314195.0,-0.01383162196725607,0.006135923322290182,-0.05323105677962303
30.0,1314199.0,-0.01383162196725607,0.0076699042692780495,-0.3144083321094513
30.0,1314204.0,-0.01382751576602459,0.0076699042692780495,-0.30242735147476196
30.0,1314208.0,-0.013823408633470535,0.0076699042692780495,-0.29505348205566406
30.0,1314212.0,-0.013811088167130947,0.0076699042692780495,-0.2894441783428192
30.0,1314216.0,-0.01379466149955988,0.0076699042692780495,-0.28556370735168457
30.0,1314220.0,-0.013778233900666237,0.0076699042692780495,-0.28186142444610596
30.0,1314224.0,-0.013757700100541115,0.0076699042692780495,-0.28068608045578003
30.0,1314228.0,-0.013741273432970047,0.0076699042692780495,-0.2772272825241089
30.0,1314231.0,-0.013733059167861938,0.0076699042692780495,-0.2724425494670868
30.0,1314235.0,-0.01371663250029087,0.0076699042692780495,-0.2701118290424347
30.0,1314239.0,-0.013708419166505337,0.0076699042692780495,-0.26418405771255493
30.0,1314242.0,-0.013700204901397228,0.0076699042692780495,-0.25847652554512024
30.0,1314247.0,-0.013696098700165749,0.0076699042692780495,-0.24946552515029907
30.0,1314250.0,-0.013691991567611694,0.00920388475060463,-0.5112245082855225
30.0,1314254.0,-0.013691991567611694,0.00920388475060463,-0.4989895224571228
30.0,1314258.0,-0.013675564900040627,0.00920388475060463,-0.49346843361854553
30.0,1314262.0,-0.013655031099915504,0.00920388475060463,-0.48788508772850037
30.0,1314265.0,-0.013634497299790382,0.00920388475060463,-0.4855039119720459
30.0,1314269.0,-0.013597535900771618,0.00920388475060463,-0.4862107038497925
30.0,1314273.0,-0.013564681634306908,0.00920388475060463,-0.48564961552619934
30.0,1314277.0,-0.013523614034056664,0.00920388475060463,-0.48792195320129395
30.0,1314280.0,-0.013490759767591953,0.00920388475060463,-0.49016886949539185
30.0,1314283.0,-0.013445585034787655,0.00920388475060463,-0.4940803647041321
30.0,1314288.0,-0.013400410301983356,0.00920388475060463,-0.4977211356163025
30.0,1314291.0,-0.013363449834287167,0.00920388475060463,-0.5027505159378052
30.0,1314295.0,-0.013310061767697334,0.00920388475060463,-0.507917582988739
30.0,1314299.0,-0.013252566568553448,0.00920388475060463,-0.5156362652778625
30.0,1314302.0,-0.013186858035624027,0.00920388475060463,-0.5261168479919434
30.0,1314306.0,-0.013133469969034195,0.00920388475060463,-0.5377485156059265
30.0,1314310.0,-0.013063655234873295,0.00920388475060463,-0.5466293096542358
30.0,1314313.0,-0.01298973336815834,0.00920388475060463,-0.5591466426849365
30.0,1314318.0,-0.01292402483522892,0.00920388475060463,-0.568323016166687
30.0,1314321.0,-0.012862423434853554,0.00920388475060463,-0.5757521390914917
30.0,1314325.0,-0.012821354903280735,0.00920388475060463,-0.5800215005874634
30.0,1314330.0,-0.012763860635459423,0.00920388475060463,-0.581929087638855
30.0,1314334.0,-0.012726899236440659,0.00920388475060463,-0.5795108079910278
30.0,1314338.0,-0.012694044969975948,0.00920388475060463,-0.5764162540435791
30.0,1314341.0,-0.012665297836065292,0.00920388475060463,-0.5720330476760864
30.0,1314347.0,-0.012636550702154636,0.010737866163253784,-0.8241003155708313
30.0,1314359.0,-0.01251334697008133,0.010737866163253784,-0.8146024346351624
30.0,1314363.0,-0.012447638437151909,0.010737866163253784,-0.8180186748504639
30.0,1314367.0,-0.012373716570436954,0.010737866163253784,-0.8254601955413818
30.0,1314370.0,-0.012283367104828358,0.010737866163253784,-0.8386370539665222
30.0,1314374.0,-0.01220123190432787,0.010737866163253784,-0.858823299407959
30.0,1314378.0,-0.012082135304808617,0.010737866163253784,-0.8828519582748413
30.0,1314382.0,-0.011942504905164242,0.010737866163253784,-0.9055883884429932
30.0,1314386.0,-0.011794661171734333,0.010737866163253784,-0.94620680809021
30.0,1314390.0,-0.011630389839410782,0.00920388475060463,-0.7174044847488403
30.0,1314394.0,-0.011457905173301697,0.00920388475060463,-0.7495386004447937
30.0,1314397.0,-0.011289527639746666,0.00920388475060463,-0.7906225323677063
30.0,1314401.0,-0.01116221770644188,0.00920388475060463,-0.8303635120391846
30.0,1314405.0,-0.010993840172886848,0.00920388475060463,-0.8596751093864441
30.0,1314409.0,-0.010829568840563297,0.0076699042692780495,-0.6396439075469971
30.0,1314413.0,-0.010665297508239746,0.0076699042692780495,-0.6700468063354492
30.0,1314416.0,-0.010517453774809837,0.0076699042692780495,-0.7034823298454285
30.0,1314420.0,-0.010410677641630173,0.0076699042692780495,-0.7343431711196899
30.0,1314424.0,-0.010266940109431744,0.0076699042692780495,-0.7564553618431091
30.0,1314428.0,-0.010123203508555889,0.0076699042692780495,-0.7856062650680542
30.0,1314432.0,-0.00997535977512598,0.0076699042692780495,-0.8153344392776489
30.0,1314435.0,-0.009860369376838207,0.0076699042692780495,-0.8455970287322998
30.0,1314439.0,-0.009712525643408298,0.0076699042692780495,-0.8734296560287476
30.0,1314443.0,-0.009560574777424335,0.006135923322290182,-0.6288901567459106
30.0,1314447.0,-0.009400410577654839,0.006135923322290182,-0.665479838848114
30.0,1314450.0,-0.009281313978135586,0.006135923322290182,-0.7084223031997681
30.0,1314455.0,-0.009088295511901379,0.006135923322290182,-0.7394592761993408
30.0,1314459.0,-0.008948665112257004,0.006135923322290182,-0.7635977864265442
30.0,1314462.0,-0.008809034712612629,0.006135923322290182,-0.7830798029899597
30.0,1314468.0,-0.008640657179057598,0.006135923322290182,-0.816312313079834
30.0,1314472.0,-0.008501026779413223,0.006135923322290182,-0.8411043286323547
30.0,1314476.0,-0.00834907591342926,0.006135923322290182,-0.8680933117866516
30.0,1314480.0,-0.008184804581105709,0.006135923322290182,-0.9001827239990234
30.0,1314484.0,-0.008012319914996624,0.004601942375302315,-0.6575836539268494
30.0,1314488.0,-0.007831621915102005,0.004601942375302315,-0.6982436776161194
30.0,1314491.0,-0.007659137714654207,0.004601942375302315,-0.7346071004867554
30.0,1314495.0,-0.0075359344482421875,0.004601942375302315,-0.7588914036750793
30.0,1314499.0,-0.0073839835822582245,0.004601942375302315,-0.7859256267547607
30.0,1314502.0,-0.007240246515721083,0.004601942375302315,-0.8091820478439331
30.0,1314507.0,-0.007096509449183941,0.004601942375302315,-0.8317331671714783
30.0,1314510.0,-0.006989732850342989,0.004601942375302315,-0.8521318435668945
30.0,1314514.0,-0.006854209583252668,0.004601942375302315,-0.8761013150215149
30.0,1314519.0,-0.006648870650678873,0.004601942375302315,-0.8937773704528809
30.0,1314523.0,-0.006533880718052387,0.004601942375302315,-0.9168944358825684
30.0,1314527.0,-0.006377823185175657,0.004601942375302315,-0.9423008561134338
30.0,1314531.0,-0.006201231852173805,0.004601942375302315,-0.9664368033409119
30.0,1314534.0,-0.006012320518493652,0.004601942375302315,-1.0007299184799194
30.0,1314538.0,-0.005868582986295223,0.003067961661145091,-0.769096851348877
30.0,1314542.0,-0.005667351186275482,0.003067961661145091,-0.8115702867507935
30.0,1314546.0,-0.005474332720041275,0.003067961661145091,-0.8399209380149841
30.0,1314549.0,-0.005330595653504133,0.003067961661145091,-0.8756776452064514
30.0,1314562.0,-0.004731005989015102,0.003067961661145091,-0.9722183346748352
30.0,1314567.0,-0.004472279455512762,0.0015339808305725455,-0.756456732749939
30.0,1314570.0,-0.004316221922636032,0.0015339808305725455,-0.7998506426811218
30.0,1314575.0,-0.0040574949234724045,0.0015339808305725455,-0.8510567545890808
30.0,1314579.0,-0.003852155990898609,0.0015339808305725455,-0.8899922370910645
30.0,1314583.0,-0.003642710391432047,0.0015339808305725455,-0.9191420674324036
30.0,1314587.0,-0.0034332647919654846,0.0,-0.6925902962684631
30.0,1314590.0,-0.0032689939253032207,0.0,-0.7369540333747864
30.0,1314595.0,-0.0030184804927557707,0.0,-0.7845327854156494
30.0,1314600.0,-0.0027720739599317312,0.0,-0.8288171887397766
30.0,1314605.0,-0.0025338809937238693,0.0,-0.8684860467910767
30.0,1314610.0,-0.0022956877946853638,-0.0015339808305725455,-0.6388115882873535
30.0,1314614.0,-0.0021067762281745672,-0.0015339808305725455,-0.6721794009208679
30.0,1314618.0,-0.0019260779954493046,-0.0015339808305725455,-0.703032910823822
30.0,1314623.0,-0.0017043121624737978,-0.0015339808305725455,-0.7373147010803223
30.0,1314627.0,-0.0015400410629808903,-0.0015339808305725455,-0.7602970004081726
30.0,1314632.0,-0.0013470225967466831,-0.0015339808305725455,-0.7781921625137329
30.0,1314637.0,-0.0011663244804367423,-0.0015339808305725455,-0.7965652346611023
30.0,1314642.0,-0.0009856262477114797,-0.0015339808305725455,-0.8144151568412781
30.0,1314647.0,-0.0007967145647853613,-0.0015339808305725455,-0.8346773386001587
30.0,1314650.0,-0.000644763873424381,-0.0015339808305725455,-0.8507245182991028
30.0,1314654.0,-0.0005256673321127892,-0.0015339808305725455,-0.8693398237228394
30.0,1314659.0,-0.0003244353283662349,-0.0015339808305725455,-0.8908199071884155
30.0,1314662.0,-0.0001642710412852466,-0.0015339808305725455,-0.9051780104637146
30.0,1314667.0,4.106776032131165e-06,-0.0015339808305725455,-0.9253605008125305
30.0,1314670.0,0.00018069814541377127,-0.0015339808305725455,-0.947973906993866
30.0,1314674.0,0.0003203285450581461,-0.0015339808305725455,-0.9729480147361755
30.0,1314678.0,0.000509240257088095,-0.003067961661145091,-0.732341468334198
30.0,1314682.0,0.0007022587233223021,-0.003067961661145091,-0.7563660740852356
30.0,1314685.0,0.000899383972864598,-0.003067961661145091,-0.7895124554634094
30.0,1314690.0,0.0010882957139983773,-0.003067961661145091,-0.8186841607093811
30.0,1314693.0,0.0012813141802325845,-0.003067961661145091,-0.8484894037246704
30.0,1314697.0,0.0014291581464931369,-0.003067961661145091,-0.8774081468582153
30.0,1314701.0,0.001622176612727344,-0.003067961661145091,-0.8996765613555908
30.0,1314704.0,0.0017700205789878964,-0.003067961661145091,-0.9286119937896729
30.0,1314709.0,0.0020246405620127916,-0.004601942375302315,-0.7046827673912048
30.0,1314713.0,0.002229979494586587,-0.004601942375302315,-0.7307895421981812
30.0,1314716.0,0.002427104627713561,-0.004601942375302315,-0.7626982927322388
30.0,1314720.0,0.0025708419270813465,-0.004601942375302315,-0.7921826243400574
30.0,1314725.0,0.0028090348932892084,-0.004601942375302315,-0.8193181753158569
30.0,1314729.0,0.0030020533595234156,-0.004601942375302315,-0.8543781042098999
30.0,1314733.0,0.0031950718257576227,-0.006135923322290182,-0.6078628301620483
30.0,1314736.0,0.0033798767253756523,-0.006135923322290182,-0.6370404958724976
30.0,1314740.0,0.0035523613914847374,-0.006135923322290182,-0.6609058380126953
30.0,1314744.0,0.003675564657896757,-0.006135923322290182,-0.6796486377716064
30.0,1314749.0,0.0038603695575147867,-0.006135923322290182,-0.6934781074523926
30.0,1314752.0,0.003963038790971041,-0.006135923322290182,-0.7025553584098816
30.0,1314756.0,0.004114989656955004,-0.006135923322290182,-0.705547034740448
30.0,1314760.0,0.004193018656224012,-0.006135923322290182,-0.7026805877685547
30.0,1314764.0,0.004291580989956856,-0.006135923322290182,-0.6995995044708252
30.0,1314776.0,0.004513347055763006,-0.004601942375302315,-0.9214723706245422
30.0,1314780.0,0.004583162255585194,-0.004601942375302315,-0.9050376415252686
30.0,1314784.0,0.004669404588639736,-0.004601942375302315,-0.8969143629074097
30.0,1314788.0,0.004772074054926634,-0.004601942375302315,-0.8920161128044128
30.0,1314791.0,0.004891170654445887,-0.004601942375302315,-0.8933972716331482
30.0,1314795.0,0.004993839655071497,-0.004601942375302315,-0.9008359909057617
30.0,1314799.0,0.005133470054715872,-0.004601942375302315,-0.911156415939331
30.0,1314803.0,0.005285420920699835,-0.004601942375302315,-0.9213759899139404
30.0,1314807.0,0.005445585120469332,-0.004601942375302315,-0.9372170567512512
30.0,1314811.0,0.00561396311968565,-0.004601942375302315,-0.9556470513343811
30.0,1314814.0,0.005749486852437258,-0.004601942375302315,-0.9795531034469604
30.0,1314818.0,0.005934291519224644,-0.006135923322290182,-0.7295764088630676
30.0,1314821.0,0.006127309985458851,-0.006135923322290182,-0.7612101435661316
30.0,1314825.0,0.006266940385103226,-0.006135923322290182,-0.7889093160629272
30.0,1314829.0,0.006488706450909376,-0.006135923322290182,-0.81285560131073
30.0,1314834.0,0.006710472051054239,-0.006135923322290182,-0.8422160744667053
30.0,1314838.0,0.006845995783805847,-0.0076699042692780495,-0.5998250246047974
30.0,1314842.0,0.00703080091625452,-0.0076699042692780495,-0.6290034055709839
30.0,1314846.0,0.0072032855823636055,-0.0076699042692780495,-0.6528497934341431
30.0,1314850.0,0.0074045173823833466,-0.0076699042692780495,-0.6730563640594482
30.0,1314854.0,0.007519507315009832,-0.0076699042692780495,-0.6897534728050232
30.0,1314858.0,0.007667351048439741,-0.0076699042692780495,-0.7008881568908691
30.0,1314862.0,0.007806981448084116,-0.0076699042692780495,-0.7124475836753845
30.0,1314865.0,0.00790554378181696,-0.0076699042692780495,-0.7193182706832886
30.0,1314869.0,0.008024640381336212,-0.0076699042692780495,-0.7231670618057251
30.0,1314873.0,0.008139630779623985,-0.0076699042692780495,-0.72496497631073
30.0,1314877.0,0.008254620246589184,-0.0076699042692780495,-0.7274368405342102
30.0,1314880.0,0.008340862579643726,-0.0076699042692780495,-0.7299908399581909
30.0,1314884.0,0.008459959179162979,-0.0076699042692780495,-0.7334333062171936
30.0,1314888.0,0.008579055778682232,-0.0076699042692780495,-0.7375333309173584
30.0,1314891.0,0.008698152378201485,-0.0076699042692780495,-0.7416577339172363
30.0,1314895.0,0.008788500912487507,-0.00920388475060463,-0.4794601798057556
30.0,1314900.0,0.008928131312131882,-0.00920388475060463,-0.48653215169906616
30.0,1314903.0,0.008993839845061302,-0.00920388475060463,-0.48460954427719116
30.0,1314907.0,0.009067761711776257,-0.00920388475060463,-0.4754694700241089
30.0,1314910.0,0.00911704357713461,-0.0076699042692780495,-0.7308163642883301
30.0,1314914.0,0.009145790711045265,-0.0076699042692780495,-0.7064272165298462
30.0,1314918.0,0.00918685831129551,-0.0076699042692780495,-0.6860334873199463
30.0,1314922.0,0.009232033044099808,-0.0076699042692780495,-0.6709498763084412
30.0,1314925.0,0.009264887310564518,-0.0076699042692780495,-0.6520758271217346
30.0,1314929.0,0.009330595843493938,-0.0076699042692780495,-0.6369525790214539
30.0,1314933.0,0.009363450109958649,-0.0076699042692780495,-0.6234681010246277
30.0,1314937.0,0.009408623911440372,-0.0076699042692780495,-0.6066566109657288
30.0,1314940.0,0.009437371976673603,-0.0076699042692780495,-0.5891036987304688
30.0,1314944.0,0.009470226243138313,-0.006135923322290182,-0.8405776619911194
30.0,1314948.0,0.009494866244494915,-0.006135923322290182,-0.812606930732727
30.0,1314951.0,0.009515400044620037,-0.006135923322290182,-0.7872784733772278
30.0,1314955.0,0.009548254311084747,-0.006135923322290182,-0.7700695991516113
30.0,1314958.0,0.009593429043889046,-0.006135923322290182,-0.7440558075904846
30.0,1314963.0,0.009618069976568222,-0.006135923322290182,-0.7230439186096191
30.0,1314975.0,0.009704312309622765,-0.006135923322290182,-0.93011474609375
30.0,1314979.0,0.009724846109747887,-0.004601942375302315,-0.8991597890853882
30.0,1314983.0,0.009745379909873009,-0.004601942375302315,-0.8724333047866821
30.0,1314988.0,0.009774127043783665,-0.004601942375302315,-0.8445945978164673
30.0,1314992.0,0.00981108844280243,-0.004601942375302315,-0.8309794068336487
30.0,1314995.0,0.00984394270926714,-0.004601942375302315,-0.8144751191139221
30.0,1314999.0,0.00988090317696333,-0.004601942375302315,-0.8018233180046082
30.0,1315003.0,0.009921971708536148,-0.004601942375302315,-0.786590576171875
30.0,1315007.0,0.009963039308786392,-0.004601942375302315,-0.7719953656196594
30.0,1315010.0,0.009995893575251102,-0.004601942375302315,-0.7580394148826599
30.0,1315014.0,0.010041067376732826,-0.004601942375302315,-0.7461723685264587
30.0,1315018.0,0.010086242109537125,-0.004601942375302315,-0.7387573719024658
30.0,1315021.0,0.010119096376001835,-0.004601942375302315,-0.7278180718421936
30.0,1315025.0,0.010168378241360188,-0.004601942375302315,-0.721045196056366
30.0,1315029.0,0.01022176630795002,-0.004601942375302315,-0.7138687372207642
30.0,1315032.0,0.010299794375896454,-0.004601942375302315,-0.7095019817352295
30.0,1315038.0,0.010365502908825874,-0.004601942375302315,-0.7074500322341919
30.0,1315041.0,0.010431211441755295,-0.004601942375302315,-0.705568253993988
30.0,1315045.0,0.010484599508345127,-0.004601942375302315,-0.7057746648788452
30.0,1315048.0,0.010554415173828602,-0.004601942375302315,-0.7052384614944458
30.0,1315053.0,0.010624229907989502,-0.004601942375302315,-0.7052392959594727
30.0,1315057.0,0.010694045573472977,-0.004601942375302315,-0.7056885361671448
30.0,1315061.0,0.010759753175079823,-0.004601942375302315,-0.7043886780738831
30.0,1315064.0,0.010804927907884121,-0.004601942375302315,-0.7002797722816467
30.0,1315068.0,0.010858315974473953,-0.004601942375302315,-0.6949343085289001
30.0,1315072.0,0.010903490707278252,-0.004601942375302315,-0.6885062456130981
30.0,1315075.0,0.010936344973742962,-0.004601942375302315,-0.6793080568313599
30.0,1315079.0,0.010977412573993206,-0.004601942375302315,-0.6675867438316345
30.0,1315085.0,0.01101437397301197,-0.004601942375302315,-0.6494723558425903
30.0,1315089.0,0.011043121106922626,-0.003067961661145091,-0.9054390788078308
30.0,1315093.0,0.011067762039601803,-0.003067961661145091,-0.8920053839683533
30.0,1315098.0,0.011096509173512459,-0.003067961661145091,-0.8649852871894836
30.0,1315102.0,0.011137576773762703,-0.003067961661145091,-0.8552789092063904
30.0,1315106.0,0.011186858639121056,-0.003067961661145091,-0.8490018248558044
30.0,1315110.0,0.011252567172050476,-0.003067961661145091,-0.8478452563285828
30.0,1315114.0,0.011318274773657322,-0.003067961661145091,-0.8461209535598755
30.0,1315118.0,0.011388090439140797,-0.003067961661145091,-0.8466792106628418
30.0,1315122.0,0.011466119438409805,-0.004601942375302315,-0.5836307406425476
30.0,1315125.0,0.011523613706231117,-0.004601942375302315,-0.5913087725639343
30.0,1315129.0,0.011585216037929058,-0.004601942375302315,-0.5943486094474792
30.0,1315133.0,0.01163860410451889,-0.004601942375302315,-0.5932697057723999
30.0,1315137.0,0.01167556457221508,-0.004601942375302315,-0.5874834656715393
30.0,1315140.0,0.011704311706125736,-0.004601942375302315,-0.5790331363677979
30.0,1315144.0,0.011720739305019379,-0.004601942375302315,-0.5679978728294373
30.0,1315148.0,0.011733059771358967,-0.004601942375302315,-0.5574159026145935
30.0,1315152.0,0.0117412731051445,-0.004601942375302315,-0.5428257584571838
30.0,1315155.0,0.011745380237698555,-0.003067961661145091,-0.7937066555023193
30.0,1315159.0,0.011745380237698555,-0.003067961661145091,-0.7715052366256714
30.0,1315163.0,0.011753593571484089,-0.003067961661145091,-0.7531548738479614
30.0,1315167.0,0.011770020239055157,-0.003067961661145091,-0.7384902238845825
30.0,1315180.0,0.011835728771984577,-0.003067961661145091,-0.7021105885505676
30.0,1315185.0,0.011876796372234821,-0.003067961661145091,-0.6939274668693542
30.0,1315190.0,0.011930184438824654,-0.003067961661145091,-0.6877260804176331
30.0,1315194.0,0.011963038705289364,-0.003067961661145091,-0.6863061189651489
30.0,1315199.0,0.01202053390443325,-0.003067961661145091,-0.6850125789642334
30.0,1315204.0,0.01209034863859415,-0.003067961661145091,-0.688334584236145
30.0,1315208.0,0.012151950970292091,-0.003067961661145091,-0.6945797801017761
30.0,1315212.0,0.012217659503221512,-0.003067961661145091,-0.7006493806838989
30.0,1315216.0,0.012283367104828358,-0.004601942375302315,-0.4357444941997528
30.0,1315219.0,0.012349075637757778,-0.004601942375302315,-0.44756269454956055
30.0,1315223.0,0.012394250370562077,-0.004601942375302315,-0.45604148507118225
30.0,1315228.0,0.01244353223592043,-0.004601942375302315,-0.45670026540756226
30.0,1315232.0,0.012464066036045551,-0.004601942375302315,-0.45178085565567017
30.0,1315235.0,0.012472279369831085,-0.004601942375302315,-0.4424809217453003
30.0,1315239.0,0.012472279369831085,-0.004601942375302315,-0.43062373995780945
30.0,1315244.0,0.012472279369831085,-0.004601942375302315,-0.4192337989807129
30.0,1315248.0,0.012472279369831085,-0.004601942375302315,-0.4056254029273987
30.0,1315252.0,0.012472279369831085,-0.003067961661145091,-0.6656309962272644
30.0,1315255.0,0.012472279369831085,-0.003067961661145091,-0.6496108770370483
30.0,1315259.0,0.012480492703616619,-0.003067961661145091,-0.6371983289718628
30.0,1315263.0,0.012484599836170673,-0.003067961661145091,-0.6237863898277283
30.0,1315267.0,0.012492813169956207,-0.003067961661145091,-0.6159448027610779
30.0,1315270.0,0.012496920302510262,-0.003067961661145091,-0.6033895611763
30.0,1315274.0,0.012501026503741741,-0.003067961661145091,-0.5913220643997192
30.0,1315278.0,0.012501026503741741,-0.003067961661145091,-0.5814877152442932
30.0,1315281.0,0.012505133636295795,-0.003067961661145091,-0.5702899098396301
30.0,1315285.0,0.012505133636295795,-0.003067961661145091,-0.5580779314041138
30.0,1315290.0,0.012505133636295795,-0.003067961661145091,-0.5434874296188354
30.0,1315294.0,0.012505133636295795,-0.003067961661145091,-0.5323315858840942
30.0,1315298.0,0.012505133636295795,-0.003067961661145091,-0.5242541432380676
30.0,1315301.0,0.012505133636295795,-0.003067961661145091,-0.5138561129570007
30.0,1315306.0,0.012505133636295795,-0.003067961661145091,-0.5014329552650452
30.0,1315311.0,0.012505133636295795,-0.003067961661145091,-0.4919341802597046
30.0,1315314.0,0.012505133636295795,-0.003067961661145091,-0.48280972242355347
30.0,1315318.0,0.012505133636295795,-0.003067961661145091,-0.4740447998046875
30.0,1315322.0,0.012505133636295795,-0.003067961661145091,-0.46562525629997253
30.0,1315326.0,0.012505133636295795,-0.003067961661145091,-0.4575374722480774
30.0,1315330.0,0.012505133636295795,-0.003067961661145091,-0.44976839423179626
30.0,1315334.0,0.012505133636295795,-0.003067961661145091,-0.44230544567108154
30.0,1315338.0,0.012505133636295795,-0.003067961661145091,-0.4351365566253662
30.0,1315341.0,0.012505133636295795,-0.003067961661145091,-0.4299459159374237
30.0,1315345.0,0.012505133636295795,-0.003067961661145091,-0.42490941286087036
30.0,1315349.0,0.012505133636295795,-0.003067961661145091,-0.4184260070323944
30.0,1315352.0,0.012505133636295795,-0.003067961661145091,-0.4121980667114258
30.0,1315356.0,0.012505133636295795,-0.003067961661145091,-0.407688707113266
30.0,1315359.0,0.012505133636295795,-0.003067961661145091,-0.4018838405609131
30.0,1315363.0,0.012505133636295795,-0.003067961661145091,-0.3976808190345764
30.0,1315367.0,0.012505133636295795,-0.003067961661145091,-0.3922703266143799
30.0,1315370.0,0.012505133636295795,-0.003067961661145091,-0.38707301020622253
30.0,1315374.0,0.012505133636295795,-0.003067961661145091,-0.3820805251598358
30.0,1315387.0,0.012509239837527275,-0.0015339808305725455,-0.6220821738243103
30.0,1315391.0,0.012509239837527275,-0.0015339808305725455,-0.6148338317871094
30.0,1315394.0,0.012509239837527275,-0.0015339808305725455,-0.6055031418800354
30.0,1315398.0,0.01251334697008133,-0.0015339808305725455,-0.6002221703529358
30.0,1315401.0,0.01251334697008133,-0.003067961661145091,-0.3236252963542938
30.0,1315405.0,0.01251334697008133,-0.003067961661145091,-0.3211456835269928
30.0,1315409.0,0.01251334697008133,-0.003067961661145091,-0.318763792514801
30.0,1315413.0,0.01251334697008133,-0.003067961661145091,-0.3170391917228699
30.0,1315418.0,0.01251334697008133,-0.003067961661145091,-0.31427791714668274
30.0,1315421.0,0.01251334697008133,-0.003067961661145091,-0.31216663122177124
30.0,1315425.0,0.01251334697008133,-0.003067961661145091,-0.3101385831832886
30.0,1315429.0,0.01251334697008133,-0.003067961661145091,-0.30819040536880493
30.0,1315434.0,0.01251334697008133,-0.003067961661145091,-0.3063190281391144
30.0,1315438.0,0.01251334697008133,-0.003067961661145091,-0.3045213520526886
30.0,1315441.0,0.01251334697008133,-0.003067961661145091,-0.30279454588890076
30.0,1315445.0,0.01251334697008133,-0.003067961661145091,-0.3015442192554474
30.0,1315449.0,0.01251334697008133,-0.003067961661145091,-0.2999347150325775
30.0,1315452.0,0.01251334697008133,-0.003067961661145091,-0.29838863015174866
30.0,1315456.0,0.01251334697008133,-0.003067961661145091,-0.29690346121788025
30.0,1315460.0,0.01251334697008133,-0.003067961661145091,-0.29582810401916504
30.0,1315463.0,0.01251334697008133,-0.003067961661145091,-0.29444384574890137
30.0,1315467.0,0.01251334697008133,-0.003067961661145091,-0.2931141257286072
30.0,1315471.0,0.01251334697008133,-0.003067961661145091,-0.2921513319015503
30.0,1315474.0,0.01251334697008133,-0.003067961661145091,-0.2909119427204132
30.0,1315478.0,0.01251334697008133,-0.003067961661145091,-0.28972139954566956
30.0,1315482.0,0.01251334697008133,-0.003067961661145091,-0.28857773542404175
30.0,1315486.0,0.01251334697008133,-0.003067961661145091,-0.2874791622161865
30.0,1315490.0,0.01251334697008133,-0.003067961661145091,-0.28642386198043823
30.0,1315494.0,0.01251334697008133,-0.003067961661145091,-0.28541016578674316
30.0,1315498.0,0.01251334697008133,-0.003067961661145091,-0.2844364047050476
30.0,1315501.0,0.01251334697008133,-0.003067961661145091,-0.2837313413619995
30.0,1315505.0,0.01251334697008133,-0.003067961661145091,-0.28282374143600464
30.0,1315509.0,0.01251334697008133,-0.003067961661145091,-0.2819518744945526
30.0,1315512.0,0.01251334697008133,-0.003067961661145091,-0.28132060170173645
30.0,1315516.0,0.01251334697008133,-0.003067961661145091,-0.28050798177719116
30.0,1315520.0,0.01251334697008133,-0.003067961661145091,-0.27972739934921265
30.0,1315524.0,0.01251334697008133,-0.003067961661145091,-0.27897754311561584
30.0,1315528.0,0.01251334697008133,-0.003067961661145091,-0.27825725078582764
30.0,1315532.0,0.01251334697008133,-0.003067961661145091,-0.27773573994636536
30.0,1315535.0,0.01251334697008133,-0.003067961661145091,-0.27706438302993774
30.0,1315539.0,0.01251334697008133,-0.003067961661145091,-0.27657827734947205
30.0,1315544.0,0.01251334697008133,-0.003067961661145091,-0.275799959897995
30.0,1315548.0,0.01251334697008133,-0.003067961661145091,-0.2752048969268799
30.0,1315551.0,0.01251334697008133,-0.003067961661145091,-0.2746332585811615
30.0,1315555.0,0.01251334697008133,-0.003067961661145091,-0.2742193639278412
30.0,1315559.0,0.01251334697008133,-0.003067961661145091,-0.2735566794872284
30.0,1315563.0,0.01251334697008133,-0.004601942375302315,-0.008193498477339745
30.0,1315567.0,0.01251334697008133,-0.004601942375302315,-0.012203176505863667
30.0,1315570.0,0.012509239837527275,-0.004601942375302315,-0.015902914106845856
30.0,1315573.0,0.012509239837527275,-0.004601942375302315,-0.019678782671689987
30.0,1315586.0,0.012505133636295795,-0.004601942375302315,-0.03343779221177101
30.0,1315591.0,0.012505133636295795,-0.004601942375302315,-0.03880104050040245
30.0,1315595.0,0.012505133636295795,-0.004601942375302315,-0.04290175437927246
30.0,1315599.0,0.012505133636295795,-0.004601942375302315,-0.04587090015411377
30.0,1315604.0,0.012505133636295795,-0.004601942375302315,-0.05062480270862579
30.0,1315609.0,0.012505133636295795,-0.004601942375302315,-0.05514570698142052
30.0,1315613.0,0.012505133636295795,-0.004601942375302315,-0.05860237032175064
30.0,1315616.0,0.012505133636295795,-0.004601942375302315,-0.0619228295981884
30.0,1315620.0,0.012505133636295795,-0.004601942375302315,-0.06511244177818298
30.0,1315624.0,0.012505133636295795,-0.004601942375302315,-0.06817638128995895
30.0,1315628.0,0.012505133636295795,-0.004601942375302315,-0.07111958414316177
30.0,1315631.0,0.012505133636295795,-0.004601942375302315,-0.07325063645839691
30.0,1315634.0,0.012501026503741741,-0.006135923322290182,0.19403164088726044
30.0,1315638.0,0.012501026503741741,-0.006135923322290182,0.18539287149906158
30.0,1315642.0,0.012501026503741741,-0.006135923322290182,0.1791379302740097
30.0,1315645.0,0.012496920302510262,-0.006135923322290182,0.17406229674816132
30.0,1315649.0,0.012488706037402153,-0.006135923322290182,0.16771146655082703
30.0,1315652.0,0.012484599836170673,-0.006135923322290182,0.16347084939479828
30.0,1315656.0,0.012480492703616619,-0.006135923322290182,0.15752381086349487
30.0,1315660.0,0.01247638650238514,-0.006135923322290182,0.1518303006887436
30.0,1315664.0,0.01247638650238514,-0.006135923322290182,0.14660121500492096
30.0,1315668.0,0.01247638650238514,-0.006135923322290182,0.13986985385417938
30.0,1315671.0,0.012472279369831085,-0.006135923322290182,0.13486561179161072
30.0,1315675.0,0.012472279369831085,-0.006135923322290182,0.13014520704746246
30.0,1315679.0,0.012472279369831085,-0.006135923322290182,0.1240687146782875
30.0,1315682.0,0.012472279369831085,-0.006135923322290182,0.1182316467165947
30.0,1315686.0,0.012472279369831085,-0.0076699042692780495,0.38047298789024353
30.0,1315690.0,0.012472279369831085,-0.0076699042692780495,0.3719477653503418
30.0,1315693.0,0.012472279369831085,-0.0076699042692780495,0.3624749779701233
30.0,1315697.0,0.012459958903491497,-0.0076699042692780495,0.35747867822647095
30.0,1315700.0,0.012451745569705963,-0.0076699042692780495,0.3500564992427826
30.0,1315704.0,0.012439425103366375,-0.0076699042692780495,0.3459031283855438
30.0,1315708.0,0.012422997504472733,-0.0076699042692780495,0.3429126441478729
30.0,1315711.0,0.012414784170687199,-0.0076699042692780495,0.3375970721244812
30.0,1315714.0,0.01239835750311613,-0.0076699042692780495,0.3348822593688965
30.0,1315718.0,0.012390144169330597,-0.0076699042692780495,0.3299219012260437
30.0,1315722.0,0.012377823702991009,-0.0076699042692780495,0.32597583532333374
30.0,1315725.0,0.012373716570436954,-0.0076699042692780495,0.31843531131744385
30.0,1315729.0,0.0123696094378829,-0.0076699042692780495,0.31118524074554443
30.0,1315733.0,0.01236550323665142,-0.0076699042692780495,0.30424001812934875
30.0,1315737.0,0.01236550323665142,-0.00920388475060463,0.5644494295120239
30.0,1315740.0,0.012361396104097366,-0.00920388475060463,0.5521880388259888
30.0,1315744.0,0.012353182770311832,-0.00920388475060463,0.543366014957428
30.0,1315750.0,0.012324435636401176,-0.00920388475060463,0.5359722375869751
30.0,1315754.0,0.012295687571167946,-0.00920388475060463,0.5322971940040588
30.0,1315758.0,0.012271047569811344,-0.00920388475060463,0.5304059386253357
30.0,1315761.0,0.012250513769686222,-0.00920388475060463,0.5285096168518066
30.0,1315765.0,0.012221765704452991,-0.00920388475060463,0.5252440571784973
30.0,1315769.0,0.01219712570309639,-0.00920388475060463,0.5221327543258667
30.0,1315772.0,0.012172484770417213,-0.00920388475060463,0.5206460356712341
30.0,1315785.0,0.012110883370041847,-0.010737866163253784,0.7660638689994812
30.0,1315789.0,0.012073921971023083,-0.010737866163253784,0.7627371549606323
30.0,1315793.0,0.012028747238218784,-0.010737866163253784,0.7637100219726562
30.0,1315798.0,0.011950718238949776,-0.010737866163253784,0.7712897658348083
30.0,1315801.0,0.01188501063734293,-0.010737866163253784,0.7783584594726562
30.0,1315804.0,0.011823408305644989,-0.010737866163253784,0.7880090475082397
30.0,1315809.0,0.011728952638804913,-0.010737866163253784,0.8049953579902649
30.0,1315813.0,0.011626283638179302,-0.010737866163253784,0.8303219676017761
30.0,1315817.0,0.011503079906105995,-0.010737866163253784,0.8578459620475769
30.0,1315820.0,0.011367556639015675,-0.00920388475060463,0.61265629529953
30.0,1315824.0,0.011256673373281956,-0.00920388475060463,0.6533887386322021
30.0,1315828.0,0.011104722507297993,-0.00920388475060463,0.6819063425064087
30.0,1315831.0,0.010997946374118328,-0.00920388475060463,0.7173304557800293
30.0,1315835.0,0.010854209773242474,-0.00920388475060463,0.7427735328674316
30.0,1315838.0,0.010714579373598099,-0.00920388475060463,0.7747287154197693
30.0,1315842.0,0.010611909441649914,-0.00920388475060463,0.5362890362739563
30.0,1315845.0,0.01046817284077406,-0.0076699042692780495,0.5640602707862854
30.0,1315849.0,0.010336755774915218,-0.0076699042692780495,0.5960537195205688
30.0,1315853.0,0.01025462057441473,-0.0076699042692780495,0.6195774078369141
30.0,1315857.0,0.01014784350991249,-0.0076699042692780495,0.6348552107810974
30.0,1315860.0,0.010053387843072414,-0.0076699042692780495,0.6512184739112854
30.0,1315864.0,0.009983573108911514,-0.0076699042692780495,0.6656091809272766
30.0,1315868.0,0.009893223643302917,-0.0076699042692780495,0.6768528819084167
30.0,1315871.0,0.009798767976462841,-0.0076699042692780495,0.6919587254524231
30.0,1315874.0,0.009724846109747887,-0.0076699042692780495,0.7041143178939819
30.0,1315878.0,0.009646817110478878,-0.0076699042692780495,0.7213719487190247
30.0,1315882.0,0.009544148109853268,-0.0076699042692780495,0.7343496084213257
30.0,1315885.0,0.009429157711565495,-0.0076699042692780495,0.7551493048667908
30.0,1315889.0,0.009342915378510952,-0.0076699042692780495,0.7738069891929626
30.0,1315893.0,0.009232033044099808,-0.0076699042692780495,0.7885482311248779
30.0,1315896.0,0.009121149778366089,-0.0076699042692780495,0.8061978220939636
30.0,1315900.0,0.009034907445311546,-0.0076699042692780495,0.8248263597488403
30.0,1315904.0,0.008915810845792294,-0.0076699042692780495,0.8399209380149841
30.0,1315908.0,0.008788500912487507,-0.0076699042692780495,0.8619925379753113
30.0,1315911.0,0.008657083846628666,-0.0076699042692780495,0.8848681449890137
30.0,1315915.0,0.008550307713449001,-0.0076699042692780495,0.9045426845550537
30.0,1315918.0,0.008447638712823391,-0.0076699042692780495,0.9290897250175476
30.0,1315922.0,0.008303901180624962,-0.0076699042692780495,0.9477540850639343
30.0,1315927.0,0.008119096048176289,-0.0076699042692780495,0.9803512692451477
30.0,1315930.0,0.00800000037997961,-0.0076699042692780495,1.009972095489502
30.0,1315934.0,0.007827515713870525,-0.006135923322290182,0.7678326368331909
30.0,1315938.0,0.007605749648064375,-0.006135923322290182,0.8277415037155151
30.0,1315942.0,0.00743326498195529,-0.006135923322290182,0.8543536067008972
30.0,1315947.0,0.007268993649631739,-0.006135923322290182,0.8868281841278076
30.0,1315950.0,0.007149897515773773,-0.006135923322290182,0.916844367980957
30.0,1315954.0,0.006985626183450222,-0.006135923322290182,0.9474289417266846
30.0,1315958.0,0.006817248649895191,-0.006135923322290182,0.9712110161781311
30.0,1315961.0,0.006644763983786106,-0.006135923322290182,1.0030717849731445
30.0,1315965.0,0.006513346917927265,-0.004601942375302315,0.7576885223388672
30.0,1315968.0,0.006336755584925413,-0.004601942375302315,0.7952689528465271
30.0,1315981.0,0.00580287491902709,-0.004601942375302315,0.909569501876831
30.0,1315986.0,0.005535934120416641,-0.004601942375302315,0.9522057175636292
30.0,1315990.0,0.005396303720772266,-0.004601942375302315,0.9865967631340027
30.0,1315993.0,0.0052114990539848804,-0.004601942375302315,1.0120782852172852
30.0,1315998.0,0.005010266788303852,-0.003067961661145091,0.7827211618423462
30.0,1316001.0,0.004804928321391344,-0.003067961661145091,0.8273822665214539
30.0,1316005.0,0.004661190789192915,-0.003067961661145091,0.8661792874336243
30.0,1316009.0,0.004472279455512762,-0.003067961661145091,0.9022738933563232
30.0,1316013.0,0.004275153856724501,-0.003067961661145091,0.9308249354362488
30.0,1316017.0,0.00407392205670476,-0.003067961661145091,0.9693357944488525
30.0,1316020.0,0.003909650724381208,-0.0015339808305725455,0.746209442615509
30.0,1316023.0,0.0036878851242363453,-0.0015339808305725455,0.782529890537262
30.0,1316028.0,0.0034702259581536055,-0.0015339808305725455,0.8290838003158569
30.0,1316031.0,0.0032566734589636326,-0.0015339808305725455,0.8726682662963867
30.0,1316035.0,0.0031047228258103132,-0.0015339808305725455,0.9014689326286316
30.0,1316039.0,0.0029034907929599285,-0.0015339808305725455,0.9383202791213989
30.0,1316042.0,0.002698151860386133,-0.0015339808305725455,0.9755087494850159
30.0,1316048.0,0.0024517453275620937,0.0,0.7628488540649414
30.0,1316052.0,0.0022546201944351196,0.0,0.7909116744995117
30.0,1316055.0,0.0021149897947907448,0.0,0.8228769898414612
30.0,1316060.0,0.0018932238453999162,0.0,0.8509348034858704
30.0,1316065.0,0.0016796714626252651,0.0,0.8822540640830994
30.0,1316069.0,0.0015154003631323576,0.0,0.9041296243667603
30.0,1316072.0,0.001388090313412249,0.0,0.9268876314163208
30.0,1316076.0,0.0011786447139456868,0.0,0.9490119218826294
30.0,1316080.0,0.0010513346642255783,0.0,0.9705139398574829
30.0,1316086.0,0.0007515400648117065,0.0,1.0039112567901611
30.0,1316090.0,0.0006119096651673317,0.0,1.0298563241958618
30.0,1316094.0,0.0004188911698292941,0.0015339808305725455,0.7946621179580688
30.0,1316098.0,0.00020944558491464704,0.0015339808305725455,0.8237028121948242
30.0,1316101.0,8.21355206426233e-06,0.0015339808305725455,0.8588777184486389
30.0,1316105.0,-0.00013963038509245962,0.0015339808305725455,0.8915057182312012
30.0,1316111.0,-0.00042710473644547164,0.0015339808305725455,0.9357027411460876
30.0,1316115.0,-0.0006201232317835093,0.0015339808305725455,0.957080602645874
30.0,1316119.0,-0.0008172484813258052,0.0015339808305725455,0.9868198037147522
30.0,1316122.0,-0.00101848051417619,0.003067961661145091,0.7579259276390076
30.0,1316128.0,-0.0012772073969244957,0.003067961661145091,0.8042330741882324
30.0,1316132.0,-0.0014784394297748804,0.003067961661145091,0.8299756050109863
30.0,1316136.0,-0.0016755646793171763,0.003067961661145091,0.8691504001617432
30.0,1316139.0,-0.0018644763622432947,0.003067961661145091,0.8889822959899902
30.0,1316143.0,-0.0020492812618613243,0.003067961661145091,0.9142662882804871
30.0,1316147.0,-0.002184804994612932,0.003067961661145091,0.9373674392700195
30.0,1316151.0,-0.002369609894230962,0.003067961661145091,0.9557809829711914
30.0,1316154.0,-0.0025092402938753366,0.003067961661145091,0.9807356595993042
30.0,1316158.0,-0.0027063654270023108,0.004601942375302315,0.7333622574806213
30.0,1316161.0,-0.002850102726370096,0.004601942375302315,0.7644250988960266
30.0,1316165.0,-0.003034907625988126,0.004601942375302315,0.7886258959770203
30.0,1316169.0,-0.003207392292097211,0.004601942375302315,0.8106738328933716
30.0,1316173.0,-0.0033716631587594748,0.004601942375302315,0.8245925903320312
30.0,1316177.0,-0.0035318275913596153,0.004601942375302315,0.8412601351737976
30.0,1316189.0,-0.003975359257310629,0.004601942375302315,0.8786092400550842
30.0,1316194.0,-0.004151950590312481,0.004601942375302315,0.8894734382629395
30.0,1316198.0,-0.004295687656849623,0.004601942375302315,0.8962058424949646
30.0,1316202.0,-0.004439425189048052,0.004601942375302315,0.9055677056312561
30.0,1316205.0,-0.0045420946553349495,0.004601942375302315,0.9118083715438843
30.0,1316209.0,-0.004681725054979324,0.004601942375302315,0.9209915399551392
30.0,1316213.0,-0.004821355454623699,0.004601942375302315,0.9259228110313416
30.0,1316216.0,-0.004960985854268074,0.004601942375302315,0.9334461092948914
30.0,1316220.0,-0.005067761987447739,0.004601942375302315,0.9438803195953369
30.0,1316223.0,-0.0052279261872172356,0.004601942375302315,0.9545568227767944
30.0,1316227.0,-0.005351129453629255,0.004601942375302315,0.9719769954681396
30.0,1316231.0,-0.005531827453523874,0.004601942375302315,0.9933983087539673
30.0,1316234.0,-0.0057166325859725475,0.004601942375302315,1.0105692148208618
30.0,1316238.0,-0.005860369652509689,0.004601942375302315,1.0339325666427612
30.0,1316242.0,-0.0060574947856366634,0.004601942375302315,1.054763913154602
30.0,1316247.0,-0.006324435118585825,0.006135923322290182,0.8376104235649109
30.0,1316251.0,-0.0065420945174992085,0.006135923322290182,0.8657896518707275
30.0,1316254.0,-0.006698152050375938,0.006135923322290182,0.8974297046661377
30.0,1316258.0,-0.006903490982949734,0.006135923322290182,0.9379366636276245
30.0,1316263.0,-0.007166324649006128,0.006135923322290182,0.960930347442627
30.0,1316266.0,-0.0073839835822582245,0.0076699042692780495,0.7294036746025085
30.0,1316270.0,-0.007552361581474543,0.0076699042692780495,0.7690148949623108
30.0,1316273.0,-0.007761807180941105,0.0076699042692780495,0.794209897518158
30.0,1316278.0,-0.0079671461135149,0.0076699042692780495,0.8259443640708923
30.0,1316281.0,-0.008114989846944809,0.0076699042692780495,0.8522842526435852
30.0,1316285.0,-0.008295687846839428,0.00920388475060463,0.5988637208938599
30.0,1316289.0,-0.008472279645502567,0.00920388475060463,0.6241347789764404
30.0,1316292.0,-0.008583161979913712,0.00920388475060463,0.636793315410614
30.0,1316296.0,-0.008747433312237263,0.00920388475060463,0.6447793841362
30.0,1316300.0,-0.00883778277784586,0.00920388475060463,0.6466897130012512
30.0,1316303.0,-0.008936344645917416,0.00920388475060463,0.643756628036499
30.0,1316309.0,-0.009055441245436668,0.00920388475060463,0.6377643942832947
30.0,1316313.0,-0.009133470244705677,0.0076699042692780495,0.8934628367424011
30.0,1316316.0,-0.009190965443849564,0.0076699042692780495,0.8775194883346558
30.0,1316319.0,-0.009273100644350052,0.0076699042692780495,0.8671666383743286
30.0,1316324.0,-0.009359342977404594,0.0076699042692780495,0.85221266746521
30.0,1316328.0,-0.009445585310459137,0.0076699042692780495,0.8442978262901306
30.0,1316331.0,-0.009527720510959625,0.0076699042692780495,0.8322402834892273
30.0,1316335.0,-0.009589322842657566,0.0076699042692780495,0.8236047029495239
30.0,1316338.0,-0.009671458043158054,0.0076699042692780495,0.8126001358032227
30.0,1316342.0,-0.00973305944353342,0.0076699042692780495,0.8047165870666504
30.0,1316345.0,-0.009794660843908787,0.0076699042692780495,0.794680655002594
30.0,1316349.0,-0.00987679697573185,0.0076699042692780495,0.7866700887680054
30.0,1316353.0,-0.009963039308786392,0.0076699042692780495,0.7798277735710144
30.0,1316357.0,-0.01004517450928688,0.0076699042692780495,0.7711315751075745
30.0,1316361.0,-0.010127309709787369,0.006135923322290182,1.029251217842102
30.0,1316364.0,-0.010184804908931255,0.006135923322290182,1.0141518115997314
30.0,1316369.0,-0.01029158104211092,0.006135923322290182,1.0027189254760742
30.0,1316373.0,-0.01039014384150505,0.006135923322290182,0.9963225722312927
30.0,1316377.0,-0.01050102710723877,0.006135923322290182,0.994783341884613
30.0,1316380.0,-0.010587269440293312,0.006135923322290182,0.9964404702186584
30.0,1316393.0,-0.011071868240833282,0.0076699042692780495,0.7792880535125732
30.0,1316397.0,-0.011240246705710888,0.0076699042692780495,0.8020456433296204
30.0,1316402.0,-0.011437371373176575,0.0076699042692780495,0.8211862444877625
30.0,1316405.0,-0.011552361771464348,0.0076699042692780495,0.8383415937423706
30.0,1316409.0,-0.011704311706125736,0.0076699042692780495,0.8565465807914734
30.0,1316413.0,-0.011860369704663754,0.00920388475060463,0.6012955904006958
30.0,1316417.0,-0.012016426771879196,0.00920388475060463,0.6246336698532104
30.0,1316421.0,-0.012151950970292091,0.00920388475060463,0.6432456374168396
30.0,1316424.0,-0.012275153771042824,0.00920388475060463,0.6502630710601807
30.0,1316429.0,-0.012377823702991009,0.00920388475060463,0.6530527472496033
30.0,1316432.0,-0.012447638437151909,0.00920388475060463,0.6529426574707031
30.0,1316437.0,-0.012558521702885628,0.00920388475060463,0.6489534378051758
30.0,1316441.0,-0.012669404968619347,0.00920388475060463,0.6478311419487
30.0,1316445.0,-0.012735112570226192,0.00920388475060463,0.646906852722168
30.0,1316450.0,-0.012845995835959911,0.00920388475060463,0.6446719765663147
30.0,1316454.0,-0.012936345301568508,0.00920388475060463,0.6441217660903931
30.0,1316458.0,-0.01302258763462305,0.00920388475060463,0.6422459483146667
30.0,1316461.0,-0.013084189034998417,0.00920388475060463,0.6390904188156128
30.0,1316464.0,-0.013158110901713371,0.00920388475060463,0.6339204907417297
30.0,1316468.0,-0.01320739183574915,0.00920388475060463,0.6239032745361328
30.0,1316472.0,-0.013256673701107502,0.00920388475060463,0.6133671998977661
30.0,1316475.0,-0.013289527967572212,0.00920388475060463,0.5968995690345764
30.0,1316479.0,-0.013322382234036922,0.00920388475060463,0.5767066478729248
30.0,1316483.0,-0.013342916034162045,0.00920388475060463,0.5544045567512512
30.0,1316487.0,-0.013355236500501633,0.00920388475060463,0.7979294061660767
30.0,1316491.0,-0.013355236500501633,0.0076699042692780495,0.7724937796592712
30.0,1316494.0,-0.013359342701733112,0.0076699042692780495,0.7412387728691101
30.0,1316499.0,-0.013367556035518646,0.0076699042692780495,0.7127101421356201
30.0,1316503.0,-0.013375770300626755,0.0076699042692780495,0.6853054165840149
30.0,1316507.0,-0.013388090766966343,0.0076699042692780495,0.6604815721511841
30.0,1316510.0,-0.013392196968197823,0.0076699042692780495,0.6336782574653625
30.0,1316515.0,-0.013396304100751877,0.006135923322290182,0.8757732510566711
30.0,1316519.0,-0.013400410301983356,0.006135923322290182,0.8451164364814758
30.0,1316522.0,-0.013408624567091465,0.006135923322290182,0.81718909740448
30.0,1316527.0,-0.013425051234662533,0.006135923322290182,0.7933244705200195
30.0,1316530.0,-0.013445585034787655,0.006135923322290182,0.7719140648841858
30.0,1316534.0,-0.013466118834912777,0.006135923322290182,0.7528411746025085
30.0,1316538.0,-0.013490759767591953,0.006135923322290182,0.7397973537445068
30.0,1316541.0,-0.01351950690150261,0.006135923322290182,0.7235485315322876
30.0,1316544.0,-0.013544147834181786,0.006135923322290182,0.7129343152046204
30.0,1316549.0,-0.013568788766860962,0.006135923322290182,0.6963525414466858
30.0,1316552.0,-0.013597535900771618,0.006135923322290182,0.6819241046905518
30.0,1316556.0,-0.013626283034682274,0.006135923322290182,0.6681224703788757
30.0,1316560.0,-0.013642710633575916,0.004601942375302315,0.9213133454322815
30.0,1316564.0,-0.013663244433701038,0.004601942375302315,0.9054888486862183
30.0,1316568.0,-0.013687885366380215,0.004601942375302315,0.8861622214317322
30.0,1316571.0,-0.013720739632844925,0.004601942375302315,0.8705984950065613
30.0,1316575.0,-0.01375359296798706,0.004601942375302315,0.8623326420783997
30.0,1316579.0,-0.013798767700791359,0.004601942375302315,0.8522486090660095
30.0,1316582.0,-0.013852155767381191,0.004601942375302315,0.8455821871757507
30.0,1316595.0,-0.014012319967150688,0.004601942375302315,0.8258592486381531
30.0,1316599.0,-0.01406160183250904,0.006135923322290182,0.5542408227920532
30.0,1316603.0,-0.014102669432759285,0.006135923322290182,0.550808846950531
30.0,1316607.0,-0.014119096100330353,0.006135923322290182,0.5384973883628845
30.0,1316610.0,-0.014123203232884407,0.004601942375302315,0.7871156930923462
30.0,1316614.0,-0.014123203232884407,0.004601942375302315,0.7698847055435181
30.0,1316617.0,-0.014127310365438461,0.004601942375302315,0.7491785287857056
30.0,1316622.0,-0.014135523699223995,0.004601942375302315,0.7307828068733215
30.0,1316625.0,-0.01413963083177805,0.004601942375302315,0.7116633057594299
30.0,1316629.0,-0.01413963083177805,0.004601942375302315,0.691801905632019
30.0,1316633.0,-0.01413963083177805,0.004601942375302315,0.6727231740951538
30.0,1316638.0,-0.01413963083177805,0.004601942375302315,0.6499284505844116
30.0,1316642.0,-0.01413963083177805,0.004601942375302315,0.6367914080619812
30.0,1316646.0,-0.01413963083177805,0.004601942375302315,0.6157576441764832
30.0,1316650.0,-0.01413963083177805,0.004601942375302315,0.6036354899406433
30.0,1316653.0,-0.01413963083177805,0.004601942375302315,0.5880308151245117
30.0,1316657.0,-0.01413963083177805,0.004601942375302315,0.5730410814285278
30.0,1316661.0,-0.01413963083177805,0.004601942375302315,0.562187671661377
30.0,1316664.0,-0.01413963083177805,0.003067961661145091,0.8160645365715027
30.0,1316668.0,-0.01413963083177805,0.003067961661145091,0.8014830350875854
30.0,1316672.0,-0.014143737033009529,0.003067961661145091,0.7842003703117371
30.0,1316675.0,-0.014143737033009529,0.003067961661145091,0.7661172151565552
30.0,1316679.0,-0.014147844165563583,0.003067961661145091,0.7502085566520691
30.0,1316683.0,-0.014147844165563583,0.003067961661145091,0.7375926971435547
30.0,1316687.0,-0.014147844165563583,0.003067961661145091,0.7213525176048279
30.0,1316691.0,-0.014151950366795063,0.003067961661145091,0.7072268724441528
30.0,1316694.0,-0.014151950366795063,0.003067961661145091,0.692189633846283
30.0,1316698.0,-0.014151950366795063,0.003067961661145091,0.6813018321990967
30.0,1316701.0,-0.014151950366795063,0.003067961661145091,0.6672861576080322
30.0,1316705.0,-0.014151950366795063,0.003067961661145091,0.6571380496025085
30.0,1316709.0,-0.014151950366795063,0.003067961661145091,0.6440744400024414
30.0,1316712.0,-0.014151950366795063,0.003067961661145091,0.6315256953239441
30.0,1316716.0,-0.014151950366795063,0.003067961661145091,0.6194713711738586
30.0,1316720.0,-0.014151950366795063,0.003067961661145091,0.6078920364379883
30.0,1316723.0,-0.014151950366795063,0.003067961661145091,0.5995079278945923
30.0,1316727.0,-0.014151950366795063,0.003067961661145091,0.5887152552604675
30.0,1316731.0,-0.014151950366795063,0.003067961661145091,0.5809007287025452
30.0,1316734.0,-0.014151950366795063,0.003067961661145091,0.5708412528038025
30.0,1316738.0,-0.014151950366795063,0.003067961661145091,0.5635576248168945
30.0,1316741.0,-0.014151950366795063,0.003067961661145091,0.5541815161705017
30.0,1316745.0,-0.014151950366795063,0.003067961661145091,0.5408055186271667
30.0,1316751.0,-0.014151950366795063,0.003067961661145091,0.5344139933586121
30.0,1316754.0,-0.014151950366795063,0.003067961661145091,0.5261862277984619
30.0,1316758.0,-0.014151950366795063,0.003067961661145091,0.520228922367096
30.0,1316763.0,-0.014151950366795063,0.003067961661145091,0.5106906294822693
30.0,1316767.0,-0.014151950366795063,0.003067961661145091,0.5033977031707764
30.0,1316770.0,-0.014151950366795063,0.003067961661145091,0.4963921308517456
30.0,1316774.0,-0.014151950366795063,0.003067961661145091,0.7590296268463135
30.0,1316778.0,-0.014151950366795063,0.0015339808305725455,0.7496465444564819
30.0,1316781.0,-0.014151950366795063,0.0015339808305725455,0.7375679016113281
30.0,1316794.0,-0.014151950366795063,0.0015339808305725455,0.7041133046150208
30.0,1316798.0,-0.014151950366795063,0.0015339808305725455,0.693828821182251
30.0,1316803.0,-0.014156057499349117,0.0015339808305725455,0.6829900741577148
30.0,1316807.0,-0.014156057499349117,0.0015339808305725455,0.6735443472862244
30.0,1316812.0,-0.014156057499349117,0.0015339808305725455,0.6622588634490967
30.0,1316815.0,-0.014156057499349117,0.0015339808305725455,0.6536300182342529
30.0,1316819.0,-0.014156057499349117,0.0015339808305725455,0.6453412175178528
30.0,1316823.0,-0.014156057499349117,0.0015339808305725455,0.6393396258354187
30.0,1316828.0,-0.014156057499349117,0.0015339808305725455,0.6278659701347351
30.0,1316832.0,-0.014156057499349117,0.0015339808305725455,0.6223834156990051
30.0,1316835.0,-0.014156057499349117,0.0015339808305725455,0.6153258681297302
30.0,1316839.0,-0.014156057499349117,0.0015339808305725455,0.6085463762283325
30.0,1316843.0,-0.014156057499349117,0.0015339808305725455,0.6020340323448181
30.0,1316847.0,-0.014156057499349117,0.0015339808305725455,0.5957782864570618
30.0,1316850.0,-0.014156057499349117,0.003067961661145091,0.3218817710876465
30.0,1316854.0,-0.014156057499349117,0.003067961661145091,0.3220350742340088
30.0,1316858.0,-0.014156057499349117,0.003067961661145091,0.32214605808258057
30.0,1316862.0,-0.014156057499349117,0.003067961661145091,0.32228896021842957
30.0,1316865.0,-0.014156057499349117,0.003067961661145091,0.3224261999130249
30.0,1316869.0,-0.014156057499349117,0.003067961661145091,0.32255804538726807
30.0,1316873.0,-0.014156057499349117,0.003067961661145091,0.32265350222587585
30.0,1316877.0,-0.014156057499349117,0.003067961661145091,0.3227764070034027
30.0,1316880.0,-0.014156057499349117,0.003067961661145091,0.32289445400238037
30.0,1316884.0,-0.014156057499349117,0.003067961661145091,0.3229799270629883
30.0,1316888.0,-0.014156057499349117,0.003067961661145091,0.32308992743492126
30.0,1316891.0,-0.014151950366795063,0.003067961661145091,0.321694016456604
30.0,1316895.0,-0.014151950366795063,0.003067961661145091,0.3218103051185608
30.0,1316898.0,-0.014151950366795063,0.003067961661145091,0.3219600021839142
30.0,1316902.0,-0.014151950366795063,0.003067961661145091,0.3221037983894348
30.0,1316906.0,-0.014151950366795063,0.003067961661145091,0.3222419321537018
30.0,1316910.0,-0.014151950366795063,0.003067961661145091,0.3223419785499573
30.0,1316913.0,-0.014151950366795063,0.003067961661145091,0.3224707245826721
30.0,1316917.0,-0.014151950366795063,0.003067961661145091,0.32259440422058105
30.0,1316921.0,-0.014151950366795063,0.003067961661145091,0.3226839303970337
30.0,1316924.0,-0.014151950366795063,0.003067961661145091,0.3227992355823517
30.0,1316928.0,-0.014151950366795063,0.003067961661145091,0.322909951210022
30.0,1316932.0,-0.014151950366795063,0.003067961661145091,0.32299014925956726
30.0,1316935.0,-0.014151950366795063,0.003067961661145091,0.32309335470199585
30.0,1316941.0,-0.014151950366795063,0.003067961661145091,0.32321667671203613
30.0,1316944.0,-0.014151950366795063,0.003067961661145091,0.3233109414577484
30.0,1316948.0,-0.014151950366795063,0.003067961661145091,0.3234015107154846
30.0,1316952.0,-0.014151950366795063,0.003067961661145091,0.3234885334968567
30.0,1316957.0,-0.014151950366795063,0.003067961661145091,0.3235720992088318
30.0,1316960.0,-0.014151950366795063,0.003067961661145091,0.32365238666534424
30.0,1316964.0,-0.014151950366795063,0.003067961661145091,0.32371050119400024
30.0,1316968.0,-0.014151950366795063,0.003067961661145091,0.32378533482551575
30.0,1316971.0,-0.014151950366795063,0.003067961661145091,0.32385721802711487
30.0,1316975.0,-0.014151950366795063,0.003067961661145091,0.32392627000808716
30.0,1316979.0,-0.014151950366795063,0.003067961661145091,0.3239762485027313
30.0,1316982.0,-0.014151950366795063,0.003067961661145091,0.32404062151908875
30.0,1316995.0,-0.014151950366795063,0.004601942375302315,0.054851874709129333
30.0,1317002.0,-0.014147844165563583,0.004601942375302315,0.06520373374223709
30.0,1317007.0,-0.014143737033009529,0.004601942375302315,0.06934002786874771
30.0,1317010.0,-0.014143737033009529,0.004601942375302315,0.07479517161846161
30.0,1317014.0,-0.01413963083177805,0.004601942375302315,0.0785738155245781
30.0,1317019.0,-0.01413963083177805,0.004601942375302315,0.08489828556776047
30.0,1317023.0,-0.014135523699223995,0.004601942375302315,0.0882720947265625
30.0,1317027.0,-0.014135523699223995,0.004601942375302315,0.0929684117436409
30.0,1317031.0,-0.014135523699223995,0.004601942375302315,0.09636879712343216
30.0,1317034.0,-0.014135523699223995,0.004601942375302315,0.10074606537818909
30.0,1317038.0,-0.014135523699223995,0.004601942375302315,0.10495085269212723
30.0,1317042.0,-0.014135523699223995,0.004601942375302315,0.10799535363912582
30.0,1317045.0,-0.014135523699223995,0.004601942375302315,0.1119145005941391
30.0,1317050.0,-0.014135523699223995,0.004601942375302315,0.11567920446395874
30.0,1317053.0,-0.014135523699223995,0.004601942375302315,0.11929558217525482
30.0,1317057.0,-0.014131416566669941,0.004601942375302315,0.12130758911371231
30.0,1317060.0,-0.014131416566669941,0.004601942375302315,0.12386144697666168
30.0,1317064.0,-0.014131416566669941,0.004601942375302315,0.12714898586273193
30.0,1317068.0,-0.014131416566669941,0.004601942375302315,0.12952935695648193
30.0,1317072.0,-0.014131416566669941,0.004601942375302315,0.1325935572385788
30.0,1317075.0,-0.014131416566669941,0.004601942375302315,0.1355370283126831
30.0,1317079.0,-0.014131416566669941,0.006135923322290182,-0.1294838935136795
30.0,1317083.0,-0.014131416566669941,0.006135923322290182,-0.12297122180461884
30.0,1317088.0,-0.014123203232884407,0.006135923322290182,-0.11349672079086304
30.0,1317092.0,-0.014114989899098873,0.006135923322290182,-0.10846209526062012
30.0,1317096.0,-0.014102669432759285,0.006135923322290182,-0.1051139384508133
30.0,1317100.0,-0.014094456098973751,0.006135923322290182,-0.10191695392131805
30.0,1317104.0,-0.014082135632634163,0.006135923322290182,-0.09923426061868668
30.0,1317108.0,-0.014069815166294575,0.006135923322290182,-0.09630101174116135
30.0,1317111.0,-0.01406160183250904,0.006135923322290182,-0.09202729910612106
30.0,1317115.0,-0.014057494699954987,0.006135923322290182,-0.08818425983190536
30.0,1317118.0,-0.014053388498723507,0.006135923322290182,-0.08276139199733734
30.0,1317123.0,-0.014049281366169453,0.006135923322290182,-0.07755894958972931
30.0,1317127.0,-0.014049281366169453,0.006135923322290182,-0.07109292596578598
30.0,1317130.0,-0.014049281366169453,0.006135923322290182,-0.06488168984651566
30.0,1317133.0,-0.014049281366169453,0.006135923322290182,-0.06038442254066467
30.0,1317139.0,-0.014045174233615398,0.006135923322290182,-0.054672081023454666
30.0,1317142.0,-0.014045174233615398,0.0076699042692780495,-0.3139708340167999
30.0,1317146.0,-0.014045174233615398,0.0076699042692780495,-0.3028257191181183
30.0,1317150.0,-0.014036960899829865,0.0076699042692780495,-0.2965579330921173
30.0,1317155.0,-0.014016427099704742,0.0076699042692780495,-0.2920442223548889
30.0,1317158.0,-0.013991786167025566,0.0076699042692780495,-0.29069751501083374
30.0,1317162.0,-0.013975359499454498,0.0076699042692780495,-0.2894551157951355
30.0,1317166.0,-0.013950718566775322,0.0076699042692780495,-0.288300484418869
30.0,1317171.0,-0.013917864300310612,0.0076699042692780495,-0.2862204909324646
30.0,1317176.0,-0.013889117166399956,0.0076699042692780495,-0.2857736647129059
30.0,1317181.0,-0.0138603700324893,0.0076699042692780495,-0.28341034054756165
30.0,1317184.0,-0.013843942433595657,0.0076699042692780495,-0.281172513961792
30.0,1317188.0,-0.01382751576602459,0.0076699042692780495,-0.2775663733482361
30.0,1317191.0,-0.013815195299685001,0.0076699042692780495,-0.2734707295894623
30.0,1317204.0,-0.01378644723445177,0.00920388475060463,-0.5202720761299133
30.0,1317208.0,-0.013774127699434757,0.00920388475060463,-0.5104960203170776
30.0,1317211.0,-0.013757700100541115,0.00920388475060463,-0.5040748119354248
30.0,1317215.0,-0.013728952966630459,0.00920388475060463,-0.5027895569801331
30.0,1317219.0,-0.013691991567611694,0.00920388475060463,-0.502668559551239
30.0,1317222.0,-0.013659137301146984,0.00920388475060463,-0.5040715932846069
30.0,1317225.0,-0.01361396349966526,0.00920388475060463,-0.5069583654403687
30.0,1317229.0,-0.013568788766860962,0.00920388475060463,-0.5102258920669556
30.0,1317233.0,-0.013535934500396252,0.00920388475060463,-0.5119652152061462
30.0,1317237.0,-0.013490759767591953,0.00920388475060463,-0.5147204995155334
30.0,1317240.0,-0.013453798368573189,0.00920388475060463,-0.5189389586448669
30.0,1317244.0,-0.01340451743453741,0.00920388475060463,-0.52204430103302
30.0,1317248.0,-0.013351129367947578,0.00920388475060463,-0.5295716524124146
30.0,1317253.0,-0.013281314633786678,0.00920388475060463,-0.5354723930358887
30.0,1317256.0,-0.013215606100857258,0.00920388475060463,-0.5451264977455139
30.0,1317260.0,-0.013145790435373783,0.00920388475060463,-0.5560043454170227
30.0,1317265.0,-0.013055441901087761,0.00920388475060463,-0.5724430084228516
30.0,1317270.0,-0.01298973336815834,0.00920388475060463,-0.5788968801498413
30.0,1317273.0,-0.012940451502799988,0.00920388475060463,-0.587268590927124
30.0,1317277.0,-0.012878850102424622,0.00920388475060463,-0.5939511656761169
30.0,1317281.0,-0.01282546203583479,0.00920388475060463,-0.5955098867416382
30.0,1317285.0,-0.012780287303030491,0.00920388475060463,-0.5960955023765564
30.0,1317289.0,-0.012743326835334301,0.00920388475060463,-0.593765139579773
30.0,1317292.0,-0.012718685902655125,0.010737866163253784,-0.8594768047332764
30.0,1317296.0,-0.012689938768744469,0.010737866163253784,-0.8485578894615173
30.0,1317299.0,-0.012661190703511238,0.010737866163253784,-0.8403175473213196
30.0,1317303.0,-0.012624230235815048,0.010737866163253784,-0.8382852673530579
30.0,1317306.0,-0.012570842169225216,0.010737866163253784,-0.8372383117675781
30.0,1317310.0,-0.012521560303866863,0.010737866163253784,-0.8407670259475708
30.0,1317315.0,-0.012427104637026787,0.010737866163253784,-0.8486843109130859
30.0,1317319.0,-0.012340862303972244,0.010737866163253784,-0.8593876957893372
30.0,1317322.0,-0.012262833304703236,0.010737866163253784,-0.877204954624176
30.0,1317326.0,-0.012143736705183983,0.010737866163253784,-0.9004127979278564
30.0,1317331.0,-0.011971252970397472,0.010737866163253784,-0.9288381934165955
30.0,1317334.0,-0.0118562625721097,0.010737866163253784,-0.9622744917869568
30.0,1317338.0,-0.011691992171108723,0.00920388475060463,-0.7225215435028076
30.0,1317341.0,-0.011556467972695827,0.00920388475060463,-0.7687695026397705
30.0,1317345.0,-0.011383983306586742,0.00920388475060463,-0.7994647026062012
30.0,1317349.0,-0.011211498640477657,0.00920388475060463,-0.8494201302528381
30.0,1317353.0,-0.011039013974368572,0.0076699042692780495,-0.6102290153503418
30.0,1317357.0,-0.010866530239582062,0.0076699042692780495,-0.6543141007423401
30.0,1317360.0,-0.010743326507508755,0.0076699042692780495,-0.6924805045127869
30.0,1317364.0,-0.010595482774078846,0.0076699042692780495,-0.724967896938324
30.0,1317368.0,-0.010451745241880417,0.0076699042692780495,-0.7534428238868713
30.0,1317372.0,-0.010312114842236042,0.0076699042692780495,-0.7749479413032532
30.0,1317376.0,-0.010168378241360188,0.0076699042692780495,-0.8106666207313538
30.0,1317380.0,-0.010020533576607704,0.0076699042692780495,-0.8393945693969727
30.0,1317384.0,-0.009868582710623741,0.0076699042692780495,-0.8618354797363281
30.0,1317388.0,-0.009712525643408298,0.006135923322290182,-0.624058723449707
30.0,1317391.0,-0.009593429043889046,0.006135923322290182,-0.6591132879257202
30.0,1317404.0,-0.009088295511901379,0.006135923322290182,-0.757514238357544
30.0,1317408.0,-0.008944558911025524,0.006135923322290182,-0.7892029285430908
30.0,1317412.0,-0.00880492851138115,0.006135923322290182,-0.807929277420044
30.0,1317415.0,-0.008702258579432964,0.006135923322290182,-0.8297677040100098
30.0,1317419.0,-0.00855852197855711,0.006135923322290182,-0.8553949594497681
30.0,1317422.0,-0.008402463980019093,0.006135923322290182,-0.8770789504051208
30.0,1317427.0,-0.008234086446464062,0.006135923322290182,-0.9086995124816895
30.0,1317430.0,-0.008053388446569443,0.004601942375302315,-0.6789049506187439
30.0,1317434.0,-0.007913758046925068,0.004601942375302315,-0.7201356291770935
30.0,1317438.0,-0.0077371662482619286,0.004601942375302315,-0.7475796937942505
30.0,1317442.0,-0.007568788714706898,0.004601942375302315,-0.7884067296981812
30.0,1317446.0,-0.007412731181830168,0.004601942375302315,-0.8142907023429871
30.0,1317449.0,-0.007260780315846205,0.004601942375302315,-0.8335787653923035
30.0,1317453.0,-0.007149897515773773,0.004601942375302315,-0.8509276509284973
30.0,1317458.0,-0.006969199050217867,0.004601942375302315,-0.8775052428245544
30.0,1317461.0,-0.006825461983680725,0.004601942375302315,-0.8978005647659302
30.0,1317465.0,-0.0067186858505010605,0.004601942375302315,-0.9175204634666443
30.0,1317469.0,-0.0065667349845170975,0.004601942375302315,-0.9426271319389343
30.0,1317473.0,-0.006394250318408012,0.004601942375302315,-0.7005771994590759
30.0,1317477.0,-0.006213552318513393,0.003067961661145091,-0.729884684085846
30.0,1317480.0,-0.006069815251976252,0.003067961661145091,-0.7703379988670349
30.0,1317484.0,-0.005885010119527578,0.003067961661145091,-0.7964634299278259
30.0,1317488.0,-0.005708418786525726,0.003067961661145091,-0.8288399577140808
30.0,1317491.0,-0.005535934120416641,0.003067961661145091,-0.8587550520896912
30.0,1317495.0,-0.0054086241871118546,0.003067961661145091,-0.8862590193748474
30.0,1317499.0,-0.0052361395210027695,0.003067961661145091,-0.9144302606582642
30.0,1317504.0,-0.005026693921536207,0.003067961661145091,-0.9402856230735779
30.0,1317508.0,-0.004854209255427122,0.003067961661145091,-0.9668734669685364
30.0,1317511.0,-0.004714578855782747,0.0015339808305725455,-0.7322903275489807
30.0,1317515.0,-0.004517453722655773,0.0015339808305725455,-0.773398756980896
30.0,1317520.0,-0.004266940522938967,0.0015339808305725455,-0.8210855722427368
30.0,1317524.0,-0.004065708257257938,0.0015339808305725455,-0.8502876162528992
30.0,1317528.0,-0.0038685831241309643,0.0015339808305725455,-0.8861808180809021
30.0,1317531.0,-0.003716632490977645,0.0015339808305725455,-0.9224555492401123
30.0,1317534.0,-0.0035112935584038496,0.0,-0.6814020872116089
30.0,1317538.0,-0.0033511293586343527,0.0,-0.726111650466919
30.0,1317542.0,-0.0031416837591677904,0.0,-0.7664295434951782
30.0,1317546.0,-0.0029404517263174057,0.0,-0.795075535774231
30.0,1317549.0,-0.0027926077600568533,0.0,-0.8302708268165588
30.0,1317553.0,-0.002599589293822646,0.0,-0.8544818758964539
30.0,1317556.0,-0.002406570827588439,0.0,-0.8863934278488159
30.0,1317560.0,-0.002266940427944064,0.0,-0.6465069055557251
30.0,1317564.0,-0.0020821355283260345,-0.0015339808305725455,-0.6703147292137146
30.0,1317568.0,-0.0018932238453999162,-0.0015339808305725455,-0.7041592597961426
30.0,1317571.0,-0.0017618070123717189,-0.0015339808305725455,-0.7325535416603088
30.0,1317574.0,-0.0015893223462626338,-0.0015339808305725455,-0.7514057159423828
30.0,1317578.0,-0.0014291581464931369,-0.0015339808305725455,-0.7724467515945435
30.0,1317582.0,-0.0013141683302819729,-0.0015339808305725455,-0.7860010266304016
30.0,1317585.0,-0.0012032854137942195,-0.0015339808305725455,-0.8016837239265442
30.0,1317589.0,-0.001055441447533667,-0.0015339808305725455,-0.8169792890548706
30.0,1317602.0,-0.0005420944653451443,-0.0015339808305725455,-0.8770632743835449
30.0,1317607.0,-0.0003367556491866708,-0.0015339808305725455,-0.896353006362915
30.0,1317610.0,-0.00020944558491464704,-0.0015339808305725455,-0.9166273474693298
30.0,1317614.0,-3.696098428918049e-05,-0.0015339808305725455,-0.9333486557006836
30.0,1317618.0,0.0001437371684005484,-0.0015339808305725455,-0.9570712447166443
30.0,1317621.0,0.000283367553493008,-0.003067961661145091,-0.7137373685836792
30.0,1317625.0,0.00048049280303530395,-0.003067961661145091,-0.7479864954948425
30.0,1317629.0,0.0006776180816814303,-0.003067961661145091,-0.7811807990074158
30.0,1317633.0,0.0009117043227888644,-0.003067961661145091,-0.8089496493339539
30.0,1317638.0,0.0010965092806145549,-0.003067961661145091,-0.8358997106552124
30.0,1317641.0,0.001232032896950841,-0.003067961661145091,-0.8621029257774353
30.0,1317645.0,0.001425051363185048,-0.003067961661145091,-0.9036763310432434
30.0,1317650.0,0.00166324432939291,-0.004601942375302315,-0.6529322266578674
30.0,1317654.0,0.0018562627956271172,-0.004601942375302315,-0.6885961890220642
30.0,1317658.0,0.002053388161584735,-0.004601942375302315,-0.7119930386543274
30.0,1317661.0,0.002188911661505699,-0.004601942375302315,-0.7384405732154846
30.0,1317664.0,0.002365502994507551,-0.004601942375302315,-0.7562878131866455
30.0,1317669.0,0.0025338809937238693,-0.004601942375302315,-0.7770129442214966
30.0,1317672.0,0.0027063654270023108,-0.004601942375302315,-0.7986855506896973
30.0,1317676.0,0.002837782260030508,-0.004601942375302315,-0.819773256778717
30.0,1317680.0,0.003010266926139593,-0.004601942375302315,-0.8417743444442749
30.0,1317684.0,0.0031909651588648558,-0.004601942375302315,-0.859006941318512
30.0,1317688.0,0.003367556491866708,-0.006135923322290182,-0.6136307716369629
30.0,1317691.0,0.003498973324894905,-0.006135923322290182,-0.638412356376648
30.0,1317695.0,0.0036673510912805796,-0.006135923322290182,-0.6609854698181152
30.0,1317699.0,0.0038234086241573095,-0.006135923322290182,-0.6734117865562439
30.0,1317702.0,0.003963038790971041,-0.006135923322290182,-0.6846703886985779
30.0,1317706.0,0.0040574949234724045,-0.006135923322290182,-0.689790666103363
30.0,1317710.0,0.004168377723544836,-0.006135923322290182,-0.689900815486908
30.0,1317714.0,0.0042628338560462,-0.006135923322290182,-0.6847578883171082
30.0,1317718.0,0.004344969056546688,-0.006135923322290182,-0.6755402684211731
30.0,1317721.0,0.00439835712313652,-0.004601942375302315,-0.9272061586380005
30.0,1317725.0,0.004464065656065941,-0.004601942375302315,-0.9122496843338013
30.0,1317728.0,0.0045462013222277164,-0.004601942375302315,-0.8990256190299988
30.0,1317732.0,0.004636550322175026,-0.004601942375302315,-0.889427125453949
30.0,1317736.0,0.004714578855782747,-0.004601942375302315,-0.8862606883049011
30.0,1317740.0,0.004833675455302,-0.004601942375302315,-0.8893118500709534
30.0,1317744.0,0.004965092521160841,-0.004601942375302315,-0.8938701152801514
30.0,1317748.0,0.005108829587697983,-0.004601942375302315,-0.9073503017425537
30.0,1317752.0,0.005260780453681946,-0.004601942375302315,-0.9176406264305115
30.0,1317755.0,0.005416837986558676,-0.004601942375302315,-0.9321156740188599
30.0,1317760.0,0.0055893221870064735,-0.004601942375302315,-0.9563719630241394
30.0,1317764.0,0.005765913985669613,-0.006135923322290182,-0.7038635611534119
30.0,1317768.0,0.005946611985564232,-0.006135923322290182,-0.731796383857727
30.0,1317771.0,0.006131416652351618,-0.006135923322290182,-0.7603723406791687
30.0,1317777.0,0.006344969384372234,-0.006135923322290182,-0.7886481881141663
30.0,1317780.0,0.006513346917927265,-0.006135923322290182,-0.8096796870231628
30.0,1317784.0,0.006636550184339285,-0.006135923322290182,-0.8286835551261902
30.0,1317788.0,0.00680903485044837,-0.006135923322290182,-0.8516330718994141
30.0,1317792.0,0.006981519516557455,-0.0076699042692780495,-0.598714292049408
30.0,1317804.0,0.007474332582205534,-0.0076699042692780495,-0.6666756272315979
30.0,1317808.0,0.007626283448189497,-0.0076699042692780495,-0.6837199926376343
30.0,1317811.0,0.007761807180941105,-0.0076699042692780495,-0.694416880607605
30.0,1317815.0,0.007860369980335236,-0.0076699042692780495,-0.7019273638725281
30.0,1317819.0,0.007979466579854488,-0.0076699042692780495,-0.7056378722190857
30.0,1317823.0,0.008114989846944809,-0.0076699042692780495,-0.7064266204833984
30.0,1317827.0,0.008225873112678528,-0.0076699042692780495,-0.708115816116333
30.0,1317831.0,0.008303901180624962,-0.0076699042692780495,-0.7076005935668945
30.0,1317834.0,0.00838193017989397,-0.0076699042692780495,-0.7080631852149963
30.0,1317839.0,0.008521560579538345,-0.0076699042692780495,-0.7095574736595154
30.0,1317843.0,0.00862833671271801,-0.0076699042692780495,-0.7108513116836548
30.0,1317847.0,0.008735112845897675,-0.0076699042692780495,-0.7116923332214355
30.0,1317850.0,0.008809034712612629,-0.0076699042692780495,-0.7111923098564148
30.0,1317854.0,0.008911704644560814,-0.0076699042692780495,-0.7078688144683838
30.0,1317858.0,0.009002053178846836,-0.0076699042692780495,-0.7051891088485718
30.0,1317861.0,0.009084189310669899,-0.0076699042692780495,-0.6979343891143799
30.0,1317865.0,0.009145790711045265,-0.0076699042692780495,-0.6910933256149292
30.0,1317869.0,0.009244353510439396,-0.0076699042692780495,-0.6831620931625366
30.0,1317873.0,0.009301847778260708,-0.0076699042692780495,-0.6756649613380432
30.0,1317877.0,0.009379876777529716,-0.0076699042692780495,-0.669950008392334
30.0,1317880.0,0.009433264844119549,-0.0076699042692780495,-0.660209059715271
30.0,1317884.0,0.009515400044620037,-0.0076699042692780495,-0.6494987607002258
30.0,1317888.0,0.009560574777424335,-0.0076699042692780495,-0.6363370418548584
30.0,1317892.0,0.009605749510228634,-0.0076699042692780495,-0.6231425404548645
30.0,1317895.0,0.009646817110478878,-0.0076699042692780495,-0.6052340865135193
30.0,1317899.0,0.009667350910604,-0.0076699042692780495,-0.5836572647094727
30.0,1317903.0,0.009687884710729122,-0.0076699042692780495,-0.564720869064331
30.0,1317907.0,0.00970020517706871,-0.006135923322290182,-0.8037351369857788
30.0,1317910.0,0.00970020517706871,-0.006135923322290182,-0.7686859965324402
30.0,1317914.0,0.009708418510854244,-0.006135923322290182,-0.7394692897796631
30.0,1317918.0,0.009720738977193832,-0.006135923322290182,-0.7179369330406189
30.0,1317921.0,0.00973305944353342,-0.006135923322290182,-0.6907386779785156
30.0,1317925.0,0.009741272777318954,-0.006135923322290182,-0.6646314263343811
30.0,1317929.0,0.009749487042427063,-0.004601942375302315,-0.9029667973518372
30.0,1317934.0,0.009761806577444077,-0.004601942375302315,-0.8717104196548462
30.0,1317938.0,0.009786447510123253,-0.004601942375302315,-0.8475984334945679
30.0,1317941.0,0.009815194644033909,-0.004601942375302315,-0.8259629607200623
30.0,1317945.0,0.00984394270926714,-0.004601942375302315,-0.8081880807876587
30.0,1317950.0,0.009897330775856972,-0.004601942375302315,-0.7866549491882324
30.0,1317954.0,0.009926077909767628,-0.004601942375302315,-0.7720452547073364
30.0,1317958.0,0.009967145510017872,-0.004601942375302315,-0.7607550621032715
30.0,1317961.0,0.009995893575251102,-0.004601942375302315,-0.7472617626190186
30.0,1317965.0,0.010036961175501347,-0.004601942375302315,-1.0037447214126587
30.0,1317969.0,0.010082135908305645,-0.003067961661145091,-0.9906815886497498
30.0,1317972.0,0.010127309709787369,-0.003067961661145091,-0.9744388461112976
30.0,1317976.0,0.010176591575145721,-0.003067961661145091,-0.9678096175193787
30.0,1317980.0,0.01025872677564621,-0.003067961661145091,-0.9664313197135925
30.0,1317984.0,0.01035728957504034,-0.004601942375302315,-0.7028384804725647
30.0,1317988.0,0.010480492375791073,-0.004601942375302315,-0.7218801975250244
30.0,1317991.0,0.010566734708845615,-0.004601942375302315,-0.737388014793396
30.0,1318004.0,0.010919918306171894,-0.004601942375302315,-0.774013876914978
30.0,1318008.0,0.01101848017424345,-0.004601942375302315,-0.782200276851654
30.0,1318011.0,0.011088295839726925,-0.004601942375302315,-0.789280354976654
30.0,1318017.0,0.01123203244060278,-0.006135923322290182,-0.5323684811592102
30.0,1318020.0,0.011305955238640308,-0.006135923322290182,-0.5444592833518982
30.0,1318024.0,0.011388090439140797,-0.006135923322290182,-0.5499770641326904
30.0,1318028.0,0.011453798972070217,-0.006135923322290182,-0.5512664318084717
30.0,1318031.0,0.011494866572320461,-0.006135923322290182,-0.5436916351318359
30.0,1318035.0,0.011519507504999638,-0.006135923322290182,-0.5335429906845093
30.0,1318039.0,0.01154414750635624,-0.006135923322290182,-0.5178793668746948
30.0,1318043.0,0.011548254638910294,-0.006135923322290182,-0.5035955309867859
30.0,1318047.0,0.011548254638910294,-0.004601942375302315,-0.749602735042572
30.0,1318050.0,0.011552361771464348,-0.004601942375302315,-0.7256895899772644
30.0,1318054.0,0.011560575105249882,-0.004601942375302315,-0.7102477550506592
30.0,1318058.0,0.011568788439035416,-0.004601942375302315,-0.6893792748451233
30.0,1318061.0,0.01157700177282095,-0.004601942375302315,-0.6708211302757263
30.0,1318065.0,0.011589322239160538,-0.004601942375302315,-0.6570295691490173
30.0,1318069.0,0.011597535572946072,-0.004601942375302315,-0.6383163332939148
30.0,1318072.0,0.011597535572946072,-0.004601942375302315,-0.6188786625862122
30.0,1318076.0,0.011601642705500126,-0.004601942375302315,-0.5987116694450378
30.0,1318080.0,0.011601642705500126,-0.004601942375302315,-0.5808410048484802
30.0,1318084.0,0.01160574983805418,-0.004601942375302315,-0.5667746067047119
30.0,1318089.0,0.01160574983805418,-0.003067961661145091,-0.8018069267272949
30.0,1318093.0,0.01160985603928566,-0.003067961661145091,-0.7820446491241455
30.0,1318097.0,0.011622176505625248,-0.003067961661145091,-0.7645489573478699
30.0,1318101.0,0.01163860410451889,-0.003067961661145091,-0.7530049085617065
30.0,1318104.0,0.011655030772089958,-0.003067961661145091,-0.7396548986434937
30.0,1318108.0,0.01167556457221508,-0.003067961661145091,-0.7303901314735413
30.0,1318112.0,0.011696098372340202,-0.003067961661145091,-0.7180022597312927
30.0,1318115.0,0.011716632172465324,-0.003067961661145091,-0.7061346173286438
30.0,1318119.0,0.011728952638804913,-0.003067961661145091,-0.6932653784751892
30.0,1318123.0,0.011745380237698555,-0.003067961661145091,-0.6824301481246948
30.0,1318128.0,0.011770020239055157,-0.003067961661145091,-0.6705521941184998
30.0,1318131.0,0.011782340705394745,-0.003067961661145091,-0.6591684222221375
30.0,1318135.0,0.011798768304288387,-0.003067961661145091,-0.6509426832199097
30.0,1318140.0,0.01181930210441351,-0.003067961661145091,-0.6352596879005432
30.0,1318144.0,0.011831622570753098,-0.003067961661145091,-0.6262862682342529
30.0,1318148.0,0.011848049238324165,-0.003067961661145091,-0.6167425513267517
30.0,1318151.0,0.011860369704663754,-0.003067961661145091,-0.6060992479324341
30.0,1318155.0,0.011872690171003342,-0.003067961661145091,-0.595894455909729
30.0,1318159.0,0.011880903504788876,-0.003067961661145091,-0.5881478786468506
30.0,1318162.0,0.01188911683857441,-0.003067961661145091,-0.5786959528923035
30.0,1318167.0,0.011901437304913998,-0.0015339808305725455,-0.8330169916152954
30.0,1318170.0,0.011909650638699532,-0.0015339808305725455,-0.820080041885376
30.0,1318174.0,0.011934291571378708,-0.0015339808305725455,-0.8122209310531616
30.0,1318177.0,0.011975359171628952,-0.0015339808305725455,-0.8090435862541199
30.0,1318181.0,0.012024641036987305,-0.003067961661145091,-0.5396649837493896
30.0,1318185.0,0.012073921971023083,-0.003067961661145091,-0.5531158447265625
30.0,1318189.0,0.012147843837738037,-0.003067961661145091,-0.5661192536354065
30.0,1318193.0,0.012213552370667458,-0.003067961661145091,-0.5744948983192444
30.0,1318205.0,0.012373716570436954,-0.003067961661145091,-0.5927269458770752
30.0,1318209.0,0.012410677969455719,-0.003067961661145091,-0.5927527546882629
30.0,1318213.0,0.01244353223592043,-0.003067961661145091,-0.5917083024978638
30.0,1318216.0,0.012472279369831085,-0.003067961661145091,-0.5889069437980652
30.0,1318220.0,0.012488706037402153,-0.003067961661145091,-0.5832980275154114
30.0,1318224.0,0.012505133636295795,-0.003067961661145091,-0.5781567692756653
30.0,1318228.0,0.012521560303866863,-0.003067961661145091,-0.5715608596801758
30.0,1318231.0,0.012525667436420918,-0.003067961661145091,-0.5607994198799133
30.0,1318234.0,0.012529774568974972,-0.003067961661145091,-0.5533888339996338
30.0,1318238.0,0.012529774568974972,-0.003067961661145091,-0.541881263256073
30.0,1318242.0,0.012529774568974972,-0.003067961661145091,-0.5335491895675659
30.0,1318245.0,0.012529774568974972,-0.003067961661145091,-0.5228233933448792
30.0,1318250.0,0.012529774568974972,-0.003067961661145091,-0.5100085139274597
30.0,1318254.0,0.012529774568974972,-0.003067961661145091,-0.5026230812072754
30.0,1318258.0,0.012529774568974972,-0.003067961661145091,-0.4931159019470215
30.0,1318262.0,0.012529774568974972,-0.003067961661145091,-0.4817570149898529
30.0,1318267.0,0.012529774568974972,-0.003067961661145091,-0.47307202219963074
30.0,1318270.0,0.012529774568974972,-0.003067961661145091,-0.46472927927970886
30.0,1318274.0,0.012529774568974972,-0.003067961661145091,-0.45671528577804565
30.0,1318279.0,0.012529774568974972,-0.003067961661145091,-0.4471403658390045
30.0,1318283.0,0.012529774568974972,-0.003067961661145091,-0.44162216782569885
30.0,1318287.0,0.012529774568974972,-0.003067961661145091,-0.4345186650753021
30.0,1318290.0,0.012529774568974972,-0.003067961661145091,-0.42769506573677063
30.0,1318294.0,0.012529774568974972,-0.003067961661145091,-0.4211403727531433
30.0,1318298.0,0.012529774568974972,-0.003067961661145091,-0.41484391689300537
30.0,1318302.0,0.012529774568974972,-0.003067961661145091,-0.41028496623039246
30.0,1318305.0,0.012529774568974972,-0.003067961661145091,-0.4044162631034851
30.0,1318310.0,0.012529774568974972,-0.003067961661145091,-0.39877885580062866
30.0,1318313.0,0.012529774568974972,-0.003067961661145091,-0.3933635652065277
30.0,1318317.0,0.012529774568974972,-0.003067961661145091,-0.38816162943840027
30.0,1318321.0,0.012529774568974972,-0.003067961661145091,-0.38439518213272095
30.0,1318326.0,0.012529774568974972,-0.003067961661145091,-0.37719449400901794
30.0,1318330.0,0.012529774568974972,-0.0015339808305725455,-0.6400986909866333
30.0,1318334.0,0.012529774568974972,-0.0015339808305725455,-0.6298044919967651
30.0,1318338.0,0.012533880770206451,-0.0015339808305725455,-0.6213906407356262
30.0,1318342.0,0.012533880770206451,-0.0015339808305725455,-0.6095117330551147
30.0,1318346.0,0.012533880770206451,-0.0015339808305725455,-0.6004292368888855
30.0,1318350.0,0.012533880770206451,-0.0015339808305725455,-0.5917046070098877
30.0,1318354.0,0.012533880770206451,-0.0015339808305725455,-0.5853874683380127
30.0,1318358.0,0.012537987902760506,-0.0015339808305725455,-0.5787174105644226
30.0,1318361.0,0.012537987902760506,-0.0015339808305725455,-0.5708547234535217
30.0,1318365.0,0.012537987902760506,-0.0015339808305725455,-0.5633018612861633
30.0,1318369.0,0.012537987902760506,-0.0015339808305725455,-0.5560466051101685
30.0,1318373.0,0.012537987902760506,-0.0015339808305725455,-0.5507934093475342
30.0,1318377.0,0.012537987902760506,-0.0015339808305725455,-0.544031023979187
30.0,1318380.0,0.012537987902760506,-0.0015339808305725455,-0.5375351309776306
30.0,1318384.0,0.012537987902760506,-0.0015339808305725455,-0.5328317284584045
30.0,1318388.0,0.012537987902760506,-0.003067961661145091,-0.25892871618270874
30.0,1318391.0,0.012537987902760506,-0.003067961661145091,-0.2590368986129761
30.0,1318395.0,0.012537987902760506,-0.003067961661145091,-0.25914081931114197
30.0,1318408.0,0.012537987902760506,-0.003067961661145091,-0.25945109128952026
30.0,1318412.0,0.012537987902760506,-0.003067961661145091,-0.259517103433609
30.0,1318415.0,0.012537987902760506,-0.003067961661145091,-0.2596020996570587
30.0,1318419.0,0.012537987902760506,-0.003067961661145091,-0.2596837282180786
30.0,1318423.0,0.012537987902760506,-0.003067961661145091,-0.2597428560256958
30.0,1318427.0,0.012537987902760506,-0.003067961661145091,-0.2598189413547516
30.0,1318430.0,0.012537987902760506,-0.003067961661145091,-0.2598920166492462
30.0,1318434.0,0.012537987902760506,-0.003067961661145091,-0.2599622309207916
30.0,1318438.0,0.012537987902760506,-0.003067961661145091,-0.26001307368278503
30.0,1318442.0,0.012537987902760506,-0.003067961661145091,-0.2600785195827484
30.0,1318445.0,0.012537987902760506,-0.003067961661145091,-0.26014140248298645
30.0,1318449.0,0.012537987902760506,-0.003067961661145091,-0.2602017819881439
30.0,1318453.0,0.012537987902760506,-0.003067961661145091,-0.2602597773075104
30.0,1318458.0,0.012537987902760506,-0.003067961661145091,-0.26031550765037537
30.0,1318461.0,0.012537987902760506,-0.003067961661145091,-0.26036903262138367
30.0,1318465.0,0.012537987902760506,-0.003067961661145091,-0.26040780544281006
30.0,1318470.0,0.012537987902760506,-0.003067961661145091,-0.26048189401626587
30.0,1318474.0,0.012537987902760506,-0.003067961661145091,-0.26051729917526245
30.0,1318478.0,0.012537987902760506,-0.003067961661145091,-0.26056286692619324
30.0,1318481.0,0.012537987902760506,-0.003067961661145091,-0.26060664653778076
30.0,1318485.0,0.012537987902760506,-0.003067961661145091,-0.2606487274169922
30.0,1318489.0,0.012537987902760506,-0.003067961661145091,-0.26067915558815
30.0,1318493.0,0.012537987902760506,-0.003067961661145091,-0.26071837544441223
30.0,1318497.0,0.012537987902760506,-0.003067961661145091,-0.2607560157775879
30.0,1318500.0,0.012537987902760506,-0.003067961661145091,-0.26079219579696655
30.0,1318503.0,0.012537987902760506,-0.003067961661145091,-0.26081839203834534
30.0,1318507.0,0.012537987902760506,-0.003067961661145091,-0.2608520984649658
30.0,1318511.0,0.012537987902760506,-0.003067961661145091,-0.26088449358940125
30.0,1318516.0,0.012537987902760506,-0.003067961661145091,-0.2609231770038605
30.0,1318520.0,0.012537987902760506,-0.003067961661145091,-0.26095277070999146
30.0,1318524.0,0.012537987902760506,-0.003067961661145091,-0.2609741687774658
30.0,1318528.0,0.012537987902760506,-0.003067961661145091,-0.2610017657279968
30.0,1318532.0,0.012537987902760506,-0.004601942375302315,0.0023482306860387325
30.0,1318536.0,0.012533880770206451,-0.004601942375302315,-0.0019369781948626041
30.0,1318540.0,0.012533880770206451,-0.004601942375302315,-0.006033875048160553
30.0,1318544.0,0.012529774568974972,-0.004601942375302315,-0.010127018205821514
30.0,1318548.0,0.012529774568974972,-0.004601942375302315,-0.015396066009998322
30.0,1318551.0,0.012525667436420918,-0.004601942375302315,-0.018969260156154633
30.0,1318555.0,0.012525667436420918,-0.004601942375302315,-0.02267337776720524
30.0,1318558.0,0.012525667436420918,-0.004601942375302315,-0.027441632002592087
30.0,1318562.0,0.012525667436420918,-0.004601942375302315,-0.03202199563384056
30.0,1318566.0,0.012525667436420918,-0.004601942375302315,-0.036421872675418854
30.0,1318572.0,0.012525667436420918,-0.004601942375302315,-0.04167873412370682
