State,Step,X,Theta,U
10.0,100174.0,-0.001055441447533667,-0.0015339808305725455,1.0584094524383545
10.0,100178.0,-0.0013388090301305056,0.0,0.8309230804443359
10.0,100181.0,-0.0015605749795213342,0.0,0.8895220160484314
10.0,100185.0,-0.0018521560123190284,0.0,0.9308269619941711
10.0,100189.0,-0.002135523594915867,0.0015339808305725455,0.713627278804779
10.0,100192.0,-0.002344969194382429,0.0015339808305725455,0.769245445728302
10.0,100196.0,-0.0026160164270550013,0.0015339808305725455,0.8163396120071411
10.0,100199.0,-0.0028090348932892084,0.0015339808305725455,0.8479637503623962
10.0,100204.0,-0.003112936392426491,0.003067961661145091,0.6188933253288269
10.0,100209.0,-0.0034127309918403625,0.003067961661145091,0.680329442024231
10.0,100212.0,-0.003581108758226037,0.003067961661145091,0.7052474617958069
10.0,100216.0,-0.0037864476907998323,0.003067961661145091,0.7317489981651306
10.0,100220.0,-0.003975359257310629,0.003067961661145091,0.7521069049835205
10.0,100223.0,-0.004151950590312481,0.003067961661145091,0.7646612524986267
10.0,100227.0,-0.004283367656171322,0.003067961661145091,0.7801090478897095
10.0,100231.0,-0.004451745189726353,0.003067961661145091,0.7907603979110718
10.0,100234.0,-0.004574948456138372,0.003067961661145091,0.8015351295471191
10.0,100238.0,-0.0047268993221223354,0.003067961661145091,0.8077906966209412
10.0,100241.0,-0.004837782122194767,0.003067961661145091,0.8142329454421997
10.0,100244.0,-0.004977412521839142,0.003067961661145091,0.8163542151451111
10.0,100249.0,-0.005117042921483517,0.003067961661145091,0.8201228976249695
10.0,100252.0,-0.005223819520324469,0.003067961661145091,0.8252493143081665
10.0,100256.0,-0.005375769920647144,0.003067961661145091,0.8314374685287476
10.0,100259.0,-0.005494866520166397,0.003067961661145091,0.841778039932251
10.0,100262.0,-0.005659137386828661,0.003067961661145091,0.8504087924957275
10.0,100267.0,-0.005823408719152212,0.003067961661145091,0.8616997003555298
10.0,100270.0,-0.005950718652456999,0.003067961661145091,0.874082088470459
10.0,100274.0,-0.006114989519119263,0.003067961661145091,0.8821842074394226
10.0,100278.0,-0.006287474185228348,0.003067961661145091,0.8954563736915588
10.0,100281.0,-0.006418891251087189,0.003067961661145091,0.9097650051116943
10.0,100284.0,-0.006550307851284742,0.003067961661145091,0.9199399352073669
10.0,100288.0,-0.006731006316840649,0.003067961661145091,0.9363685846328735
10.0,100292.0,-0.006928131449967623,0.003067961661145091,0.9514368772506714
10.0,100295.0,-0.007080082315951586,0.003067961661145091,0.9737324714660645
10.0,100299.0,-0.007297741249203682,0.003067961661145091,0.9993991851806641
10.0,100302.0,-0.007470225915312767,0.003067961661145091,1.0225229263305664
10.0,100306.0,-0.007700205314904451,0.004601942375302315,0.7882298231124878
10.0,100309.0,-0.007880903780460358,0.004601942375302315,0.8159382939338684
10.0,100312.0,-0.008123203180730343,0.004601942375302315,0.8429943919181824
10.0,100325.0,-0.008788500912487507,0.006135923322290182,0.6657740473747253
10.0,100329.0,-0.009014373645186424,0.006135923322290182,0.6993415951728821
10.0,100334.0,-0.009293634444475174,0.006135923322290182,0.7430284023284912
10.0,100339.0,-0.009544148109853268,0.006135923322290182,0.7648690938949585
10.0,100342.0,-0.00973305944353342,0.006135923322290182,0.7781614065170288
10.0,100346.0,-0.009905544109642506,0.006135923322290182,0.7910361289978027
10.0,100350.0,-0.010032854042947292,0.006135923322290182,0.7998228073120117
10.0,100353.0,-0.010160163976252079,0.006135923322290182,0.8108605742454529
10.0,100357.0,-0.01032443530857563,0.006135923322290182,0.8217161297798157
10.0,100360.0,-0.010492812842130661,0.006135923322290182,0.8286970257759094
10.0,100364.0,-0.010616016574203968,0.006135923322290182,0.8378691673278809
10.0,100368.0,-0.010784394107758999,0.006135923322290182,0.8495898246765137
10.0,100372.0,-0.010956878773868084,0.006135923322290182,0.8575323224067688
10.0,100375.0,-0.011088295839726925,0.006135923322290182,0.8688274025917053
10.0,100379.0,-0.01126078050583601,0.006135923322290182,0.8798993825912476
10.0,100383.0,-0.01142915803939104,0.0076699042692780495,0.6219939589500427
10.0,100387.0,-0.011593429371714592,0.0076699042692780495,0.6359840035438538
10.0,100390.0,-0.011712525971233845,0.0076699042692780495,0.6469489932060242
10.0,100394.0,-0.011864476837217808,0.0076699042692780495,0.6543476581573486
10.0,100398.0,-0.012004107236862183,0.0076699042692780495,0.6595942378044128
10.0,100401.0,-0.012106776237487793,0.0076699042692780495,0.6634865403175354
10.0,100404.0,-0.01223408617079258,0.0076699042692780495,0.664064347743988
10.0,100408.0,-0.012324435636401176,0.0076699042692780495,0.6627246737480164
10.0,100412.0,-0.01243531797081232,0.006135923322290182,0.9264355301856995
10.0,100415.0,-0.012517454102635384,0.006135923322290182,0.916910707950592
10.0,100419.0,-0.012636550702154636,0.006135923322290182,0.9124701619148254
10.0,100422.0,-0.012735112570226192,0.006135923322290182,0.9117992520332336
10.0,100426.0,-0.012887063436210155,0.006135923322290182,0.9180246591567993
10.0,100429.0,-0.013010267168283463,0.006135923322290182,0.9246631264686584
10.0,100433.0,-0.013178644701838493,0.006135923322290182,0.9325682520866394
10.0,100436.0,-0.013359342701733112,0.0076699042692780495,0.6780573129653931
10.0,100440.0,-0.013498973101377487,0.0076699042692780495,0.6990661025047302
10.0,100443.0,-0.013679671101272106,0.0076699042692780495,0.7133990526199341
10.0,100447.0,-0.013848049566149712,0.0076699042692780495,0.7280595898628235
10.0,100451.0,-0.013971252366900444,0.0076699042692780495,0.7396887540817261
10.0,100455.0,-0.014156057499349117,0.0076699042692780495,0.7470775246620178
10.0,100461.0,-0.014324435032904148,0.0076699042692780495,0.7508561611175537
10.0,100464.0,-0.014451744966208935,0.0076699042692780495,0.7515472769737244
10.0,100469.0,-0.014566735364496708,0.0076699042692780495,0.747614860534668
10.0,100472.0,-0.014681724831461906,0.0076699042692780495,0.7454662322998047
10.0,100477.0,-0.014780287630856037,0.0076699042692780495,0.737489640712738
10.0,100480.0,-0.014854209497570992,0.0076699042692780495,0.7286089658737183
10.0,100483.0,-0.014940451830625534,0.0076699042692780495,0.720588743686676
10.0,100487.0,-0.015018480829894543,0.0076699042692780495,0.707251250743866
10.0,100491.0,-0.015071868896484375,0.0076699042692780495,0.6959908604621887
10.0,100494.0,-0.015121149830520153,0.006135923322290182,0.943686842918396
10.0,100498.0,-0.01518275123089552,0.006135923322290182,0.9262793660163879
10.0,100501.0,-0.015252566896378994,0.006135923322290182,0.9070769548416138
10.0,100504.0,-0.01531416829675436,0.006135923322290182,0.8962576985359192
10.0,100508.0,-0.01537987682968378,0.006135923322290182,0.8851319551467896
10.0,100521.0,-0.015749486163258553,0.006135923322290182,0.877907931804657
10.0,100526.0,-0.015893224626779556,0.006135923322290182,0.8757374286651611
10.0,100530.0,-0.016004106029868126,0.006135923322290182,0.8732501268386841
10.0,100533.0,-0.016086243093013763,0.006135923322290182,0.8706372380256653
10.0,100537.0,-0.016193019226193428,0.006135923322290182,0.8671723008155823
10.0,100540.0,-0.016275154426693916,0.006135923322290182,0.8664158582687378
10.0,100546.0,-0.01646406576037407,0.006135923322290182,0.8697368502616882
10.0,100549.0,-0.016562627628445625,0.006135923322290182,0.8759427070617676
10.0,100553.0,-0.01670636609196663,0.006135923322290182,0.8822219967842102
10.0,100557.0,-0.01684599556028843,0.006135923322290182,0.8895698189735413
10.0,100560.0,-0.016952771693468094,0.006135923322290182,0.8968177437782288
10.0,100563.0,-0.01705954782664776,0.006135923322290182,0.9042139649391174
10.0,100567.0,-0.017207391560077667,0.0076699042692780495,0.6500307321548462
10.0,100570.0,-0.01735934242606163,0.0076699042692780495,0.6629329919815063
10.0,100574.0,-0.017466118559241295,0.0076699042692780495,0.6752709150314331
10.0,100578.0,-0.01760164275765419,0.0076699042692780495,0.6846141219139099
10.0,100582.0,-0.017720738425850868,0.0076699042692780495,0.6888264417648315
10.0,100586.0,-0.01783572882413864,0.0076699042692780495,0.6935824155807495
10.0,100590.0,-0.01794661208987236,0.0076699042692780495,0.6950880885124207
10.0,100594.0,-0.018053388223052025,0.0076699042692780495,0.6962866187095642
10.0,100598.0,-0.018156057223677635,0.0076699042692780495,0.6962450742721558
10.0,100601.0,-0.01825462095439434,0.0076699042692780495,0.6950088143348694
10.0,100605.0,-0.018324434757232666,0.0076699042692780495,0.6926305294036865
10.0,100609.0,-0.018414784222841263,0.0076699042692780495,0.6891518831253052
10.0,100613.0,-0.018501026555895805,0.0076699042692780495,0.6847046613693237
10.0,100616.0,-0.018583161756396294,0.0076699042692780495,0.6790863871574402
10.0,100620.0,-0.018657084554433823,0.0076699042692780495,0.6711496710777283
10.0,100624.0,-0.018706366419792175,0.0076699042692780495,0.6609509587287903
10.0,100628.0,-0.01876796782016754,0.0076699042692780495,0.6485695242881775
10.0,100632.0,-0.0188213549554348,0.0076699042692780495,0.6354253888130188
10.0,100636.0,-0.018870636820793152,0.0076699042692780495,0.6202114224433899
10.0,100640.0,-0.018911704421043396,0.0076699042692780495,0.5998002886772156
10.0,100645.0,-0.018969198688864708,0.006135923322290182,0.8405065536499023
10.0,100650.0,-0.019002053886651993,0.006135923322290182,0.8235445022583008
10.0,100654.0,-0.01902669481933117,0.006135923322290182,0.8017878532409668
10.0,100658.0,-0.019067762419581413,0.006135923322290182,0.7887563705444336
10.0,100661.0,-0.019117042422294617,0.006135923322290182,0.7738373279571533
10.0,100665.0,-0.019162217155098915,0.006135923322290182,0.7657694816589355
10.0,100669.0,-0.019215606153011322,0.006135923322290182,0.7532418370246887
10.0,100673.0,-0.019277207553386688,0.006135923322290182,0.7439444065093994
10.0,100677.0,-0.019338808953762054,0.006135923322290182,0.7351107001304626
10.0,100680.0,-0.01939219795167446,0.006135923322290182,0.724048912525177
10.0,100684.0,-0.019433265551924706,0.006135923322290182,0.7134981751441956
10.0,100688.0,-0.01948254555463791,0.006135923322290182,0.7021324038505554
10.0,100692.0,-0.019523613154888153,0.006135923322290182,0.6912588477134705
10.0,100696.0,-0.019560575485229492,0.006135923322290182,0.6768755912780762
10.0,100700.0,-0.01958521641790867,0.006135923322290182,0.6591217517852783
10.0,100703.0,-0.01960575021803379,0.004601942375302315,0.907690167427063
10.0,100707.0,-0.01961396262049675,0.004601942375302315,0.8801277279853821
10.0,100711.0,-0.019626284018158913,0.004601942375302315,0.8563705682754517
10.0,100725.0,-0.019712526351213455,0.004601942375302315,0.7909575700759888
10.0,100729.0,-0.019737165421247482,0.004601942375302315,0.7736344933509827
10.0,100733.0,-0.01976180635392666,0.004601942375302315,0.7604457139968872
10.0,100736.0,-0.01978234015405178,0.004601942375302315,0.7430846095085144
10.0,100740.0,-0.019794661551713943,0.004601942375302315,0.7264558672904968
10.0,100744.0,-0.019815195351839066,0.003067961661145091,0.9818735122680664
10.0,100748.0,-0.019831622019410133,0.003067961661145091,0.9590820074081421
10.0,100751.0,-0.01985626295208931,0.003067961661145091,0.9399184584617615
10.0,100755.0,-0.019889116287231445,0.003067961661145091,0.9282540082931519
10.0,100759.0,-0.019938398152589798,0.003067961661145091,0.9208622574806213
10.0,100762.0,-0.020016426220536232,0.003067961661145091,0.9207847714424133
10.0,100767.0,-0.020102668553590775,0.003067961661145091,0.923514723777771
10.0,100770.0,-0.020180698484182358,0.004601942375302315,0.6660434603691101
10.0,100774.0,-0.02029568701982498,0.004601942375302315,0.685255229473114
10.0,100778.0,-0.02041478455066681,0.004601942375302315,0.7025229334831238
10.0,100782.0,-0.020521560683846474,0.004601942375302315,0.7124468684196472
10.0,100786.0,-0.020607803016901016,0.004601942375302315,0.7209460735321045
10.0,100790.0,-0.02067761868238449,0.004601942375302315,0.7211276888847351
10.0,100796.0,-0.020772073417901993,0.004601942375302315,0.7150886654853821
10.0,100801.0,-0.02081724815070629,0.004601942375302315,0.7066603899002075
10.0,100806.0,-0.02086242288351059,0.004601942375302315,0.6961139440536499
10.0,100810.0,-0.02089117094874382,0.004601942375302315,0.6879580020904541
10.0,100813.0,-0.020907597616314888,0.004601942375302315,0.6766144037246704
10.0,100817.0,-0.02092813141644001,0.004601942375302315,0.6664130091667175
10.0,100820.0,-0.020940450951457024,0.004601942375302315,0.6533201932907104
10.0,100824.0,-0.020952772349119186,0.004601942375302315,0.6425270438194275
10.0,100828.0,-0.02095687948167324,0.004601942375302315,0.6264320015907288
10.0,100832.0,-0.020960984751582146,0.004601942375302315,0.6068938374519348
10.0,100838.0,-0.020960984751582146,0.003067961661145091,0.8539642691612244
10.0,100842.0,-0.0209650918841362,0.003067961661145091,0.834192156791687
10.0,100845.0,-0.02097330614924431,0.003067961661145091,0.8165720105171204
10.0,100849.0,-0.020981520414352417,0.003067961661145091,0.8010112047195435
10.0,100853.0,-0.020997947081923485,0.003067961661145091,0.790764570236206
10.0,100857.0,-0.021014373749494553,0.003067961661145091,0.7776128053665161
10.0,100860.0,-0.02103080041706562,0.003067961661145091,0.7663428783416748
10.0,100864.0,-0.021047227084636688,0.003067961661145091,0.7572218179702759
10.0,100868.0,-0.021063655614852905,0.003067961661145091,0.7455204129219055
10.0,100871.0,-0.021080082282423973,0.003067961661145091,0.7343243956565857
10.0,100875.0,-0.02108829654753208,0.003067961661145091,0.7248923778533936
10.0,100879.0,-0.021100616082549095,0.003067961661145091,0.7132272124290466
10.0,100882.0,-0.021108830347657204,0.003067961661145091,0.702073872089386
10.0,100886.0,-0.021117042750120163,0.003067961661145091,0.6900816559791565
10.0,100890.0,-0.021121149882674217,0.003067961661145091,0.6793977618217468
10.0,100893.0,-0.02112525701522827,0.003067961661145091,0.666985273361206
10.0,100897.0,-0.02112525701522827,0.003067961661145091,0.6537729501724243
10.0,100900.0,-0.02112525701522827,0.0015339808305725455,0.9111356735229492
10.0,100904.0,-0.02112525701522827,0.0015339808305725455,0.8928799629211426
10.0,100908.0,-0.02113346941769123,0.0015339808305725455,0.8823639154434204
10.0,100912.0,-0.021145790815353394,0.0015339808305725455,0.8693249821662903
10.0,100916.0,-0.021166324615478516,0.0015339808305725455,0.8595010042190552
10.0,100928.0,-0.021260781213641167,0.0015339808305725455,0.8431457877159119
10.0,100932.0,-0.02130184881389141,0.0015339808305725455,0.8410707116127014
10.0,100935.0,-0.021334702149033546,0.0015339808305725455,0.8406959772109985
10.0,100939.0,-0.021379876881837845,0.0015339808305725455,0.8404285311698914
10.0,100942.0,-0.021425051614642143,0.0015339808305725455,0.8399506211280823
10.0,100947.0,-0.02147022634744644,0.003067961661145091,0.5713804960250854
10.0,100950.0,-0.02150718681514263,0.003067961661145091,0.5787290334701538
10.0,100955.0,-0.021556468680500984,0.003067961661145091,0.5809261798858643
10.0,100961.0,-0.021585214883089066,0.003067961661145091,0.5769569277763367
10.0,100965.0,-0.021593429148197174,0.003067961661145091,0.5717716217041016
10.0,100969.0,-0.021593429148197174,0.003067961661145091,0.563325822353363
10.0,100972.0,-0.021593429148197174,0.003067961661145091,0.5552383661270142
10.0,100976.0,-0.021593429148197174,0.0015339808305725455,0.8113858103752136
10.0,100980.0,-0.021593429148197174,0.0015339808305725455,0.8013753294944763
10.0,100983.0,-0.02159753628075123,0.0015339808305725455,0.7911975979804993
10.0,100987.0,-0.021609855815768242,0.0015339808305725455,0.7845257520675659
10.0,100990.0,-0.02161807008087635,0.0015339808305725455,0.7750642895698547
10.0,100993.0,-0.021630389615893364,0.0015339808305725455,0.7702512145042419
10.0,100997.0,-0.021642711013555527,0.0015339808305725455,0.7627772092819214
10.0,101001.0,-0.021650923416018486,0.0015339808305725455,0.755613386631012
10.0,101004.0,-0.021667351946234703,0.0015339808305725455,0.7514654397964478
10.0,101009.0,-0.021679671481251717,0.0015339808305725455,0.7448097467422485
10.0,101012.0,-0.02169199101626873,0.0015339808305725455,0.7398121953010559
10.0,101016.0,-0.021708419546484947,0.0015339808305725455,0.7337023615837097
10.0,101021.0,-0.021724846214056015,0.0015339808305725455,0.729228675365448
10.0,101026.0,-0.021741272881627083,0.0015339808305725455,0.7215886116027832
10.0,101030.0,-0.02175769954919815,0.0015339808305725455,0.7186540365219116
10.0,101033.0,-0.021770020946860313,0.0015339808305725455,0.7149171233177185
10.0,101037.0,-0.02178644761443138,0.0015339808305725455,0.7113725543022156
10.0,101040.0,-0.02180287428200245,0.0015339808305725455,0.708836019039154
10.0,101044.0,-0.021815195679664612,0.0015339808305725455,0.7056108713150024
10.0,101048.0,-0.02183162234723568,0.0015339808305725455,0.7033063173294067
10.0,101052.0,-0.021848049014806747,0.0015339808305725455,0.7003790736198425
10.0,101057.0,-0.02186858281493187,0.0015339808305725455,0.6969459652900696
10.0,101060.0,-0.021880904212594032,0.0015339808305725455,0.694372296333313
10.0,101064.0,-0.021893223747611046,0.0015339808305725455,0.6906275749206543
10.0,101068.0,-0.021913757547736168,0.0015339808305725455,0.6883894801139832
10.0,101072.0,-0.02192607894539833,0.0015339808305725455,0.6862853169441223
10.0,101076.0,-0.0219425056129694,0.0015339808305725455,0.6847925186157227
10.0,101079.0,-0.021954825147986412,0.0015339808305725455,0.6815914511680603
10.0,101083.0,-0.021967146545648575,0.0015339808305725455,0.6802947521209717
10.0,101087.0,-0.021983573213219643,0.0015339808305725455,0.6769443154335022
10.0,101091.0,-0.021991785615682602,0.0015339808305725455,0.6741681098937988
10.0,101094.0,-0.02199999988079071,0.0015339808305725455,0.6718450784683228
10.0,101098.0,-0.02200821414589882,0.0015339808305725455,0.6682699918746948
10.0,101101.0,-0.022016426548361778,0.0015339808305725455,0.6645752191543579
10.0,101104.0,-0.022024640813469887,0.0015339808305725455,0.6626048684120178
10.0,101108.0,-0.02202874794602394,0.0015339808305725455,0.657880425453186
10.0,101112.0,-0.022032855078577995,0.0015339808305725455,0.6533610224723816
10.0,101116.0,-0.0220369603484869,0.0015339808305725455,0.6504366993904114
10.0,101128.0,-0.02204517461359501,0.0015339808305725455,0.6372072100639343
10.0,101131.0,-0.022049281746149063,0.0015339808305725455,0.6336705088615417
10.0,101135.0,-0.022049281746149063,0.0015339808305725455,0.6289488077163696
10.0,101139.0,-0.022049281746149063,0.0015339808305725455,0.6244392991065979
10.0,101142.0,-0.022053388878703117,0.0015339808305725455,0.622522234916687
10.0,101148.0,-0.022053388878703117,0.0015339808305725455,0.6172953248023987
10.0,101152.0,-0.022053388878703117,0.0015339808305725455,0.6133281588554382
10.0,101155.0,-0.022057494148612022,0.0015339808305725455,0.6108857989311218
10.0,101159.0,-0.022057494148612022,0.0015339808305725455,0.6072282791137695
10.0,101163.0,-0.022057494148612022,0.0015339808305725455,0.6045972108840942
10.0,101167.0,-0.022057494148612022,0.0015339808305725455,0.6012331247329712
10.0,101171.0,-0.022057494148612022,0.0015339808305725455,0.5980277061462402
10.0,101174.0,-0.022057494148612022,0.0015339808305725455,0.5949746966362
10.0,101178.0,-0.022057494148612022,0.0015339808305725455,0.5927812457084656
10.0,101181.0,-0.022057494148612022,0.0015339808305725455,0.5899805426597595
10.0,101184.0,-0.022057494148612022,0.0015339808305725455,0.5879698395729065
10.0,101189.0,-0.022057494148612022,0.0015339808305725455,0.5854043960571289
10.0,101192.0,-0.022057494148612022,0.0015339808305725455,0.5829660296440125
10.0,101196.0,-0.022057494148612022,0.0015339808305725455,0.5806499123573303
10.0,101200.0,-0.022057494148612022,0.0015339808305725455,0.5784510970115662
10.0,101205.0,-0.022057494148612022,0.0015339808305725455,0.5758605003356934
10.0,101210.0,-0.022061601281166077,0.0015339808305725455,0.5747563242912292
10.0,101214.0,-0.022061601281166077,0.0015339808305725455,0.5728859901428223
10.0,101218.0,-0.022061601281166077,0.0015339808305725455,0.5715489983558655
10.0,101221.0,-0.022061601281166077,0.0015339808305725455,0.5698506236076355
10.0,101224.0,-0.022061601281166077,0.0015339808305725455,0.5686381459236145
10.0,101229.0,-0.022061601281166077,0.0015339808305725455,0.5671001076698303
10.0,101232.0,-0.022061601281166077,0.0015339808305725455,0.5656488537788391
10.0,101236.0,-0.022061601281166077,0.0015339808305725455,0.5642808079719543
10.0,101239.0,-0.022061601281166077,0.0015339808305725455,0.5633074641227722
10.0,101242.0,-0.022061601281166077,0.0015339808305725455,0.5623777508735657
10.0,101247.0,-0.022061601281166077,0.0015339808305725455,0.5612038373947144
10.0,101250.0,-0.022061601281166077,0.0015339808305725455,0.5601021647453308
10.0,101254.0,-0.022061601281166077,0.0015339808305725455,0.5590701103210449
10.0,101258.0,-0.022061601281166077,0.0015339808305725455,0.5581046938896179
10.0,101262.0,-0.022061601281166077,0.0015339808305725455,0.5574228763580322
10.0,101265.0,-0.022061601281166077,0.0015339808305725455,0.5565681457519531
10.0,101269.0,-0.022061601281166077,0.0015339808305725455,0.5557730793952942
10.0,101272.0,-0.022061601281166077,0.0015339808305725455,0.555214524269104
10.0,101276.0,-0.022061601281166077,0.0015339808305725455,0.554518461227417
10.0,101280.0,-0.022061601281166077,0.0015339808305725455,0.5538758635520935
10.0,101284.0,-0.022061601281166077,0.0015339808305725455,0.5534278154373169
10.0,101287.0,-0.022061601281166077,0.0015339808305725455,0.5528737902641296
10.0,101291.0,-0.022061601281166077,0.0015339808305725455,0.5523677468299866
10.0,101294.0,-0.022061601281166077,0.0015339808305725455,0.5520185232162476
10.0,101298.0,-0.022061601281166077,0.0015339808305725455,0.551694393157959
10.0,101301.0,-0.022061601281166077,0.0015339808305725455,0.5512999892234802
10.0,101304.0,-0.022061601281166077,0.0015339808305725455,0.5510316491127014
10.0,101309.0,-0.022061601281166077,0.0015339808305725455,0.5507090091705322
10.0,101312.0,-0.022061601281166077,0.0015339808305725455,0.5504251718521118
10.0,101325.0,-0.022061601281166077,0.0015339808305725455,0.5497525334358215
10.0,101329.0,-0.022061601281166077,0.0015339808305725455,0.5496172308921814
10.0,101334.0,-0.022061601281166077,0.0015339808305725455,0.5495133399963379
10.0,101338.0,-0.022061601281166077,0.0015339808305725455,0.5494257807731628
10.0,101342.0,-0.022061601281166077,0.0015339808305725455,0.5493881106376648
10.0,101346.0,-0.022061601281166077,0.0015339808305725455,0.549377977848053
10.0,101349.0,-0.022061601281166077,0.0015339808305725455,0.5493878126144409
10.0,101353.0,-0.022061601281166077,0.003067961661145091,0.2824994921684265
10.0,101356.0,-0.022061601281166077,0.003067961661145091,0.2885376513004303
10.0,101360.0,-0.022061601281166077,0.003067961661145091,0.29436400532722473
10.0,101363.0,-0.022061601281166077,0.003067961661145091,0.2985997498035431
10.0,101367.0,-0.022061601281166077,0.003067961661145091,0.3040752708911896
10.0,101371.0,-0.022061601281166077,0.003067961661145091,0.30805695056915283
10.0,101374.0,-0.022061601281166077,0.003067961661145091,0.31320545077323914
10.0,101378.0,-0.022061601281166077,0.003067961661145091,0.31817713379859924
10.0,101382.0,-0.022061601281166077,0.003067961661145091,0.3217940926551819
10.0,101385.0,-0.022061601281166077,0.003067961661145091,0.3264729976654053
10.0,101389.0,-0.022061601281166077,0.003067961661145091,0.33099365234375
10.0,101393.0,-0.022061601281166077,0.003067961661145091,0.3342839479446411
10.0,101396.0,-0.022061601281166077,0.003067961661145091,0.3385424315929413
10.0,101400.0,-0.022061601281166077,0.003067961661145091,0.3426591753959656
10.0,101403.0,-0.022061601281166077,0.003067961661145091,0.3456571102142334
10.0,101407.0,-0.022061601281166077,0.003067961661145091,0.3495391607284546
10.0,101411.0,-0.022061601281166077,0.003067961661145091,0.353294312953949
10.0,101414.0,-0.022061601281166077,0.003067961661145091,0.3560304343700409
10.0,101418.0,-0.022061601281166077,0.003067961661145091,0.3586999773979187
10.0,101421.0,-0.022061601281166077,0.003067961661145091,0.3621593713760376
10.0,101425.0,-0.022061601281166077,0.003067961661145091,0.3655085265636444
10.0,101429.0,-0.022061601281166077,0.003067961661145091,0.36875179409980774
10.0,101433.0,-0.022061601281166077,0.003067961661145091,0.3711172342300415
10.0,101436.0,-0.022061601281166077,0.003067961661145091,0.37418514490127563
10.0,101440.0,-0.022061601281166077,0.003067961661145091,0.3764236569404602
10.0,101443.0,-0.022061601281166077,0.003067961661145091,0.37932807207107544
10.0,101448.0,-0.022061601281166077,0.003067961661145091,0.38214412331581116
10.0,101451.0,-0.022061601281166077,0.003067961661145091,0.3848753273487091
10.0,101454.0,-0.022061601281166077,0.003067961661145091,0.38686999678611755
10.0,101459.0,-0.022061601281166077,0.003067961661145091,0.3900962471961975
10.0,101464.0,-0.022061601281166077,0.003067961661145091,0.39259231090545654
10.0,101468.0,-0.022061601281166077,0.003067961661145091,0.39561113715171814
10.0,101471.0,-0.022061601281166077,0.003067961661145091,0.39737048745155334
10.0,101475.0,-0.022061601281166077,0.003067961661145091,0.39909234642982483
10.0,101479.0,-0.022061601281166077,0.003067961661145091,0.40133172273635864
10.0,101482.0,-0.022061601281166077,0.003067961661145091,0.4035089612007141
10.0,101486.0,-0.022061601281166077,0.004601942375302315,0.1417359858751297
10.0,101489.0,-0.022061601281166077,0.004601942375302315,0.14770707488059998
10.0,101493.0,-0.022061601281166077,0.004601942375302315,0.15351562201976776
10.0,101497.0,-0.022061601281166077,0.004601942375302315,0.16101567447185516
10.0,101500.0,-0.022061601281166077,0.004601942375302315,0.1682463139295578
10.0,101504.0,-0.022061601281166077,0.004601942375302315,0.1752181053161621
10.0,101508.0,-0.022061601281166077,0.004601942375302315,0.18194128572940826
10.0,101521.0,-0.022061601281166077,0.004601942375302315,0.20071499049663544
10.0,101525.0,-0.022061601281166077,0.004601942375302315,0.20796138048171997
10.0,101529.0,-0.022061601281166077,0.004601942375302315,0.2135312259197235
10.0,101533.0,-0.022061601281166077,0.004601942375302315,0.21758127212524414
10.0,101537.0,-0.022061601281166077,0.004601942375302315,0.22281767427921295
10.0,101540.0,-0.022061601281166077,0.004601942375302315,0.22787384688854218
10.0,101546.0,-0.022061601281166077,0.004601942375302315,0.23513557016849518
10.0,101550.0,-0.022061601281166077,0.004601942375302315,0.23977160453796387
10.0,101553.0,-0.022061601281166077,0.004601942375302315,0.24314549565315247
10.0,101557.0,-0.022061601281166077,0.004601942375302315,0.24643392860889435
10.0,101560.0,-0.022061601281166077,0.004601942375302315,0.25068992376327515
10.0,101563.0,-0.022061601281166077,0.004601942375302315,0.25378862023353577
10.0,101568.0,-0.022061601281166077,0.004601942375302315,0.25780045986175537
10.0,101571.0,-0.022061601281166077,0.006135923322290182,-0.0022102720104157925
10.0,101574.0,-0.022061601281166077,0.006135923322290182,0.003681494388729334
10.0,101578.0,-0.022057494148612022,0.006135923322290182,0.010764660313725471
10.0,101581.0,-0.022057494148612022,0.006135923322290182,0.019905555993318558
10.0,101584.0,-0.022053388878703117,0.006135923322290182,0.025198735296726227
10.0,101588.0,-0.022053388878703117,0.006135923322290182,0.03381151705980301
10.0,101592.0,-0.022053388878703117,0.006135923322290182,0.04006476700305939
10.0,101595.0,-0.022053388878703117,0.006135923322290182,0.048137396574020386
10.0,101598.0,-0.022053388878703117,0.006135923322290182,0.05399953946471214
10.0,101602.0,-0.022053388878703117,0.006135923322290182,0.05970241129398346
10.0,101605.0,-0.022053388878703117,0.006135923322290182,0.06706634163856506
10.0,101609.0,-0.022053388878703117,0.006135923322290182,0.07416623085737228
10.0,101613.0,-0.022053388878703117,0.006135923322290182,0.07932410389184952
10.0,101617.0,-0.022053388878703117,0.006135923322290182,0.08598657697439194
10.0,101620.0,-0.022053388878703117,0.006135923322290182,0.09241262823343277
10.0,101623.0,-0.022053388878703117,0.006135923322290182,0.09708257019519806
10.0,101627.0,-0.022053388878703117,0.0076699042692780495,-0.1622769683599472
10.0,101630.0,-0.022053388878703117,0.0076699042692780495,-0.1534251719713211
10.0,101633.0,-0.022049281746149063,0.0076699042692780495,-0.14615242183208466
10.0,101637.0,-0.02204517461359501,0.0076699042692780495,-0.13909682631492615
10.0,101640.0,-0.0220369603484869,0.0076699042692780495,-0.13087652623653412
10.0,101645.0,-0.02202874794602394,0.0076699042692780495,-0.12035742402076721
10.0,101650.0,-0.022024640813469887,0.0076699042692780495,-0.1114937961101532
10.0,101653.0,-0.022020533680915833,0.0076699042692780495,-0.1029583290219307
10.0,101657.0,-0.022020533680915833,0.0076699042692780495,-0.0957706943154335
10.0,101660.0,-0.022020533680915833,0.0076699042692780495,-0.08649535477161407
10.0,101663.0,-0.022020533680915833,0.0076699042692780495,-0.07976235449314117
10.0,101667.0,-0.022020533680915833,0.0076699042692780495,-0.07107225805521011
10.0,101670.0,-0.022020533680915833,0.00920388475060463,-0.33167555928230286
10.0,101674.0,-0.022020533680915833,0.00920388475060463,-0.31754693388938904
10.0,101678.0,-0.022016426548361778,0.00920388475060463,-0.30863073468208313
10.0,101681.0,-0.02200821414589882,0.00920388475060463,-0.29938626289367676
10.0,101685.0,-0.021995892748236656,0.00920388475060463,-0.2904956042766571
10.0,101689.0,-0.021983573213219643,0.00920388475060463,-0.2836977243423462
10.0,101692.0,-0.02197125181555748,0.00920388475060463,-0.27538010478019714
10.0,101696.0,-0.02196303941309452,0.00920388475060463,-0.2673909664154053
10.0,101700.0,-0.021954825147986412,0.00920388475060463,-0.25992512702941895
10.0,101712.0,-0.0219425056129694,0.010737866163253784,-0.4862208068370819
10.0,101716.0,-0.02192607894539833,0.010737866163253784,-0.4757052958011627
10.0,101720.0,-0.021909650415182114,0.010737866163253784,-0.4669416844844818
10.0,101724.0,-0.021885009482502937,0.010737866163253784,-0.4622572362422943
10.0,101727.0,-0.0218521561473608,0.010737866163253784,-0.45803195238113403
10.0,101731.0,-0.02182340808212757,0.010737866163253784,-0.4566613435745239
10.0,101734.0,-0.021782340481877327,0.010737866163253784,-0.45501336455345154
10.0,101738.0,-0.02174948714673519,0.010737866163253784,-0.4537889361381531
10.0,101742.0,-0.021704312413930893,0.010737866163253784,-0.4549417793750763
10.0,101745.0,-0.021667351946234703,0.010737866163253784,-0.4564560353755951
10.0,101749.0,-0.02161807008087635,0.010737866163253784,-0.45757463574409485
10.0,101752.0,-0.021577002480626106,0.010737866163253784,-0.46171846985816956
10.0,101756.0,-0.021519506350159645,0.010737866163253784,-0.46407702565193176
10.0,101759.0,-0.021474333480000496,0.010737866163253784,-0.4680272340774536
10.0,101762.0,-0.02141273021697998,0.010737866163253784,-0.472940593957901
10.0,101766.0,-0.02135523594915867,0.010737866163253784,-0.4766386151313782
10.0,101770.0,-0.02131006121635437,0.010737866163253784,-0.4800049662590027
10.0,101773.0,-0.02124435268342495,0.010737866163253784,-0.4861791133880615
10.0,101777.0,-0.02119917795062065,0.010737866163253784,-0.490833580493927
10.0,101780.0,-0.021137576550245285,0.010737866163253784,-0.49390819668769836
10.0,101784.0,-0.02108829654753208,0.010737866163253784,-0.49824899435043335
10.0,101787.0,-0.021026693284511566,0.010737866163253784,-0.5025550127029419
10.0,101791.0,-0.020981520414352417,0.010737866163253784,-0.506752610206604
10.0,101794.0,-0.02093634568154812,0.012271846644580364,-0.7735261917114258
10.0,101798.0,-0.020874742418527603,0.012271846644580364,-0.7731091976165771
10.0,101801.0,-0.02081724815070629,0.012271846644580364,-0.7766492366790771
10.0,101804.0,-0.02072279341518879,0.012271846644580364,-0.7842807173728943
10.0,101808.0,-0.020636551082134247,0.012271846644580364,-0.800891637802124
10.0,101811.0,-0.020505134016275406,0.010737866163253784,-0.549092710018158
10.0,101815.0,-0.02039835788309574,0.010737866163253784,-0.5710182785987854
10.0,101818.0,-0.020287474617362022,0.010737866163253784,-0.5998169183731079
10.0,101822.0,-0.02015605755150318,0.010737866163253784,-0.6177590489387512
10.0,101825.0,-0.02004106715321541,0.010737866163253784,-0.6356270909309387
10.0,101829.0,-0.019963039085268974,0.010737866163253784,-0.6488893628120422
10.0,101834.0,-0.019835729151964188,0.010737866163253784,-0.6617178916931152
10.0,101838.0,-0.019737165421247482,0.010737866163253784,-0.6728235483169556
10.0,101841.0,-0.01965913735330105,0.010737866163253784,-0.6862733960151672
10.0,101844.0,-0.01957700215280056,0.010737866163253784,-0.6967440247535706
10.0,101848.0,-0.019462011754512787,0.010737866163253784,-0.7121009230613708
10.0,101851.0,-0.01934291608631611,0.010737866163253784,-0.7246280312538147
10.0,101855.0,-0.019252566620707512,0.010737866163253784,-0.7404264211654663
10.0,101859.0,-0.019133470952510834,0.010737866163253784,-0.7557353973388672
10.0,101862.0,-0.01904722861945629,0.010737866163253784,-0.765888512134552
10.0,101866.0,-0.018928131088614464,0.010737866163253784,-0.7803793549537659
10.0,101870.0,-0.018809035420417786,0.010737866163253784,-0.7957891225814819
10.0,101873.0,-0.018677618354558945,0.010737866163253784,-0.8090350031852722
10.0,101878.0,-0.018546201288700104,0.010737866163253784,-0.826231062412262
10.0,101881.0,-0.018443532288074493,0.010737866163253784,-0.8455489277839661
10.0,101884.0,-0.01829979382455349,0.010737866163253784,-0.8602953553199768
10.0,101888.0,-0.018147844821214676,0.00920388475060463,-0.6141008138656616
10.0,101901.0,-0.01769609935581684,0.00920388475060463,-0.6985980868339539
10.0,101905.0,-0.01755646802484989,0.00920388475060463,-0.7180027365684509
10.0,101909.0,-0.01742505095899105,0.00920388475060463,-0.7311452031135559
10.0,101912.0,-0.01729363389313221,0.00920388475060463,-0.7481845021247864
10.0,101916.0,-0.017203286290168762,0.00920388475060463,-0.7620290517807007
10.0,101919.0,-0.01708008162677288,0.00920388475060463,-0.7714579105377197
10.0,101923.0,-0.01698562689125538,0.00920388475060463,-0.7820202708244324
10.0,101927.0,-0.016858316957950592,0.00920388475060463,-0.796185314655304
10.0,101930.0,-0.016759753227233887,0.00920388475060463,-0.8112816214561462
10.0,101933.0,-0.01662423089146614,0.00920388475060463,-0.8236286640167236
10.0,101937.0,-0.016517452895641327,0.00920388475060463,-0.8418859243392944
10.0,101940.0,-0.016373716294765472,0.00920388475060463,-0.8548663258552551
10.0,101944.0,-0.016266940161585808,0.00920388475060463,-0.8721493482589722
10.0,101948.0,-0.016123203560709953,0.00920388475060463,-0.884446382522583
10.0,101951.0,-0.016004106029868126,0.00920388475060463,-0.9062063694000244
10.0,101955.0,-0.01583162136375904,0.00920388475060463,-0.9257687926292419
10.0,101959.0,-0.015585215762257576,0.00920388475060463,-0.9845849871635437
10.0,101965.0,-0.01531416829675436,0.00920388475060463,-1.0129587650299072
10.0,101968.0,-0.015088295564055443,0.00920388475060463,-1.051935076713562
10.0,101972.0,-0.014907597564160824,0.0076699042692780495,-0.8171127438545227
10.0,101975.0,-0.014714579097926617,0.0076699042692780495,-0.8704419136047363
10.0,101979.0,-0.014451744966208935,0.0076699042692780495,-0.9232844710350037
10.0,101982.0,-0.01417659129947424,0.0076699042692780495,-0.9657731056213379
10.0,101986.0,-0.013967146165668964,0.006135923322290182,-0.7553556561470032
10.0,101989.0,-0.01375359296798706,0.006135923322290182,-0.7998266816139221
10.0,101992.0,-0.013478439301252365,0.006135923322290182,-0.8431714177131653
10.0,101997.0,-0.01320328563451767,0.004601942375302315,-0.629449188709259
10.0,102000.0,-0.012997946701943874,0.004601942375302315,-0.6870365142822266
10.0,102004.0,-0.012739219702780247,0.004601942375302315,-0.7255999445915222
10.0,102007.0,-0.012496920302510262,0.004601942375302315,-0.7705817222595215
10.0,102011.0,-0.012324435636401176,0.004601942375302315,-0.810053288936615
10.0,102014.0,-0.012098562903702259,0.003067961661145091,-0.569047212600708
10.0,102019.0,-0.011868583038449287,0.003067961661145091,-0.621665358543396
10.0,102024.0,-0.011618069373071194,0.003067961661145091,-0.6525468826293945
10.0,102028.0,-0.011425050906836987,0.003067961661145091,-0.6811298131942749
10.0,102031.0,-0.01129363477230072,0.003067961661145091,-0.7021034359931946
10.0,102034.0,-0.011125256307423115,0.003067961661145091,-0.7167537212371826
10.0,102039.0,-0.010956878773868084,0.003067961661145091,-0.7353455424308777
10.0,102042.0,-0.010833675973117352,0.003067961661145091,-0.7507094740867615
10.0,102046.0,-0.010681725107133389,0.003067961661145091,-0.7629877924919128
10.0,102049.0,-0.010566734708845615,0.003067961661145091,-0.7723190784454346
10.0,102053.0,-0.010422998107969761,0.003067961661145091,-0.7787972092628479
10.0,102056.0,-0.010279260575771332,0.003067961661145091,-0.78774094581604
10.0,102060.0,-0.010164271108806133,0.003067961661145091,-0.796671986579895
10.0,102064.0,-0.010020533576607704,0.003067961661145091,-0.8051916360855103
10.0,102068.0,-0.009872689843177795,0.003067961661145091,-0.8148928880691528
10.0,102071.0,-0.009761806577444077,0.003067961661145091,-0.8243549466133118
10.0,102075.0,-0.009609856642782688,0.004601942375302315,-1.1001884937286377
10.0,102078.0,-0.009441478177905083,0.004601942375302315,-1.1078802347183228
10.0,102082.0,-0.009293634444475174,0.004601942375302315,-1.122168779373169
10.0,102094.0,-0.008574948646128178,0.003067961661145091,-0.9602572321891785
10.0,102098.0,-0.00831211544573307,0.003067961661145091,-1.0029270648956299
10.0,102101.0,-0.008041067980229855,0.003067961661145091,-1.0468981266021729
10.0,102105.0,-0.007831621915102005,0.0015339808305725455,-0.8267355561256409
10.0,102109.0,-0.007544147782027721,0.0015339808305725455,-0.8668537735939026
10.0,102112.0,-0.007322381716221571,0.0015339808305725455,-0.9192247986793518
10.0,102116.0,-0.007043121382594109,0.0015339808305725455,-0.9543633460998535
10.0,102119.0,-0.006833675783127546,0.0,-0.7344918251037598
10.0,102123.0,-0.006558521650731564,0.0,-0.7707927227020264
10.0,102127.0,-0.006295687984675169,0.0,-0.8142408132553101
10.0,102130.0,-0.006032854318618774,0.0,-0.856287956237793
10.0,102134.0,-0.005848049186170101,0.0,-0.6231948733329773
10.0,102138.0,-0.005601642653346062,-0.0015339808305725455,-0.6535535454750061
10.0,102141.0,-0.0053634499199688435,-0.0015339808305725455,-0.6901748180389404
10.0,102146.0,-0.005154004320502281,-0.0015339808305725455,-0.7216507196426392
10.0,102150.0,-0.004911704454571009,-0.0015339808305725455,-0.7414767742156982
10.0,102154.0,-0.004776180721819401,-0.0015339808305725455,-0.7581122517585754
10.0,102157.0,-0.004587268922477961,-0.0015339808305725455,-0.7706228494644165
10.0,102161.0,-0.004443531855940819,-0.0015339808305725455,-0.7877997159957886
10.0,102164.0,-0.004303901456296444,-0.0015339808305725455,-0.7997217774391174
10.0,102168.0,-0.004119096323847771,-0.0015339808305725455,-0.8148224353790283
10.0,102171.0,-0.003938398323953152,-0.0015339808305725455,-0.8248886466026306
10.0,102174.0,-0.0038028748240321875,-0.0015339808305725455,-0.8347769975662231
10.0,102178.0,-0.0036632444243878126,-0.0015339808305725455,-0.8490371108055115
10.0,102181.0,-0.0034702259581536055,-0.0015339808305725455,-0.8625239729881287
10.0,102185.0,-0.0032813141588121653,-0.0015339808305725455,-0.8774170875549316
10.0,102189.0,-0.0031375770922750235,-0.0015339808305725455,-0.8932793736457825
10.0,102193.0,-0.0029445586260408163,-0.0015339808305725455,-0.9045969843864441
10.0,102196.0,-0.0027474332600831985,-0.0015339808305725455,-0.9211329817771912
10.0,102200.0,-0.002595482626929879,-0.0015339808305725455,-0.9399269223213196
10.0,102204.0,-0.0023819301277399063,-0.0015339808305725455,-0.9557111859321594
10.0,102209.0,-0.0021067762281745672,-0.003067961661145091,-0.7215743064880371
10.0,102213.0,-0.0018316222121939063,-0.003067961661145091,-0.7560747265815735
10.0,102217.0,-0.0016673511127009988,-0.003067961661145091,-0.7758760452270508
10.0,102220.0,-0.0015154003631323576,-0.003067961661145091,-0.7958133220672607
10.0,102223.0,-0.0013223818968981504,-0.003067961661145091,-0.8080504536628723
10.0,102228.0,-0.0011375769972801208,-0.003067961661145091,-0.8217871785163879
10.0,102231.0,-0.000997946597635746,-0.003067961661145091,-0.8365482091903687
10.0,102234.0,-0.0008090349147096276,-0.003067961661145091,-0.8467145562171936
10.0,102238.0,-0.000665297731757164,-0.003067961661145091,-0.8622326254844666
10.0,102242.0,-0.0004640656989067793,-0.003067961661145091,-0.8800219297409058
10.0,102245.0,-0.00026694044936448336,-0.003067961661145091,-0.8920690417289734
10.0,102249.0,-0.00011909651220776141,-0.003067961661145091,-0.9077860713005066
10.0,102252.0,7.802874461049214e-05,-0.003067961661145091,-0.9193233251571655
10.0,102256.0,0.00022997947235126048,-0.003067961661145091,-0.9370705485343933
10.0,102259.0,0.0004394250572659075,-0.003067961661145091,-0.9507590532302856
10.0,102263.0,0.0005954825319349766,-0.004601942375302315,-0.7051464319229126
10.0,102267.0,0.0008049281314015388,-0.004601942375302315,-0.727456271648407
10.0,102270.0,0.0009568788227625191,-0.004601942375302315,-0.7431087493896484
10.0,102274.0,0.0011581109138205647,-0.004601942375302315,-0.75844806432724
10.0,102286.0,0.0017905543791130185,-0.004601942375302315,-0.8132058382034302
10.0,102290.0,0.0019425051286816597,-0.004601942375302315,-0.8313313722610474
10.0,102294.0,0.0021396304946392775,-0.004601942375302315,-0.8436145186424255
10.0,102298.0,0.002340862527489662,-0.004601942375302315,-0.8609810471534729
10.0,102301.0,0.002546201227232814,-0.004601942375302315,-0.8792529106140137
10.0,102305.0,0.002702258760109544,-0.006135923322290182,-0.6345088481903076
10.0,102309.0,0.002911704359576106,-0.006135923322290182,-0.6526002287864685
10.0,102312.0,0.0030595483258366585,-0.006135923322290182,-0.6725642085075378
10.0,102316.0,0.003248459892347455,-0.006135923322290182,-0.6844925880432129
10.0,102319.0,0.0033798767253756523,-0.006135923322290182,-0.6955684423446655
10.0,102322.0,0.0035482547245919704,-0.006135923322290182,-0.7030629515647888
10.0,102326.0,0.0037043120246380568,-0.006135923322290182,-0.7084416747093201
10.0,102332.0,0.00388911715708673,-0.006135923322290182,-0.7117788791656494
10.0,102335.0,0.004000000189989805,-0.006135923322290182,-0.7139435410499573
10.0,102341.0,0.004201231990009546,-0.006135923322290182,-0.7115318775177002
10.0,102344.0,0.004291580989956856,-0.006135923322290182,-0.7067181468009949
10.0,102348.0,0.00441889138892293,-0.006135923322290182,-0.7039844393730164
10.0,102351.0,0.004509240388870239,-0.006135923322290182,-0.69838547706604
10.0,102354.0,0.004624229855835438,-0.004601942375302315,-0.9603400826454163
10.0,102358.0,0.004714578855782747,-0.004601942375302315,-0.9494192600250244
10.0,102361.0,0.004833675455302,-0.004601942375302315,-0.9419723153114319
10.0,102364.0,0.004932238254696131,-0.004601942375302315,-0.9375061392784119
10.0,102368.0,0.005039014387875795,-0.004601942375302315,-0.9359184503555298
10.0,102372.0,0.005186858121305704,-0.004601942375302315,-0.935904324054718
10.0,102376.0,0.005338808987289667,-0.004601942375302315,-0.9387497901916504
10.0,102379.0,0.00545790558680892,-0.004601942375302315,-0.9416226148605347
10.0,102383.0,0.005630390252918005,-0.004601942375302315,-0.9485515356063843
10.0,102387.0,0.005806981585919857,-0.004601942375302315,-0.9581105709075928
10.0,102390.0,0.005950718652456999,-0.004601942375302315,-0.9728614687919617
10.0,102393.0,0.006147843785583973,-0.006135923322290182,-0.717781126499176
10.0,102397.0,0.006303901318460703,-0.006135923322290182,-0.741886556148529
10.0,102401.0,0.006509240251034498,-0.006135923322290182,-0.765286386013031
10.0,102404.0,0.006657083984464407,-0.006135923322290182,-0.7817477583885193
10.0,102408.0,0.006854209583252668,-0.006135923322290182,-0.8000431656837463
10.0,102411.0,0.0070472280494868755,-0.006135923322290182,-0.8130998015403748
10.0,102414.0,0.007190965116024017,-0.006135923322290182,-0.8259046077728271
10.0,102418.0,0.007338808849453926,-0.006135923322290182,-0.8443815112113953
10.0,102421.0,0.0075400411151349545,-0.0076699042692780495,-0.592353343963623
10.0,102425.0,0.007749486714601517,-0.0076699042692780495,-0.6199552416801453
10.0,102429.0,0.00793429184705019,-0.0076699042692780495,-0.6386864185333252
10.0,102433.0,0.008057494647800922,-0.0076699042692780495,-0.648891031742096
10.0,102437.0,0.008205338381230831,-0.0076699042692780495,-0.653405487537384
10.0,102440.0,0.008308008313179016,-0.0076699042692780495,-0.6553658843040466
10.0,102443.0,0.008443531580269337,-0.0076699042692780495,-0.6572279334068298
10.0,102447.0,0.008574948646128178,-0.0076699042692780495,-0.6580129265785217
10.0,102451.0,0.008669404312968254,-0.0076699042692780495,-0.6576054096221924
10.0,102454.0,0.00876385997980833,-0.0076699042692780495,-0.6557352542877197
10.0,102459.0,0.00890759751200676,-0.0076699042692780495,-0.6516823172569275
10.0,102464.0,0.009034907445311546,-0.0076699042692780495,-0.641726016998291
10.0,102468.0,0.009125256910920143,-0.0076699042692780495,-0.6305089592933655
10.0,102480.0,0.009347022511065006,-0.006135923322290182,-0.8426944017410278
10.0,102484.0,0.009412731043994427,-0.006135923322290182,-0.8259887099266052
10.0,102487.0,0.009466119110584259,-0.006135923322290182,-0.8058777451515198
10.0,102490.0,0.009523614309728146,-0.006135923322290182,-0.7944061160087585
10.0,102494.0,0.009605749510228634,-0.006135923322290182,-0.783349871635437
10.0,102498.0,0.009687884710729122,-0.006135923322290182,-0.7691981196403503
10.0,102501.0,0.009749487042427063,-0.006135923322290182,-0.7557153105735779
10.0,102504.0,0.009831622242927551,-0.006135923322290182,-0.7460259199142456
10.0,102508.0,0.009889117442071438,-0.006135923322290182,-0.7309762835502625
10.0,102511.0,0.009958932176232338,-0.004601942375302315,-0.9863876700401306
10.0,102514.0,0.01001232024282217,-0.004601942375302315,-0.9707604646682739
10.0,102518.0,0.010073921643197536,-0.004601942375302315,-0.9556665420532227
10.0,102523.0,0.010201231576502323,-0.004601942375302315,-0.9466191530227661
10.0,102528.0,0.01035728957504034,-0.004601942375302315,-0.9450136423110962
10.0,102531.0,0.01045995857566595,-0.004601942375302315,-0.9487534165382385
10.0,102534.0,0.010607803240418434,-0.004601942375302315,-0.9535953998565674
10.0,102539.0,0.010767967440187931,-0.004601942375302315,-0.9640132188796997
10.0,102542.0,0.010891170240938663,-0.006135923322290182,-0.7101637125015259
10.0,102548.0,0.011154004372656345,-0.006135923322290182,-0.7410902380943298
10.0,102552.0,0.011318274773657322,-0.006135923322290182,-0.7574359774589539
10.0,102555.0,0.011478438973426819,-0.006135923322290182,-0.7680677771568298
10.0,102559.0,0.011589322239160538,-0.006135923322290182,-0.7770143747329712
10.0,102562.0,0.011691992171108723,-0.006135923322290182,-0.7832939028739929
10.0,102566.0,0.011831622570753098,-0.0076699042692780495,-0.5254281163215637
10.0,102570.0,0.011963038705289364,-0.0076699042692780495,-0.5333163142204285
10.0,102573.0,0.01205338817089796,-0.0076699042692780495,-0.5396061539649963
10.0,102577.0,0.01216837763786316,-0.0076699042692780495,-0.5444760918617249
10.0,102580.0,0.012275153771042824,-0.0076699042692780495,-0.5454169511795044
10.0,102584.0,0.012349075637757778,-0.0076699042692780495,-0.5450666546821594
10.0,102588.0,0.012431211769580841,-0.0076699042692780495,-0.5393853783607483
10.0,102591.0,0.012484599836170673,-0.0076699042692780495,-0.5300129055976868
10.0,102595.0,0.01254620123654604,-0.0076699042692780495,-0.5209436416625977
10.0,102598.0,0.012583162635564804,-0.006135923322290182,-0.7683321237564087
10.0,102601.0,0.012620123103260994,-0.006135923322290182,-0.7503313422203064
10.0,102605.0,0.012661190703511238,-0.006135923322290182,-0.7281329035758972
10.0,102609.0,0.012694044969975948,-0.006135923322290182,-0.706861674785614
10.0,102612.0,0.012726899236440659,-0.006135923322290182,-0.6935175061225891
10.0,102616.0,0.012776181101799011,-0.006135923322290182,-0.6764049530029297
10.0,102619.0,0.01282546203583479,-0.006135923322290182,-0.6640639901161194
10.0,102623.0,0.012866529636085033,-0.006135923322290182,-0.6495860815048218
10.0,102627.0,0.012919917702674866,-0.006135923322290182,-0.639499306678772
10.0,102630.0,0.012973305769264698,-0.006135923322290182,-0.6261427998542786
10.0,102634.0,0.013014373369514942,-0.004601942375302315,-0.8787742853164673
10.0,102638.0,0.013067761436104774,-0.004601942375302315,-0.8654398918151855
10.0,102641.0,0.013125256635248661,-0.004601942375302315,-0.855944812297821
10.0,102646.0,0.013232032768428326,-0.004601942375302315,-0.8491086959838867
10.0,102651.0,0.013359342701733112,-0.004601942375302315,-0.8485423922538757
10.0,102654.0,0.013445585034787655,-0.004601942375302315,-0.8521437048912048
10.0,102658.0,0.013564681634306908,-0.006135923322290182,-0.5907899737358093
10.0,102661.0,0.013659137301146984,-0.006135923322290182,-0.6042954921722412
10.0,102674.0,0.01402874756604433,-0.006135923322290182,-0.6284817457199097
10.0,102678.0,0.014131416566669941,-0.006135923322290182,-0.6352764964103699
10.0,102682.0,0.014234086498618126,-0.006135923322290182,-0.6376815438270569
10.0,102686.0,0.014324435032904148,-0.006135923322290182,-0.6390287280082703
10.0,102689.0,0.01441067736595869,-0.006135923322290182,-0.6374912858009338
10.0,102693.0,0.014468172565102577,-0.006135923322290182,-0.6329283714294434
10.0,102697.0,0.014533881098031998,-0.006135923322290182,-0.627677321434021
10.0,102700.0,0.014583162032067776,-0.006135923322290182,-0.6196635365486145
10.0,102704.0,0.014640657231211662,-0.006135923322290182,-0.6135873794555664
10.0,102709.0,0.014702258631587029,-0.006135923322290182,-0.5995553135871887
10.0,102713.0,0.01475564669817686,-0.006135923322290182,-0.5876376628875732
10.0,102717.0,0.01480082143098116,-0.006135923322290182,-0.5748923420906067
10.0,102720.0,0.014841889031231403,-0.006135923322290182,-0.5663800835609436
10.0,102724.0,0.01487063616514206,-0.006135923322290182,-0.5545928478240967
10.0,102728.0,0.014907597564160824,-0.006135923322290182,-0.5406635403633118
10.0,102732.0,0.014940451830625534,-0.006135923322290182,-0.5259855389595032
10.0,102736.0,0.01496509276330471,-0.006135923322290182,-0.5150702595710754
10.0,102740.0,0.014981519430875778,-0.006135923322290182,-0.4974985122680664
10.0,102743.0,0.014993839897215366,-0.006135923322290182,-0.4793139398097992
10.0,102747.0,0.01499794702976942,-0.004601942375302315,-0.7246108055114746
10.0,102751.0,0.01499794702976942,-0.004601942375302315,-0.704596996307373
10.0,102754.0,0.0150020532310009,-0.004601942375302315,-0.6801918745040894
10.0,102758.0,0.015014373697340488,-0.004601942375302315,-0.665553629398346
10.0,102761.0,0.015026694163680077,-0.004601942375302315,-0.6454122066497803
10.0,102765.0,0.015039014630019665,-0.004601942375302315,-0.6274276375770569
10.0,102769.0,0.015051335096359253,-0.004601942375302315,-0.6131002306938171
10.0,102772.0,0.015059548430144787,-0.004601942375302315,-0.5951189994812012
10.0,102776.0,0.01506776176393032,-0.004601942375302315,-0.57654869556427
10.0,102779.0,0.015071868896484375,-0.003067961661145091,-0.8295437097549438
10.0,102783.0,0.015075975097715855,-0.003067961661145091,-0.8049548864364624
10.0,102787.0,0.015075975097715855,-0.003067961661145091,-0.7861638069152832
10.0,102790.0,0.015084189362823963,-0.003067961661145091,-0.765994668006897
10.0,102794.0,0.015104723162949085,-0.003067961661145091,-0.749326765537262
10.0,102798.0,0.015125256963074207,-0.003067961661145091,-0.7376269102096558
10.0,102802.0,0.015149896964430809,-0.003067961661145091,-0.7234836220741272
10.0,102805.0,0.015170430764555931,-0.003067961661145091,-0.7099457383155823
10.0,102810.0,0.015199178829789162,-0.003067961661145091,-0.696989119052887
10.0,102813.0,0.015219712629914284,-0.003067961661145091,-0.6845906972885132
10.0,102817.0,0.015240246430039406,-0.003067961661145091,-0.6749948859214783
10.0,102821.0,0.015252566896378994,-0.003067961661145091,-0.6561295390129089
10.0,102827.0,0.015268993563950062,-0.003067961661145091,-0.6368743777275085
10.0,102832.0,0.01527720782905817,-0.0015339808305725455,-0.87687087059021
10.0,102838.0,0.01528131403028965,-0.0015339808305725455,-0.8499026894569397
10.0,102843.0,0.015305954962968826,-0.0015339808305725455,-0.8309575915336609
10.0,102847.0,0.015330595895648003,-0.0015339808305725455,-0.8181285262107849
10.0,102851.0,0.015359343029558659,-0.0015339808305725455,-0.807183563709259
10.0,102854.0,0.015388090163469315,-0.0015339808305725455,-0.7966985106468201
10.0,102858.0,0.015408623963594437,-0.0015339808305725455,-0.7866801023483276
10.0,102862.0,0.015441478230059147,-0.0015339808305725455,-0.780472457408905
10.0,102866.0,0.015466119162738323,-0.0015339808305725455,-0.7698588371276855
10.0,102878.0,0.015519507229328156,-0.0015339808305725455,-0.7312893271446228
10.0,102882.0,0.01552772056311369,-0.0015339808305725455,-0.7174554467201233
10.0,102887.0,0.015535933896899223,-0.0015339808305725455,-0.7028639912605286
10.0,102890.0,0.015535933896899223,-0.0015339808305725455,-0.6875158548355103
10.0,102894.0,0.015535933896899223,-0.0015339808305725455,-0.6764150857925415
10.0,102898.0,0.015540041029453278,-0.0015339808305725455,-0.6634966135025024
10.0,102901.0,0.015540041029453278,-0.0015339808305725455,-0.6497551798820496
10.0,102906.0,0.015540041029453278,-0.0015339808305725455,-0.6333630084991455
10.0,102910.0,0.015540041029453278,-0.0015339808305725455,-0.6239297389984131
10.0,102913.0,0.015540041029453278,-0.0015339808305725455,-0.6118024587631226
10.0,102917.0,0.015540041029453278,0.0,-0.8684278130531311
10.0,102922.0,0.015540041029453278,0.0,-0.8470427989959717
10.0,102927.0,0.015552361495792866,0.0,-0.830715000629425
10.0,102930.0,0.0155605748295784,0.0,-0.8190708160400391
10.0,102934.0,0.015572895295917988,0.0,-0.8103304505348206
10.0,102939.0,0.015589321963489056,0.0,-0.7936497926712036
10.0,102943.0,0.015601642429828644,0.0,-0.7849138379096985
10.0,102947.0,0.015613962896168232,0.0,-0.7772828340530396
10.0,102951.0,0.01562628336250782,0.0,-0.765971839427948
10.0,102955.0,0.015638602897524834,0.0,-0.7589289546012878
10.0,102959.0,0.01565503142774105,0.0,-0.7499312162399292
10.0,102964.0,0.015675565227866173,0.0,-0.7400794625282288
10.0,102968.0,0.015696099027991295,0.0,-0.7350172400474548
10.0,102972.0,0.01570841856300831,0.0,-0.728854775428772
10.0,102976.0,0.01572895236313343,0.0,-0.724292516708374
10.0,102980.0,0.015749486163258553,0.0,-0.7213793992996216
10.0,102983.0,0.01576591283082962,0.0,-0.7172132730484009
10.0,102987.0,0.01578644849359989,0.0,-0.7145570516586304
10.0,102990.0,0.015806982293725014,0.0,-0.7120553851127625
10.0,102995.0,0.01583983562886715,0.0,-0.7111473083496094
10.0,102999.0,0.015872690826654434,0.0,-0.7129383683204651
10.0,103003.0,0.01591375842690468,0.0,-0.7146115899085999
10.0,103007.0,0.015954826027154922,0.0,-0.7191499471664429
10.0,103010.0,0.01600000075995922,0.0,-0.722085177898407
10.0,103014.0,0.01603696122765541,0.0,-0.7276922464370728
10.0,103018.0,0.016086243093013763,0.0,-0.7318046689033508
10.0,103022.0,0.016151951625943184,-0.0015339808305725455,-0.47441139817237854
10.0,103027.0,0.016201231628656387,-0.0015339808305725455,-0.488186240196228
10.0,103031.0,0.016234086826443672,-0.0015339808305725455,-0.4908072352409363
10.0,103034.0,0.016254620626568794,-0.0015339808305725455,-0.4919969141483307
10.0,103038.0,0.016262833029031754,-0.0015339808305725455,-0.4891665279865265
10.0,103042.0,0.016262833029031754,-0.0015339808305725455,-0.48382768034935
10.0,103046.0,0.016262833029031754,-0.0015339808305725455,-0.4787183403968811
10.0,103049.0,0.016262833029031754,-0.0015339808305725455,-0.47503167390823364
10.0,103053.0,0.016262833029031754,0.0,-0.7399119138717651
10.0,103057.0,0.016262833029031754,0.0,-0.7292933464050293
10.0,103060.0,0.016266940161585808,0.0,-0.721786618232727
10.0,103064.0,0.01627926155924797,0.0,-0.7170542478561401
10.0,103068.0,0.016291581094264984,0.0,-0.7114378213882446
10.0,103071.0,0.016303900629281998,0.0,-0.7073958516120911
10.0,103075.0,0.016320329159498215,0.0,-0.7044954299926758
10.0,103078.0,0.016340862959623337,0.0,-0.7021510004997253
10.0,103082.0,0.01635318249464035,0.0,-0.6985877156257629
10.0,103087.0,0.016373716294765472,0.0,-0.6943855881690979
10.0,103091.0,0.01639014296233654,0.0,-0.691992998123169
10.0,103094.0,0.016402464359998703,0.0,-0.6875930428504944
10.0,103098.0,0.016410676762461662,0.0,-0.6840949058532715
10.0,103101.0,0.01641889102756977,0.0,-0.6787340641021729
10.0,103105.0,0.01642710529267788,0.0,-0.6736137866973877
10.0,103109.0,0.016431212425231934,0.0,-0.6692632436752319
10.0,103112.0,0.01643531769514084,0.0,-0.6632456183433533
10.0,103125.0,0.016439424827694893,0.0,-0.642500102519989
10.0,103129.0,0.016443531960248947,0.0,-0.6376301646232605
10.0,103133.0,0.016443531960248947,0.0,-0.6331082582473755
10.0,103137.0,0.016443531960248947,0.0,-0.6273043155670166
10.0,103140.0,0.016443531960248947,0.0,-0.6217485070228577
10.0,103144.0,0.016443531960248947,0.0,-0.6177386045455933
10.0,103149.0,0.016443531960248947,0.0,-0.6113425493240356
10.0,103153.0,0.016443531960248947,0.0,-0.6052902340888977
10.0,103157.0,0.016443531960248947,0.0,-0.6018167734146118
10.0,103160.0,0.016447639092803,0.0,-0.5986813306808472
10.0,103164.0,0.016447639092803,0.0,-0.5954335331916809
10.0,103168.0,0.016447639092803,0.0,-0.5912697315216064
10.0,103171.0,0.016447639092803,0.0,-0.5872895121574402
10.0,103174.0,0.016447639092803,0.0,-0.584420382976532
10.0,103178.0,0.016447639092803,0.0,-0.5807440280914307
10.0,103182.0,0.016447639092803,0.0,-0.5772320032119751
10.0,103186.0,0.016447639092803,0.0,-0.57387775182724
10.0,103190.0,0.016447639092803,0.0,-0.5714619159698486
10.0,103193.0,0.016447639092803,0.0,-0.5683690905570984
10.0,103197.0,0.016447639092803,0.0,-0.5661424994468689
10.0,103200.0,0.016447639092803,0.0,-0.5632933378219604
10.0,103204.0,0.016447639092803,0.0,-0.5612431764602661
10.0,103209.0,0.016447639092803,0.0,-0.5579848885536194
10.0,103214.0,0.016447639092803,0.0,-0.5549165606498718
10.0,103218.0,0.016447639092803,0.0,-0.5525923371315002
10.0,103222.0,0.016447639092803,0.0,-0.5503791570663452
10.0,103225.0,0.016447639092803,0.0,-0.5482726097106934
10.0,103229.0,0.016447639092803,0.0,-0.5462685227394104
10.0,103233.0,0.016447639092803,0.0,-0.5443628430366516
10.0,103237.0,0.016447639092803,0.0,-0.5425516963005066
10.0,103241.0,0.016447639092803,0.0,-0.5412531495094299
10.0,103244.0,0.016447639092803,0.0,-0.5395985841751099
10.0,103248.0,0.016447639092803,0.0,-0.5384133458137512
10.0,103251.0,0.016447639092803,0.0,-0.5369047522544861
10.0,103254.0,0.016447639092803,0.0,-0.5358251929283142
10.0,103258.0,0.016447639092803,0.0,-0.534452497959137
10.0,103261.0,0.016447639092803,0.0,-0.5334714651107788
10.0,103265.0,0.016447639092803,0.0,-0.5322256088256836
10.0,103269.0,0.016447639092803,0.0,-0.5310482382774353
10.0,103272.0,0.016447639092803,0.0,-0.5302085876464844
10.0,103276.0,0.016447639092803,0.0,-0.5291447639465332
10.0,103279.0,0.016447639092803,0.0,-0.5283873081207275
10.0,103283.0,0.016447639092803,0.0,-0.5274292230606079
10.0,103287.0,0.016447639092803,0.0,-0.5267483592033386
10.0,103290.0,0.016447639092803,0.0,-0.525888979434967
10.0,103293.0,0.016447639092803,0.0,-0.5252794623374939
10.0,103297.0,0.016447639092803,0.0,-0.5246990919113159
10.0,103300.0,0.016447639092803,0.0,-0.5239689946174622
10.0,103304.0,0.016447639092803,0.0,-0.5234531760215759
10.0,103308.0,0.016447639092803,0.0,-0.5228062272071838
10.0,103320.0,0.016447639092803,0.0,-0.5210049152374268
10.0,103324.0,0.016447639092803,0.0,-0.5206503868103027
10.0,103328.0,0.016447639092803,0.0,-0.5202111005783081
10.0,103331.0,0.016447639092803,0.0,-0.5198085308074951
10.0,103335.0,0.016447639092803,0.0,-0.5194413065910339
10.0,103340.0,0.016447639092803,0.0,-0.5190297365188599
10.0,103344.0,0.016447639092803,0.0,-0.5188072323799133
10.0,103348.0,0.016447639092803,0.0,-0.5185377597808838
10.0,103351.0,0.016447639092803,0.0,-0.5182983875274658
10.0,103354.0,0.016447639092803,0.0,-0.5181378126144409
10.0,103358.0,0.016447639092803,0.0,-0.5179482102394104
10.0,103362.0,0.016447639092803,0.0,-0.5177854895591736
10.0,103366.0,0.016447639092803,0.0,-0.5176486968994141
10.0,103369.0,0.016447639092803,0.0,-0.5175623893737793
10.0,103373.0,0.016447639092803,0.0,-0.5174683332443237
10.0,103377.0,0.016447639092803,0.0,-0.5174130797386169
10.0,103380.0,0.016447639092803,0.0,-0.5173589587211609
10.0,103384.0,0.016447639092803,0.0,-0.5173264145851135
10.0,103388.0,0.016447639092803,0.0,-0.5173156261444092
10.0,103391.0,0.016447639092803,0.0,-0.517318844795227
10.0,103394.0,0.016447639092803,0.0,-0.5173339247703552
10.0,103398.0,0.016447639092803,0.0,-0.5173704624176025
10.0,103402.0,0.016447639092803,0.0,-0.5174096822738647
10.0,103405.0,0.016447639092803,0.0,-0.5174772143363953
10.0,103409.0,0.016447639092803,0.0,-0.5175614953041077
10.0,103413.0,0.016447639092803,0.0,-0.5176354050636292
10.0,103417.0,0.016447639092803,0.0,-0.5177474617958069
10.0,103420.0,0.016447639092803,0.0,-0.5178745985031128
10.0,103424.0,0.016447639092803,0.0,-0.5179794430732727
10.0,103428.0,0.016447639092803,0.0,-0.5181314945220947
10.0,103431.0,0.016447639092803,0.0,-0.5182969570159912
10.0,103435.0,0.016447639092803,0.0,-0.5184295773506165
10.0,103438.0,0.016447639092803,0.0,-0.5186172723770142
10.0,103442.0,0.016447639092803,0.0,-0.518817126750946
10.0,103446.0,0.016447639092803,0.0,-0.5190284848213196
10.0,103450.0,0.016447639092803,0.0,-0.5191943049430847
10.0,103453.0,0.016447639092803,0.0,-0.5194248557090759
10.0,103457.0,0.016447639092803,0.0,-0.5196045637130737
10.0,103462.0,0.016447639092803,0.0,-0.5199165940284729
10.0,103467.0,0.016447639092803,0.0,-0.5202435255050659
10.0,103470.0,0.016447639092803,0.0,-0.5205153822898865
10.0,103474.0,0.016447639092803,0.0,-0.5207959413528442
10.0,103478.0,0.016447639092803,0.0,-0.5210848450660706
10.0,103482.0,0.016447639092803,0.0,-0.5213068723678589
10.0,103485.0,0.016447639092803,0.0,-0.5216096639633179
10.0,103489.0,0.016447639092803,0.0,-0.5219200253486633
10.0,103492.0,0.016447639092803,0.0,-0.5221575498580933
10.0,103496.0,0.016447639092803,0.0,-0.522480309009552
10.0,103500.0,0.016447639092803,0.0,-0.5228098630905151
10.0,103503.0,0.016447639092803,0.0,-0.523061215877533
10.0,103516.0,0.016447639092803,0.0,-0.5241899490356445
10.0,103520.0,0.016447639092803,0.0,-0.5246400237083435
10.0,103524.0,0.016447639092803,0.0,-0.5250982046127319
10.0,103530.0,0.016447639092803,0.0,-0.5253768563270569
10.0,103533.0,0.016447639092803,0.0,-0.5257526636123657
10.0,103537.0,0.016447639092803,0.0,-0.5260375738143921
10.0,103540.0,0.016447639092803,0.0,-0.526421308517456
10.0,103544.0,0.016447639092803,0.0,-0.5267120003700256
10.0,103549.0,0.016447639092803,0.0,-0.5273003578186035
10.0,103553.0,0.016447639092803,0.0,-0.5276975631713867
10.0,103557.0,0.016447639092803,0.0,-0.5279979109764099
10.0,103560.0,0.016447639092803,0.0,-0.5284016728401184
10.0,103564.0,0.016447639092803,0.0,-0.5287067890167236
10.0,103568.0,0.016447639092803,0.0,-0.5291166305541992
10.0,103571.0,0.016447639092803,0.0,-0.5295297503471375
10.0,103575.0,0.016447639092803,0.0,-0.5298416614532471
10.0,103578.0,0.016447639092803,0.0,-0.5302602648735046
10.0,103582.0,0.016447639092803,0.0,-0.530681848526001
10.0,103586.0,0.016447639092803,0.0,-0.531106173992157
10.0,103589.0,0.016447639092803,0.0,-0.5314262509346008
10.0,103593.0,0.016447639092803,0.0,-0.5318552851676941
10.0,103597.0,0.016447639092803,0.0,-0.5321787595748901
10.0,103600.0,0.016447639092803,0.0,-0.5326122045516968
10.0,103604.0,0.016447639092803,0.0,-0.5330479741096497
10.0,103608.0,0.016447639092803,0.0,-0.5333763360977173
10.0,103611.0,0.016447639092803,-0.0015339808305725455,-0.26842200756073
10.0,103615.0,0.016447639092803,-0.0015339808305725455,-0.2732186019420624
10.0,103618.0,0.016447639092803,-0.0015339808305725455,-0.2794102132320404
10.0,103622.0,0.016447639092803,-0.0015339808305725455,-0.28537729382514954
10.0,103626.0,0.016447639092803,-0.0015339808305725455,-0.2911287248134613
10.0,103630.0,0.016447639092803,-0.0015339808305725455,-0.29667291045188904
10.0,103634.0,0.016447639092803,-0.0015339808305725455,-0.30070000886917114
10.0,103637.0,0.016447639092803,-0.0015339808305725455,-0.3059011399745941
10.0,103641.0,0.016447639092803,-0.0015339808305725455,-0.3109167218208313
10.0,103646.0,0.016447639092803,-0.0015339808305725455,-0.3169364631175995
10.0,103651.0,0.016447639092803,-0.0015339808305725455,-0.32156097888946533
10.0,103654.0,0.016447639092803,-0.0015339808305725455,-0.3260226845741272
10.0,103658.0,0.016447639092803,-0.0015339808305725455,-0.3292660117149353
10.0,103661.0,0.016447639092803,-0.0015339808305725455,-0.33345818519592285
10.0,103665.0,0.016447639092803,-0.0015339808305725455,-0.33650630712509155
10.0,103668.0,0.016447639092803,-0.0015339808305725455,-0.34044715762138367
10.0,103672.0,0.016447639092803,-0.0015339808305725455,-0.34331339597702026
10.0,103675.0,0.016447639092803,-0.0015339808305725455,-0.3470200002193451
10.0,103679.0,0.016447639092803,-0.0015339808305725455,-0.35060009360313416
10.0,103683.0,0.016447639092803,-0.0015339808305725455,-0.3532050549983978
10.0,103687.0,0.016447639092803,-0.0015339808305725455,-0.3565754294395447
10.0,103691.0,0.016447639092803,-0.0015339808305725455,-0.36062946915626526
10.0,103694.0,0.016447639092803,-0.0015339808305725455,-0.36298051476478577
10.0,103698.0,0.016447639092803,-0.0015339808305725455,-0.36527273058891296
10.0,103701.0,0.016447639092803,-0.0015339808305725455,-0.36824047565460205
10.0,103715.0,0.016447639092803,-0.0015339808305725455,-0.3778846859931946
10.0,103720.0,0.016447639092803,-0.0015339808305725455,-0.38106971979141235
10.0,103724.0,0.016447639092803,-0.0015339808305725455,-0.3835268020629883
10.0,103728.0,0.016447639092803,-0.0015339808305725455,-0.38531869649887085
10.0,103731.0,0.016447639092803,-0.0015339808305725455,-0.38764241337776184
10.0,103734.0,0.016447639092803,-0.0015339808305725455,-0.3893376588821411
10.0,103738.0,0.016447639092803,-0.0015339808305725455,-0.39153704047203064
10.0,103742.0,0.016447639092803,-0.0015339808305725455,-0.39366915822029114
10.0,103746.0,0.016447639092803,-0.0015339808305725455,-0.3957367539405823
10.0,103750.0,0.016447639092803,-0.0015339808305725455,-0.39774227142333984
10.0,103753.0,0.016447639092803,-0.0015339808305725455,-0.399207204580307
10.0,103757.0,0.016447639092803,-0.0015339808305725455,-0.4011100232601166
10.0,103761.0,0.016447639092803,-0.0015339808305725455,-0.40250054001808167
10.0,103764.0,0.016447639092803,-0.0015339808305725455,-0.40430763363838196
10.0,103768.0,0.016447639092803,-0.0015339808305725455,-0.40562883019447327
10.0,103772.0,0.016447639092803,-0.0015339808305725455,-0.4073466658592224
10.0,103775.0,0.016447639092803,-0.0015339808305725455,-0.4090162515640259
10.0,103779.0,0.016447639092803,-0.0015339808305725455,-0.4106394648551941
10.0,103783.0,0.016447639092803,-0.0015339808305725455,-0.41182756423950195
10.0,103787.0,0.016447639092803,-0.0015339808305725455,-0.41337406635284424
10.0,103790.0,0.016447639092803,-0.0015339808305725455,-0.41487905383110046
10.0,103793.0,0.016447639092803,-0.0015339808305725455,-0.41598156094551086
10.0,103797.0,0.016447639092803,-0.0015339808305725455,-0.41741782426834106
10.0,103800.0,0.016447639092803,-0.0015339808305725455,-0.418470561504364
10.0,103804.0,0.016447639092803,-0.0015339808305725455,-0.41984277963638306
10.0,103808.0,0.016447639092803,-0.0015339808305725455,-0.42084914445877075
10.0,103811.0,0.016447639092803,-0.0015339808305725455,-0.42216166853904724
10.0,103814.0,0.016447639092803,-0.0015339808305725455,-0.4231248199939728
10.0,103818.0,0.016447639092803,-0.0015339808305725455,-0.42438164353370667
10.0,103822.0,0.016447639092803,-0.0015339808305725455,-0.42530450224876404
10.0,103826.0,0.016447639092803,-0.0015339808305725455,-0.4265095293521881
10.0,103829.0,0.016447639092803,-0.003067961661145091,-0.15923984348773956
10.0,103834.0,0.016447639092803,-0.003067961661145091,-0.1681913286447525
10.0,103839.0,0.016447639092803,-0.003067961661145091,-0.17673440277576447
10.0,103843.0,0.016447639092803,-0.003067961661145091,-0.18167246878147125
10.0,103847.0,0.016447639092803,-0.003067961661145091,-0.18804629147052765
10.0,103850.0,0.016447639092803,-0.003067961661145091,-0.19418832659721375
10.0,103854.0,0.016447639092803,-0.003067961661145091,-0.1986483633518219
10.0,103858.0,0.016447639092803,-0.003067961661145091,-0.20440666377544403
10.0,103861.0,0.016447639092803,-0.003067961661145091,-0.20995758473873138
10.0,103864.0,0.016447639092803,-0.003067961661145091,-0.2139895111322403
10.0,103868.0,0.016447639092803,-0.003067961661145091,-0.2191968709230423
10.0,103872.0,0.016447639092803,-0.003067961661145091,-0.22298002243041992
10.0,103876.0,0.016447639092803,-0.003067961661145091,-0.2290615290403366
10.0,103880.0,0.016447639092803,-0.003067961661145091,-0.23258104920387268
10.0,103883.0,0.016447639092803,-0.003067961661145091,-0.23712868988513947
10.0,103887.0,0.016447639092803,-0.003067961661145091,-0.2404341995716095
10.0,103890.0,0.016447639092803,-0.003067961661145091,-0.2447064071893692
10.0,103894.0,0.016447639092803,-0.003067961661145091,-0.2488296926021576
10.0,103898.0,0.016447639092803,-0.003067961661145091,-0.25182798504829407
10.0,103910.0,0.016447639092803,-0.003067961661145091,-0.26394784450531006
10.0,103913.0,0.016447639092803,-0.003067961661145091,-0.2665557563304901
10.0,103917.0,0.016447639092803,-0.003067961661145091,-0.2690972089767456
10.0,103921.0,0.016447639092803,-0.003067961661145091,-0.27238574624061584
10.0,103924.0,0.016447639092803,-0.003067961661145091,-0.27556416392326355
10.0,103928.0,0.016447639092803,-0.004601942375302315,-0.011724216863512993
10.0,103932.0,0.016447639092803,-0.004601942375302315,-0.018472272902727127
10.0,103935.0,0.016447639092803,-0.004601942375302315,-0.02582063525915146
10.0,103939.0,0.016443531960248947,-0.004601942375302315,-0.03424932435154915
10.0,103943.0,0.016443531960248947,-0.004601942375302315,-0.04036493971943855
10.0,103947.0,0.016439424827694893,-0.004601942375302315,-0.04689914360642433
10.0,103950.0,0.016439424827694893,-0.004601942375302315,-0.05454568564891815
10.0,103954.0,0.016439424827694893,-0.004601942375302315,-0.06009498983621597
10.0,103957.0,0.016439424827694893,-0.004601942375302315,-0.06725560128688812
10.0,103962.0,0.016439424827694893,-0.004601942375302315,-0.07583806663751602
10.0,103967.0,0.016439424827694893,-0.004601942375302315,-0.0840301662683487
10.0,103970.0,0.016439424827694893,-0.004601942375302315,-0.08876600116491318
10.0,103974.0,0.016439424827694893,-0.004601942375302315,-0.09487946331501007
10.0,103978.0,0.016439424827694893,-0.004601942375302315,-0.09931871294975281
10.0,103981.0,0.016439424827694893,-0.004601942375302315,-0.10505034029483795
10.0,103985.0,0.016439424827694893,-0.004601942375302315,-0.11057549715042114
10.0,103989.0,0.016439424827694893,-0.004601942375302315,-0.11590243130922318
10.0,103992.0,0.016439424827694893,-0.004601942375302315,-0.11977220326662064
10.0,103996.0,0.016439424827694893,-0.006135923322290182,0.1406232863664627
10.0,104000.0,0.016439424827694893,-0.006135923322290182,0.13123342394828796
10.0,104004.0,0.01643531769514084,-0.006135923322290182,0.12340399622917175
10.0,104007.0,0.01642710529267788,-0.006135923322290182,0.11596957594156265
10.0,104011.0,0.016422998160123825,-0.006135923322290182,0.10748821496963501
10.0,104014.0,0.01641889102756977,-0.006135923322290182,0.1016659140586853
10.0,104020.0,0.016414783895015717,-0.006135923322290182,0.08920637518167496
10.0,104024.0,0.016410676762461662,-0.006135923322290182,0.08175592124462128
10.0,104029.0,0.016410676762461662,-0.006135923322290182,0.07114753127098083
10.0,104034.0,0.016410676762461662,-0.006135923322290182,0.061028849333524704
10.0,104038.0,0.016410676762461662,-0.006135923322290182,0.0532703772187233
10.0,104042.0,0.016410676762461662,-0.006135923322290182,0.04579824209213257
10.0,104047.0,0.016410676762461662,-0.0076699042692780495,0.3070477545261383
10.0,104051.0,0.016410676762461662,-0.0076699042692780495,0.2940703332424164
10.0,104054.0,0.016406571492552757,-0.0076699042692780495,0.28292733430862427
10.0,104058.0,0.016394250094890594,-0.0076699042692780495,0.27488386631011963
10.0,104062.0,0.016386037692427635,-0.0076699042692780495,0.2687159776687622
10.0,104066.0,0.016373716294765472,-0.0076699042692780495,0.2597214877605438
10.0,104070.0,0.016365503892302513,-0.0076699042692780495,0.2526540756225586
10.0,104074.0,0.016357289627194405,-0.0076699042692780495,0.24444961547851562
10.0,104078.0,0.01635318249464035,-0.0076699042692780495,0.23522812128067017
10.0,104082.0,0.01635318249464035,-0.0076699042692780495,0.2250002920627594
10.0,104088.0,0.016349075362086296,-0.0076699042692780495,0.2116800993680954
10.0,104091.0,0.016349075362086296,-0.00920388475060463,0.4692493677139282
10.0,104095.0,0.016349075362086296,-0.00920388475060463,0.4579610526561737
10.0,104098.0,0.016340862959623337,-0.00920388475060463,0.4460741877555847
10.0,104102.0,0.016328541561961174,-0.00920388475060463,0.43733322620391846
10.0,104114.0,0.016254620626568794,-0.00920388475060463,0.4228885769844055
10.0,104118.0,0.016225872561335564,-0.00920388475060463,0.41912224888801575
10.0,104121.0,0.01620533876121044,-0.00920388475060463,0.4155198931694031
10.0,104125.0,0.01617659069597721,-0.00920388475060463,0.4125845730304718
10.0,104129.0,0.01614784449338913,-0.00920388475060463,0.40925347805023193
10.0,104132.0,0.016127310693264008,-0.00920388475060463,0.40472668409347534
10.0,104136.0,0.01610266976058483,-0.00920388475060463,0.668823778629303
10.0,104139.0,0.01608213596045971,-0.010737866163253784,0.6604750752449036
10.0,104143.0,0.01606570929288864,-0.010737866163253784,0.6506341695785522
10.0,104148.0,0.016020534560084343,-0.010737866163253784,0.6451842188835144
10.0,104152.0,0.01597125269472599,-0.010737866163253784,0.6436924934387207
10.0,104156.0,0.01591375842690468,-0.010737866163253784,0.6455373764038086
10.0,104159.0,0.015852155163884163,-0.010737866163253784,0.648428201675415
10.0,104163.0,0.01580287516117096,-0.010737866163253784,0.6525906920433044
10.0,104167.0,0.015733059495687485,-0.010737866163253784,0.6569883823394775
10.0,104170.0,0.01565503142774105,-0.010737866163253784,0.6649425625801086
10.0,104174.0,0.015589321963489056,-0.010737866163253784,0.6766765713691711
10.0,104178.0,0.0154907600954175,-0.010737866163253784,0.6872377395629883
10.0,104181.0,0.015408623963594437,-0.010737866163253784,0.7062820196151733
10.0,104184.0,0.015285421162843704,-0.010737866163253784,0.7214964628219604
10.0,104189.0,0.015158111229538918,-0.00920388475060463,0.48671144247055054
10.0,104193.0,0.015030800364911556,-0.00920388475060463,0.5065509080886841
10.0,104197.0,0.014919918030500412,-0.00920388475060463,0.5273034572601318
10.0,104200.0,0.014821355231106281,-0.00920388475060463,0.5433626770973206
10.0,104204.0,0.014759753830730915,-0.00920388475060463,0.5521880388259888
10.0,104209.0,0.014673511497676373,-0.00920388475060463,0.55917888879776
10.0,104213.0,0.014595482498407364,-0.00920388475060463,0.5621930360794067
10.0,104217.0,0.01455441489815712,-0.00920388475060463,0.5624720454216003
10.0,104220.0,0.014513347297906876,-0.00920388475060463,0.5630425810813904
10.0,104224.0,0.014464065432548523,-0.00920388475060463,0.5622933506965637
10.0,104228.0,0.0144188916310668,-0.010737866163253784,0.8239257335662842
10.0,104232.0,0.014369609765708447,-0.010737866163253784,0.8172967433929443
10.0,104235.0,0.014324435032904148,-0.010737866163253784,0.8149639964103699
10.0,104239.0,0.014254620298743248,-0.010737866163253784,0.8167979121208191
10.0,104242.0,0.014172484166920185,-0.010737866163253784,0.8201701045036316
10.0,104246.0,0.01410677656531334,-0.010737866163253784,0.825925886631012
10.0,104250.0,0.014020534232258797,-0.010737866163253784,0.8328862190246582
10.0,104254.0,0.013926077634096146,-0.010737866163253784,0.8386495113372803
10.0,104258.0,0.013835729099810123,-0.010737866163253784,0.8452490568161011
10.0,104261.0,0.013765913434326649,-0.010737866163253784,0.8530248403549194
10.0,104264.0,0.013667351566255093,-0.010737866163253784,0.8597314357757568
10.0,104268.0,0.013560574501752853,-0.010737866163253784,0.8711415529251099
10.0,104272.0,0.013478439301252365,-0.010737866163253784,0.8801518678665161
10.0,104275.0,0.013383983634412289,-0.010737866163253784,0.8976366519927979
10.0,104279.0,0.013260779902338982,-0.010737866163253784,0.9132401347160339
10.0,104283.0,0.013125256635248661,-0.010737866163253784,0.927986204624176
10.0,104287.0,0.01298973336815834,-0.010737866163253784,0.94664466381073
10.0,104290.0,0.012882957234978676,-0.010737866163253784,0.9673908352851868
10.0,104294.0,0.012731006368994713,-0.010737866163253784,0.9848623871803284
10.0,104298.0,0.012562627904117107,-0.010737866163253784,1.01241135597229
10.0,104310.0,0.012008213438093662,-0.00920388475060463,0.8584842681884766
10.0,104313.0,0.011831622570753098,-0.00920388475060463,0.8818842768669128
10.0,104318.0,0.011650923639535904,-0.00920388475060463,0.9139800071716309
10.0,104321.0,0.011462012305855751,-0.0076699042692780495,0.6792430281639099
10.0,104325.0,0.011256673373281956,-0.0076699042692780495,0.7232199311256409
10.0,104329.0,0.011100616306066513,-0.0076699042692780495,0.767042338848114
10.0,104334.0,0.010854209773242474,-0.0076699042692780495,0.8040187954902649
10.0,104339.0,0.010616016574203968,-0.0076699042692780495,0.8474951982498169
10.0,104343.0,0.01042710430920124,-0.0076699042692780495,0.8804770708084106
10.0,104347.0,0.010234085842967033,-0.0076699042692780495,0.9137306809425354
10.0,104350.0,0.010041067376732826,-0.006135923322290182,0.680489718914032
10.0,104354.0,0.009889117442071438,-0.006135923322290182,0.7215384244918823
10.0,104358.0,0.009687884710729122,-0.006135923322290182,0.7493928670883179
10.0,104361.0,0.009544148109853268,-0.006135923322290182,0.7841055393218994
10.0,104364.0,0.00935112964361906,-0.006135923322290182,0.8090546131134033
10.0,104368.0,0.009162217378616333,-0.006135923322290182,0.8404862880706787
10.0,104372.0,0.009022586978971958,-0.006135923322290182,0.8627194762229919
10.0,104375.0,0.008878850378096104,-0.006135923322290182,0.8937344551086426
10.0,104379.0,0.008632443845272064,-0.004601942375302315,0.6612027287483215
10.0,104383.0,0.00848459918051958,-0.004601942375302315,0.6960644721984863
10.0,104387.0,0.008303901180624962,-0.004601942375302315,0.7184460163116455
10.0,104390.0,0.00818069837987423,-0.004601942375302315,0.7420924305915833
10.0,104394.0,0.008020534180104733,-0.004601942375302315,0.7579956650733948
10.0,104398.0,0.007860369980335236,-0.004601942375302315,0.7790796160697937
10.0,104401.0,0.0077412729151546955,-0.004601942375302315,0.7995297908782959
10.0,104404.0,0.007577002048492432,-0.004601942375302315,0.8154520392417908
10.0,104408.0,0.007420944515615702,-0.004601942375302315,0.833453357219696
10.0,104412.0,0.007314168382436037,-0.004601942375302315,0.8432270884513855
10.0,104415.0,0.0072032855823636055,-0.004601942375302315,0.8563958406448364
10.0,104419.0,0.007067761849611998,-0.004601942375302315,0.867892861366272
10.0,104422.0,0.006924024783074856,-0.004601942375302315,0.8769947290420532
10.0,104426.0,0.006784394383430481,-0.004601942375302315,0.8879761695861816
10.0,104430.0,0.006681724917143583,-0.004601942375302315,0.8953527808189392
10.0,104433.0,0.006574948783963919,-0.004601942375302315,0.9072091579437256
10.0,104437.0,0.006431211717426777,-0.004601942375302315,0.9155600666999817
10.0,104440.0,0.006320328451693058,-0.004601942375302315,0.9296086430549622
10.0,104444.0,0.006164270918816328,-0.004601942375302315,0.9446111917495728
10.0,104448.0,0.005995893385261297,-0.004601942375302315,0.9589539766311646
10.0,104451.0,0.005819302052259445,-0.004601942375302315,0.9798216223716736
10.0,104455.0,0.00567967165261507,-0.004601942375302315,0.9974039196968079
10.0,104460.0,0.005441478453576565,-0.004601942375302315,1.082297682762146
10.0,104471.0,0.004817248322069645,-0.004601942375302315,1.1221381425857544
10.0,104474.0,0.004624229855835438,-0.003067961661145091,0.8976147770881653
10.0,104478.0,0.004340862389653921,-0.003067961661145091,0.9541740417480469
10.0,104481.0,0.004045174457132816,-0.003067961661145091,0.9973483085632324
10.0,104485.0,0.003749486757442355,-0.003067961661145091,1.0532358884811401
10.0,104489.0,0.003519507125020027,-0.0015339808305725455,0.84740149974823
10.0,104492.0,0.003207392292097211,-0.0015339808305725455,0.8951035141944885
10.0,104497.0,0.002911704359576106,-0.0015339808305725455,0.9514902830123901
10.0,104500.0,0.0026160164270550013,0.0,0.7421194314956665
10.0,104513.0,0.0017905543791130185,0.0015339808305725455,0.6254357099533081
10.0,104517.0,0.001544147846288979,0.0015339808305725455,0.679718017578125
10.0,104521.0,0.0013182751135900617,0.0015339808305725455,0.7044975757598877
10.0,104526.0,0.0010595482308417559,0.0015339808305725455,0.7442919611930847
10.0,104529.0,0.0008747433312237263,0.0015339808305725455,0.7595207691192627
10.0,104533.0,0.0007474332815036178,0.0015339808305725455,0.770419716835022
10.0,104537.0,0.0005831622402183712,0.0015339808305725455,0.7828304767608643
10.0,104540.0,0.0004147843865212053,0.0015339808305725455,0.7962813377380371
10.0,104544.0,0.0002874743368010968,0.0015339808305725455,0.8094176054000854
10.0,104548.0,0.00011909651220776141,0.0015339808305725455,0.8263886570930481
10.0,104553.0,-0.00013552361633628607,0.0015339808305725455,0.8388134837150574
10.0,104557.0,-0.00025872691185213625,0.0015339808305725455,0.8495973348617554
10.0,104560.0,-0.00043121149064972997,0.0015339808305725455,0.8602352142333984
10.0,104564.0,-0.0005626283236779273,0.0015339808305725455,0.8745630383491516
10.0,104568.0,-0.0007474332815036178,0.0015339808305725455,0.8912025690078735
10.0,104572.0,-0.0009281313978135586,0.0015339808305725455,0.9023869037628174
10.0,104575.0,-0.0010636550141498446,0.0015339808305725455,0.9169773459434509
10.0,104579.0,-0.0012484599137678742,0.0015339808305725455,0.9325559139251709
10.0,104582.0,-0.0014455851633101702,0.0015339808305725455,0.9483320713043213
10.0,104587.0,-0.0016509239794686437,0.0015339808305725455,0.9697768688201904
10.0,104590.0,-0.0018151950789615512,0.0015339808305725455,0.9946319460868835
10.0,104593.0,-0.00203696102835238,0.0015339808305725455,1.0144778490066528
10.0,104598.0,-0.0022546201944351196,0.0015339808305725455,1.0380432605743408
10.0,104601.0,-0.002427104627713561,0.003067961661145091,0.7995573282241821
10.0,104605.0,-0.002661190927028656,0.003067961661145091,0.8250216245651245
10.0,104609.0,-0.002895277226343751,0.003067961661145091,0.8639064431190491
10.0,104612.0,-0.0031170430593192577,0.003067961661145091,0.8852023482322693
10.0,104616.0,-0.003289527725428343,0.003067961661145091,0.9133015871047974
10.0,104619.0,-0.0035112935584038496,0.003067961661145091,0.9334955811500549
10.0,104623.0,-0.0037412731908261776,0.003067961661145091,0.9615319967269897
10.0,104627.0,-0.003909650724381208,0.004601942375302315,0.7235130071640015
10.0,104631.0,-0.004127310123294592,0.004601942375302315,0.7438322901725769
10.0,104634.0,-0.004287474323064089,0.004601942375302315,0.7702198028564453
10.0,104638.0,-0.004492813255637884,0.004601942375302315,0.7918027639389038
10.0,104642.0,-0.004685831721872091,0.004601942375302315,0.8052573204040527
10.0,104647.0,-0.004907597322016954,0.004601942375302315,0.8213168382644653
10.0,104652.0,-0.005117042921483517,0.004601942375302315,0.8349899053573608
10.0,104655.0,-0.005285420920699835,0.004601942375302315,0.8423676490783691
10.0,104660.0,-0.005466118920594454,0.004601942375302315,0.8556159138679504
10.0,104664.0,-0.005650924053043127,0.004601942375302315,0.86989825963974
10.0,104667.0,-0.005839835852384567,0.004601942375302315,0.8852040767669678
10.0,104671.0,-0.005979466252028942,0.004601942375302315,0.8987992405891418
10.0,104675.0,-0.006164270918816328,0.004601942375302315,0.9134206175804138
10.0,104679.0,-0.006357289385050535,0.004601942375302315,0.9248340725898743
10.0,104682.0,-0.006501026917248964,0.004601942375302315,0.9402004480361938
10.0,104686.0,-0.006698152050375938,0.004601942375302315,0.9565219879150391
10.0,104689.0,-0.0068993838503956795,0.004601942375302315,0.9698572754859924
10.0,104693.0,-0.007063655182719231,0.004601942375302315,0.9934931993484497
10.0,104697.0,-0.007293634582310915,0.006135923322290182,0.7566009163856506
10.0,104700.0,-0.007474332582205534,0.006135923322290182,0.781075119972229
10.0,104713.0,-0.008188911713659763,0.006135923322290182,0.862108051776886
10.0,104718.0,-0.008443531580269337,0.006135923322290182,0.8872581124305725
10.0,104722.0,-0.008644764311611652,0.006135923322290182,0.8995311856269836
10.0,104726.0,-0.008845996111631393,0.006135923322290182,0.9221903085708618
10.0,104730.0,-0.009055441245436668,0.0076699042692780495,0.6711006164550781
10.0,104733.0,-0.009215605445206165,0.0076699042692780495,0.6974517703056335
10.0,104737.0,-0.009416838176548481,0.0076699042692780495,0.7126802206039429
10.0,104741.0,-0.0095975361764431,0.0076699042692780495,0.7271544933319092
10.0,104744.0,-0.009761806577444077,0.0076699042692780495,0.7359409332275391
10.0,104748.0,-0.00987679697573185,0.0076699042692780495,0.7405869364738464
10.0,104752.0,-0.010028747841715813,0.0076699042692780495,0.7443993091583252
10.0,104755.0,-0.010135523974895477,0.0076699042692780495,0.7463821172714233
10.0,104759.0,-0.010316221974790096,0.0076699042692780495,0.7484853267669678
10.0,104763.0,-0.010418890975415707,0.0076699042692780495,0.7484381794929504
10.0,104767.0,-0.010550308041274548,0.0076699042692780495,0.7467512488365173
10.0,104770.0,-0.010652977041900158,0.0076699042692780495,0.7466453313827515
10.0,104773.0,-0.010788501240313053,0.0076699042692780495,0.7470165491104126
10.0,104777.0,-0.010887064039707184,0.0076699042692780495,0.7458680868148804
12.0,104782.0,-0.01104722823947668,0.006135923322290182,9.012028694152832
12.0,104787.0,-0.011314168572425842,0.006135923322290182,9.037494659423828
12.0,104790.0,-0.012147843837738037,0.00920388475060463,8.726934432983398
12.0,104794.0,-0.013149897567927837,0.012271846644580364,8.340826988220215
12.0,104798.0,-0.01499794702976942,0.019941750913858414,7.711105823516846
12.0,104802.0,-0.017420943826436996,0.02761165425181389,7.133091926574707
12.0,104805.0,-0.019544146955013275,0.03834952041506767,6.1784987449646
12.0,104810.0,-0.023577002808451653,0.05062136799097061,5.093369483947754
12.0,104814.0,-0.027158111333847046,0.0644271969795227,3.8549766540527344
12.0,104818.0,-0.030932238325476646,0.07976700365543365,2.424797534942627
12.0,104821.0,-0.03383162245154381,0.0951068103313446,1.0393600463867188
12.0,104825.0,-0.03767145797610283,0.10737866163253784,-0.3509330749511719
12.0,104829.0,-0.04139219596982002,0.12118448317050934,-1.2748794555664062
12.0,104834.0,-0.04572895169258118,0.1395922601222992,-2.9890785217285156
12.0,104839.0,-0.04949076101183891,0.15493206679821014,-4.336023330688477
12.0,104843.0,-0.051979467272758484,0.16413594782352448,-5.03797721862793
12.0,104847.0,-0.053917866200208664,0.1733398288488388,-5.91408634185791
12.0,104850.0,-0.05498562753200531,0.17947575449943542,-6.443746566772461
12.0,104854.0,-0.055848050862550735,0.1840776950120926,-6.977556228637695
12.0,104857.0,-0.05607802793383598,0.1840776950120926,-6.793595314025879
12.0,104861.0,-0.055856261402368546,0.18561168015003204,-7.074243545532227
12.0,104865.0,-0.05508829653263092,0.18254372477531433,-6.727826118469238
12.0,104869.0,-0.05381108820438385,0.17947575449943542,-6.442482948303223
12.0,104872.0,-0.0525544136762619,0.1733398288488388,-5.841139793395996
12.0,104876.0,-0.05051334574818611,0.1702718734741211,-5.376469612121582
12.0,104880.0,-0.04811498895287514,0.16106799244880676,-4.839005470275879
12.0,104883.0,-0.046110883355140686,0.15186409652233124,-4.0358686447143555
12.0,104887.0,-0.04322792589664459,0.14419420063495636,-3.3566150665283203
12.0,104890.0,-0.04017659276723862,0.13499031960964203,-2.6815176010131836
12.0,104894.0,-0.03782340884208679,0.1257864236831665,-1.5080194473266602
12.0,104898.0,-0.034665297716856,0.11504856497049332,-0.9066543579101562
12.0,104901.0,-0.03155236318707466,0.10431069880723953,-0.008212089538574219
12.0,104914.0,-0.023199178278446198,0.07516506314277649,2.4398388862609863
12.0,104918.0,-0.0209650918841362,0.06902913749217987,2.7991385459899902
12.0,104922.0,-0.01909240335226059,0.06289321184158325,3.2774434089660645
12.0,104925.0,-0.017605749890208244,0.058291271328926086,3.6130776405334473
12.0,104930.0,-0.01652977429330349,0.05675728991627693,3.54715633392334
12.0,104933.0,-0.016004106029868126,0.05522330850362778,3.6276187896728516
12.0,104937.0,-0.015642710030078888,0.05522330850362778,3.568714141845703
12.0,104940.0,-0.015605749562382698,0.058291271328926086,3.0639705657958984
12.0,104944.0,-0.015848049893975258,0.05982525274157524,2.894214153289795
12.0,104947.0,-0.016299795359373093,0.0644271969795227,2.2855606079101562
12.0,104951.0,-0.016924025490880013,0.06902913749217987,1.7409319877624512
12.0,104955.0,-0.017466118559241295,0.07363107800483704,1.16265869140625
12.0,104960.0,-0.018435318022966385,0.08130098134279251,0.23355627059936523
12.0,104963.0,-0.019219713285565376,0.08590292930603027,-0.22694873809814453
12.0,104968.0,-0.01993018388748169,0.09357283264398575,-1.158198356628418
12.0,104972.0,-0.02053798735141754,0.09664079546928406,-1.6663541793823242
12.0,104976.0,-0.021063655614852905,0.10277671366930008,-2.2217063903808594
12.0,104980.0,-0.021223818883299828,0.10584467649459839,-2.840897560119629
12.0,104984.0,-0.02123614028096199,0.1089126393198967,-3.009164810180664
12.0,104988.0,-0.021026693284511566,0.11198060214519501,-3.475205421447754
12.0,104991.0,-0.020735112950205803,0.11198060214519501,-3.4667177200317383
12.0,104994.0,-0.020151950418949127,0.11351457983255386,-3.7749176025390625
12.0,104998.0,-0.019581109285354614,0.11351457983255386,-3.8818511962890625
12.0,105002.0,-0.018632443621754646,0.11351457983255386,-4.00547981262207
12.0,105005.0,-0.017782341688871384,0.11198060214519501,-3.9600486755371094
12.0,105009.0,-0.016459958627820015,0.11044661700725555,-3.986966133117676
12.0,105012.0,-0.014940451830625534,0.10737866163253784,-3.709592819213867
12.0,105016.0,-0.013244353234767914,0.10431069880723953,-3.570296287536621
12.0,105022.0,-0.010895277373492718,0.09970875084400177,-3.335574150085449
12.0,105027.0,-0.008340862579643726,0.09357283264398575,-2.8985471725463867
12.0,105030.0,-0.006180698052048683,0.08897088468074799,-2.642406463623047
12.0,105034.0,-0.00452156038954854,0.08436894416809082,-2.1400232315063477
12.0,105038.0,-0.002250513294711709,0.07976700365543365,-2.0452404022216797
12.0,105041.0,3.285420825704932e-05,0.07363107800483704,-1.5639410018920898
12.0,105044.0,0.001741273095831275,0.07056311517953873,-1.4708929061889648
12.0,105048.0,0.003991786390542984,0.0644271969795227,-0.979130744934082
12.0,105052.0,0.005638603586703539,0.061359234154224396,-1.0022649765014648
12.0,105056.0,0.007761807180941105,0.05675728991627693,-0.5984621047973633
12.0,105059.0,0.009790554642677307,0.05368933081626892,-0.5691757202148438
12.0,105063.0,0.01123203244060278,0.04908738657832146,-0.23027324676513672
12.0,105067.0,0.013047227635979652,0.04601942375302315,-0.11739635467529297
12.0,105071.0,0.014726899564266205,0.04295146465301514,0.04322957992553711
12.0,105076.0,0.016607802361249924,0.03988350182771683,0.2586064338684082
12.0,105080.0,0.01825462095439434,0.03988350182771683,-0.07068347930908203
12.0,105085.0,0.01940862461924553,0.03834952041506767,-0.049256324768066406
12.0,105089.0,0.020669404417276382,0.03834952041506767,-0.1956491470336914
12.0,105093.0,0.021322382614016533,0.03988350182771683,-0.5603132247924805
12.0,105097.0,0.02210266888141632,0.03988350182771683,-0.6048259735107422
12.0,105100.0,0.022640656679868698,0.04295146465301514,-1.1771745681762695
12.0,105104.0,0.023297742009162903,0.04295146465301514,-1.1832151412963867
12.0,105108.0,0.023934291675686836,0.04601942375302315,-1.7207098007202148
12.0,105111.0,0.0244147852063179,0.04601942375302315,-1.7143688201904297
12.0,105114.0,0.02506365440785885,0.04908738657832146,-2.2468385696411133
12.0,105118.0,0.025757700204849243,0.05062136799097061,-2.5161209106445312
12.0,105122.0,0.026328541338443756,0.052155349403619766,-2.8027420043945312
12.0,105126.0,0.027149897068738937,0.052155349403619766,-2.842082977294922
12.0,105130.0,0.028086243197321892,0.05368933081626892,-3.162822723388672
12.0,105133.0,0.028862422332167625,0.05368933081626892,-3.2613039016723633
12.0,105137.0,0.030016427859663963,0.05522330850362778,-3.6314382553100586
12.0,105140.0,0.031314168125391006,0.05368933081626892,-3.5347375869750977
12.0,105144.0,0.03239014372229576,0.05368933081626892,-3.6948156356811523
12.0,105149.0,0.03436550125479698,0.05062136799097061,-3.558767318725586
12.0,105155.0,0.03705954924225807,0.04601942375302315,-3.262864112854004
12.0,105159.0,0.039026692509651184,0.04295146465301514,-3.118605613708496
12.0,105162.0,0.04110882803797722,0.04141748324036598,-3.1703500747680664
12.0,105167.0,0.04329363629221916,0.03681553900241852,-2.818103790283203
12.0,105171.0,0.0455646812915802,0.03221359848976135,-2.4984350204467773
12.0,105174.0,0.04730595648288727,0.02761165425181389,-2.1962146759033203
12.0,105178.0,0.04965503141283989,0.02454369328916073,-2.173151969909668
12.0,105182.0,0.05202874913811684,0.019941750913858414,-1.7565631866455078
12.0,105186.0,0.054402463138103485,0.015339808538556099,-1.4729747772216797
12.0,105189.0,0.056164272129535675,0.010737866163253784,-1.1807050704956055
12.0,105193.0,0.05847227945923805,0.0076699042692780495,-1.019881248474121
12.0,105197.0,0.060694046318531036,0.003067961661145091,-0.6860055923461914
12.0,105200.0,0.062287475913763046,0.0,-0.5881338119506836
12.0,105204.0,0.06433675438165665,-0.003067961661145091,-0.36084556579589844
12.0,105208.0,0.06626693904399872,-0.004601942375302315,-0.4689178466796875
12.0,105212.0,0.06805749237537384,-0.00920388475060463,-0.06748294830322266
12.0,105216.0,0.06972895562648773,-0.00920388475060463,-0.0746774673461914
12.0,105219.0,0.07088295370340347,-0.012271846644580364,0.019237995147705078
12.0,105223.0,0.0723121166229248,-0.012271846644580364,-0.12831497192382812
12.0,105227.0,0.0736057460308075,-0.012271846644580364,-0.28505897521972656
12.0,105230.0,0.07478028535842896,-0.012271846644580364,-0.39851856231689453
12.0,105234.0,0.07558932155370712,-0.012271846644580364,-0.47428321838378906
12.0,105238.0,0.0765913724899292,-0.010737866163253784,-0.776667594909668
12.0,105241.0,0.07728542387485504,-0.00920388475060463,-1.06341552734375
12.0,105244.0,0.07815194875001907,-0.00920388475060463,-1.0591707229614258
12.0,105249.0,0.07898151874542236,-0.0076699042692780495,-1.311802864074707
12.0,105252.0,0.07958521693944931,-0.006135923322290182,-1.5490942001342773
12.0,105256.0,0.08039014041423798,-0.004601942375302315,-2.0525999069213867
12.0,105259.0,0.08100205659866333,-0.003067961661145091,-2.027693748474121
12.0,105272.0,0.0840451717376709,0.0015339808305725455,-2.845254898071289
12.0,105276.0,0.08515400439500809,0.0015339808305725455,-2.9040660858154297
12.0,105280.0,0.0863737165927887,0.0015339808305725455,-2.9696760177612305
12.0,105284.0,0.08769199252128601,0.0015339808305725455,-3.08493709564209
12.0,105288.0,0.08913347125053406,0.0,-2.967500686645508
12.0,105291.0,0.09027925878763199,-0.0015339808305725455,-2.8871192932128906
12.0,105295.0,0.09188912063837051,-0.003067961661145091,-2.777031898498535
12.0,105298.0,0.09315811097621918,-0.004601942375302315,-2.75058650970459
12.0,105302.0,0.09491581469774246,-0.006135923322290182,-2.67543888092041
12.0,105305.0,0.09674743562936783,-0.0076699042692780495,-2.690723419189453
12.0,105309.0,0.09817248582839966,-0.012271846644580364,-2.1932191848754883
12.0,105313.0,0.10011498630046844,-0.013805827125906944,-2.1667184829711914
12.0,105317.0,0.10209856182336807,-0.016873789951205254,-1.965475082397461
12.0,105320.0,0.10411088168621063,-0.019941750913858414,-1.7764511108398438
12.0,105324.0,0.10561396181583405,-0.023009711876511574,-1.3172693252563477
12.0,105328.0,0.10760985314846039,-0.026077674701809883,-1.393423080444336
12.0,105332.0,0.10956878960132599,-0.029145635664463043,-0.9191961288452148
12.0,105337.0,0.11239425092935562,-0.03374757990241051,-0.7689962387084961
12.0,105343.0,0.11462833732366562,-0.03528155758976936,-0.8556690216064453
12.0,105347.0,0.11630801111459732,-0.03988350182771683,-0.3572807312011719
12.0,105351.0,0.11790143698453903,-0.03988350182771683,-0.5209474563598633
12.0,105354.0,0.11902258545160294,-0.04141748324036598,-0.437164306640625
12.0,105358.0,0.12042710185050964,-0.04295146465301514,-0.3202991485595703
12.0,105362.0,0.12172894924879074,-0.04448544234037399,-0.43918609619140625
12.0,105366.0,0.12291991710662842,-0.04448544234037399,-0.2503643035888672
12.0,105370.0,0.12426693737506866,-0.04295146465301514,-0.5649070739746094
12.0,105374.0,0.12499383836984634,-0.04448544234037399,-0.3059368133544922
12.0,105378.0,0.1258932203054428,-0.04295146465301514,-0.5591964721679688
12.0,105382.0,0.1267145723104477,-0.04295146465301514,-0.5301141738891602
12.0,105385.0,0.1272813081741333,-0.03988350182771683,-1.0039453506469727
12.0,105389.0,0.12798768281936646,-0.03834952041506767,-1.1908493041992188
12.0,105393.0,0.12866941094398499,-0.03681553900241852,-1.3901405334472656
12.0,105397.0,0.1293264925479889,-0.03528155758976936,-1.559279441833496
12.0,105400.0,0.12982751429080963,-0.03374757990241051,-1.7282218933105469
12.0,105404.0,0.13052156567573547,-0.03221359848976135,-1.9095754623413086
12.0,105408.0,0.13125666975975037,-0.030679617077112198,-2.1172189712524414
12.0,105411.0,0.1318357288837433,-0.029145635664463043,-2.3210887908935547
12.0,105414.0,0.1326858252286911,-0.029145635664463043,-2.2889232635498047
12.0,105418.0,0.13335934281349182,-0.02761165425181389,-2.532650947570801
12.0,105422.0,0.13432443141937256,-0.02761165425181389,-2.5274839401245117
12.0,105425.0,0.1353839784860611,-0.02761165425181389,-2.551175117492676
12.0,105429.0,0.13652566075325012,-0.029145635664463043,-2.332151412963867
12.0,105433.0,0.1374496966600418,-0.029145635664463043,-2.4219884872436523
12.0,105437.0,0.13876797258853912,-0.030679617077112198,-2.238448143005371
12.0,105441.0,0.1401355266571045,-0.030679617077112198,-2.3691978454589844
12.0,105444.0,0.14120739698410034,-0.03374757990241051,-1.9854869842529297
12.0,105448.0,0.14268171787261963,-0.03374757990241051,-2.1596250534057617
12.0,105452.0,0.14419712126255035,-0.03681553900241852,-1.7605161666870117
12.0,105455.0,0.14534291625022888,-0.03681553900241852,-1.9526147842407227
12.0,105459.0,0.14728541672229767,-0.04141748324036598,-1.4020414352416992
12.0,105473.0,0.15230800211429596,-0.0475534051656723,-0.9451627731323242
12.0,105478.0,0.15413962304592133,-0.05062136799097061,-0.640315055847168
12.0,105481.0,0.15519918501377106,-0.052155349403619766,-0.5420103073120117
12.0,105485.0,0.1565462052822113,-0.05368933081626892,-0.38347530364990234
12.0,105489.0,0.15781109035015106,-0.05522330850362778,-0.24399375915527344
12.0,105492.0,0.15870225429534912,-0.05675728991627693,-0.07471561431884766
12.0,105496.0,0.1597987711429596,-0.05675728991627693,-0.14419174194335938
12.0,105499.0,0.16078850626945496,-0.05675728991627693,-0.1716785430908203
12.0,105503.0,0.16146200895309448,-0.05675728991627693,-0.18122005462646484
12.0,105507.0,0.16227515041828156,-0.05675728991627693,-0.1580524444580078
12.0,105511.0,0.16299383342266083,-0.05675728991627693,-0.3759765625
12.0,105514.0,0.16347843408584595,-0.05522330850362778,-0.31743335723876953
12.0,105519.0,0.1641889065504074,-0.05368933081626892,-0.4884166717529297
12.0,105523.0,0.16480082273483276,-0.052155349403619766,-0.6064996719360352
12.0,105528.0,0.16524024307727814,-0.05062136799097061,-0.7367095947265625
12.0,105531.0,0.16554825007915497,-0.04908738657832146,-0.8592405319213867
12.0,105535.0,0.1659466177225113,-0.0475534051656723,-1.0120344161987305
12.0,105539.0,0.16634497046470642,-0.04601942375302315,-1.1269912719726562
12.0,105542.0,0.16665297746658325,-0.04295146465301514,-1.5135364532470703
12.0,105546.0,0.1670677661895752,-0.04141748324036598,-1.6349525451660156
12.0,105552.0,0.16775359213352203,-0.03988350182771683,-1.7346467971801758
12.0,105556.0,0.1682792603969574,-0.03834952041506767,-1.8642683029174805
12.0,105559.0,0.16885831952095032,-0.03834952041506767,-1.796213150024414
12.0,105563.0,0.16933470964431763,-0.03681553900241852,-1.9911470413208008
12.0,105567.0,0.17002874612808228,-0.03681553900241852,-1.9454517364501953
12.0,105571.0,0.1708008199930191,-0.03528155758976936,-2.192852020263672
12.0,105574.0,0.17141273617744446,-0.03681553900241852,-1.917898178100586
12.0,105578.0,0.17230801284313202,-0.03681553900241852,-1.930130958557129
12.0,105582.0,0.17325668036937714,-0.03681553900241852,-1.9657859802246094
12.0,105586.0,0.1742546260356903,-0.03834952041506767,-1.7489700317382812
12.0,105589.0,0.17503900825977325,-0.03834952041506767,-1.8234100341796875
12.0,105593.0,0.17612320184707642,-0.03988350182771683,-1.6207609176635742
12.0,105597.0,0.177232027053833,-0.04141748324036598,-1.4531631469726562
12.0,105600.0,0.17807802557945251,-0.04295146465301514,-1.2914819717407227
12.0,105604.0,0.17920328676700592,-0.04295146465301514,-1.3739023208618164
12.0,105608.0,0.18032443523406982,-0.04601942375302315,-0.9483222961425781
12.0,105611.0,0.18115399777889252,-0.04601942375302315,-1.0561399459838867
12.0,105614.0,0.18223409354686737,-0.04908738657832146,-0.5960330963134766
12.0,105618.0,0.1832772046327591,-0.04908738657832146,-0.6926107406616211
12.0,105622.0,0.1840164214372635,-0.05062136799097061,-0.482513427734375
12.0,105625.0,0.1849609911441803,-0.052155349403619766,-0.28562355041503906
12.0,105629.0,0.1856221705675125,-0.05368933081626892,-0.06481170654296875
12.0,105633.0,0.18642300367355347,-0.052155349403619766,-0.35423851013183594
12.0,105637.0,0.18715810775756836,-0.05368933081626892,-0.09314441680908203
12.0,105640.0,0.1876509189605713,-0.05368933081626892,-0.07472896575927734
12.0,105644.0,0.1882258653640747,-0.05368933081626892,-0.025987625122070312
12.0,105649.0,0.18883778154850006,-0.052155349403619766,-0.2227010726928711
12.0,105654.0,0.18931826949119568,-0.05062136799097061,-0.3668527603149414
12.0,105657.0,0.1896262764930725,-0.05062136799097061,-0.23935985565185547
12.0,105661.0,0.1898193061351776,-0.04908738657832146,-0.364166259765625
12.0,105674.0,0.1903613954782486,-0.04295146465301514,-0.9205436706542969
12.0,105678.0,0.19049280881881714,-0.04141748324036598,-0.9598541259765625
12.0,105682.0,0.190644770860672,-0.03988350182771683,-1.0977716445922852
12.0,105685.0,0.19076797366142273,-0.03834952041506767,-1.1935310363769531
12.0,105689.0,0.19094866514205933,-0.03528155758976936,-1.5684709548950195
12.0,105692.0,0.19116632640361786,-0.03528155758976936,-1.4534235000610352
12.0,105697.0,0.19141273200511932,-0.03374757990241051,-1.5798311233520508
12.0,105700.0,0.19163039326667786,-0.03374757990241051,-1.4567909240722656
12.0,105703.0,0.19197535514831543,-0.03221359848976135,-1.6458768844604492
12.0,105707.0,0.19236139953136444,-0.03221359848976135,-1.5523910522460938
12.0,105713.0,0.19292402267456055,-0.030679617077112198,-1.7319822311401367
12.0,105717.0,0.1934414803981781,-0.030679617077112198,-1.6856193542480469
12.0,105720.0,0.19386447966098785,-0.030679617077112198,-1.6593208312988281
12.0,105724.0,0.19447638094425201,-0.030679617077112198,-1.6526126861572266
12.0,105728.0,0.1951252520084381,-0.03221359848976135,-1.3861865997314453
12.0,105731.0,0.19563449919223785,-0.03221359848976135,-1.4072542190551758
12.0,105735.0,0.19634906947612762,-0.03221359848976135,-1.1707611083984375
12.0,105739.0,0.1970718652009964,-0.03221359848976135,-1.4686193466186523
12.0,105742.0,0.1976262778043747,-0.03528155758976936,-0.974421501159668
12.0,105746.0,0.1983819305896759,-0.03528155758976936,-1.0307893753051758
12.0,105750.0,0.1991252601146698,-0.03681553900241852,-0.8003950119018555
12.0,105753.0,0.1996755599975586,-0.03681553900241852,-0.8516998291015625
12.0,105757.0,0.20038603246212006,-0.03834952041506767,-0.6166191101074219
12.0,105761.0,0.20105955004692078,-0.03834952041506767,-0.6538581848144531
12.0,105764.0,0.2015482485294342,-0.03988350182771683,-0.4172658920288086
12.0,105768.0,0.20216427743434906,-0.03988350182771683,-0.4331941604614258
12.0,105772.0,0.20272278785705566,-0.04141748324036598,-0.1715717315673828
12.0,105775.0,0.20311293005943298,-0.04141748324036598,-0.16595840454101562
12.0,105779.0,0.20357289910316467,-0.04141748324036598,-0.14155197143554688
12.0,105783.0,0.20398767292499542,-0.04141748324036598,-0.11771678924560547
12.0,105787.0,0.2043367624282837,-0.04141748324036598,-0.06579780578613281
12.0,105790.0,0.20455031096935272,-0.03988350182771683,-0.2592763900756836
12.0,105794.0,0.2047967165708542,-0.03988350182771683,-0.17016983032226562
12.0,105798.0,0.2049979418516159,-0.03834952041506767,-0.3356046676635742
12.0,105802.0,0.20515400171279907,-0.03834952041506767,-0.4880685806274414
12.0,105806.0,0.20528541505336761,-0.03681553900241852,-0.36567020416259766
12.0,105810.0,0.20539219677448273,-0.03528155758976936,-0.5400543212890625
12.0,105814.0,0.20547844469547272,-0.03528155758976936,-0.4074831008911133
12.0,105817.0,0.2055523544549942,-0.03221359848976135,-0.8102865219116211
12.0,105822.0,0.20561395585536957,-0.03221359848976135,-0.6687526702880859
12.0,105825.0,0.20565913617610931,-0.030679617077112198,-0.7985448837280273
12.0,105829.0,0.2057289481163025,-0.029145635664463043,-0.9322433471679688
12.0,105832.0,0.20579877495765686,-0.02761165425181389,-1.0987548828125
12.0,105837.0,0.20588500797748566,-0.026077674701809883,-1.2065505981445312
12.0,105842.0,0.2060164213180542,-0.026077674701809883,-1.0839309692382812
12.0,105845.0,0.20614373683929443,-0.02454369328916073,-1.2386054992675781
12.0,105849.0,0.20625051856040955,-0.02454369328916073,-1.1320676803588867
12.0,105852.0,0.20641478896141052,-0.023009711876511574,-1.32696533203125
12.0,105857.0,0.20661191642284393,-0.023009711876511574,-1.239633560180664
12.0,105860.0,0.20679260790348053,-0.02147573232650757,-1.436305046081543
12.0,105873.0,0.20781108736991882,-0.02147573232650757,-1.3051538467407227
12.0,105877.0,0.20818890631198883,-0.02147573232650757,-1.2828426361083984
12.0,105880.0,0.20860369503498077,-0.02147573232650757,-1.2791147232055664
12.0,105884.0,0.20893223583698273,-0.023009711876511574,-1.0136842727661133
12.0,105888.0,0.20938809216022491,-0.023009711876511574,-1.0307416915893555
12.0,105892.0,0.20986448228359222,-0.02454369328916073,-0.7781791687011719
12.0,105895.0,0.21033675968647003,-0.02454369328916073,-0.8040590286254883
12.0,105899.0,0.21069404482841492,-0.026077674701809883,-0.5628032684326172
12.0,105903.0,0.2111457884311676,-0.026077674701809883,-0.5807247161865234
12.0,105907.0,0.21156878769397736,-0.026077674701809883,-0.5959997177124023
12.0,105910.0,0.21185626089572906,-0.026077674701809883,-0.5967321395874023
12.0,105913.0,0.21220533549785614,-0.02761165425181389,-0.3242931365966797
12.0,105917.0,0.21252977848052979,-0.02761165425181389,-0.31502628326416016
12.0,105921.0,0.21273921430110931,-0.02761165425181389,-0.2907218933105469
12.0,105924.0,0.21298973262310028,-0.02761165425181389,-0.2664918899536133
12.0,105928.0,0.2131950706243515,-0.02761165425181389,-0.22237682342529297
12.0,105932.0,0.21332648396492004,-0.026077674701809883,-0.4518270492553711
12.0,105935.0,0.21345791220664978,-0.02761165425181389,-0.11785125732421875
12.0,105939.0,0.21354414522647858,-0.026077674701809883,-0.3059654235839844
12.0,105943.0,0.2135811150074005,-0.026077674701809883,-0.2378835678100586
12.0,105947.0,0.21361395716667175,-0.02454369328916073,-0.4090156555175781
12.0,105950.0,0.21362218260765076,-0.02454369328916073,-0.5747861862182617
12.0,105954.0,0.21362628042697906,-0.023009711876511574,-0.49540042877197266
12.0,105958.0,0.21362628042697906,-0.02147573232650757,-0.6601018905639648
12.0,105962.0,0.21363039314746857,-0.02147573232650757,-0.5303077697753906
12.0,105968.0,0.21363860368728638,-0.019941750913858414,-0.6454486846923828
12.0,105972.0,0.2136509269475937,-0.01840776950120926,-0.8165607452392578
12.0,105976.0,0.21367555856704712,-0.016873789951205254,-0.9884004592895508
12.0,105980.0,0.21371252834796906,-0.016873789951205254,-0.9210920333862305
12.0,105983.0,0.21378234028816223,-0.016873789951205254,-0.8432111740112305
12.0,105987.0,0.2138562649488449,-0.015339808538556099,-1.0419540405273438
12.0,105990.0,0.21396714448928833,-0.015339808538556099,-0.9946403503417969
12.0,105994.0,0.21407802402973175,-0.013805827125906944,-1.211684226989746
12.0,105998.0,0.21423819661140442,-0.013805827125906944,-1.1635751724243164
12.0,106002.0,0.21442300081253052,-0.013805827125906944,-1.1357660293579102
12.0,106005.0,0.2145872712135315,-0.013805827125906944,-1.1101932525634766
12.0,106009.0,0.21482135355472565,-0.013805827125906944,-1.091512680053711
12.0,106012.0,0.21501436829566956,-0.015339808538556099,-0.8159217834472656
12.0,106016.0,0.21528953313827515,-0.013805827125906944,-1.0868854522705078
12.0,106020.0,0.21557289361953735,-0.015339808538556099,-0.8192901611328125
12.0,106024.0,0.21586447954177856,-0.015339808538556099,-0.8292341232299805
12.0,106028.0,0.21622997522354126,-0.016873789951205254,-0.5718193054199219
12.0,106032.0,0.21643531322479248,-0.016873789951205254,-0.5776786804199219
12.0,106036.0,0.21677617728710175,-0.016873789951205254,-0.5855436325073242
12.0,106040.0,0.21696919202804565,-0.016873789951205254,-0.31988048553466797
12.0,106043.0,0.2171950787305832,-0.016873789951205254,-0.5865516662597656
12.0,106047.0,0.2173921912908554,-0.01840776950120926,-0.3045940399169922
12.0,106051.0,0.21755236387252808,-0.01840776950120926,-0.2846031188964844
12.0,106055.0,0.2176550328731537,-0.01840776950120926,-0.25785064697265625
12.0,106059.0,0.21777823567390442,-0.016873789951205254,-0.49413585662841797
12.0,106071.0,0.21798768639564514,-0.016873789951205254,-0.3479795455932617
12.0,106075.0,0.21802052855491638,-0.016873789951205254,-0.3041648864746094
12.0,106079.0,0.2180328518152237,-0.015339808538556099,-0.5115633010864258
12.0,106082.0,0.2180328518152237,-0.015339808538556099,-0.44315338134765625
12.0,106086.0,0.2180369645357132,-0.013805827125906944,-0.6474771499633789
12.0,106090.0,0.2180369645357132,-0.013805827125906944,-0.5956611633300781
12.0,106093.0,0.2180410623550415,-0.013805827125906944,-0.5318708419799805
12.0,106097.0,0.2180492877960205,-0.013805827125906944,-0.4851808547973633
12.0,106100.0,0.21805749833583832,-0.012271846644580364,-0.6944389343261719
12.0,106104.0,0.21806570887565613,-0.012271846644580364,-0.6466798782348633
12.0,106108.0,0.21807391941547394,-0.012271846644580364,-0.5863494873046875
12.0,106111.0,0.21808212995529175,-0.010737866163253784,-0.7925424575805664
12.0,106114.0,0.21809445321559906,-0.010737866163253784,-0.7485370635986328
12.0,106118.0,0.21811088919639587,-0.010737866163253784,-0.6948213577270508
12.0,106122.0,0.21814373135566711,-0.00920388475060463,-0.9265642166137695
12.0,106125.0,0.21818070113658905,-0.00920388475060463,-0.874882698059082
12.0,106129.0,0.21820944547653198,-0.00920388475060463,-0.8268804550170898
12.0,106132.0,0.21826283633708954,-0.00920388475060463,-0.7956628799438477
12.0,106137.0,0.2183244377374649,-0.0076699042692780495,-1.0249252319335938
12.0,106140.0,0.21836960315704346,-0.0076699042692780495,-0.9844589233398438
12.0,106144.0,0.21844764053821564,-0.0076699042692780495,-0.9580659866333008
12.0,106147.0,0.21854619681835175,-0.0076699042692780495,-0.9315195083618164
12.0,106152.0,0.2187022566795349,-0.0076699042692780495,-0.9110040664672852
12.0,106157.0,0.21885420382022858,-0.0076699042692780495,-0.9041070938110352
12.0,106160.0,0.218973308801651,-0.0076699042692780495,-0.9028873443603516
12.0,106164.0,0.2191457897424698,-0.0076699042692780495,-0.9060535430908203
12.0,106168.0,0.21931827068328857,-0.00920388475060463,-0.6411323547363281
12.0,106172.0,0.21948254108428955,-0.00920388475060463,-0.6465282440185547
12.0,106175.0,0.21960985660552979,-0.00920388475060463,-0.6548500061035156
12.0,106179.0,0.21977823972702026,-0.00920388475060463,-0.659276008605957
12.0,106182.0,0.21993428468704224,-0.010737866163253784,-0.39554405212402344
12.0,106187.0,0.2200862467288971,-0.010737866163253784,-0.40380382537841797
12.0,106190.0,0.220193013548851,-0.010737866163253784,-0.4067955017089844
12.0,106193.0,0.22031621634960175,-0.010737866163253784,-0.40689659118652344
12.0,106197.0,0.22043120861053467,-0.010737866163253784,-0.4038105010986328
12.0,106201.0,0.22050924599170685,-0.010737866163253784,-0.39591121673583984
12.0,106204.0,0.22060368955135345,-0.010737866163253784,-0.3904552459716797
12.0,106208.0,0.22066529095172882,-0.010737866163253784,-0.37840843200683594
12.0,106213.0,0.2207556515932083,-0.010737866163253784,-0.36318492889404297
12.0,106218.0,0.2208254635334015,-0.010737866163253784,-0.3398170471191406
12.0,106221.0,0.22085420787334442,-0.010737866163253784,-0.31616878509521484
12.0,106224.0,0.22087885439395905,-0.010737866163253784,-0.29557323455810547
12.0,106228.0,0.22088706493377686,-0.010737866163253784,-0.26483821868896484
12.0,106232.0,0.22088706493377686,-0.010737866163253784,-0.2329254150390625
12.0,106236.0,0.22088706493377686,-0.00920388475060463,-0.467926025390625
12.0,106239.0,0.22088706493377686,-0.00920388475060463,-0.44162464141845703
12.0,106243.0,0.22088706493377686,-0.00920388475060463,-0.41625308990478516
12.0,106247.0,0.22089117765426636,-0.00920388475060463,-0.3851776123046875
12.0,106250.0,0.22089117765426636,-0.0076699042692780495,-0.6211490631103516
12.0,106254.0,0.22089117765426636,-0.0076699042692780495,-0.5944070816040039
12.0,106266.0,0.22090759873390198,-0.0076699042692780495,-0.4942951202392578
12.0,106270.0,0.22090759873390198,-0.006135923322290182,-0.7318258285522461
12.0,106274.0,0.22091171145439148,-0.006135923322290182,-0.6991987228393555
12.0,106278.0,0.2209158092737198,-0.006135923322290182,-0.6681432723999023
12.0,106282.0,0.2209281325340271,-0.006135923322290182,-0.6488523483276367
12.0,106286.0,0.22094455361366272,-0.006135923322290182,-0.6183156967163086
12.0,106289.0,0.22096508741378784,-0.006135923322290182,-0.602269172668457
12.0,106293.0,0.22097741067409515,-0.006135923322290182,-0.8485345840454102
12.0,106297.0,0.22099384665489197,-0.006135923322290182,-0.5596551895141602
12.0,106300.0,0.22100615501403809,-0.004601942375302315,-0.8035306930541992
12.0,106304.0,0.2210266888141632,-0.004601942375302315,-0.7800407409667969
12.0,106308.0,0.22105544805526733,-0.004601942375302315,-0.7662591934204102
12.0,106311.0,0.22108007967472076,-0.004601942375302315,-0.7487754821777344
12.0,106314.0,0.2211170494556427,-0.004601942375302315,-0.7376642227172852
12.0,106318.0,0.22114989161491394,-0.004601942375302315,-0.7258567810058594
12.0,106322.0,0.2211950719356537,-0.004601942375302315,-0.7171916961669922
12.0,106326.0,0.22124846279621124,-0.004601942375302315,-0.7094078063964844
12.0,106329.0,0.2213059514760971,-0.004601942375302315,-0.7035865783691406
12.0,106333.0,0.22135522961616516,-0.006135923322290182,-0.43621826171875
12.0,106338.0,0.22143736481666565,-0.006135923322290182,-0.4404287338256836
12.0,106342.0,0.2214907556772232,-0.006135923322290182,-0.4404268264770508
12.0,106347.0,0.22154414653778076,-0.006135923322290182,-0.43674468994140625
12.0,106350.0,0.22156879305839539,-0.006135923322290182,-0.4308595657348633
12.0,106354.0,0.22159753739833832,-0.006135923322290182,-0.42546558380126953
12.0,106357.0,0.22162218391895294,-0.006135923322290182,-0.4178752899169922
12.0,106361.0,0.22163039445877075,-0.006135923322290182,-0.40685272216796875
12.0,106365.0,0.22164681553840637,-0.006135923322290182,-0.3965339660644531
12.0,106369.0,0.22165092825889587,-0.006135923322290182,-0.3875694274902344
12.0,106372.0,0.22165502607822418,-0.006135923322290182,-0.3758230209350586
12.0,106376.0,0.22165502607822418,-0.006135923322290182,-0.3634786605834961
12.0,106380.0,0.22165502607822418,-0.004601942375302315,-0.6201086044311523
12.0,106383.0,0.22165502607822418,-0.004601942375302315,-0.6031303405761719
12.0,106387.0,0.22166325151920319,-0.004601942375302315,-0.5936994552612305
12.0,106391.0,0.2216755598783493,-0.004601942375302315,-0.5822439193725586
12.0,106395.0,0.22169199585914612,-0.004601942375302315,-0.5728549957275391
12.0,106399.0,0.22171662747859955,-0.004601942375302315,-0.5667848587036133
12.0,106402.0,0.22173306345939636,-0.004601942375302315,-0.559906005859375
12.0,106406.0,0.2217576950788498,-0.004601942375302315,-0.5549182891845703
12.0,106409.0,0.22178234159946442,-0.004601942375302315,-0.5521783828735352
12.0,106413.0,0.22179876267910004,-0.004601942375302315,-0.5480327606201172
12.0,106417.0,0.22181929647922516,-0.004601942375302315,-0.5431947708129883
12.0,106420.0,0.22183983027935028,-0.004601942375302315,-0.5385370254516602
12.0,106424.0,0.2218521535396576,-0.004601942375302315,-0.5330343246459961
12.0,106428.0,0.2218685895204544,-0.004601942375302315,-0.5292348861694336
12.0,106431.0,0.22188089787960052,-0.004601942375302315,-0.5232553482055664
12.0,106434.0,0.22188501060009003,-0.004601942375302315,-0.517430305480957
12.0,106438.0,0.22189322113990784,-0.004601942375302315,-0.511042594909668
12.0,106442.0,0.22189733386039734,-0.004601942375302315,-0.5059490203857422
12.0,106445.0,0.22189733386039734,-0.004601942375302315,-0.49782657623291016
12.0,106449.0,0.22189733386039734,-0.004601942375302315,-0.49028682708740234
12.0,106462.0,0.22189733386039734,-0.004601942375302315,-0.46953296661376953
12.0,106469.0,0.22189733386039734,-0.004601942375302315,-0.4617452621459961
12.0,106472.0,0.22189733386039734,-0.004601942375302315,-0.4571352005004883
12.0,106476.0,0.22189733386039734,-0.004601942375302315,-0.4529695510864258
12.0,106479.0,0.22189733386039734,-0.004601942375302315,-0.45012664794921875
12.0,106483.0,0.22189733386039734,-0.004601942375302315,-0.44751548767089844
12.0,106487.0,0.22189733386039734,-0.004601942375302315,-0.4443836212158203
12.0,106490.0,0.22189733386039734,-0.004601942375302315,-0.4416389465332031
12.0,106493.0,0.22190143167972565,-0.004601942375302315,-0.4411640167236328
12.0,106497.0,0.22190143167972565,-0.004601942375302315,-0.43951416015625
12.0,106500.0,0.22190143167972565,-0.004601942375302315,-0.4376220703125
12.0,106504.0,0.22190143167972565,-0.004601942375302315,-0.436065673828125
12.0,106508.0,0.22190143167972565,-0.004601942375302315,-0.4348335266113281
12.0,106512.0,0.22190143167972565,-0.004601942375302315,-0.4341144561767578
12.0,106515.0,0.22190143167972565,-0.004601942375302315,-0.43341732025146484
12.0,106519.0,0.22190143167972565,-0.004601942375302315,-0.4330863952636719
12.0,106522.0,0.22190143167972565,-0.004601942375302315,-0.4328889846801758
12.0,106528.0,0.22190143167972565,-0.004601942375302315,-0.43302154541015625
12.0,106532.0,0.22190143167972565,-0.004601942375302315,-0.43355560302734375
12.0,106536.0,0.22190143167972565,-0.004601942375302315,-0.43425846099853516
12.0,106539.0,0.22190143167972565,-0.004601942375302315,-0.4349393844604492
12.0,106543.0,0.22190143167972565,-0.004601942375302315,-0.4360466003417969
12.0,106547.0,0.22190143167972565,-0.004601942375302315,-0.43702125549316406
12.0,106550.0,0.22190143167972565,-0.004601942375302315,-0.4385051727294922
12.0,106555.0,0.22190143167972565,-0.004601942375302315,-0.4406461715698242
12.0,106559.0,0.22190143167972565,-0.004601942375302315,-0.4425783157348633
12.0,106563.0,0.22190143167972565,-0.004601942375302315,-0.4441490173339844
12.0,106567.0,0.22190143167972565,-0.004601942375302315,-0.44640254974365234
12.0,106571.0,0.22190143167972565,-0.004601942375302315,-0.44882774353027344
12.0,106574.0,0.22190143167972565,-0.004601942375302315,-0.45142078399658203
12.0,106578.0,0.22190143167972565,-0.004601942375302315,-0.45347118377685547
12.0,106581.0,0.22190143167972565,-0.004601942375302315,-0.45633983612060547
12.0,106584.0,0.22190143167972565,-0.004601942375302315,-0.4585905075073242
12.0,106588.0,0.22190143167972565,-0.004601942375302315,-0.4617156982421875
12.0,106592.0,0.22190143167972565,-0.004601942375302315,-0.46415233612060547
12.0,106595.0,0.22190143167972565,-0.004601942375302315,-0.46751880645751953
12.0,106599.0,0.22190143167972565,-0.004601942375302315,-0.47101497650146484
12.0,106603.0,0.22190143167972565,-0.004601942375302315,-0.47371864318847656
12.0,106607.0,0.22190143167972565,-0.004601942375302315,-0.4774293899536133
12.0,106610.0,0.22190143167972565,-0.004601942375302315,-0.48125553131103516
12.0,106614.0,0.22190143167972565,-0.006135923322290182,-0.21575260162353516
12.0,106618.0,0.22190143167972565,-0.006135923322290182,-0.2258157730102539
12.0,106622.0,0.22190143167972565,-0.006135923322290182,-0.23574447631835938
12.0,106626.0,0.22190143167972565,-0.006135923322290182,-0.24797534942626953
12.0,106630.0,0.22190143167972565,-0.006135923322290182,-0.2552213668823242
12.0,106634.0,0.22190143167972565,-0.006135923322290182,-0.26477909088134766
12.0,106639.0,0.22190143167972565,-0.006135923322290182,-0.2765655517578125
12.0,106643.0,0.22190143167972565,-0.006135923322290182,-0.2858715057373047
12.0,106647.0,0.22190143167972565,-0.006135923322290182,-0.2996368408203125
12.0,106652.0,0.22190143167972565,-0.006135923322290182,-0.31093883514404297
12.0,106666.0,0.22190143167972565,-0.0076699042692780495,-0.07872867584228516
12.0,106671.0,0.22190143167972565,-0.0076699042692780495,-0.09313392639160156
12.0,106674.0,0.22190143167972565,-0.0076699042692780495,-0.10723304748535156
12.0,106678.0,0.22190143167972565,-0.0076699042692780495,-0.11761474609375
12.0,106682.0,0.22190143167972565,-0.0076699042692780495,-0.1312084197998047
12.0,106685.0,0.22190143167972565,-0.0076699042692780495,-0.1445293426513672
12.0,106689.0,0.22190143167972565,-0.0076699042692780495,-0.15758705139160156
12.0,106692.0,0.22190143167972565,-0.0076699042692780495,-0.16721534729003906
12.0,106697.0,0.22190143167972565,-0.0076699042692780495,-0.1798381805419922
12.0,106700.0,0.22190143167972565,-0.0076699042692780495,-0.19222640991210938
12.0,106706.0,0.22190143167972565,-0.0076699042692780495,-0.20739459991455078
12.0,106709.0,0.22190143167972565,-0.0076699042692780495,-0.21928787231445312
12.0,106713.0,0.22190143167972565,-0.0076699042692780495,-0.2309732437133789
12.0,106718.0,0.22190143167972565,-0.00920388475060463,0.01858663558959961
12.0,106722.0,0.22189733386039734,-0.00920388475060463,0.002810955047607422
12.0,106726.0,0.22189733386039734,-0.00920388475060463,-0.013941764831542969
12.0,106729.0,0.22189733386039734,-0.00920388475060463,-0.026243209838867188
12.0,106733.0,0.22189733386039734,-0.00920388475060463,-0.03832817077636719
12.0,106737.0,0.22189322113990784,-0.00920388475060463,-0.052758216857910156
12.0,106740.0,0.22189322113990784,-0.010737866163253784,0.19867944717407227
12.0,106744.0,0.22189322113990784,-0.010737866163253784,0.18279075622558594
12.0,106748.0,0.22189322113990784,-0.010737866163253784,0.15702438354492188
12.0,106752.0,0.22188501060009003,-0.010737866163253784,0.13968992233276367
12.0,106757.0,0.22188089787960052,-0.010737866163253784,0.12145853042602539
12.0,106760.0,0.22187680006027222,-0.012271846644580364,0.37214136123657227
12.0,106764.0,0.22187680006027222,-0.012271846644580364,0.3535447120666504
12.0,106768.0,0.22187268733978271,-0.012271846644580364,0.3307323455810547
12.0,106772.0,0.2218603640794754,-0.012271846644580364,0.31122255325317383
12.0,106775.0,0.22184805572032928,-0.012271846644580364,0.2935624122619629
12.0,106779.0,0.22183573246002197,-0.012271846644580364,0.2736825942993164
12.0,106782.0,0.22182752192020416,-0.012271846644580364,0.2597932815551758
12.0,106786.0,0.22182340919971466,-0.013805827125906944,0.5033674240112305
12.0,106790.0,0.22182340919971466,-0.013805827125906944,0.47638368606567383
12.0,106793.0,0.22181108593940735,-0.013805827125906944,0.4607048034667969
12.0,106797.0,0.22179876267910004,-0.013805827125906944,0.4403047561645508
12.0,106800.0,0.22178234159946442,-0.013805827125906944,0.42537689208984375
12.0,106804.0,0.2217700183391571,-0.013805827125906944,0.4059453010559082
12.0,106808.0,0.22175359725952148,-0.013805827125906944,0.3870415687561035
12.0,106812.0,0.22174127399921417,-0.015339808538556099,0.6387491226196289
12.0,106815.0,0.22173306345939636,-0.015339808538556099,0.6134443283081055
12.0,106819.0,0.22171662747859955,-0.015339808538556099,0.590217113494873
12.0,106822.0,0.22169199585914612,-0.015339808538556099,0.5759272575378418
12.0,106827.0,0.22165913879871368,-0.015339808538556099,0.559114933013916
12.0,106830.0,0.22163449227809906,-0.015339808538556099,0.5427427291870117
12.0,106834.0,0.22159753739833832,-0.015339808538556099,0.5320711135864258
12.0,106839.0,0.22155235707759857,-0.016873789951205254,0.7807416915893555
12.0,106842.0,0.22152361273765564,-0.016873789951205254,0.7569513320922852
12.0,106848.0,0.22145380079746246,-0.016873789951205254,0.7417387962341309
12.0,106852.0,0.2213921993970871,-0.016873789951205254,0.7309412956237793
12.0,106855.0,0.22133469581604004,-0.016873789951205254,0.7257332801818848
12.0,106868.0,0.2210184782743454,-0.016873789951205254,0.7315568923950195
12.0,106872.0,0.22089527547359467,-0.016873789951205254,0.7389163970947266
12.0,106875.0,0.22076386213302612,-0.016873789951205254,0.7500958442687988
12.0,106879.0,0.22066529095172882,-0.016873789951205254,0.7620530128479004
12.0,106882.0,0.22052977979183197,-0.016873789951205254,0.7696242332458496
12.0,106886.0,0.22039835155010223,-0.016873789951205254,0.7792873382568359
12.0,106890.0,0.22030390799045563,-0.01840776950120926,1.0533137321472168
12.0,106893.0,0.22020944952964783,-0.01840776950120926,1.054816722869873
12.0,106897.0,0.22007803618907928,-0.01840776950120926,1.0568594932556152
12.0,106900.0,0.21992197632789612,-0.01840776950120926,1.0674171447753906
12.0,106904.0,0.21979466080665588,-0.01840776950120926,1.0828380584716797
12.0,106908.0,0.21960164606571198,-0.016873789951205254,0.8315553665161133
12.0,106911.0,0.219437375664711,-0.016873789951205254,0.8677129745483398
12.0,106914.0,0.21920739114284515,-0.016873789951205254,0.8958926200866699
12.0,106918.0,0.21902669966220856,-0.016873789951205254,0.9375581741333008
12.0,106922.0,0.21876797080039978,-0.016873789951205254,0.9704313278198242
12.0,106925.0,0.218509241938591,-0.016873789951205254,1.01324462890625
12.0,106929.0,0.2183121144771576,-0.015339808538556099,0.7932076454162598
12.0,106932.0,0.2180328518152237,-0.015339808538556099,0.8324341773986816
12.0,106936.0,0.21782341599464417,-0.015339808538556099,0.8829994201660156
12.0,106939.0,0.21755236387252808,-0.013805827125906944,0.6500754356384277
12.0,106943.0,0.21735523641109467,-0.013805827125906944,0.6980791091918945
12.0,106947.0,0.2171006202697754,-0.013805827125906944,0.7301855087280273
12.0,106950.0,0.2169075906276703,-0.013805827125906944,0.7738099098205566
12.0,106954.0,0.2166488766670227,-0.013805827125906944,0.8050823211669922
12.0,106957.0,0.21646817028522491,-0.012271846644580364,0.5765929222106934
12.0,106960.0,0.21622997522354126,-0.012271846644580364,0.6138248443603516
12.0,106965.0,0.21595893800258636,-0.012271846644580364,0.6486854553222656
12.0,106971.0,0.2157207429409027,-0.012271846644580364,0.6725172996520996
12.0,106974.0,0.21554003655910492,-0.012271846644580364,0.6846356391906738
12.0,106978.0,0.21536755561828613,-0.012271846644580364,0.6975274085998535
12.0,106982.0,0.2152484655380249,-0.012271846644580364,0.7058601379394531
12.0,106986.0,0.21508419513702393,-0.012271846644580364,0.712857723236084
12.0,106989.0,0.2149650901556015,-0.012271846644580364,0.7191200256347656
12.0,106992.0,0.21481725573539734,-0.012271846644580364,0.7216134071350098
12.0,106996.0,0.21471047401428223,-0.012271846644580364,0.7226624488830566
12.0,106999.0,0.21460369229316711,-0.013805827125906944,0.9869260787963867
12.0,107002.0,0.21445995569229126,-0.013805827125906944,0.9847311973571777
12.0,107006.0,0.21429568529129028,-0.013805827125906944,0.987213134765625
12.0,107010.0,0.21416427195072174,-0.013805827125906944,0.9948768615722656
12.0,107013.0,0.21397125720977783,-0.013805827125906944,1.0030937194824219
12.0,107017.0,0.21381929516792297,-0.013805827125906944,1.0137319564819336
12.0,107020.0,0.213655024766922,-0.013805827125906944,1.0323195457458496
12.0,107024.0,0.2133716642856598,-0.013805827125906944,1.054196834564209
12.0,107030.0,0.21305544674396515,-0.013805827125906944,1.0897212028503418
12.0,107033.0,0.21278850734233856,-0.013805827125906944,1.121467113494873
12.0,107038.0,0.21250924468040466,-0.013805827125906944,1.156052589416504
12.0,107041.0,0.21228747069835663,-0.013805827125906944,1.1947245597839355
12.0,107044.0,0.2119794636964798,-0.013805827125906944,1.2268033027648926
12.0,107049.0,0.21164271235466003,-0.012271846644580364,1.0251188278198242
12.0,107061.0,0.21051335334777832,-0.010737866163253784,0.9576935768127441
12.0,107064.0,0.2101231962442398,-0.010737866163253784,1.009472370147705
12.0,107069.0,0.2097330540418625,-0.00920388475060463,0.809873104095459
12.0,107072.0,0.20943737030029297,-0.00920388475060463,0.8820719718933105
12.0,107077.0,0.20896098017692566,-0.0076699042692780495,0.6778678894042969
12.0,107080.0,0.20868171751499176,-0.0076699042692780495,0.7445096969604492
12.0,107083.0,0.20832033455371857,-0.0076699042692780495,0.788508415222168
12.0,107087.0,0.20799589157104492,-0.0076699042692780495,0.8350610733032227
12.0,107091.0,0.20774948596954346,-0.0076699042692780495,0.8698835372924805
12.0,107094.0,0.207503080368042,-0.006135923322290182,0.6383638381958008
12.0,107097.0,0.20719507336616516,-0.006135923322290182,0.6813249588012695
12.0,107101.0,0.20696920156478882,-0.006135923322290182,0.720059871673584
12.0,107104.0,0.20674742758274078,-0.006135923322290182,0.7458271980285645
12.0,107108.0,0.2064763903617859,-0.006135923322290182,0.7701544761657715
12.0,107111.0,0.20622175931930542,-0.006135923322290182,0.7864952087402344
12.0,107115.0,0.2060164213180542,-0.006135923322290182,0.8064274787902832
12.0,107118.0,0.20581108331680298,-0.006135923322290182,0.8312673568725586
12.0,107122.0,0.2055482566356659,-0.006135923322290182,0.8472976684570312
12.0,107125.0,0.20534701645374298,-0.006135923322290182,0.8693294525146484
12.0,107129.0,0.2050800770521164,-0.006135923322290182,0.8892092704772949
12.0,107132.0,0.20482546091079712,-0.006135923322290182,0.9023346900939941
12.0,107136.0,0.2046283334493637,-0.006135923322290182,0.921074390411377
12.0,107140.0,0.20436550676822662,-0.006135923322290182,0.9346952438354492
12.0,107143.0,0.2041683793067932,-0.006135923322290182,0.952298641204834
12.0,107147.0,0.20389732718467712,-0.006135923322290182,0.9677915573120117
12.0,107152.0,0.20354415476322174,-0.006135923322290182,0.9962239265441895
12.0,107155.0,0.20326489210128784,-0.006135923322290182,1.0170207023620605
12.0,107159.0,0.20305132865905762,-0.006135923322290182,1.039781093597412
12.0,107162.0,0.2027638554573059,-0.006135923322290182,1.0556554794311523
12.0,107167.0,0.2024722844362259,-0.006135923322290182,1.0784087181091309
12.0,107170.0,0.20224229991436005,-0.006135923322290182,1.1057424545288086
12.0,107173.0,0.2019219696521759,-0.006135923322290182,1.1293044090270996
12.0,107177.0,0.20167556405067444,-0.006135923322290182,1.1629047393798828
12.0,107180.0,0.20142094790935516,-0.006135923322290182,1.1903691291809082
12.0,107184.0,0.20106364786624908,-0.004601942375302315,0.9528884887695312
12.0,107187.0,0.20078440010547638,-0.004601942375302315,1.0027046203613281
12.0,107191.0,0.20041067898273468,-0.004601942375302315,1.0385665893554688
12.0,107194.0,0.20002874732017517,-0.004601942375302315,1.0880355834960938
12.0,107198.0,0.19974127411842346,-0.003067961661145091,0.8687005043029785
12.0,107202.0,0.19935113191604614,-0.003067961661145091,0.9096455574035645
12.0,107205.0,0.19905544817447662,-0.003067961661145091,0.9629693031311035
12.0,107209.0,0.19857905805110931,-0.003067961661145091,1.0233640670776367
12.0,107214.0,0.1982012391090393,-0.0015339808305725455,0.8048191070556641
12.0,107219.0,0.1977371722459793,-0.0015339808305725455,0.8612661361694336
12.0,107223.0,0.19738398492336273,-0.0015339808305725455,0.8918333053588867
12.0,107226.0,0.19704723358154297,-0.0015339808305725455,0.9251155853271484
12.0,107230.0,0.1968008279800415,-0.0015339808305725455,0.9473156929016113
12.0,107233.0,0.19655030965805054,0.0,0.7089247703552246
12.0,107237.0,0.19622176885604858,0.0,0.7343506813049316
12.0,107240.0,0.19597536325454712,0.0,0.7672262191772461
12.0,107253.0,0.19497741758823395,0.0,0.8369879722595215
12.0,107257.0,0.19468583166599274,0.0,0.8543667793273926
12.0,107260.0,0.1944722831249237,0.0,0.8698630332946777
12.0,107264.0,0.1941806972026825,0.0,0.8818373680114746
12.0,107267.0,0.1938932240009308,0.0,0.896449089050293
12.0,107271.0,0.19367556273937225,0.0,0.9077796936035156
12.0,107274.0,0.19339630007743835,0.0,0.918907642364502
12.0,107278.0,0.19318686425685883,0.0,0.928349494934082
12.0,107281.0,0.19291581213474274,0.0,0.934934139251709
12.0,107285.0,0.19263654947280884,0.0,0.945284366607666
12.0,107289.0,0.19242709875106812,0.0,0.9553380012512207
12.0,107292.0,0.19215194880962372,0.0,0.9613337516784668
12.0,107296.0,0.1919384002685547,0.0,0.9722599983215332
12.0,107299.0,0.19172485172748566,0.0,0.9806022644042969
12.0,107302.0,0.19144147634506226,-0.0015339808305725455,1.254140853881836
12.0,107307.0,0.19114989042282104,-0.0015339808305725455,1.2610583305358887
12.0,107310.0,0.19091171026229858,-0.0015339808305725455,1.2772021293640137
12.0,107313.0,0.19057084619998932,0.0,1.0281391143798828
12.0,107317.0,0.19029568135738373,0.0,1.065281867980957
12.0,107320.0,0.18992197513580322,0.0,1.092963695526123
12.0,107324.0,0.18963859975337982,0.0,1.130598545074463
12.0,107328.0,0.1892484575510025,0.0,1.1620264053344727
12.0,107331.0,0.18894456326961517,0.0015339808305725455,0.9369239807128906
12.0,107334.0,0.18864476680755615,0.0015339808305725455,0.9737153053283691
12.0,107339.0,0.1881190985441208,0.0015339808305725455,1.0405282974243164
12.0,107344.0,0.18759343028068542,0.0015339808305725455,1.09028959274292
12.0,107347.0,0.1872813105583191,0.003067961661145091,0.8745212554931641
12.0,107350.0,0.18685421347618103,0.003067961661145091,0.9159564971923828
12.0,107354.0,0.1865462064743042,0.003067961661145091,0.6957674026489258
12.0,107358.0,0.18614374101161957,0.004601942375302315,0.732792854309082
12.0,107361.0,0.18585626780986786,0.004601942375302315,0.7735180854797363
12.0,107364.0,0.18549486994743347,0.004601942375302315,0.7991337776184082
12.0,107368.0,0.1852361410856247,0.004601942375302315,0.8269753456115723
12.0,107372.0,0.18490760028362274,0.004601942375302315,0.8472232818603516
12.0,107376.0,0.1845872700214386,0.004601942375302315,0.8641867637634277
12.0,107380.0,0.18427926301956177,0.004601942375302315,0.874213695526123
12.0,107383.0,0.18397946655750275,0.004601942375302315,0.8850235939025879
12.0,107387.0,0.1837577074766159,0.004601942375302315,0.8919506072998047
12.0,107390.0,0.18353182077407837,0.006135923322290182,0.6338663101196289
12.0,107393.0,0.18324024975299835,0.006135923322290182,0.6436972618103027
12.0,107397.0,0.18301847577095032,0.006135923322290182,0.658228874206543
12.0,107400.0,0.1827351152896881,0.004601942375302315,0.9332408905029297
12.0,107404.0,0.1825421005487442,0.004601942375302315,0.9297657012939453
12.0,107408.0,0.18229569494724274,0.004601942375302315,0.9218292236328125
12.0,107411.0,0.18210266530513763,0.004601942375302315,0.9169416427612305
12.0,107414.0,0.18186037242412567,0.004601942375302315,0.9101080894470215
12.0,107418.0,0.18167145550251007,0.004601942375302315,0.9058775901794434
12.0,107422.0,0.1814168393611908,0.004601942375302315,0.9021883010864258
12.0,107425.0,0.181236132979393,0.004601942375302315,0.8930377960205078
12.0,107429.0,0.18100205063819885,0.004601942375302315,0.884345531463623
12.0,107442.0,0.18023408949375153,0.003067961661145091,1.1136870384216309
12.0,107446.0,0.17998768389225006,0.003067961661145091,1.1051416397094727
12.0,107449.0,0.17972895503044128,0.003067961661145091,1.102043628692627
12.0,107453.0,0.17951540648937225,0.003067961661145091,1.1061806678771973
12.0,107457.0,0.17921561002731323,0.003067961661145091,1.1126017570495605
12.0,107460.0,0.1789856255054474,0.003067961661145091,1.1289119720458984
12.0,107465.0,0.17857494950294495,0.003067961661145091,1.1458244323730469
12.0,107470.0,0.1780698150396347,0.003067961661145091,1.1702957153320312
12.0,107474.0,0.17780287563800812,0.003067961661145091,0.928276538848877
12.0,107478.0,0.17742915451526642,0.004601942375302315,0.954796314239502
12.0,107482.0,0.1770472228527069,0.004601942375302315,0.9922323226928711
12.0,107486.0,0.1766735166311264,0.004601942375302315,1.0257811546325684
12.0,107490.0,0.17631211876869202,0.006135923322290182,0.7956695556640625
12.0,107494.0,0.17593428492546082,0.006135923322290182,0.8329586982727051
12.0,107498.0,0.17557290196418762,0.006135923322290182,0.8636598587036133
12.0,107502.0,0.17523203790187836,0.006135923322290182,0.8880796432495117
12.0,107507.0,0.17482545971870422,0.006135923322290182,0.9050164222717285
12.0,107510.0,0.17459137737751007,0.006135923322290182,0.9174609184265137
12.0,107514.0,0.17427515983581543,0.0076699042692780495,0.6648931503295898
12.0,107518.0,0.1739712506532669,0.0076699042692780495,0.6812195777893066
12.0,107521.0,0.1736878901720047,0.0076699042692780495,0.6903948783874512
12.0,107527.0,0.17335112392902374,0.0076699042692780495,0.6959099769592285
12.0,107532.0,0.17305132746696472,0.0076699042692780495,0.6893386840820312
12.0,107535.0,0.17287474870681763,0.0076699042692780495,0.682548999786377
12.0,107539.0,0.17260780930519104,0.006135923322290182,0.9319725036621094
12.0,107543.0,0.17240247130393982,0.006135923322290182,0.9109697341918945
12.0,107548.0,0.17218069732189178,0.006135923322290182,0.8961648941040039
12.0,107552.0,0.17195893824100494,0.006135923322290182,0.8792309761047363
12.0,107558.0,0.17161396145820618,0.006135923322290182,0.8658928871154785
12.0,107562.0,0.17138397693634033,0.006135923322290182,0.8557815551757812
12.0,107566.0,0.17115400731563568,0.004601942375302315,1.1130528450012207
12.0,107569.0,0.17091581225395203,0.004601942375302315,1.1005616188049316
12.0,107573.0,0.17073510587215424,0.004601942375302315,1.0900053977966309
12.0,107577.0,0.17048460245132446,0.004601942375302315,1.0847539901733398
12.0,107580.0,0.17028336226940155,0.004601942375302315,1.0843300819396973
12.0,107584.0,0.17000409960746765,0.004601942375302315,1.0861215591430664
12.0,107588.0,0.16971252858638763,0.004601942375302315,1.0925712585449219
12.0,107592.0,0.1694127321243286,0.004601942375302315,1.1015853881835938
12.0,107596.0,0.1691088229417801,0.006135923322290182,0.8432931900024414
12.0,107600.0,0.16880081593990326,0.006135923322290182,0.8665523529052734
12.0,107604.0,0.16848048567771912,0.006135923322290182,0.8814177513122559
12.0,107608.0,0.16816426813602448,0.006135923322290182,0.9002714157104492
12.0,107611.0,0.16793018579483032,0.006135923322290182,0.9172077178955078
12.0,107615.0,0.167618066072464,0.006135923322290182,0.9323105812072754
12.0,107619.0,0.16731005907058716,0.006135923322290182,0.9469876289367676
12.0,107623.0,0.16700616478919983,0.006135923322290182,0.9573936462402344
12.0,107627.0,0.166689932346344,0.0076699042692780495,0.7086844444274902
12.0,107631.0,0.16636961698532104,0.0076699042692780495,0.7321453094482422
12.0,107634.0,0.16606982052326202,0.0076699042692780495,0.7481989860534668
12.0,107639.0,0.16578644514083862,0.0076699042692780495,0.7584295272827148
12.0,107652.0,0.16499795019626617,0.0076699042692780495,0.745114803314209
12.0,107657.0,0.16467350721359253,0.0076699042692780495,0.7316617965698242
12.0,107661.0,0.16451334953308105,0.0076699042692780495,0.7190423011779785
12.0,107665.0,0.16431622207164764,0.0076699042692780495,0.7016377449035645
12.0,107669.0,0.1640903502702713,0.0076699042692780495,0.6809606552124023
12.0,107673.0,0.16396303474903107,0.006135923322290182,0.9209885597229004
12.0,107677.0,0.1638028770685196,0.006135923322290182,0.8882174491882324
12.0,107681.0,0.16364270448684692,0.006135923322290182,0.8665003776550293
12.0,107684.0,0.16351540386676788,0.006135923322290182,0.8398771286010742
12.0,107688.0,0.1633511334657669,0.006135923322290182,0.8196072578430176
12.0,107691.0,0.16322381794452667,0.004601942375302315,1.060246467590332
12.0,107695.0,0.1630554348230362,0.004601942375302315,1.0382046699523926
12.0,107698.0,0.16291581094264984,0.004601942375302315,1.0147480964660645
12.0,107702.0,0.16271868348121643,0.004601942375302315,1.002131462097168
12.0,107706.0,0.1625051349401474,0.004601942375302315,0.9864563941955566
12.0,107710.0,0.16227926313877106,0.004601942375302315,0.9815006256103516
12.0,107714.0,0.1620492786169052,0.004601942375302315,0.9751992225646973
12.0,107719.0,0.16174538433551788,0.004601942375302315,0.9743804931640625
12.0,107722.0,0.16149075329303741,0.004601942375302315,0.9753937721252441
12.0,107727.0,0.16124024987220764,0.004601942375302315,0.9763531684875488
12.0,107731.0,0.16097331047058105,0.004601942375302315,0.9827508926391602
12.0,107734.0,0.16076385974884033,0.004601942375302315,0.9930229187011719
12.0,107739.0,0.16042299568653107,0.004601942375302315,1.000378131866455
12.0,107742.0,0.16020944714546204,0.004601942375302315,1.012927532196045
12.0,107746.0,0.15992197394371033,0.004601942375302315,1.025129795074463
12.0,107749.0,0.15963450074195862,0.006135923322290182,0.7664966583251953
12.0,107753.0,0.15941683948040009,0.006135923322290182,0.7854981422424316
12.0,107757.0,0.15913346409797668,0.006135923322290182,0.79632568359375
12.0,107760.0,0.15892812609672546,0.006135923322290182,0.8090658187866211
12.0,107764.0,0.15866529941558838,0.006135923322290182,0.8140134811401367
12.0,107767.0,0.15841889381408691,0.006135923322290182,0.8169436454772949
12.0,107771.0,0.15824230015277863,0.006135923322290182,0.8172087669372559
12.0,107774.0,0.15800410509109497,0.006135923322290182,0.8167753219604492
12.0,107778.0,0.157839834690094,0.006135923322290182,0.8105077743530273
12.0,107782.0,0.15763038396835327,0.006135923322290182,0.8036961555480957
12.0,107785.0,0.1574743390083313,0.006135923322290182,0.7954049110412598
12.0,107789.0,0.15726900100708008,0.006135923322290182,0.7848281860351562
12.0,107793.0,0.15706776082515717,0.006135923322290182,0.7775659561157227
12.0,107796.0,0.15686653554439545,0.006135923322290182,0.7678141593933105
12.0,107800.0,0.1567227989435196,0.006135923322290182,0.7584257125854492
12.0,107803.0,0.15658316016197205,0.006135923322290182,0.745521068572998
12.0,107807.0,0.15639014542102814,0.006135923322290182,0.7368664741516113
12.0,107810.0,0.1562546193599701,0.006135923322290182,0.7222051620483398
12.0,107814.0,0.1560780256986618,0.006135923322290182,0.7102665901184082
12.0,107817.0,0.15590965747833252,0.006135923322290182,0.6926851272583008
12.0,107821.0,0.1557905524969101,0.006135923322290182,0.6776280403137207
12.0,107824.0,0.15567146241664886,0.004601942375302315,0.924260139465332
12.0,107828.0,0.1555071920156479,0.004601942375302315,0.902799129486084
12.0,107832.0,0.1553346961736679,0.004601942375302315,0.8889846801757812
12.0,107835.0,0.15519918501377106,0.004601942375302315,0.8743429183959961
12.0,107849.0,0.15453387796878815,0.004601942375302315,0.8335075378417969
12.0,107853.0,0.15434086322784424,0.004601942375302315,0.8239312171936035
12.0,107857.0,0.15415194630622864,0.004601942375302315,0.8120856285095215
12.0,107860.0,0.15397535264492035,0.004601942375302315,0.801182746887207
12.0,107864.0,0.15379877388477325,0.004601942375302315,0.787621021270752
12.0,107868.0,0.15366734564304352,0.003067961661145091,1.0402026176452637
12.0,107872.0,0.15349897742271423,0.003067961661145091,1.0191302299499512
12.0,107876.0,0.15332238376140594,0.003067961661145091,1.004298210144043
12.0,107880.0,0.15313346683979034,0.003067961661145091,0.9939112663269043
12.0,107883.0,0.1529897302389145,0.003067961661145091,0.9841675758361816
12.0,107887.0,0.15278029441833496,0.003067961661145091,0.9788656234741211
12.0,107890.0,0.1526242345571518,0.003067961661145091,0.9747409820556641
12.0,107894.0,0.15241067111492157,0.003067961661145091,0.972111701965332
12.0,107898.0,0.15218891203403473,0.003067961661145091,0.9714641571044922
12.0,107901.0,0.15202052891254425,0.003067961661145091,0.9722762107849121
12.0,107905.0,0.1517864465713501,0.003067961661145091,0.9752850532531738
12.0,107908.0,0.15153592824935913,0.004601942375302315,0.720252513885498
12.0,107912.0,0.15135112404823303,0.004601942375302315,0.7334065437316895
12.0,107916.0,0.15111704170703888,0.004601942375302315,0.7389793395996094
12.0,107919.0,0.15088705718517303,0.004601942375302315,0.7462434768676758
12.0,107923.0,0.15073101222515106,0.004601942375302315,0.7466268539428711
12.0,107927.0,0.15052567422389984,0.004601942375302315,0.7444148063659668
12.0,107930.0,0.15032443404197693,0.004601942375302315,0.7431721687316895
12.0,107934.0,0.15018481016159058,0.004601942375302315,0.7358498573303223
12.0,107938.0,0.15000000596046448,0.004601942375302315,0.7309293746948242
12.0,107941.0,0.14986036717891693,0.004601942375302315,0.7241725921630859
12.0,107945.0,0.14967967569828033,0.004601942375302315,0.716400146484375
12.0,107949.0,0.14949896931648254,0.004601942375302315,0.7107987403869629
12.0,107952.0,0.14932237565517426,0.004601942375302315,0.7022705078125
12.0,107957.0,0.14915400743484497,0.004601942375302315,0.6914381980895996
12.0,107960.0,0.14903490245342255,0.004601942375302315,0.6784043312072754
12.0,107964.0,0.14888295531272888,0.004601942375302315,0.6618785858154297
12.0,107970.0,0.14867350459098816,0.003067961661145091,0.9035511016845703
12.0,107974.0,0.14855852723121643,0.003067961661145091,0.8719959259033203
12.0,107977.0,0.14847227931022644,0.003067961661145091,0.8416519165039062
12.0,107981.0,0.14835728704929352,0.003067961661145091,0.8138246536254883
12.0,107984.0,0.14826694130897522,0.003067961661145091,0.792630672454834
12.0,107988.0,0.148147851228714,0.0015339808305725455,1.0349183082580566
12.0,107992.0,0.14802463352680206,0.0015339808305725455,1.01188325881958
12.0,107995.0,0.14792607724666595,0.0015339808305725455,0.9857659339904785
12.0,107999.0,0.1477823406457901,0.0015339808305725455,0.9660072326660156
12.0,108002.0,0.14762628078460693,0.0015339808305725455,0.9543948173522949
12.0,108007.0,0.14745791256427765,0.0015339808305725455,0.9425930976867676
12.0,108010.0,0.14733059704303741,0.0015339808305725455,0.9312663078308105
12.0,108014.0,0.14715811610221863,0.0015339808305725455,0.9247536659240723
12.0,108018.0,0.14697740972042084,0.0015339808305725455,0.9182062149047852
12.0,108021.0,0.14683778584003448,0.0015339808305725455,0.9146308898925781
12.0,108027.0,0.14655031263828278,0.0015339808305725455,0.9111299514770508
12.0,108031.0,0.1463039070367813,0.0015339808305725455,0.910527229309082
12.0,108036.0,0.1460985690355301,0.0015339808305725455,0.9128260612487793
12.0,108048.0,0.14547432959079742,0.0015339808305725455,0.9233784675598145
12.0,108052.0,0.1452566683292389,0.0015339808305725455,0.9283251762390137
12.0,108055.0,0.14510062336921692,0.0015339808305725455,0.9316592216491699
12.0,108059.0,0.14487884938716888,0.0015339808305725455,0.9389538764953613
12.0,108063.0,0.14465297758579254,0.0015339808305725455,0.9463109970092773
12.0,108067.0,0.1444271057844162,0.0015339808305725455,0.9545588493347168
12.0,108070.0,0.14418479800224304,0.003067961661145091,0.7025289535522461
12.0,108074.0,0.14399589598178864,0.003067961661145091,0.7227053642272949
12.0,108078.0,0.1437659114599228,0.003067961661145091,0.733396053314209
12.0,108081.0,0.143593430519104,0.003067961661145091,0.7458996772766113
12.0,108084.0,0.14337576925754547,0.003067961661145091,0.7533445358276367
12.0,108088.0,0.1432238221168518,0.003067961661145091,0.7585721015930176
12.0,108092.0,0.1430225819349289,0.003067961661145091,0.7603964805603027
12.0,108096.0,0.1428336799144745,0.003067961661145091,0.7601146697998047
12.0,108100.0,0.1426529735326767,0.003067961661145091,0.7572364807128906
12.0,108104.0,0.1424763798713684,0.003067961661145091,0.7531886100769043
12.0,108108.0,0.14230389893054962,0.003067961661145091,0.7480130195617676
12.0,108111.0,0.1421806961297989,0.003067961661145091,0.7404098510742188
12.0,108115.0,0.14202463626861572,0.003067961661145091,0.7322397232055664
12.0,108118.0,0.14188501238822937,0.003067961661145091,0.7172541618347168
12.0,108122.0,0.14178644120693207,0.003067961661145091,0.7002120018005371
12.0,108126.0,0.14165914058685303,0.003067961661145091,0.6865139007568359
12.0,108129.0,0.14156468212604523,0.0015339808305725455,0.9335389137268066
12.0,108133.0,0.14142505824565887,0.0015339808305725455,0.9071140289306641
12.0,108137.0,0.14133881032466888,0.0015339808305725455,0.8879680633544922
12.0,108140.0,0.14122381806373596,0.0015339808305725455,0.8632960319519043
12.0,108144.0,0.14113347232341766,0.0015339808305725455,0.8408951759338379
12.0,108148.0,0.14101026952266693,0.0015339808305725455,0.8263473510742188
12.0,108153.0,0.14087063074111938,0.0,1.062652587890625
12.0,108157.0,0.14074333012104034,0.0,1.0342473983764648
12.0,108161.0,0.1405995935201645,0.0,1.0202784538269043
12.0,108165.0,0.1404353231191635,0.0,1.012253761291504
12.0,108169.0,0.14025051891803741,0.0,1.0108098983764648
12.0,108172.0,0.14009855687618256,0.0,1.0138769149780273
12.0,108176.0,0.13988912105560303,0.0,1.0222840309143066
12.0,108179.0,0.13965092599391937,0.0,1.0341506004333496
12.0,108183.0,0.13946200907230377,0.0015339808305725455,0.77996826171875
12.0,108186.0,0.1392073929309845,0.0015339808305725455,0.8053812980651855
12.0,108190.0,0.1390102654695511,0.0015339808305725455,0.8312458992004395
12.0,108194.0,0.1387556493282318,0.0015339808305725455,0.8497471809387207
12.0,108198.0,0.13849692046642303,0.0015339808305725455,0.8741598129272461
12.0,108201.0,0.13829569518566132,0.003067961661145091,0.6334962844848633
12.0,108204.0,0.13803696632385254,0.003067961661145091,0.6547584533691406
12.0,108208.0,0.13784804940223694,0.003067961661145091,0.6800327301025391
12.0,108212.0,0.13761396706104279,0.003067961661145091,0.6933879852294922
12.0,108216.0,0.1373347043991089,0.003067961661145091,0.7122530937194824
12.0,108221.0,0.1370800882577896,0.003067961661145091,0.722386360168457
12.0,108225.0,0.1368870586156845,0.003067961661145091,0.7267618179321289
12.0,108229.0,0.13675154745578766,0.003067961661145091,0.7270264625549316
12.0,108232.0,0.13657905161380768,0.003067961661145091,0.7245726585388184
12.0,108245.0,0.1361396312713623,0.003067961661145091,0.6897954940795898
12.0,108249.0,0.13601642847061157,0.003067961661145091,0.6715831756591797
12.0,108252.0,0.13590554893016815,0.003067961661145091,0.656038761138916
12.0,108256.0,0.13579876720905304,0.003067961661145091,0.6351313591003418
12.0,108260.0,0.13573305308818817,0.0015339808305725455,0.8765902519226074
12.0,108264.0,0.13564682006835938,0.0015339808305725455,0.8515934944152832
12.0,108267.0,0.1355646848678589,0.0015339808305725455,0.8193621635437012
12.0,108271.0,0.1354948729276657,0.0015339808305725455,0.7910003662109375
12.0,108274.0,0.13540862500667572,0.0015339808305725455,0.7697720527648926
12.0,108278.0,0.13533881306648254,0.0,1.0085086822509766
12.0,108282.0,0.13524846732616425,0.0,0.9784727096557617
12.0,108286.0,0.13513757288455963,0.0,0.9603762626647949
12.0,108289.0,0.13504311442375183,0.0,0.942838191986084
12.0,108292.0,0.13489937782287598,0.0,0.935173511505127
12.0,108296.0,0.1347392201423645,0.0,0.9293465614318848
12.0,108300.0,0.13461601734161377,0.0,0.926145076751709
12.0,108303.0,0.13448460400104523,0.0,0.9247198104858398
12.0,108307.0,0.13431210815906525,0.0,0.9244065284729004
12.0,108310.0,0.13412320613861084,0.0,0.9285097122192383
12.0,108314.0,0.13392607867717743,0.0,0.9352116584777832
12.0,108319.0,0.1337207406759262,0.0,0.9443788528442383
12.0,108322.0,0.13356056809425354,0.0,0.9559483528137207
12.0,108326.0,0.1333470195531845,0.0,0.9685196876525879
12.0,108330.0,0.13311704993247986,0.0,0.980710506439209
12.0,108333.0,0.13294045627117157,0.0,0.9978423118591309
12.0,108337.0,0.1326981484889984,0.0015339808305725455,0.7528657913208008
12.0,108341.0,0.13237372040748596,0.0015339808305725455,0.7827463150024414
12.0,108347.0,0.13205748796463013,0.0015339808305725455,0.8163166046142578
12.0,108350.0,0.13187268376350403,0.0015339808305725455,0.8386545181274414
12.0,108354.0,0.13164271414279938,0.0015339808305725455,0.8518872261047363
12.0,108358.0,0.13142505288124084,0.0015339808305725455,0.8650345802307129
12.0,108361.0,0.1312073916196823,0.003067961661145091,0.6139054298400879
12.0,108366.0,0.1309979408979416,0.003067961661145091,0.6294412612915039
12.0,108369.0,0.13085420429706573,0.003067961661145091,0.6377801895141602
12.0,108372.0,0.13068172335624695,0.003067961661145091,0.6391668319702148
12.0,108376.0,0.13057084381580353,0.003067961661145091,0.6338586807250977
12.0,108379.0,0.13046817481517792,0.003067961661145091,0.6260170936584473
12.0,108382.0,0.13034497201442719,0.003067961661145091,0.6157264709472656
12.0,108387.0,0.13022997975349426,0.0015339808305725455,0.8610649108886719
12.0,108390.0,0.13012319803237915,0.0015339808305725455,0.8444910049438477
12.0,108394.0,0.13004106283187866,0.0015339808305725455,0.8249435424804688
12.0,108398.0,0.12992608547210693,0.0015339808305725455,0.8094320297241211
12.0,108401.0,0.12983983755111694,0.0015339808305725455,0.7898769378662109
12.0,108404.0,0.12975770235061646,0.0015339808305725455,0.7767200469970703
12.0,108408.0,0.12964682281017303,0.0,1.020981788635254
12.0,108411.0,0.12954004108905792,0.0,1.0030245780944824
12.0,108415.0,0.12944558262825012,0.0,0.9870405197143555
12.0,108418.0,0.1293388158082962,0.0,0.978144645690918
12.0,108422.0,0.12918275594711304,0.0,0.973536491394043
12.0,108425.0,0.12901437282562256,0.0,0.9707698822021484
12.0,108438.0,0.12844763696193695,0.0,0.9830379486083984
12.0,108442.0,0.12823818624019623,0.0,0.9935479164123535
12.0,108445.0,0.1280205398797989,0.0,1.0064139366149902
12.0,108449.0,0.12779466807842255,0.0015339808305725455,0.7546629905700684
12.0,108453.0,0.12761807441711426,0.0015339808305725455,0.7779984474182129
12.0,108457.0,0.1273757666349411,0.0015339808305725455,0.8045368194580078
12.0,108461.0,0.12713757157325745,0.0015339808305725455,0.8261833190917969
12.0,108466.0,0.12685421109199524,0.0015339808305725455,0.8492236137390137
12.0,108470.0,0.1266283392906189,0.0015339808305725455,0.8653693199157715
12.0,108474.0,0.12640656530857086,0.003067961661145091,0.6169486045837402
12.0,108478.0,0.12618480622768402,0.003067961661145091,0.6321115493774414
12.0,108481.0,0.12603285908699036,0.003067961661145091,0.6459226608276367
12.0,108485.0,0.12584394216537476,0.003067961661145091,0.6539463996887207
12.0,108489.0,0.12567146122455597,0.003067961661145091,0.6563668251037598
12.0,108493.0,0.1255112886428833,0.003067961661145091,0.6558237075805664
12.0,108497.0,0.12536345422267914,0.003067961661145091,0.6515913009643555
12.0,108500.0,0.12526488304138184,0.003067961661145091,0.6422162055969238
12.0,108504.0,0.1251457929611206,0.003067961661145091,0.6313762664794922
12.0,108508.0,0.1250390112400055,0.003067961661145091,0.6147546768188477
12.0,108511.0,0.12496509402990341,0.0015339808305725455,0.8601560592651367
12.0,108514.0,0.12488706409931183,0.0015339808305725455,0.8368306159973145
12.0,108518.0,0.12482135742902756,0.0015339808305725455,0.8098845481872559
12.0,108522.0,0.12473510950803757,0.0015339808305725455,0.7906761169433594
12.0,108527.0,0.12462422996759415,0.0,1.0287652015686035
12.0,108531.0,0.12452977150678635,0.0,0.9936351776123047
12.0,108535.0,0.12443532049655914,0.0,0.9749870300292969
12.0,108538.0,0.12432443350553513,0.0,0.9549894332885742
12.0,108542.0,0.12423408776521683,0.0,0.9384284019470215
12.0,108547.0,0.12407392263412476,0.0,0.9265198707580566
12.0,108550.0,0.12396303564310074,0.0,0.9217987060546875
12.0,108553.0,0.12379876524209976,0.0,0.9214119911193848
12.0,108559.0,0.12356878817081451,0.0,0.9288678169250488
12.0,108563.0,0.1233716607093811,0.0,0.9389152526855469
12.0,108567.0,0.1231827512383461,0.0,0.94598388671875
12.0,108571.0,0.12298151850700378,0.0,0.9568872451782227
12.0,108574.0,0.12282135337591171,0.0,0.9728078842163086
12.0,108578.0,0.12259548157453537,0.0,0.9908924102783203
12.0,108582.0,0.12236550450325012,0.0,1.0050759315490723
12.0,108585.0,0.12218480557203293,0.0,1.0274543762207031
12.0,108589.0,0.12193429470062256,0.0015339808305725455,0.789240837097168
12.0,108592.0,0.12167146056890488,0.0015339808305725455,0.8143539428710938
12.0,108596.0,0.12148254364728928,0.0015339808305725455,0.8428220748901367
12.0,108599.0,0.12129363417625427,0.0015339808305725455,0.862523078918457
12.0,108603.0,0.12104722857475281,0.003067961661145091,0.6146230697631836
12.0,108607.0,0.12080082297325134,0.003067961661145091,0.6454925537109375
12.0,108610.0,0.12062422931194305,0.003067961661145091,0.6712751388549805
12.0,108614.0,0.12040246278047562,0.003067961661145091,0.6863422393798828
12.0,108618.0,0.1201971247792244,0.003067961661145091,0.7013936042785645
12.0,108621.0,0.12004928290843964,0.003067961661145091,0.7119417190551758
12.0,108624.0,0.11990965157747269,0.003067961661145091,0.7193202972412109
12.0,108637.0,0.1193675547838211,0.003067961661145091,0.7199063301086426
12.0,108641.0,0.11922381818294525,0.003067961661145091,0.7126798629760742
12.0,108644.0,0.11908829212188721,0.003067961661145091,0.7068042755126953
12.0,108648.0,0.1189897358417511,0.003067961661145091,0.698847770690918
12.0,108653.0,0.11882957071065903,0.003067961661145091,0.6850285530090332
12.0,108658.0,0.11868172138929367,0.003067961661145091,0.6712665557861328
12.0,108661.0,0.11857494711875916,0.003067961661145091,0.655369758605957
12.0,108665.0,0.11850102990865707,0.003067961661145091,0.6360588073730469
12.0,108669.0,0.11841067671775818,0.0015339808305725455,0.8815498352050781
12.0,108673.0,0.11832854151725769,0.0015339808305725455,0.8538126945495605
12.0,108677.0,0.11823819577693939,0.0015339808305725455,0.836400032043457
12.0,108680.0,0.11816837638616562,0.0015339808305725455,0.8144111633300781
12.0,108683.0,0.11806570738554001,0.0015339808305725455,0.8008217811584473
12.0,108687.0,0.11798767745494843,0.0015339808305725455,0.7842154502868652
12.0,108690.0,0.11788090318441391,0.0,1.0368890762329102
12.0,108694.0,0.11779876798391342,0.0,1.0168004035949707
12.0,108698.0,0.11767145991325378,0.0,1.004190444946289
12.0,108702.0,0.11753182858228683,0.0,0.9977583885192871
12.0,108705.0,0.11737166345119476,0.0,0.9953079223632812
12.0,108709.0,0.11723613739013672,0.0,0.9996891021728516
12.0,108712.0,0.11699794977903366,0.0,1.0079922676086426
12.0,108718.0,0.11680082231760025,0.0,1.017409324645996
12.0,108721.0,0.11664886772632599,0.0,1.029240608215332
12.0,108725.0,0.11643121391534805,0.0015339808305725455,0.7821750640869141
12.0,108728.0,0.1161971241235733,0.0015339808305725455,0.8022031784057617
12.0,108732.0,0.11601642519235611,0.0015339808305725455,0.8303489685058594
12.0,108736.0,0.11578234285116196,0.0015339808305725455,0.8535242080688477
12.0,108740.0,0.11555235832929611,0.0015339808305725455,0.8703999519348145
12.0,108744.0,0.11525667458772659,0.003067961661145091,0.6348724365234375
12.0,108749.0,0.11502258479595184,0.003067961661145091,0.6629738807678223
12.0,108753.0,0.11481314152479172,0.003067961661145091,0.6821045875549316
12.0,108757.0,0.1146160140633583,0.003067961661145091,0.6965956687927246
12.0,108760.0,0.11443531513214111,0.003067961661145091,0.7052593231201172
12.0,108764.0,0.11430800706148148,0.003067961661145091,0.7096710205078125
12.0,108768.0,0.1141437366604805,0.003067961661145091,0.7118997573852539
12.0,108771.0,0.11400000005960464,0.003067961661145091,0.7081212997436523
12.0,108775.0,0.11389733105897903,0.003067961661145091,0.701871395111084
12.0,108779.0,0.1137659102678299,0.003067961661145091,0.693209171295166
12.0,108783.0,0.11365092545747757,0.003067961661145091,0.6839423179626465
12.0,108787.0,0.11354003846645355,0.003067961661145091,0.6706886291503906
12.0,108790.0,0.11345790326595306,0.003067961661145091,0.656588077545166
12.0,108793.0,0.11335523426532745,0.003067961661145091,0.6457104682922363
12.0,108797.0,0.11326078325510025,0.0015339808305725455,0.8970494270324707
12.0,108801.0,0.11319506913423538,0.0015339808305725455,0.8784008026123047
12.0,108804.0,0.1131170466542244,0.0015339808305725455,0.8512563705444336
12.0,108808.0,0.11303490400314331,0.0015339808305725455,0.8264894485473633
12.0,108812.0,0.11297330260276794,0.0015339808305725455,0.8026623725891113
12.0,108817.0,0.11287063360214233,0.0015339808305725455,0.7797646522521973
12.0,108820.0,0.11280492693185806,0.0,1.0229310989379883
12.0,108823.0,0.11271458119153976,0.0,1.0051689147949219
12.0,108836.0,0.11226694285869598,0.0,0.9798917770385742
12.0,108841.0,0.1120944544672966,0.0,0.9856352806091309
12.0,108845.0,0.1119137555360794,0.0,0.9981956481933594
12.0,108851.0,0.11161807179450989,0.0,1.0082917213439941
12.0,108855.0,0.11140451580286026,0.0,1.0249390602111816
12.0,108859.0,0.11118274927139282,0.0015339808305725455,0.7783360481262207
12.0,108862.0,0.11100616306066513,0.0015339808305725455,0.8051085472106934
12.0,108866.0,0.11077617853879929,0.0015339808305725455,0.8323311805725098
12.0,108869.0,0.11054209619760513,0.0015339808305725455,0.8524837493896484
12.0,108873.0,0.11036550253629684,0.0015339808305725455,0.8781075477600098
12.0,108877.0,0.11013142019510269,0.003067961661145091,0.6316962242126465
12.0,108881.0,0.10989733040332794,0.003067961661145091,0.6617326736450195
12.0,108884.0,0.10967966914176941,0.003067961661145091,0.6853914260864258
12.0,108888.0,0.1094866544008255,0.003067961661145091,0.7002277374267578
12.0,108892.0,0.10934702306985855,0.003067961661145091,0.7119112014770508
12.0,108896.0,0.10917453467845917,0.003067961661145091,0.7167544364929199
12.0,108899.0,0.10901026427745819,0.003067961661145091,0.7212734222412109
12.0,108903.0,0.10888706147670746,0.003067961661145091,0.7245903015136719
12.0,108907.0,0.1087351143360138,0.003067961661145091,0.7249045372009277
12.0,108910.0,0.10862012207508087,0.003067961661145091,0.7238945960998535
12.0,108914.0,0.10848049074411392,0.003067961661145091,0.7218718528747559
12.0,108917.0,0.10834907740354538,0.003067961661145091,0.7157540321350098
12.0,108921.0,0.10825872421264648,0.003067961661145091,0.7072358131408691
12.0,108925.0,0.10813962668180466,0.003067961661145091,0.6990690231323242
12.0,108928.0,0.10802464187145233,0.003067961661145091,0.6885628700256348
12.0,108932.0,0.10794661194086075,0.003067961661145091,0.6758208274841309
12.0,108936.0,0.10783983767032623,0.003067961661145091,0.6622166633605957
12.0,108940.0,0.10774127393960953,0.003067961661145091,0.6513590812683105
12.0,108944.0,0.10765092074871063,0.003067961661145091,0.6347060203552246
12.0,108948.0,0.10757289826869965,0.0015339808305725455,0.8815841674804688
12.0,108951.0,0.10751950740814209,0.0015339808305725455,0.8536520004272461
12.0,108955.0,0.10744969546794891,0.0015339808305725455,0.8337454795837402
12.0,108959.0,0.10737577080726624,0.0015339808305725455,0.8089675903320312
12.0,108962.0,0.10731827467679977,0.0015339808305725455,0.7851405143737793
12.0,108968.0,0.10717864334583282,0.0,1.0189428329467773
12.0,108972.0,0.10711704194545746,0.0,0.9953255653381348
12.0,108976.0,0.10700616240501404,0.0,0.9819574356079102
12.0,108980.0,0.1068788468837738,0.0,0.9763283729553223
12.0,108983.0,0.10673511028289795,0.0,0.9731225967407227
12.0,108987.0,0.10661601275205612,0.0,0.9740819931030273
12.0,108991.0,0.10645996034145355,0.0,0.9754915237426758
12.0,108994.0,0.10634086281061172,0.0,0.9778275489807129
12.0,108998.0,0.10616837441921234,0.0,0.9832453727722168
12.0,109001.0,0.1060328558087349,0.0,0.9934306144714355
12.0,109005.0,0.10583572834730148,0.0,1.003878116607666
12.0,109009.0,0.10563039034605026,0.0015339808305725455,0.7516674995422363
12.0,109012.0,0.105478435754776,0.0015339808305725455,0.7734317779541016
12.0,109016.0,0.10526899248361588,0.0015339808305725455,0.7899346351623535
12.0,109019.0,0.10511704534292221,0.0015339808305725455,0.8090667724609375
12.0,109023.0,0.1049158126115799,0.0015339808305725455,0.8233294486999512
12.0,109035.0,0.10434085875749588,0.003067961661145091,0.6035199165344238
12.0,109039.0,0.10414784401655197,0.003067961661145091,0.6233673095703125
12.0,109043.0,0.10395893454551697,0.003067961661145091,0.6361198425292969
12.0,109047.0,0.10379055142402649,0.003067961661145091,0.646827220916748
12.0,109050.0,0.10364681482315063,0.003067961661145091,0.6491589546203613
12.0,109054.0,0.10355646908283234,0.003067961661145091,0.6434292793273926
12.0,109058.0,0.10344558209180832,0.003067961661145091,0.6369457244873047
12.0,109062.0,0.10335113108158112,0.003067961661145091,0.6237030029296875
12.0,109066.0,0.10325667262077332,0.0015339808305725455,0.8794364929199219
12.0,109069.0,0.10317043215036392,0.0015339808305725455,0.8585085868835449
12.0,109073.0,0.10310472548007965,0.0015339808305725455,0.8383870124816895
12.0,109077.0,0.10301026701927185,0.0015339808305725455,0.8268251419067383
12.0,109080.0,0.10293634235858917,0.0015339808305725455,0.8119397163391113
12.0,109084.0,0.10283777862787247,0.0015339808305725455,0.8011608123779297
12.0,109088.0,0.10273922234773636,0.0015339808305725455,0.7872552871704102
12.0,109092.0,0.10264886915683746,0.0015339808305725455,0.7712259292602539
12.0,109095.0,0.10258316248655319,0.0,1.019876480102539
12.0,109099.0,0.1024969220161438,0.0,0.99786376953125
12.0,109103.0,0.102402463555336,0.0,0.9849677085876465
12.0,109107.0,0.10228747129440308,0.0,0.9737157821655273
12.0,109110.0,0.10218891501426697,0.0,0.9695897102355957
12.0,109113.0,0.10204106569290161,0.0,0.96966552734375
12.0,109117.0,0.10192608088254929,0.0,0.972477912902832
12.0,109120.0,0.10176181048154831,0.0,0.9765563011169434
12.0,109124.0,0.10163860023021698,0.0,0.9832320213317871
12.0,109128.0,0.10146201401948929,0.0,0.9923877716064453
12.0,109132.0,0.10127720981836319,0.0,1.0014376640319824
12.0,109135.0,0.10112525522708893,0.0015339808305725455,0.7509803771972656
12.0,109139.0,0.1009117066860199,0.0015339808305725455,0.7784414291381836
12.0,109143.0,0.10068994015455246,0.0015339808305725455,0.7987399101257324
12.0,109147.0,0.10047638416290283,0.0015339808305725455,0.8232178688049316
12.0,109151.0,0.1002669408917427,0.0015339808305725455,0.8455138206481934
12.0,109156.0,0.10001643002033234,0.0015339808305725455,0.8729352951049805
12.0,109161.0,0.09977412968873978,0.003067961661145091,0.6284503936767578
12.0,109165.0,0.09958521276712418,0.003067961661145091,0.6422696113586426
12.0,109169.0,0.09939630329608917,0.003067961661145091,0.6610450744628906
12.0,109173.0,0.09921149909496307,0.003067961661145091,0.6778478622436523
12.0,109177.0,0.09899794310331345,0.003067961661145091,0.6924018859863281
12.0,109181.0,0.09887885302305222,0.003067961661145091,0.7001652717590332
12.0,109187.0,0.09865708649158478,0.003067961661145091,0.7032380104064941
12.0,109191.0,0.09851745516061783,0.003067961661145091,0.7035660743713379
12.0,109195.0,0.09838603436946869,0.003067961661145091,0.7017278671264648
12.0,109200.0,0.09822998195886612,0.003067961661145091,0.6973438262939453
12.0,109204.0,0.09811088442802429,0.003067961661145091,0.6918354034423828
12.0,109208.0,0.09800411015748978,0.003067961661145091,0.680976390838623
12.0,109212.0,0.09790143370628357,0.003067961661145091,0.6723122596740723
12.0,109217.0,0.09779055416584015,0.003067961661145091,0.6544375419616699
12.0,109222.0,0.09768788516521454,0.003067961661145091,0.630948543548584
12.0,109226.0,0.09759753942489624,0.0015339808305725455,0.8759069442749023
12.0,109230.0,0.09754825383424759,0.0015339808305725455,0.8518633842468262
12.0,109243.0,0.09728541970252991,0.0015339808305725455,0.7954277992248535
12.0,109247.0,0.09717454016208649,0.0015339808305725455,0.7769875526428223
12.0,109251.0,0.09711293876171112,0.0,1.0246315002441406
12.0,109254.0,0.09702669084072113,0.0,1.0097947120666504
12.0,109259.0,0.09692813456058502,0.0,0.9942326545715332
12.0,109262.0,0.0968090370297432,0.0,0.9859933853149414
12.0,109266.0,0.09667351096868515,0.0,0.9834575653076172
12.0,109270.0,0.09656263142824173,0.0,0.9850621223449707
12.0,109273.0,0.09640657156705856,0.0,0.9889659881591797
12.0,109277.0,0.09623819589614868,0.0,0.9971675872802734
12.0,109281.0,0.09609856456518173,0.0,1.0104846954345703
12.0,109285.0,0.09590554237365723,0.0015339808305725455,0.7547731399536133
12.0,109288.0,0.09570430964231491,0.0015339808305725455,0.7786731719970703
12.0,109292.0,0.09555236250162125,0.0015339808305725455,0.8030924797058105
12.0,109296.0,0.09534702450037003,0.0015339808305725455,0.8253436088562012
12.0,109299.0,0.09515400230884552,0.0015339808305725455,0.8391852378845215
12.0,109303.0,0.09501437097787857,0.0015339808305725455,0.8513531684875488
12.0,109307.0,0.09482135623693466,0.0015339808305725455,0.8693451881408691
12.0,109310.0,0.09467761963605881,0.003067961661145091,0.622861385345459
12.0,109314.0,0.0944845974445343,0.003067961661145091,0.6396036148071289
12.0,109317.0,0.09430389851331711,0.003067961661145091,0.6576757431030273
12.0,109321.0,0.09418069571256638,0.003067961661145091,0.6698079109191895
12.0,109325.0,0.09403285384178162,0.003067961661145091,0.6748824119567871
12.0,109329.0,0.09385626018047333,0.003067961661145091,0.6784782409667969
12.0,109333.0,0.09375359117984772,0.003067961661145091,0.6806449890136719
12.0,109337.0,0.09362217783927917,0.003067961661145091,0.6812572479248047
12.0,109342.0,0.0934579074382782,0.003067961661145091,0.6827197074890137
12.0,109347.0,0.09330184757709503,0.003067961661145091,0.680689811706543
12.0,109350.0,0.09321560710668564,0.003067961661145091,0.676307201385498
12.0,109354.0,0.09310061484575272,0.003067961661145091,0.673151969909668
12.0,109358.0,0.0929938405752182,0.003067961661145091,0.6664423942565918
12.0,109361.0,0.09291581064462662,0.003067961661145091,0.6600165367126465
12.0,109365.0,0.09281314164400101,0.003067961661145091,0.6511902809143066
12.0,109369.0,0.0927186831831932,0.003067961661145091,0.6434764862060547
12.0,109372.0,0.09263654798269272,0.003067961661145091,0.6299667358398438
12.0,109377.0,0.09256263077259064,0.0015339808305725455,0.8796858787536621
12.0,109380.0,0.09251334518194199,0.0015339808305725455,0.8560256958007812
12.0,109384.0,0.09244353324174881,0.0015339808305725455,0.8402271270751953
12.0,109387.0,0.09237371385097504,0.0015339808305725455,0.8194174766540527
12.0,109391.0,0.09231622517108917,0.0015339808305725455,0.8020739555358887
12.0,109394.0,0.09223408252000809,0.0015339808305725455,0.7905135154724121
12.0,109398.0,0.09217248111963272,0.0015339808305725455,0.7756190299987793
12.0,109402.0,0.09208624064922333,0.0015339808305725455,0.7661595344543457
12.0,109405.0,0.09201642870903015,0.0,1.0201196670532227
12.0,109409.0,0.09191786497831345,0.0,1.0060539245605469
12.0,109412.0,0.09180697798728943,0.0,0.9999074935913086
12.0,109417.0,0.09167556464672089,0.0,0.9973659515380859
12.0,109420.0,0.09157289564609528,0.0,0.9976634979248047
12.0,109424.0,0.09142505377531052,0.0,0.9999232292175293
12.0,109427.0,0.09127309918403625,0.0,1.004239559173584
12.0,109440.0,0.0907556489109993,0.0015339808305725455,0.7808084487915039
12.0,109443.0,0.09059958904981613,0.0015339808305725455,0.7909250259399414
12.0,109447.0,0.09048459678888321,0.0015339808305725455,0.7993793487548828
12.0,109450.0,0.09037371724843979,0.0015339808305725455,0.8045597076416016
12.0,109454.0,0.09022587537765503,0.0015339808305725455,0.8099355697631836
12.0,109458.0,0.09008213877677917,0.0015339808305725455,0.81488037109375
12.0,109461.0,0.08997125178575516,0.0015339808305725455,0.8213286399841309
12.0,109466.0,0.08978234231472015,0.0015339808305725455,0.831817626953125
12.0,109471.0,0.08958932012319565,0.0015339808305725455,0.8419208526611328
12.0,109475.0,0.08943326771259308,0.0015339808305725455,0.8489189147949219
12.0,109479.0,0.08927720785140991,0.003067961661145091,0.5901269912719727
12.0,109483.0,0.08912114799022675,0.003067961661145091,0.6012654304504395
12.0,109487.0,0.08897330611944199,0.003067961661145091,0.6120986938476562
12.0,109490.0,0.08887474238872528,0.003067961661145091,0.6158747673034668
12.0,109493.0,0.08875975012779236,0.003067961661145091,0.6156353950500488
12.0,109497.0,0.08868583291769028,0.003067961661145091,0.6100063323974609
12.0,109500.0,0.08859547972679138,0.003067961661145091,0.6032447814941406
12.0,109504.0,0.08853387832641602,0.003067961661145091,0.8612203598022461
12.0,109508.0,0.08845585584640503,0.0015339808305725455,0.847722053527832
12.0,109511.0,0.08839424699544907,0.0015339808305725455,0.8321385383605957
12.0,109514.0,0.08830390125513077,0.0015339808305725455,0.8235359191894531
12.0,109518.0,0.08822587132453918,0.0015339808305725455,0.8169260025024414
12.0,109522.0,0.08811499178409576,0.0015339808305725455,0.812840461730957
12.0,109527.0,0.08796714246273041,0.0015339808305725455,0.8103666305541992
12.0,109531.0,0.08784393966197968,0.0015339808305725455,0.808403491973877
12.0,109535.0,0.08772073686122894,0.0015339808305725455,0.808682918548584
12.0,109538.0,0.08763039112091064,0.0015339808305725455,0.8082056045532227
12.0,109542.0,0.0874989703297615,0.0015339808305725455,0.8104534149169922
12.0,109545.0,0.08736345171928406,0.0015339808305725455,0.8134732246398926
12.0,109549.0,0.08726488798856735,0.0015339808305725455,0.8156189918518066
12.0,109552.0,0.08712936192750931,0.0015339808305725455,0.8185634613037109
12.0,109556.0,0.0870307981967926,0.0015339808305725455,0.820101261138916
12.0,109561.0,0.08687063306570053,0.0015339808305725455,0.8218274116516113
12.0,109565.0,0.0867433249950409,0.0015339808305725455,0.8220300674438477
12.0,109569.0,0.08662012219429016,0.0015339808305725455,0.8214378356933594
12.0,109572.0,0.08652977645397186,0.0015339808305725455,0.820915699005127
12.0,109576.0,0.08640246093273163,0.0015339808305725455,0.820436954498291
12.0,109580.0,0.0862792581319809,0.0015339808305725455,0.820803165435791
12.0,109583.0,0.08618480712175369,0.0015339808305725455,0.8204264640808105
12.0,109587.0,0.08606160432100296,0.0015339808305725455,0.8208427429199219
12.0,109590.0,0.08597125113010406,0.0015339808305725455,0.8191947937011719
12.0,109594.0,0.08586037158966064,0.0015339808305725455,0.8157052993774414
12.0,109598.0,0.08576180785894394,0.0015339808305725455,0.8076601028442383
12.0,109601.0,0.08568788319826126,0.0015339808305725455,0.7999496459960938
12.0,109604.0,0.08558931946754456,0.0015339808305725455,0.7943792343139648
12.0,109609.0,0.08548665046691895,0.0015339808305725455,0.7885656356811523
12.0,109612.0,0.08541273325681686,0.0015339808305725455,0.7816629409790039
12.0,109615.0,0.08531416952610016,0.0015339808305725455,0.7766752243041992
12.0,109619.0,0.08524435013532639,0.0015339808305725455,0.7689304351806641
12.0,109622.0,0.08514989912509918,0.0015339808305725455,0.7629990577697754
12.0,109635.0,0.08489938080310822,0.0015339808305725455,0.7294106483459473
12.0,109639.0,0.08482546359300613,0.0,0.9877357482910156
12.0,109642.0,0.08475153893232346,0.0,0.96954345703125
12.0,109646.0,0.08466940373182297,0.0,0.9547305107116699
12.0,109652.0,0.08453799039125443,0.0,0.9463706016540527
12.0,109656.0,0.08441478759050369,0.0,0.9464631080627441
12.0,109659.0,0.08427926152944565,0.0,0.9494876861572266
12.0,109663.0,0.08416837453842163,0.0,0.9570035934448242
12.0,109667.0,0.08401232212781906,0.0,0.965184211730957
12.0,109671.0,0.08384805172681808,0.0015339808305725455,0.7106666564941406
12.0,109674.0,0.08371663093566895,0.0015339808305725455,0.7326865196228027
12.0,109678.0,0.08354004472494125,0.0015339808305725455,0.7483549118041992
12.0,109681.0,0.08341272920370102,0.0015339808305725455,0.7663812637329102
12.0,109684.0,0.08324845880270004,0.0015339808305725455,0.7785067558288574
12.0,109688.0,0.08309239894151688,0.0015339808305725455,0.7915201187133789
12.0,109692.0,0.08297741413116455,0.0015339808305725455,0.800325870513916
12.0,109696.0,0.08282957226037979,0.0015339808305725455,0.8123378753662109
12.0,109699.0,0.08271457999944687,0.0015339808305725455,0.8206543922424316
12.0,109702.0,0.08256262540817261,0.0015339808305725455,0.8287849426269531
12.0,109706.0,0.08240657299757004,0.003067961661145091,0.5748224258422852
12.0,109710.0,0.08228747546672821,0.003067961661145091,0.5882863998413086
12.0,109714.0,0.08214784413576126,0.003067961661145091,0.6001605987548828
12.0,109718.0,0.0820000022649765,0.003067961661145091,0.6049399375915527
12.0,109723.0,0.08189733326435089,0.003067961661145091,0.6029062271118164
12.0,109727.0,0.08180287480354309,0.003067961661145091,0.5989809036254883
12.0,109730.0,0.08173716813325882,0.003067961661145091,0.5925402641296387
12.0,109734.0,0.08165503293275833,0.003067961661145091,0.5868797302246094
12.0,109737.0,0.08158110827207565,0.0015339808305725455,0.8453450202941895
12.0,109741.0,0.0815318301320076,0.0015339808305725455,0.827054500579834
12.0,109744.0,0.08149076253175735,0.0015339808305725455,0.8097720146179199
12.0,109748.0,0.0814332664012909,0.0015339808305725455,0.7956547737121582
12.0,109751.0,0.08138398081064224,0.0015339808305725455,0.7779064178466797
12.0,109754.0,0.08133059740066528,0.0015339808305725455,0.7633633613586426
12.0,109758.0,0.08128542453050613,0.0015339808305725455,0.7455129623413086
12.0,109762.0,0.08124024420976639,0.0015339808305725455,0.7243337631225586
12.0,109766.0,0.08119917660951614,0.0,0.9666681289672852
12.0,109769.0,0.0811622142791748,0.0,0.9458022117614746
12.0,109773.0,0.08112936466932297,0.0,0.9211463928222656
12.0,109777.0,0.08107597380876541,0.0,0.9056134223937988
12.0,109780.0,0.08102669566869736,0.0,0.8891568183898926
12.0,109784.0,0.08094866573810577,0.0,0.8812594413757324
12.0,109787.0,0.08086242526769638,0.0,0.8724522590637207
12.0,109791.0,0.08079260587692261,0.0,0.866675853729248
12.0,109794.0,0.08071457594633102,0.0,0.8648414611816406
12.0,109798.0,0.0806036964058876,0.0,0.8647165298461914
12.0,109802.0,0.08048870414495468,0.0,0.8673114776611328
12.0,109806.0,0.08036550134420395,0.0,0.8711953163146973
12.0,109810.0,0.08024229854345322,0.0,0.8747239112854004
12.0,109813.0,0.08012320101261139,0.0,0.8770947456359863
12.0,109818.0,0.07999589294195175,0.0,0.8820834159851074
12.0,109830.0,0.0795769989490509,0.0,0.9080753326416016
12.0,109834.0,0.07942915707826614,0.0,0.9188179969787598
12.0,109838.0,0.07928131520748138,0.0,0.929222583770752
12.0,109842.0,0.07908829301595688,0.0,0.9444370269775391
12.0,109848.0,0.07887884974479675,0.0,0.9643969535827637
12.0,109852.0,0.07869815081357956,0.0015339808305725455,0.717165470123291
12.0,109855.0,0.0785544142127037,0.0015339808305725455,0.744816780090332
12.0,109859.0,0.0783696100115776,0.0015339808305725455,0.7688050270080566
12.0,109863.0,0.07819712162017822,0.0015339808305725455,0.7849435806274414
12.0,109867.0,0.07803285121917725,0.0015339808305725455,0.8022551536560059
12.0,109870.0,0.07790964841842651,0.0015339808305725455,0.8189921379089355
12.0,109874.0,0.07774127274751663,0.0015339808305725455,0.8325352668762207
12.0,109878.0,0.07757700234651566,0.003067961661145091,0.5843801498413086
12.0,109881.0,0.07746201008558273,0.003067961661145091,0.6014413833618164
12.0,109885.0,0.07732649147510529,0.003067961661145091,0.6112527847290039
12.0,109889.0,0.07719917595386505,0.003067961661145091,0.6194033622741699
12.0,109893.0,0.07708419114351273,0.003067961661145091,0.6219620704650879
12.0,109897.0,0.0769691988825798,0.003067961661145091,0.6248440742492676
12.0,109900.0,0.07688706368207932,0.003067961661145091,0.625910758972168
12.0,109904.0,0.0767843946814537,0.003067961661145091,0.6260347366333008
12.0,109907.0,0.0766817256808281,0.003067961661145091,0.6258015632629395
12.0,109911.0,0.07660780102014542,0.003067961661145091,0.6229143142700195
12.0,109915.0,0.07652156054973602,0.003067961661145091,0.6191725730895996
12.0,109919.0,0.07644353061914444,0.003067961661145091,0.6083240509033203
12.0,109923.0,0.07637371867895126,0.0015339808305725455,0.8694310188293457
12.0,109927.0,0.0763080045580864,0.0015339808305725455,0.8521709442138672
12.0,109930.0,0.07625462114810944,0.0015339808305725455,0.836921215057373
12.0,109934.0,0.07617659121751785,0.0015339808305725455,0.8262720108032227
12.0,109938.0,0.07609035074710846,0.0015339808305725455,0.819922924041748
12.0,109941.0,0.07602464407682419,0.0015339808305725455,0.8126530647277832
12.0,109945.0,0.07593429088592529,0.0015339808305725455,0.806732177734375
12.0,109949.0,0.0758480504155159,0.0015339808305725455,0.7986693382263184
12.0,109952.0,0.07578234374523163,0.0015339808305725455,0.7895593643188477
12.0,109957.0,0.07569199055433273,0.0015339808305725455,0.7781581878662109
12.0,109960.0,0.07563860714435577,0.0015339808305725455,0.7658734321594238
12.0,109965.0,0.07556057721376419,0.0015339808305725455,0.7514076232910156
12.0,109970.0,0.07548254728317261,0.0,0.9885096549987793
12.0,109975.0,0.07541272789239883,0.0,0.9695453643798828
12.0,109979.0,0.07532648742198944,0.0,0.959564208984375
12.0,109983.0,0.07522381842136383,0.0,0.9580507278442383
12.0,109987.0,0.0751006156206131,0.0,0.9606218338012695
12.0,109990.0,0.07500205188989639,0.0,0.9671587944030762
12.0,109994.0,0.07485831528902054,0.0,0.9736166000366211
12.0,109998.0,0.07470225542783737,0.0015339808305725455,0.7180123329162598
12.0,110001.0,0.0745462030172348,0.0015339808305725455,0.7364902496337891
12.0,110005.0,0.07442710548639297,0.0015339808305725455,0.7543191909790039
12.0,110009.0,0.07424640655517578,0.0015339808305725455,0.7675409317016602
12.0,110013.0,0.07414373755455017,0.0015339808305725455,0.7776556015014648
12.0,110017.0,0.07401231676340103,0.0015339808305725455,0.7847604751586914
12.0,110021.0,0.0738891139626503,0.0015339808305725455,0.7903218269348145
12.0,110033.0,0.07355646789073944,0.0015339808305725455,0.7944154739379883
12.0,110038.0,0.0734209418296814,0.0015339808305725455,0.7944788932800293
12.0,110041.0,0.07333880662918091,0.0015339808305725455,0.7959103584289551
12.0,110045.0,0.07322382181882858,0.0015339808305725455,0.7986655235290527
12.0,110049.0,0.07310882955789566,0.0015339808305725455,0.8013749122619629
12.0,110053.0,0.07299383729696274,0.0015339808305725455,0.8033652305603027
12.0,110057.0,0.072870634496212,0.0015339808305725455,0.8086452484130859
12.0,110062.0,0.07271868735551834,0.0015339808305725455,0.8143882751464844
12.0,110066.0,0.0725913792848587,0.0015339808305725455,0.8226079940795898
12.0,110070.0,0.07245995849370956,0.0015339808305725455,0.8300313949584961
12.0,110074.0,0.07232032716274261,0.0015339808305725455,0.838139533996582
12.0,110078.0,0.07218069583177567,0.003067961661145091,0.5883984565734863
12.0,110082.0,0.07204517722129822,0.003067961661145091,0.5977082252502441
12.0,110086.0,0.07190554589033127,0.003067961661145091,0.604701042175293
12.0,110090.0,0.07183162122964859,0.003067961661145091,0.6058459281921387
12.0,110094.0,0.0717453807592392,0.003067961661145091,0.6016321182250977
12.0,110098.0,0.07166324555873871,0.003067961661145091,0.8660454750061035
12.0,110102.0,0.07158521562814713,0.0015339808305725455,0.8547987937927246
12.0,110106.0,0.07149486988782883,0.0015339808305725455,0.8493790626525879
12.0,110110.0,0.07138398289680481,0.0015339808305725455,0.850494384765625
12.0,110114.0,0.07125667482614517,0.0015339808305725455,0.8576869964599609
12.0,110118.0,0.07112114876508713,0.003067961661145091,0.6016178131103516
12.0,110122.0,0.07097330689430237,0.003067961661145091,0.6148953437805176
12.0,110125.0,0.07087474316358566,0.003067961661145091,0.625368595123291
12.0,110130.0,0.0707269012928009,0.003067961661145091,0.6343212127685547
12.0,110133.0,0.07062423229217529,0.003067961661145091,0.6347031593322754
12.0,110137.0,0.07055030763149261,0.003067961661145091,0.633873462677002
12.0,110141.0,0.07046406716108322,0.003067961661145091,0.6316275596618652
12.0,110144.0,0.07040657103061676,0.003067961661145091,0.6242885589599609
12.0,110148.0,0.07033675909042358,0.003067961661145091,0.6183147430419922
12.0,110153.0,0.0702628344297409,0.003067961661145091,0.6038532257080078
12.0,110158.0,0.07020123302936554,0.0015339808305725455,0.8499674797058105
12.0,110161.0,0.07015606015920639,0.0015339808305725455,0.8291821479797363
12.0,110167.0,0.07009445875883102,0.0015339808305725455,0.8059659004211426
12.0,110170.0,0.07005749642848969,0.0015339808305725455,0.7925691604614258
12.0,110173.0,0.07000821083784103,0.0015339808305725455,0.7753033638000488
12.0,110177.0,0.0699753612279892,0.0015339808305725455,0.7573513984680176
12.0,110180.0,0.06994250416755676,0.0015339808305725455,0.7426586151123047
12.0,110184.0,0.06990143656730652,0.0,0.9951214790344238
12.0,110187.0,0.06986447423696518,0.0,0.9703025817871094
12.0,110190.0,0.06982751190662384,0.0,0.955324649810791
12.0,110194.0,0.06977823376655579,0.0,0.9413700103759766
12.0,110198.0,0.06970842182636261,0.0,0.9306478500366211
12.0,110202.0,0.06961806863546371,0.0,0.9275827407836914
12.0,110205.0,0.06954003870487213,0.0,0.9267873764038086
12.0,110209.0,0.06943326443433762,0.0,0.928739070892334
12.0,110212.0,0.06934702396392822,0.0,0.9311909675598145
12.0,110216.0,0.0692320317029953,0.0,0.9336137771606445
12.0,110220.0,0.06911293417215347,0.0,0.9388861656188965
12.0,110232.0,0.06874332576990128,0.0,0.9569835662841797
12.0,110236.0,0.06860369443893433,0.0,0.9688658714294434
12.0,110239.0,0.06845174729824066,0.0,0.9798622131347656
12.0,110243.0,0.06832854449748993,0.0015339808305725455,0.7307815551757812
12.0,110247.0,0.06816016137599945,0.0015339808305725455,0.7496252059936523
12.0,110250.0,0.06802874803543091,0.0015339808305725455,0.7735128402709961
12.0,110254.0,0.06786858290433884,0.0015339808305725455,0.7899065017700195
12.0,110257.0,0.06770020723342896,0.0015339808305725455,0.812431812286377
12.0,110260.0,0.06757700443267822,0.0015339808305725455,0.8278307914733887
12.0,110264.0,0.06745380163192749,0.003067961661145091,0.5793099403381348
12.0,110268.0,0.06728953123092651,0.003067961661145091,0.6059718132019043
12.0,110271.0,0.06712936609983444,0.003067961661145091,0.6216487884521484
12.0,110275.0,0.06702669709920883,0.003067961661145091,0.6361260414123535
12.0,110279.0,0.06689527630805969,0.003067961661145091,0.6474299430847168
12.0,110282.0,0.0668090358376503,0.003067961661145091,0.651301383972168
12.0,110286.0,0.06670226156711578,0.003067961661145091,0.6568026542663574
12.0,110289.0,0.06659959256649017,0.003067961661145091,0.6577925682067871
12.0,110293.0,0.0665338784456253,0.003067961661145091,0.6560816764831543
12.0,110297.0,0.06644763797521591,0.003067961661145091,0.6534523963928223
12.0,110300.0,0.06638603657484055,0.003067961661145091,0.648280143737793
12.0,110304.0,0.06631622463464737,0.003067961661145091,0.6428790092468262
12.0,110308.0,0.066254623234272,0.003067961661145091,0.6328210830688477
12.0,110311.0,0.06620944291353226,0.003067961661145091,0.6217880249023438
12.0,110314.0,0.06616837531328201,0.003067961661145091,0.6131296157836914
12.0,110318.0,0.06611499190330505,0.0015339808305725455,0.8684630393981934
12.0,110322.0,0.0660616010427475,0.0015339808305725455,0.8558897972106934
12.0,110325.0,0.06600410491228104,0.0015339808305725455,0.8406105041503906
12.0,110329.0,0.06595072150230408,0.0015339808305725455,0.8312582969665527
12.0,110332.0,0.06586447358131409,0.0015339808305725455,0.827845573425293
12.0,110336.0,0.06576180458068848,0.0015339808305725455,0.828394889831543
12.0,110340.0,0.06567966938018799,0.0015339808305725455,0.8304767608642578
12.0,110344.0,0.06556057184934616,0.0015339808305725455,0.8363223075866699
12.0,110348.0,0.06539630144834518,0.0015339808305725455,0.8484258651733398
12.0,110352.0,0.06530185043811798,0.0015339808305725455,0.8564424514770508
12.0,110356.0,0.06516632437705994,0.0015339808305725455,0.5984249114990234
12.0,110359.0,0.06502669304609299,0.003067961661145091,0.6122593879699707
12.0,110363.0,0.06491991877555847,0.003067961661145091,0.6306090354919434
12.0,110367.0,0.06478849798440933,0.003067961661145091,0.6396121978759766
12.0,110370.0,0.06470225751399994,0.003067961661145091,0.647672176361084
12.0,110373.0,0.06460369378328323,0.003067961661145091,0.6481890678405762
12.0,110377.0,0.06454209238290787,0.003067961661145091,0.6439647674560547
12.0,110380.0,0.06447228044271469,0.003067961661145091,0.6392388343811035
12.0,110384.0,0.06441478431224823,0.003067961661145091,0.6287016868591309
12.0,110388.0,0.0643819272518158,0.0015339808305725455,0.8816852569580078
12.0,110391.0,0.06434497237205505,0.0015339808305725455,0.865239143371582
12.0,110395.0,0.06432443857192993,0.0015339808305725455,0.8409605026245117
12.0,110398.0,0.0642915815114975,0.0015339808305725455,0.8243460655212402
12.0,110402.0,0.06426283717155457,0.0015339808305725455,0.8042712211608887
12.0,110406.0,0.06422587484121323,0.0015339808305725455,0.7862992286682129
12.0,110409.0,0.06418069452047348,0.0015339808305725455,0.7739195823669434
12.0,110422.0,0.06402874737977982,0.0,0.994905948638916
12.0,110426.0,0.06396304070949554,0.0,0.981903076171875
12.0,110430.0,0.06388090550899506,0.0,0.9778561592102051
12.0,110433.0,0.06381108611822128,0.0,0.9749064445495605
12.0,110437.0,0.06370431184768677,0.0,0.9764862060546875
12.0,110440.0,0.06361807137727737,0.0,0.9803385734558105
12.0,110444.0,0.06349897384643555,0.0015339808305725455,0.7175989151000977
12.0,110448.0,0.06337166577577591,0.0015339808305725455,0.7312273979187012
12.0,110451.0,0.06328131258487701,0.0015339808305725455,0.741724967956543
12.0,110454.0,0.06316632777452469,0.0015339808305725455,0.7483773231506348
12.0,110458.0,0.0630800798535347,0.0015339808305725455,0.7556447982788086
12.0,110462.0,0.06297741085290909,0.0015339808305725455,0.7592682838439941
12.0,110467.0,0.06285010278224945,0.0015339808305725455,0.7642536163330078
12.0,110472.0,0.0627063661813736,0.0015339808305725455,0.7671093940734863
12.0,110477.0,0.0626160129904747,0.0015339808305725455,0.767207145690918
12.0,110480.0,0.06255441159009933,0.0015339808305725455,0.7646489143371582
12.0,110484.0,0.06247638538479805,0.0015339808305725455,0.7614693641662598
12.0,110488.0,0.062406569719314575,0.0015339808305725455,0.7551727294921875
12.0,110491.0,0.06235318258404732,0.0015339808305725455,0.7491106986999512
12.0,110494.0,0.062303900718688965,0.0015339808305725455,0.7450904846191406
12.0,110498.0,0.062229979783296585,0.0015339808305725455,0.7411832809448242
12.0,110501.0,0.062156058847904205,0.0015339808305725455,0.7370572090148926
12.0,110504.0,0.06209445744752884,0.0015339808305725455,0.7360939979553223
12.0,110508.0,0.06202874705195427,0.0015339808305725455,0.7362217903137207
12.0,110512.0,0.061942506581544876,0.0,1.0020580291748047
12.0,110515.0,0.0618726909160614,0.0015339808305725455,0.7364215850830078
12.0,110519.0,0.06176180765032768,0.0015339808305725455,0.743316650390625
12.0,110522.0,0.0616878867149353,0.0015339808305725455,0.7476863861083984
12.0,110526.0,0.06158110871911049,0.0015339808305725455,0.7529029846191406
12.0,110530.0,0.061457905918359756,0.0015339808305725455,0.7566227912902832
12.0,110534.0,0.06138809025287628,0.0015339808305725455,0.7598142623901367
12.0,110539.0,0.061240244656801224,0.0015339808305725455,0.7633624076843262
12.0,110543.0,0.06117043271660805,0.0015339808305725455,0.7654738426208496
12.0,110547.0,0.06106775999069214,0.0015339808305725455,0.7693977355957031
12.0,110550.0,0.06099383905529976,0.0015339808305725455,0.7726969718933105
12.0,110553.0,0.06089527904987335,0.0015339808305725455,0.7751169204711914
12.0,110557.0,0.06081724911928177,0.0015339808305725455,0.7809615135192871
12.0,110562.0,0.06068583205342293,0.0015339808305725455,0.7860116958618164
12.0,110566.0,0.060579054057598114,0.0015339808305725455,0.7915229797363281
12.0,110569.0,0.0604722797870636,0.0015339808305725455,0.7962322235107422
12.0,110573.0,0.06039014458656311,0.0015339808305725455,0.801457405090332
12.0,110578.0,0.060246407985687256,0.0015339808305725455,0.8105626106262207
12.0,110581.0,0.06015605852007866,0.0015339808305725455,0.8207149505615234
12.0,110584.0,0.06002464145421982,0.0015339808305725455,0.8301210403442383
12.0,110588.0,0.05992607772350311,0.0015339808305725455,0.8423070907592773
12.0,110592.0,0.05978644639253616,0.003067961661145091,0.5884814262390137
12.0,110595.0,0.05968377739191055,0.003067961661145091,0.6085057258605957
12.0,110599.0,0.05954825505614281,0.003067961661145091,0.6238007545471191
12.0,110602.0,0.05945790559053421,0.003067961661145091,0.6346073150634766
12.0,110607.0,0.059314168989658356,0.003067961661145091,0.6436700820922852
12.0,110619.0,0.05904722958803177,0.003067961661145091,0.6482291221618652
12.0,110622.0,0.058985624462366104,0.003067961661145091,0.6408910751342773
12.0,110627.0,0.05893634632229805,0.003067961661145091,0.6298532485961914
12.0,110630.0,0.058911703526973724,0.003067961661145091,0.6138935089111328
12.0,110633.0,0.0588870644569397,0.003067961661145091,0.5996193885803223
12.0,110637.0,0.058874744921922684,0.0015339808305725455,0.8419766426086426
12.0,110640.0,0.058866530656814575,0.0015339808305725455,0.8216066360473633
12.0,110644.0,0.05885831639170647,0.0015339808305725455,0.7957987785339355
12.0,110648.0,0.05884188786149025,0.0015339808305725455,0.7780699729919434
12.0,110651.0,0.05882546305656433,0.0015339808305725455,0.7565221786499023
12.0,110654.0,0.058800820261240005,0.0,0.9973311424255371
12.0,110659.0,0.05878439545631409,0.0,0.9702577590942383
12.0,110664.0,0.058763861656188965,0.0,0.9468984603881836
12.0,110668.0,0.05873100459575653,0.0,0.9284262657165527
12.0,110671.0,0.05868172645568848,0.0,0.9180536270141602
12.0,110675.0,0.05863654986023903,0.0,0.9087071418762207
12.0,110679.0,0.05857084318995476,0.0,0.9024085998535156
12.0,110682.0,0.05848870798945427,0.0,0.9008660316467285
12.0,110686.0,0.058418892323970795,0.0,0.9020848274230957
12.0,110689.0,0.058344967663288116,0.0,0.9054579734802246
12.0,110692.0,0.0582340843975544,0.0,0.9119634628295898
12.0,110697.0,0.058110881596803665,0.0,0.9230842590332031
12.0,110700.0,0.058008212596178055,0.0,0.9378399848937988
12.0,110704.0,0.057868584990501404,0.0,0.9502696990966797
12.0,110707.0,0.05776180699467659,0.0,0.966804027557373
12.0,110710.0,0.057655028998851776,0.0015339808305725455,0.7115993499755859
12.0,110714.0,0.05750718712806702,0.0015339808305725455,0.7288856506347656
12.0,110719.0,0.057330597192049026,0.0015339808305725455,0.7539935111999512
12.0,110723.0,0.05719507113099098,0.0015339808305725455,0.7753958702087402
12.0,110727.0,0.057067763060331345,0.0015339808305725455,0.7856645584106445
12.0,110730.0,0.05698151886463165,0.0015339808305725455,0.7953786849975586
12.0,110733.0,0.056870635598897934,0.0015339808305725455,0.8011159896850586
12.0,110737.0,0.056788500398397446,0.0015339808305725455,0.8076539039611816
12.0,110740.0,0.05671047046780586,0.0015339808305725455,0.8131103515625
12.0,110744.0,0.05659959092736244,0.0015339808305725455,0.8184537887573242
12.0,110748.0,0.05647638440132141,0.003067961661145091,0.5629305839538574
12.0,110751.0,0.05638192966580391,0.003067961661145091,0.5812678337097168
12.0,110754.0,0.05625462159514427,0.003067961661145091,0.5942621231079102
12.0,110758.0,0.05616837739944458,0.003067961661145091,0.6088557243347168
12.0,110762.0,0.05605749413371086,0.003067961661145091,0.6157665252685547
12.0,110765.0,0.05596303939819336,0.003067961661145091,0.6215767860412598
12.0,110769.0,0.055893223732709885,0.003067961661145091,0.6258635520935059
12.0,110773.0,0.055811088532209396,0.003067961661145091,0.6270003318786621
12.0,110777.0,0.05574127286672592,0.003067961661145091,0.6244874000549316
12.0,110780.0,0.055687885731458664,0.003067961661145091,0.6220684051513672
12.0,110784.0,0.055622175335884094,0.003067961661145091,0.6193356513977051
12.0,110787.0,0.05556057393550873,0.003067961661145091,0.6144990921020508
12.0,110791.0,0.05551540106534958,0.003067961661145091,0.6106629371643066
12.0,110794.0,0.05547843873500824,0.003067961661145091,0.602165699005127
12.0,110798.0,0.05543326586484909,0.003067961661145091,0.5946540832519531
12.0,110810.0,0.05531827360391617,0.0015339808305725455,0.8153867721557617
12.0,110814.0,0.055268995463848114,0.0015339808305725455,0.8032951354980469
12.0,110818.0,0.05521560460329056,0.0015339808305725455,0.7930068969726562
12.0,110821.0,0.055166322737932205,0.0015339808305725455,0.7871260643005371
12.0,110824.0,0.05511704459786415,0.0015339808305725455,0.7828783988952637
12.0,110828.0,0.055047228932380676,0.0015339808305725455,0.7801094055175781
12.0,110832.0,0.05496509373188019,0.0015339808305725455,0.7801260948181152
12.0,110835.0,0.054878849536180496,0.0015339808305725455,0.7815332412719727
12.0,110839.0,0.054804928600788116,0.0015339808305725455,0.7869167327880859
12.0,110844.0,0.054673511534929276,0.0015339808305725455,0.7948284149169922
12.0,110848.0,0.05452566593885422,0.0015339808305725455,0.8090524673461914
12.0,110853.0,0.05439424887299538,0.003067961661145091,0.5558176040649414
12.0,110857.0,0.054254621267318726,0.003067961661145091,0.5792436599731445
12.0,110860.0,0.05414784327149391,0.003067961661145091,0.6018276214599609
12.0,110864.0,0.054020535200834274,0.003067961661145091,0.618290901184082
12.0,110868.0,0.053909651935100555,0.003067961661145091,0.6269073486328125
12.0,110871.0,0.05382751673460007,0.003067961661145091,0.6371726989746094
12.0,110874.0,0.05375359207391739,0.003067961661145091,0.6412882804870605
12.0,110878.0,0.05366324260830879,0.003067961661145091,0.6470842361450195
12.0,110881.0,0.0535770021378994,0.003067961661145091,0.6482968330383301
12.0,110885.0,0.05351950600743294,0.003067961661145091,0.6485605239868164
12.0,110888.0,0.05344969034194946,0.003067961661145091,0.645744800567627
12.0,110892.0,0.05340041220188141,0.003067961661145091,0.6407790184020996
12.0,110896.0,0.05334702134132385,0.003067961661145091,0.6355271339416504
12.0,110899.0,0.05331416800618172,0.003067961661145091,0.6256422996520996
12.0,110902.0,0.053285419940948486,0.003067961661145091,0.6154632568359375
12.0,110906.0,0.053256671875715256,0.003067961661145091,0.6009950637817383
12.0,110909.0,0.05324024707078934,0.003067961661145091,0.5874848365783691
12.0,110912.0,0.053227927535772324,0.003067961661145091,0.5730080604553223
12.0,110917.0,0.053227927535772324,0.0015339808305725455,0.8161592483520508
12.0,110920.0,0.053227927535772324,0.0015339808305725455,0.7955470085144043
12.0,110924.0,0.053219713270664215,0.0015339808305725455,0.7716317176818848
12.0,110927.0,0.05321560427546501,0.0015339808305725455,0.7486181259155273
12.0,110930.0,0.0532073937356472,0.0015339808305725455,0.7312383651733398
12.0,110934.0,0.05319917947053909,0.0015339808305725455,0.7156867980957031
12.0,110937.0,0.05319507047533989,0.0015339808305725455,0.6933903694152832
12.0,110941.0,0.05318685993552208,0.0,0.9442830085754395
12.0,110945.0,0.053182750940322876,0.0,0.9118876457214355
12.0,110949.0,0.053162217140197754,0.0,0.8969340324401855
12.0,110953.0,0.05313757807016373,0.0,0.8785395622253418
12.0,110957.0,0.05310061573982239,0.0,0.8648548126220703
12.0,110960.0,0.05307186767458916,0.0,0.8530211448669434
12.0,110964.0,0.05303080007433891,0.0,0.8437638282775879
12.0,110969.0,0.05296509340405464,0.0,0.8326687812805176
12.0,110974.0,0.05289527773857117,0.0,0.8274273872375488
12.0,110978.0,0.0528295673429966,0.0,0.8258428573608398
12.0,110982.0,0.05275564640760422,0.0,0.8254795074462891
12.0,110986.0,0.05267351120710373,0.0,0.8293442726135254
12.0,110990.0,0.052587270736694336,0.0,0.8329415321350098
12.0,110994.0,0.05249692127108574,0.0,0.8384909629821777
12.0,111006.0,0.05218891054391861,0.0,0.8599014282226562
12.0,111010.0,0.05211498960852623,0.0,0.8654685020446777
12.0,111014.0,0.052016425877809525,0.0,0.8726859092712402
12.0,111018.0,0.05190965160727501,0.0,0.8823370933532715
12.0,111021.0,0.05182340741157532,0.0,0.8943638801574707
12.0,111025.0,0.05170431360602379,0.0,0.6402335166931152
12.0,111030.0,0.05154414847493172,0.0015339808305725455,0.6614608764648438
12.0,111033.0,0.05144147947430611,0.0015339808305725455,0.6832280158996582
12.0,111037.0,0.05129363387823105,0.0015339808305725455,0.7002429962158203
12.0,111041.0,0.05121149867773056,0.0015339808305725455,0.7126665115356445
12.0,111045.0,0.051112934947013855,0.0015339808305725455,0.7220072746276855
12.0,111049.0,0.05101437494158745,0.0015339808305725455,0.7288212776184082
12.0,111053.0,0.05091991648077965,0.0015339808305725455,0.7363114356994629
12.0,111056.0,0.05081724748015404,0.0015339808305725455,0.7462334632873535
12.0,111060.0,0.05074332654476166,0.0015339808305725455,0.7544727325439453
12.0,111063.0,0.05064065754413605,0.0015339808305725455,0.7618088722229004
12.0,111067.0,0.05055852234363556,0.003067961661145091,0.5083165168762207
12.0,111070.0,0.05045585334300995,0.003067961661145091,0.5196361541748047
12.0,111074.0,0.05037371814250946,0.003067961661145091,0.5271282196044922
12.0,111078.0,0.050320327281951904,0.003067961661145091,0.5303611755371094
12.0,111081.0,0.05026694014668465,0.003067961661145091,0.5276956558227539
12.0,111085.0,0.050238192081451416,0.003067961661145091,0.5202364921569824
12.0,111089.0,0.05020533874630928,0.003067961661145091,0.5117125511169434
12.0,111093.0,0.05018480494618416,0.0015339808305725455,0.7669105529785156
12.0,111097.0,0.05016837641596794,0.0015339808305725455,0.747828483581543
12.0,111100.0,0.05015195161104202,0.0015339808305725455,0.7321438789367676
12.0,111103.0,0.0501273088157177,0.0015339808305725455,0.7200875282287598
12.0,111107.0,0.05010266974568367,0.0015339808305725455,0.7081036567687988
12.0,111110.0,0.05006570741534233,0.0015339808305725455,0.7007570266723633
12.0,111114.0,0.0500369593501091,0.0015339808305725455,0.693634033203125
12.0,111118.0,0.049995891749858856,0.0015339808305725455,0.685340404510498
12.0,111121.0,0.04996303841471672,0.0015339808305725455,0.6773514747619629
12.0,111124.0,0.049921970814466476,0.0015339808305725455,0.6722331047058105
12.0,111128.0,0.04987679794430733,0.0015339808305725455,0.6660890579223633
12.0,111132.0,0.04984394088387489,0.0015339808305725455,0.6588292121887207
12.0,111136.0,0.04980287328362465,0.0015339808305725455,0.6518459320068359
12.0,111139.0,0.04977412894368172,0.0,0.9145560264587402
12.0,111143.0,0.04974127188324928,0.0,0.9030961990356445
12.0,111147.0,0.04970431327819824,0.0,0.8896694183349609
12.0,111150.0,0.04965503141283989,0.0,0.880763053894043
12.0,111154.0,0.049613963812589645,0.0,0.8733949661254883
12.0,111160.0,0.04949076101183891,0.0,0.8731613159179688
12.0,111165.0,0.04941273108124733,0.0,0.8749508857727051
12.0,111169.0,0.04932648688554764,0.0,0.8787631988525391
12.0,111172.0,0.049232032150030136,0.0,0.8845705986022949
12.0,111177.0,0.04912114888429642,0.0015339808305725455,0.6307482719421387
12.0,111180.0,0.049026694148778915,0.0015339808305725455,0.6518435478210449
12.0,111183.0,0.04890349134802818,0.0015339808305725455,0.6678495407104492
12.0,111187.0,0.04878028854727745,0.0015339808305725455,0.6876459121704102
12.0,111191.0,0.04868583008646965,0.0015339808305725455,0.7067422866821289
12.0,111203.0,0.04834086075425148,0.003067961661145091,0.48870849609375
12.0,111207.0,0.048234086483716965,0.003067961661145091,0.5024747848510742
12.0,111210.0,0.048160165548324585,0.003067961661145091,0.5153589248657227
12.0,111214.0,0.0480780303478241,0.003067961661145091,0.5217175483703613
12.0,111219.0,0.04799589142203331,0.003067961661145091,0.5252499580383301
12.0,111223.0,0.04793839901685715,0.003067961661145091,0.5206813812255859
12.0,111227.0,0.04790143668651581,0.003067961661145091,0.5142488479614258
12.0,111231.0,0.04788501188158989,0.003067961661145091,0.5027327537536621
12.0,111234.0,0.04786858335137367,0.003067961661145091,0.4933614730834961
12.0,111238.0,0.04786447808146477,0.0015339808305725455,0.7441635131835938
12.0,111242.0,0.04786447808146477,0.0015339808305725455,0.7213215827941895
12.0,111247.0,0.04785626381635666,0.0015339808305725455,0.7020092010498047
12.0,111250.0,0.047852154821157455,0.0015339808305725455,0.68341064453125
12.0,111254.0,0.04783983528614044,0.0015339808305725455,0.6668291091918945
12.0,111258.0,0.04782751575112343,0.0015339808305725455,0.6544551849365234
12.0,111261.0,0.047815196216106415,0.0015339808305725455,0.6389150619506836
12.0,111264.0,0.047806981950998306,0.0015339808305725455,0.6273016929626465
12.0,111269.0,0.04779466241598129,0.0,0.8812155723571777
12.0,111272.0,0.04779055342078209,0.0,0.8598537445068359
12.0,111276.0,0.04777412861585617,0.0,0.8419723510742188
12.0,111279.0,0.047749485820531845,0.0,0.8316679000854492
12.0,111283.0,0.047720737755298615,0.0,0.8243546485900879
12.0,111287.0,0.04767967015504837,0.0,0.8158197402954102
12.0,111290.0,0.04762628301978111,0.0,0.8116068840026855
12.0,111294.0,0.047589320689439774,0.0,0.806236743927002
12.0,111298.0,0.04753182828426361,0.0,0.8050251007080078
12.0,111301.0,0.04748665168881416,0.0,0.8025932312011719
12.0,111304.0,0.0474250502884388,0.0,0.8028645515441895
12.0,111308.0,0.04735523462295532,0.0,0.8045902252197266
12.0,111312.0,0.047301847487688065,0.0,0.8076062202453613
12.0,111316.0,0.04721560701727867,0.0,0.8131728172302246
12.0,111319.0,0.0471457913517952,0.0,0.8226141929626465
12.0,111323.0,0.047043122351169586,0.0,0.8318362236022949
12.0,111327.0,0.04693634435534477,0.0015339808305725455,0.5777459144592285
12.0,111330.0,0.04685010388493538,0.0015339808305725455,0.5987815856933594
12.0,111334.0,0.04674743488430977,0.0015339808305725455,0.6100382804870605
12.0,111337.0,0.04665708541870117,0.0015339808305725455,0.6219000816345215
12.0,111342.0,0.04657905548810959,0.0015339808305725455,0.6248269081115723
12.0,111348.0,0.04652566835284233,0.0015339808305725455,0.6196432113647461
12.0,111352.0,0.0464928112924099,0.0015339808305725455,0.6124987602233887
12.0,111355.0,0.04647638648748398,0.0015339808305725455,0.6016016006469727
12.0,111359.0,0.04645995795726776,0.0015339808305725455,0.5897727012634277
12.0,111362.0,0.04644763842225075,0.0015339808305725455,0.5798435211181641
12.0,111367.0,0.04644353315234184,0.0,0.831702709197998
12.0,111370.0,0.04644353315234184,0.0,0.8098783493041992
12.0,111374.0,0.04643942415714264,0.0,0.7953834533691406
12.0,111378.0,0.04642299935221672,0.0,0.7802457809448242
12.0,111381.0,0.04641067609190941,0.0,0.7656698226928711
12.0,111385.0,0.046390142291784286,0.0,0.7543182373046875
12.0,111389.0,0.04636550322175026,0.0,0.7454156875610352
12.0,111401.0,0.04629158228635788,0.0,0.7130446434020996
12.0,111404.0,0.04627104848623276,0.0,0.7066354751586914
12.0,111408.0,0.04624230042099953,-0.0015339808305725455,0.9630270004272461
12.0,111412.0,0.04622587189078331,-0.0015339808305725455,0.9468951225280762
12.0,111415.0,0.04620123282074928,-0.0015339808305725455,0.9369001388549805
12.0,111419.0,0.04617248475551605,-0.0015339808305725455,0.9271240234375
12.0,111422.0,0.0461273118853569,-0.0015339808305725455,0.9230561256408691
12.0,111426.0,0.04606981575489044,-0.0015339808305725455,0.9205231666564941
12.0,111430.0,0.046024639159440994,-0.0015339808305725455,0.9194350242614746
12.0,111434.0,0.04595482721924782,-0.0015339808305725455,0.9210100173950195
12.0,111437.0,0.045876797288656235,-0.0015339808305725455,0.9252958297729492
12.0,111441.0,0.04581519588828087,-0.0015339808305725455,0.9307708740234375
12.0,111445.0,0.04572895169258118,-0.0015339808305725455,0.9387736320495605
12.0,111448.0,0.04563039168715477,0.0,0.6812314987182617
12.0,111452.0,0.04555236175656319,0.0,0.6986198425292969
12.0,111456.0,0.045449692755937576,0.0,0.7153801918029785
12.0,111460.0,0.04534291476011276,0.0,0.7328944206237793
12.0,111464.0,0.04524024575948715,0.0,0.7449636459350586
12.0,111469.0,0.04508008062839508,0.0,0.7773823738098145
12.0,111475.0,0.04494866356253624,0.0,0.5243015289306641
12.0,111478.0,0.044841889292001724,0.0015339808305725455,0.5393619537353516
12.0,111482.0,0.04476385936141014,0.0015339808305725455,0.5583486557006836
12.0,111486.0,0.04467761889100075,0.0015339808305725455,0.5699920654296875
12.0,111490.0,0.044599588960409164,0.0015339808305725455,0.5785388946533203
12.0,111494.0,0.0445379875600338,0.0015339808305725455,0.5814018249511719
12.0,111497.0,0.04448049142956734,0.0015339808305725455,0.5842275619506836
12.0,111501.0,0.04443942382931709,0.0015339808305725455,0.5869565010070801
12.0,111505.0,0.04438193142414093,0.0015339808305725455,0.588263988494873
12.0,111508.0,0.04434496909379959,0.0015339808305725455,0.5881776809692383
12.0,111512.0,0.04429158195853233,0.0015339808305725455,0.5894193649291992
12.0,111515.0,0.044238194823265076,0.0015339808305725455,0.5906648635864258
12.0,111520.0,0.04418891295790672,0.0015339808305725455,0.5905132293701172
12.0,111523.0,0.04414784535765648,0.0015339808305725455,0.5916948318481445
12.0,111527.0,0.044098563492298126,0.0015339808305725455,0.5915637016296387
12.0,111532.0,0.044041067361831665,0.0015339808305725455,0.5900225639343262
12.0,111535.0,0.04400821402668953,0.0015339808305725455,0.5872397422790527
12.0,111539.0,0.04397125169634819,0.0015339808305725455,0.583223819732666
12.0,111543.0,0.043938398361206055,0.0015339808305725455,0.5793156623840332
12.0,111547.0,0.043909650295972824,0.0015339808305725455,0.5729446411132812
12.0,111550.0,0.043893225491046906,0.0015339808305725455,0.5641336441040039
12.0,111554.0,0.04387679696083069,0.0,0.8212113380432129
12.0,111558.0,0.04386036843061447,0.0,0.8057365417480469
12.0,111563.0,0.04383983463048935,0.0,0.7885861396789551
12.0,111567.0,0.04381519556045532,0.0,0.7791953086853027
12.0,111570.0,0.043790552765131,0.0,0.7706499099731445
12.0,111574.0,0.04374948516488075,0.0,0.7664480209350586
12.0,111578.0,0.0437002070248127,0.0,0.7644081115722656
12.0,111581.0,0.043659139424562454,0.0,0.7644901275634766
12.0,111584.0,0.04358932375907898,0.0,0.767911434173584
12.0,111588.0,0.04353182762861252,0.0,0.7745771408081055
12.0,111600.0,0.04322382062673569,0.0015339808305725455,0.5465264320373535
12.0,111604.0,0.043100617825984955,0.0015339808305725455,0.5723075866699219
12.0,111607.0,0.04298152029514313,0.0015339808305725455,0.595829963684082
12.0,111611.0,0.04288295656442642,0.0015339808305725455,0.6118521690368652
12.0,111615.0,0.04281314089894295,0.0015339808305725455,0.6221427917480469
12.0,111619.0,0.04273100569844246,0.0015339808305725455,0.631859302520752
12.0,111622.0,0.042673509567976,0.0015339808305725455,0.6385912895202637
12.0,111626.0,0.04259958863258362,0.0015339808305725455,0.6450977325439453
12.0,111630.0,0.04253388196229935,0.0015339808305725455,0.647829532623291
12.0,111633.0,0.042484600096940994,0.0015339808305725455,0.6513724327087402
12.0,111637.0,0.04242299869656563,0.0015339808305725455,0.6534724235534668
12.0,111640.0,0.042381931096315384,0.0015339808305725455,0.6533384323120117
12.0,111643.0,0.04232854023575783,0.0015339808305725455,0.6518635749816895
12.0,111647.0,0.04229568690061569,0.0015339808305725455,0.6486401557922363
12.0,111650.0,0.042262833565473557,0.0015339808305725455,0.644627571105957
12.0,111655.0,0.04222587123513222,0.0015339808305725455,0.6346349716186523
12.0,111660.0,0.04218891263008118,0.0015339808305725455,0.6224384307861328
12.0,111664.0,0.04218069836497307,0.0015339808305725455,0.6096253395080566
12.0,111668.0,0.04217248409986496,0.0015339808305725455,0.5959510803222656
12.0,111672.0,0.042168378829956055,0.0015339808305725455,0.580101490020752
12.0,111676.0,0.042168378829956055,0.0015339808305725455,0.5685930252075195
12.0,111679.0,0.042168378829956055,0.0015339808305725455,0.553734302520752
12.0,111682.0,0.042168378829956055,0.0,0.8113894462585449
12.0,111686.0,0.042168378829956055,0.0,0.7914094924926758
12.0,111689.0,0.04216426983475685,0.0,0.7782669067382812
12.0,111693.0,0.042160164564847946,0.0,0.7608523368835449
12.0,111697.0,0.04215605929493904,0.0,0.748532772064209
12.0,111700.0,0.04215195029973984,0.0,0.733543872833252
12.0,111704.0,0.04214373603463173,0.0,0.7220063209533691
12.0,111707.0,0.042139630764722824,0.0,0.7066583633422852
12.0,111711.0,0.042139630764722824,0.0,0.6918835639953613
12.0,111714.0,0.04213552176952362,-0.0015339808305725455,0.9485816955566406
12.0,111719.0,0.04213552176952362,-0.0015339808305725455,0.9273691177368164
12.0,111723.0,0.04212320223450661,-0.0015339808305725455,0.9072928428649902
12.0,111727.0,0.04210677742958069,-0.0015339808305725455,0.894320011138916
12.0,111730.0,0.04208213463425636,-0.0015339808305725455,0.8852324485778809
12.0,111734.0,0.042057495564222336,-0.0015339808305725455,0.8770780563354492
12.0,111738.0,0.042020533233881,-0.0015339808305725455,0.872523307800293
12.0,111741.0,0.04197946563363075,-0.0015339808305725455,0.8675556182861328
12.0,111744.0,0.04194250330328941,-0.0015339808305725455,0.8659687042236328
12.0,111749.0,0.04189322516322136,-0.0015339808305725455,0.8639154434204102
12.0,111752.0,0.04184804856777191,-0.0015339808305725455,0.8659720420837402
12.0,111755.0,0.041786447167396545,-0.0015339808305725455,0.8671503067016602
12.0,111759.0,0.04173306003212929,-0.0015339808305725455,0.8731265068054199
12.0,111762.0,0.04167556390166283,-0.0015339808305725455,0.8781647682189941
12.0,111767.0,0.04156878963112831,-0.0015339808305725455,0.8877968788146973
12.0,111770.0,0.041498973965644836,-0.0015339808305725455,0.8997917175292969
12.0,111773.0,0.04140041023492813,-0.0015339808305725455,0.9095125198364258
12.0,111777.0,0.04131827503442764,0.0,0.6562771797180176
12.0,111780.0,0.04123203456401825,0.0,0.6783537864685059
12.0,111793.0,0.040936343371868134,0.0,0.7203283309936523
12.0,111797.0,0.04086653143167496,0.0,0.7280240058898926
12.0,111800.0,0.040817249566316605,0.0,0.730339527130127
12.0,111804.0,0.04075975343585014,0.0,0.732612133026123
12.0,111808.0,0.04070225730538368,0.0,0.7346806526184082
12.0,111811.0,0.04065708443522453,0.0,0.7366633415222168
12.0,111815.0,0.04059958830475807,0.0,0.7387957572937012
12.0,111818.0,0.04055852070450783,0.0,0.7393388748168945
12.0,111821.0,0.040501028299331665,0.0,0.7414169311523438
12.0,111824.0,0.04045996069908142,0.0,0.7421174049377441
12.0,111828.0,0.04041888937354088,0.0,0.7425799369812012
12.0,111831.0,0.040361396968364716,0.0,0.7445998191833496
12.0,111835.0,0.04030800983309746,0.0,0.7449870109558105
12.0,111839.0,0.04026283323764801,0.0,0.7480511665344238
12.0,111843.0,0.04018891230225563,0.0,0.749701976776123
12.0,111849.0,0.040119096636772156,0.0,0.75103759765625
12.0,111852.0,0.04007802903652191,0.0,0.7512631416320801
12.0,111856.0,0.040016427636146545,0.0,0.7501664161682129
12.0,111860.0,0.0399753600358963,0.0,0.7504563331604004
12.0,111864.0,0.039921972900629044,0.0,0.7510299682617188
12.0,111868.0,0.03986858204007149,0.0,0.7513303756713867
12.0,111871.0,0.03982340916991234,0.0,0.7543220520019531
12.0,111874.0,0.03975769877433777,0.0,0.7574992179870605
12.0,111878.0,0.039708420634269714,0.0,0.762972354888916
12.0,111881.0,0.03963039070367813,0.0,0.768639087677002
12.0,111885.0,0.03957700356841087,0.0,0.7728066444396973
12.0,111888.0,0.03951540216803551,0.0,0.7817716598510742
12.0,111892.0,0.039429157972335815,0.0,0.7896289825439453
12.0,111895.0,0.03935934230685234,0.0015339808305725455,0.5368008613586426
12.0,111898.0,0.039268992841243744,0.0015339808305725455,0.5499529838562012
12.0,111902.0,0.03921150043606758,0.0015339808305725455,0.5606908798217773
12.0,111905.0,0.03914579004049301,0.0015339808305725455,0.5664882659912109
12.0,111909.0,0.03910472244024277,0.0015339808305725455,0.5699639320373535
12.0,111912.0,0.03905954957008362,0.0015339808305725455,0.5701346397399902
12.0,111916.0,0.03901437297463417,0.0015339808305725455,0.5708041191101074
12.0,111920.0,0.03898562490940094,0.0015339808305725455,0.569617748260498
12.0,111923.0,0.03896098583936691,0.0015339808305725455,0.5663247108459473
12.0,111927.0,0.03892813250422478,0.0015339808305725455,0.5631537437438965
12.0,111930.0,0.03889527544379234,0.0015339808305725455,0.5608553886413574
12.0,111934.0,0.03887474164366722,0.0,0.8241896629333496
12.0,111937.0,0.038850102573633194,0.0,0.8127093315124512
12.0,111941.0,0.03882546350359917,0.0,0.8043274879455566
12.0,111944.0,0.03879260644316673,0.0,0.802283763885498
12.0,111948.0,0.038739219307899475,0.0,0.801663875579834
12.0,111951.0,0.03868993744254112,0.0,0.8044319152832031
12.0,111954.0,0.03862423077225685,0.0,0.8064584732055664
12.0,111958.0,0.038562629371881485,0.0,0.8144454956054688
12.0,111962.0,0.0384845994412899,0.0,0.8189334869384766
12.0,111965.0,0.03839835897088051,0.0015339808305725455,0.5609359741210938
12.0,111970.0,0.03831211477518082,0.0015339808305725455,0.5774340629577637
12.0,111983.0,0.03813552483916283,0.0015339808305725455,0.5858144760131836
12.0,111987.0,0.03810266777873039,0.0015339808305725455,0.5830855369567871
12.0,111990.0,0.03808213397860527,0.0,0.8453397750854492
12.0,111993.0,0.03806160017848015,0.0,0.835606575012207
12.0,111997.0,0.038041066378355026,0.0,0.8275189399719238
12.0,112000.0,0.038012322038412094,0.0,0.8202071189880371
12.0,112003.0,0.03797946497797966,0.0,0.8179302215576172
12.0,112007.0,0.037917863577604294,0.0,0.8197593688964844
12.0,112010.0,0.03786037117242813,0.0,0.8261713981628418
12.0,112013.0,0.037770021706819534,0.0,0.8345394134521484
12.0,112018.0,0.037667352706193924,0.0015339808305725455,0.5800461769104004
12.0,112021.0,0.03757700324058533,0.0015339808305725455,0.6049098968505859
12.0,112025.0,0.0374579057097435,0.0015339808305725455,0.6302242279052734
12.0,112029.0,0.037342917174100876,0.0015339808305725455,0.6506290435791016
12.0,112033.0,0.037211500108242035,0.0015339808305725455,0.6676464080810547
12.0,112038.0,0.037100616842508316,0.0015339808305725455,0.6824541091918945
12.0,112042.0,0.037034906446933746,0.0015339808305725455,0.690760612487793
12.0,112045.0,0.03697330504655838,0.0015339808305725455,0.6997241973876953
12.0,112049.0,0.03689116984605789,0.0015339808305725455,0.4412984848022461
12.0,112052.0,0.0368049293756485,0.003067961661145091,0.4521303176879883
12.0,112056.0,0.03674743324518204,0.003067961661145091,0.463437557220459
12.0,112059.0,0.036698151379823685,0.003067961661145091,0.4682931900024414
12.0,112062.0,0.036661192774772644,0.003067961661145091,0.4689927101135254
12.0,112066.0,0.03663244470953941,0.003067961661145091,0.4636549949645996
12.0,112069.0,0.0366201214492321,0.0015339808305725455,0.7246975898742676
12.0,112073.0,0.036616016179323196,0.0015339808305725455,0.7104501724243164
12.0,112077.0,0.03660780191421509,0.0015339808305725455,0.6947574615478516
12.0,112080.0,0.03659958764910698,0.0015339808305725455,0.6809921264648438
12.0,112083.0,0.03658316284418106,0.0015339808305725455,0.6720004081726074
12.0,112087.0,0.036566734313964844,0.0015339808305725455,0.6604042053222656
12.0,112091.0,0.03655441477894783,0.0015339808305725455,0.647885799407959
12.0,112095.0,0.03654209524393082,0.0015339808305725455,0.639824390411377
12.0,112099.0,0.0365297757089138,0.0015339808305725455,0.6280970573425293
12.0,112102.0,0.036521561443805695,0.0015339808305725455,0.6154484748840332
12.0,112105.0,0.03651745244860649,0.0,0.8753952980041504
12.0,112109.0,0.03650924190878868,0.0,0.8561477661132812
12.0,112112.0,0.03650102764368057,0.0,0.8438701629638672
12.0,112116.0,0.03648870810866356,0.0,0.8333072662353516
12.0,112119.0,0.03646406531333923,0.0,0.8223438262939453
12.0,112123.0,0.036439426243305206,0.0,0.8164024353027344
12.0,112127.0,0.03640246391296387,0.0,0.8101058006286621
12.0,112130.0,0.03637371584773064,0.0,0.8040480613708496
12.0,112133.0,0.036336757242679596,0.0,0.799992561340332
12.0,112137.0,0.03629979491233826,0.0,0.7969870567321777
12.0,112141.0,0.03625461831688881,0.0,0.795839786529541
12.0,112145.0,0.03620123118162155,0.0,0.7953648567199707
12.0,112149.0,0.03614373877644539,0.0,0.7969679832458496
12.0,112152.0,0.03609856218099594,0.0,0.8008699417114258
12.0,112157.0,0.036008212715387344,0.0,0.8059978485107422
12.0,112162.0,0.03590965270996094,0.0,0.8158321380615234
12.0,112174.0,0.03563860431313515,0.0,0.8487429618835449
12.0,112178.0,0.035544149577617645,0.0015339808305725455,0.5949220657348633
12.0,112182.0,0.03545380011200905,0.0015339808305725455,0.610680103302002
12.0,112186.0,0.035375770181417465,0.0015339808305725455,0.623565673828125
12.0,112190.0,0.035310059785842896,0.0015339808305725455,0.6289486885070801
12.0,112194.0,0.035264886915683746,0.0015339808305725455,0.6285037994384766
12.0,112198.0,0.0352197140455246,0.0015339808305725455,0.6283969879150391
12.0,112201.0,0.03518275171518326,0.0015339808305725455,0.6256465911865234
12.0,112206.0,0.03515400364995003,0.0015339808305725455,0.6203341484069824
12.0,112209.0,0.0351252555847168,0.0015339808305725455,0.6151995658874512
12.0,112213.0,0.035104721784591675,0.0015339808305725455,0.6111555099487305
12.0,112218.0,0.03508418798446655,0.0015339808305725455,0.5981101989746094
12.0,112223.0,0.035067763179540634,0.0,0.850334644317627
12.0,112227.0,0.035059548914432526,0.0,0.8372969627380371
12.0,112230.0,0.035039015114307404,0.0,0.8253941535949707
12.0,112235.0,0.03501848131418228,0.0,0.8139429092407227
12.0,112239.0,0.03498973324894905,0.0,0.8056011199951172
12.0,112242.0,0.034965094178915024,0.0,0.7975568771362305
12.0,112246.0,0.03493634611368179,0.0,0.7911782264709473
12.0,112250.0,0.03490348905324936,0.0,0.7865581512451172
12.0,112253.0,0.034870635718107224,0.0,0.7806105613708496
12.0,112257.0,0.03483367711305618,0.0,0.7762131690979004
12.0,112261.0,0.03480492904782295,0.0,0.7720069885253906
12.0,112265.0,0.0347556471824646,0.0,0.7693119049072266
12.0,112269.0,0.034722793847322464,0.0,0.7667317390441895
12.0,112273.0,0.03468172624707222,0.0,0.7655277252197266
12.0,112277.0,0.03463654965162277,0.0,0.7644467353820801
12.0,112280.0,0.03459959104657173,0.0,0.7647643089294434
12.0,112283.0,0.03455030918121338,0.0,0.7650051116943359
12.0,112287.0,0.03450513258576393,0.0,0.7640151977539062
12.0,112291.0,0.03446817398071289,0.0,0.7643961906433105
12.0,112294.0,0.03442299738526344,0.0,0.7633419036865234
12.0,112299.0,0.03437371551990509,0.0,0.7638869285583496
12.0,112302.0,0.03432443365454674,0.0,0.7642154693603516
12.0,112307.0,0.03427104651927948,0.0,0.765998363494873
12.0,112310.0,0.034229978919029236,0.0,0.7690768241882324
12.0,112314.0,0.034164272248744965,0.0,0.7733311653137207
12.0,112317.0,0.034098561853170395,0.0,0.7788429260253906
12.0,112321.0,0.03404106944799423,0.0,0.7855439186096191
12.0,112324.0,0.03398357331752777,0.0,0.7946581840515137
12.0,112328.0,0.03389732912182808,0.0,0.8061408996582031
12.0,112332.0,0.033811088651418686,0.0,0.8148250579833984
12.0,112335.0,0.03374127298593521,0.0,0.8282999992370605
12.0,112339.0,0.03364681825041771,0.0,0.8413205146789551
12.0,112344.0,0.03351950645446777,0.0015339808305725455,0.5912060737609863
12.0,112349.0,0.03339630365371704,0.0015339808305725455,0.6152620315551758
12.0,112352.0,0.03333059698343277,0.0015339808305725455,0.6297154426574707
12.0,112356.0,0.03324846178293228,0.0015339808305725455,0.6392302513122559
12.0,112359.0,0.03318685665726662,0.0015339808305725455,0.6501765251159668
12.0,112362.0,0.03313346952199936,0.0015339808305725455,0.6564722061157227
12.0,112375.0,0.03293634578585625,0.0015339808305725455,0.6697821617126465
12.0,112379.0,0.03288295865058899,0.0015339808305725455,0.6717133522033691
12.0,112382.0,0.03283778205513954,0.0015339808305725455,0.6707940101623535
12.0,112386.0,0.03279260918498039,0.0015339808305725455,0.6700587272644043
12.0,112390.0,0.03275975212454796,0.0015339808305725455,0.6680130958557129
12.0,112394.0,0.032718684524297714,0.0015339808305725455,0.6672215461730957
12.0,112397.0,0.032681725919246674,0.0015339808305725455,0.6639776229858398
12.0,112401.0,0.03265297785401344,0.0015339808305725455,0.660858154296875
12.0,112405.0,0.03262422978878021,0.0015339808305725455,0.6552176475524902
12.0,112409.0,0.03259548172354698,0.0015339808305725455,0.6497945785522461
12.0,112412.0,0.032570842653512955,0.0015339808305725455,0.6441822052001953
12.0,112417.0,0.032542094588279724,0.0015339808305725455,0.6391701698303223
12.0,112420.0,0.03252566605806351,0.0015339808305725455,0.6330323219299316
12.0,112424.0,0.03250102698802948,0.0015339808305725455,0.6279034614562988
12.0,112428.0,0.032476384192705154,0.0015339808305725455,0.6221928596496582
12.0,112431.0,0.03245585039258003,0.0015339808305725455,0.616673469543457
12.0,112434.0,0.032431211322546005,0.0015339808305725455,0.6133403778076172
12.0,112438.0,0.03240657225251198,0.0015339808305725455,0.6094894409179688
12.0,112442.0,0.03237782418727875,0.0015339808305725455,0.6077189445495605
12.0,112446.0,0.03234907612204552,0.0,0.8695168495178223
12.0,112449.0,0.03232443705201149,0.0,0.8614540100097656
12.0,112453.0,0.03227926045656204,0.0,0.8590703010559082
12.0,112457.0,0.032217659056186676,0.0,0.8621377944946289
12.0,112461.0,0.03213552385568619,0.0015339808305725455,0.6049041748046875
12.0,112464.0,0.03206570819020271,0.0015339808305725455,0.6194829940795898
12.0,112469.0,0.03194250538945198,0.0015339808305725455,0.6429271697998047
12.0,112474.0,0.03181930258870125,0.0015339808305725455,0.6609458923339844
12.0,112478.0,0.03172895312309265,0.0015339808305725455,0.6756486892700195
12.0,112482.0,0.031638603657484055,0.0015339808305725455,0.689845085144043
12.0,112485.0,0.03155236318707466,0.0015339808305725455,0.7022218704223633
12.0,112489.0,0.0314948670566082,0.0015339808305725455,0.7115178108215332
12.0,112492.0,0.03141683712601662,0.003067961661145091,0.45256471633911133
12.0,112496.0,0.03134702146053314,0.003067961661145091,0.46457719802856445
12.0,112500.0,0.0313100628554821,0.003067961661145091,0.4694857597351074
12.0,112504.0,0.03127310052514076,0.003067961661145091,0.4690256118774414
12.0,112507.0,0.03126078099012375,0.003067961661145091,0.4617314338684082
12.0,112510.0,0.031256671994924545,0.0015339808305725455,0.7201533317565918
12.0,112514.0,0.031256671994924545,0.0015339808305725455,0.7034602165222168
12.0,112518.0,0.031248459592461586,0.0015339808305725455,0.6940479278564453
12.0,112521.0,0.031240247189998627,0.0015339808305725455,0.6810040473937988
12.0,112524.0,0.031232032924890518,0.0015339808305725455,0.6722011566162109
12.0,112529.0,0.03122381865978241,0.0015339808305725455,0.6576533317565918
12.0,112532.0,0.031211499124765396,0.0015339808305725455,0.6459674835205078
12.0,112538.0,0.031207391992211342,0.0015339808305725455,0.6333961486816406
12.0,112541.0,0.031207391992211342,0.0015339808305725455,0.6199326515197754
12.0,112545.0,0.031207391992211342,0.0015339808305725455,0.6101603507995605
12.0,112548.0,0.031207391992211342,0.0015339808305725455,0.5975480079650879
12.0,112552.0,0.031203284859657288,0.0,0.8566346168518066
12.0,112556.0,0.031203284859657288,0.0,0.8387837409973145
12.0,112559.0,0.031199177727103233,0.0,0.8242850303649902
12.0,112571.0,0.031137576326727867,0.0,0.7969412803649902
12.0,112575.0,0.031108830124139786,0.0,0.7919182777404785
12.0,112578.0,0.031080082058906555,0.0,0.7858619689941406
12.0,112582.0,0.03105544112622738,0.0,0.7824954986572266
12.0,112586.0,0.031026694923639297,0.0,0.7757787704467773
12.0,112589.0,0.03100205399096012,0.0,0.7727136611938477
12.0,112593.0,0.03097330592572689,0.0,0.768409252166748
12.0,112597.0,0.03094455786049366,0.0,0.7633018493652344
12.0,112600.0,0.030924024060368538,0.0,0.7592630386352539
12.0,112603.0,0.03089938312768936,0.0,0.7531561851501465
12.0,112607.0,0.030874744057655334,0.0,0.7472820281982422
12.0,112611.0,0.030858315527439117,0.0,0.7423639297485352
12.0,112614.0,0.03084188885986805,0.0,0.7355842590332031
12.0,112618.0,0.030825462192296982,0.0,0.7296547889709473
12.0,112621.0,0.03081314079463482,0.0,0.7220077514648438
12.0,112624.0,0.030800821259617805,0.0,0.716461181640625
12.0,112629.0,0.030784394592046738,0.0,0.7079753875732422
12.0,112632.0,0.03077618032693863,0.0,0.6984472274780273
12.0,112636.0,0.030772073194384575,-0.0015339808305725455,0.9546732902526855
12.0,112639.0,0.030763860791921616,-0.0015339808305725455,0.9428935050964355
12.0,112643.0,0.030751539394259453,-0.0015339808305725455,0.9312524795532227
12.0,112647.0,0.03073100559413433,-0.0015339808305725455,0.9227399826049805
12.0,112651.0,0.03069404512643814,-0.0015339808305725455,0.9199204444885254
12.0,112654.0,0.03065708465874195,-0.0015339808305725455,0.9198551177978516
12.0,112659.0,0.030579054728150368,-0.0015339808305725455,0.9304885864257812
12.0,112664.0,0.030472278594970703,0.0,0.6796183586120605
12.0,112668.0,0.03036550246179104,0.0,0.7033886909484863
12.0,112672.0,0.030262833461165428,0.0,0.720001220703125
12.0,112675.0,0.030184805393218994,0.0,0.7410092353820801
12.0,112679.0,0.030090348795056343,0.0,0.7585926055908203
12.0,112682.0,0.03002053312957287,0.0,0.7697014808654785
12.0,112686.0,0.029934290796518326,0.0,0.7836003303527832
12.0,112689.0,0.029856262728571892,0.0015339808305725455,0.5229263305664062
12.0,112693.0,0.029802875593304634,0.0015339808305725455,0.5337128639221191
12.0,112696.0,0.02973305992782116,0.0015339808305725455,0.5471925735473633
12.0,112700.0,0.02969609946012497,0.0015339808305725455,0.5521550178527832
12.0,112704.0,0.029663244262337685,0.0015339808305725455,0.5529389381408691
12.0,112708.0,0.02963860332965851,0.0015339808305725455,0.5508193969726562
12.0,112711.0,0.029626283794641495,0.0015339808305725455,0.5449614524841309
12.0,112714.0,0.02962217666208744,0.0015339808305725455,0.5390300750732422
12.0,112719.0,0.029618069529533386,0.0,0.7955179214477539
12.0,112724.0,0.029613962396979332,0.0,0.7781624794006348
12.0,112729.0,0.02960164286196232,0.0,0.7656035423278809
12.0,112733.0,0.029581109061837196,0.0,0.7604966163635254
12.0,112737.0,0.02955646812915802,0.0,0.7548031806945801
12.0,112740.0,0.029535934329032898,0.0,0.7506475448608398
12.0,112744.0,0.029503080993890762,0.0,0.7486505508422852
12.0,112748.0,0.029466118663549423,0.0,0.747438907623291
12.0,112752.0,0.029429158195853233,0.0,0.7462730407714844
12.0,112755.0,0.029400410130620003,0.0,0.7465057373046875
12.0,112768.0,0.029252566397190094,0.0,0.7511277198791504
12.0,112771.0,0.029215605929493904,0.0,0.75390625
12.0,112774.0,0.029170431196689606,0.0,0.7546038627624512
12.0,112778.0,0.029133470728993416,0.0,0.7572851181030273
12.0,112782.0,0.029084188863635063,0.0,0.7592425346374512
12.0,112786.0,0.02903490699827671,0.0,0.7624092102050781
12.0,112789.0,0.02899794653058052,0.0,0.7642526626586914
12.0,112792.0,0.028948664665222168,0.0,0.7660565376281738
12.0,112796.0,0.028899384662508965,0.0,0.7684006690979004
12.0,112800.0,0.028862422332167625,0.0,0.7701144218444824
12.0,112803.0,0.02882135473191738,0.0,0.7736616134643555
12.0,112807.0,0.028767967596650124,0.0015339808305725455,0.51171875
12.0,112810.0,0.02872689999639988,0.0015339808305725455,0.5203862190246582
12.0,112814.0,0.028673510998487473,0.0015339808305725455,0.5280117988586426
12.0,112818.0,0.02863244339823723,0.0015339808305725455,0.5308651924133301
12.0,112821.0,0.028607802465558052,0.0015339808305725455,0.5327658653259277
12.0,112824.0,0.028591375797986984,0.0015339808305725455,0.5314722061157227
12.0,112829.0,0.028566734865307808,0.0015339808305725455,0.5280022621154785
12.0,112832.0,0.02855852246284485,0.0,0.7873630523681641
12.0,112836.0,0.02855030819773674,0.0,0.7756199836730957
12.0,112839.0,0.028537986800074577,0.0,0.7704558372497559
12.0,112844.0,0.02850513346493244,0.0,0.7660393714904785
12.0,112849.0,0.02845585159957409,0.0,0.7657551765441895
12.0,112853.0,0.02841067686676979,0.0,0.7669224739074707
12.0,112857.0,0.028361396864056587,0.0,0.7687740325927734
12.0,112860.0,0.028320329263806343,0.0,0.7738676071166992
12.0,112864.0,0.028262833133339882,0.0,0.7768983840942383
12.0,112867.0,0.02819712460041046,0.0,0.7843937873840332
12.0,112871.0,0.028143737465143204,0.0015339808305725455,0.5290927886962891
12.0,112874.0,0.028078028932213783,0.0015339808305725455,0.5387558937072754
12.0,112878.0,0.02803696133196354,0.0015339808305725455,0.5472054481506348
12.0,112882.0,0.02799178659915924,0.0015339808305725455,0.550994873046875
12.0,112886.0,0.02796303853392601,0.0015339808305725455,0.5499744415283203
12.0,112889.0,0.027942504733800888,0.0015339808305725455,0.5483202934265137
12.0,112893.0,0.027938397601246834,0.0015339808305725455,0.5426945686340332
12.0,112897.0,0.02793429233133793,0.0015339808305725455,0.534965991973877
12.0,112900.0,0.02793429233133793,0.0,0.7915887832641602
12.0,112903.0,0.02793429233133793,0.0,0.7807507514953613
12.0,112907.0,0.02792607806622982,0.0,0.7694568634033203
12.0,112911.0,0.02791786380112171,0.0,0.7599029541015625
12.0,112914.0,0.027905544266104698,0.0,0.7539849281311035
12.0,112918.0,0.02788911759853363,0.0,0.7482366561889648
12.0,112921.0,0.027872689068317413,0.0,0.7408256530761719
12.0,112925.0,0.027856262400746346,0.0,0.735011100769043
12.0,112929.0,0.027835728600621223,0.0,0.7294292449951172
12.0,112932.0,0.02782340906560421,0.0,0.7243804931640625
12.0,112936.0,0.027798768132925034,0.0,0.7191886901855469
12.0,112940.0,0.027782341465353966,0.0,0.714205265045166
12.0,112943.0,0.02776591293513775,0.0,0.7095890045166016
12.0,112948.0,0.027745379135012627,0.0,0.7049665451049805
12.0,112960.0,0.02768377773463726,0.0,0.692164421081543
12.0,112964.0,0.027667351067066193,0.0,0.685572624206543
12.0,112969.0,0.027642710134387016,0.0,0.9490618705749512
12.0,112974.0,0.027622176334261894,-0.0015339808305725455,0.9354829788208008
12.0,112978.0,0.027597535401582718,-0.0015339808305725455,0.9303345680236816
12.0,112981.0,0.02755236066877842,-0.0015339808305725455,0.9295072555541992
12.0,112985.0,0.02751540020108223,-0.0015339808305725455,0.931419849395752
12.0,112989.0,0.027445584535598755,0.0,0.671783447265625
12.0,112992.0,0.02738398313522339,0.0,0.6873760223388672
12.0,112996.0,0.027314167469739914,0.0,0.7011103630065918
12.0,112999.0,0.02723613940179348,0.0,0.711754322052002
12.0,113003.0,0.027182752266526222,0.0,0.7232756614685059
12.0,113007.0,0.027117043733596802,0.0,0.7306489944458008
12.0,113010.0,0.02705954760313034,0.0,0.7428445816040039
12.0,113014.0,0.026969200000166893,0.0,0.7546286582946777
12.0,113018.0,0.026915811002254486,0.0,0.7660312652587891
12.0,113022.0,0.026837782934308052,0.0,0.7749900817871094
12.0,113025.0,0.026755647733807564,0.0015339808305725455,0.5199213027954102
12.0,113030.0,0.026636550202965736,0.0015339808305725455,0.5488476753234863
12.0,113034.0,0.02656673453748226,0.0015339808305725455,0.5750951766967773
12.0,113039.0,0.02643531747162342,0.0015339808305725455,0.5933952331542969
12.0,113043.0,0.026381930336356163,0.0015339808305725455,0.6056990623474121
12.0,113047.0,0.026316221803426743,0.0015339808305725455,0.6136407852172852
12.0,113050.0,0.02625872753560543,0.0015339808305725455,0.6212320327758789
12.0,113055.0,0.026209445670247078,0.0015339808305725455,0.6258773803710938
12.0,113058.0,0.02616427093744278,0.0015339808305725455,0.6290254592895508
12.0,113062.0,0.02613552287220955,0.0015339808305725455,0.6307544708251953
12.0,113066.0,0.02609856240451336,0.0015339808305725455,0.6297602653503418
12.0,113070.0,0.02606981433928013,0.0015339808305725455,0.6277041435241699
12.0,113073.0,0.026041068136692047,0.0015339808305725455,0.6254968643188477
12.0,113078.0,0.02601642720401287,0.0015339808305725455,0.6220636367797852
12.0,113081.0,0.026000000536441803,0.0015339808305725455,0.6174216270446777
12.0,113085.0,0.025983572006225586,0.0015339808305725455,0.6129674911499023
12.0,113089.0,0.025963038206100464,0.0015339808305725455,0.6087183952331543
12.0,113092.0,0.02595071867108345,0.0015339808305725455,0.6032395362854004
12.0,113096.0,0.025934292003512383,0.0015339808305725455,0.5966105461120605
12.0,113099.0,0.02592197060585022,0.0015339808305725455,0.5928211212158203
12.0,113103.0,0.02591375820338726,0.0015339808305725455,0.5878067016601562
12.0,113107.0,0.025905543938279152,0.0015339808305725455,0.5804414749145508
12.0,113110.0,0.025897329673171043,0.0015339808305725455,0.573333740234375
12.0,113114.0,0.025889117270708084,0.0015339808305725455,0.5688443183898926
12.0,113117.0,0.02588501013815403,0.0015339808305725455,0.5608181953430176
12.0,113121.0,0.02587679587304592,0.0015339808305725455,0.5544137954711914
12.0,113125.0,0.025872690603137016,0.0015339808305725455,0.5482521057128906
12.0,113128.0,0.025864476338028908,0.0,0.8115649223327637
12.0,113132.0,0.025864476338028908,0.0,0.7970914840698242
12.0,113136.0,0.0258562620729208,0.0,0.7871747016906738
12.0,113140.0,0.025831623002886772,0.0,0.7836723327636719
12.0,113143.0,0.02581108920276165,0.0,0.7796306610107422
12.0,113147.0,0.02577412687242031,0.0,0.7790565490722656
12.0,113159.0,0.02560574933886528,0.0015339808305725455,0.5304675102233887
12.0,113164.0,0.025519507005810738,0.0015339808305725455,0.545356273651123
12.0,113168.0,0.02546611987054348,0.0015339808305725455,0.5543651580810547
12.0,113172.0,0.02542094513773918,0.0015339808305725455,0.5603795051574707
12.0,113175.0,0.02539219707250595,0.0015339808305725455,0.5608463287353516
12.0,113179.0,0.025379877537488937,0.0015339808305725455,0.557281494140625
12.0,113183.0,0.02537166327238083,0.0015339808305725455,0.5519952774047852
12.0,113187.0,0.025367556139826775,0.0015339808305725455,0.5447244644165039
12.0,113190.0,0.025367556139826775,0.0015339808305725455,0.5363960266113281
12.0,113193.0,0.025367556139826775,0.0015339808305725455,0.5303468704223633
12.0,113197.0,0.025367556139826775,0.0,0.789853572845459
12.0,113200.0,0.025367556139826775,0.0,0.7763247489929199
12.0,113204.0,0.02536344900727272,0.0,0.767852783203125
12.0,113207.0,0.02535523660480976,0.0,0.7578048706054688
12.0,113211.0,0.025351129472255707,0.0,0.7481575012207031
12.0,113214.0,0.0253429152071476,0.0,0.740478515625
12.0,113219.0,0.02533470280468464,0.0,0.7299275398254395
12.0,113224.0,0.02532648853957653,0.0,0.718559741973877
12.0,113228.0,0.025318274274468422,0.0,0.7090272903442383
12.0,113232.0,0.025314169004559517,0.0,0.7024517059326172
12.0,113235.0,0.025314169004559517,0.0,0.6921677589416504
12.0,113239.0,0.025310061872005463,0.0,0.6860332489013672
12.0,113242.0,0.025310061872005463,0.0,0.6763486862182617
12.0,113246.0,0.02530595473945141,0.0,0.6683473587036133
12.0,113249.0,0.02530595473945141,0.0,0.6615347862243652
12.0,113253.0,0.02530595473945141,-0.0015339808305725455,0.9196510314941406
12.0,113257.0,0.02530595473945141,-0.0015339808305725455,0.9087514877319336
12.0,113260.0,0.025301847606897354,-0.0015339808305725455,0.8973808288574219
12.0,113264.0,0.02528952807188034,-0.0015339808305725455,0.8897976875305176
12.0,113268.0,0.02526899427175522,-0.0015339808305725455,0.8831601142883301
12.0,113271.0,0.02525256760418415,-0.0015339808305725455,0.8781208992004395
12.0,113274.0,0.025227926671504974,-0.0015339808305725455,0.8737821578979492
12.0,113278.0,0.025203285738825798,-0.0015339808305725455,0.8704056739807129
12.0,113282.0,0.025170430541038513,-0.0015339808305725455,0.8703398704528809
12.0,113286.0,0.025137577205896378,-0.0015339808305725455,0.8693714141845703
12.0,113289.0,0.025104722008109093,-0.0015339808305725455,0.8693466186523438
12.0,113292.0,0.02506365440785885,-0.0015339808305725455,0.8706750869750977
12.0,113296.0,0.02502669394016266,-0.0015339808305725455,0.8741884231567383
12.0,113299.0,0.0249733068048954,0.0,0.6111822128295898
12.0,113303.0,0.02492402493953705,0.0,0.6257929801940918
12.0,113307.0,0.024862423539161682,0.0,0.6350617408752441
12.0,113310.0,0.02480492740869522,0.0,0.6461286544799805
12.0,113314.0,0.024759752675890923,0.0,0.6548361778259277
12.0,113318.0,0.02470225840806961,0.0,0.6651959419250488
12.0,113321.0,0.0246447641402483,0.0,0.6752004623413086
12.0,113324.0,0.024599589407444,0.0,0.6831436157226562
12.0,113328.0,0.024558521807193756,0.0,0.6911711692810059
12.0,113332.0,0.02450513280928135,0.0,0.6973476409912109
12.0,113335.0,0.02446817234158516,0.0,0.7035484313964844
12.0,113339.0,0.02442299760878086,0.0,0.7067279815673828
12.0,113352.0,0.02429979480803013,0.0,0.7134428024291992
12.0,113356.0,0.024266939610242844,0.0,0.7137665748596191
12.0,113359.0,0.024234086275100708,0.0,0.7140884399414062
12.0,113363.0,0.024213552474975586,0.0,0.7129864692687988
12.0,113367.0,0.024184804409742355,0.0,0.712010383605957
12.0,113370.0,0.024164270609617233,0.0,0.7110795974731445
12.0,113374.0,0.024135524407029152,0.0,0.7100663185119629
12.0,113377.0,0.024102669209241867,0.0,0.7105646133422852
12.0,113381.0,0.024082135409116745,0.0,0.7097368240356445
12.0,113384.0,0.024061601608991623,0.0,0.7088041305541992
12.0,113388.0,0.024032853543758392,0.0,0.7079010009765625
12.0,113391.0,0.024008214473724365,0.0,0.7058353424072266
12.0,113395.0,0.023987678810954094,0.0,0.7050004005432129
12.0,113398.0,0.02395482547581196,0.0,0.7057275772094727
12.0,113402.0,0.023934291675686836,0.0,0.7051210403442383
12.0,113406.0,0.02390143647789955,0.0,0.7031879425048828
12.0,113410.0,0.023876797407865524,0.0,0.7038030624389648
12.0,113413.0,0.023860368877649307,0.0,0.7019462585449219
12.0,113417.0,0.023831622675061226,0.0,0.7012639045715332
12.0,113420.0,0.023811088874936104,0.0,0.700829029083252
12.0,113424.0,0.023782340809702873,0.0,0.7001891136169434
12.0,113428.0,0.023757699877023697,0.0,0.6984891891479492
12.0,113431.0,0.02374127320945263,0.0,0.6968574523925781
12.0,113434.0,0.02372484654188156,0.0,0.6936535835266113
12.0,113438.0,0.02370431274175644,0.0,0.6908421516418457
12.0,113442.0,0.023687884211540222,0.0,0.6878108978271484
12.0,113445.0,0.023671457543969154,0.0,0.6839003562927246
12.0,113449.0,0.02365913800895214,0.0,0.6801352500915527
12.0,113452.0,0.023650923743844032,0.0,0.6760625839233398
12.0,113456.0,0.02363860420882702,0.0,0.6699023246765137
12.0,113460.0,0.02363038994371891,0.0,0.6639680862426758
12.0,113464.0,0.023626282811164856,0.0,0.6590085029602051
12.0,113468.0,0.023626282811164856,0.0,0.6501588821411133
12.0,113473.0,0.0236221756786108,0.0,0.6422758102416992
12.0,113478.0,0.0236221756786108,0.0,0.6328182220458984
12.0,113481.0,0.0236221756786108,-0.0015339808305725455,0.8894462585449219
12.0,113485.0,0.023618070408701897,-0.0015339808305725455,0.8792629241943359
12.0,113489.0,0.023605749011039734,-0.0015339808305725455,0.8725523948669434
12.0,113492.0,0.023589322343468666,-0.0015339808305725455,0.8683404922485352
12.0,113496.0,0.023560574278235435,-0.0015339808305725455,0.8656411170959473
12.0,113499.0,0.023523613810539246,-0.0015339808305725455,0.8660364151000977
12.0,113503.0,0.023494865745306015,-0.0015339808305725455,0.8664302825927734
12.0,113507.0,0.023449692875146866,-0.0015339808305725455,0.8691883087158203
12.0,113510.0,0.02339630387723446,-0.0015339808305725455,0.8745508193969727
12.0,113514.0,0.02335934340953827,-0.0015339808305725455,0.8783841133117676
12.0,113518.0,0.023301847279071808,0.0,0.6184730529785156
12.0,113521.0,0.02325667440891266,0.0,0.6305909156799316
12.0,113524.0,0.02321971207857132,0.0,0.6373867988586426
12.0,113528.0,0.02317453734576702,0.0,0.6434783935546875
12.0,113533.0,0.023129362612962723,0.0,0.6487822532653809
12.0,113545.0,0.02304312027990818,0.0,0.6536726951599121
12.0,113549.0,0.0230143740773201,0.0,0.6551957130432129
12.0,113553.0,0.02298562601208687,0.0,0.6559500694274902
12.0,113557.0,0.022956877946853638,0.0,0.657383918762207
12.0,113560.0,0.022936344146728516,0.0,0.6587677001953125
12.0,113566.0,0.022891171276569366,0.0,0.6607723236083984
12.0,113569.0,0.022862423211336136,0.0,0.6620421409606934
12.0,113573.0,0.022841889411211014,0.0,0.6632685661315918
12.0,113577.0,0.022813141345977783,0.0,0.6644549369812012
12.0,113580.0,0.022788500413298607,0.0,0.664975643157959
12.0,113584.0,0.022759754210710526,0.0,0.666839599609375
12.0,113587.0,0.022731006145477295,0.0,0.6679329872131348
12.0,113591.0,0.022710472345352173,0.0,0.6689896583557129
12.0,113594.0,0.02268993854522705,0.0,0.6694111824035645
12.0,113598.0,0.02266119047999382,0.0,0.6698360443115234
12.0,113601.0,0.022644763812422752,0.0,0.6694931983947754
12.0,113604.0,0.022620122879743576,0.0,0.6685652732849121
12.0,113608.0,0.022603696212172508,0.0,0.6682748794555664
12.0,113611.0,0.02258726954460144,0.0,0.6673989295959473
12.0,113614.0,0.02256673574447632,0.0,0.6651930809020996
12.0,113619.0,0.0225503072142601,-0.0015339808305725455,0.9262380599975586
12.0,113622.0,0.022537987679243088,-0.0015339808305725455,0.9189872741699219
12.0,113626.0,0.022509239614009857,-0.0015339808305725455,0.9146957397460938
12.0,113629.0,0.022468172013759613,-0.0015339808305725455,0.9152727127075195
12.0,113633.0,0.022431211546063423,-0.0015339808305725455,0.9171910285949707
12.0,113637.0,0.02237371727824211,-0.0015339808305725455,0.9223752021789551
12.0,113640.0,0.02232443541288376,0.0,0.664665699005127
12.0,113644.0,0.022254619747400284,0.0,0.6760740280151367
12.0,113647.0,0.022193018347024918,0.0,0.6876859664916992
12.0,113651.0,0.022151950746774673,0.0,0.6962146759033203
12.0,113655.0,0.02210266888141632,0.0,0.7047910690307617
12.0,113660.0,0.02204517461359501,0.0,0.7084102630615234
12.0,113664.0,0.02199999988079071,0.0,0.7151474952697754
12.0,113668.0,0.021954825147986412,0.0,0.7187271118164062
12.0,113672.0,0.021913757547736168,0.0,0.7235212326049805
12.0,113676.0,0.021872689947485924,0.0,0.7253365516662598
12.0,113679.0,0.021843941882252693,0.0,0.7285842895507812
12.0,113682.0,0.021815195679664612,0.0,0.728935718536377
12.0,113686.0,0.021770020946860313,0.0,0.730720043182373
12.0,113691.0,0.021741272881627083,0.0,0.7297792434692383
12.0,113694.0,0.021712524816393852,0.0,0.728884220123291
12.0,113698.0,0.02168377861380577,0.0,0.7280464172363281
12.0,113702.0,0.021667351946234703,0.0,0.7257709503173828
12.0,113706.0,0.021642711013555527,0.0,0.7225484848022461
12.0,113709.0,0.02162628248333931,0.0,0.7204275131225586
12.0,113712.0,0.021609855815768242,0.0,0.7183704376220703
12.0,113716.0,0.021593429148197174,0.0,0.7139554023742676
12.0,113720.0,0.02158110961318016,0.0,0.7083778381347656
12.0,113726.0,0.021564681082963943,0.0,0.7006936073303223
12.0,113729.0,0.021556468680500984,0.0,0.6942696571350098
12.0,113742.0,0.02151540108025074,-0.0015339808305725455,0.9334020614624023
12.0,113746.0,0.021482545882463455,-0.0015339808305725455,0.9310808181762695
12.0,113749.0,0.021445585414767265,-0.0015339808305725455,0.9334530830383301
12.0,113752.0,0.02139219641685486,-0.0015339808305725455,0.9365482330322266
12.0,113756.0,0.021326487883925438,-0.0015339808305725455,0.9441180229187012
12.0,113759.0,0.02126488648355007,-0.0015339808305725455,0.9536628723144531
12.0,113763.0,0.021195072680711746,0.0,0.7002706527709961
12.0,113767.0,0.021092401817440987,0.0,0.7248325347900391
12.0,113770.0,0.0210102666169405,0.0,0.751197338104248
12.0,113773.0,0.02092813141644001,0.0,0.7700328826904297
12.0,113777.0,0.02078850194811821,0.0,0.7947964668273926
12.0,113780.0,0.020698152482509613,0.0015339808305725455,0.5467071533203125
12.0,113784.0,0.020607803016901016,0.0015339808305725455,0.5786252021789551
12.0,113788.0,0.020496919751167297,0.0015339808305725455,0.6053628921508789
12.0,113791.0,0.020427104085683823,0.0015339808305725455,0.6214532852172852
12.0,113794.0,0.020344968885183334,0.0015339808305725455,0.6330738067626953
12.0,113798.0,0.020291581749916077,0.0015339808305725455,0.6445088386535645
12.0,113801.0,0.020234085619449615,0.0015339808305725455,0.651496410369873
12.0,113805.0,0.020188910886645317,0.0015339808305725455,0.6596479415893555
12.0,113808.0,0.02013552375137806,0.0015339808305725455,0.6649179458618164
12.0,113812.0,0.02009856328368187,0.0015339808305725455,0.6699562072753906
12.0,113815.0,0.020049281418323517,0.0015339808305725455,0.6736278533935547
12.0,113819.0,0.020008213818073273,0.0015339808305725455,0.6757240295410156
12.0,113823.0,0.019979465752840042,0.0015339808305725455,0.6765789985656738
12.0,113827.0,0.019946612417697906,0.0015339808305725455,0.6759161949157715
12.0,113830.0,0.019926078617572784,0.0015339808305725455,0.6739654541015625
12.0,113833.0,0.019901437684893608,0.0015339808305725455,0.6708769798278809
12.0,113837.0,0.01988501101732254,0.0015339808305725455,0.6664643287658691
12.0,113841.0,0.019868582487106323,0.0015339808305725455,0.6622581481933594
12.0,113845.0,0.01985626295208931,0.0015339808305725455,0.6528677940368652
12.0,113850.0,0.019852155819535255,0.0015339808305725455,0.6425919532775879
12.0,113854.0,0.0198480486869812,0.0015339808305725455,0.632568359375
12.0,113858.0,0.0198480486869812,0.0015339808305725455,0.6252956390380859
12.0,113863.0,0.019843943417072296,0.0015339808305725455,0.6149520874023438
12.0,113867.0,0.019843943417072296,0.0015339808305725455,0.605952262878418
12.0,113870.0,0.019843943417072296,0.0015339808305725455,0.5972838401794434
12.0,113874.0,0.019843943417072296,0.0015339808305725455,0.5909919738769531
12.0,113878.0,0.019843943417072296,0.0,0.8497843742370605
12.0,113881.0,0.019843943417072296,0.0,0.8359770774841309
12.0,113885.0,0.019839836284518242,0.0,0.8273077011108398
12.0,113889.0,0.01982751488685608,0.0,0.8165230751037598
12.0,113892.0,0.019815195351839066,0.0,0.8110990524291992
12.0,113896.0,0.019798768684267998,0.0,0.8054699897766113
12.0,113899.0,0.019778234884142876,0.0,0.8017168045043945
12.0,113903.0,0.019757701084017754,0.0,0.7980780601501465
12.0,113907.0,0.019733060151338577,0.0,0.7940292358398438
12.0,113910.0,0.019712526351213455,0.0,0.7906274795532227
12.0,113913.0,0.01968788541853428,0.0,0.7886724472045898
12.0,113917.0,0.01967145875096321,0.0,0.7839422225952148
12.0,113920.0,0.019655030220746994,0.0,0.7808361053466797
12.0,113933.0,0.019593428820371628,0.0,0.7667264938354492
12.0,113937.0,0.019581109285354614,0.0,0.7601661682128906
12.0,113940.0,0.01956878788769245,0.0,0.7538561820983887
12.0,113944.0,0.019560575485229492,0.0,0.7489471435546875
12.0,113947.0,0.019552361220121384,0.0,0.7417335510253906
12.0,113951.0,0.019544146955013275,0.0,0.7371830940246582
12.0,113954.0,0.01954004168510437,0.0,0.7304363250732422
12.0,113958.0,0.01953182741999626,0.0,0.7248749732971191
12.0,113962.0,0.019527720287442207,0.0,0.7172455787658691
12.0,113965.0,0.019523613154888153,0.0,0.7098855972290039
12.0,113970.0,0.019519507884979248,-0.0015339808305725455,0.9666996002197266
12.0,113975.0,0.01951129361987114,-0.0015339808305725455,0.951225757598877
12.0,113979.0,0.019486652687191963,-0.0015339808305725455,0.9444875717163086
12.0,113982.0,0.019457904621958733,-0.0015339808305725455,0.9426288604736328
12.0,113987.0,0.019412731751799583,-0.0015339808305725455,0.9442653656005859
12.0,113990.0,0.019375769421458244,-0.0015339808305725455,0.9485569000244141
12.0,113993.0,0.019310060888528824,-0.0015339808305725455,0.9546999931335449
12.0,113997.0,0.019227925688028336,0.0,0.7041258811950684
12.0,114001.0,0.01916632428765297,0.0,0.7228474617004395
12.0,114004.0,0.019108830019831657,0.0,0.735109806060791
12.0,114008.0,0.01902669481933117,0.0,0.7513852119445801
12.0,114012.0,0.018948664888739586,0.0,0.7642378807067871
12.0,114016.0,0.018870636820793152,0.0,0.7836055755615234
12.0,114019.0,0.01879260689020157,0.0,0.7942829132080078
12.0,114023.0,0.018735112622380257,0.0,0.8046708106994629
12.0,114027.0,0.018661191686987877,0.0015339808305725455,0.5518317222595215
12.0,114030.0,0.01860780268907547,0.0015339808305725455,0.5685291290283203
12.0,114035.0,0.018546201288700104,0.0015339808305725455,0.5766096115112305
12.0,114040.0,0.018509240821003914,0.0015339808305725455,0.5799694061279297
12.0,114043.0,0.01849691942334175,0.0015339808305725455,0.5769305229187012
12.0,114047.0,0.018492812290787697,0.0015339808305725455,0.573056697845459
12.0,114050.0,0.018488707020878792,0.0015339808305725455,0.5676083564758301
12.0,114053.0,0.018488707020878792,0.0,0.8311061859130859
12.0,114057.0,0.018488707020878792,0.0,0.818671703338623
12.0,114061.0,0.018488707020878792,0.0,0.8096537590026855
12.0,114065.0,0.01847638562321663,0.0,0.8020434379577637
12.0,114069.0,0.018464066088199615,0.0,0.7947373390197754
12.0,114072.0,0.018451744690537453,0.0,0.7903857231140137
12.0,114076.0,0.018427105620503426,0.0,0.7861857414245605
12.0,114080.0,0.01840246468782425,0.0,0.7848167419433594
12.0,114083.0,0.018377823755145073,0.0,0.7848644256591797
12.0,114087.0,0.018344968557357788,0.0,0.7849111557006836
12.0,114091.0,0.018308008089661598,0.0,0.786341667175293
12.0,114094.0,0.018266940489411354,0.0,0.789069652557373
12.0,114098.0,0.01823408715426922,0.0,0.7930493354797363
12.0,114101.0,0.018184805288910866,0.0,0.7969555854797363
12.0,114105.0,0.018147844821214676,0.0,0.8020172119140625
12.0,114108.0,0.01809445582330227,0.0,0.8070383071899414
12.0,114112.0,0.018053388223052025,0.0,0.8130927085876465
12.0,114115.0,0.017995893955230713,0.0015339808305725455,0.553804874420166
12.0,114128.0,0.017864476889371872,0.0015339808305725455,0.5780949592590332
12.0,114132.0,0.017848048359155655,0.0015339808305725455,0.5768017768859863
12.0,114135.0,0.017839835956692696,0.0015339808305725455,0.5728716850280762
12.0,114139.0,0.01783572882413864,0.0015339808305725455,0.567756175994873
12.0,114142.0,0.01783572882413864,0.0015339808305725455,0.5630388259887695
12.0,114147.0,0.01783572882413864,0.0,0.8223414421081543
12.0,114150.0,0.01783572882413864,0.0,0.8119001388549805
12.0,114153.0,0.017827514559030533,0.0,0.8046512603759766
12.0,114158.0,0.017811087891459465,0.0,0.7961077690124512
12.0,114162.0,0.017790554091334343,0.0,0.7919769287109375
12.0,114166.0,0.01777002029120922,0.0,0.7880368232727051
12.0,114170.0,0.017753593623638153,0.0,0.7855186462402344
12.0,114173.0,0.017728952690958977,0.0,0.7831850051879883
12.0,114178.0,0.0177043117582798,0.0,0.7809514999389648
12.0,114181.0,0.017687885090708733,0.0,0.7788152694702148
12.0,114185.0,0.017663244158029556,0.0,0.7765941619873047
12.0,114188.0,0.017634496092796326,0.0,0.7759613990783691
12.0,114192.0,0.017613962292671204,0.0,0.775367259979248
12.0,114196.0,0.017577001824975014,0.0,0.7748112678527832
12.0,114200.0,0.017552360892295837,0.0,0.7754292488098145
12.0,114203.0,0.017515400424599648,0.0,0.7775974273681641
12.0,114207.0,0.017478439956903458,0.0,0.779691219329834
12.0,114211.0,0.017445584759116173,0.0,0.78289794921875
12.0,114214.0,0.01739630475640297,0.0,0.7888355255126953
12.0,114218.0,0.017355235293507576,0.0,0.7972784042358398
12.0,114222.0,0.017277207225561142,0.0,0.8067679405212402
12.0,114227.0,0.017207391560077667,0.0015339808305725455,0.5586185455322266
12.0,114231.0,0.017133470624685287,0.0015339808305725455,0.5718774795532227
12.0,114234.0,0.01707186922430992,0.0015339808305725455,0.5858659744262695
12.0,114239.0,0.01701437309384346,0.0015339808305725455,0.5980281829833984
12.0,114242.0,0.016981519758701324,0.0015339808305725455,0.6043996810913086
12.0,114246.0,0.016944559291005135,0.0015339808305725455,0.6083669662475586
12.0,114249.0,0.016915811225771904,0.0015339808305725455,0.6103763580322266
12.0,114253.0,0.016899384558200836,0.0015339808305725455,0.610163688659668
12.0,114256.0,0.016887063160538673,0.0015339808305725455,0.6081290245056152
12.0,114259.0,0.01687474362552166,0.0015339808305725455,0.6053118705749512
12.0,114263.0,0.016870636492967606,0.0015339808305725455,0.5994596481323242
12.0,114267.0,0.016870636492967606,0.0015339808305725455,0.5924797058105469
12.0,114270.0,0.016870636492967606,0.0015339808305725455,0.5874133110046387
12.0,114274.0,0.016870636492967606,0.0015339808305725455,0.5824856758117676
12.0,114278.0,0.01686652936041355,0.0015339808305725455,0.5774807929992676
12.0,114281.0,0.01686652936041355,0.0015339808305725455,0.5728259086608887
12.0,114284.0,0.01686652936041355,0.0015339808305725455,0.5668158531188965
12.0,114288.0,0.01686652936041355,0.0,0.8278450965881348
12.0,114292.0,0.01686652936041355,0.0,0.8162851333618164
12.0,114295.0,0.016862422227859497,0.0,0.8078460693359375
12.0,114298.0,0.016850102692842484,0.0,0.8024039268493652
12.0,114302.0,0.01683778315782547,0.0,0.7971587181091309
12.0,114305.0,0.016821354627609253,0.0,0.793360710144043
12.0,114309.0,0.016804927960038185,0.0,0.7911453247070312
12.0,114321.0,0.016722792759537697,0.0,0.7863631248474121
12.0,114324.0,0.01669815182685852,0.0,0.7855935096740723
12.0,114329.0,0.016665298491716385,0.0,0.7852606773376465
12.0,114333.0,0.016636550426483154,0.0,0.7859025001525879
12.0,114337.0,0.016607802361249924,0.0,0.7854151725769043
12.0,114340.0,0.016583161428570747,0.0,0.7862915992736816
12.0,114343.0,0.016546200960874557,0.0,0.7882709503173828
12.0,114349.0,0.016496919095516205,0.0,0.7934908866882324
12.0,114353.0,0.016451746225357056,0.0015339808305725455,0.5312528610229492
12.0,114357.0,0.01639835722744465,0.0015339808305725455,0.5415072441101074
12.0,114360.0,0.016357289627194405,0.0015339808305725455,0.5529298782348633
12.0,114363.0,0.01631622202694416,0.0015339808305725455,0.5599117279052734
12.0,114367.0,0.016291581094264984,0.0015339808305725455,0.5653634071350098
12.0,114370.0,0.016266940161585808,0.0015339808305725455,0.5679693222045898
12.0,114374.0,0.016246406361460686,0.0015339808305725455,0.5704612731933594
12.0,114378.0,0.016225872561335564,0.0015339808305725455,0.5702571868896484
12.0,114381.0,0.01621355302631855,0.0015339808305725455,0.5686392784118652
12.0,114384.0,0.01620533876121044,0.0015339808305725455,0.567131519317627
12.0,114388.0,0.016197124496102333,0.0015339808305725455,0.5642995834350586
12.0,114392.0,0.016193019226193428,0.0015339808305725455,0.5615677833557129
12.0,114395.0,0.016193019226193428,0.0015339808305725455,0.5576295852661133
12.0,114399.0,0.016188912093639374,0.0015339808305725455,0.5537481307983398
12.0,114402.0,0.016188912093639374,0.0015339808305725455,0.548734188079834
12.0,114406.0,0.016188912093639374,0.0,0.8077893257141113
12.0,114409.0,0.016188912093639374,0.0,0.8012104034423828
12.0,114412.0,0.01617659069597721,0.0,0.7961626052856445
12.0,114416.0,0.016160164028406143,0.0,0.7914247512817383
12.0,114420.0,0.01613963022828102,0.0,0.7908916473388672
12.0,114423.0,0.016114989295601845,0.0,0.7915191650390625
12.0,114427.0,0.016078028827905655,0.0,0.7950301170349121
12.0,114431.0,0.016032854095101357,0.0,0.5313315391540527
12.0,114434.0,0.015983572229743004,0.0015339808305725455,0.5403413772583008
12.0,114438.0,0.01594250462949276,0.0015339808305725455,0.5519514083862305
12.0,114442.0,0.01590554416179657,0.0015339808305725455,0.5577044486999512
12.0,114446.0,0.01587679609656334,0.0015339808305725455,0.5634102821350098
12.0,114450.0,0.015856262296438217,0.0015339808305725455,0.5634956359863281
12.0,114453.0,0.015848049893975258,0.0015339808305725455,0.560943603515625
12.0,114457.0,0.015848049893975258,0.0015339808305725455,0.5557971000671387
12.0,114460.0,0.015848049893975258,0.0015339808305725455,0.5520586967468262
12.0,114464.0,0.015848049893975258,0.0015339808305725455,0.5484204292297363
12.0,114468.0,0.015848049893975258,0.0015339808305725455,0.5437207221984863
12.0,114473.0,0.015848049893975258,0.0,0.8019700050354004
12.0,114478.0,0.015843942761421204,0.0,0.790611743927002
12.0,114481.0,0.01583162136375904,0.0,0.7848348617553711
12.0,114485.0,0.015819301828742027,0.0,0.780637264251709
12.0,114489.0,0.015798768028616905,0.0,0.7789421081542969
12.0,114492.0,0.015782341361045837,0.0,0.7776689529418945
12.0,114496.0,0.01575770042836666,0.0,0.7760858535766602
12.0,114499.0,0.01572895236313343,0.0,0.7762622833251953
12.0,114503.0,0.01570020616054535,0.0,0.7787666320800781
12.0,114515.0,0.015564681962132454,0.0015339808305725455,0.5367202758789062
12.0,114519.0,0.01549486629664898,0.0015339808305725455,0.549738883972168
12.0,114522.0,0.01544969156384468,0.0015339808305725455,0.5638647079467773
12.0,114526.0,0.015392197296023369,0.0015339808305725455,0.578829288482666
12.0,114529.0,0.015334702096879482,0.0015339808305725455,0.5880270004272461
12.0,114534.0,0.01527720782905817,0.0015339808305725455,0.6008000373840332
12.0,114539.0,0.01521149929612875,0.0015339808305725455,0.6141376495361328
12.0,114543.0,0.015162217430770397,0.0015339808305725455,0.6233172416687012
12.0,114547.0,0.015117042697966099,0.0015339808305725455,0.6308341026306152
12.0,114551.0,0.015075975097715855,0.0015339808305725455,0.6367478370666504
12.0,114554.0,0.015047227963805199,0.0015339808305725455,0.641118049621582
12.0,114558.0,0.015010266564786434,0.0015339808305725455,0.6453428268432617
12.0,114561.0,0.014981519430875778,0.003067961661145091,0.3791828155517578
12.0,114567.0,0.014956878498196602,0.003067961661145091,0.3841738700866699
12.0,114570.0,0.014956878498196602,0.003067961661145091,0.3825502395629883
12.0,114573.0,0.014956878498196602,0.0015339808305725455,0.6463584899902344
12.0,114577.0,0.014956878498196602,0.0015339808305725455,0.6383776664733887
12.0,114581.0,0.014952772296965122,0.0015339808305725455,0.6339297294616699
12.0,114584.0,0.014948665164411068,0.0015339808305725455,0.6277556419372559
12.0,114588.0,0.014948665164411068,0.0015339808305725455,0.6222643852233887
12.0,114591.0,0.014944558963179588,0.0015339808305725455,0.6164994239807129
12.0,114594.0,0.014944558963179588,0.0015339808305725455,0.611323356628418
12.0,114598.0,0.014940451830625534,0.0015339808305725455,0.6059751510620117
12.0,114601.0,0.014940451830625534,0.0015339808305725455,0.6010913848876953
12.0,114605.0,0.014940451830625534,0.0015339808305725455,0.5947895050048828
12.0,114609.0,0.014940451830625534,0.0015339808305725455,0.5902152061462402
12.0,114612.0,0.014940451830625534,0.0015339808305725455,0.5843110084533691
12.0,114616.0,0.014940451830625534,0.0015339808305725455,0.5786218643188477
12.0,114619.0,0.014940451830625534,0.0015339808305725455,0.574491024017334
12.0,114622.0,0.014940451830625534,0.0015339808305725455,0.570472240447998
12.0,114627.0,0.014940451830625534,0.0015339808305725455,0.565284252166748
12.0,114630.0,0.014940451830625534,0.0015339808305725455,0.5602831840515137
12.0,114633.0,0.014940451830625534,0.0015339808305725455,0.5566501617431641
12.0,114637.0,0.014940451830625534,0.0015339808305725455,0.5519576072692871
12.0,114640.0,0.014940451830625534,0.0015339808305725455,0.548548698425293
12.0,114644.0,0.014940451830625534,0.0015339808305725455,0.5441441535949707
12.0,114648.0,0.014940451830625534,0.0015339808305725455,0.5409440994262695
12.0,114651.0,0.014940451830625534,0.0015339808305725455,0.5368084907531738
12.0,114654.0,0.014940451830625534,0.0015339808305725455,0.5338029861450195
12.0,114659.0,0.014940451830625534,0.0015339808305725455,0.5289678573608398
12.0,114663.0,0.014940451830625534,0.0015339808305725455,0.5261683464050293
12.0,114668.0,0.014940451830625534,0.0015339808305725455,0.5216636657714844
12.0,114671.0,0.014940451830625534,0.0015339808305725455,0.5181994438171387
12.0,114675.0,0.014940451830625534,0.0015339808305725455,0.5148539543151855
12.0,114678.0,0.014940451830625534,0.0015339808305725455,0.512420654296875
12.0,114682.0,0.014940451830625534,0.0015339808305725455,0.5100488662719727
12.0,114685.0,0.014940451830625534,0.0,0.7723746299743652
12.0,114689.0,0.014940451830625534,0.0,0.7634849548339844
12.0,114692.0,0.01493634469807148,0.0,0.758368968963623
12.0,114696.0,0.01493223849684,0.0,0.7533988952636719
12.0,114708.0,0.014907597564160824,0.0,0.7375411987304688
12.0,114711.0,0.01489938423037529,0.0,0.7326540946960449
12.0,114714.0,0.014895277097821236,0.0,0.7284297943115234
12.0,114718.0,0.014887063764035702,0.0,0.7238616943359375
12.0,114723.0,0.014878850430250168,0.0,0.7194652557373047
12.0,114728.0,0.01487063616514206,0.0,0.7135391235351562
12.0,114732.0,0.014862422831356525,0.0,0.7095413208007812
12.0,114735.0,0.014858316630125046,0.0,0.7043652534484863
12.0,114739.0,0.014854209497570992,0.0,0.6993680000305176
12.0,114742.0,0.014850102365016937,0.0,0.6960692405700684
12.0,114746.0,0.014845996163785458,0.0,0.6913776397705078
12.0,114750.0,0.014841889031231403,0.0,0.6883244514465332
12.0,114753.0,0.014841889031231403,0.0,0.682586669921875
12.0,114757.0,0.014837781898677349,0.0,0.6797633171081543
12.0,114760.0,0.014837781898677349,0.0,0.6743369102478027
12.0,114764.0,0.01483367569744587,0.0,0.6717514991760254
12.0,114768.0,0.01483367569744587,0.0,0.6666145324707031
12.0,114771.0,0.01483367569744587,0.0,0.6616630554199219
12.0,114774.0,0.01483367569744587,0.0,0.6580657958984375
12.0,114778.0,0.014829568564891815,0.0,0.6547513008117676
10.0,114782.0,0.014829568564891815,0.0,-7.348659515380859
10.0,114785.0,0.014858316630125046,0.0,-7.362553119659424
10.0,114789.0,0.015174537897109985,0.0,-7.258998870849609
10.0,114792.0,0.015778234228491783,-0.003067961661145091,-7.216895580291748
10.0,114796.0,0.01698562689125538,-0.0076699042692780495,-6.593302249908447
10.0,114800.0,0.018726900219917297,-0.013805827125906944,-6.143482685089111
10.0,114804.0,0.020866530016064644,-0.023009711876511574,-5.352560520172119
10.0,114808.0,0.023355236276984215,-0.03221359848976135,-4.587111949920654
10.0,114812.0,0.026143737137317657,-0.04295146465301514,-3.659703254699707
10.0,114815.0,0.029088295996189117,-0.05522330850362778,-2.525852918624878
10.0,114819.0,0.03217659145593643,-0.06749515980482101,-1.4507619142532349
10.0,114823.0,0.03449281305074692,-0.07669904083013535,-0.3813621997833252
10.0,114827.0,0.03750307857990265,-0.09050486981868744,0.6996980309486389
10.0,114830.0,0.03968788683414459,-0.09817477315664291,1.5406947135925293
10.0,114834.0,0.0423983559012413,-0.11044661700725555,2.4214887619018555
10.0,114838.0,0.04478028789162636,-0.11965050548315048,3.145012378692627
10.0,114841.0,0.04633675515651703,-0.12732040882110596,3.8930654525756836
10.0,114844.0,0.047646816819906235,-0.13345633447170258,4.562776565551758
10.0,114849.0,0.04922381788492203,-0.14112623035907745,5.121882438659668
10.0,114853.0,0.04992607980966568,-0.1457281857728958,5.510178565979004
10.0,114857.0,0.050098564475774765,-0.14726215600967407,5.636087417602539
10.0,114860.0,0.04978644847869873,-0.14726215600967407,5.63255500793457
10.0,114864.0,0.04928131401538849,-0.1457281857728958,5.436106204986572
10.0,114868.0,0.04825051501393318,-0.14419420063495636,5.386586666107178
10.0,114871.0,0.04723614081740379,-0.14112623035907745,4.919376373291016
10.0,114875.0,0.04516632482409477,-0.13499031960964203,4.559249401092529
10.0,114879.0,0.04370841756463051,-0.1288543939590454,3.760061502456665
10.0,114883.0,0.041572894901037216,-0.12271846830844879,3.4121804237365723
10.0,114887.0,0.03927310183644295,-0.11351457983255386,2.4632582664489746
10.0,114890.0,0.037462010979652405,-0.1089126393198967,2.1011574268341064
10.0,114902.0,0.030139630660414696,-0.08283496648073196,-0.28346553444862366
10.0,114906.0,0.027864476665854454,-0.07669904083013535,-0.6799448132514954
10.0,114909.0,0.02574538066983223,-0.06902913749217987,-1.2781357765197754
10.0,114913.0,0.02429979480803013,-0.06596117466688156,-1.3816777467727661
10.0,114917.0,0.0225954819470644,-0.05982525274157524,-1.949162483215332
10.0,114920.0,0.021490760147571564,-0.058291271328926086,-2.0664985179901123
10.0,114923.0,0.02027515321969986,-0.05368933081626892,-2.35233736038208
10.0,114927.0,0.019564682617783546,-0.052155349403619766,-2.376253843307495
10.0,114930.0,0.01887884922325611,-0.052155349403619766,-2.2566020488739014
10.0,114934.0,0.018554415553808212,-0.05368933081626892,-1.9189249277114868
10.0,114938.0,0.01837371662259102,-0.05368933081626892,-1.932219386100769
10.0,114941.0,0.018414784222841263,-0.05675728991627693,-1.4799202680587769
10.0,114945.0,0.018554415553808212,-0.05982525274157524,-1.0839771032333374
10.0,114949.0,0.018833676353096962,-0.06289321184158325,-0.7300980091094971
10.0,114952.0,0.01916632428765297,-0.06596117466688156,-0.3427334129810333
10.0,114957.0,0.019515400752425194,-0.06902913749217987,-0.019491128623485565
10.0,114960.0,0.01976180635392666,-0.07209710031747818,0.5775065422058105
10.0,114963.0,0.020028747618198395,-0.07669904083013535,0.9677366614341736
10.0,114968.0,0.020221766084432602,-0.07976700365543365,1.323913335800171
10.0,114972.0,0.020110882818698883,-0.08743690699338913,2.3357365131378174
10.0,114983.0,0.019852155819535255,-0.08897088468074799,2.5577709674835205
10.0,114987.0,0.019490759819746017,-0.09050486981868744,2.815079927444458
10.0,114990.0,0.019133470952510834,-0.09050486981868744,2.8309390544891357
10.0,114994.0,0.018537987023591995,-0.09050486981868744,2.8721566200256348
10.0,114998.0,0.017811087891459465,-0.0920388475060463,3.2282962799072266
10.0,115001.0,0.01718275062739849,-0.09050486981868744,3.0864593982696533
10.0,115004.0,0.016217658296227455,-0.09050486981868744,3.213244915008545
10.0,115009.0,0.01511293649673462,-0.08897088468074799,3.150897979736328
10.0,115012.0,0.014188911765813828,-0.08743690699338913,3.131554126739502
10.0,115016.0,0.012509239837527275,-0.08590292930603027,3.149240732192993
10.0,115020.0,0.011416837573051453,-0.08283496648073196,2.932149648666382
10.0,115024.0,0.009856263175606728,-0.08130098134279251,2.930088758468628
10.0,115028.0,0.008205338381230831,-0.07669904083013535,2.5032873153686523
10.0,115032.0,0.006036960985511541,-0.07363107800483704,2.4779586791992188
10.0,115036.0,0.004694045055657625,-0.06749515980482101,1.9402244091033936
10.0,115041.0,0.0024147843942046165,-0.06596117466688156,2.001405954360962
10.0,115044.0,0.0005749486736021936,-0.061359234154224396,1.6393088102340698
10.0,115048.0,-0.0008049281314015388,-0.05675728991627693,1.2756986618041992
10.0,115052.0,-0.002620123093947768,-0.05368933081626892,1.175466775894165
10.0,115056.0,-0.00439835712313652,-0.05062136799097061,0.9518362283706665
10.0,115059.0,-0.006110882852226496,-0.0475534051656723,0.8179184198379517
10.0,115063.0,-0.007355235982686281,-0.04601942375302315,0.8355973958969116
10.0,115067.0,-0.008924024179577827,-0.04295146465301514,0.6509397625923157
10.0,115070.0,-0.010053387843072414,-0.03988350182771683,0.43491876125335693
10.0,115073.0,-0.011466119438409805,-0.03834952041506767,0.3877064883708954
10.0,115077.0,-0.012784394435584545,-0.03681553900241852,0.38083046674728394
10.0,115081.0,-0.013704312033951283,-0.03681553900241852,0.6091935634613037
10.0,115085.0,-0.014858316630125046,-0.03528155758976936,0.4872824251651764
10.0,115089.0,-0.015921970829367638,-0.03681553900241852,0.9270660281181335
10.0,115093.0,-0.016891170293092728,-0.03528155758976936,0.7907880544662476
10.0,115105.0,-0.01948254555463791,-0.03681553900241852,1.3465566635131836
10.0,115109.0,-0.020271047949790955,-0.03834952041506767,1.671960473060608
10.0,115113.0,-0.021055441349744797,-0.03834952041506767,1.7091034650802612
10.0,115117.0,-0.022041067481040955,-0.03988350182771683,2.037447690963745
10.0,115121.0,-0.02265297807753086,-0.03988350182771683,2.089946985244751
10.0,115124.0,-0.023523613810539246,-0.04141748324036598,2.409928798675537
10.0,115129.0,-0.02445995807647705,-0.04141748324036598,2.4931018352508545
10.0,115132.0,-0.02547433227300644,-0.04295146465301514,2.8649637699127197
10.0,115137.0,-0.026570841670036316,-0.04141748324036598,2.723940134048462
10.0,115141.0,-0.02776591293513775,-0.04141748324036598,2.879704713821411
10.0,115145.0,-0.029055440798401833,-0.04141748324036598,3.1190855503082275
10.0,115149.0,-0.03045995905995369,-0.03988350182771683,3.017333745956421
10.0,115153.0,-0.031954824924468994,-0.03834952041506767,2.998582124710083
10.0,115158.0,-0.03397535905241966,-0.03528155758976936,2.8198704719543457
10.0,115163.0,-0.03612731024622917,-0.030679617077112198,2.4988253116607666
10.0,115167.0,-0.03838193044066429,-0.029145635664463043,2.5836093425750732
10.0,115171.0,-0.03977823257446289,-0.02454369328916073,2.1477770805358887
10.0,115176.0,-0.04263655096292496,-0.02147573232650757,2.088068962097168
10.0,115180.0,-0.04409034922719002,-0.01840776950120926,1.945504069328308
10.0,115184.0,-0.046024639159440994,-0.015339808538556099,1.7007935047149658
10.0,115188.0,-0.047954823821783066,-0.012271846644580364,1.5553481578826904
10.0,115192.0,-0.049864474684000015,-0.0076699042692780495,1.1322612762451172
10.0,115197.0,-0.0521807000041008,-0.006135923322290182,1.3208153247833252
10.0,115202.0,-0.054850101470947266,-0.0015339808305725455,1.026926040649414
10.0,115206.0,-0.05652977526187897,0.0015339808305725455,0.795103907585144
10.0,115210.0,-0.05774127319455147,0.003067961661145091,0.8111568689346313
10.0,115214.0,-0.059285420924425125,0.006135923322290182,0.4656173884868622
10.0,115217.0,-0.06072689965367317,0.006135923322290182,0.6935837864875793
10.0,115222.0,-0.06207802891731262,0.0076699042692780495,0.619518518447876
10.0,115227.0,-0.06363449990749359,0.00920388475060463,0.5824732184410095
10.0,115231.0,-0.06479261070489883,0.0076699042692780495,0.9438731670379639
10.0,115235.0,-0.06586447358131409,0.00920388475060463,0.7891439199447632
10.0,115239.0,-0.06687474250793457,0.0076699042692780495,1.1085604429244995
10.0,115242.0,-0.06758932024240494,0.0076699042692780495,1.1572620868682861
10.0,115246.0,-0.06852566450834274,0.006135923322290182,1.4626644849777222
10.0,115249.0,-0.06921149790287018,0.006135923322290182,1.4832545518875122
10.0,115252.0,-0.07010677456855774,0.004601942375302315,1.7667995691299438
10.0,115257.0,-0.07101437449455261,0.004601942375302315,1.7881691455841064
10.0,115260.0,-0.07170841842889786,0.003067961661145091,2.0806074142456055
10.0,115264.0,-0.07264476269483566,0.003067961661145091,2.100888967514038
10.0,115268.0,-0.07364270836114883,0.0015339808305725455,2.4132838249206543
10.0,115271.0,-0.07468172162771225,0.003067961661145091,2.2002735137939453
10.0,115275.0,-0.07551129162311554,0.0015339808305725455,2.545832395553589
10.0,115278.0,-0.07667350769042969,0.003067961661145091,2.350494146347046
10.0,115282.0,-0.07759343087673187,0.003067961661145091,2.4630110263824463
10.0,115286.0,-0.07887474447488785,0.003067961661145091,2.601323127746582
10.0,115290.0,-0.0802299827337265,0.004601942375302315,2.4468677043914795
10.0,115293.0,-0.08129363507032394,0.004601942375302315,2.6243722438812256
10.0,115297.0,-0.08278028666973114,0.006135923322290182,2.5032594203948975
10.0,115309.0,-0.08759753406047821,0.012271846644580364,2.204500913619995
10.0,115312.0,-0.08928541839122772,0.015339808538556099,1.8649641275405884
10.0,115316.0,-0.09098562598228455,0.016873789951205254,1.8649593591690063
10.0,115320.0,-0.09226283431053162,0.019941750913858414,1.530613660812378
10.0,115323.0,-0.0935482531785965,0.02147573232650757,1.539312720298767
10.0,115327.0,-0.09524846076965332,0.02454369328916073,1.2045471668243408
10.0,115330.0,-0.09693223983049393,0.02454369328916073,1.4740378856658936
10.0,115334.0,-0.09817659109830856,0.029145635664463043,0.9281190633773804
10.0,115338.0,-0.0997905507683754,0.029145635664463043,1.1140990257263184
10.0,115341.0,-0.10096509009599686,0.03221359848976135,0.8070854544639587
10.0,115344.0,-0.10283367335796356,0.03528155758976936,0.5236350297927856
10.0,115351.0,-0.10457905381917953,0.03528155758976936,0.702124834060669
10.0,115355.0,-0.10588090121746063,0.03834952041506767,0.31193575263023376
10.0,115359.0,-0.10709650814533234,0.03681553900241852,0.7039473652839661
10.0,115362.0,-0.10795071721076965,0.03834952041506767,0.5262691974639893
10.0,115366.0,-0.1090225875377655,0.03681553900241852,0.5910171866416931
10.0,115369.0,-0.1097618043422699,0.03834952041506767,0.6185229420661926
10.0,115373.0,-0.11068583279848099,0.03681553900241852,0.9023169875144958
10.0,115377.0,-0.11154825240373611,0.03834952041506767,0.6332098245620728
10.0,115380.0,-0.11215195059776306,0.03528155758976936,1.1490449905395508
10.0,115383.0,-0.1129281297326088,0.03681553900241852,0.8560677170753479
10.0,115387.0,-0.1134907603263855,0.03374757990241051,1.3535488843917847
10.0,115390.0,-0.11422176659107208,0.03528155758976936,1.045674204826355
10.0,115394.0,-0.11477207392454147,0.03221359848976135,1.5365214347839355
10.0,115398.0,-0.11550718545913696,0.03221359848976135,1.4977797269821167
10.0,115401.0,-0.11606159806251526,0.029145635664463043,1.9862101078033447
10.0,115404.0,-0.11662422865629196,0.030679617077112198,1.6836203336715698
10.0,115408.0,-0.11739630252122879,0.02761165425181389,2.184465169906616
10.0,115412.0,-0.11819712817668915,0.029145635664463043,1.8914124965667725
10.0,115415.0,-0.11883778125047684,0.02761165425181389,2.1488873958587646
10.0,115419.0,-0.1197412759065628,0.02761165425181389,2.1508452892303467
10.0,115422.0,-0.12044763565063477,0.026077674701809883,2.4372012615203857
10.0,115427.0,-0.12171252816915512,0.02761165425181389,2.2056543827056885
10.0,115430.0,-0.12251334637403488,0.02761165425181389,2.2641751766204834
10.0,115433.0,-0.12363860011100769,0.029145635664463043,2.054666042327881
10.0,115437.0,-0.12452156096696854,0.02761165425181389,2.3949155807495117
10.0,115440.0,-0.12543326616287231,0.030679617077112198,1.967050552368164
10.0,115443.0,-0.12669815123081207,0.030679617077112198,2.062997341156006
10.0,115447.0,-0.12767146527767181,0.03221359848976135,1.664389729499817
10.0,115451.0,-0.12899795174598694,0.03374757990241051,1.7795249223709106
10.0,115454.0,-0.13001231849193573,0.03528155758976936,1.4034429788589478
10.0,115458.0,-0.1313675493001938,0.03681553900241852,1.5272035598754883
10.0,115461.0,-0.13238604366779327,0.03988350182771683,1.1536121368408203
10.0,115464.0,-0.13339219987392426,0.03988350182771683,1.2762800455093384
10.0,115468.0,-0.13470636308193207,0.04141748324036598,0.8920879364013672
10.0,115472.0,-0.1363203227519989,0.04295146465301514,1.0442010164260864
10.0,115477.0,-0.1375441551208496,0.04448544234037399,0.9966059923171997
10.0,115483.0,-0.13928541541099548,0.0475534051656723,0.5618322491645813
10.0,115487.0,-0.14036549627780914,0.0475534051656723,0.6443622708320618
10.0,115491.0,-0.14137987792491913,0.04908738657832146,0.42557549476623535
10.0,115503.0,-0.1440410614013672,0.04908738657832146,0.5083804130554199
10.0,115507.0,-0.14478850364685059,0.0475534051656723,0.761747419834137
10.0,115510.0,-0.14531005918979645,0.04908738657832146,0.456673800945282
10.0,115514.0,-0.14596304297447205,0.0475534051656723,0.6904099583625793
10.0,115517.0,-0.14655441045761108,0.0475534051656723,0.6231874227523804
10.0,115521.0,-0.14698152244091034,0.04448544234037399,1.0855178833007812
10.0,115524.0,-0.1475030779838562,0.04601942375302315,0.7450761198997498
10.0,115528.0,-0.14800409972667694,0.04295146465301514,1.1885617971420288
10.0,115533.0,-0.14848870038986206,0.04295146465301514,1.0581094026565552
10.0,115538.0,-0.1490759700536728,0.04141748324036598,1.1935348510742188
10.0,115542.0,-0.1495605707168579,0.03988350182771683,1.387860655784607
10.0,115545.0,-0.15004517138004303,0.03834952041506767,1.5521079301834106
10.0,115549.0,-0.15056674182415009,0.03681553900241852,1.7302569150924683
10.0,115553.0,-0.15097741782665253,0.03681553900241852,1.6683627367019653
10.0,115557.0,-0.15156057476997375,0.03528155758976936,1.867984652519226
10.0,115560.0,-0.15203285217285156,0.03528155758976936,1.8142695426940918
10.0,115563.0,-0.15268993377685547,0.03374757990241051,2.051811933517456
10.0,115569.0,-0.15359343588352203,0.03528155758976936,1.7534782886505127
10.0,115573.0,-0.15437372028827667,0.03374757990241051,2.0224146842956543
10.0,115577.0,-0.15518686175346375,0.03528155758976936,1.7662385702133179
10.0,115580.0,-0.15583573281764984,0.03528155758976936,1.797853946685791
10.0,115584.0,-0.1567186862230301,0.03681553900241852,1.559984803199768
10.0,115588.0,-0.1576509177684784,0.03681553900241852,1.6143956184387207
10.0,115591.0,-0.15836961567401886,0.03681553900241852,1.6864349842071533
10.0,115595.0,-0.1593470275402069,0.03834952041506767,1.4738095998764038
10.0,115599.0,-0.16033264994621277,0.03988350182771683,1.2887871265411377
10.0,115602.0,-0.16107186675071716,0.04141748324036598,1.1048712730407715
10.0,115606.0,-0.1620410680770874,0.04141748324036598,1.1852881908416748
10.0,115609.0,-0.16275975108146667,0.04295146465301514,0.9744829535484314
10.0,115613.0,-0.16369199752807617,0.04448544234037399,0.7620745897293091
10.0,115617.0,-0.16459137201309204,0.04601942375302315,0.5588992238044739
10.0,115620.0,-0.16523614525794983,0.04601942375302315,0.6143915057182312
10.0,115624.0,-0.1660328507423401,0.0475534051656723,0.3718346357345581
10.0,115627.0,-0.16676796972751617,0.04601942375302315,0.6632649302482605
10.0,115631.0,-0.16728131473064423,0.0475534051656723,0.3920326828956604
10.0,115634.0,-0.1678973287343979,0.04601942375302315,0.6488239765167236
10.0,115638.0,-0.16832853853702545,0.0475534051656723,0.3464948236942291
10.0,115641.0,-0.168845996260643,0.04601942375302315,0.5803123116493225
10.0,115644.0,-0.1692032814025879,0.04601942375302315,0.5345567464828491
10.0,115649.0,-0.16963860392570496,0.04601942375302315,0.46600282192230225
10.0,115652.0,-0.16994249820709229,0.04601942375302315,0.3798932433128357
10.0,115656.0,-0.17045585811138153,0.04295146465301514,0.7918335199356079
10.0,115663.0,-0.17083367705345154,0.04141748324036598,0.920328676700592
10.0,115667.0,-0.17110882699489594,0.04141748324036598,0.7979058623313904
10.0,115670.0,-0.17131006717681885,0.03834952041506767,1.2148874998092651
10.0,115674.0,-0.17157289385795593,0.03988350182771683,0.8486300706863403
10.0,115678.0,-0.1718275099992752,0.03681553900241852,1.2622060775756836
10.0,115681.0,-0.17203284800052643,0.03681553900241852,1.1405258178710938
10.0,115684.0,-0.17229978740215302,0.03528155758976936,1.3190401792526245
10.0,115689.0,-0.17259137332439423,0.03528155758976936,1.2073088884353638
10.0,115701.0,-0.17362217605113983,0.03221359848976135,1.444337010383606
10.0,115705.0,-0.17402464151382446,0.03221359848976135,1.6492406129837036
10.0,115708.0,-0.17447638511657715,0.030679617077112198,1.6078517436981201
10.0,115712.0,-0.17482136189937592,0.030679617077112198,1.5627373456954956
10.0,115716.0,-0.17532648146152496,0.030679617077112198,1.5383667945861816
10.0,115719.0,-0.1757330596446991,0.030679617077112198,1.5199204683303833
10.0,115723.0,-0.17643532156944275,0.03221359848976135,1.2411304712295532
10.0,115729.0,-0.17719507217407227,0.030679617077112198,1.5195926427841187
10.0,115732.0,-0.17765502631664276,0.03221359848976135,1.2634907960891724
10.0,115736.0,-0.17828747630119324,0.03221359848976135,1.2858314514160156
10.0,115740.0,-0.17892813682556152,0.03374757990241051,1.0358918905258179
10.0,115743.0,-0.17941273748874664,0.03374757990241051,1.0670387744903564
10.0,115747.0,-0.18006160855293274,0.03528155758976936,0.8241854906082153
10.0,115750.0,-0.18052977323532104,0.03528155758976936,0.8528381586074829
10.0,115753.0,-0.1811375766992569,0.03681553900241852,0.6034659147262573
10.0,115757.0,-0.18158110976219177,0.03681553900241852,0.6213667392730713
10.0,115760.0,-0.18213552236557007,0.03681553900241852,0.6286367774009705
10.0,115764.0,-0.1825379878282547,0.03681553900241852,0.6335139274597168
10.0,115768.0,-0.18303900957107544,0.03834952041506767,0.3635324537754059
10.0,115772.0,-0.18349075317382812,0.03681553900241852,0.6136977076530457
10.0,115775.0,-0.18389321863651276,0.03834952041506767,0.31550338864326477
10.0,115779.0,-0.18416427075862885,0.03681553900241852,0.2698560059070587
10.0,115782.0,-0.1844887137413025,0.03681553900241852,0.4994075298309326
10.0,115786.0,-0.18471458554267883,0.03681553900241852,0.43528449535369873
10.0,115790.0,-0.1849692016839981,0.03681553900241852,0.37953731417655945
10.0,115793.0,-0.1851375699043274,0.03681553900241852,0.2938615679740906
10.0,115797.0,-0.18537576496601105,0.03528155758976936,0.4714813530445099
10.0,115801.0,-0.18550308048725128,0.03528155758976936,0.39586421847343445
10.0,115804.0,-0.1856180727481842,0.03374757990241051,0.5640873312950134
10.0,115808.0,-0.18576180934906006,0.03221359848976135,0.45376765727996826
10.0,115811.0,-0.18587680160999298,0.030679617077112198,0.9064154028892517
10.0,115815.0,-0.18596303462982178,0.030679617077112198,0.790216326713562
10.0,115819.0,-0.1860944628715515,0.029145635664463043,0.9418990612030029
10.0,115823.0,-0.18620944023132324,0.029145635664463043,0.8295584917068481
10.0,115827.0,-0.18630801141262054,0.026077674701809883,1.2611992359161377
10.0,115831.0,-0.1864476352930069,0.02761165425181389,0.8929252028465271
10.0,115834.0,-0.18657083809375763,0.026077674701809883,1.3598849773406982
10.0,115838.0,-0.1867433339357376,0.026077674701809883,1.0234911441802979
10.0,115841.0,-0.18689528107643127,0.02454369328916073,1.212269902229309
10.0,115844.0,-0.1871047168970108,0.02454369328916073,1.1556438207626343
10.0,115849.0,-0.18733881413936615,0.023009711876511574,1.3401823043823242
10.0,115854.0,-0.1876755654811859,0.023009711876511574,1.2889139652252197
10.0,115858.0,-0.18796715140342712,0.023009711876511574,1.2423253059387207
10.0,115861.0,-0.18819302320480347,0.023009711876511574,1.2036882638931274
10.0,115865.0,-0.1885010302066803,0.023009711876511574,1.1756161451339722
10.0,115868.0,-0.18881313502788544,0.023009711876511574,1.141803503036499
10.0,115872.0,-0.1890554428100586,0.023009711876511574,1.1188831329345703
10.0,115875.0,-0.18938809633255005,0.023009711876511574,1.0950509309768677
10.0,115879.0,-0.18963859975337982,0.023009711876511574,0.8056660294532776
10.0,115883.0,-0.1899876743555069,0.023009711876511574,1.0657252073287964
10.0,115895.0,-0.19104722142219543,0.02454369328916073,0.7677860260009766
10.0,115899.0,-0.1913880854845047,0.02454369328916073,0.7569189071655273
10.0,115902.0,-0.19171662628650665,0.02454369328916073,0.7501335740089417
10.0,115906.0,-0.1919548213481903,0.02454369328916073,0.7358866333961487
10.0,115909.0,-0.19226282835006714,0.026077674701809883,0.4582236409187317
10.0,115913.0,-0.19249281287193298,0.02454369328916073,0.4434303939342499
10.0,115917.0,-0.1927802860736847,0.026077674701809883,0.4318479895591736
10.0,115920.0,-0.1929815262556076,0.026077674701809883,0.4057503938674927
10.0,115924.0,-0.19321560859680176,0.026077674701809883,0.3826051950454712
10.0,115928.0,-0.19342094659805298,0.02454369328916073,0.6090649962425232
10.0,115932.0,-0.19358932971954346,0.02454369328916073,0.5602893233299255
10.0,115935.0,-0.19370020925998688,0.02454369328916073,0.4999079704284668
10.0,115939.0,-0.1938152015209198,0.02454369328916073,0.451962411403656
10.0,115942.0,-0.1938932240009308,0.02454369328916073,0.3786231577396393
10.0,115946.0,-0.19396303594112396,0.023009711876511574,0.5706879496574402
10.0,115949.0,-0.19402463734149933,0.023009711876511574,0.5069529414176941
10.0,115953.0,-0.19405749440193176,0.02147573232650757,0.7125701904296875
10.0,115957.0,-0.1940903514623642,0.02147573232650757,0.6208107471466064
10.0,115960.0,-0.19411498308181763,0.019941750913858414,0.8013666272163391
10.0,115963.0,-0.19414784014225006,0.019941750913858414,0.7329727411270142
10.0,115967.0,-0.194184809923172,0.01840776950120926,0.9154590368270874
10.0,115971.0,-0.19421765208244324,0.01840776950120926,0.8299537897109985
10.0,115976.0,-0.1942751556634903,0.016873789951205254,0.9954333305358887
10.0,115980.0,-0.19434496760368347,0.016873789951205254,0.9173452854156494
10.0,115984.0,-0.19439424574375153,0.015339808538556099,1.1091777086257935
10.0,115988.0,-0.1944681704044342,0.015339808538556099,1.0585339069366455
10.0,115991.0,-0.1945585161447525,0.015339808538556099,0.9909630417823792
10.0,115995.0,-0.19462834298610687,0.013805827125906944,1.2136852741241455
10.0,115998.0,-0.1947433203458786,0.013805827125906944,1.1562265157699585
10.0,116002.0,-0.1948459893465042,0.013805827125906944,1.1094292402267456
10.0,116006.0,-0.19500204920768738,0.013805827125906944,1.0698848962783813
10.0,116009.0,-0.19518275558948517,0.012271846644580364,1.3162622451782227
10.0,116013.0,-0.19533470273017883,0.013805827125906944,1.023322582244873
10.0,116017.0,-0.19555236399173737,0.013805827125906944,1.0126649141311646
10.0,116020.0,-0.19572895765304565,0.013805827125906944,1.0025938749313354
10.0,116024.0,-0.19597946107387543,0.013805827125906944,1.0018196105957031
10.0,116028.0,-0.19625051319599152,0.015339808538556099,0.7378392815589905
10.0,116031.0,-0.19646406173706055,0.013805827125906944,1.0201667547225952
10.0,116036.0,-0.19681313633918762,0.015339808538556099,0.7628434896469116
10.0,116040.0,-0.19709651172161102,0.015339808538556099,0.7784367799758911
10.0,116044.0,-0.19737166166305542,0.016873789951205254,0.5309779047966003
10.0,116049.0,-0.19771252572536469,0.016873789951205254,0.5454073548316956
10.0,116052.0,-0.19796304404735565,0.016873789951205254,0.5591968894004822
10.0,116056.0,-0.19814373552799225,0.01840776950120926,0.29901576042175293
10.0,116060.0,-0.19835318624973297,0.016873789951205254,0.5668843984603882
10.0,116064.0,-0.19853387773036957,0.01840776950120926,0.2900697886943817
10.0,116068.0,-0.19868582487106323,0.016873789951205254,0.5430495738983154
10.0,116071.0,-0.19878028333187103,0.01840776950120926,0.24934355914592743
10.0,116074.0,-0.1988583207130432,0.016873789951205254,0.49445098638534546
10.0,116078.0,-0.1989404559135437,0.01840776950120926,0.18726788461208344
10.0,116090.0,-0.1990225911140442,0.015339808538556099,0.5572567582130432
10.0,116093.0,-0.1990225911140442,0.015339808538556099,0.5130547285079956
10.0,116097.0,-0.1990266889333725,0.015339808538556099,0.4505738317966461
10.0,116101.0,-0.1990266889333725,0.013805827125906944,0.6609783172607422
10.0,116104.0,-0.199030801653862,0.013805827125906944,0.615908682346344
10.0,116108.0,-0.199030801653862,0.013805827125906944,0.5563016533851624
10.0,116112.0,-0.1990349143743515,0.012271846644580364,0.7800365090370178
10.0,116115.0,-0.1990431249141693,0.012271846644580364,0.7215732336044312
10.0,116119.0,-0.19905133545398712,0.012271846644580364,0.6670052409172058
10.0,116122.0,-0.19906775653362274,0.010737866163253784,0.8984581232070923
10.0,116126.0,-0.19908419251441956,0.010737866163253784,0.8418869972229004
10.0,116129.0,-0.19910472631454468,0.010737866163253784,0.8048093914985657
10.0,116133.0,-0.1991252601146698,0.010737866163253784,0.7576009631156921
10.0,116137.0,-0.19916221499443054,0.00920388475060463,0.9931610822677612
10.0,116140.0,-0.19919507205486298,0.00920388475060463,0.9476884007453918
10.0,116144.0,-0.19924025237560272,0.00920388475060463,0.9169784188270569
10.0,116147.0,-0.1993100643157959,0.00920388475060463,0.8844025731086731
10.0,116151.0,-0.19937166571617126,0.00920388475060463,0.8574479818344116
10.0,116154.0,-0.19945789873600006,0.00920388475060463,0.8379554152488708
10.0,116159.0,-0.1995893269777298,0.0076699042692780495,1.0852564573287964
10.0,116164.0,-0.19970020651817322,0.00920388475060463,0.7984118461608887
10.0,116168.0,-0.19981519877910614,0.00920388475060463,0.7855095863342285
10.0,116172.0,-0.19993019104003906,0.00920388475060463,0.7775605916976929
10.0,116175.0,-0.2000451683998108,0.00920388475060463,0.7676511406898499
10.0,116179.0,-0.20012730360031128,0.00920388475060463,0.7558155655860901
10.0,116182.0,-0.20022587478160858,0.00920388475060463,0.7454659342765808
10.0,116187.0,-0.20032033324241638,0.00920388475060463,0.7311440706253052
10.0,116190.0,-0.20038603246212006,0.00920388475060463,0.716417133808136
10.0,116193.0,-0.20047639310359955,0.00920388475060463,0.7053040266036987
10.0,116197.0,-0.20054620504379272,0.00920388475060463,0.6921751499176025
10.0,116200.0,-0.20063655078411102,0.00920388475060463,0.6835894584655762
10.0,116204.0,-0.2006981521844864,0.00920388475060463,0.6692639589309692
10.0,116208.0,-0.20077617466449738,0.00920388475060463,0.6544948816299438
10.0,116212.0,-0.20085009932518005,0.00920388475060463,0.6423476934432983
10.0,116215.0,-0.2008952796459198,0.00920388475060463,0.6238676905632019
10.0,116219.0,-0.20095276832580566,0.00920388475060463,0.603755533695221
10.0,116222.0,-0.20100615918636322,0.00920388475060463,0.5807325839996338
10.0,116229.0,-0.20104311406612396,0.00920388475060463,0.5489431023597717
10.0,116233.0,-0.20106364786624908,0.00920388475060463,0.5174376368522644
10.0,116237.0,-0.2010759711265564,0.0076699042692780495,0.7562569975852966
10.0,116240.0,-0.2010800838470459,0.0076699042692780495,0.7208661437034607
10.0,116244.0,-0.2010841816663742,0.0076699042692780495,0.6957492232322693
10.0,116248.0,-0.2010882943868637,0.0076699042692780495,0.6631805896759033
10.0,116251.0,-0.20109650492668152,0.006135923322290182,0.9003661274909973
10.0,116255.0,-0.20110061764717102,0.006135923322290182,0.8738349080085754
10.0,116258.0,-0.20111703872680664,0.006135923322290182,0.8434807658195496
10.0,116262.0,-0.20113347470760345,0.006135923322290182,0.8159011602401733
10.0,116266.0,-0.2011622190475464,0.006135923322290182,0.7936769723892212
10.0,116270.0,-0.20120328664779663,0.006135923322290182,0.7804538011550903
10.0,116273.0,-0.20123614370822906,0.004601942375302315,1.0295464992523193
10.0,116285.0,-0.20142915844917297,0.004601942375302315,0.9958425164222717
10.0,116289.0,-0.20152771472930908,0.004601942375302315,0.7270814180374146
10.0,116292.0,-0.2016344964504242,0.006135923322290182,0.7333440780639648
10.0,116297.0,-0.20176181197166443,0.006135923322290182,0.7444825768470764
10.0,116300.0,-0.20186036825180054,0.006135923322290182,0.7599371075630188
10.0,116304.0,-0.20198768377304077,0.006135923322290182,0.7700351476669312
10.0,116307.0,-0.2021149843931198,0.006135923322290182,0.7838414311408997
10.0,116311.0,-0.2022094428539276,0.0076699042692780495,0.5306006073951721
10.0,116314.0,-0.20233675837516785,0.0076699042692780495,0.5449315905570984
10.0,116318.0,-0.20242710411548615,0.0076699042692780495,0.5614572167396545
10.0,116322.0,-0.20253798365592957,0.0076699042692780495,0.5713281631469727
10.0,116325.0,-0.20262423157691956,0.0076699042692780495,0.5767848491668701
10.0,116329.0,-0.2026776224374771,0.0076699042692780495,0.5770319700241089
10.0,116332.0,-0.20273922383785248,0.0076699042692780495,0.5750693678855896
10.0,116337.0,-0.20278850197792053,0.0076699042692780495,0.5692277550697327
10.0,116340.0,-0.20282956957817078,0.0076699042692780495,0.5612547397613525
10.0,116344.0,-0.2028542160987854,0.0076699042692780495,0.5536782741546631
10.0,116349.0,-0.20287474989891052,0.0076699042692780495,0.5268756151199341
10.0,116354.0,-0.20288296043872833,0.0076699042692780495,0.5094960331916809
10.0,116358.0,-0.20288296043872833,0.0076699042692780495,0.4960784912109375
10.0,116361.0,-0.20288296043872833,0.0076699042692780495,0.4790164828300476
10.0,116364.0,-0.20288296043872833,0.0076699042692780495,0.46682053804397583
10.0,116368.0,-0.20288296043872833,0.0076699042692780495,0.45133107900619507
10.0,116371.0,-0.20288296043872833,0.006135923322290182,0.7071864604949951
10.0,116375.0,-0.20288296043872833,0.006135923322290182,0.6920825839042664
10.0,116378.0,-0.20288705825805664,0.006135923322290182,0.6741777062416077
10.0,116382.0,-0.20289117097854614,0.006135923322290182,0.6617069244384766
10.0,116385.0,-0.20289938151836395,0.006135923322290182,0.6467611193656921
10.0,116389.0,-0.20290349423885345,0.006135923322290182,0.6313257813453674
10.0,116393.0,-0.20290759205818176,0.006135923322290182,0.6206468939781189
10.0,116396.0,-0.20291170477867126,0.006135923322290182,0.6066821217536926
10.0,116400.0,-0.20291170477867126,0.006135923322290182,0.5921675562858582
10.0,116403.0,-0.20291170477867126,0.006135923322290182,0.5818161368370056
10.0,116407.0,-0.20291170477867126,0.004601942375302315,0.8340950608253479
10.0,116410.0,-0.20291581749916077,0.004601942375302315,0.821636438369751
10.0,116413.0,-0.20291991531848907,0.004601942375302315,0.8096950054168701
10.0,116417.0,-0.20292812585830688,0.004601942375302315,0.7967754006385803
10.0,116420.0,-0.2029404491186142,0.004601942375302315,0.7885820865631104
10.0,116423.0,-0.20296098291873932,0.004601942375302315,0.7821310758590698
10.0,116428.0,-0.20298562943935394,0.004601942375302315,0.7749513983726501
10.0,116431.0,-0.20301026105880737,0.004601942375302315,0.7709859609603882
10.0,116435.0,-0.2030431181192398,0.004601942375302315,0.7682951092720032
10.0,116439.0,-0.20308829843997955,0.004601942375302315,0.7690992951393127
10.0,116442.0,-0.2031252533197403,0.004601942375302315,0.7714942097663879
10.0,116446.0,-0.20318275690078735,0.004601942375302315,0.7781131267547607
10.0,116449.0,-0.2032320350408554,0.004601942375302315,0.785471498966217
10.0,116452.0,-0.2033100575208664,0.006135923322290182,0.5272231698036194
10.0,116457.0,-0.20339630544185638,0.006135923322290182,0.5477665066719055
10.0,116460.0,-0.20346201956272125,0.006135923322290182,0.5691734552383423
10.0,116463.0,-0.20352362096309662,0.006135923322290182,0.5815622806549072
10.0,116477.0,-0.20375770330429077,0.0076699042692780495,0.35796090960502625
10.0,116482.0,-0.20381109416484833,0.0076699042692780495,0.37102648615837097
10.0,116485.0,-0.20382751524448395,0.0076699042692780495,0.37280675768852234
10.0,116490.0,-0.20383162796497345,0.0076699042692780495,0.3707520663738251
10.0,116493.0,-0.20383162796497345,0.0076699042692780495,0.36770370602607727
10.0,116497.0,-0.20383162796497345,0.0076699042692780495,0.36565518379211426
10.0,116500.0,-0.20383162796497345,0.0076699042692780495,0.36322930455207825
10.0,116503.0,-0.20383162796497345,0.0076699042692780495,0.36163148283958435
10.0,116507.0,-0.20383162796497345,0.0076699042692780495,0.3597859740257263
10.0,116511.0,-0.20383162796497345,0.0076699042692780495,0.3582540452480316
10.0,116514.0,-0.20383162796497345,0.0076699042692780495,0.3573035001754761
10.0,116518.0,-0.20383162796497345,0.0076699042692780495,0.35629117488861084
10.0,116522.0,-0.20383162796497345,0.006135923322290182,0.6226294636726379
10.0,116525.0,-0.20383162796497345,0.006135923322290182,0.6161172986030579
10.0,116529.0,-0.20383162796497345,0.006135923322290182,0.610102653503418
10.0,116532.0,-0.20383572578430176,0.006135923322290182,0.6072342395782471
10.0,116538.0,-0.20383983850479126,0.006135923322290182,0.6020899415016174
10.0,116542.0,-0.20384393632411957,0.006135923322290182,0.5975857973098755
10.0,116547.0,-0.20384393632411957,0.006135923322290182,0.5933400392532349
10.0,116550.0,-0.20384393632411957,0.006135923322290182,0.5908598303794861
10.0,116554.0,-0.20384804904460907,0.006135923322290182,0.5882032513618469
10.0,116558.0,-0.20384804904460907,0.006135923322290182,0.5849947929382324
10.0,116561.0,-0.20384804904460907,0.006135923322290182,0.5821537375450134
10.0,116564.0,-0.20384804904460907,0.006135923322290182,0.5802553296089172
10.0,116570.0,-0.20385216176509857,0.006135923322290182,0.5788736343383789
10.0,116574.0,-0.20385216176509857,0.006135923322290182,0.5770015120506287
10.0,116578.0,-0.20385216176509857,0.006135923322290182,0.5754441618919373
10.0,116581.0,-0.20385216176509857,0.006135923322290182,0.5741891264915466
10.0,116584.0,-0.20385216176509857,0.006135923322290182,0.5734390616416931
10.0,116588.0,-0.20385216176509857,0.006135923322290182,0.5726847648620605
10.0,116591.0,-0.20385216176509857,0.0076699042692780495,0.30690324306488037
10.0,116595.0,-0.20385216176509857,0.0076699042692780495,0.3111288845539093
10.0,116599.0,-0.20385216176509857,0.0076699042692780495,0.3167797029018402
10.0,116602.0,-0.20385216176509857,0.0076699042692780495,0.32244884967803955
10.0,116606.0,-0.20385216176509857,0.0076699042692780495,0.32813552021980286
10.0,116609.0,-0.20385216176509857,0.0076699042692780495,0.33241164684295654
10.0,116613.0,-0.20385216176509857,0.0076699042692780495,0.3366970121860504
10.0,116617.0,-0.20385216176509857,0.0076699042692780495,0.34242475032806396
10.0,116620.0,-0.20385216176509857,0.0076699042692780495,0.3467305600643158
10.0,116623.0,-0.20385216176509857,0.0076699042692780495,0.3524846136569977
10.0,116627.0,-0.20385216176509857,0.0076699042692780495,0.3568095266819
10.0,116630.0,-0.20385216176509857,0.0076699042692780495,0.3625880777835846
10.0,116633.0,-0.20385216176509857,0.0076699042692780495,0.3669308125972748
10.0,116637.0,-0.20385216176509857,0.0076699042692780495,0.3712807297706604
10.0,116640.0,-0.20385216176509857,0.0076699042692780495,0.37709155678749084
10.0,116644.0,-0.20385216176509857,0.0076699042692780495,0.38145750761032104
10.0,116647.0,-0.20385216176509857,0.00920388475060463,0.12339852750301361
10.0,116650.0,-0.20385216176509857,0.00920388475060463,0.13220030069351196
10.0,116654.0,-0.20385216176509857,0.00920388475060463,0.14374184608459473
10.0,116658.0,-0.20384804904460907,0.00920388475060463,0.15091240406036377
10.0,116671.0,-0.20384804904460907,0.00920388475060463,0.18932320177555084
10.0,116675.0,-0.20384804904460907,0.00920388475060463,0.1998741328716278
10.0,116679.0,-0.20384804904460907,0.00920388475060463,0.20767226815223694
10.0,116682.0,-0.20384804904460907,0.00920388475060463,0.2179219126701355
10.0,116686.0,-0.20384804904460907,0.00920388475060463,0.22800856828689575
10.0,116690.0,-0.20384804904460907,0.00920388475060463,0.2379388064146042
10.0,116693.0,-0.20384804904460907,0.00920388475060463,0.24528755247592926
10.0,116697.0,-0.20384804904460907,0.00920388475060463,0.2525542080402374
10.0,116700.0,-0.20384804904460907,0.00920388475060463,-0.006327052600681782
10.0,116703.0,-0.20384804904460907,0.010737866163253784,0.005313601344823837
10.0,116707.0,-0.20384804904460907,0.010737866163253784,0.020509658381342888
10.0,116710.0,-0.20384804904460907,0.010737866163253784,0.03031391091644764
10.0,116714.0,-0.20384393632411957,0.010737866163253784,0.04131669923663139
10.0,116717.0,-0.20384393632411957,0.010737866163253784,0.05569165572524071
10.0,116721.0,-0.20384393632411957,0.010737866163253784,0.06625856459140778
10.0,116725.0,-0.20384393632411957,0.010737866163253784,0.08347801864147186
10.0,116730.0,-0.20383983850479126,0.010737866163253784,0.09892437607049942
10.0,116734.0,-0.20383983850479126,0.012271846644580364,-0.15811868011951447
10.0,116737.0,-0.20383983850479126,0.012271846644580364,-0.13921856880187988
10.0,116740.0,-0.20383572578430176,0.012271846644580364,-0.12673233449459076
10.0,116744.0,-0.20383162796497345,0.012271846644580364,-0.10999206453561783
10.0,116748.0,-0.20382340252399445,0.012271846644580364,-0.09939602017402649
10.0,116751.0,-0.20381930470466614,0.012271846644580364,-0.08331359922885895
10.0,116755.0,-0.20381519198417664,0.013805827125906944,-0.33606812357902527
10.0,116759.0,-0.20381519198417664,0.013805827125906944,-0.31339317560195923
10.0,116762.0,-0.20381109416484833,0.013805827125906944,-0.29814454913139343
10.0,116766.0,-0.20379877090454102,0.013805827125906944,-0.2805670201778412
10.0,116770.0,-0.2037864476442337,0.013805827125906944,-0.26478856801986694
10.0,116773.0,-0.20377002656459808,0.013805827125906944,-0.25321218371391296
10.0,116777.0,-0.20375359058380127,0.013805827125906944,-0.23943963646888733
10.0,116780.0,-0.20374538004398346,0.015339808538556099,-0.4939175248146057
10.0,116783.0,-0.20373305678367615,0.015339808538556099,-0.4771960973739624
10.0,116788.0,-0.20372073352336884,0.015339808538556099,-0.4559265673160553
10.0,116791.0,-0.20370431244373322,0.015339808538556099,-0.44273248314857483
10.0,116794.0,-0.2036878913640976,0.015339808538556099,-0.4264511168003082
10.0,116798.0,-0.20365913212299347,0.015339808538556099,-0.41519632935523987
10.0,116801.0,-0.20363859832286835,0.015339808538556099,-0.39961713552474976
10.0,116804.0,-0.20361396670341492,0.015339808538556099,-0.38887131214141846
10.0,116808.0,-0.2035975307226181,0.016873789951205254,-0.6380156874656677
10.0,116811.0,-0.20357699692249298,0.016873789951205254,-0.6219863891601562
10.0,116815.0,-0.20355646312236786,0.016873789951205254,-0.6076647639274597
10.0,116818.0,-0.20353183150291443,0.016873789951205254,-0.5908085107803345
10.0,116822.0,-0.20349076390266418,0.016873789951205254,-0.5811617374420166
10.0,116825.0,-0.20344558358192444,0.016873789951205254,-0.569031298160553
10.0,116829.0,-0.2034086287021637,0.016873789951205254,-0.5571688413619995
10.0,116832.0,-0.20336344838142395,0.016873789951205254,-0.5494747161865234
10.0,116836.0,-0.2033182680606842,0.016873789951205254,-0.538074254989624
10.0,116840.0,-0.20328542590141296,0.01840776950120926,-0.7908344268798828
10.0,116844.0,-0.20324024558067322,0.01840776950120926,-0.7779079675674438
10.0,116849.0,-0.20317453145980835,0.01840776950120926,-0.7605308890342712
10.0,116861.0,-0.20292812585830688,0.01840776950120926,-0.7496433854103088
10.0,116865.0,-0.20281724631786346,0.01840776950120926,-0.7577949166297913
10.0,116869.0,-0.20268994569778442,0.01840776950120926,-0.7681974768638611
10.0,116873.0,-0.20255030691623688,0.01840776950120926,-0.7793570756912231
10.0,116877.0,-0.2023983597755432,0.01840776950120926,-0.7967985272407532
10.0,116880.0,-0.2022792547941208,0.01840776950120926,-0.8148178458213806
10.0,116884.0,-0.20212320983409882,0.01840776950120926,-0.8285007476806641
10.0,116888.0,-0.20195893943309784,0.01840776950120926,-0.8478589653968811
10.0,116891.0,-0.20178234577178955,0.01840776950120926,-0.8704445362091064
10.0,116895.0,-0.201642706990242,0.01840776950120926,-0.8961213827133179
10.0,116899.0,-0.2014455795288086,0.01840776950120926,-0.9167126417160034
10.0,116902.0,-0.20129363238811493,0.01840776950120926,-0.9445586204528809
10.0,116907.0,-0.20102258026599884,0.01840776950120926,-0.978020966053009
10.0,116910.0,-0.20084600150585175,0.016873789951205254,-0.7470901608467102
10.0,116914.0,-0.20059137046337128,0.016873789951205254,-0.7835320830345154
10.0,116917.0,-0.20032033324241638,0.016873789951205254,-0.834945023059845
10.0,116921.0,-0.20011909306049347,0.016873789951205254,-0.8844416737556458
10.0,116924.0,-0.19983983039855957,0.016873789951205254,-0.9223785996437073
10.0,116928.0,-0.19955235719680786,0.015339808538556099,-0.7100645899772644
10.0,116932.0,-0.19933059811592102,0.015339808538556099,-0.7539070844650269
10.0,116935.0,-0.19910882413387299,0.015339808538556099,-0.8104538917541504
10.0,116939.0,-0.19882135093212128,0.013805827125906944,-0.5983492136001587
10.0,116942.0,-0.19854208827018738,0.013805827125906944,-0.6369581818580627
10.0,116947.0,-0.1982792615890503,0.013805827125906944,-0.6831684112548828
10.0,116950.0,-0.1980903446674347,0.013805827125906944,-0.7236412167549133
10.0,116954.0,-0.19785214960575104,0.012271846644580364,-0.4823983311653137
10.0,116958.0,-0.1976221799850464,0.012271846644580364,-0.5196853280067444
10.0,116961.0,-0.19747023284435272,0.012271846644580364,-0.5461651682853699
10.0,116964.0,-0.19728541374206543,0.012271846644580364,-0.560330331325531
10.0,116970.0,-0.1970759779214859,0.012271846644580364,-0.5776401162147522
10.0,116975.0,-0.1968911737203598,0.012271846644580364,-0.5877294540405273
10.0,116980.0,-0.19671869277954102,0.013805827125906944,-0.8539146184921265
10.0,116984.0,-0.19658726453781128,0.013805827125906944,-0.8476465940475464
10.0,116988.0,-0.19644352793693542,0.013805827125906944,-0.8481028079986572
10.0,116992.0,-0.19629158079624176,0.013805827125906944,-0.8497565388679504
10.0,116995.0,-0.19616016745567322,0.013805827125906944,-0.8580656051635742
10.0,116999.0,-0.19594250619411469,0.013805827125906944,-0.8673571348190308
10.0,117003.0,-0.19580698013305664,0.013805827125906944,-0.875085175037384
10.0,117008.0,-0.1955728977918625,0.013805827125906944,-0.893816351890564
10.0,117012.0,-0.19537577033042908,0.015339808538556099,-1.1736315488815308
10.0,117017.0,-0.195104718208313,0.015339808538556099,-1.1884223222732544
10.0,117020.0,-0.19485421478748322,0.015339808538556099,-1.2133433818817139
10.0,117025.0,-0.19449691474437714,0.013805827125906944,-0.9936913251876831
10.0,117030.0,-0.19416837394237518,0.013805827125906944,-1.0473687648773193
10.0,117034.0,-0.19382750988006592,0.013805827125906944,-1.1031056642532349
10.0,117039.0,-0.19338397681713104,0.012271846644580364,-0.9407301545143127
10.0,117045.0,-0.19281314313411713,0.012271846644580364,-1.011365532875061
10.0,117049.0,-0.1924230009317398,0.010737866163253784,-0.8296499848365784
10.0,117053.0,-0.1920328587293625,0.010737866163253784,-0.9020217061042786
10.0,117057.0,-0.19164681434631348,0.010737866163253784,-0.9691023230552673
10.0,117070.0,-0.19042710959911346,0.0076699042692780495,-0.628770649433136
10.0,117075.0,-0.1899835765361786,0.0076699042692780495,-0.7184240818023682
10.0,117081.0,-0.18947023153305054,0.0076699042692780495,-0.7980179786682129
10.0,117088.0,-0.18889527022838593,0.006135923322290182,-0.6030176877975464
10.0,117092.0,-0.1884969174861908,0.006135923322290182,-0.6607547402381897
10.0,117097.0,-0.18819302320480347,0.006135923322290182,-0.7003183364868164
10.0,117100.0,-0.18797124922275543,0.006135923322290182,-0.7344432473182678
10.0,117105.0,-0.18754415214061737,0.006135923322290182,-0.7730650305747986
10.0,117109.0,-0.18733058869838715,0.006135923322290182,-0.8019379377365112
10.0,117113.0,-0.18705955147743225,0.006135923322290182,-0.8244442939758301
10.0,117117.0,-0.18678849935531616,0.006135923322290182,-0.847510814666748
10.0,117121.0,-0.18652155995368958,0.004601942375302315,-0.5982235074043274
10.0,117124.0,-0.18632033467292786,0.004601942375302315,-0.6245120167732239
10.0,117128.0,-0.1860739290714264,0.004601942375302315,-0.6418685913085938
10.0,117132.0,-0.18583573400974274,0.006135923322290182,-0.9197160601615906
10.0,117135.0,-0.1856139600276947,0.006135923322290182,-0.9234111309051514
10.0,117139.0,-0.18544559180736542,0.006135923322290182,-0.9283496141433716
10.0,117142.0,-0.18521560728549957,0.006135923322290182,-0.9329627752304077
10.0,117147.0,-0.18497741222381592,0.006135923322290182,-0.9416423439979553
10.0,117150.0,-0.18478849530220032,0.006135923322290182,-0.9553953409194946
10.0,117153.0,-0.18452566862106323,0.006135923322290182,-0.9674196243286133
10.0,117157.0,-0.18425461649894714,0.006135923322290182,-0.9856727719306946
10.0,117162.0,-0.18397535383701324,0.006135923322290182,-1.012298583984375
10.0,117167.0,-0.18360985815525055,0.006135923322290182,-1.0418113470077515
10.0,117171.0,-0.18329773843288422,0.006135923322290182,-1.0650981664657593
10.0,117174.0,-0.18304723501205444,0.006135923322290182,-1.1014671325683594
10.0,117178.0,-0.18268993496894836,0.006135923322290182,-1.1445938348770142
10.0,117182.0,-0.18232032656669617,0.004601942375302315,-0.9248793125152588
10.0,117187.0,-0.18173305690288544,0.004601942375302315,-0.9954739809036255
10.0,117191.0,-0.18143326044082642,0.004601942375302315,-1.05104398727417
10.0,117195.0,-0.1810349076986313,0.003067961661145091,-0.8391373157501221
10.0,117199.0,-0.18062832951545715,0.003067961661145091,-0.8843409419059753
10.0,117204.0,-0.1800328493118286,0.003067961661145091,-0.9672038555145264
10.0,117209.0,-0.17963860929012299,0.0015339808305725455,-0.7552958726882935
10.0,117212.0,-0.17924435436725616,0.0015339808305725455,-0.8113645315170288
10.0,117216.0,-0.17887063324451447,0.0015339808305725455,-0.8587990403175354
10.0,117220.0,-0.17860369384288788,0.0,-0.632342517375946
10.0,117224.0,-0.1782422959804535,0.0,-0.677398145198822
10.0,117229.0,-0.17780698835849762,0.0,-0.7265255451202393
10.0,117233.0,-0.17747433483600616,0.0,-0.7523400783538818
10.0,117237.0,-0.17714989185333252,0.0,-0.782616138458252
10.0,117240.0,-0.17691580951213837,0.0,-0.8078722953796387
10.0,117244.0,-0.17660368978977203,0.0,-0.8262763619422913
10.0,117247.0,-0.1762915849685669,-0.0015339808305725455,-0.5847140550613403
10.0,117251.0,-0.17605748772621155,-0.0015339808305725455,-0.6137056350708008
10.0,117255.0,-0.17576180398464203,-0.0015339808305725455,-0.6294241547584534
10.0,117259.0,-0.17548254132270813,-0.0015339808305725455,-0.6462360620498657
10.0,117262.0,-0.17528952658176422,-0.0015339808305725455,-0.6544801592826843
10.0,117266.0,-0.17505133152008057,0.0,-0.9213948249816895
10.0,117270.0,-0.17483367025852203,0.0,-0.9142425656318665
10.0,117273.0,-0.17467351257801056,0.0,-0.9046768546104431
10.0,117277.0,-0.17444764077663422,0.0,-0.8982178568840027
10.0,117280.0,-0.17421355843544006,0.0,-0.895906388759613
10.0,117284.0,-0.17403285205364227,0.0,-0.8939016461372375
10.0,117297.0,-0.173227921128273,0.0015339808305725455,-1.1632152795791626
10.0,117301.0,-0.17296919226646423,0.0015339808305725455,-1.1622017621994019
10.0,117304.0,-0.1727556437253952,0.0015339808305725455,-1.1707985401153564
10.0,117308.0,-0.17244763672351837,0.0015339808305725455,-1.1885521411895752
10.0,117312.0,-0.17211498320102692,0.0015339808305725455,-1.2058902978897095
10.0,117315.0,-0.17184394598007202,0.0,-0.9734098315238953
10.0,117319.0,-0.17147433757781982,0.0,-1.0136685371398926
10.0,117322.0,-0.1710882931947708,0.0,-1.0466930866241455
10.0,117327.0,-0.17068994045257568,0.0,-1.0925346612930298
10.0,117330.0,-0.17039425671100616,-0.0015339808305725455,-0.8701285123825073
10.0,117333.0,-0.16998767852783203,-0.0015339808305725455,-0.9099534749984741
10.0,117337.0,-0.1695893257856369,-0.0015339808305725455,-0.9574171900749207
10.0,117341.0,-0.1693018525838852,-0.003067961661145091,-0.7308699488639832
10.0,117345.0,-0.16890759766101837,-0.003067961661145091,-0.7679415941238403
10.0,117349.0,-0.16843120753765106,-0.003067961661145091,-0.8222995400428772
10.0,117353.0,-0.16805338859558105,-0.004601942375302315,-0.6061812043190002
10.0,117358.0,-0.16768378019332886,-0.004601942375302315,-0.6472622752189636
10.0,117362.0,-0.16733059287071228,-0.004601942375302315,-0.6734809875488281
10.0,117365.0,-0.16700205206871033,-0.004601942375302315,-0.7002881765365601
10.0,117369.0,-0.16676796972751617,-0.004601942375302315,-0.7195611000061035
10.0,117372.0,-0.16654209792613983,-0.004601942375302315,-0.7333112955093384
10.0,117376.0,-0.16617248952388763,-0.004601942375302315,-0.7462394833564758
10.0,117380.0,-0.1659630388021469,-0.004601942375302315,-0.7548258900642395
10.0,117383.0,-0.165683776140213,-0.004601942375302315,-0.761138379573822
10.0,117387.0,-0.16542094945907593,-0.004601942375302315,-0.7640369534492493
10.0,117390.0,-0.16522791981697083,-0.004601942375302315,-0.7648906707763672
10.0,117394.0,-0.1650308072566986,-0.004601942375302315,-0.7678514719009399
10.0,117398.0,-0.16477207839488983,-0.004601942375302315,-0.7681218385696411
10.0,117402.0,-0.16451744735240936,-0.004601942375302315,-0.7690868377685547
10.0,117405.0,-0.1642751544713974,-0.004601942375302315,-0.7655045390129089
10.0,117409.0,-0.16410677134990692,-0.004601942375302315,-0.7554723620414734
10.0,117413.0,-0.16388089954853058,-0.004601942375302315,-0.7502958178520203
10.0,117417.0,-0.16366323828697205,-0.004601942375302315,-0.739697277545929
10.0,117420.0,-0.16350308060646057,-0.004601942375302315,-0.7282416820526123
10.0,117423.0,-0.1633388102054596,-0.003067961661145091,-0.9882467985153198
10.0,117427.0,-0.16312935948371887,-0.003067961661145091,-0.9689777493476868
10.0,117430.0,-0.16291581094264984,-0.003067961661145091,-0.9584202170372009
10.0,117434.0,-0.16274742782115936,-0.003067961661145091,-0.9457826614379883
10.0,117438.0,-0.1625174582004547,-0.003067961661145091,-0.9400425553321838
10.0,117441.0,-0.1623326539993286,-0.003067961661145091,-0.9376562833786011
10.0,117444.0,-0.16207802295684814,-0.003067961661145091,-0.936324417591095
10.0,117448.0,-0.16188912093639374,-0.003067961661145091,-0.9356091618537903
10.0,117452.0,-0.16163039207458496,-0.003067961661145091,-0.9358429312705994
10.0,117455.0,-0.16135933995246887,-0.003067961661145091,-0.9406808614730835
10.0,117459.0,-0.16114990413188934,-0.003067961661145091,-0.9481507539749146
10.0,117462.0,-0.16093634068965912,-0.003067961661145091,-0.9563432931900024
10.0,117466.0,-0.1606406569480896,-0.003067961661145091,-0.9688112139701843
10.0,117469.0,-0.16041478514671326,-0.003067961661145091,-0.9806455373764038
10.0,117472.0,-0.16002464294433594,-0.003067961661145091,-0.997810959815979
10.0,117477.0,-0.1596180647611618,-0.003067961661145091,-1.023921251296997
10.0,117491.0,-0.1585913747549057,-0.004601942375302315,-0.8457682728767395
10.0,117495.0,-0.15825462341308594,-0.004601942375302315,-0.8668665289878845
10.0,117499.0,-0.1579301804304123,-0.004601942375302315,-0.8893224000930786
10.0,117502.0,-0.15769198536872864,-0.004601942375302315,-0.9097796082496643
10.0,117506.0,-0.1573675572872162,-0.006135923322290182,-0.6640715599060059
10.0,117510.0,-0.15704311430454254,-0.006135923322290182,-0.6837143301963806
10.0,117513.0,-0.15680082142353058,-0.006135923322290182,-0.7069339752197266
10.0,117517.0,-0.15649692714214325,-0.006135923322290182,-0.7254424691200256
10.0,117521.0,-0.15620534121990204,-0.006135923322290182,-0.7380471229553223
10.0,117524.0,-0.15593019127845764,-0.006135923322290182,-0.7439423203468323
10.0,117528.0,-0.15565913915634155,-0.006135923322290182,-0.7507706880569458
10.0,117532.0,-0.15545380115509033,-0.006135923322290182,-0.7588021755218506
10.0,117537.0,-0.15511704981327057,-0.006135923322290182,-0.7640184760093689
10.0,117541.0,-0.15484599769115448,-0.006135923322290182,-0.7714143395423889
10.0,117545.0,-0.1545831561088562,-0.006135923322290182,-0.7741669416427612
10.0,117548.0,-0.15432032942771912,-0.006135923322290182,-0.7778419256210327
10.0,117552.0,-0.1541273146867752,-0.006135923322290182,-0.7792373895645142
10.0,117555.0,-0.1539342850446701,-0.006135923322290182,-0.7802655100822449
10.0,117559.0,-0.15368378162384033,-0.006135923322290182,-0.7800540924072266
10.0,117562.0,-0.15349486470222473,-0.006135923322290182,-0.7789591550827026
10.0,117566.0,-0.15325666964054108,-0.006135923322290182,-0.7749840021133423
10.0,117571.0,-0.15296509861946106,-0.006135923322290182,-0.7683806419372559
10.0,117574.0,-0.15279671549797058,-0.006135923322290182,-0.7611607909202576
10.0,117578.0,-0.15258316695690155,-0.006135923322290182,-0.7501740455627441
10.0,117582.0,-0.15237371623516083,-0.006135923322290182,-0.7409168481826782
10.0,117585.0,-0.1521601676940918,-0.006135923322290182,-0.7308598160743713
10.0,117589.0,-0.15199999511241913,-0.006135923322290182,-0.7212780714035034
10.0,117593.0,-0.1517905592918396,-0.006135923322290182,-0.7130632400512695
10.0,117597.0,-0.1515893191099167,-0.006135923322290182,-0.7003031969070435
10.0,117600.0,-0.15144148468971252,-0.004601942375302315,-0.9550430178642273
10.0,117603.0,-0.1512402445077896,-0.004601942375302315,-0.9407437443733215
10.0,117607.0,-0.1510431170463562,-0.004601942375302315,-0.9223874807357788
10.0,117611.0,-0.15089528262615204,-0.004601942375302315,-0.9048148393630981
10.0,117614.0,-0.15074332058429718,-0.004601942375302315,-0.8934721350669861
10.0,117618.0,-0.15053388476371765,-0.004601942375302315,-0.8851896524429321
10.0,117621.0,-0.15036138892173767,-0.004601942375302315,-0.8799509406089783
10.0,117625.0,-0.15012730658054352,-0.004601942375302315,-0.8777168393135071
10.0,117629.0,-0.14988090097904205,-0.004601942375302315,-0.878179669380188
10.0,117632.0,-0.14969199895858765,-0.004601942375302315,-0.8815510272979736
10.0,117636.0,-0.14943327009677887,-0.004601942375302315,-0.8847528696060181
10.0,117639.0,-0.14923202991485596,-0.004601942375302315,-0.8920916318893433
10.0,117642.0,-0.14903080463409424,-0.004601942375302315,-0.8978332877159119
10.0,117646.0,-0.14875975251197815,-0.004601942375302315,-0.6391419768333435
10.0,117649.0,-0.14848048985004425,-0.006135923322290182,-0.6518675088882446
10.0,117653.0,-0.14827105402946472,-0.006135923322290182,-0.6670368313789368
10.0,117657.0,-0.14801232516765594,-0.006135923322290182,-0.6737823486328125
10.0,117660.0,-0.14782340824604034,-0.006135923322290182,-0.6802941560745239
10.0,117665.0,-0.14752772450447083,-0.006135923322290182,-0.6814576387405396
10.0,117670.0,-0.14726078510284424,-0.006135923322290182,-0.6746045351028442
10.0,117673.0,-0.14711704850196838,-0.006135923322290182,-0.6614156365394592
10.0,117686.0,-0.1465667337179184,-0.004601942375302315,-0.8505110144615173
10.0,117690.0,-0.14645995199680328,-0.004601942375302315,-0.8203498125076294
10.0,117693.0,-0.14631621539592743,-0.004601942375302315,-0.7981613278388977
10.0,117697.0,-0.14616838097572327,-0.004601942375302315,-0.7713918089866638
10.0,117701.0,-0.14606159925460815,-0.003067961661145091,-1.0097373723983765
10.0,117704.0,-0.14595893025398254,-0.003067961661145091,-0.9826740622520447
10.0,117708.0,-0.1458151936531067,-0.003067961661145091,-0.9531647562980652
10.0,117712.0,-0.14565913379192352,-0.003067961661145091,-0.9344815015792847
10.0,117715.0,-0.14549486339092255,-0.003067961661145091,-0.9122689366340637
10.0,117719.0,-0.145363450050354,-0.003067961661145091,-0.8949638605117798
10.0,117723.0,-0.14514169096946716,-0.0015339808305725455,-1.1437718868255615
10.0,117729.0,-0.1448911726474762,-0.0015339808305725455,-1.1263281106948853
10.0,117732.0,-0.1447186917066574,-0.0015339808305725455,-1.1226824522018433
10.0,117736.0,-0.14447228610515594,-0.0015339808305725455,-1.1273071765899658
10.0,117739.0,-0.14419712126255035,-0.003067961661145091,-0.8713799118995667
10.0,117743.0,-0.14397946000099182,-0.003067961661145091,-0.895018458366394
10.0,117747.0,-0.1436755657196045,-0.003067961661145091,-0.9205621480941772
10.0,117750.0,-0.14344558119773865,-0.003067961661145091,-0.9398532509803772
10.0,117753.0,-0.14314168691635132,-0.004601942375302315,-0.6888946294784546
10.0,117757.0,-0.1428377777338028,-0.004601942375302315,-0.7185413837432861
10.0,117761.0,-0.14260369539260864,-0.004601942375302315,-0.748510479927063
10.0,117765.0,-0.14231210947036743,-0.004601942375302315,-0.7659822106361389
10.0,117769.0,-0.14203284680843353,-0.004601942375302315,-0.7850850224494934
10.0,117772.0,-0.1418275088071823,-0.006135923322290182,-0.5339903831481934
10.0,117776.0,-0.14156468212604523,-0.006135923322290182,-0.5513290762901306
10.0,117779.0,-0.14132648706436157,-0.006135923322290182,-0.5582737326622009
10.0,117783.0,-0.1411704272031784,-0.006135923322290182,-0.5583637356758118
10.0,117787.0,-0.1409692019224167,-0.006135923322290182,-0.5563211441040039
10.0,117790.0,-0.14082956314086914,-0.006135923322290182,-0.5490903258323669
10.0,117793.0,-0.14065298438072205,-0.006135923322290182,-0.5415551066398621
10.0,117797.0,-0.14049281179904938,-0.006135923322290182,-0.5269792079925537
10.0,117800.0,-0.14038603007793427,-0.006135923322290182,-0.5120803117752075
10.0,117804.0,-0.14028336107730865,-0.004601942375302315,-0.7560646533966064
10.0,117808.0,-0.1401519477367401,-0.004601942375302315,-0.7351087331771851
10.0,117811.0,-0.14002053439617157,-0.004601942375302315,-0.7081583738327026
10.0,117815.0,-0.13988912105560303,-0.004601942375302315,-0.6822271347045898
10.0,117819.0,-0.13978645205497742,-0.004601942375302315,-0.6586441397666931
10.0,117822.0,-0.13968788087368011,-0.004601942375302315,-0.6405678987503052
10.0,117826.0,-0.13956467807292938,-0.003067961661145091,-0.8785061836242676
10.0,117829.0,-0.13944558799266815,-0.003067961661145091,-0.8532667756080627
10.0,117832.0,-0.13934701681137085,-0.003067961661145091,-0.8327971696853638
10.0,117837.0,-0.139211505651474,-0.003067961661145091,-0.8077904582023621
10.0,117840.0,-0.13910061120986938,-0.003067961661145091,-0.7877668738365173
10.0,117844.0,-0.13894866406917572,-0.003067961661145091,-0.7746208310127258
10.0,117848.0,-0.1387515366077423,-0.0015339808305725455,-1.023820400238037
10.0,117852.0,-0.13858726620674133,-0.0015339808305725455,-1.00070059299469
10.0,117858.0,-0.138361394405365,-0.0015339808305725455,-0.9897662997245789
10.0,117861.0,-0.13815605640411377,-0.0015339808305725455,-0.9860016107559204
10.0,117865.0,-0.1379917860031128,-0.0015339808305725455,-0.9878164529800415
10.0,117868.0,-0.13775770366191864,-0.0015339808305725455,-0.9925505518913269
10.0,117881.0,-0.1369815170764923,-0.003067961661145091,-0.7826986908912659
10.0,117885.0,-0.13671869039535522,-0.003067961661145091,-0.7972636818885803
10.0,117889.0,-0.13645996153354645,-0.003067961661145091,-0.8148069977760315
10.0,117892.0,-0.13627515733242035,-0.004601942375302315,-0.5608807802200317
10.0,117896.0,-0.1360369622707367,-0.004601942375302315,-0.5754641890525818
10.0,117900.0,-0.13581109046936035,-0.004601942375302315,-0.5837498307228088
10.0,117903.0,-0.13565503060817719,-0.004601942375302315,-0.5882696509361267
10.0,117907.0,-0.13546611368656158,-0.004601942375302315,-0.5869094729423523
10.0,117910.0,-0.13533060252666473,-0.004601942375302315,-0.5820860862731934
10.0,117913.0,-0.13516631722450256,-0.004601942375302315,-0.5756293535232544
10.0,117918.0,-0.1350184828042984,-0.004601942375302315,-0.5619581341743469
10.0,117921.0,-0.1349199116230011,-0.004601942375302315,-0.5435360670089722
10.0,117924.0,-0.1348295658826828,-0.004601942375302315,-0.5275281667709351
10.0,117928.0,-0.13471868634223938,-0.003067961661145091,-0.7663318514823914
10.0,117931.0,-0.13461601734161377,-0.003067961661145091,-0.741706371307373
10.0,117935.0,-0.13453799486160278,-0.003067961661145091,-0.7113010287284851
10.0,117939.0,-0.13443121314048767,-0.003067961661145091,-0.6833921670913696
10.0,117943.0,-0.13432854413986206,-0.003067961661145091,-0.6624871492385864
10.0,117946.0,-0.13422587513923645,-0.0015339808305725455,-0.9004970192909241
10.0,117950.0,-0.13415606319904327,-0.0015339808305725455,-0.873855710029602
10.0,117953.0,-0.1340821385383606,-0.0015339808305725455,-0.8426436185836792
10.0,117957.0,-0.13397125899791718,-0.0015339808305725455,-0.821699321269989
10.0,117960.0,-0.1338891237974167,-0.0015339808305725455,-0.7965193390846252
10.0,117964.0,-0.13376180827617645,-0.0015339808305725455,-0.7809459567070007
10.0,117968.0,-0.1336262822151184,-0.0015339808305725455,-0.7640031576156616
10.0,117971.0,-0.133515402674675,0.0,-1.018664002418518
10.0,117976.0,-0.13331827521324158,0.0,-1.0019420385360718
10.0,117981.0,-0.13304312527179718,0.0,-0.9967581033706665
10.0,117985.0,-0.13289116322994232,0.0,-0.9975655674934387
10.0,117988.0,-0.13266529142856598,0.0,-1.0062836408615112
10.0,117992.0,-0.1324928104877472,-0.0015339808305725455,-0.7535576820373535
10.0,117995.0,-0.13225051760673523,-0.0015339808305725455,-0.7678124308586121
10.0,117999.0,-0.13206571340560913,-0.0015339808305725455,-0.7880504131317139
10.0,118002.0,-0.13188500702381134,-0.0015339808305725455,-0.801469624042511
10.0,118006.0,-0.13164271414279938,-0.0015339808305725455,-0.8179526329040527
10.0,118009.0,-0.1314661204814911,-0.0015339808305725455,-0.8306439518928528
10.0,118012.0,-0.131281316280365,-0.0015339808305725455,-0.8443801999092102
10.0,118016.0,-0.13104312121868134,-0.003067961661145091,-0.594279944896698
10.0,118020.0,-0.13080492615699768,-0.003067961661145091,-0.6104577779769897
10.0,118023.0,-0.1306365430355072,-0.003067961661145091,-0.6251344680786133
10.0,118027.0,-0.13042710721492767,-0.003067961661145091,-0.6324870586395264
10.0,118031.0,-0.13024230301380157,-0.003067961661145091,-0.6344587802886963
10.0,118036.0,-0.13003285229206085,-0.003067961661145091,-0.6287890672683716
10.0,118040.0,-0.12983572483062744,-0.003067961661145091,-0.621697723865509
10.0,118044.0,-0.12972073256969452,-0.003067961661145091,-0.6135883927345276
10.0,118048.0,-0.12957699596881866,-0.003067961661145091,-0.6018115878105164
10.0,118051.0,-0.12944148480892181,-0.003067961661145091,-0.5926343202590942
10.0,118055.0,-0.12931416928768158,-0.003067961661145091,-0.5776960849761963
10.0,118059.0,-0.12922382354736328,-0.003067961661145091,-0.5606703758239746
10.0,118062.0,-0.1291334629058838,-0.0015339808305725455,-0.8171261548995972
10.0,118075.0,-0.1287679672241211,-0.0015339808305725455,-0.7423226833343506
10.0,118080.0,-0.12862423062324524,-0.0015339808305725455,-0.7219738960266113
10.0,118083.0,-0.12853798270225525,-0.0015339808305725455,-0.7024020552635193
10.0,118087.0,-0.12842710316181183,-0.0015339808305725455,-0.6868909001350403
10.0,118090.0,-0.12834496796131134,-0.0015339808305725455,-0.6673416495323181
10.0,118093.0,-0.12822997570037842,0.0,-0.9210934638977051
10.0,118098.0,-0.1281149834394455,0.0,-0.898179829120636
10.0,118101.0,-0.1280164271593094,0.0,-0.8815023899078369
10.0,118104.0,-0.12790964543819427,0.0,-0.8748001456260681
10.0,118108.0,-0.1277453750371933,0.0,-0.8697742223739624
10.0,118112.0,-0.1275646835565567,0.0,-0.8715187311172485
10.0,118115.0,-0.12742504477500916,0.0,-0.8733929395675659
10.0,118119.0,-0.12723203003406525,0.0,-0.8778295516967773
10.0,118122.0,-0.12708008289337158,0.0,-0.8862974643707275
10.0,118126.0,-0.12686242163181305,0.0,-0.6314296722412109
10.0,118129.0,-0.1266365498304367,-0.0015339808305725455,-0.6465644836425781
10.0,118133.0,-0.12646816670894623,-0.0015339808305725455,-0.6665752530097961
10.0,118137.0,-0.1262546181678772,-0.0015339808305725455,-0.6767743825912476
10.0,118140.0,-0.12609446048736572,-0.0015339808305725455,-0.6917905211448669
10.0,118143.0,-0.1258891224861145,-0.0015339808305725455,-0.7000491619110107
10.0,118147.0,-0.12573716044425964,-0.0015339808305725455,-0.7103051543235779
10.0,118150.0,-0.1255934238433838,-0.0015339808305725455,-0.7140979766845703
10.0,118154.0,-0.1254127323627472,-0.0015339808305725455,-0.7172871828079224
10.0,118158.0,-0.1252320259809494,-0.0015339808305725455,-0.7196419835090637
10.0,118162.0,-0.12505954504013062,-0.0015339808305725455,-0.7194807529449463
10.0,118167.0,-0.1248542070388794,-0.0015339808305725455,-0.7172810435295105
10.0,118170.0,-0.12473510950803757,-0.0015339808305725455,-0.7125558853149414
10.0,118173.0,-0.12459548562765121,-0.0015339808305725455,-0.7044717073440552
10.0,118177.0,-0.12446406483650208,-0.0015339808305725455,-0.6923006176948547
10.0,118181.0,-0.12436550110578537,-0.0015339808305725455,-0.6806184649467468
10.0,118185.0,-0.12423408776521683,-0.0015339808305725455,-0.6721694469451904
10.0,118188.0,-0.12409856170415878,-0.0015339808305725455,-0.662659227848053
10.0,118192.0,-0.12399999797344208,-0.0015339808305725455,-0.6547636389732361
10.0,118195.0,-0.12386858463287354,-0.0015339808305725455,-0.6446093916893005
10.0,118199.0,-0.12377823144197464,-0.0015339808305725455,-0.630852222442627
10.0,118203.0,-0.12365913391113281,-0.0015339808305725455,-0.6212438344955444
10.0,118207.0,-0.1235564649105072,-0.0015339808305725455,-0.6030572056770325
10.0,118210.0,-0.12348254770040512,0.0,-0.8511455655097961
10.0,118213.0,-0.12340862303972244,0.0,-0.8329901695251465
10.0,118217.0,-0.12331417202949524,0.0,-0.808276355266571
10.0,118220.0,-0.12321149557828903,0.0,-0.7926981449127197
10.0,118225.0,-0.12306775897741318,0.0,-0.7721667289733887
10.0,118229.0,-0.12297741323709488,0.0,-0.753962516784668
10.0,118234.0,-0.12282957136631012,0.0,-0.7402913570404053
10.0,118238.0,-0.12271047383546829,0.0,-0.7307404279708862
10.0,118241.0,-0.1226201206445694,0.0015339808305725455,-0.9864549040794373
10.0,118244.0,-0.12249691784381866,0.0015339808305725455,-0.9743544459342957
10.0,118248.0,-0.12240246683359146,0.0015339808305725455,-0.9606015086174011
10.0,118252.0,-0.1222505122423172,0.0015339808305725455,-0.9560118317604065
10.0,118255.0,-0.12212320417165756,0.0015339808305725455,-0.9563842415809631
10.0,118268.0,-0.12143326550722122,0.0,-0.7358441948890686
10.0,118271.0,-0.12119507044553757,0.0,-0.7621415257453918
10.0,118275.0,-0.12102258950471878,0.0,-0.7792620062828064
10.0,118278.0,-0.12078849971294403,0.0,-0.8027653098106384
10.0,118282.0,-0.12062012404203415,0.0,-0.817531406879425
10.0,118285.0,-0.1203860342502594,-0.0015339808305725455,-0.5743706822395325
10.0,118289.0,-0.12020944803953171,-0.0015339808305725455,-0.6017787456512451
10.0,118293.0,-0.11998357623815536,-0.0015339808305725455,-0.6193590760231018
10.0,118297.0,-0.11978234350681305,-0.0015339808305725455,-0.6345275044441223
10.0,118300.0,-0.1196386069059372,-0.0015339808305725455,-0.6465398073196411
10.0,118304.0,-0.11945790797472,-0.0015339808305725455,-0.6509360671043396
10.0,118308.0,-0.11929363757371902,-0.0015339808305725455,-0.6530935764312744
10.0,118311.0,-0.11918275058269501,-0.0015339808305725455,-0.6498780846595764
10.0,118314.0,-0.11904311925172806,-0.0015339808305725455,-0.6448875665664673
10.0,118318.0,-0.11891581118106842,-0.0015339808305725455,-0.6353472471237183
10.0,118322.0,-0.11882135272026062,-0.0015339808305725455,-0.6262089014053345
10.0,118326.0,-0.11869404464960098,-0.0015339808305725455,-0.6174468994140625
10.0,118329.0,-0.11859958618879318,-0.0015339808305725455,-0.6094231009483337
10.0,118332.0,-0.11850924044847488,-0.0015339808305725455,-0.6016408801078796
10.0,118336.0,-0.11839836090803146,-0.0015339808305725455,-0.5885213017463684
10.0,118339.0,-0.11829157918691635,-0.0015339808305725455,-0.5773559808731079
10.0,118343.0,-0.11822176724672318,-0.0015339808305725455,-0.8269431591033936
10.0,118348.0,-0.11812320351600647,0.0,-0.7908263206481934
10.0,118352.0,-0.11804927885532379,0.0,-0.7702659964561462
10.0,118355.0,-0.11797536164522171,0.0,-0.7428645491600037
10.0,118359.0,-0.11791376024484634,0.0,-0.7191685438156128
10.0,118362.0,-0.11782340705394745,0.0,-0.704672634601593
10.0,118366.0,-0.11775359511375427,0.0,-0.9548839330673218
10.0,118369.0,-0.1176796704530716,0.0015339808305725455,-0.9394674301147461
10.0,118372.0,-0.11757289618253708,0.0015339808305725455,-0.9245017766952515
10.0,118377.0,-0.11744969338178635,0.0015339808305725455,-0.9114594459533691
10.0,118380.0,-0.11735112965106964,0.0015339808305725455,-0.9016047120094299
10.0,118383.0,-0.11724435538053513,0.0015339808305725455,-0.8985095620155334
10.0,118387.0,-0.11709650605916977,0.0015339808305725455,-0.8955317139625549
10.0,118390.0,-0.11697741597890854,0.0015339808305725455,-0.8957469463348389
10.0,118393.0,-0.11680903285741806,0.0015339808305725455,-0.8982890248298645
10.0,118398.0,-0.11661601811647415,0.0015339808305725455,-0.9091989994049072
10.0,118401.0,-0.1164681687951088,0.0015339808305725455,-0.9224624633789062
10.0,118404.0,-0.11630801111459732,0.0015339808305725455,-0.9351439476013184
10.0,118408.0,-0.11608213186264038,0.0,-0.6900090575218201
10.0,118412.0,-0.11583983898162842,0.0,-0.7144225835800171
10.0,118415.0,-0.11559342592954636,0.0,-0.7459774613380432
10.0,118419.0,-0.11541273444890976,0.0,-0.7751156091690063
10.0,118422.0,-0.11523203551769257,0.0,-0.7959781885147095
10.0,118426.0,-0.11499384045600891,-0.0015339808305725455,-0.5538368821144104
10.0,118430.0,-0.11475564539432526,-0.0015339808305725455,-0.5780543684959412
10.0,118433.0,-0.11457494646310806,-0.0015339808305725455,-0.6084504723548889
10.0,118437.0,-0.11435317993164062,-0.0015339808305725455,-0.6258648633956909
10.0,118441.0,-0.1141396313905716,-0.0015339808305725455,-0.6466043591499329
10.0,118444.0,-0.11398767679929733,-0.0015339808305725455,-0.6590248346328735
10.0,118457.0,-0.11345790326595306,-0.0015339808305725455,-0.6667921543121338
10.0,118461.0,-0.11332648992538452,-0.0015339808305725455,-0.6613872051239014
10.0,118464.0,-0.1132073923945427,-0.0015339808305725455,-0.6504344940185547
10.0,118468.0,-0.11308829486370087,-0.0015339808305725455,-0.639911949634552
10.0,118472.0,-0.11299383640289307,-0.0015339808305725455,-0.6311569809913635
10.0,118477.0,-0.1128418892621994,-0.0015339808305725455,-0.6200553178787231
10.0,118482.0,-0.11269404739141464,-0.0015339808305725455,-0.6107856631278992
10.0,118485.0,-0.11258316040039062,-0.0015339808305725455,-0.5992071628570557
10.0,118489.0,-0.11248049139976501,-0.0015339808305725455,-0.5854108929634094
10.0,118493.0,-0.11241067945957184,-0.0015339808305725455,-0.5730662941932678
10.0,118497.0,-0.11232854425907135,-0.0015339808305725455,-0.5536099076271057
10.0,118500.0,-0.1122751533985138,0.0,-0.7961045503616333
10.0,118503.0,-0.11222176253795624,0.0,-0.7741473913192749
10.0,118507.0,-0.11215195059776306,0.0,-0.7541695237159729
10.0,118510.0,-0.1120944544672966,0.0,-0.7319717407226562
10.0,118514.0,-0.11200821399688721,0.0,-0.715868353843689
10.0,118518.0,-0.11191786080598831,0.0,-0.6977852582931519
10.0,118521.0,-0.11185215413570404,0.0015339808305725455,-0.9444531202316284
10.0,118524.0,-0.11177001893520355,0.0015339808305725455,-0.9253990054130554
10.0,118529.0,-0.11167145520448685,0.0015339808305725455,-0.9061906337738037
10.0,118532.0,-0.11158932000398636,0.0015339808305725455,-0.8917421102523804
10.0,118537.0,-0.11143326759338379,0.0015339808305725455,-0.8828431367874146
10.0,118540.0,-0.11124024540185928,0.0015339808305725455,-0.8840777277946472
10.0,118545.0,-0.11111704260110855,0.0015339808305725455,-0.8893248438835144
10.0,118549.0,-0.11093223839998245,0.0015339808305725455,-0.9011285901069641
10.0,118552.0,-0.1107885017991066,0.0015339808305725455,-0.9104076623916626
10.0,118556.0,-0.11058726906776428,0.0015339808305725455,-0.9268902540206909
10.0,118559.0,-0.11036960780620575,0.0015339808305725455,-0.9422632455825806
10.0,118563.0,-0.11020123213529587,0.0,-0.6901513934135437
10.0,118567.0,-0.10996714234352112,0.0,-0.7204715609550476
10.0,118572.0,-0.10967966914176941,0.0,-0.7619962096214294
10.0,118575.0,-0.10945790261030197,0.0,-0.7792901396751404
10.0,118579.0,-0.10928952693939209,0.0,-0.8025468587875366
10.0,118583.0,-0.10906365513801575,-0.0015339808305725455,-0.5545783042907715
10.0,118587.0,-0.1088377833366394,-0.0015339808305725455,-0.583726167678833
10.0,118590.0,-0.10867761820554733,-0.0015339808305725455,-0.6065222024917603
10.0,118593.0,-0.10847638547420502,-0.0015339808305725455,-0.6214470863342285
10.0,118597.0,-0.10833264887332916,-0.0015339808305725455,-0.6376343369483948
10.0,118600.0,-0.10819712281227112,-0.0015339808305725455,-0.6450662612915039
10.0,118604.0,-0.10802874714136124,-0.0015339808305725455,-0.6496376395225525
10.0,118608.0,-0.10787680000066757,-0.0015339808305725455,-0.651543140411377
10.0,118611.0,-0.10777001827955246,-0.0015339808305725455,-0.6494390964508057
10.0,118614.0,-0.10764271020889282,-0.0015339808305725455,-0.6445949673652649
10.0,118618.0,-0.10754825174808502,-0.0015339808305725455,-0.6374770998954773
10.0,118621.0,-0.10742916166782379,-0.0015339808305725455,-0.6316744685173035
10.0,118625.0,-0.1073388084769249,-0.0015339808305725455,-0.6260572671890259
10.0,118628.0,-0.10722792893648148,-0.0015339808305725455,-0.6157388687133789
10.0,118632.0,-0.10714989900588989,-0.0015339808305725455,-0.6065692901611328
10.0,118636.0,-0.10704312473535538,-0.0015339808305725455,-0.5923275351524353
10.0,118640.0,-0.10694456100463867,-0.0015339808305725455,-0.5825212001800537
10.0,118652.0,-0.10670636594295502,0.0,-0.7832680344581604
10.0,118656.0,-0.10662423074245453,0.0,-0.7618187665939331
10.0,118659.0,-0.10653799027204514,0.0,-0.7476133704185486
10.0,118664.0,-0.10644353181123734,0.0,-0.7315454483032227
10.0,118668.0,-0.10634496808052063,0.0,-0.7174296975135803
10.0,118671.0,-0.10627105087041855,0.0015339808305725455,-0.9707766771316528
10.0,118674.0,-0.10617248713970184,0.0015339808305725455,-0.956437885761261
10.0,118678.0,-0.10609035193920135,0.0015339808305725455,-0.9420070052146912
10.0,118682.0,-0.10597125440835953,0.0015339808305725455,-0.933898389339447
10.0,118685.0,-0.10583572834730148,0.0015339808305725455,-0.9283892512321472
10.0,118689.0,-0.10572073608636856,0.0015339808305725455,-0.9298269748687744
10.0,118692.0,-0.10559753328561783,0.0015339808305725455,-0.9342695474624634
10.0,118696.0,-0.10541272908449173,0.0015339808305725455,-0.9463063478469849
10.0,118699.0,-0.10526078194379807,0.0015339808305725455,-0.9584312438964844
10.0,118702.0,-0.10505544394254684,0.0,-0.7046919465065002
10.0,118707.0,-0.1048295721411705,0.0,-0.7335475087165833
10.0,118710.0,-0.10465297847986221,0.0,-0.7640789151191711
10.0,118714.0,-0.10442300140857697,0.0,-0.7852859497070312
10.0,118718.0,-0.10418480634689331,0.0,-0.8154096007347107
10.0,118721.0,-0.10401231795549393,-0.0015339808305725455,-0.5764328241348267
10.0,118726.0,-0.10372073948383331,-0.0015339808305725455,-0.61692214012146
10.0,118730.0,-0.10343737155199051,-0.0015339808305725455,-0.6456258296966553
10.0,118734.0,-0.10327720642089844,-0.0015339808305725455,-0.669356107711792
10.0,118738.0,-0.10307597368955612,-0.003067961661145091,-0.41415518522262573
10.0,118741.0,-0.10292813181877136,-0.003067961661145091,-0.4359947144985199
10.0,118744.0,-0.10273922234773636,-0.003067961661145091,-0.45154809951782227
10.0,118749.0,-0.10257905721664429,-0.003067961661145091,-0.46141567826271057
10.0,118752.0,-0.10247638821601868,-0.003067961661145091,-0.4616035521030426
10.0,118756.0,-0.10236960649490356,-0.003067961661145091,-0.4550548493862152
10.0,118760.0,-0.10228747129440308,-0.003067961661145091,-0.43951454758644104
10.0,118763.0,-0.10224229842424393,-0.0015339808305725455,-0.6790655255317688
10.0,118767.0,-0.10220123082399368,-0.0015339808305725455,-0.6546592116355896
10.0,118770.0,-0.10216838121414185,-0.0015339808305725455,-0.6222774386405945
10.0,118773.0,-0.1021273136138916,-0.0015339808305725455,-0.5994512438774109
10.0,118778.0,-0.10208624601364136,0.0,-0.8360357284545898
10.0,118781.0,-0.10204928368330002,0.0,-0.8035350441932678
10.0,118785.0,-0.10199589282274246,0.0,-0.7749391794204712
10.0,118789.0,-0.10192196816205978,0.0,-0.7588922381401062
10.0,118792.0,-0.10185626149177551,0.0,-0.746003270149231
10.0,118795.0,-0.10179055482149124,0.0,-0.7302860021591187
10.0,118799.0,-0.10169199109077454,0.0015339808305725455,-0.9817311763763428
10.0,118803.0,-0.10158932209014893,0.0015339808305725455,-0.9696540832519531
10.0,118807.0,-0.1014661192893982,0.0015339808305725455,-0.9603590369224548
10.0,118810.0,-0.10136755555868149,0.0015339808305725455,-0.9554651975631714
10.0,118813.0,-0.10121971368789673,0.0015339808305725455,-0.9549570083618164
10.0,118818.0,-0.10105544328689575,0.0015339808305725455,-0.9597045183181763
10.0,118821.0,-0.10091991722583771,0.0015339808305725455,-0.9696926474571228
10.0,118824.0,-0.10077618062496185,0.0015339808305725455,-0.9810182452201843
10.0,118828.0,-0.10057494789361954,0.0,-0.7316526770591736
10.0,118832.0,-0.10037371516227722,0.0,-0.7481259703636169
10.0,118844.0,-0.09977412968873978,0.0,-0.8132800459861755
10.0,118849.0,-0.099515400826931,0.0,-0.8333422541618347
10.0,118854.0,-0.09925667196512222,-0.0015339808305725455,-0.5957481265068054
10.0,118858.0,-0.0990472286939621,-0.0015339808305725455,-0.621489405632019
10.0,118861.0,-0.09889116883277893,-0.0015339808305725455,-0.6449980139732361
10.0,118864.0,-0.09869404882192612,-0.0015339808305725455,-0.6600881814956665
10.0,118868.0,-0.09852156043052673,-0.0015339808305725455,-0.6716175675392151
10.0,118872.0,-0.098398357629776,-0.0015339808305725455,-0.678010880947113
10.0,118875.0,-0.09827515482902527,-0.0015339808305725455,-0.686312735080719
10.0,118879.0,-0.09811088442802429,-0.0015339808305725455,-0.6943710446357727
10.0,118882.0,-0.09793839603662491,-0.0015339808305725455,-0.7029476165771484
10.0,118886.0,-0.09781108796596527,-0.003067961661145091,-0.44795796275138855
10.0,118890.0,-0.0976468175649643,-0.003067961661145091,-0.4578700065612793
10.0,118893.0,-0.09754004329442978,-0.003067961661145091,-0.46265709400177
10.0,118897.0,-0.09741684049367905,-0.003067961661145091,-0.4614632725715637
10.0,118900.0,-0.09733881056308746,-0.003067961661145091,-0.45281660556793213
10.0,118904.0,-0.09725667536258698,-0.0015339808305725455,-0.7094604969024658
10.0,118908.0,-0.0971868559718132,-0.0015339808305725455,-0.68622887134552
10.0,118911.0,-0.09713757783174515,-0.0015339808305725455,-0.6625494360923767
10.0,118915.0,-0.09707187116146088,-0.0015339808305725455,-0.6453804969787598
10.0,118918.0,-0.09702258557081223,-0.0015339808305725455,-0.624606192111969
10.0,118921.0,-0.09695277363061905,-0.0015339808305725455,-0.608521580696106
10.0,118925.0,-0.09689527750015259,0.0,-0.8535599112510681
10.0,118929.0,-0.09685010462999344,0.0,-0.8249726295471191
10.0,118933.0,-0.09680081903934479,0.0,-0.8022390604019165
10.0,118936.0,-0.09674332290887833,0.0,-0.7756246328353882
10.0,118940.0,-0.09669815003871918,0.0,-0.7499872446060181
10.0,118943.0,-0.09665297716856003,0.0,-0.7334125638008118
10.0,118947.0,-0.09658727049827576,0.0015339808305725455,-0.9759339094161987
10.0,118950.0,-0.0965379849076271,0.0015339808305725455,-0.9573744535446167
10.0,118953.0,-0.09645174443721771,0.0015339808305725455,-0.943378210067749
10.0,118957.0,-0.0963449701666832,0.0015339808305725455,-0.9316012263298035
10.0,118961.0,-0.0962546169757843,0.0015339808305725455,-0.9256522059440613
10.0,118964.0,-0.09615194797515869,0.0015339808305725455,-0.9260495901107788
10.0,118968.0,-0.09600000083446503,0.0015339808305725455,-0.929740309715271
10.0,118971.0,-0.09584394097328186,0.0015339808305725455,-0.9341209530830383
10.0,118975.0,-0.09564270824193954,0.0015339808305725455,-0.9421160221099854
10.0,118980.0,-0.09551540017127991,0.0015339808305725455,-0.9538620114326477
10.0,118986.0,-0.09524846076965332,0.0015339808305725455,-0.9661586880683899
10.0,118989.0,-0.09510882943868637,0.0015339808305725455,-0.9794197678565979
10.0,118992.0,-0.09496509283781052,0.0,-0.7238441109657288
10.0,118996.0,-0.09477207064628601,0.0,-0.7407799959182739
10.0,118999.0,-0.09462012350559235,0.0,-0.7640066146850586
10.0,119003.0,-0.09442299604415894,0.0,-0.7799206376075745
10.0,119007.0,-0.09422176331281662,0.0,-0.8018467426300049
10.0,119010.0,-0.09407392144203186,0.0,-0.8217085599899292
10.0,119013.0,-0.0939260795712471,0.0,-0.8361766934394836
10.0,119017.0,-0.09372484683990479,-0.0015339808305725455,-0.5923397541046143
10.0,119020.0,-0.09357289224863052,-0.0015339808305725455,-0.6117159128189087
10.0,119024.0,-0.09337577223777771,-0.0015339808305725455,-0.6292504072189331
10.0,119036.0,-0.09278850257396698,-0.0015339808305725455,-0.6857800483703613
10.0,119041.0,-0.09253798425197601,-0.0015339808305725455,-0.6997618079185486
10.0,119047.0,-0.09236550331115723,-0.0015339808305725455,-0.7121520638465881
10.0,119050.0,-0.09223819524049759,-0.003067961661145091,-0.45892035961151123
10.0,119053.0,-0.09207392483949661,-0.003067961661145091,-0.47009769082069397
10.0,119058.0,-0.09193018823862076,-0.003067961661145091,-0.4778541922569275
10.0,119061.0,-0.09183572977781296,-0.003067961661145091,-0.47871872782707214
10.0,119064.0,-0.09175769984722137,-0.003067961661145091,-0.47333383560180664
10.0,119068.0,-0.09166735410690308,-0.0015339808305725455,-0.7277780771255493
10.0,119071.0,-0.09160985797643661,-0.0015339808305725455,-0.7117036581039429
10.0,119075.0,-0.09154003858566284,-0.0015339808305725455,-0.6918953657150269
10.0,119079.0,-0.09147022664546967,-0.0015339808305725455,-0.6701613664627075
10.0,119083.0,-0.09140040725469589,-0.0015339808305725455,-0.6505733728408813
10.0,119087.0,-0.09133880585432053,-0.0015339808305725455,-0.6340414881706238
10.0,119090.0,-0.09130185097455978,0.0,-0.8745546340942383
10.0,119093.0,-0.09125256538391113,0.0,-0.8520435690879822
10.0,119097.0,-0.0912156030535698,0.0,-0.8243765234947205
10.0,119100.0,-0.09117453545331955,0.0,-0.8046507835388184
10.0,119103.0,-0.09111293405294418,0.0,-0.7868325114250183
10.0,119108.0,-0.09105133265256882,0.0015339808305725455,-1.0327445268630981
10.0,119111.0,-0.09100615978240967,0.0015339808305725455,-1.005020022392273
10.0,119114.0,-0.09095688164234161,0.0015339808305725455,-0.9872809648513794
10.0,119118.0,-0.09087063372135162,0.0015339808305725455,-0.9740889668464661
10.0,119121.0,-0.09079261124134064,0.0015339808305725455,-0.9633501768112183
10.0,119125.0,-0.09066940099000931,0.0015339808305725455,-0.9602850079536438
10.0,119128.0,-0.09056262671947479,0.0015339808305725455,-0.9621610045433044
10.0,119132.0,-0.09040246158838272,0.0015339808305725455,-0.9685955047607422
10.0,119135.0,-0.09027515351772308,0.0015339808305725455,-0.9796560406684875
10.0,119139.0,-0.09008624404668808,0.0015339808305725455,-0.9924148917198181
10.0,119142.0,-0.08994250744581223,0.0015339808305725455,-1.0094143152236938
10.0,119146.0,-0.0897330567240715,0.0,-0.7614349722862244
10.0,119149.0,-0.08956468105316162,0.0,-0.7939388751983643
10.0,119152.0,-0.08939630538225174,0.0,-0.8158915042877197
10.0,119156.0,-0.08918685466051102,0.0,-0.8345971703529358
10.0,119159.0,-0.08903080224990845,0.0,-0.8592433929443359
10.0,119163.0,-0.08881724625825882,-0.0015339808305725455,-0.6190155744552612
10.0,119168.0,-0.08854209631681442,-0.0015339808305725455,-0.6593313217163086
10.0,119172.0,-0.0883326455950737,-0.0015339808305725455,-0.6797211766242981
10.0,119175.0,-0.08812730759382248,-0.0015339808305725455,-0.7052099704742432
10.0,119183.0,-0.08778233826160431,-0.003067961661145091,-0.47625917196273804
10.0,119187.0,-0.0875893235206604,-0.003067961661145091,-0.5016190409660339
10.0,119191.0,-0.08741272985935211,-0.003067961661145091,-0.520739734172821
10.0,119194.0,-0.08725256472826004,-0.003067961661145091,-0.5338690280914307
10.0,119198.0,-0.08714579045772552,-0.003067961661145091,-0.5398811101913452
10.0,119202.0,-0.08701437711715698,-0.003067961661145091,-0.5430598855018616
10.0,119206.0,-0.08689116686582565,-0.003067961661145091,-0.5421659350395203
10.0,119210.0,-0.08678439259529114,-0.003067961661145091,-0.5373555421829224
10.0,119214.0,-0.08668172359466553,-0.003067961661145091,-0.5300765633583069
10.0,119218.0,-0.08659137785434723,-0.003067961661145091,-0.5190834403038025
10.0,119222.0,-0.08650924265384674,-0.003067961661145091,-0.5101229548454285
10.0,119228.0,-0.08639835566282272,-0.0015339808305725455,-0.7513870596885681
10.0,119233.0,-0.08631622046232224,-0.0015339808305725455,-0.7242093682289124
10.0,119236.0,-0.08623819053173065,-0.0015339808305725455,-0.7073926329612732
10.0,119240.0,-0.08616016060113907,-0.0015339808305725455,-0.6912429928779602
10.0,119245.0,-0.08606981486082077,-0.0015339808305725455,-0.6797012686729431
10.0,119248.0,-0.08598357439041138,-0.0015339808305725455,-0.6672918200492859
10.0,119252.0,-0.0859178677201271,-0.0015339808305725455,-0.655386209487915
10.0,119256.0,-0.08583983778953552,0.0,-0.9113264679908752
10.0,119259.0,-0.08578644692897797,0.0,-0.8903196454048157
10.0,119263.0,-0.08570431172847748,0.0,-0.8771156072616577
10.0,119267.0,-0.08561807125806808,0.0,-0.8614588975906372
10.0,119270.0,-0.08554825186729431,0.0,-0.8491100072860718
10.0,119273.0,-0.0854496955871582,0.0,-0.8411689400672913
10.0,119277.0,-0.08537166565656662,0.0,-0.8323099613189697
10.0,119280.0,-0.08529363572597504,0.0,-0.8275833129882812
10.0,119283.0,-0.08520739525556564,0.0,-0.8257123231887817
10.0,119288.0,-0.08504723012447357,0.0,-0.8255746364593506
10.0,119291.0,-0.08494044840335846,0.0,-0.8308438062667847
10.0,119295.0,-0.0847926065325737,0.0,-0.8357024192810059
10.0,119298.0,-0.08468172699213028,0.0,-0.8420236706733704
10.0,119301.0,-0.08453387767076492,0.0,-0.8466544151306152
10.0,119305.0,-0.08438193053007126,0.0,-0.85402512550354
10.0,119309.0,-0.08426693826913834,0.0,-0.8625347018241882
10.0,119312.0,-0.08410266786813736,0.0,-0.8707601428031921
10.0,119316.0,-0.08393429219722748,-0.0015339808305725455,-0.6143311858177185
10.0,119320.0,-0.08379876613616943,-0.0015339808305725455,-0.6360307335853577
10.0,119323.0,-0.08362628519535065,-0.0015339808305725455,-0.6491222381591797
10.0,119327.0,-0.08346612006425858,-0.0015339808305725455,-0.6629358530044556
10.0,119331.0,-0.08335112780332565,-0.0015339808305725455,-0.671332836151123
10.0,119334.0,-0.08324435353279114,-0.0015339808305725455,-0.6791079640388489
10.0,119338.0,-0.08309651166200638,-0.0015339808305725455,-0.6857984066009521
10.0,119341.0,-0.08298562467098236,-0.0015339808305725455,-0.6958398222923279
10.0,119345.0,-0.0828336775302887,-0.0015339808305725455,-0.7021438479423523
10.0,119348.0,-0.08268172293901443,-0.0015339808305725455,-0.7116636633872986
10.0,119353.0,-0.08252977579832077,-0.0015339808305725455,-0.7228070497512817
10.0,119358.0,-0.08234497159719467,-0.0015339808305725455,-0.7303730249404907
10.0,119361.0,-0.0821889117360115,-0.0015339808305725455,-0.7403859496116638
10.0,119364.0,-0.08207803219556808,-0.0015339808305725455,-0.7456891536712646
10.0,119368.0,-0.08197125047445297,-0.0015339808305725455,-0.7512485980987549
10.0,119381.0,-0.0815318301320076,-0.0015339808305725455,-0.7597575783729553
10.0,119384.0,-0.08138809353113174,-0.003067961661145091,-0.49496597051620483
10.0,119388.0,-0.08127310127019882,-0.003067961661145091,-0.5089100003242493
10.0,119392.0,-0.08112936466932297,-0.003067961661145091,-0.5166957378387451
10.0,119395.0,-0.08103080093860626,-0.003067961661145091,-0.5232140421867371
10.0,119399.0,-0.08091580867767334,-0.003067961661145091,-0.5226082801818848
10.0,119402.0,-0.08083777874708176,-0.003067961661145091,-0.5196309089660645
10.0,119406.0,-0.08075153827667236,-0.0015339808305725455,-0.7770459055900574
10.0,119409.0,-0.0806940421462059,-0.0015339808305725455,-0.7629736065864563
10.0,119412.0,-0.08064886927604675,-0.0015339808305725455,-0.7466318607330322
10.0,119416.0,-0.08057905733585358,-0.0015339808305725455,-0.733445405960083
10.0,119419.0,-0.08052566647529602,-0.0015339808305725455,-0.7173686623573303
10.0,119422.0,-0.08046817034482956,-0.0015339808305725455,-0.7063867449760437
10.0,119426.0,-0.08038192987442017,-0.0015339808305725455,-0.6953725218772888
10.0,119430.0,-0.08029979467391968,-0.0015339808305725455,-0.6863922476768494
10.0,119433.0,-0.08023819327354431,-0.0015339808305725455,-0.6748363375663757
10.0,119437.0,-0.08015605807304382,-0.0015339808305725455,-0.663740336894989
10.0,119440.0,-0.08009856194257736,-0.0015339808305725455,-0.6530241966247559
10.0,119443.0,-0.08002875000238419,-0.0015339808305725455,-0.642619252204895
10.0,119447.0,-0.07996303588151932,0.0,-0.8913299441337585
10.0,119450.0,-0.07991786301136017,0.0,-0.8745753169059753
10.0,119454.0,-0.07986447960138321,0.0,-0.8574402332305908
10.0,119458.0,-0.07978644967079163,0.0,-0.8436751961708069
10.0,119461.0,-0.07969199120998383,0.0,-0.836384117603302
10.0,119465.0,-0.07961806654930115,0.0,-0.8287796378135681
10.0,119469.0,-0.07951129227876663,0.0,-0.825527548789978
10.0,119472.0,-0.07942505180835724,0.0,-0.8255505561828613
10.0,119477.0,-0.07926488667726517,0.0,-0.8287479877471924
10.0,119481.0,-0.07909651100635529,0.0,-0.8358756899833679
10.0,119486.0,-0.07895687967538834,0.0,-0.8419464826583862
10.0,119489.0,-0.07881724834442139,0.0,-0.8457111716270447
10.0,119493.0,-0.07871457934379578,0.0,-0.849392831325531
10.0,119497.0,-0.07857084274291992,0.0,-0.8564465641975403
10.0,119500.0,-0.0784599557518959,0.0,-0.864646315574646
10.0,119503.0,-0.07830800861120224,0.0,-0.871975302696228
10.0,119507.0,-0.07814373821020126,-0.0015339808305725455,-0.6166086792945862
10.0,119510.0,-0.07802053540945053,-0.0015339808305725455,-0.630705714225769
10.0,119514.0,-0.0778932273387909,-0.0015339808305725455,-0.6502643823623657
10.0,119518.0,-0.07773716747760773,-0.0015339808305725455,-0.6608092784881592
10.0,119521.0,-0.07758521288633347,-0.0015339808305725455,-0.6740425825119019
10.0,119525.0,-0.07744558155536652,-0.0015339808305725455,-0.6828168630599976
10.0,119529.0,-0.077338807284832,-0.0015339808305725455,-0.6926653981208801
10.0,119533.0,-0.07719917595386505,-0.0015339808305725455,-0.6981768012046814
10.0,119536.0,-0.07707186788320541,-0.0015339808305725455,-0.7021983861923218
10.0,119541.0,-0.07694045454263687,-0.0015339808305725455,-0.7074241638183594
10.0,119546.0,-0.07675975561141968,-0.0015339808305725455,-0.7098428606987
10.0,119550.0,-0.07666529715061188,-0.0015339808305725455,-0.7123005986213684
10.0,119553.0,-0.07657083868980408,-0.0015339808305725455,-0.7161337733268738
10.0,119557.0,-0.0764106810092926,-0.0015339808305725455,-0.7197722792625427
10.0,119561.0,-0.0763080045580864,-0.0015339808305725455,-0.7260307669639587
10.0,119574.0,-0.07590143382549286,-0.0015339808305725455,-0.7333974242210388
10.0,119578.0,-0.07577823102474213,-0.0015339808305725455,-0.7353463768959045
10.0,119581.0,-0.07567967474460602,-0.0015339808305725455,-0.7399634122848511
10.0,119584.0,-0.07554825395345688,-0.0015339808305725455,-0.7433534264564514
10.0,119588.0,-0.07542094588279724,-0.0015339808305725455,-0.7464467883110046
10.0,119592.0,-0.07532238215208054,-0.0015339808305725455,-0.7497329711914062
10.0,119595.0,-0.07522381842136383,-0.0015339808305725455,-0.7540229558944702
10.0,119599.0,-0.07509240508079529,-0.003067961661145091,-0.49282270669937134
10.0,119602.0,-0.07499794661998749,-0.003067961661145091,-0.4990400969982147
10.0,119606.0,-0.07487884908914566,-0.003067961661145091,-0.5034914016723633
10.0,119609.0,-0.07477618008852005,-0.003067961661145091,-0.5027391314506531
10.0,119613.0,-0.07470636814832687,-0.003067961661145091,-0.4990975260734558
10.0,119617.0,-0.0746324434876442,-0.0015339808305725455,-0.7586948871612549
10.0,119620.0,-0.07458727061748505,-0.0015339808305725455,-0.7388268709182739
10.0,119623.0,-0.0745462030172348,-0.0015339808305725455,-0.7237632870674133
10.0,119627.0,-0.07450103014707565,-0.0015339808305725455,-0.7012433409690857
10.0,119630.0,-0.07446406781673431,-0.0015339808305725455,-0.6859282851219177
10.0,119633.0,-0.07441888749599457,-0.0015339808305725455,-0.669721782207489
10.0,119638.0,-0.07438603788614273,-0.0015339808305725455,-0.6452447175979614
10.0,119641.0,-0.0743613988161087,0.0,-0.8870804905891418
10.0,119644.0,-0.07434086501598358,0.0,-0.8628396391868591
10.0,119648.0,-0.07431621849536896,0.0,-0.8338136672973633
10.0,119651.0,-0.07427926361560822,0.0,-0.8151201605796814
10.0,119655.0,-0.07425461709499359,0.0,-0.7956060171127319
10.0,119658.0,-0.07420944422483444,0.0015339808305725455,-1.0429043769836426
10.0,119662.0,-0.07418069988489151,0.0015339808305725455,-1.0213299989700317
10.0,119666.0,-0.07412730902433395,0.0015339808305725455,-0.9938613176345825
10.0,119670.0,-0.07403285056352615,0.0015339808305725455,-0.980042040348053
10.0,119674.0,-0.07395893335342407,0.0015339808305725455,-0.9748074412345886
10.0,119678.0,-0.07383983582258224,0.0015339808305725455,-0.9754040837287903
10.0,119681.0,-0.07373716682195663,0.0015339808305725455,-0.9838147759437561
10.0,119685.0,-0.07357700169086456,0.0015339808305725455,-0.9936447739601135
10.0,119688.0,-0.07344558835029602,0.0015339808305725455,-1.013529658317566
10.0,119692.0,-0.07325667142868042,0.0,-0.762426495552063
10.0,119695.0,-0.07310472428798676,0.0,-0.7937915921211243
10.0,119699.0,-0.07289938628673553,0.0,-0.8253965377807617
10.0,119702.0,-0.07274743169546127,0.0,-0.8477239608764648
10.0,119706.0,-0.07254209369421005,-0.0015339808305725455,-0.6105732917785645
10.0,119709.0,-0.07239425182342529,-0.0015339808305725455,-0.6360917687416077
10.0,119713.0,-0.07219712436199188,-0.0015339808305725455,-0.658255398273468
10.0,119717.0,-0.07200821489095688,-0.0015339808305725455,-0.686019241809845
10.0,119720.0,-0.07186858355998993,-0.0015339808305725455,-0.7114779949188232
10.0,119723.0,-0.07173305749893188,-0.0015339808305725455,-0.7290013432502747
10.0,119728.0,-0.07150718569755554,-0.003067961661145091,-0.49197864532470703
10.0,119732.0,-0.07130184769630432,-0.003067961661145091,-0.5142375826835632
10.0,119736.0,-0.07115400582551956,-0.003067961661145091,-0.530422568321228
10.0,119740.0,-0.07105133682489395,-0.003067961661145091,-0.5407066941261292
10.0,119743.0,-0.07096098363399506,-0.003067961661145091,-0.5455236434936523
10.0,119747.0,-0.07084599882364273,-0.003067961661145091,-0.5486438870429993
10.0,119750.0,-0.07076796889305115,-0.003067961661145091,-0.5492563247680664
10.0,119763.0,-0.07048049569129944,-0.003067961661145091,-0.5361164212226868
10.0,119767.0,-0.07041478157043457,-0.003067961661145091,-0.525070309638977
10.0,119770.0,-0.07036550343036652,-0.003067961661145091,-0.513098955154419
10.0,119773.0,-0.07031622529029846,-0.003067961661145091,-0.5014030933380127
10.0,119777.0,-0.07026693969964981,-0.0015339808305725455,-0.7532596588134766
10.0,119780.0,-0.07023408263921738,-0.0015339808305725455,-0.7364892959594727
10.0,119784.0,-0.07019712775945663,-0.0015339808305725455,-0.7215401530265808
10.0,119788.0,-0.07013963162899017,-0.0015339808305725455,-0.7049772143363953
10.0,119791.0,-0.07009034603834152,-0.0015339808305725455,-0.6930594444274902
10.0,119794.0,-0.07003285735845566,-0.0015339808305725455,-0.6861057281494141
10.0,119798.0,-0.06995072215795517,-0.0015339808305725455,-0.6806967854499817
10.0,119801.0,-0.0698891207575798,-0.0015339808305725455,-0.67510586977005
10.0,119805.0,-0.06979876756668091,-0.0015339808305725455,-0.6714044213294983
10.0,119808.0,-0.06973306089639664,-0.0015339808305725455,-0.6662046313285828
10.0,119811.0,-0.06964682042598724,-0.0015339808305725455,-0.6627729535102844
10.0,119815.0,-0.06958521902561188,-0.0015339808305725455,-0.6581265926361084
10.0,119818.0,-0.06952361762523651,-0.0015339808305725455,-0.650805652141571
10.0,119821.0,-0.06944969296455383,-0.0015339808305725455,-0.6451913714408875
10.0,119825.0,-0.06937987357378006,-0.0015339808305725455,-0.6357399225234985
10.0,119829.0,-0.0693264901638031,-0.0015339808305725455,-0.6280038952827454
10.0,119832.0,-0.06927309930324554,-0.0015339808305725455,-0.6217501163482666
10.0,119836.0,-0.06920328736305237,0.0,-0.8772969245910645
10.0,119839.0,-0.06912936270236969,0.0,-0.8683870434761047
10.0,119843.0,-0.06907186657190323,0.0,-0.8587456345558167
10.0,119847.0,-0.06897741556167603,0.0,-0.8544342517852783
10.0,119850.0,-0.06889938563108444,0.0,-0.8520382642745972
10.0,119854.0,-0.0687638595700264,0.0,-0.8524429202079773
10.0,119860.0,-0.06862012296915054,0.0,-0.8546701073646545
10.0,119863.0,-0.06853388249874115,0.0,-0.8564393520355225
10.0,119867.0,-0.06841478496789932,-0.0015339808305725455,-0.5954883098602295
10.0,119870.0,-0.06831622123718262,-0.0015339808305725455,-0.6052214503288269
10.0,119873.0,-0.0682094469666481,-0.0015339808305725455,-0.6173827052116394
10.0,119877.0,-0.06807392090559006,-0.0015339808305725455,-0.6322565078735352
10.0,119880.0,-0.06797125190496445,-0.0015339808305725455,-0.6424157023429871
10.0,119884.0,-0.0678357258439064,-0.0015339808305725455,-0.6509666442871094
10.0,119887.0,-0.06771252304315567,-0.0015339808305725455,-0.6593811511993408
10.0,119891.0,-0.06762217730283737,-0.0015339808305725455,-0.6661783456802368
10.0,119894.0,-0.06754004210233688,-0.0015339808305725455,-0.6687965393066406
10.0,119898.0,-0.06743326783180237,-0.0015339808305725455,-0.6700217723846436
10.0,119901.0,-0.06732648611068726,-0.0015339808305725455,-0.6725231409072876
10.0,119904.0,-0.06724846363067627,-0.0015339808305725455,-0.6736891269683838
10.0,119908.0,-0.06717043370008469,-0.0015339808305725455,-0.6748125553131104
10.0,119911.0,-0.06706776469945908,-0.0015339808305725455,-0.6759830117225647
10.0,119915.0,-0.0669938400387764,-0.0015339808305725455,-0.6743965744972229
10.0,119919.0,-0.0669034942984581,-0.0015339808305725455,-0.6715749502182007
10.0,119922.0,-0.06681724637746811,-0.0015339808305725455,-0.6688801646232605
10.0,119927.0,-0.06673921644687653,-0.0015339808305725455,-0.6623234152793884
10.0,119930.0,-0.06668583303689957,-0.0015339808305725455,-0.6547200679779053
10.0,119933.0,-0.06661190837621689,-0.0015339808305725455,-0.648543119430542
10.0,119937.0,-0.06654620170593262,-0.0015339808305725455,-0.6388141512870789
10.0,119950.0,-0.06631622463464737,-0.0015339808305725455,-0.6222751140594482
10.0,119953.0,-0.0662505105137825,-0.0015339808305725455,-0.6203063130378723
10.0,119957.0,-0.06616837531328201,-0.0015339808305725455,-0.6171085238456726
10.0,119960.0,-0.06610677391290665,-0.0015339808305725455,-0.6148070693016052
10.0,119963.0,-0.06602053344249725,-0.0015339808305725455,-0.6139165163040161
10.0,119968.0,-0.06593839824199677,-0.0015339808305725455,-0.6110289096832275
10.0,119971.0,-0.0658767968416214,-0.0015339808305725455,-0.6082769632339478
10.0,119974.0,-0.06581109017133713,-0.0015339808305725455,-0.6076408624649048
10.0,119979.0,-0.06570842117071152,-0.0015339808305725455,-0.6044406890869141
10.0,119984.0,-0.0656016394495964,-0.0015339808305725455,-0.6033388376235962
10.0,119988.0,-0.0655112937092781,-0.0015339808305725455,-0.6036599278450012
10.0,119991.0,-0.06544558703899384,-0.0015339808305725455,-0.6026576161384583
10.0,119995.0,-0.06535523384809494,-0.0015339808305725455,-0.603042721748352
10.0,119998.0,-0.06526488810777664,-0.0015339808305725455,-0.6040303707122803
10.0,120002.0,-0.06520328670740128,-0.0015339808305725455,-0.6023239493370056
10.0,120005.0,-0.06511704623699188,-0.0015339808305725455,-0.6014651656150818
10.0,120010.0,-0.0650390163064003,-0.0015339808305725455,-0.5980193614959717
10.0,120013.0,-0.06498152017593384,-0.0015339808305725455,-0.593372106552124
10.0,120017.0,-0.06490759551525116,-0.0015339808305725455,-0.5889208912849426
10.0,120020.0,-0.0648583173751831,-0.0015339808305725455,-0.5836992859840393
10.0,120024.0,-0.06479261070489883,-0.0015339808305725455,-0.5786342620849609
10.0,120028.0,-0.06473100930452347,-0.0015339808305725455,-0.5707994103431702
10.0,120031.0,-0.06468994170427322,-0.0015339808305725455,-0.5619289875030518
10.0,120034.0,-0.06462834030389786,-0.0015339808305725455,-0.5561633706092834
10.0,120039.0,-0.0645708441734314,-0.0015339808305725455,-0.5465099215507507
10.0,120043.0,-0.06450924277305603,0.0,-0.8070036768913269
10.0,120047.0,-0.06443942338228226,0.0,-0.7933009266853333
10.0,120050.0,-0.06439425051212311,0.0,-0.7840641140937805
10.0,120054.0,-0.06434085965156555,0.0,-0.7752838730812073
10.0,120058.0,-0.06426694244146347,0.0,-0.7706167697906494
10.0,120061.0,-0.0642053410410881,0.0,-0.7664055824279785
10.0,120064.0,-0.06413962692022324,0.0,-0.7647169828414917
10.0,120068.0,-0.06405749171972275,0.0,-0.7621394395828247
10.0,120071.0,-0.06396714597940445,0.0,-0.7606139183044434
10.0,120075.0,-0.06389733403921127,0.0,-0.7604935765266418
10.0,120079.0,-0.06381108611822128,0.0,-0.7581522464752197
10.0,120082.0,-0.0637412741780281,0.0,-0.757248044013977
10.0,120086.0,-0.06365092098712921,0.0,-0.757758617401123
10.0,120089.0,-0.06358110904693604,0.0,-0.7564787268638611
10.0,120092.0,-0.06349076330661774,0.0,-0.7565847039222717
10.0,120096.0,-0.06342504918575287,-0.0015339808305725455,-0.48896923661231995
10.0,120099.0,-0.06333470344543457,-0.0015339808305725455,-0.4923205077648163
10.0,120102.0,-0.0632731020450592,-0.0015339808305725455,-0.4942471981048584
10.0,120106.0,-0.06322381645441055,-0.0015339808305725455,-0.4900461733341217
10.0,120110.0,-0.0631786435842514,0.0,-0.7511012554168701
10.0,120113.0,-0.06315400451421738,0.0,-0.7319425344467163
10.0,120117.0,-0.06313347071409225,0.0,-0.7140297293663025
10.0,120120.0,-0.06311293691396713,0.0,-0.6935830116271973
10.0,120123.0,-0.0630882978439331,0.0,-0.6794300079345703
10.0,120128.0,-0.06306776404380798,0.0,-0.658952534198761
10.0,120140.0,-0.06301847845315933,0.0015339808305725455,-0.8555846810340881
10.0,120144.0,-0.06300616264343262,0.0015339808305725455,-0.8358246684074402
10.0,120148.0,-0.062981516122818,0.0015339808305725455,-0.814789891242981
10.0,120151.0,-0.06295277178287506,0.0015339808305725455,-0.7958795428276062
10.0,120155.0,-0.06292402744293213,0.0015339808305725455,-0.7803256511688232
10.0,120159.0,-0.06288706511259079,0.0015339808305725455,-0.7667099237442017
10.0,120164.0,-0.06282956898212433,0.0015339808305725455,-0.7549486756324768
10.0,120169.0,-0.06277207285165787,0.0015339808305725455,-0.7412045001983643
10.0,120173.0,-0.0627145767211914,0.0015339808305725455,-0.7343991994857788
10.0,120177.0,-0.06266119331121445,0.0015339808305725455,-0.7265246510505676
10.0,120180.0,-0.0626119077205658,0.003067961661145091,-0.9883530139923096
10.0,120186.0,-0.06251334398984909,0.003067961661145091,-0.9767661690711975
10.0,120189.0,-0.06242299824953079,0.003067961661145091,-0.9759171009063721
10.0,120193.0,-0.06234907731413841,0.003067961661145091,-0.9773437976837158
10.0,120196.0,-0.06223408505320549,0.0015339808305725455,-0.7176406979560852
10.0,120200.0,-0.06213963031768799,0.0015339808305725455,-0.7359751462936401
10.0,120203.0,-0.06200410798192024,0.0015339808305725455,-0.7492967247962952
10.0,120207.0,-0.0618726909160614,0.0015339808305725455,-0.7665218114852905
10.0,120211.0,-0.06177002191543579,0.0015339808305725455,-0.7844980359077454
10.0,120215.0,-0.06163449585437775,0.0015339808305725455,-0.8018558621406555
10.0,120218.0,-0.061494868248701096,0.0015339808305725455,-0.8161580562591553
10.0,120222.0,-0.06138809025287628,0.0,-0.5681973695755005
10.0,120226.0,-0.06117043271660805,0.0,-0.5987728238105774
10.0,120231.0,-0.06107186898589134,0.0,-0.6226639747619629
10.0,120236.0,-0.060915812849998474,0.0,-0.635667622089386
10.0,120240.0,-0.060804929584264755,0.0,-0.6451362371444702
10.0,120243.0,-0.060718685388565063,0.0,-0.6573856472969055
10.0,120247.0,-0.06060369685292244,0.0,-0.6692189574241638
10.0,120251.0,-0.06049281358718872,0.0,-0.6764886975288391
10.0,120254.0,-0.060381930321455,0.0,-0.6863279938697815
10.0,120258.0,-0.060299795120954514,0.0,-0.4274201989173889
10.0,120262.0,-0.0601930171251297,-0.0015339808305725455,-0.43724149465560913
10.0,120265.0,-0.06009034812450409,-0.0015339808305725455,-0.4494679272174835
10.0,120269.0,-0.06002464145421982,-0.0015339808305725455,-0.4559418857097626
10.0,120272.0,-0.059946611523628235,-0.0015339808305725455,-0.45828527212142944
10.0,120276.0,-0.05987679585814476,-0.0015339808305725455,-0.45910272002220154
10.0,120280.0,-0.05982751399278641,-0.0015339808305725455,-0.4587012231349945
10.0,120283.0,-0.05978644639253616,-0.0015339808305725455,-0.4555293619632721
10.0,120287.0,-0.059733059257268906,-0.0015339808305725455,-0.4484414756298065
10.0,120290.0,-0.05969199165701866,-0.0015339808305725455,-0.4429641366004944
10.0,120294.0,-0.05966324359178543,0.0,-0.7016912698745728
10.0,120298.0,-0.0596344955265522,0.0,-0.6840783357620239
10.0,120301.0,-0.05959753692150116,0.0,-0.6697967052459717
10.0,120305.0,-0.05956878885626793,0.0,-0.6597620248794556
10.0,120309.0,-0.05952361226081848,0.0,-0.649070143699646
10.0,120312.0,-0.05948665365576744,0.0,-0.6401010155677795
10.0,120316.0,-0.05943737179040909,0.0,-0.6336011290550232
10.0,120319.0,-0.05940040946006775,0.0,-0.6252241730690002
10.0,120323.0,-0.05934702232480049,0.0,-0.6204826235771179
10.0,120335.0,-0.059219714254140854,0.0015339808305725455,-0.8550390005111694
10.0,120339.0,-0.05918685719370842,0.0015339808305725455,-0.8370461463928223
10.0,120342.0,-0.059154003858566284,0.0015339808305725455,-0.8280259966850281
10.0,120346.0,-0.05910472199320793,0.0015339808305725455,-0.8177615404129028
10.0,120350.0,-0.05903901532292366,0.0015339808305725455,-0.8133344054222107
10.0,120354.0,-0.05895688012242317,0.0015339808305725455,-0.8129245638847351
10.0,120359.0,-0.058837782591581345,0.0015339808305725455,-0.8192480802536011
10.0,120362.0,-0.058726899325847626,0.0015339808305725455,-0.8269448280334473
10.0,120366.0,-0.0586078017950058,0.0015339808305725455,-0.8382565379142761
10.0,120370.0,-0.05850924178957939,0.0015339808305725455,-0.584755539894104
10.0,120374.0,-0.05836961045861244,0.0,-0.6028776168823242
10.0,120378.0,-0.0582340843975544,0.0,-0.6240519881248474
10.0,120381.0,-0.05813552439212799,0.0,-0.6384509801864624
10.0,120384.0,-0.05804106593132019,0.0,-0.6543930768966675
10.0,120388.0,-0.057926077395677567,0.0,-0.6671148538589478
10.0,120392.0,-0.05781108886003494,0.0,-0.6763716340065002
10.0,120395.0,-0.05773305892944336,0.0,-0.6843334436416626
10.0,120399.0,-0.05760985612869263,-0.0015339808305725455,-0.42379486560821533
10.0,120403.0,-0.05754004046320915,-0.0015339808305725455,-0.4315989315509796
10.0,120407.0,-0.05746611952781677,-0.0015339808305725455,-0.43542465567588806
10.0,120410.0,-0.05742915719747543,-0.0015339808305725455,-0.6982281804084778
10.0,120413.0,-0.0573963038623333,0.0,-0.686568558216095
10.0,120417.0,-0.057383984327316284,0.0,-0.6648445129394531
10.0,120420.0,-0.05736755579710007,0.0,-0.6514357328414917
10.0,120424.0,-0.05735934153199196,0.0,-0.6357033848762512
10.0,120428.0,-0.057347021996974945,0.0,-0.6158466339111328
10.0,120432.0,-0.05733470246195793,0.0,-0.5967193841934204
10.0,120435.0,-0.057330597192049026,0.0015339808305725455,-0.842531681060791
10.0,120439.0,-0.05732648819684982,0.0015339808305725455,-0.816228985786438
10.0,120443.0,-0.057318273931741714,0.0015339808305725455,-0.7988263964653015
10.0,120447.0,-0.057301849126815796,0.0015339808305725455,-0.7731125950813293
10.0,120450.0,-0.05727720633149147,0.0015339808305725455,-0.7609434127807617
10.0,120454.0,-0.05725667253136635,0.0015339808305725455,-0.7457118034362793
10.0,120458.0,-0.05722381919622421,0.0015339808305725455,-0.7337207198143005
10.0,120462.0,-0.05718275159597397,0.0015339808305725455,-0.7253462076187134
10.0,120465.0,-0.05714989826083183,0.0015339808305725455,-0.9852151274681091
10.0,120469.0,-0.05710061639547348,0.003067961661145091,-0.9754525423049927
10.0,120472.0,-0.05705543980002403,0.003067961661145091,-0.9668947458267212
10.0,120477.0,-0.05695277079939842,0.003067961661145091,-0.9676892757415771
10.0,120482.0,-0.05677618086338043,0.003067961661145091,-0.9818164110183716
10.0,120487.0,-0.056628335267305374,0.0015339808305725455,-0.7373698353767395
10.0,120490.0,-0.05651334673166275,0.0015339808305725455,-0.7633427381515503
10.0,120493.0,-0.05636550486087799,0.0015339808305725455,-0.7812127470970154
10.0,120497.0,-0.05621355399489403,0.0015339808305725455,-0.8056597113609314
10.0,120500.0,-0.056098561733961105,0.0015339808305725455,-0.8237822651863098
10.0,120504.0,-0.05598357319831848,0.0,-0.5729861259460449
10.0,120508.0,-0.05582751706242561,0.0,-0.6027317643165588
10.0,120511.0,-0.05571252480149269,0.0,-0.6300739645957947
10.0,120515.0,-0.055577002465724945,0.0,-0.6449268460273743
10.0,120519.0,-0.055445585399866104,0.0,-0.6640918850898743
10.0,120531.0,-0.0550718680024147,-0.0015339808305725455,-0.4504495859146118
10.0,120534.0,-0.05494866520166397,-0.0015339808305725455,-0.4661957621574402
10.0,120539.0,-0.05483367666602135,-0.0015339808305725455,-0.48298123478889465
10.0,120543.0,-0.05473100766539574,-0.0015339808305725455,-0.4978087544441223
10.0,120548.0,-0.054616015404462814,-0.0015339808305725455,-0.5067008137702942
10.0,120552.0,-0.054533880203962326,-0.0015339808305725455,-0.5100526809692383
10.0,120555.0,-0.054459959268569946,-0.0015339808305725455,-0.5121663212776184
10.0,120559.0,-0.054386038333177567,-0.0015339808305725455,-0.5140364766120911
10.0,120562.0,-0.054336756467819214,-0.0015339808305725455,-0.5133928060531616
10.0,120567.0,-0.05427515506744385,-0.0015339808305725455,-0.511222243309021
10.0,120570.0,-0.054225873202085495,-0.0015339808305725455,-0.509147584438324
10.0,120575.0,-0.05415605753660202,-0.0015339808305725455,-0.5043656229972839
10.0,120579.0,-0.05411088466644287,-0.0015339808305725455,-0.497241735458374
10.0,120582.0,-0.05407802760601044,-0.0015339808305725455,-0.4917455017566681
10.0,120586.0,-0.054041069000959396,-0.0015339808305725455,-0.4824517071247101
10.0,120589.0,-0.05400410667061806,0.0,-0.7400819659233093
10.0,120593.0,-0.053983572870492935,0.0,-0.7267274856567383
10.0,120597.0,-0.053946610540151596,0.0,-0.7126474976539612
10.0,120600.0,-0.05391375720500946,0.0,-0.7017643451690674
10.0,120604.0,-0.053856261074543,0.0,-0.6975680589675903
10.0,120608.0,-0.05379465967416763,0.0,-0.6926373243331909
10.0,120611.0,-0.053741272538900375,0.0,-0.691916286945343
10.0,120614.0,-0.053683776408433914,0.0,-0.6907305717468262
10.0,120618.0,-0.053609855473041534,0.0,-0.6909366846084595
10.0,120621.0,-0.05355236306786537,0.0,-0.6916661262512207
10.0,120625.0,-0.053470224142074585,0.0,-0.6932287216186523
10.0,120628.0,-0.05338398367166519,0.0,-0.6966125965118408
10.0,120632.0,-0.05331006273627281,0.0,-0.7039104104042053
10.0,120636.0,-0.05321149900555611,0.0,-0.7123318314552307
10.0,120639.0,-0.05312936380505562,0.0,-0.720146894454956
10.0,120642.0,-0.05304722860455513,0.0,-0.7277573943138123
10.0,120646.0,-0.05293634533882141,0.0,-0.7380552887916565
10.0,120649.0,-0.05285010114312172,0.0,-0.7452150583267212
10.0,120653.0,-0.052739217877388,-0.0015339808305725455,-0.4924015402793884
10.0,120657.0,-0.052632443606853485,-0.0015339808305725455,-0.5021958351135254
10.0,120660.0,-0.05256262794137001,-0.0015339808305725455,-0.5117496848106384
10.0,120663.0,-0.052464064210653305,-0.0015339808305725455,-0.5142776966094971
10.0,120670.0,-0.05238603800535202,-0.0015339808305725455,-0.5113083124160767
10.0,120673.0,-0.05234907567501068,-0.0015339808305725455,-0.5072320103645325
10.0,120677.0,-0.05230390280485153,-0.0015339808305725455,-0.49930810928344727
10.0,120680.0,-0.052279260009527206,-0.0015339808305725455,-0.49154919385910034
10.0,120683.0,-0.05224640667438507,-0.0015339808305725455,-0.4840070605278015
10.0,120687.0,-0.052229978144168854,0.0,-0.7341412305831909
10.0,120690.0,-0.05221765860915184,0.0,-0.7200978398323059
10.0,120693.0,-0.05219301953911781,0.0,-0.7064383029937744
10.0,120697.0,-0.05216427147388458,0.0,-0.6910592317581177
10.0,120700.0,-0.05214373767375946,0.0,-0.6795780062675476
10.0,120704.0,-0.052119094878435135,0.0,-0.6697532534599304
10.0,120708.0,-0.0520903505384922,0.0,-0.6557419896125793
10.0,120711.0,-0.05206570774316788,0.0,-0.6422451138496399
10.0,120723.0,-0.051979467272758484,0.0015339808305725455,-0.8653849363327026
10.0,120727.0,-0.051934290677309036,0.0015339808305725455,-0.8534488677978516
10.0,120731.0,-0.05187268927693367,0.0015339808305725455,-0.8473360538482666
10.0,120736.0,-0.05177002027630806,0.0015339808305725455,-0.8419249653816223
10.0,120740.0,-0.05168788507580757,0.0015339808305725455,-0.8429659008979797
10.0,120744.0,-0.0516180694103241,0.0015339808305725455,-0.846431314945221
10.0,120748.0,-0.05151950567960739,0.0015339808305725455,-0.8527202010154724
10.0,120751.0,-0.051433265209198,0.0015339808305725455,-0.8641669154167175
10.0,120755.0,-0.051310062408447266,0.0015339808305725455,-0.6108111143112183
10.0,120759.0,-0.05117453634738922,0.0,-0.6287150979042053
10.0,120762.0,-0.0510636568069458,0.0,-0.6554017663002014
10.0,120766.0,-0.05091991648077965,0.0,-0.6734606027603149
10.0,120769.0,-0.05082135647535324,0.0,-0.6932399868965149
10.0,120772.0,-0.05072689801454544,0.0,-0.7049393653869629
10.0,120776.0,-0.05061190947890282,0.0,-0.7182950377464294
10.0,120780.0,-0.05049692094326019,0.0,-0.7280286550521851
10.0,120783.0,-0.0504106767475605,-0.0015339808305725455,-0.4737011790275574
10.0,120787.0,-0.05029158294200897,-0.0015339808305725455,-0.4887177348136902
10.0,120790.0,-0.05020533874630928,-0.0015339808305725455,-0.5063316822052002
10.0,120794.0,-0.050098564475774765,-0.0015339808305725455,-0.516459584236145
10.0,120798.0,-0.05000821501016617,-0.0015339808305725455,-0.5251125693321228
10.0,120801.0,-0.04995071887969971,-0.0015339808305725455,-0.5294462442398071
10.0,120804.0,-0.049893222749233246,-0.0015339808305725455,-0.530932605266571
10.0,120808.0,-0.049827516078948975,-0.0015339808305725455,-0.5310882329940796
10.0,120811.0,-0.04976591467857361,-0.0015339808305725455,-0.5298707485198975
10.0,120815.0,-0.04972073808312416,-0.0015339808305725455,-0.5274254083633423
10.0,120819.0,-0.049663245677948,-0.0015339808305725455,-0.525075376033783
10.0,120822.0,-0.049622178077697754,-0.0015339808305725455,-0.5227181911468506
10.0,120826.0,-0.0495687872171402,-0.0015339808305725455,-0.5192508697509766
10.0,120829.0,-0.04953182861208916,-0.0015339808305725455,-0.5157330632209778
10.0,120832.0,-0.04948665201663971,-0.0015339808305725455,-0.510964572429657
10.0,120837.0,-0.04944147914648056,-0.0015339808305725455,-0.5052648186683655
10.0,120840.0,-0.049408625811338425,-0.0015339808305725455,-0.49845579266548157
10.0,120843.0,-0.049371663480997086,0.0,-0.7597581744194031
10.0,120847.0,-0.04934702441096306,0.0,-0.7447748184204102
10.0,120851.0,-0.049305953085422516,0.0,-0.7343932390213013
10.0,120856.0,-0.049240246415138245,0.0,-0.7263110876083374
10.0,120860.0,-0.04917453974485397,0.0,-0.7233307957649231
10.0,120863.0,-0.0491047240793705,0.0,-0.7225298285484314
10.0,120867.0,-0.04905133321881294,0.0,-0.7224284410476685
10.0,120870.0,-0.04899384081363678,0.0,-0.7216941714286804
10.0,120873.0,-0.0489158108830452,0.0,-0.7236840128898621
10.0,120877.0,-0.04883367568254471,0.0,-0.7263062596321106
10.0,120881.0,-0.048763860017061234,0.0,-0.7328715324401855
10.0,120884.0,-0.048689939081668854,0.0,-0.7400120496749878
10.0,120888.0,-0.04857494682073593,0.0,-0.7528361678123474
10.0,120891.0,-0.0484517440199852,-0.0015339808305725455,-0.4994505047798157
10.0,120894.0,-0.04835318401455879,-0.0015339808305725455,-0.5169625878334045
10.0,120898.0,-0.04823819175362587,-0.0015339808305725455,-0.5342249274253845
10.0,120902.0,-0.04815605655312538,-0.0015339808305725455,-0.5482142567634583
10.0,120915.0,-0.04790143668651581,-0.0015339808305725455,-0.5574062466621399
10.0,120919.0,-0.04784804955124855,-0.0015339808305725455,-0.553290069103241
10.0,120922.0,-0.047806981950998306,-0.0015339808305725455,-0.5506646633148193
10.0,120926.0,-0.04776180535554886,-0.0015339808305725455,-0.5441688895225525
10.0,120929.0,-0.04772895202040672,-0.0015339808305725455,-0.5391324162483215
10.0,120932.0,-0.04768788442015648,-0.0015339808305725455,-0.5329011678695679
10.0,120936.0,-0.04765503108501434,-0.0015339808305725455,-0.5257498621940613
10.0,120939.0,-0.04762628301978111,-0.0015339808305725455,-0.5199054479598999
10.0,120942.0,-0.047589320689439774,-0.0015339808305725455,-0.5142413973808289
10.0,120946.0,-0.047564681619405746,-0.0015339808305725455,-0.505142092704773
10.0,120949.0,-0.04754004254937172,0.0,-0.7654551863670349
10.0,120952.0,-0.0475195087492466,0.0,-0.7531894445419312
10.0,120957.0,-0.047470226883888245,0.0,-0.7418603301048279
10.0,120960.0,-0.04743736982345581,0.0,-0.7336577773094177
10.0,120963.0,-0.04739219695329666,0.0,-0.7303922176361084
10.0,120967.0,-0.04732238128781319,0.0,-0.729310929775238
10.0,120971.0,-0.04725256562232971,0.0,-0.7288798093795776
10.0,120975.0,-0.04717453941702843,0.0,-0.7313185930252075
10.0,120980.0,-0.04707187041640282,0.0,-0.734307587146759
10.0,120984.0,-0.046985626220703125,0.0,-0.738542377948761
10.0,120988.0,-0.04689527675509453,0.0,-0.744013786315918
10.0,120991.0,-0.04682546108961105,-0.0015339808305725455,-0.485272079706192
10.0,120994.0,-0.046751540154218674,-0.0015339808305725455,-0.4955956041812897
10.0,120998.0,-0.04665708541870117,-0.0015339808305725455,-0.5062557458877563
10.0,121001.0,-0.046583160758018494,-0.0015339808305725455,-0.5093073844909668
10.0,121004.0,-0.04653388261795044,-0.0015339808305725455,-0.5109410881996155
10.0,121008.0,-0.046501025557518005,-0.0015339808305725455,-0.505050539970398
10.0,121011.0,-0.04646817222237587,-0.0015339808305725455,-0.49877533316612244
10.0,121014.0,-0.046455852687358856,-0.0015339808305725455,-0.4886491596698761
10.0,121019.0,-0.04644353315234184,0.0,-0.7426868081092834
10.0,121022.0,-0.04644353315234184,0.0,-0.718756914138794
10.0,121027.0,-0.046435318887233734,0.0,-0.6984013319015503
10.0,121030.0,-0.04643120989203453,0.0,-0.6788026094436646
10.0,121033.0,-0.04642299935221672,0.0,-0.6652571558952332
10.0,121037.0,-0.04641067609190941,0.0,-0.6468760371208191
10.0,121041.0,-0.0464024655520916,0.0,-0.6291612386703491
10.0,121044.0,-0.046398356556892395,0.0015339808305725455,-0.869686484336853
10.0,121049.0,-0.04638603702187538,0.0015339808305725455,-0.8537531495094299
10.0,121053.0,-0.04637371748685837,0.0015339808305725455,-0.8363274335861206
10.0,121057.0,-0.04634907469153404,0.0015339808305725455,-0.8240129947662354
10.0,121060.0,-0.04632033035159111,0.0015339808305725455,-0.8130306005477905
10.0,121064.0,-0.04627925902605057,0.0015339808305725455,-0.8067571520805359
10.0,121068.0,-0.04623408615589142,0.0015339808305725455,-0.7991297841072083
10.0,121071.0,-0.04619712382555008,0.0015339808305725455,-0.7931346297264099
10.0,121075.0,-0.046147845685482025,0.0015339808305725455,-0.7887961864471436
10.0,121078.0,-0.04609856382012367,0.0015339808305725455,-0.783217191696167
10.0,121082.0,-0.04605749621987343,0.0015339808305725455,-0.7792069315910339
10.0,121086.0,-0.04600410535931587,0.0015339808305725455,-0.7753516435623169
10.0,121089.0,-0.04594661295413971,0.0015339808305725455,-0.7742500305175781
10.0,121093.0,-0.04589733108878136,0.0015339808305725455,-0.7745353579521179
10.0,121105.0,-0.04567556455731392,0.0015339808305725455,-0.7850702404975891
10.0,121109.0,-0.045589324086904526,0.0015339808305725455,-0.7932083010673523
10.0,121112.0,-0.04551950842142105,0.0015339808305725455,-0.799802839756012
10.0,121116.0,-0.045392196625471115,0.0015339808305725455,-0.8114523887634277
10.0,121120.0,-0.04531006142497063,0.0015339808305725455,-0.821620523929596
10.0,121123.0,-0.045223820954561234,0.0015339808305725455,-0.8365573883056641
10.0,121127.0,-0.04510882869362831,0.0,-0.5820266008377075
10.0,121130.0,-0.04501437395811081,0.0,-0.6046832203865051
10.0,121134.0,-0.044899385422468185,0.0,-0.6191362738609314
10.0,121138.0,-0.04479260742664337,0.0,-0.6351323127746582
10.0,121141.0,-0.04471868649125099,0.0,-0.6465566158294678
10.0,121144.0,-0.04465297609567642,0.0,-0.6531925797462463
10.0,121148.0,-0.04457494989037514,0.0,-0.6586706638336182
10.0,121152.0,-0.04450102522969246,0.0,-0.6613016724586487
10.0,121156.0,-0.04443121328949928,0.0,-0.6624943017959595
10.0,121160.0,-0.04436960816383362,0.0,-0.6634030342102051
10.0,121163.0,-0.044312115758657455,0.0,-0.6619215607643127
10.0,121169.0,-0.04424230009317398,0.0,-0.6594995260238647
10.0,121173.0,-0.04418480396270752,0.0,-0.6585748195648193
10.0,121177.0,-0.04412320256233215,0.0,-0.6573455333709717
10.0,121180.0,-0.044078029692173004,0.0,-0.6584813594818115
10.0,121183.0,-0.044004105031490326,0.0,-0.6622854471206665
10.0,121188.0,-0.04392607882618904,0.0,-0.6676805019378662
10.0,121191.0,-0.043864477425813675,0.0,-0.6755809187889099
10.0,121194.0,-0.04377412796020508,0.0,-0.6816568374633789
10.0,121199.0,-0.04367556422948837,0.0,-0.6930925250053406
10.0,121202.0,-0.04357700049877167,0.0,-0.7041452527046204
10.0,121207.0,-0.04347844049334526,0.0,-0.7148290872573853
10.0,121210.0,-0.04340041056275368,-0.0015339808305725455,-0.45959100127220154
10.0,121213.0,-0.04330184683203697,-0.0015339808305725455,-0.4715919494628906
10.0,121217.0,-0.04322792589664459,-0.0015339808305725455,-0.4857436418533325
10.0,121220.0,-0.043166324496269226,-0.0015339808305725455,-0.4930241107940674
10.0,121224.0,-0.04308829456567764,-0.0015339808305725455,-0.4987608790397644
10.0,121229.0,-0.043006159365177155,-0.0015339808305725455,-0.503581702709198
10.0,121233.0,-0.04293634369969368,-0.0015339808305725455,-0.504218339920044
10.0,121237.0,-0.04289938509464264,-0.0015339808305725455,-0.5025851130485535
10.0,121240.0,-0.0428624227643013,-0.0015339808305725455,-0.5000529289245605
10.0,121243.0,-0.042821355164051056,-0.0015339808305725455,-0.49759724736213684
10.0,121247.0,-0.042792607098817825,-0.0015339808305725455,-0.4922087788581848
10.0,121251.0,-0.04275975376367569,-0.0015339808305725455,-0.48570746183395386
10.0,121254.0,-0.04273921996355057,0.0,-0.7465630173683167
10.0,121258.0,-0.04271458089351654,0.0,-0.7348093390464783
10.0,121261.0,-0.04269404336810112,0.0,-0.7219099402427673
10.0,121264.0,-0.04265708476305008,0.0,-0.714917778968811
10.0,121269.0,-0.042616017162799835,0.0,-0.70681232213974
10.0,121272.0,-0.042579054832458496,0.0,-0.7030300498008728
10.0,121277.0,-0.04250923916697502,0.0,-0.6993879675865173
10.0,121280.0,-0.04246817156672478,0.0,-0.697257399559021
10.0,121284.0,-0.04240657016634941,0.0,-0.696391224861145
10.0,121288.0,-0.04234907776117325,0.0,-0.6944153308868408
10.0,121300.0,-0.04215195029973984,0.0,-0.6969406008720398
10.0,121303.0,-0.042094454169273376,0.0,-0.703098475933075
10.0,121307.0,-0.04200821369886398,0.0,-0.7090269327163696
10.0,121310.0,-0.041917864233255386,0.0,-0.7160385251045227
10.0,121314.0,-0.04184804856777191,0.0,-0.7255710959434509
10.0,121318.0,-0.041757699102163315,0.0,-0.7334626913070679
10.0,121322.0,-0.04166324436664581,0.0,-0.7398786544799805
10.0,121325.0,-0.04156878963112831,-0.0015339808305725455,-0.4801858365535736
10.0,121329.0,-0.04150307923555374,-0.0015339808305725455,-0.49338608980178833
10.0,121332.0,-0.04143737256526947,-0.0015339808305725455,-0.5009599924087524
10.0,121336.0,-0.04136344790458679,-0.0015339808305725455,-0.5056401491165161
10.0,121339.0,-0.04131416976451874,-0.0015339808305725455,-0.5085747838020325
10.0,121342.0,-0.041264887899160385,-0.0015339808305725455,-0.5077078938484192
10.0,121346.0,-0.04123203456401825,-0.0015339808305725455,-0.5039163827896118
10.0,121350.0,-0.041199177503585815,-0.0015339808305725455,-0.4976145327091217
10.0,121354.0,-0.04116632416844368,-0.0015339808305725455,-0.4888647496700287
10.0,121360.0,-0.04114579036831856,0.0,-0.73896324634552
10.0,121363.0,-0.041133470833301544,0.0,-0.7212017178535461
10.0,121368.0,-0.04111293703317642,0.0,-0.7067683935165405
10.0,121371.0,-0.0410924032330513,0.0,-0.6955541968345642
10.0,121374.0,-0.041067760437726974,0.0,-0.6884273886680603
10.0,121378.0,-0.04103490710258484,0.0,-0.6815086603164673
10.0,121381.0,-0.04101437330245972,0.0,-0.6712508201599121
10.0,121384.0,-0.04098973423242569,0.0,-0.6648257970809937
10.0,121388.0,-0.04096098616719246,0.0,-0.6538747549057007
10.0,121392.0,-0.040936343371868134,0.0,-0.6466044187545776
10.0,121395.0,-0.040919918566942215,0.0,-0.6350098252296448
10.0,121398.0,-0.040903490036726,0.0,-0.6255872249603271
10.0,121402.0,-0.040891170501708984,0.0015339808305725455,-0.8774715065956116
10.0,121405.0,-0.040882956236600876,0.0015339808305725455,-0.8628808856010437
10.0,121409.0,-0.04087063670158386,0.0015339808305725455,-0.8472052812576294
10.0,121413.0,-0.04084188863635063,0.0015339808305725455,-0.8347858190536499
10.0,121417.0,-0.04080492630600929,0.0015339808305725455,-0.8281425833702087
10.0,121420.0,-0.04077207297086716,0.0015339808305725455,-0.8218185901641846
10.0,121423.0,-0.04073921963572502,0.0015339808305725455,-0.816906750202179
10.0,121427.0,-0.04068993777036667,0.0015339808305725455,-0.812355101108551
10.0,121430.0,-0.040648870170116425,0.0015339808305725455,-0.8103978037834167
10.0,121433.0,-0.04059548303484917,0.0015339808305725455,-0.8085090517997742
10.0,121437.0,-0.04055441543459892,0.0015339808305725455,-0.8070017099380493
10.0,121440.0,-0.04050513356924057,0.0015339808305725455,-0.8079389333724976
10.0,121443.0,-0.0404394268989563,0.0015339808305725455,-0.8088650703430176
10.0,121447.0,-0.04038603603839874,0.0015339808305725455,-0.8127854466438293
10.0,121450.0,-0.040303900837898254,0.0015339808305725455,-0.8176470994949341
10.0,121454.0,-0.04023819416761398,0.0015339808305725455,-0.8266370892524719
10.0,121458.0,-0.04013963043689728,0.0015339808305725455,-0.835192084312439
10.0,121461.0,-0.040053386241197586,0.0015339808305725455,-0.850260853767395
10.0,121464.0,-0.03996714577078819,0.0,-0.5966681838035583
10.0,121468.0,-0.03984394297003746,0.0,-0.6221227645874023
10.0,121471.0,-0.03972074016928673,0.0,-0.6389382481575012
10.0,121474.0,-0.03963860496878624,0.0,-0.6526237726211548
10.0,121487.0,-0.03935934230685234,0.0,-0.6837637424468994
10.0,121491.0,-0.03930184990167618,0.0,-0.6901888847351074
10.0,121495.0,-0.03921971097588539,0.0,-0.6977394223213196
10.0,121499.0,-0.0391375757753849,0.0,-0.7050454020500183
10.0,121502.0,-0.03905133530497551,0.0,-0.7117009162902832
10.0,121507.0,-0.03896920010447502,0.0,-0.7185550332069397
10.0,121510.0,-0.038907598704099655,-0.0015339808305725455,-0.4613022804260254
10.0,121513.0,-0.03884599730372429,-0.0015339808305725455,-0.46920955181121826
10.0,121517.0,-0.03878028690814972,-0.0015339808305725455,-0.47586750984191895
10.0,121520.0,-0.038739219307899475,-0.0015339808305725455,-0.47533658146858215
10.0,121523.0,-0.038702256977558136,-0.0015339808305725455,-0.4734819531440735
10.0,121527.0,-0.03868583217263222,-0.0015339808305725455,-0.4639799892902374
10.0,121531.0,-0.038673512637615204,0.0,-0.7224772572517395
10.0,121534.0,-0.038669403642416,0.0,-0.7036487460136414
10.0,121539.0,-0.03865297883749008,0.0,-0.6895247101783752
10.0,121542.0,-0.03864065557718277,0.0,-0.6726143956184387
10.0,121547.0,-0.03861191123723984,0.0,-0.6623182892799377
10.0,121550.0,-0.03859548270702362,0.0,-0.6555331349372864
10.0,121553.0,-0.03856673464179039,0.0,-0.6489424705505371
10.0,121557.0,-0.03854620084166527,0.0,-0.6408995985984802
10.0,121561.0,-0.03851334750652313,0.0,-0.636070966720581
10.0,121564.0,-0.03848870471119881,0.0,-0.6313836574554443
10.0,121568.0,-0.03845585137605667,0.0,-0.6253436207771301
10.0,121571.0,-0.03842710331082344,0.0,-0.6222102046012878
10.0,121577.0,-0.038365501910448074,0.0015339808305725455,-0.8817097544670105
10.0,121580.0,-0.03833264857530594,0.0015339808305725455,-0.8757136464118958
10.0,121584.0,-0.038246408104896545,0.0015339808305725455,-0.8766574859619141
10.0,121588.0,-0.03818480670452118,0.0,-0.6131625175476074
10.0,121592.0,-0.03808213397860527,0.0,-0.6280500292778015
10.0,121595.0,-0.03799999877810478,0.0,-0.6477131843566895
10.0,121599.0,-0.03788911551237106,0.0,-0.661677896976471
10.0,121602.0,-0.037778232246637344,0.0,-0.6801835298538208
10.0,121606.0,-0.03767145797610283,0.0,-0.6967179775238037
10.0,121610.0,-0.03758932277560234,0.0,-0.7140294313430786
10.0,121613.0,-0.03750307857990265,0.0,-0.7289719581604004
10.0,121617.0,-0.03738398477435112,0.0,-0.4780503511428833
10.0,121620.0,-0.03729363530874252,-0.0015339808305725455,-0.49804407358169556
10.0,121624.0,-0.03716632351279259,-0.0015339808305725455,-0.5174942016601562
10.0,121628.0,-0.03705544024705887,-0.0015339808305725455,-0.5377222299575806
10.0,121631.0,-0.036977414041757584,-0.0015339808305725455,-0.5532256960868835
10.0,121635.0,-0.03689116984605789,-0.0015339808305725455,-0.5618225932121277
10.0,121639.0,-0.03681724891066551,-0.0015339808305725455,-0.56850266456604
10.0,121642.0,-0.03676796704530716,-0.0015339808305725455,-0.5722925066947937
10.0,121646.0,-0.03670636564493179,-0.0015339808305725455,-0.5746253132820129
10.0,121650.0,-0.03664886951446533,-0.0015339808305725455,-0.5746608376502991
10.0,121653.0,-0.03660369664430618,-0.0015339808305725455,-0.5769490599632263
10.0,121657.0,-0.03654620051383972,-0.0015339808305725455,-0.5778588652610779
10.0,121660.0,-0.03648049384355545,-0.0015339808305725455,-0.5805411338806152
10.0,121665.0,-0.03639424964785576,-0.0015339808305725455,-0.5862249732017517
10.0,121669.0,-0.0363408625125885,-0.0015339808305725455,-0.5930353999137878
10.0,121683.0,-0.03609034791588783,-0.0015339808305725455,-0.6071688532829285
10.0,121687.0,-0.03603285551071167,-0.003067961661145091,-0.34092384576797485
10.0,121690.0,-0.035979464650154114,-0.003067961661145091,-0.34342414140701294
10.0,121694.0,-0.03594250604510307,-0.003067961661145091,-0.3426152765750885
10.0,121699.0,-0.035934291779994965,-0.0015339808305725455,-0.5963917970657349
10.0,121702.0,-0.035934291779994965,-0.0015339808305725455,-0.5781169533729553
10.0,121707.0,-0.03593018651008606,-0.0015339808305725455,-0.5618499517440796
10.0,121710.0,-0.035926077514886856,-0.0015339808305725455,-0.5461754202842712
10.0,121714.0,-0.035926077514886856,-0.0015339808305725455,-0.529761552810669
10.0,121718.0,-0.035926077514886856,-0.0015339808305725455,-0.5178489685058594
10.0,121721.0,-0.035926077514886856,-0.0015339808305725455,-0.5024769306182861
10.0,121725.0,-0.035926077514886856,0.0,-0.7545809149742126
10.0,121730.0,-0.035926077514886856,0.0,-0.7343291640281677
10.0,121734.0,-0.03591786324977875,0.0,-0.714066207408905
10.0,121738.0,-0.035905543714761734,0.0,-0.6993469595909119
10.0,121742.0,-0.03589322417974472,0.0,-0.6883437633514404
10.0,121745.0,-0.03588090464472771,0.0,-0.6759204268455505
10.0,121749.0,-0.035868581384420395,0.0,-0.6626324653625488
10.0,121752.0,-0.035852156579494476,0.0,-0.6553394198417664
10.0,121756.0,-0.03583983704447746,0.0,-0.642811119556427
10.0,121759.0,-0.035823408514261246,0.0,-0.6347334980964661
10.0,121762.0,-0.03581108897924423,0.0,-0.6268830299377441
10.0,121767.0,-0.03579876944422722,0.0015339808305725455,-0.8838615417480469
10.0,121770.0,-0.03579055517911911,0.0015339808305725455,-0.8667745590209961
10.0,121773.0,-0.03577412664890289,0.0015339808305725455,-0.8553954362869263
10.0,121778.0,-0.03574127331376076,0.0015339808305725455,-0.8460753560066223
10.0,121781.0,-0.03571252524852753,0.0015339808305725455,-0.8398184776306152
10.0,121784.0,-0.03567556291818619,0.0015339808305725455,-0.8386445641517639
10.0,121788.0,-0.03561396151781082,0.0015339808305725455,-0.8393727540969849
10.0,121791.0,-0.035544149577617645,0.0015339808305725455,-0.8422666788101196
10.0,121794.0,-0.03548254445195198,0.0015339808305725455,-0.847787082195282
10.0,121798.0,-0.03541683778166771,0.0,-0.587838351726532
10.0,121801.0,-0.03532648831605911,0.0,-0.6002755761146545
10.0,121804.0,-0.03526078164577484,0.0,-0.6110153198242188
10.0,121808.0,-0.03518275171518326,0.0,-0.621776819229126
10.0,121812.0,-0.035133469849824905,0.0,-0.6265952587127686
10.0,121815.0,-0.035096507519483566,0.0,-0.627483606338501
10.0,121819.0,-0.03505543991923332,0.0,-0.6243494749069214
10.0,121822.0,-0.035030800849199295,0.0,-0.6197159290313721
10.0,121826.0,-0.03501026704907417,0.0,-0.6138728857040405
10.0,121829.0,-0.035002052783966064,0.0,-0.6032280325889587
10.0,121832.0,-0.034993838518857956,0.0,-0.593817412853241
10.0,121836.0,-0.034993838518857956,0.0015339808305725455,-0.846818208694458
10.0,121840.0,-0.034993838518857956,0.0015339808305725455,-0.8322075605392456
10.0,121843.0,-0.03498973324894905,0.0015339808305725455,-0.8146936297416687
10.0,121847.0,-0.03498151898384094,0.0015339808305725455,-0.8036727905273438
10.0,121850.0,-0.034973304718732834,0.0015339808305725455,-0.7885572910308838
10.0,121853.0,-0.034965094178915024,0.0015339808305725455,-0.7753487229347229
10.0,121860.0,-0.0349445603787899,0.0015339808305725455,-0.7598702907562256
10.0,121863.0,-0.03493634611368179,0.0015339808305725455,-0.7464033365249634
10.0,121877.0,-0.03490348905324936,0.003067961661145091,-0.9763225317001343
10.0,121880.0,-0.03489527851343155,0.003067961661145091,-0.9600647687911987
10.0,121884.0,-0.03487474471330643,0.003067961661145091,-0.9506424069404602
10.0,121887.0,-0.03484188765287399,0.003067961661145091,-0.9420753717422485
10.0,121891.0,-0.03480492904782295,0.003067961661145091,-0.9391661882400513
10.0,121894.0,-0.0347556471824646,0.003067961661145091,-0.942445695400238
10.0,121898.0,-0.03468172624707222,0.003067961661145091,-0.9502833485603333
10.0,121902.0,-0.034583162516355515,0.003067961661145091,-0.9600160121917725
10.0,121905.0,-0.03446406498551369,0.0015339808305725455,-0.713923454284668
10.0,121909.0,-0.03436550125479698,0.0015339808305725455,-0.7424842715263367
10.0,121912.0,-0.034229978919029236,0.0015339808305725455,-0.7645848393440247
10.0,121917.0,-0.034098561853170395,0.0015339808305725455,-0.7913620471954346
10.0,121920.0,-0.03400000184774399,0.0015339808305725455,-0.5487566590309143
10.0,121923.0,-0.03386858478188515,0.0,-0.5721005201339722
10.0,121927.0,-0.03377002105116844,0.0,-0.60090172290802
10.0,121930.0,-0.03368377685546875,0.0,-0.6188215017318726
10.0,121934.0,-0.03357289358973503,0.0,-0.6349364519119263
10.0,121938.0,-0.033474333584308624,0.0,-0.6521787047386169
10.0,121941.0,-0.03340451791882515,0.0,-0.6674923896789551
10.0,121944.0,-0.033334702253341675,0.0,-0.6769449710845947
10.0,121948.0,-0.033252567052841187,-0.0015339808305725455,-0.4194180369377136
10.0,121952.0,-0.0331704318523407,-0.0015339808305725455,-0.4355222284793854
10.0,121955.0,-0.03312525525689125,-0.0015339808305725455,-0.4443613886833191
10.0,121959.0,-0.033075977116823196,-0.0015339808305725455,-0.44620901346206665
10.0,121962.0,-0.033055443316698074,-0.0015339808305725455,-0.4441964626312256
10.0,121966.0,-0.033034905791282654,-0.0015339808305725455,-0.43803590536117554
10.0,121969.0,-0.033026695251464844,0.0,-0.7006661891937256
10.0,121972.0,-0.033018480986356735,0.0,-0.6891204714775085
10.0,121978.0,-0.03301437199115753,0.0,-0.6697123050689697
10.0,121983.0,-0.03299794718623161,0.0,-0.6551922559738159
10.0,121987.0,-0.03297741338610649,0.0,-0.6464579701423645
10.0,121990.0,-0.03295687958598137,0.0,-0.6407279968261719
10.0,121993.0,-0.03293634578585625,0.0,-0.6362481713294983
10.0,121997.0,-0.03290349245071411,0.0,-0.6322423219680786
10.0,122000.0,-0.032878849655389786,0.0,-0.6293433904647827
10.0,122004.0,-0.03284188732504845,0.0,-0.6278615593910217
10.0,122008.0,-0.0328008197247982,0.0,-0.6268555521965027
10.0,122011.0,-0.03276796638965607,0.0,-0.6268025040626526
10.0,122014.0,-0.032731007784605026,0.0,-0.6271902322769165
10.0,122018.0,-0.03268583118915558,0.0,-0.6285035610198975
10.0,122022.0,-0.032636549323797226,0.0,-0.6302122473716736
10.0,122025.0,-0.032599590718746185,0.0,-0.6318744421005249
10.0,122029.0,-0.03254619985818863,0.0,-0.6361654996871948
10.0,122032.0,-0.032505132257938385,0.0,-0.6386341452598572
10.0,122036.0,-0.03244763985276222,0.0,-0.6410331130027771
10.0,122039.0,-0.03240657225251198,0.0,-0.6450496912002563
10.0,122043.0,-0.032328542321920395,0.0,-0.6502576470375061
10.0,122048.0,-0.03225051239132881,0.0,-0.6568837761878967
10.0,122052.0,-0.03220533952116966,0.0,-0.6601977348327637
10.0,122055.0,-0.032160162925720215,0.0,-0.664918065071106
10.0,122068.0,-0.031946610659360886,0.0,-0.6821416020393372
10.0,122071.0,-0.03188911825418472,0.0,-0.6915184855461121
10.0,122074.0,-0.03183162212371826,0.0,-0.6993609666824341
10.0,122078.0,-0.03174538165330887,0.0,-0.7094941735267639
10.0,122082.0,-0.03165503218770027,-0.0015339808305725455,-0.4541519582271576
10.0,122085.0,-0.031556468456983566,-0.0015339808305725455,-0.47488081455230713
10.0,122089.0,-0.031490758061409,-0.0015339808305725455,-0.4908583164215088
10.0,122092.0,-0.031433265656232834,-0.0015339808305725455,-0.49878180027008057
10.0,122097.0,-0.03135523572564125,-0.0015339808305725455,-0.5058872699737549
10.0,122100.0,-0.03131827339529991,-0.0015339808305725455,-0.5074019432067871
10.0,122103.0,-0.031285420060157776,-0.0015339808305725455,-0.5081774592399597
10.0,122108.0,-0.031248459592461586,-0.0015339808305725455,-0.5042839646339417
10.0,122111.0,-0.031232032924890518,-0.0015339808305725455,-0.49786850810050964
10.0,122114.0,-0.031219713389873505,-0.0015339808305725455,-0.4922217130661011
10.0,122118.0,-0.031211499124765396,-0.0015339808305725455,-0.48405948281288147
10.0,122121.0,-0.031211499124765396,-0.0015339808305725455,-0.47172677516937256
10.0,122125.0,-0.031211499124765396,0.0,-0.7267557382583618
10.0,122129.0,-0.031211499124765396,0.0,-0.7093193531036377
10.0,122133.0,-0.031207391992211342,0.0,-0.698013424873352
10.0,122137.0,-0.03119507245719433,0.0,-0.6856548190116882
10.0,122140.0,-0.031182751059532166,0.0,-0.6737495064735413
10.0,122143.0,-0.031174538657069206,0.0,-0.6661354303359985
10.0,122147.0,-0.03115811012685299,0.0,-0.6563193798065186
10.0,122150.0,-0.031145790591835976,0.0,-0.6505568027496338
10.0,122154.0,-0.0311211496591568,0.0,-0.6449588537216187
10.0,122158.0,-0.031100615859031677,0.0,-0.6373003721237183
10.0,122161.0,-0.03108418919146061,0.0,-0.6312625408172607
10.0,122166.0,-0.031051333993673325,0.0,-0.6254436373710632
10.0,122170.0,-0.031022587791085243,0.0,-0.6204900145530701
10.0,122173.0,-0.03098973259329796,0.0,-0.6184331774711609
10.0,122178.0,-0.030956879258155823,0.0,-0.61578768491745
10.0,122181.0,-0.030928131192922592,0.0,-0.6159238815307617
10.0,122184.0,-0.030895277857780457,0.0,-0.615359902381897
10.0,122188.0,-0.030854210257530212,0.0,-0.6168767809867859
10.0,122191.0,-0.030817247927188873,0.0,-0.6189895868301392
10.0,122194.0,-0.030780287459492683,0.0,-0.6210528016090393
10.0,122198.0,-0.03073100559413433,0.0,-0.6250849366188049
10.0,122201.0,-0.030677618458867073,0.0,-0.6270016431808472
10.0,122205.0,-0.03063655085861683,0.0,-0.6308087706565857
10.0,122209.0,-0.030583161860704422,0.0,-0.6339210271835327
10.0,122212.0,-0.030537987127900124,0.0,-0.638313353061676
10.0,122215.0,-0.03049691952764988,0.0,-0.6417770981788635
10.0,122219.0,-0.030443532392382622,0.0,-0.6451214551925659
10.0,122222.0,-0.030402464792132378,0.0,-0.6492450833320618
10.0,122226.0,-0.030344968661665916,0.0,-0.6523633003234863
10.0,122230.0,-0.03029158152639866,0.0,-0.6553880572319031
10.0,122235.0,-0.030229980126023293,0.0,-0.6573708653450012
10.0,122239.0,-0.030184805393218994,0.0,-0.6575832366943359
10.0,122242.0,-0.030147843062877655,0.0,-0.658751904964447
10.0,122246.0,-0.030102670192718506,0.0,-0.6589468717575073
10.0,122258.0,-0.029963038861751556,0.0,-0.660917341709137
10.0,122262.0,-0.0299096517264843,0.0,-0.6634054183959961
10.0,122265.0,-0.029856262728571892,0.0,-0.6661962270736694
10.0,122269.0,-0.029802875593304634,0.0,-0.6688936948776245
10.0,122273.0,-0.029757700860500336,0.0,-0.674189031124115
10.0,122277.0,-0.029700204730033875,0.0,-0.6779958605766296
10.0,122280.0,-0.029655029997229576,0.0,-0.6800943613052368
10.0,122283.0,-0.029597535729408264,0.0,-0.6834915280342102
10.0,122287.0,-0.029560575261712074,0.0,-0.684332549571991
10.0,122290.0,-0.02951950766146183,0.0,-0.686288595199585
10.0,122293.0,-0.029474332928657532,0.0,-0.6855179071426392
10.0,122297.0,-0.029441477730870247,0.0,-0.6836428642272949
10.0,122300.0,-0.029404517263174057,0.0,-0.68163001537323
10.0,122304.0,-0.02937987633049488,0.0,-0.6772820353507996
10.0,122308.0,-0.0293511301279068,0.0,-0.6727944016456604
10.0,122311.0,-0.029330596327781677,0.0,-0.6661127805709839
10.0,122315.0,-0.029310062527656555,0.0,-0.6583467125892639
10.0,122319.0,-0.029293633997440338,0.0,-0.650913417339325
10.0,122323.0,-0.029273100197315216,0.0,-0.6445041298866272
10.0,122327.0,-0.029260780662298203,0.0,-0.6349092125892639
10.0,122330.0,-0.029252566397190094,0.0,-0.6256611943244934
10.0,122333.0,-0.029244353994727135,0.0,-0.6186203360557556
10.0,122337.0,-0.029236139729619026,0.0,-0.6104215979576111
10.0,122340.0,-0.029227925464510918,0.0,-0.6007387638092041
10.0,122344.0,-0.029223820194602013,0.0,-0.5930485129356384
10.0,122348.0,-0.02921971306204796,0.0,-0.5826979875564575
10.0,122352.0,-0.02921971306204796,0.0015339808305725455,-0.8355159163475037
10.0,122356.0,-0.029215605929493904,0.0015339808305725455,-0.8200350999832153
10.0,122361.0,-0.029207391664385796,0.0015339808305725455,-0.8065145015716553
10.0,122364.0,-0.029195072129368782,0.0015339808305725455,-0.7961512207984924
10.0,122368.0,-0.02916632406413555,0.0015339808305725455,-0.7888801693916321
10.0,122372.0,-0.029141683131456375,0.0015339808305725455,-0.7845644354820251
10.0,122375.0,-0.029104722663760185,0.0015339808305725455,-0.7827805280685425
10.0,122379.0,-0.029059547930955887,0.0015339808305725455,-0.7827126979827881
10.0,122382.0,-0.029018480330705643,0.0015339808305725455,-0.785022497177124
10.0,122386.0,-0.028956878930330276,0.0015339808305725455,-0.790270209312439
10.0,122390.0,-0.028907597064971924,0.0015339808305725455,-0.7950904369354248
10.0,122393.0,-0.028850102797150612,0.0015339808305725455,-0.8053517937660217
10.0,122397.0,-0.02876386046409607,0.0015339808305725455,-0.8151793479919434
10.0,122400.0,-0.02869815193116665,0.0,-0.5633867979049683
10.0,122403.0,-0.028599590063095093,0.0,-0.5797549486160278
10.0,122407.0,-0.028533881530165672,0.0,-0.5968719720840454
10.0,122410.0,-0.02845585159957409,0.0,-0.6069762706756592
10.0,122414.0,-0.028406571596860886,0.0,-0.6151139736175537
10.0,122418.0,-0.02835318259894848,0.0,-0.6193560361862183
10.0,122421.0,-0.028312114998698235,0.0,-0.6243975758552551
10.0,122425.0,-0.028262833133339882,0.0,-0.627075731754303
10.0,122428.0,-0.028217658400535583,0.0,-0.6292150616645813
10.0,122432.0,-0.028184805065393448,0.0,-0.6304251551628113
10.0,122435.0,-0.028147844597697258,0.0,-0.6337994933128357
10.0,122448.0,-0.027987679466605186,0.0,-0.642684817314148
10.0,122451.0,-0.027946611866354942,0.0,-0.6435871720314026
10.0,122455.0,-0.027913758531212807,0.0,-0.6444863677024841
10.0,122458.0,-0.027880903333425522,0.0,-0.642096996307373
10.0,122462.0,-0.027856262400746346,0.0,-0.6403713226318359
10.0,122465.0,-0.02783162146806717,0.0,-0.6354697942733765
10.0,122469.0,-0.027811087667942047,0.0,-0.6294153332710266
10.0,122472.0,-0.027798768132925034,0.0,-0.6240323781967163
10.0,122477.0,-0.02778644673526287,0.0,-0.6127123236656189
10.0,122480.0,-0.02777823433279991,0.0,-0.6064555644989014
10.0,122486.0,-0.027774127200245857,0.0,-0.5933327078819275
10.0,122489.0,-0.027774127200245857,0.0,-0.5821775197982788
10.0,122493.0,-0.027774127200245857,0.0,-0.5740789175033569
10.0,122497.0,-0.027774127200245857,0.0015339808305725455,-0.8305376768112183
10.0,122500.0,-0.027774127200245857,0.0015339808305725455,-0.8144787549972534
10.0,122503.0,-0.027770020067691803,0.0015339808305725455,-0.804172694683075
10.0,122507.0,-0.027761807665228844,0.0015339808305725455,-0.7931168079376221
10.0,122510.0,-0.02774948626756668,0.0015339808305725455,-0.7861031293869019
10.0,122513.0,-0.027733059599995613,0.0015339808305725455,-0.779289960861206
10.0,122518.0,-0.027708418667316437,0.0015339808305725455,-0.7731825113296509
10.0,122521.0,-0.02769199199974537,0.0015339808305725455,-0.7673248648643494
10.0,122525.0,-0.02766324393451214,0.0015339808305725455,-0.7630256414413452
10.0,122529.0,-0.027634497731924057,0.0015339808305725455,-0.7595862150192261
10.0,122532.0,-0.027613963931798935,0.0015339808305725455,-0.7555827498435974
10.0,122536.0,-0.02758110873401165,0.0015339808305725455,-0.7530823945999146
10.0,122540.0,-0.027548255398869514,0.0015339808305725455,-0.7512760162353516
10.0,122544.0,-0.02750718593597412,0.0015339808305725455,-0.7472842335700989
10.0,122550.0,-0.027466118335723877,0.0015339808305725455,-0.7451356649398804
10.0,122553.0,-0.02743326500058174,0.0015339808305725455,-0.7435851097106934
10.0,122557.0,-0.027408624067902565,0.0015339808305725455,-0.7415958642959595
10.0,122560.0,-0.027379876002669334,0.0015339808305725455,-0.741502583026886
10.0,122563.0,-0.027342915534973145,0.0015339808305725455,-0.7414208054542542
10.0,122567.0,-0.0273018479347229,0.0015339808305725455,-0.7422066926956177
10.0,122571.0,-0.02726488746702671,0.0015339808305725455,-0.7456653714179993
10.0,122574.0,-0.027223819866776466,0.0015339808305725455,-0.7495304942131042
10.0,122580.0,-0.027129363268613815,0.0015339808305725455,-0.7602099776268005
10.0,122584.0,-0.02705133520066738,0.0015339808305725455,-0.775763750076294
10.0,122588.0,-0.02696509286761284,0.0015339808305725455,-0.7869048118591309
10.0,122591.0,-0.02689117006957531,0.0015339808305725455,-0.8048933744430542
10.0,122594.0,-0.026813142001628876,0.0,-0.5522149205207825
10.0,122598.0,-0.026702258735895157,0.0,-0.5790978670120239
10.0,122601.0,-0.026591375470161438,0.0,-0.5982775688171387
10.0,122604.0,-0.026513347402215004,0.0,-0.6156017184257507
10.0,122608.0,-0.02644353173673153,0.0,-0.6335338354110718
10.0,122612.0,-0.026357289403676987,0.0,-0.6458946466445923
10.0,122615.0,-0.026291580870747566,0.0,-0.6627798676490784
10.0,122619.0,-0.026197126135230064,0.0,-0.6804327368736267
10.0,122623.0,-0.02609856240451336,-0.0015339808305725455,-0.42886945605278015
10.0,122627.0,-0.026000000536441803,-0.0015339808305725455,-0.45267465710639954
10.0,122630.0,-0.025934292003512383,-0.0015339808305725455,-0.4716017246246338
10.0,122643.0,-0.02574538066983223,-0.0015339808305725455,-0.49581173062324524
10.0,122647.0,-0.025712525472044945,-0.0015339808305725455,-0.4958638548851013
10.0,122650.0,-0.025696098804473877,-0.0015339808305725455,-0.49190592765808105
10.0,122653.0,-0.02567967213690281,-0.0015339808305725455,-0.48802149295806885
10.0,122657.0,-0.025667350739240646,-0.0015339808305725455,-0.4816858768463135
10.0,122660.0,-0.025663243606686592,-0.0015339808305725455,-0.47542625665664673
10.0,122664.0,-0.025663243606686592,-0.0015339808305725455,-0.4679836928844452
10.0,122668.0,-0.025663243606686592,-0.0015339808305725455,-0.45602959394454956
10.0,122673.0,-0.025663243606686592,0.0,-0.7115267515182495
10.0,122677.0,-0.025663243606686592,0.0,-0.6967805027961731
10.0,122680.0,-0.025659138336777687,0.0,-0.687425971031189
10.0,122684.0,-0.025646816939115524,0.0,-0.6789295673370361
10.0,122688.0,-0.02563449740409851,0.0,-0.6714271903038025
10.0,122691.0,-0.025618070736527443,0.0,-0.6648563146591187
10.0,122694.0,-0.02559753507375717,0.0,-0.660444974899292
10.0,122698.0,-0.025581108406186104,0.0,-0.6556654572486877
10.0,122701.0,-0.025556467473506927,0.0,-0.6515246629714966
10.0,122704.0,-0.025535933673381805,0.0,-0.6488473415374756
10.0,122708.0,-0.025507187470793724,0.0,-0.6458549499511719
10.0,122712.0,-0.025486653670668602,0.0,-0.6429978013038635
10.0,122716.0,-0.025453798472881317,0.0,-0.641925573348999
10.0,122719.0,-0.025416838005185127,0.0,-0.6419088244438171
10.0,122722.0,-0.025388089939951897,0.0,-0.6422408819198608
10.0,122726.0,-0.0253429152071476,0.0,-0.6449007987976074
10.0,122731.0,-0.025293635204434395,0.0,-0.6511245369911194
10.0,122735.0,-0.025219712406396866,0.0,-0.6575301885604858
10.0,122739.0,-0.025170430541038513,0.0,-0.6663728356361389
10.0,122742.0,-0.025100616738200188,0.0,-0.6741510033607483
10.0,122747.0,-0.02502669394016266,0.0,-0.685093104839325
10.0,122750.0,-0.024965092539787292,0.0,-0.69834965467453
10.0,122753.0,-0.024882957339286804,-0.0015339808305725455,-0.4410816431045532
10.0,122757.0,-0.024821355938911438,-0.0015339808305725455,-0.45954251289367676
10.0,122760.0,-0.02476796694099903,-0.0015339808305725455,-0.4689266085624695
10.0,122763.0,-0.024706365540623665,-0.0015339808305725455,-0.4767051339149475
10.0,122767.0,-0.02467351220548153,-0.0015339808305725455,-0.4818647503852844
10.0,122770.0,-0.024648871272802353,-0.0015339808305725455,-0.48126935958862305
10.0,122773.0,-0.024624230340123177,-0.0015339808305725455,-0.47932639718055725
10.0,122777.0,-0.02460780367255211,-0.0015339808305725455,-0.4750567078590393
10.0,122780.0,-0.024603696539998055,-0.0015339808305725455,-0.46927326917648315
10.0,122784.0,-0.024603696539998055,-0.0015339808305725455,-0.46002596616744995
10.0,122788.0,-0.024603696539998055,-0.0015339808305725455,-0.4511139690876007
10.0,122791.0,-0.024603696539998055,0.0,-0.7130886316299438
10.0,122794.0,-0.024599589407444,0.0,-0.7035673260688782
10.0,122798.0,-0.024599589407444,0.0,-0.6895245909690857
10.0,122802.0,-0.02459137514233589,0.0,-0.6820239424705505
10.0,122805.0,-0.024579055607318878,0.0,-0.6728058457374573
10.0,122809.0,-0.024566734209656715,0.0,-0.6652676463127136
10.0,122812.0,-0.024554414674639702,0.0,-0.659804105758667
10.0,122816.0,-0.02453388087451458,0.0,-0.6540932059288025
10.0,122820.0,-0.024513347074389458,0.0,-0.6502835750579834
10.0,122832.0,-0.024435319006443024,0.0,-0.639832079410553
10.0,122836.0,-0.024410678073763847,0.0,-0.6362680792808533
10.0,122839.0,-0.024381930008530617,0.0,-0.6343505382537842
10.0,122843.0,-0.024361396208405495,0.0,-0.6324924230575562
10.0,122847.0,-0.024340862408280373,0.0,-0.627869725227356
10.0,122850.0,-0.024324435740709305,0.0,-0.6234254240989685
10.0,122854.0,-0.024308009073138237,0.0,-0.6164661049842834
10.0,122858.0,-0.02429979480803013,0.0,-0.6110843420028687
10.0,122862.0,-0.02429158054292202,0.0,-0.6006694436073303
10.0,122866.0,-0.024287473410367966,0.0,-0.591882050037384
10.0,122869.0,-0.024287473410367966,0.0,-0.5845102667808533
10.0,122872.0,-0.02428336814045906,0.0,-0.578683614730835
10.0,122876.0,-0.02428336814045906,0.0,-0.5693820118904114
10.0,122879.0,-0.02428336814045906,0.0,-0.5626282095909119
10.0,122882.0,-0.02428336814045906,0.0,-0.5560587644577026
10.0,122886.0,-0.02428336814045906,0.0015339808305725455,-0.8129708170890808
10.0,122889.0,-0.02428336814045906,0.0015339808305725455,-0.8023452162742615
10.0,122893.0,-0.024275153875350952,0.0015339808305725455,-0.7947051525115967
10.0,122897.0,-0.024258727207779884,0.0015339808305725455,-0.7866387367248535
10.0,122900.0,-0.024242300540208817,0.0015339808305725455,-0.7802245020866394
10.0,122904.0,-0.02421765960752964,0.0015339808305725455,-0.7772519588470459
10.0,122908.0,-0.02418891154229641,0.0015339808305725455,-0.7738692760467529
10.0,122911.0,-0.024168377742171288,0.0015339808305725455,-0.7706382274627686
10.0,122914.0,-0.024135524407029152,0.0015339808305725455,-0.7693048715591431
10.0,122919.0,-0.02410677634179592,0.0015339808305725455,-0.7662563323974609
10.0,122922.0,-0.024082135409116745,0.0015339808305725455,-0.7646772861480713
10.0,122926.0,-0.02404928207397461,0.0015339808305725455,-0.7618158459663391
10.0,122930.0,-0.02402053400874138,0.0015339808305725455,-0.7607696056365967
10.0,122933.0,-0.023995893076062202,0.0015339808305725455,-0.7594330310821533
10.0,122937.0,-0.023963039740920067,0.0015339808305725455,-0.7581600546836853
10.0,122940.0,-0.023930184543132782,0.0015339808305725455,-0.7572461366653442
10.0,122944.0,-0.023905543610453606,0.0015339808305725455,-0.7560794949531555
10.0,122948.0,-0.023876797407865524,0.0015339808305725455,-0.7539116740226746
10.0,122951.0,-0.023852156475186348,0.0015339808305725455,-0.7502179145812988
10.0,122955.0,-0.023831622675061226,0.0015339808305725455,-0.7466593980789185
10.0,122959.0,-0.023811088874936104,0.0015339808305725455,-0.7434213161468506
10.0,122962.0,-0.023794660344719887,0.0015339808305725455,-0.738812267780304
10.0,122966.0,-0.02377823367714882,0.0015339808305725455,-0.7330390214920044
10.0,122969.0,-0.02376180700957775,0.0015339808305725455,-0.7288528680801392
10.0,122973.0,-0.023749487474560738,0.0015339808305725455,-0.7247864007949829
10.0,122977.0,-0.02373305894434452,0.0015339808305725455,-0.7195453643798828
10.0,122981.0,-0.023716632276773453,0.0015339808305725455,-0.7119526267051697
10.0,122987.0,-0.023700205609202385,0.0015339808305725455,-0.7035629749298096
10.0,122990.0,-0.023691991344094276,0.0015339808305725455,-0.6988822817802429
10.0,122993.0,-0.023679671809077263,0.0015339808305725455,-0.694331705570221
10.0,122998.0,-0.023671457543969154,0.0015339808305725455,-0.6875662207603455
10.0,123001.0,-0.0236673504114151,0.0015339808305725455,-0.6796940565109253
10.0,123004.0,-0.023663245141506195,0.0015339808305725455,-0.6743065118789673
10.0,123008.0,-0.02365913800895214,0.0015339808305725455,-0.6669056415557861
10.0,123011.0,-0.02365913800895214,0.0015339808305725455,-0.6605384349822998
10.0,123024.0,-0.023655030876398087,0.0015339808305725455,-0.6379779577255249
10.0,123028.0,-0.023655030876398087,0.0015339808305725455,-0.6287557482719421
10.0,123032.0,-0.023655030876398087,0.0015339808305725455,-0.6216731071472168
10.0,123035.0,-0.023655030876398087,0.0015339808305725455,-0.6165264248847961
10.0,123039.0,-0.023655030876398087,0.003067961661145091,-0.8737672567367554
10.0,123043.0,-0.023650923743844032,0.003067961661145091,-0.8628297448158264
10.0,123048.0,-0.02363860420882702,0.003067961661145091,-0.8533941507339478
10.0,123051.0,-0.0236221756786108,0.003067961661145091,-0.8487460017204285
10.0,123055.0,-0.02359342947602272,0.003067961661145091,-0.8467715978622437
10.0,123059.0,-0.0235728956758976,0.003067961661145091,-0.8448945879936218
10.0,123062.0,-0.023548254743218422,0.003067961661145091,-0.8458883762359619
10.0,123066.0,-0.023507187142968178,0.003067961661145091,-0.8480721712112427
10.0,123070.0,-0.02345379814505577,0.003067961661145091,-0.8530279994010925
10.0,123073.0,-0.023412730544805527,0.0015339808305725455,-0.589399516582489
10.0,123077.0,-0.023347022011876106,0.0015339808305725455,-0.6052456498146057
10.0,123080.0,-0.023297742009162903,0.0015339808305725455,-0.6205193996429443
10.0,123083.0,-0.02324024587869644,0.0015339808305725455,-0.6289144158363342
10.0,123088.0,-0.023190965875983238,0.0015339808305725455,-0.6379519104957581
10.0,123091.0,-0.023158110678195953,0.0015339808305725455,-0.6453597545623779
10.0,123094.0,-0.023121150210499763,0.0015339808305725455,-0.6477242708206177
10.0,123098.0,-0.023096509277820587,0.0015339808305725455,-0.6507791876792908
10.0,123101.0,-0.023067761212587357,0.0015339808305725455,-0.6516561508178711
10.0,123104.0,-0.02305133454501629,0.0015339808305725455,-0.6511550545692444
10.0,123108.0,-0.023030800744891167,0.0015339808305725455,-0.6514049172401428
10.0,123111.0,-0.0230143740773201,0.0015339808305725455,-0.6495819091796875
10.0,123114.0,-0.023002052679657936,0.0015339808305725455,-0.6478095650672913
10.0,123118.0,-0.022989733144640923,0.0015339808305725455,-0.6441779136657715
10.0,123122.0,-0.022981518879532814,0.0015339808305725455,-0.6411972641944885
10.0,123125.0,-0.022973306477069855,0.0015339808305725455,-0.6378034949302673
10.0,123129.0,-0.022965092211961746,0.0015339808305725455,-0.6318576335906982
10.0,123132.0,-0.022960985079407692,0.0015339808305725455,-0.6278781890869141
10.0,123136.0,-0.022960985079407692,0.0015339808305725455,-0.6226624250411987
10.0,123139.0,-0.022956877946853638,0.003067961661145091,-0.8857141137123108
10.0,123142.0,-0.022956877946853638,0.003067961661145091,-0.8762252330780029
10.0,123146.0,-0.022956877946853638,0.003067961661145091,-0.863986611366272
10.0,123149.0,-0.022944558411836624,0.003067961661145091,-0.8591361045837402
10.0,123153.0,-0.02293223887681961,0.003067961661145091,-0.8544254899024963
10.0,123157.0,-0.02290349081158638,0.003067961661145091,-0.8523728847503662
10.0,123160.0,-0.022878849878907204,0.003067961661145091,-0.8530944585800171
10.0,123163.0,-0.02283778227865696,0.003067961661145091,-0.8539631962776184
10.0,123169.0,-0.022780288010835648,0.003067961661145091,-0.8584871888160706
10.0,123172.0,-0.02274332568049431,0.0015339808305725455,-0.5970498919487
10.0,123177.0,-0.02266940474510193,0.0015339808305725455,-0.6114349365234375
10.0,123180.0,-0.022599589079618454,0.0015339808305725455,-0.6242188811302185
10.0,123183.0,-0.022554414346814156,0.0015339808305725455,-0.6339827179908752
10.0,123188.0,-0.022501027211546898,0.0015339808305725455,-0.6443533897399902
10.0,123191.0,-0.02246406488120556,0.0015339808305725455,-0.6530110239982605
10.0,123194.0,-0.02242710441350937,0.0015339808305725455,-0.6579457521438599
10.0,123198.0,-0.022386036813259125,0.0015339808305725455,-0.6647777557373047
10.0,123201.0,-0.02234496921300888,0.0015339808305725455,-0.6680567860603333
10.0,123214.0,-0.02224230021238327,0.0015339808305725455,-0.6769341826438904
10.0,123218.0,-0.02221355214715004,0.0015339808305725455,-0.6777745485305786
10.0,123222.0,-0.02218480408191681,0.0015339808305725455,-0.6780603528022766
10.0,123225.0,-0.022164270281791687,0.0015339808305725455,-0.676183819770813
10.0,123230.0,-0.02213963121175766,0.0015339808305725455,-0.6749333739280701
10.0,123235.0,-0.022114990279078484,0.0015339808305725455,-0.6724163293838501
10.0,123239.0,-0.02209445647895336,0.0015339808305725455,-0.671508252620697
10.0,123242.0,-0.0220821350812912,0.0015339808305725455,-0.6685579419136047
10.0,123246.0,-0.02206570841372013,0.0015339808305725455,-0.6657170057296753
10.0,123250.0,-0.022053388878703117,0.0015339808305725455,-0.6623126864433289
10.0,123253.0,-0.022041067481040955,0.0015339808305725455,-0.6603459715843201
10.0,123257.0,-0.02202874794602394,0.0015339808305725455,-0.656489372253418
10.0,123260.0,-0.022020533680915833,0.0015339808305725455,-0.651418924331665
10.0,123264.0,-0.022012319415807724,0.003067961661145091,-0.9153090119361877
10.0,123267.0,-0.022004107013344765,0.003067961661145091,-0.9058783054351807
10.0,123270.0,-0.021987680345773697,0.003067961661145091,-0.9027406573295593
10.0,123274.0,-0.021950718015432358,0.003067961661145091,-0.901833176612854
10.0,123278.0,-0.021901438012719154,0.003067961661145091,-0.905561089515686
10.0,123281.0,-0.021856263279914856,0.003067961661145091,-0.9139809012413025
10.0,123284.0,-0.021798767149448395,0.0015339808305725455,-0.657389760017395
10.0,123288.0,-0.021716631948947906,0.0015339808305725455,-0.6764825582504272
10.0,123291.0,-0.021634496748447418,0.0015339808305725455,-0.690346360206604
10.0,123294.0,-0.021572895348072052,0.0015339808305725455,-0.7038401365280151
10.0,123298.0,-0.021511293947696686,0.0015339808305725455,-0.7212753295898438
10.0,123302.0,-0.021429158747196198,0.0015339808305725455,-0.733948290348053
10.0,123305.0,-0.021342916414141655,0.0015339808305725455,-0.7516577243804932
10.0,123309.0,-0.02127310074865818,0.0015339808305725455,-0.7700796127319336
10.0,123312.0,-0.02117864415049553,0.0,-0.5170509219169617
10.0,123316.0,-0.02110472321510315,0.0,-0.5430247783660889
10.0,123320.0,-0.021006159484386444,0.0,-0.5618940591812134
10.0,123323.0,-0.02093634568154812,0.0,-0.5835800766944885
10.0,123327.0,-0.020850103348493576,0.0,-0.6031658053398132
10.0,123330.0,-0.020792607218027115,0.0,-0.6150544881820679
10.0,123333.0,-0.020706364884972572,0.0,-0.6293141841888428
10.0,123337.0,-0.020644763484597206,0.0,-0.641853392124176
10.0,123341.0,-0.02055441401898861,0.0,-0.6607350707054138
10.0,123344.0,-0.020484600216150284,-0.0015339808305725455,-0.41642189025878906
10.0,123348.0,-0.020390143617987633,-0.0015339808305725455,-0.4398040473461151
10.0,123351.0,-0.020328542217612267,-0.0015339808305725455,-0.4534384608268738
10.0,123354.0,-0.020254619419574738,-0.0015339808305725455,-0.46690988540649414
10.0,123359.0,-0.020225873216986656,-0.0015339808305725455,-0.4684463143348694
10.0,123364.0,-0.02020123228430748,-0.0015339808305725455,-0.4665576219558716
10.0,123368.0,-0.020197125151753426,-0.0015339808305725455,-0.4600941240787506
10.0,123371.0,-0.020197125151753426,-0.0015339808305725455,-0.4525475800037384
10.0,123374.0,-0.020197125151753426,-0.0015339808305725455,-0.4470677673816681
10.0,123378.0,-0.020197125151753426,-0.0015339808305725455,-0.4417371451854706
10.0,123381.0,-0.020197125151753426,0.0,-0.701766848564148
10.0,123384.0,-0.020197125151753426,0.0,-0.6922570466995239
10.0,123388.0,-0.02019301801919937,0.0,-0.6813373565673828
10.0,123391.0,-0.020188910886645317,0.0,-0.6737496852874756
10.0,123404.0,-0.020168377086520195,0.0,-0.6467644572257996
10.0,123408.0,-0.02016427181661129,0.0,-0.6375582814216614
10.0,123412.0,-0.020160164684057236,0.0,-0.628696620464325
10.0,123415.0,-0.020160164684057236,0.0,-0.6188221573829651
10.0,123419.0,-0.02015605755150318,0.0,-0.6106439232826233
10.0,123422.0,-0.02015605755150318,0.0,-0.6037073731422424
10.0,123426.0,-0.02015605755150318,0.0,-0.5947571396827698
10.0,123429.0,-0.02015605755150318,0.0015339808305725455,-0.8536550402641296
10.0,123433.0,-0.02015605755150318,0.0015339808305725455,-0.8428729772567749
10.0,123437.0,-0.020147843286395073,0.0015339808305725455,-0.8316587209701538
10.0,123440.0,-0.02013552375137806,0.0015339808305725455,-0.8235337734222412
10.0,123444.0,-0.020114989951252937,0.0015339808305725455,-0.8189913034439087
10.0,123447.0,-0.020086241886019707,0.0015339808305725455,-0.8153810501098633
10.0,123450.0,-0.02006160095334053,0.0015339808305725455,-0.8137769103050232
10.0,123454.0,-0.020036961883306503,0.0015339808305725455,-0.812228798866272
10.0,123458.0,-0.02000410668551922,0.0015339808305725455,-0.8102511763572693
10.0,123462.0,-0.019963039085268974,0.0015339808305725455,-0.8110413551330566
10.0,123465.0,-0.01992197148501873,0.0015339808305725455,-0.8118385076522827
10.0,123470.0,-0.019876796752214432,0.0015339808305725455,-0.8139615654945374
10.0,123473.0,-0.019835729151964188,0.0015339808305725455,-0.8200485706329346
10.0,123477.0,-0.019770020619034767,0.0015339808305725455,-0.8264921307563782
10.0,123481.0,-0.019696097820997238,0.0,-0.5690876841545105
10.0,123487.0,-0.019556468352675438,0.0,-0.603214681148529
10.0,123491.0,-0.01946611888706684,0.0,-0.6240577101707458
10.0,123494.0,-0.019396303221583366,0.0,-0.644141435623169
10.0,123498.0,-0.019314168021082878,0.0,-0.6567347645759583
10.0,123501.0,-0.019256673753261566,0.0,-0.6716699004173279
10.0,123504.0,-0.019178645685315132,0.0,-0.6821876764297485
10.0,123509.0,-0.019108830019831657,0.0,-0.6935588121414185
10.0,123512.0,-0.01905544102191925,0.0,-0.7045680284500122
10.0,123515.0,-0.018993839621543884,-0.0015339808305725455,-0.4448314607143402
10.0,123519.0,-0.018936345353722572,-0.0015339808305725455,-0.45717883110046387
10.0,123523.0,-0.018899384886026382,-0.0015339808305725455,-0.4641447067260742
10.0,123527.0,-0.018866529688239098,-0.0015339808305725455,-0.46866655349731445
10.0,123530.0,-0.018845995888113976,-0.0015339808305725455,-0.46727070212364197
10.0,123534.0,-0.018837781623005867,-0.0015339808305725455,-0.462786465883255
10.0,123538.0,-0.018833676353096962,-0.0015339808305725455,-0.4588563144207001
10.0,123542.0,-0.018833676353096962,0.0,-0.715740978717804
10.0,123547.0,-0.018829569220542908,0.0,-0.7016010284423828
10.0,123551.0,-0.0188213549554348,0.0,-0.6937092542648315
10.0,123554.0,-0.018809035420417786,0.0,-0.6889833807945251
10.0,123558.0,-0.018788501620292664,0.0,-0.6857274174690247
10.0,123561.0,-0.01876796782016754,0.0,-0.683778703212738
10.0,123564.0,-0.01873921975493431,0.0,-0.6820446848869324
10.0,123568.0,-0.018706366419792175,0.0,-0.6816044449806213
10.0,123572.0,-0.018681725487113,0.0,-0.6811999678611755
10.0,123575.0,-0.01865297742187977,0.0,-0.6795754432678223
10.0,123581.0,-0.018611909821629524,0.0,-0.6804937720298767
10.0,123584.0,-0.018583161756396294,0.0,-0.6802628636360168
10.0,123588.0,-0.018550308421254158,0.0,-0.6786268949508667
10.0,123600.0,-0.018455851823091507,0.0,-0.6780827641487122
10.0,123603.0,-0.01843121089041233,0.0,-0.6779497265815735
10.0,123607.0,-0.01840246468782425,0.0,-0.6764975190162659
10.0,123610.0,-0.018381930887699127,0.0,-0.6751232743263245
10.0,123614.0,-0.018353182822465897,0.0,-0.6737964749336243
10.0,123618.0,-0.01832854188978672,0.0,-0.6711950302124023
10.0,123621.0,-0.018308008089661598,0.0,-0.6687042117118835
10.0,123624.0,-0.018283367156982422,0.0,-0.6675867438316345
10.0,123628.0,-0.01827104762196541,0.0,-0.6639484763145447
10.0,123632.0,-0.018246406689286232,0.0,-0.6604445576667786
10.0,123635.0,-0.01823408715426922,0.0,-0.6568976640701294
10.0,123639.0,-0.018217658624053,0.0,-0.6523311734199524
10.0,123642.0,-0.018205339089035988,0.0,-0.649023175239563
10.0,123646.0,-0.01818891242146492,0.0,-0.6458123922348022
10.0,123649.0,-0.018176591023802757,0.0,-0.6416787505149841
10.0,123652.0,-0.018164271488785744,0.0,-0.6373286843299866
10.0,123656.0,-0.01815195009112358,0.0,-0.6344591975212097
10.0,123659.0,-0.018147844821214676,0.0,-0.6281014084815979
10.0,123662.0,-0.018139630556106567,0.0,-0.6228224635124207
10.0,123666.0,-0.018135523423552513,0.0,-0.6155579090118408
10.0,123671.0,-0.018135523423552513,0.0,-0.6072202324867249
10.0,123675.0,-0.01813141629099846,0.0,-0.5985353589057922
10.0,123679.0,-0.01813141629099846,0.0015339808305725455,-0.8592717051506042
10.0,123683.0,-0.01813141629099846,0.0015339808305725455,-0.8491188883781433
10.0,123687.0,-0.018127309158444405,0.0015339808305725455,-0.8341794610023499
10.0,123690.0,-0.018119096755981445,0.0015339808305725455,-0.8287721276283264
10.0,123693.0,-0.018106775358319283,0.0015339808305725455,-0.8248798847198486
10.0,123697.0,-0.018082136288285255,0.0015339808305725455,-0.8210938572883606
10.0,123700.0,-0.01804928109049797,0.0015339808305725455,-0.8197904825210571
10.0,123704.0,-0.01802053302526474,0.0015339808305725455,-0.8212305903434753
10.0,123708.0,-0.01797536015510559,0.0015339808305725455,-0.8239974975585938
10.0,123711.0,-0.017926078289747238,0.0015339808305725455,-0.8270162343978882
10.0,123715.0,-0.01788090355694294,0.0,-0.566685140132904
10.0,123719.0,-0.017819302156567574,0.0,-0.5817261934280396
10.0,123722.0,-0.01776180788874626,0.0,-0.5899568796157837
10.0,123726.0,-0.017724845558404922,0.0,-0.5988138318061829
10.0,123729.0,-0.017679670825600624,0.0,-0.6039062142372131
10.0,123734.0,-0.01764681749045849,0.0,-0.6076831817626953
10.0,123739.0,-0.0176098570227623,0.0,-0.6092489361763
10.0,123742.0,-0.01759342849254608,0.0,-0.6080934405326843
10.0,123745.0,-0.017577001824975014,0.0,-0.6062571406364441
10.0,123749.0,-0.017564682289958,0.0,-0.6038919687271118
10.0,123752.0,-0.017552360892295837,0.0,-0.6008363366127014
10.0,123756.0,-0.017544148489832878,0.0,-0.5959920883178711
10.0,123760.0,-0.01753593422472477,0.0,-0.5931463241577148
10.0,123763.0,-0.017531827092170715,0.0,-0.5886016488075256
10.0,123767.0,-0.017523614689707756,0.0,-0.5846439003944397
10.0,123770.0,-0.017523614689707756,0.0015339808305725455,-0.8446511030197144
10.0,123773.0,-0.017519507557153702,0.0015339808305725455,-0.8364825248718262
10.0,123777.0,-0.017515400424599648,0.0015339808305725455,-0.8255112171173096
10.0,123790.0,-0.01743326522409916,0.0015339808305725455,-0.8171526193618774
10.0,123793.0,-0.01740451715886593,0.0015339808305725455,-0.8189911246299744
10.0,123797.0,-0.017355235293507576,0.0015339808305725455,-0.8234482407569885
10.0,123800.0,-0.017318274825811386,0.0015339808305725455,-0.8267008066177368
10.0,123804.0,-0.017260780557990074,0.0015339808305725455,-0.8325653672218323
10.0,123808.0,-0.017203286290168762,0.0,-0.5753664970397949
10.0,123811.0,-0.017158111557364464,0.0,-0.5853334665298462
10.0,123814.0,-0.017121149227023125,0.0,-0.5946611166000366
10.0,123818.0,-0.01708008162677288,0.0,-0.5996314287185669
10.0,123821.0,-0.017055440694093704,0.0,-0.6022408604621887
10.0,123824.0,-0.017026694491505623,0.0,-0.6034407019615173
10.0,123828.0,-0.0170061606913805,0.0,-0.6041096448898315
10.0,123831.0,-0.016981519758701324,0.0,-0.6052810549736023
10.0,123835.0,-0.01696919836103916,0.0,-0.6032350063323975
10.0,123838.0,-0.01694866456091404,0.0,-0.6030848622322083
10.0,123842.0,-0.016936345025897026,0.0,-0.6011301875114441
10.0,123846.0,-0.016919918358325958,0.0,-0.5992523431777954
10.0,123850.0,-0.01690349169075489,0.0,-0.5978924036026001
10.0,123853.0,-0.016891170293092728,0.0,-0.5961427092552185
10.0,123858.0,-0.01687474362552166,0.0,-0.5927444696426392
10.0,123862.0,-0.016858316957950592,0.0015339808305725455,-0.8552669882774353
10.0,123866.0,-0.016841888427734375,0.0015339808305725455,-0.8478989601135254
10.0,123870.0,-0.016821354627609253,0.0015339808305725455,-0.8448492884635925
10.0,123873.0,-0.016788501292467117,0.0015339808305725455,-0.8463189005851746
10.0,123877.0,-0.016739219427108765,0.0,-0.5873302221298218
10.0,123880.0,-0.016689937561750412,0.0,-0.5984719395637512
10.0,123884.0,-0.01662423089146614,0.0,-0.6115114092826843
10.0,123888.0,-0.016570841893553734,0.0,-0.6214180588722229
10.0,123891.0,-0.01652156002819538,0.0,-0.6276278495788574
10.0,123894.0,-0.016496919095516205,0.0,-0.6296464800834656
10.0,123898.0,-0.016472280025482178,0.0,-0.632262647151947
10.0,123902.0,-0.016447639092803,0.0,-0.6314841508865356
10.0,123905.0,-0.01642710529267788,0.0,-0.6300246715545654
10.0,123909.0,-0.01641889102756977,0.0,-0.6259790658950806
10.0,123912.0,-0.016410676762461662,0.0,-0.6213632822036743
10.0,123915.0,-0.016410676762461662,0.0,-0.6155343055725098
10.0,123919.0,-0.016406571492552757,0.0,-0.6093440055847168
10.0,123923.0,-0.016406571492552757,0.0,-0.6020528674125671
10.0,123927.0,-0.016406571492552757,0.0015339808305725455,-0.8619421720504761
10.0,123930.0,-0.016406571492552757,0.0015339808305725455,-0.852333664894104
10.0,123933.0,-0.016406571492552757,0.0015339808305725455,-0.8443549871444702
10.0,123937.0,-0.016394250094890594,0.0015339808305725455,-0.8379369974136353
10.0,123940.0,-0.01638193055987358,0.0015339808305725455,-0.8314518332481384
10.0,123943.0,-0.016365503892302513,0.0015339808305725455,-0.8280996084213257
10.0,123947.0,-0.016336755827069283,0.0015339808305725455,-0.8246943950653076
10.0,123950.0,-0.01631622202694416,0.0015339808305725455,-0.8228980302810669
10.0,123954.0,-0.016291581094264984,0.0015339808305725455,-0.8225058913230896
10.0,123958.0,-0.01625872775912285,0.0015339808305725455,-0.8220188021659851
10.0,123961.0,-0.016229979693889618,0.0015339808305725455,-0.8242464065551758
10.0,123964.0,-0.016197124496102333,0.0015339808305725455,-0.8265501260757446
10.0,123977.0,-0.015958933159708977,0.0,-0.6001238226890564
10.0,123982.0,-0.01586036942899227,0.0,-0.6317598223686218
10.0,123988.0,-0.01569199189543724,0.0,-0.6665933728218079
10.0,123992.0,-0.01562628336250782,0.0,-0.687006950378418
10.0,123995.0,-0.015535933896899223,0.0,-0.7011666893959045
10.0,123999.0,-0.015470226295292377,-0.0015339808305725455,-0.4536254107952118
10.0,124002.0,-0.015408623963594437,-0.0015339808305725455,-0.47007128596305847
10.0,124006.0,-0.015338809229433537,-0.0015339808305725455,-0.4820455312728882
10.0,124010.0,-0.015293634496629238,-0.0015339808305725455,-0.49081096053123474
10.0,124013.0,-0.015268993563950062,-0.0015339808305725455,-0.4939197301864624
10.0,124017.0,-0.015252566896378994,-0.0015339808305725455,-0.49317389726638794
10.0,124020.0,-0.01524435356259346,-0.0015339808305725455,-0.48952925205230713
10.0,124023.0,-0.015240246430039406,-0.0015339808305725455,-0.4862227439880371
10.0,124027.0,-0.015240246430039406,-0.0015339808305725455,-0.48017388582229614
10.0,124031.0,-0.015240246430039406,-0.0015339808305725455,-0.47578224539756775
10.0,124034.0,-0.015240246430039406,-0.0015339808305725455,-0.47011321783065796
10.0,124038.0,-0.015240246430039406,0.0,-0.7285401225090027
10.0,124041.0,-0.015240246430039406,0.0,-0.7174087762832642
10.0,124047.0,-0.015227925963699818,0.0,-0.7107028365135193
10.0,124051.0,-0.01521149929612875,0.0,-0.704357385635376
10.0,124054.0,-0.015199178829789162,0.0,-0.7007019519805908
10.0,124058.0,-0.01517864502966404,0.0,-0.6984989047050476
10.0,124062.0,-0.015154004096984863,0.0,-0.6965620517730713
10.0,124065.0,-0.015129363164305687,0.0,-0.6973872780799866
10.0,124069.0,-0.015096508897840977,0.0,-0.6982020139694214
10.0,124072.0,-0.01506776176393032,0.0,-0.7014924883842468
10.0,124075.0,-0.015022587031126022,0.0,-0.7047173380851746
10.0,124079.0,-0.014973306097090244,0.0,-0.710665762424469
10.0,124083.0,-0.014928131364285946,0.0,-0.7176743149757385
10.0,124087.0,-0.014862422831356525,-0.0015339808305725455,-0.4646530747413635
10.0,124090.0,-0.014809034764766693,-0.0015339808305725455,-0.48233962059020996
10.0,124093.0,-0.014747433364391327,-0.0015339808305725455,-0.49284127354621887
10.0,124097.0,-0.014706365764141083,-0.0015339808305725455,-0.5041903257369995
10.0,124100.0,-0.014661191031336784,-0.0015339808305725455,-0.5100932121276855
10.0,124104.0,-0.014636550098657608,-0.0015339808305725455,-0.5131551027297974
10.0,124108.0,-0.014603695832192898,-0.0015339808305725455,-0.517116129398346
10.0,124111.0,-0.014579055830836296,-0.0015339808305725455,-0.5195882320404053
10.0,124114.0,-0.014562628231942654,-0.0015339808305725455,-0.5210679173469543
10.0,124118.0,-0.014537987299263477,-0.0015339808305725455,-0.5211820602416992
10.0,124121.0,-0.01452156063169241,-0.0015339808305725455,-0.5195381045341492
10.0,124124.0,-0.014509240165352821,-0.0015339808305725455,-0.5183497071266174
10.0,124129.0,-0.014496919699013233,-0.0015339808305725455,-0.515479326248169
10.0,124132.0,-0.0144887063652277,-0.0015339808305725455,-0.5127320289611816
10.0,124135.0,-0.014480493031442165,-0.0015339808305725455,-0.5090577006340027
10.0,124139.0,-0.014476385898888111,-0.0015339808305725455,-0.5038672685623169
10.0,124142.0,-0.014472279697656631,-0.0015339808305725455,-0.5004411935806274
10.0,124146.0,-0.014472279697656631,-0.0015339808305725455,-0.49423936009407043
10.0,124150.0,-0.014472279697656631,-0.0015339808305725455,-0.488264799118042
10.0,124153.0,-0.014468172565102577,-0.0015339808305725455,-0.4852583706378937
10.0,124157.0,-0.014468172565102577,-0.0015339808305725455,-0.7480593323707581
10.0,124169.0,-0.014451744966208935,0.0,-0.7215366959571838
10.0,124173.0,-0.014422997832298279,0.0,-0.7190924286842346
10.0,124177.0,-0.014398356899619102,0.0,-0.7194311022758484
10.0,124180.0,-0.0143737168982625,0.0,-0.719691276550293
10.0,124183.0,-0.014336755499243736,0.0,-0.721299409866333
10.0,124188.0,-0.014291580766439438,-0.0015339808305725455,-0.4571712911128998
10.0,124191.0,-0.014250513166189194,-0.0015339808305725455,-0.47006359696388245
10.0,124194.0,-0.01420944556593895,-0.0015339808305725455,-0.4797670543193817
10.0,124198.0,-0.014160164631903172,-0.0015339808305725455,-0.4878794550895691
10.0,124201.0,-0.014123203232884407,-0.0015339808305725455,-0.4943433701992035
10.0,124205.0,-0.01409856230020523,-0.0015339808305725455,-0.4978944659233093
10.0,124209.0,-0.014078028500080109,-0.0015339808305725455,-0.5000054836273193
10.0,124212.0,-0.01406160183250904,-0.0015339808305725455,-0.49952787160873413
10.0,124216.0,-0.014045174233615398,-0.0015339808305725455,-0.49891597032546997
10.0,124220.0,-0.01403285376727581,-0.0015339808305725455,-0.4971446692943573
10.0,124224.0,-0.014024640433490276,-0.0015339808305725455,-0.4939657151699066
10.0,124228.0,-0.014020534232258797,-0.0015339808305725455,-0.48956233263015747
10.0,124232.0,-0.014016427099704742,-0.0015339808305725455,-0.4839572310447693
10.0,124237.0,-0.014016427099704742,-0.0015339808305725455,-0.4772641658782959
10.0,124241.0,-0.014016427099704742,-0.0015339808305725455,-0.4721280038356781
10.0,124245.0,-0.014016427099704742,0.0,-0.7325717210769653
10.0,124249.0,-0.014016427099704742,0.0,-0.7245110869407654
10.0,124252.0,-0.014012319967150688,0.0,-0.7167941331863403
10.0,124255.0,-0.014000000432133675,0.0,-0.7132169008255005
10.0,124259.0,-0.013983572833240032,0.0,-0.7097476720809937
10.0,124262.0,-0.01396303903311491,0.0,-0.7066155076026917
10.0,124266.0,-0.013942505232989788,0.0,-0.7062891721725464
10.0,124270.0,-0.013913758099079132,0.0,-0.7057459950447083
10.0,124273.0,-0.013889117166399956,0.0,-0.706827700138092
10.0,124277.0,-0.013856262899935246,-0.0015339808305725455,-0.4424963593482971
10.0,124280.0,-0.01383162196725607,-0.0015339808305725455,-0.4491020143032074
10.0,124284.0,-0.013798767700791359,-0.0015339808305725455,-0.45283010601997375
10.0,124288.0,-0.013782341033220291,-0.0015339808305725455,-0.4540785551071167
10.0,124291.0,-0.013778233900666237,-0.0015339808305725455,-0.45126479864120483
10.0,124294.0,-0.013778233900666237,-0.0015339808305725455,-0.44821739196777344
10.0,124298.0,-0.013778233900666237,-0.0015339808305725455,-0.4452512860298157
10.0,124301.0,-0.013778233900666237,-0.0015339808305725455,-0.4414187967777252
10.0,124305.0,-0.013778233900666237,0.0,-0.7040271759033203
10.0,124309.0,-0.013774127699434757,0.0,-0.6958577632904053
10.0,124312.0,-0.013770020566880703,0.0,-0.6902573108673096
10.0,124315.0,-0.013757700100541115,0.0,-0.6866047978401184
10.0,124319.0,-0.013745379634201527,0.0,-0.6817805171012878
10.0,124322.0,-0.013724845834076405,0.0,-0.6806235909461975
10.0,124326.0,-0.013708419166505337,0.0,-0.6787034273147583
10.0,124330.0,-0.013687885366380215,0.0,-0.6776622533798218
10.0,124333.0,-0.013671457767486572,0.0,-0.6772183775901794
10.0,124337.0,-0.013642710633575916,0.0,-0.6775805354118347
10.0,124340.0,-0.013626283034682274,-0.0015339808305725455,-0.4117724299430847
10.0,124343.0,-0.013597535900771618,-0.0015339808305725455,-0.41659700870513916
10.0,124347.0,-0.01358521543443203,-0.0015339808305725455,-0.41924944519996643
10.0,124360.0,-0.01358110923320055,-0.0015339808305725455,-0.41057679057121277
10.0,124364.0,-0.01358110923320055,0.0,-0.6756200790405273
10.0,124368.0,-0.01358110923320055,0.0,-0.6672156453132629
10.0,124371.0,-0.013577002100646496,0.0,-0.6618125438690186
10.0,124374.0,-0.013568788766860962,0.0,-0.6585706472396851
10.0,124378.0,-0.013560574501752853,0.0,-0.6540685296058655
10.0,124381.0,-0.01354825496673584,0.0,-0.650498628616333
10.0,124385.0,-0.013544147834181786,0.0,-0.645737886428833
10.0,124389.0,-0.013531827367842197,0.0,-0.6429489850997925
10.0,124392.0,-0.013523614034056664,0.0,-0.6384651064872742
10.0,124395.0,-0.01351540070027113,0.0,-0.6358738541603088
10.0,124400.0,-0.013503080233931541,0.0,-0.6329918503761292
10.0,124404.0,-0.013494866900146008,0.0,-0.6288911700248718
10.0,124408.0,-0.013486652635037899,0.0,-0.6249343156814575
10.0,124411.0,-0.01348254643380642,0.0,-0.6211393475532532
10.0,124414.0,-0.013474333100020885,0.0,-0.6177158951759338
10.0,124418.0,-0.013470225967466831,0.0,-0.6128616333007812
10.0,124421.0,-0.013470225967466831,0.0,-0.6083278059959412
10.0,124424.0,-0.013466118834912777,0.0,-0.6052627563476562
10.0,124428.0,-0.013466118834912777,0.0,-0.5995261669158936
10.0,124431.0,-0.013466118834912777,0.0,-0.5953621864318848
10.0,124435.0,-0.013462012633681297,0.0,-0.592655599117279
10.0,124438.0,-0.013462012633681297,0.0,-0.58738112449646
10.0,124442.0,-0.013462012633681297,0.0,-0.5835517048835754
10.0,124445.0,-0.013462012633681297,0.0,-0.5786081552505493
10.0,124449.0,-0.013462012633681297,0.0,-0.5738434791564941
10.0,124453.0,-0.013462012633681297,0.0,-0.5703831911087036
10.0,124456.0,-0.013462012633681297,0.0,-0.5659147500991821
10.0,124460.0,-0.013462012633681297,0.0,-0.5616065263748169
10.0,124464.0,-0.013462012633681297,0.0,-0.5584766268730164
10.0,124468.0,-0.013462012633681297,0.0,-0.5544336438179016
10.0,124471.0,-0.013462012633681297,0.0,-0.5505341291427612
10.0,124474.0,-0.013462012633681297,0.0,-0.5477001070976257
10.0,124478.0,-0.013462012633681297,0.0,-0.5449413061141968
10.0,124482.0,-0.013462012633681297,0.0,-0.5405043363571167
10.0,124488.0,-0.013462012633681297,0.0,-0.5354334712028503
10.0,124492.0,-0.013462012633681297,0.0,-0.5329970717430115
10.0,124496.0,-0.013462012633681297,0.0,-0.529846727848053
10.0,124500.0,-0.013462012633681297,0.0,-0.5260604619979858
10.0,124503.0,-0.013462012633681297,0.0,-0.5238664746284485
10.0,124507.0,-0.013462012633681297,0.0,-0.5217285752296448
10.0,124510.0,-0.013462012633681297,0.0,-0.5189626216888428
10.0,124513.0,-0.013462012633681297,0.0,-0.5169494152069092
10.0,124517.0,-0.013462012633681297,0.0,-0.5149869918823242
10.0,124521.0,-0.013462012633681297,0.0,-0.512446939945221
10.0,124524.0,-0.013462012633681297,0.0,-0.5099909901618958
10.0,124529.0,-0.013462012633681297,0.0,-0.5076159238815308
10.0,124532.0,-0.013462012633681297,0.0,-0.5053185820579529
10.0,124536.0,-0.013462012633681297,0.0,-0.5036446452140808
10.0,124539.0,-0.013462012633681297,0.0,-0.5014759302139282
10.0,124552.0,-0.013462012633681297,0.0,-0.4948938488960266
10.0,124555.0,-0.013462012633681297,0.0,-0.49346962571144104
10.0,124559.0,-0.013462012633681297,0.0,-0.49162226915359497
10.0,124562.0,-0.013462012633681297,0.0,-0.49027422070503235
10.0,124567.0,-0.013462012633681297,0.0,-0.4885249435901642
10.0,124570.0,-0.013462012633681297,0.0,-0.48682868480682373
10.0,124573.0,-0.013462012633681297,0.0,-0.48559004068374634
10.0,124577.0,-0.013462012633681297,0.0,-0.4839816093444824
10.0,124583.0,-0.013462012633681297,0.0,-0.48165735602378845
10.0,124587.0,-0.013462012633681297,0.0,-0.48053333163261414
10.0,124590.0,-0.013462012633681297,0.0,-0.4790724515914917
10.0,124593.0,-0.013462012633681297,0.0,-0.47800418734550476
10.0,124597.0,-0.013462012633681297,0.0,-0.476958692073822
10.0,124600.0,-0.013462012633681297,0.0,-0.47559890151023865
10.0,124604.0,-0.013462012633681297,0.0,-0.4746038615703583
10.0,124607.0,-0.013462012633681297,0.0,-0.4733090102672577
10.0,124611.0,-0.013462012633681297,0.0,-0.4720492660999298
10.0,124614.0,-0.013462012633681297,0.0,-0.47112664580345154
10.0,124618.0,-0.013462012633681297,0.0,-0.47022247314453125
10.0,124621.0,-0.013462012633681297,0.0,-0.46904456615448
10.0,124624.0,-0.013462012633681297,0.0,-0.46818122267723083
10.0,124628.0,-0.013462012633681297,0.0,-0.46705594658851624
10.0,124632.0,-0.013462012633681297,0.0,-0.46623069047927856
10.0,124635.0,-0.013462012633681297,0.0,-0.4651544392108917
10.0,124639.0,-0.013462012633681297,0.0,-0.4643646478652954
10.0,124642.0,-0.013462012633681297,0.0,-0.4633340537548065
10.0,124646.0,-0.013462012633681297,0.0,-0.46257737278938293
10.0,124649.0,-0.013462012633681297,0.0,-0.46158939599990845
10.0,124652.0,-0.013462012633681297,0.0,-0.46086353063583374
10.0,124656.0,-0.013462012633681297,0.0,-0.46015027165412903
10.0,124659.0,-0.013462012633681297,0.0,-0.4592181146144867
10.0,124662.0,-0.013462012633681297,0.0,-0.4585327208042145
10.0,124667.0,-0.013462012633681297,0.0,-0.45741549134254456
10.0,124670.0,-0.013462012633681297,0.0,-0.45675966143608093
10.0,124675.0,-0.013462012633681297,0.0,-0.45568975806236267
10.0,124679.0,-0.013462012633681297,0.0,-0.4550611972808838
10.0,124682.0,-0.013462012633681297,0.0,-0.45423808693885803
10.0,124687.0,-0.013462012633681297,0.0,-0.45343154668807983
10.0,124690.0,-0.013462012633681297,0.0,-0.4528370797634125
10.0,124693.0,-0.013462012633681297,0.0,-0.4520578980445862
10.0,124696.0,-0.013462012633681297,0.0,-0.45148321986198425
10.0,124700.0,-0.013462012633681297,0.0,-0.4507295787334442
10.0,124704.0,-0.013462012633681297,0.0,-0.45017337799072266
10.0,124707.0,-0.013462012633681297,0.0,-0.4494434595108032
10.0,124710.0,-0.013462012633681297,0.0,-0.44890448451042175
10.0,124714.0,-0.013462012633681297,0.0,-0.44819673895835876
10.0,124717.0,-0.013462012633681297,0.0,-0.44767382740974426
10.0,124721.0,-0.013462012633681297,0.0,-0.44698673486709595
10.0,124725.0,-0.013462012633681297,0.0,-0.44631078839302063
10.0,124729.0,-0.013462012633681297,0.0,-0.44548094272613525
10.0,124743.0,-0.013462012633681297,0.0,-0.44355276226997375
10.0,124747.0,-0.013462012633681297,0.0,-0.44292864203453064
10.0,124750.0,-0.013462012633681297,0.0,-0.44231316447257996
10.0,124753.0,-0.013462012633681297,0.0,-0.44185706973075867
10.0,124757.0,-0.013462012633681297,0.0,-0.4414055049419403
10.0,124760.0,-0.013462012633681297,0.0,-0.44081032276153564
10.0,124764.0,-0.013462012633681297,0.0,-0.4403688907623291
10.0,124768.0,-0.013462012633681297,0.0,-0.4397866725921631
10.0,124771.0,-0.013462012633681297,0.0,-0.43921148777008057
10.0,124774.0,-0.013462012633681297,0.0,-0.43878456950187683
10.0,124778.0,-0.013462012633681297,0.0,-0.4382210373878479
10.0,124782.0,-0.013462012633681297,0.0,-0.4378025531768799
10.0,124785.0,-0.013462012633681297,0.0,-0.43724989891052246
10.0,124789.0,-0.013462012633681297,0.0,-0.436703085899353
10.0,124792.0,-0.013462012633681297,0.0,-0.4362967312335968
10.0,124796.0,-0.013462012633681297,0.0,-0.43575963377952576
10.0,124800.0,-0.013462012633681297,0.0,-0.43536028265953064
10.0,124803.0,-0.013462012633681297,0.0,-0.43483227491378784
10.0,124807.0,-0.013462012633681297,0.0,-0.43443945050239563
10.0,124810.0,-0.013462012633681297,0.0,-0.43391990661621094
10.0,124813.0,-0.013462012633681297,0.0,-0.4335332214832306
10.0,124817.0,-0.013462012633681297,0.0,-0.4331490397453308
10.0,124820.0,-0.013462012633681297,0.0,-0.43264055252075195
10.0,124824.0,-0.013462012633681297,0.0,-0.4322618842124939
10.0,124827.0,-0.013462012633681297,0.0,-0.4317605197429657
10.0,124830.0,-0.013462012633681297,0.0,-0.4313870072364807
10.0,124834.0,-0.013462012633681297,0.0,-0.43101561069488525
10.0,124838.0,-0.013462012633681297,0.0,-0.4305235743522644
10.0,124841.0,-0.013462012633681297,0.0,-0.4300349950790405
10.0,124844.0,-0.013462012633681297,0.0,-0.4296707808971405
10.0,124848.0,-0.013462012633681297,0.0,-0.42918798327445984
10.0,124852.0,-0.013462012633681297,0.0,-0.4287083148956299
10.0,124855.0,-0.013462012633681297,0.0,-0.4283505082130432
10.0,124860.0,-0.013462012633681297,0.0,-0.42775776982307434
10.0,124864.0,-0.013462012633681297,0.0,-0.4272867441177368
10.0,124869.0,-0.013462012633681297,0.0,-0.426818311214447
10.0,124872.0,-0.013462012633681297,0.0,-0.42635247111320496
10.0,124875.0,-0.013462012633681297,0.0,-0.42600470781326294
10.0,124879.0,-0.013462012633681297,0.0,-0.42554306983947754
10.0,124882.0,-0.013462012633681297,0.0,-0.42519834637641907
10.0,124886.0,-0.013462012633681297,0.0,-0.42474064230918884
10.0,124889.0,-0.013462012633681297,0.0,-0.4243987500667572
10.0,124892.0,-0.013462012633681297,0.0,-0.42405807971954346
10.0,124896.0,-0.013462012633681297,0.0,-0.4236055314540863
10.0,124900.0,-0.013462012633681297,0.0,-0.4232673943042755
10.0,124903.0,-0.013462012633681297,0.0,-0.4228181540966034
10.0,124907.0,-0.013462012633681297,0.0,-0.422482430934906
10.0,124910.0,-0.013462012633681297,0.0,-0.4220362901687622
10.0,124913.0,-0.013462012633681297,0.0,-0.4217028021812439
10.0,124917.0,-0.013462012633681297,0.0,-0.4213702082633972
10.0,124929.0,-0.013462012633681297,0.0,-0.419938862323761
10.0,124932.0,-0.013462012633681297,0.0,-0.4196107089519501
10.0,124936.0,-0.013462012633681297,0.0,-0.41928330063819885
10.0,124939.0,-0.013462012633681297,0.0,-0.4188478887081146
10.0,124942.0,-0.013462012633681297,0.0,-0.4185221493244171
10.0,124946.0,-0.013462012633681297,0.0,-0.4180889129638672
10.0,124950.0,-0.013462012633681297,0.0,-0.41776472330093384
10.0,124953.0,-0.013462012633681297,0.0,-0.4173334836959839
10.0,124957.0,-0.013462012633681297,0.0,-0.41701072454452515
10.0,124960.0,-0.013462012633681297,0.0,-0.4165813624858856
10.0,124963.0,-0.013462012633681297,0.0,-0.4162600040435791
10.0,124967.0,-0.013462012633681297,0.0,-0.4158323407173157
10.0,124970.0,-0.013462012633681297,0.0,-0.41551223397254944
10.0,124974.0,-0.013462012633681297,0.0,-0.4151926636695862
10.0,124978.0,-0.013462012633681297,0.0,-0.41466107964515686
10.0,124983.0,-0.013462012633681297,0.0,-0.41423681378364563
10.0,124987.0,-0.013462012633681297,0.0,-0.4138133227825165
10.0,124990.0,-0.013462012633681297,0.0,-0.4133906066417694
10.0,124994.0,-0.013462012633681297,0.0,-0.4130741059780121
10.0,124998.0,-0.013462012633681297,0.0,-0.4126526713371277
10.0,125001.0,-0.013462012633681297,0.0,-0.4122319519519806
10.0,125004.0,-0.013462012633681297,0.0,-0.4119168519973755
10.0,125008.0,-0.013462012633681297,0.0,-0.4114972949028015
10.0,125011.0,-0.013462012633681297,0.0,-0.41118302941322327
10.0,125015.0,-0.013462012633681297,0.0,-0.4108690917491913
10.0,125018.0,-0.013462012633681297,0.0,-0.4104510247707367
10.0,125022.0,-0.013462012633681297,0.0,-0.41003355383872986
10.0,125025.0,-0.013462012633681297,0.0,-0.4097208082675934
10.0,125029.0,-0.013462012633681297,0.0,-0.40930426120758057
10.0,125032.0,-0.013462012633681297,0.0,-0.4089921712875366
10.0,125036.0,-0.013462012633681297,0.0,-0.40868034958839417
10.0,125040.0,-0.013462012633681297,0.0,-0.40826505422592163
10.0,125044.0,-0.013462012633681297,0.0,-0.4077465236186981
10.0,125049.0,-0.013462012633681297,0.0,-0.4072286784648895
10.0,125053.0,-0.013462012633681297,0.0,-0.40691831707954407
10.0,125057.0,-0.013462012633681297,0.0,-0.4065047800540924
10.0,125060.0,-0.013462012633681297,0.0,-0.4060916602611542
10.0,125063.0,-0.013462012633681297,0.0,-0.4057820737361908
10.0,125067.0,-0.013462012633681297,0.0,-0.4053695797920227
10.0,125070.0,-0.013462012633681297,0.0,-0.40506044030189514
10.0,125074.0,-0.013462012633681297,0.0,-0.4047515392303467
10.0,125077.0,-0.013462012633681297,0.0,-0.40433987975120544
10.0,125081.0,-0.013462012633681297,0.0,-0.4039285480976105
10.0,125084.0,-0.013462012633681297,0.0,-0.40362024307250977
10.0,125088.0,-0.013462012633681297,0.0,-0.4032094180583954
10.0,125092.0,-0.013462012633681297,0.0,-0.4027988910675049
10.0,125096.0,-0.013462012633681297,0.0,-0.40238863229751587
10.0,125100.0,-0.013462012633681297,0.0,-0.40208107233047485
10.0,125103.0,-0.013462012633681297,0.0,-0.40167126059532166
10.0,125107.0,-0.013462012633681297,0.0,-0.4013640582561493
10.0,125119.0,-0.013462012633681297,0.0,-0.4000343084335327
10.0,125122.0,-0.013462012633681297,0.0,-0.3997277319431305
10.0,125126.0,-0.013462012633681297,0.0,-0.3993191719055176
10.0,125130.0,-0.013462012633681297,0.0,-0.39901286363601685
10.0,125134.0,-0.013462012633681297,0.0,-0.3986046016216278
10.0,125137.0,-0.013462012633681297,0.0,-0.39819657802581787
10.0,125141.0,-0.013462012633681297,0.0,-0.3977886736392975
10.0,125144.0,-0.013462012633681297,0.0,-0.39748287200927734
10.0,125148.0,-0.013462012633681297,0.0,-0.39707526564598083
10.0,125152.0,-0.013462012633681297,0.0,-0.3967696726322174
10.0,125155.0,-0.013462012633681297,0.0,-0.3963623046875
10.0,125160.0,-0.013462012633681297,0.0,-0.3959551155567169
10.0,125163.0,-0.013462012633681297,0.0,-0.3955480456352234
10.0,125167.0,-0.013462012633681297,0.0,-0.3952428698539734
10.0,125171.0,-0.013462012633681297,0.0,-0.39473432302474976
10.0,125176.0,-0.013462012633681297,0.0,-0.39422598481178284
10.0,125179.0,-0.013462012633681297,0.0,-0.39392104744911194
10.0,125183.0,-0.013462012633681297,0.0,-0.3936162292957306
10.0,125186.0,-0.013462012633681297,0.0,-0.393209844827652
10.0,125190.0,-0.013462012633681297,0.0,-0.3929051458835602
10.0,125194.0,-0.013462012633681297,0.0,-0.392397403717041
10.0,125198.0,-0.013462012633681297,0.0,-0.3919913172721863
10.0,125201.0,-0.013462012633681297,0.0,-0.3916868269443512
10.0,125205.0,-0.013462012633681297,0.0,-0.3912808895111084
10.0,125209.0,-0.013462012633681297,0.0,-0.39087507128715515
10.0,125212.0,-0.013462012633681297,0.0,-0.3905707597732544
10.0,125216.0,-0.013462012633681297,0.0,-0.3901650905609131
10.0,125219.0,-0.013462012633681297,0.0,-0.3898608684539795
10.0,125222.0,-0.013462012633681297,0.0,-0.3895566761493683
10.0,125226.0,-0.013462012633681297,0.0,-0.3891511857509613
10.0,125229.0,-0.013462012633681297,0.0,-0.38884711265563965
10.0,125233.0,-0.013462012633681297,0.0,-0.38844171166419983
10.0,125238.0,-0.013462012633681297,-0.0015339808305725455,-0.12102241814136505
10.0,125242.0,-0.013462012633681297,-0.0015339808305725455,-0.12522903084754944
10.0,125245.0,-0.013462012633681297,-0.0015339808305725455,-0.13063015043735504
10.0,125249.0,-0.013462012633681297,-0.0015339808305725455,-0.13580255210399628
10.0,125252.0,-0.013462012633681297,-0.0015339808305725455,-0.13953718543052673
10.0,125256.0,-0.013462012633681297,-0.0015339808305725455,-0.1431518942117691
10.0,125260.0,-0.013462012633681297,-0.0015339808305725455,-0.1477910876274109
10.0,125263.0,-0.013462012633681297,-0.0015339808305725455,-0.1522315889596939
10.0,125267.0,-0.013462012633681297,-0.0015339808305725455,-0.15543629229068756
10.0,125270.0,-0.013462012633681297,-0.0015339808305725455,-0.15954771637916565
10.0,125273.0,-0.013462012633681297,-0.0015339808305725455,-0.16251413524150848
10.0,125277.0,-0.013462012633681297,-0.0015339808305725455,-0.16631878912448883
10.0,125280.0,-0.013462012633681297,-0.0015339808305725455,-0.16906313598155975
10.0,125284.0,-0.013462012633681297,-0.0015339808305725455,-0.17171692848205566
10.0,125287.0,-0.013462012633681297,-0.0015339808305725455,-0.17511922121047974
10.0,125291.0,-0.013462012633681297,-0.0015339808305725455,-0.17837151885032654
10.0,125294.0,-0.013462012633681297,-0.0015339808305725455,-0.1807158887386322
10.0,125307.0,-0.013462012633681297,-0.0015339808305725455,-0.18999579548835754
10.0,125310.0,-0.013462012633681297,-0.0015339808305725455,-0.19194695353507996
10.0,125314.0,-0.013462012633681297,-0.0015339808305725455,-0.1944447159767151
10.0,125318.0,-0.013462012633681297,-0.0015339808305725455,-0.19624271988868713
10.0,125322.0,-0.013462012633681297,-0.0015339808305725455,-0.19854336977005005
10.0,125325.0,-0.013462012633681297,-0.0015339808305725455,-0.20073746144771576
10.0,125329.0,-0.013462012633681297,-0.0015339808305725455,-0.20282918214797974
10.0,125332.0,-0.013462012633681297,-0.0015339808305725455,-0.20433323085308075
10.0,125336.0,-0.013462012633681297,-0.0015339808305725455,-0.20625539124011993
10.0,125340.0,-0.013462012633681297,-0.0015339808305725455,-0.20763668417930603
10.0,125344.0,-0.013462012633681297,-0.0015339808305725455,-0.20940087735652924
10.0,125347.0,-0.013462012633681297,-0.0015339808305725455,-0.2110796421766281
10.0,125350.0,-0.013462012633681297,-0.0015339808305725455,-0.212284654378891
10.0,125354.0,-0.013462012633681297,-0.0015339808305725455,-0.21382194757461548
10.0,125359.0,-0.013462012633681297,-0.0015339808305725455,-0.21563635766506195
10.0,125362.0,-0.013462012633681297,-0.0015339808305725455,-0.21700575947761536
10.0,125367.0,-0.013462012633681297,-0.0015339808305725455,-0.2183053195476532
10.0,125371.0,-0.013462012633681297,-0.0015339808305725455,-0.21923579275608063
10.0,125374.0,-0.013462012633681297,-0.0015339808305725455,-0.22041961550712585
10.0,125378.0,-0.013462012633681297,-0.0015339808305725455,-0.22126629948616028
10.0,125381.0,-0.013462012633681297,-0.0015339808305725455,-0.22234228253364563
10.0,125384.0,-0.013462012633681297,-0.0015339808305725455,-0.22311089932918549
10.0,125388.0,-0.013462012633681297,-0.0015339808305725455,-0.22408634424209595
10.0,125392.0,-0.013462012633681297,-0.0015339808305725455,-0.22478215396404266
10.0,125395.0,-0.013462012633681297,-0.0015339808305725455,-0.2256639301776886
10.0,125398.0,-0.013462012633681297,-0.0015339808305725455,-0.22629192471504211
10.0,125402.0,-0.013462012633681297,-0.0015339808305725455,-0.22689223289489746
10.0,125405.0,-0.013462012633681297,-0.0015339808305725455,-0.22765110433101654
10.0,125410.0,-0.013462012633681297,-0.0015339808305725455,-0.22836412489414215
10.0,125413.0,-0.013462012633681297,-0.0015339808305725455,-0.22903317213058472
10.0,125416.0,-0.013462012633681297,-0.0015339808305725455,-0.22950710356235504
10.0,125420.0,-0.013462012633681297,-0.0015339808305725455,-0.2301032543182373
10.0,125423.0,-0.013462012633681297,-0.0015339808305725455,-0.2305244505405426
10.0,125427.0,-0.013462012633681297,-0.0015339808305725455,-0.2309240996837616
10.0,125430.0,-0.013462012633681297,-0.0015339808305725455,-0.23142467439174652
10.0,125433.0,-0.013462012633681297,-0.0015339808305725455,-0.231776624917984
10.0,125437.0,-0.013462012633681297,-0.0015339808305725455,-0.2322157472372055
10.0,125440.0,-0.013462012633681297,-0.0015339808305725455,-0.23252321779727936
10.0,125444.0,-0.013462012633681297,-0.0015339808305725455,-0.2328125536441803
10.0,125448.0,-0.013462012633681297,-0.0015339808305725455,-0.23317107558250427
10.0,125451.0,-0.013462012633681297,-0.0015339808305725455,-0.23349958658218384
10.0,125454.0,-0.013462012633681297,-0.0015339808305725455,-0.23372694849967957
10.0,125458.0,-0.013462012633681297,-0.0015339808305725455,-0.23393858969211578
10.0,125461.0,-0.013462012633681297,-0.0015339808305725455,-0.23419703543186188
10.0,125464.0,-0.013462012633681297,-0.0015339808305725455,-0.23437371850013733
10.0,125468.0,-0.013462012633681297,-0.0015339808305725455,-0.23458722233772278
10.0,125471.0,-0.013462012633681297,-0.0015339808305725455,-0.23473133146762848
10.0,125475.0,-0.013462012633681297,-0.0015339808305725455,-0.23490288853645325
10.0,125478.0,-0.013462012633681297,-0.0015339808305725455,-0.23505176603794098
10.0,125483.0,-0.013462012633681297,-0.0015339808305725455,-0.2351789027452469
10.0,125497.0,-0.013462012633681297,-0.0015339808305725455,-0.2354644238948822
10.0,125501.0,-0.013462012633681297,-0.0015339808305725455,-0.23549552261829376
10.0,125504.0,-0.013462012633681297,-0.0015339808305725455,-0.23552164435386658
10.0,125508.0,-0.013462012633681297,-0.0015339808305725455,-0.2355308085680008
10.0,125512.0,-0.013462012633681297,-0.0015339808305725455,-0.23552696406841278
10.0,125515.0,-0.013462012633681297,-0.0015339808305725455,-0.23550811409950256
10.0,125519.0,-0.013462012633681297,-0.0015339808305725455,-0.23548394441604614
10.0,125522.0,-0.013462012633681297,-0.0015339808305725455,-0.23543895781040192
10.0,125527.0,-0.013462012633681297,-0.0015339808305725455,-0.23537978529930115
10.0,125530.0,-0.013462012633681297,-0.0015339808305725455,-0.23530703783035278
10.0,125534.0,-0.013462012633681297,-0.0015339808305725455,-0.2352212816476822
10.0,125538.0,-0.013462012633681297,-0.0015339808305725455,-0.23514871299266815
10.0,125541.0,-0.013462012633681297,-0.0015339808305725455,-0.2350413203239441
10.0,125546.0,-0.013462012633681297,-0.0015339808305725455,-0.23489071428775787
10.0,125550.0,-0.013462012633681297,-0.0015339808305725455,-0.23475772142410278
10.0,125554.0,-0.013462012633681297,-0.0015339808305725455,-0.23465093970298767
10.0,125557.0,-0.013462012633681297,-0.0015339808305725455,-0.23449955880641937
10.0,125561.0,-0.013462012633681297,-0.0015339808305725455,-0.23437945544719696
10.0,125564.0,-0.013462012633681297,-0.0015339808305725455,-0.23421092331409454
10.0,125568.0,-0.013462012633681297,-0.0015339808305725455,-0.23403312265872955
10.0,125571.0,-0.013462012633681297,-0.0015339808305725455,-0.23389390110969543
10.0,125574.0,-0.013462012633681297,-0.0015339808305725455,-0.23374982178211212
10.0,125578.0,-0.013462012633681297,-0.0015339808305725455,-0.23360101878643036
10.0,125581.0,-0.013462012633681297,-0.0015339808305725455,-0.23328986763954163
10.0,125587.0,-0.013462012633681297,-0.0015339808305725455,-0.23312775790691376
10.0,125591.0,-0.013462012633681297,-0.0015339808305725455,-0.23290511965751648
10.0,125594.0,-0.013462012633681297,-0.0015339808305725455,-0.23267540335655212
10.0,125598.0,-0.013462012633681297,-0.0015339808305725455,-0.23249855637550354
10.0,125601.0,-0.013462012633681297,-0.0015339808305725455,-0.2322569638490677
10.0,125604.0,-0.013462012633681297,-0.0015339808305725455,-0.23207159340381622
10.0,125608.0,-0.013462012633681297,-0.0015339808305725455,-0.23181898891925812
10.0,125611.0,-0.013462012633681297,-0.0015339808305725455,-0.23162561655044556
10.0,125615.0,-0.013462012633681297,-0.0015339808305725455,-0.23142901062965393
10.0,125618.0,-0.013462012633681297,-0.0015339808305725455,-0.231161966919899
10.0,125621.0,-0.013462012633681297,-0.0015339808305725455,-0.23095814883708954
10.0,125624.0,-0.013462012633681297,-0.0015339808305725455,-0.23075136542320251
10.0,125629.0,-0.013462012633681297,-0.0015339808305725455,-0.23047126829624176
10.0,125632.0,-0.013462012633681297,-0.0015339808305725455,-0.23018626868724823
10.0,125635.0,-0.013462012633681297,-0.0015339808305725455,-0.22996947169303894
10.0,125639.0,-0.013462012633681297,-0.0015339808305725455,-0.22967639565467834
10.0,125642.0,-0.013462012633681297,-0.0015339808305725455,-0.22945375740528107
10.0,125646.0,-0.013462012633681297,-0.0015339808305725455,-0.22915317118167877
10.0,125649.0,-0.013462012633681297,-0.0015339808305725455,-0.22892507910728455
10.0,125653.0,-0.013462012633681297,-0.0015339808305725455,-0.22869476675987244
10.0,125656.0,-0.013462012633681297,-0.0015339808305725455,-0.22838431596755981
10.0,125660.0,-0.013462012633681297,-0.0015339808305725455,-0.2280702143907547
10.0,125663.0,-0.013462012633681297,-0.0015339808305725455,-0.22783228754997253
10.0,125667.0,-0.013462012633681297,-0.0015339808305725455,-0.22751210629940033
10.0,125672.0,-0.013462012633681297,-0.0015339808305725455,-0.2271886169910431
10.0,125677.0,-0.013462012633681297,-0.0015339808305725455,-0.22677981853485107
10.0,125689.0,-0.013462012633681297,-0.0015339808305725455,-0.22577998042106628
10.0,125692.0,-0.013462012633681297,-0.0015339808305725455,-0.22544123232364655
10.0,125695.0,-0.013462012633681297,-0.0015339808305725455,-0.22518545389175415
10.0,125699.0,-0.013462012633681297,-0.0015339808305725455,-0.22484229505062103
10.0,125702.0,-0.013462012633681297,-0.0015339808305725455,-0.22458334267139435
10.0,125707.0,-0.013462012633681297,-0.0015339808305725455,-0.22423607110977173
10.0,125710.0,-0.013462012633681297,-0.0015339808305725455,-0.22388653457164764
10.0,125713.0,-0.013462012633681297,-0.0015339808305725455,-0.22362300753593445
10.0,125717.0,-0.013462012633681297,-0.0015339808305725455,-0.22335830330848694
10.0,125720.0,-0.013462012633681297,-0.0015339808305725455,-0.22300362586975098
10.0,125723.0,-0.013462012633681297,-0.0015339808305725455,-0.22273634374141693
10.0,125727.0,-0.013462012633681297,-0.0015339808305725455,-0.22237828373908997
10.0,125730.0,-0.013462012633681297,-0.0015339808305725455,-0.22210858762264252
10.0,125734.0,-0.013462012633681297,-0.0015339808305725455,-0.2217474728822708
10.0,125739.0,-0.013462012633681297,-0.0015339808305725455,-0.22129371762275696
10.0,125743.0,-0.013462012633681297,-0.0015339808305725455,-0.22102025151252747
10.0,125747.0,-0.013462012633681297,-0.0015339808305725455,-0.22065424919128418
10.0,125750.0,-0.013462012633681297,-0.0015339808305725455,-0.2202868014574051
10.0,125754.0,-0.013462012633681297,-0.0015339808305725455,-0.22001028060913086
10.0,125757.0,-0.013462012633681297,-0.0015339808305725455,-0.2196403592824936
10.0,125760.0,-0.013462012633681297,-0.0015339808305725455,-0.2193620502948761
10.0,125764.0,-0.013462012633681297,-0.0015339808305725455,-0.2190830111503601
10.0,125767.0,-0.013462012633681297,-0.0015339808305725455,-0.21870985627174377
10.0,125771.0,-0.013462012633681297,-0.0015339808305725455,-0.21842920780181885
10.0,125774.0,-0.013462012633681297,-0.0015339808305725455,-0.218053936958313
10.0,125778.0,-0.013462012633681297,-0.0015339808305725455,-0.21777178347110748
10.0,125781.0,-0.013462012633681297,-0.0015339808305725455,-0.21739462018013
10.0,125784.0,-0.013462012633681297,-0.0015339808305725455,-0.21711106598377228
10.0,125788.0,-0.013462012633681297,-0.0015339808305725455,-0.21673208475112915
10.0,125792.0,-0.013462012633681297,-0.0015339808305725455,-0.21644721925258636
10.0,125795.0,-0.013462012633681297,-0.0015339808305725455,-0.21606656908988953
10.0,125799.0,-0.013462012633681297,-0.0015339808305725455,-0.21568500995635986
10.0,125803.0,-0.013462012633681297,-0.0015339808305725455,-0.21539826691150665
10.0,125807.0,-0.013462012633681297,-0.0015339808305725455,-0.21501517295837402
10.0,125810.0,-0.013462012633681297,-0.0015339808305725455,-0.21472734212875366
10.0,125813.0,-0.013462012633681297,-0.0015339808305725455,-0.2143428772687912
10.0,125817.0,-0.013462012633681297,-0.0015339808305725455,-0.21405401825904846
10.0,125820.0,-0.013462012633681297,-0.0015339808305725455,-0.21366824209690094
10.0,125824.0,-0.013462012633681297,-0.0015339808305725455,-0.213378444314003
10.0,125827.0,-0.013462012633681297,-0.0015339808305725455,-0.21299144625663757
10.0,125831.0,-0.013462012633681297,-0.0015339808305725455,-0.21260379254817963
10.0,125834.0,-0.013462012633681297,-0.0015339808305725455,-0.21231263875961304
10.0,125838.0,-0.013462012633681297,-0.0015339808305725455,-0.2120211273431778
10.0,125841.0,-0.013462012633681297,-0.0015339808305725455,-0.21163193881511688
10.0,125845.0,-0.013462012633681297,-0.0015339808305725455,-0.21133966743946075
10.0,125848.0,-0.013462012633681297,-0.0015339808305725455,-0.21094948053359985
10.0,125852.0,-0.013462012633681297,-0.0015339808305725455,-0.21065649390220642
10.0,125857.0,-0.013462012633681297,-0.0015339808305725455,-0.2101675420999527
10.0,125862.0,-0.013462012633681297,-0.0015339808305725455,-0.2096777856349945
10.0,125865.0,-0.013462012633681297,-0.0015339808305725455,-0.20928548276424408
10.0,125878.0,-0.013462012633681297,-0.0015339808305725455,-0.2081059217453003
10.0,125881.0,-0.013462012633681297,-0.0015339808305725455,-0.20771192014217377
10.0,125884.0,-0.013462012633681297,-0.0015339808305725455,-0.20741616189479828
10.0,125888.0,-0.013462012633681297,-0.0015339808305725455,-0.20702150464057922
10.0,125891.0,-0.013462012633681297,-0.0015339808305725455,-0.20672526955604553
10.0,125895.0,-0.013462012633681297,-0.0015339808305725455,-0.20642884075641632
10.0,125898.0,-0.013462012633681297,-0.0015339808305725455,-0.20603330433368683
10.0,125902.0,-0.013462012633681297,-0.0015339808305725455,-0.205736443400383
10.0,125905.0,-0.013462012633681297,-0.0015339808305725455,-0.20534035563468933
10.0,125909.0,-0.013462012633681297,-0.0015339808305725455,-0.2049439698457718
10.0,125912.0,-0.013462012633681297,-0.0015339808305725455,-0.20464648306369781
10.0,125916.0,-0.013462012633681297,-0.0015339808305725455,-0.2043488472700119
10.0,125919.0,-0.013462012633681297,-0.0015339808305725455,-0.20395174622535706
10.0,125922.0,-0.013462012633681297,-0.0015339808305725455,-0.20365376770496368
10.0,125926.0,-0.013462012633681297,-0.0015339808305725455,-0.20325621962547302
10.0,125930.0,-0.013462012633681297,-0.0015339808305725455,-0.2029578983783722
10.0,125933.0,-0.013462012633681297,-0.0015339808305725455,-0.2025599479675293
10.0,125937.0,-0.013462012633681297,-0.0015339808305725455,-0.2022613137960434
10.0,125940.0,-0.013462012633681297,-0.0015339808305725455,-0.20186296105384827
10.0,125943.0,-0.013462012633681297,-0.003067961661145091,0.0638299360871315
10.0,125947.0,-0.013462012633681297,-0.003067961661145091,0.05830444395542145
10.0,125950.0,-0.013466118834912777,-0.003067961661145091,0.0556570440530777
10.0,125954.0,-0.013466118834912777,-0.003067961661145091,0.050486572086811066
10.0,125958.0,-0.013466118834912777,-0.003067961661145091,0.046753354370594025
10.0,125961.0,-0.013470225967466831,-0.003067961661145091,0.043292414397001266
10.0,125964.0,-0.013470225967466831,-0.003067961661145091,0.039797548204660416
10.0,125968.0,-0.013470225967466831,-0.003067961661145091,0.03531256318092346
10.0,125972.0,-0.013470225967466831,-0.003067961661145091,0.0320756621658802
10.0,125976.0,-0.013470225967466831,-0.003067961661145091,0.026912977918982506
10.0,125979.0,-0.013474333100020885,-0.003067961661145091,0.02529272995889187
10.0,125983.0,-0.013474333100020885,-0.003067961661145091,0.021444162353873253
10.0,125988.0,-0.013474333100020885,-0.003067961661145091,0.016868315637111664
10.0,125992.0,-0.013474333100020885,-0.003067961661145091,0.014243119396269321
10.0,125997.0,-0.013474333100020885,-0.003067961661145091,0.01005982793867588
10.0,126000.0,-0.013474333100020885,-0.003067961661145091,0.006879192776978016
10.0,126003.0,-0.013474333100020885,-0.003067961661145091,0.004586746916174889
10.0,126007.0,-0.013474333100020885,-0.003067961661145091,0.0016496328171342611
10.0,126011.0,-0.013474333100020885,-0.003067961661145091,-0.0011558027472347021
10.0,126014.0,-0.013474333100020885,-0.003067961661145091,-0.0031765971798449755
10.0,126018.0,-0.013474333100020885,-0.003067961661145091,-0.005128348246216774
10.0,126022.0,-0.013474333100020885,-0.003067961661145091,-0.007626899518072605
10.0,126025.0,-0.013474333100020885,-0.003067961661145091,-0.010011047124862671
10.0,126029.0,-0.013474333100020885,-0.003067961661145091,-0.012285296805202961
10.0,126032.0,-0.013474333100020885,-0.003067961661145091,-0.013921502977609634
10.0,126036.0,-0.013474333100020885,-0.003067961661145091,-0.015500109642744064
10.0,126039.0,-0.013474333100020885,-0.003067961661145091,-0.01751825399696827
10.0,126042.0,-0.013474333100020885,-0.003067961661145091,-0.018969031050801277
10.0,126047.0,-0.013474333100020885,-0.003067961661145091,-0.021271955221891403
10.0,126051.0,-0.013478439301252365,-0.003067961661145091,-0.02168435975909233
10.0,126054.0,-0.013478439301252365,-0.003067961661145091,-0.02297169156372547
10.0,126067.0,-0.013478439301252365,-0.004601942375302315,0.2343800961971283
10.0,126071.0,-0.013478439301252365,-0.004601942375302315,0.2271813601255417
10.0,126075.0,-0.01348254643380642,-0.004601942375302315,0.22295622527599335
10.0,126078.0,-0.013490759767591953,-0.004601942375302315,0.21924255788326263
10.0,126082.0,-0.013494866900146008,-0.004601942375302315,0.21537302434444427
10.0,126086.0,-0.013503080233931541,-0.004601942375302315,0.21192914247512817
10.0,126089.0,-0.013503080233931541,-0.004601942375302315,0.20707179605960846
10.0,126092.0,-0.013507186435163021,-0.004601942375302315,0.2025476098060608
10.0,126097.0,-0.013511293567717075,-0.004601942375302315,0.19809310138225555
10.0,126100.0,-0.013511293567717075,-0.004601942375302315,0.19247980415821075
10.0,126104.0,-0.013511293567717075,-0.004601942375302315,0.18710365891456604
10.0,126108.0,-0.013511293567717075,-0.004601942375302315,0.18322156369686127
10.0,126111.0,-0.01351540070027113,-0.004601942375302315,0.17958122491836548
10.0,126114.0,-0.01351540070027113,-0.004601942375302315,0.17594727873802185
10.0,126118.0,-0.01351540070027113,-0.004601942375302315,0.17128334939479828
10.0,126122.0,-0.01351540070027113,-0.004601942375302315,0.16681915521621704
10.0,126126.0,-0.01351540070027113,-0.004601942375302315,0.16359737515449524
10.0,126129.0,-0.01351540070027113,-0.004601942375302315,0.159464031457901
10.0,126132.0,-0.01351540070027113,-0.004601942375302315,0.1564817726612091
10.0,126136.0,-0.01351540070027113,-0.004601942375302315,0.15359711647033691
10.0,126139.0,-0.01351540070027113,-0.004601942375302315,0.1498977243900299
10.0,126143.0,-0.01351540070027113,-0.006135923322290182,0.4156763553619385
10.0,126147.0,-0.01351540070027113,-0.006135923322290182,0.40621131658554077
10.0,126150.0,-0.01351950690150261,-0.006135923322290182,0.39847806096076965
10.0,126154.0,-0.013527721166610718,-0.006135923322290182,0.39374470710754395
10.0,126158.0,-0.013540040701627731,-0.006135923322290182,0.3900096118450165
10.0,126161.0,-0.01354825496673584,-0.006135923322290182,0.38566288352012634
10.0,126165.0,-0.013564681634306908,-0.006135923322290182,0.38353854417800903
10.0,126169.0,-0.013577002100646496,-0.006135923322290182,0.3788635730743408
10.0,126174.0,-0.013593428768217564,-0.006135923322290182,0.37445497512817383
10.0,126178.0,-0.013605749234557152,-0.006135923322290182,0.3714132606983185
10.0,126181.0,-0.013609856367111206,-0.006135923322290182,0.36527299880981445
10.0,126184.0,-0.01361806970089674,-0.006135923322290182,0.3625243306159973
10.0,126188.0,-0.01361806970089674,-0.006135923322290182,0.356801837682724
10.0,126191.0,-0.013622176833450794,-0.006135923322290182,0.35165131092071533
10.0,126194.0,-0.013622176833450794,-0.006135923322290182,0.34666281938552856
10.0,126198.0,-0.013626283034682274,-0.006135923322290182,0.3415859043598175
10.0,126202.0,-0.013626283034682274,-0.006135923322290182,0.33539947867393494
10.0,126206.0,-0.013626283034682274,-0.0076699042692780495,0.5978434085845947
10.0,126210.0,-0.013626283034682274,-0.0076699042692780495,0.5861210227012634
10.0,126213.0,-0.013634497299790382,-0.0076699042692780495,0.5788936018943787
10.0,126217.0,-0.01365092396736145,-0.0076699042692780495,0.574683666229248
10.0,126221.0,-0.013671457767486572,-0.0076699042692780495,0.5706387162208557
10.0,126224.0,-0.013691991567611694,-0.0076699042692780495,0.5694681406021118
10.0,126228.0,-0.013724845834076405,-0.0076699042692780495,0.569725513458252
10.0,126231.0,-0.013757700100541115,-0.0076699042692780495,0.5699489712715149
10.0,126236.0,-0.013798767700791359,-0.0076699042692780495,0.5730264186859131
10.0,126240.0,-0.013848049566149712,-0.0076699042692780495,0.575983464717865
10.0,126244.0,-0.013880903832614422,-0.0076699042692780495,0.580233097076416
10.0,126248.0,-0.0139301847666502,-0.0076699042692780495,0.585729718208313
10.0,126260.0,-0.014082135632634163,-0.0076699042692780495,0.6014686226844788
10.0,126263.0,-0.014119096100330353,-0.0076699042692780495,0.6064192056655884
10.0,126267.0,-0.014172484166920185,-0.0076699042692780495,0.6113970279693604
10.0,126270.0,-0.014205338433384895,-0.0076699042692780495,0.6147645711898804
10.0,126273.0,-0.01424229983240366,-0.0076699042692780495,0.6182526350021362
10.0,126277.0,-0.014287474565207958,-0.0076699042692780495,0.620337188243866
10.0,126281.0,-0.014336755499243736,-0.0076699042692780495,0.6248645186424255
10.0,126284.0,-0.0143737168982625,-0.0076699042692780495,0.6292903423309326
10.0,126288.0,-0.014422997832298279,-0.0076699042692780495,0.6325450539588928
10.0,126291.0,-0.014459959231317043,-0.0076699042692780495,0.6368025541305542
10.0,126294.0,-0.014505133032798767,-0.0076699042692780495,0.6385800838470459
10.0,126299.0,-0.014550307765603065,-0.0076699042692780495,0.641373872756958
10.0,126302.0,-0.014583162032067776,-0.0076699042692780495,0.6441417932510376
10.0,126306.0,-0.01462422963231802,-0.0076699042692780495,0.6445189714431763
10.0,126309.0,-0.01465297769755125,-0.0076699042692780495,0.6445967555046082
10.0,126312.0,-0.01468993816524744,-0.0076699042692780495,0.6450310945510864
10.0,126316.0,-0.014714579097926617,-0.0076699042692780495,0.642524778842926
10.0,126320.0,-0.014743326231837273,-0.0076699042692780495,0.6417651772499084
10.0,126323.0,-0.014759753830730915,-0.0076699042692780495,0.6381760835647583
10.0,126327.0,-0.014784393832087517,-0.0076699042692780495,0.6349276304244995
10.0,126330.0,-0.014796714298427105,-0.00920388475060463,0.8943963050842285
10.0,126334.0,-0.014817248098552227,-0.00920388475060463,0.8841361999511719
10.0,126338.0,-0.014845996163785458,-0.00920388475060463,0.8797709345817566
10.0,126341.0,-0.014874743297696114,-0.00920388475060463,0.8755444884300232
10.0,126345.0,-0.014919918030500412,-0.00920388475060463,0.8755428791046143
10.0,126349.0,-0.014981519430875778,-0.00920388475060463,0.8796252012252808
10.0,126352.0,-0.015030800364911556,-0.00920388475060463,0.88496994972229
10.0,126357.0,-0.015117042697966099,-0.00920388475060463,0.8915442228317261
10.0,126360.0,-0.015219712629914284,-0.00920388475060463,0.9045262932777405
10.0,126366.0,-0.01531416829675436,-0.00920388475060463,0.9186131954193115
10.0,126370.0,-0.015425051562488079,-0.00920388475060463,0.937625527381897
10.0,126373.0,-0.015519507229328156,-0.00920388475060463,0.961388885974884
10.0,126377.0,-0.015659136697649956,-0.00920388475060463,0.9823877215385437
10.0,126380.0,-0.01577412709593773,-0.0076699042692780495,0.7488221526145935
10.0,126383.0,-0.015921970829367638,-0.0076699042692780495,0.7743217349052429
10.0,126387.0,-0.016028746962547302,-0.0076699042692780495,0.8046344518661499
10.0,126390.0,-0.01615605689585209,-0.0076699042692780495,0.8233574628829956
10.0,126394.0,-0.01625051349401474,-0.0076699042692780495,0.8480498790740967
10.0,126398.0,-0.016377823427319527,-0.0076699042692780495,0.8657118082046509
10.0,126402.0,-0.01652156002819538,-0.0076699042692780495,0.8943975567817688
10.0,126405.0,-0.01666940376162529,-0.0076699042692780495,0.9234775304794312
10.0,126409.0,-0.016788501292467117,-0.006135923322290182,0.6888783574104309
10.0,126412.0,-0.016907596960663795,-0.006135923322290182,0.7178019285202026
10.0,126416.0,-0.017063654959201813,-0.006135923322290182,0.7432924509048462
10.0,126419.0,-0.017178645357489586,-0.006135923322290182,0.7758386731147766
10.0,126422.0,-0.01729363389313221,-0.006135923322290182,0.7985327243804932
10.0,126426.0,-0.017437372356653214,-0.006135923322290182,0.827925443649292
10.0,126430.0,-0.017585216090083122,-0.006135923322290182,0.8493480682373047
10.0,126433.0,-0.01769609935581684,-0.006135923322290182,0.6086534857749939
10.0,126437.0,-0.01784394308924675,-0.004601942375302315,0.6334356069564819
10.0,126449.0,-0.018283367156982422,-0.004601942375302315,0.724976122379303
10.0,126452.0,-0.018381930887699127,-0.004601942375302315,0.748670756816864
10.0,126456.0,-0.018509240821003914,-0.004601942375302315,0.7646216750144958
10.0,126459.0,-0.01859958842396736,-0.004601942375302315,0.7844283580780029
10.0,126462.0,-0.018722793087363243,-0.004601942375302315,0.7982140183448792
10.0,126466.0,-0.018809035420417786,-0.004601942375302315,0.8143079876899719
10.0,126470.0,-0.018928131088614464,-0.004601942375302315,0.8274229168891907
10.0,126473.0,-0.019014373421669006,-0.004601942375302315,0.8440097570419312
10.0,126477.0,-0.01913757622241974,-0.004601942375302315,0.8564504981040955
10.0,126480.0,-0.019236139953136444,-0.004601942375302315,0.8761790990829468
10.0,126485.0,-0.019404517486691475,-0.004601942375302315,0.8966677188873291
10.0,126489.0,-0.01954004168510437,-0.003067961661145091,0.6526187658309937
10.0,126492.0,-0.019675564020872116,-0.003067961661145091,0.6719053983688354
10.0,126497.0,-0.019806981086730957,-0.003067961661145091,0.6951161026954651
10.0,126500.0,-0.019926078617572784,-0.003067961661145091,0.7135663628578186
10.0,126504.0,-0.020016426220536232,-0.003067961661145091,0.7328121662139893
10.0,126508.0,-0.02013552375137806,-0.003067961661145091,0.7448464632034302
10.0,126511.0,-0.020254619419574738,-0.003067961661145091,0.761823832988739
10.0,126515.0,-0.02034907601773739,-0.003067961661145091,0.7796199321746826
10.0,126519.0,-0.020468171685934067,-0.003067961661145091,0.7919561862945557
10.0,126522.0,-0.02055441401898861,-0.003067961661145091,0.8062039017677307
10.0,126526.0,-0.020661190152168274,-0.003067961661145091,0.8139413595199585
10.0,126529.0,-0.02073100581765175,-0.003067961661145091,0.8195654153823853
10.0,126532.0,-0.02081724815070629,-0.003067961661145091,0.8230512142181396
10.0,126536.0,-0.020907597616314888,-0.004601942375302315,1.0969949960708618
10.0,126540.0,-0.020969199016690254,-0.004601942375302315,1.093703269958496
10.0,126543.0,-0.021063655614852905,-0.004601942375302315,1.0954310894012451
10.0,126548.0,-0.02117864415049553,-0.004601942375302315,1.1050316095352173
10.0,126552.0,-0.02134702168405056,-0.004601942375302315,1.1206024885177612
10.0,126556.0,-0.021462012082338333,-0.004601942375302315,1.1410903930664062
10.0,126559.0,-0.021585214883089066,-0.003067961661145091,0.892513632774353
10.0,126563.0,-0.02176591381430626,-0.003067961661145091,0.9272207021713257
10.0,126567.0,-0.021958932280540466,-0.003067961661145091,0.9541580080986023
10.0,126570.0,-0.022106776013970375,-0.003067961661145091,0.9908593893051147
10.0,126573.0,-0.02230800874531269,-0.003067961661145091,1.0189505815505981
10.0,126577.0,-0.022517453879117966,-0.0015339808305725455,0.7891135215759277
10.0,126581.0,-0.022681724280118942,-0.0015339808305725455,0.8365682363510132
10.0,126587.0,-0.023022586479783058,-0.0015339808305725455,0.8956608772277832
10.0,126590.0,-0.02324846014380455,-0.0015339808305725455,0.9409329891204834
10.0,126594.0,-0.02342505194246769,0.0,0.720458984375
10.0,126598.0,-0.02365913800895214,0.0,0.7591515183448792
10.0,126602.0,-0.023893224075436592,0.0,0.808777928352356
10.0,126605.0,-0.024127310141921043,0.0,0.8567368388175964
10.0,126609.0,-0.024303901940584183,0.0015339808305725455,0.6377240419387817
10.0,126612.0,-0.024476386606693268,0.0015339808305725455,0.6763394474983215
10.0,126616.0,-0.024706365540623665,0.0015339808305725455,0.7112749218940735
10.0,126620.0,-0.02491581067442894,0.0015339808305725455,0.7516188621520996
10.0,126623.0,-0.025059549137949944,0.0015339808305725455,0.7839654684066772
10.0,126627.0,-0.025236139073967934,0.003067961661145091,0.5357495546340942
10.0,126630.0,-0.025359343737363815,0.003067961661145091,0.5644881725311279
10.0,126643.0,-0.025778234004974365,0.003067961661145091,0.6089337468147278
10.0,126647.0,-0.02587679587304592,0.003067961661145091,0.8825823664665222
10.0,126650.0,-0.02595893293619156,0.0015339808305725455,0.877926230430603
10.0,126654.0,-0.026020534336566925,0.0015339808305725455,0.8720459342002869
10.0,126658.0,-0.026102669537067413,0.0015339808305725455,0.8678738474845886
10.0,126661.0,-0.026188911870121956,0.0015339808305725455,0.8639607429504395
10.0,126665.0,-0.026279261335730553,0.0015339808305725455,0.8616925477981567
10.0,126669.0,-0.026344969868659973,0.0015339808305725455,0.8596416115760803
10.0,126673.0,-0.02643531747162342,0.0015339808305725455,0.8578127026557922
10.0,126678.0,-0.026562629267573357,0.0015339808305725455,0.8604795336723328
10.0,126682.0,-0.026673510670661926,0.0015339808305725455,0.8653488159179688
10.0,126685.0,-0.02675975300371647,0.0015339808305725455,0.8717671036720276
10.0,126689.0,-0.026878850534558296,0.0015339808305725455,0.8807770013809204
10.0,126692.0,-0.026997946202754974,0.0015339808305725455,0.8854053020477295
10.0,126697.0,-0.027117043733596802,0.0015339808305725455,0.8928323984146118
10.0,126700.0,-0.02720739133656025,0.0015339808305725455,0.9014980792999268
10.0,126703.0,-0.027297740802168846,0.0015339808305725455,0.907232940196991
10.0,126707.0,-0.027425050735473633,0.0015339808305725455,0.918356716632843
10.0,126710.0,-0.027568789198994637,0.0015339808305725455,0.9292076230049133
10.0,126714.0,-0.02768377773463726,0.0015339808305725455,0.9425258040428162
10.0,126718.0,-0.02785215526819229,0.0015339808305725455,0.9647824168205261
10.0,126721.0,-0.027983572334051132,0.0015339808305725455,0.989072859287262
10.0,126725.0,-0.02816837839782238,0.0015339808305725455,1.0091477632522583
10.0,126729.0,-0.028361396864056587,0.0015339808305725455,1.037454605102539
10.0,126733.0,-0.028562627732753754,0.0015339808305725455,1.0760068893432617
10.0,126739.0,-0.028891170397400856,0.003067961661145091,0.8528356552124023
10.0,126742.0,-0.02906365506350994,0.003067961661145091,0.8971563577651978
10.0,126746.0,-0.029301848262548447,0.003067961661145091,0.9297908544540405
10.0,126749.0,-0.02948254533112049,0.003067961661145091,0.9756540060043335
10.0,126752.0,-0.02973305992782116,0.004601942375302315,0.7436691522598267
10.0,126756.0,-0.029921971261501312,0.004601942375302315,0.7928677201271057
10.0,126759.0,-0.03009856306016445,0.004601942375302315,0.8260305523872375
10.0,126762.0,-0.030324434861540794,0.004601942375302315,0.855715811252594
10.0,126766.0,-0.030492812395095825,0.006135923322290182,0.6292572021484375
10.0,126770.0,-0.03071047179400921,0.006135923322290182,0.6590911746025085
10.0,126773.0,-0.03086242265999317,0.006135923322290182,0.6923707723617554
10.0,126777.0,-0.031043121591210365,0.006135923322290182,0.717947781085968
10.0,126781.0,-0.031203284859657288,0.006135923322290182,0.7322807312011719
10.0,126784.0,-0.03131827339529991,0.006135923322290182,0.748698353767395
10.0,126788.0,-0.031470224261283875,0.006135923322290182,0.7660329937934875
10.0,126792.0,-0.03161806985735893,0.006135923322290182,0.775388777256012
10.0,126795.0,-0.03172073885798454,0.006135923322290182,0.7853767275810242
10.0,126799.0,-0.031852155923843384,0.006135923322290182,0.7917299270629883
10.0,126803.0,-0.03197125345468521,0.006135923322290182,0.7960639595985413
10.0,126807.0,-0.032086241990327835,0.006135923322290182,0.7990776896476746
10.0,126810.0,-0.03217248618602753,0.006135923322290182,0.801377534866333
10.0,126813.0,-0.032254621386528015,0.006135923322290182,0.8031485080718994
10.0,126817.0,-0.032365504652261734,0.006135923322290182,0.8042153120040894
10.0,126820.0,-0.03244763985276222,0.006135923322290182,0.8048326969146729
10.0,126823.0,-0.03255030885338783,0.006135923322290182,0.8047165274620056
10.0,126836.0,-0.03283778205513954,0.006135923322290182,0.797116219997406
10.0,126839.0,-0.03292813152074814,0.006135923322290182,0.7936843633651733
10.0,126843.0,-0.03299794718623161,0.006135923322290182,0.7917799949645996
10.0,126847.0,-0.03308829665184021,0.006135923322290182,0.7885826230049133
10.0,126850.0,-0.033158112317323685,0.006135923322290182,0.7869901061058044
10.0,126853.0,-0.03322792425751686,0.006135923322290182,0.7855982780456543
10.0,126859.0,-0.033371664583683014,0.006135923322290182,0.784434974193573
10.0,126863.0,-0.03347022458910942,0.006135923322290182,0.7849119901657104
10.0,126867.0,-0.03357289358973503,0.006135923322290182,0.7866485118865967
10.0,126870.0,-0.03364681825041771,0.006135923322290182,0.7872481346130371
10.0,126873.0,-0.033745378255844116,0.006135923322290182,0.7877864241600037
10.0,126877.0,-0.033819302916526794,0.006135923322290182,0.788619875907898
10.0,126880.0,-0.0339178629219532,0.006135923322290182,0.7893276214599609
10.0,126884.0,-0.03399178758263588,0.006135923322290182,0.7903793454170227
10.0,126888.0,-0.03409445658326149,0.006135923322290182,0.7925769090652466
10.0,126891.0,-0.034172482788562775,0.006135923322290182,0.7964581847190857
10.0,126894.0,-0.03425051271915436,0.006135923322290182,0.7987216711044312
10.0,126898.0,-0.03435729071497917,0.006135923322290182,0.8010119795799255
10.0,126901.0,-0.03443531692028046,0.006135923322290182,0.8036500811576843
10.0,126905.0,-0.03453798592090607,0.006135923322290182,0.8060114979743958
10.0,126909.0,-0.034640658646821976,0.006135923322290182,0.8087440133094788
10.0,126912.0,-0.03471868485212326,0.006135923322290182,0.8115329742431641
10.0,126916.0,-0.03482135385274887,0.006135923322290182,0.8139917254447937
10.0,126919.0,-0.03490348905324936,0.006135923322290182,0.8195509910583496
10.0,126922.0,-0.03501848131418228,0.006135923322290182,0.8246859312057495
10.0,126926.0,-0.03511293604969978,0.006135923322290182,0.8354699015617371
10.0,126930.0,-0.03524845838546753,0.006135923322290182,0.8457653522491455
10.0,126933.0,-0.03535113111138344,0.006135923322290182,0.8558733463287354
10.0,126937.0,-0.03549486771225929,0.0076699042692780495,0.6058899760246277
10.0,126940.0,-0.03560164198279381,0.0076699042692780495,0.6268213987350464
10.0,126944.0,-0.03573305904865265,0.0076699042692780495,0.6377467513084412
10.0,126948.0,-0.035852156579494476,0.0076699042692780495,0.6497520208358765
10.0,126951.0,-0.035934291779994965,0.0076699042692780495,0.6588089466094971
10.0,126954.0,-0.036036960780620575,0.0076699042692780495,0.662465512752533
10.0,126958.0,-0.036110881716012955,0.0076699042692780495,0.6661050915718079
10.0,126961.0,-0.036197125911712646,0.0076699042692780495,0.6669043302536011
10.0,126965.0,-0.03625872731208801,0.0076699042692780495,0.6651451587677002
10.0,126969.0,-0.03632854297757149,0.0076699042692780495,0.6622839570045471
10.0,126972.0,-0.03636961057782173,0.0076699042692780495,0.6529189944267273
10.0,126976.0,-0.03641478344798088,0.0076699042692780495,0.6438602209091187
10.0,126979.0,-0.036447636783123016,0.0076699042692780495,0.6287344694137573
10.0,126983.0,-0.03645996004343033,0.0076699042692780495,0.6138091683387756
10.0,126988.0,-0.03646817430853844,0.006135923322290182,0.8528854250907898
10.0,126992.0,-0.03646817430853844,0.006135923322290182,0.8164117932319641
10.0,126996.0,-0.03647638484835625,0.006135923322290182,0.7912337183952332
10.0,126999.0,-0.03648049384355545,0.006135923322290182,0.772365152835846
10.0,127003.0,-0.036484599113464355,0.006135923322290182,0.7540838122367859
10.0,127007.0,-0.03648870810866356,0.006135923322290182,0.7301480770111084
10.0,127010.0,-0.036492813378572464,0.004601942375302315,0.9726083874702454
10.0,127013.0,-0.036492813378572464,0.004601942375302315,0.9505671858787537
10.0,127027.0,-0.03654620051383972,0.004601942375302315,0.8794907927513123
10.0,127030.0,-0.036566734313964844,0.004601942375302315,0.8635136485099792
10.0,127034.0,-0.03659958764910698,0.004601942375302315,0.8495866060256958
10.0,127038.0,-0.03662833571434021,0.004601942375302315,0.8382022976875305
10.0,127041.0,-0.036652978509664536,0.004601942375302315,0.8254022598266602
10.0,127044.0,-0.036689937114715576,0.004601942375302315,0.817539393901825
10.0,127049.0,-0.036735113710165024,0.003067961661145091,1.0680922269821167
10.0,127054.0,-0.03678028658032417,0.003067961661145091,1.0550659894943237
10.0,127058.0,-0.03685421124100685,0.003067961661145091,1.0520174503326416
10.0,127062.0,-0.03694455698132515,0.003067961661145091,1.0545680522918701
10.0,127065.0,-0.03705954924225807,0.004601942375302315,0.8013163208961487
10.0,127069.0,-0.03714989870786667,0.004601942375302315,0.8188887238502502
10.0,127072.0,-0.03723613917827606,0.004601942375302315,0.8307256102561951
10.0,127076.0,-0.037351127713918686,0.004601942375302315,0.8461225628852844
10.0,127079.0,-0.03743326663970947,0.004601942375302315,0.8546940684318542
10.0,127082.0,-0.03751129284501076,0.004601942375302315,0.8631072640419006
10.0,127086.0,-0.03761396184563637,0.004601942375302315,0.8736506104469299
10.0,127089.0,-0.03768377751111984,0.004601942375302315,0.8790626525878906
10.0,127092.0,-0.03778234124183655,0.006135923322290182,0.6188203692436218
10.0,127096.0,-0.03785626217722893,0.006135923322290182,0.6348906755447388
10.0,127100.0,-0.03795071691274643,0.006135923322290182,0.642930269241333
10.0,127103.0,-0.038012322038412094,0.006135923322290182,0.6516311764717102
10.0,127107.0,-0.038086242973804474,0.006135923322290182,0.6553390622138977
10.0,127110.0,-0.03812731057405472,0.006135923322290182,0.6544157266616821
10.0,127113.0,-0.03817248344421387,0.006135923322290182,0.6514705419540405
10.0,127117.0,-0.0382012315094471,0.006135923322290182,0.6455361843109131
10.0,127120.0,-0.03822587430477142,0.006135923322290182,0.6376190781593323
10.0,127124.0,-0.03824229910969734,0.006135923322290182,0.6270260214805603
10.0,127128.0,-0.038254618644714355,0.006135923322290182,0.6170646548271179
10.0,127131.0,-0.03825872763991356,0.004601942375302315,0.8689731955528259
10.0,127135.0,-0.03825872763991356,0.004601942375302315,0.8472948670387268
10.0,127139.0,-0.03826694190502167,0.004601942375302315,0.8343145847320557
10.0,127142.0,-0.03827926144003868,0.004601942375302315,0.8194379806518555
10.0,127146.0,-0.0382956862449646,0.004601942375302315,0.805213987827301
10.0,127149.0,-0.03831211477518082,0.004601942375302315,0.7962998151779175
10.0,127152.0,-0.03833264857530594,0.004601942375302315,0.7876800298690796
10.0,127156.0,-0.03835318237543106,0.004601942375302315,0.7775423526763916
10.0,127160.0,-0.03837371617555618,0.004601942375302315,0.7695757746696472
10.0,127163.0,-0.038394249975681305,0.004601942375302315,0.7602806687355042
10.0,127167.0,-0.03841478377580643,0.004601942375302315,0.7529363036155701
10.0,127170.0,-0.038431212306022644,0.004601942375302315,0.7444382905960083
10.0,127174.0,-0.038459960371255875,0.004601942375302315,0.7350308895111084
10.0,127179.0,-0.038480494171381,0.004601942375302315,0.7235459089279175
10.0,127182.0,-0.03849281370639801,0.004601942375302315,0.7175219655036926
10.0,127186.0,-0.03851334750652313,0.004601942375302315,0.7103615999221802
10.0,127189.0,-0.03852977231144905,0.004601942375302315,0.7025207877159119
10.0,127192.0,-0.03854620084166527,0.004601942375302315,0.6972275972366333
10.0,127196.0,-0.03856673464179039,0.004601942375302315,0.6921311616897583
10.0,127199.0,-0.03858316317200661,0.004601942375302315,0.6851992011070251
10.0,127202.0,-0.03860369697213173,0.004601942375302315,0.6805673241615295
10.0,127215.0,-0.03867761790752411,0.003067961661145091,0.9269008040428162
10.0,127219.0,-0.03871458023786545,0.003067961661145091,0.9223392605781555
10.0,127222.0,-0.03875564783811569,0.004601942375302315,0.6583869457244873
10.0,127226.0,-0.03882546350359917,0.004601942375302315,0.6693975925445557
10.0,127229.0,-0.03889117017388344,0.004601942375302315,0.6764441132545471
10.0,127234.0,-0.038952771574258804,0.004601942375302315,0.6865401268005371
10.0,127239.0,-0.039026692509651184,0.004601942375302315,0.692788302898407
10.0,127242.0,-0.03906776010990143,0.004601942375302315,0.6975647211074829
10.0,127246.0,-0.039121150970458984,0.004601942375302315,0.7014448642730713
10.0,127250.0,-0.039166323840618134,0.004601942375302315,0.7042602300643921
10.0,127254.0,-0.03921150043606758,0.004601942375302315,0.7054284811019897
10.0,127258.0,-0.03924435377120972,0.004601942375302315,0.7034366130828857
10.0,127261.0,-0.03926488757133484,0.004601942375302315,0.70026695728302
10.0,127265.0,-0.03929363563656807,0.004601942375302315,0.6959595680236816
10.0,127269.0,-0.03931006044149399,0.004601942375302315,0.6908859014511108
10.0,127272.0,-0.0393223837018013,0.004601942375302315,0.6844136118888855
10.0,127276.0,-0.039334703236818314,0.004601942375302315,0.6755884885787964
10.0,127280.0,-0.03933880850672722,0.004601942375302315,0.6685760021209717
10.0,127283.0,-0.03933880850672722,0.004601942375302315,0.6577972173690796
10.0,127287.0,-0.03933880850672722,0.004601942375302315,0.6500234603881836
10.0,127290.0,-0.03933880850672722,0.004601942375302315,0.6400570869445801
10.0,127293.0,-0.03933880850672722,0.004601942375302315,0.6328715682029724
10.0,127297.0,-0.03933880850672722,0.004601942375302315,0.6236624717712402
10.0,127301.0,-0.03933880850672722,0.004601942375302315,0.6148627996444702
10.0,127304.0,-0.03933880850672722,0.004601942375302315,0.6085219979286194
10.0,127308.0,-0.03933880850672722,0.004601942375302315,0.6004002690315247
10.0,127311.0,-0.03933880850672722,0.004601942375302315,0.5945503115653992
10.0,127315.0,-0.03933880850672722,0.004601942375302315,0.5889003872871399
10.0,127318.0,-0.03933880850672722,0.004601942375302315,0.5816680788993835
10.0,127321.0,-0.03933880850672722,0.004601942375302315,0.5764620900154114
10.0,127325.0,-0.03933880850672722,0.003067961661145091,0.836713969707489
10.0,127329.0,-0.03933880850672722,0.003067961661145091,0.82573401927948
10.0,127332.0,-0.03934291750192642,0.003067961661145091,0.8167962431907654
10.0,127336.0,-0.03934702277183533,0.003067961661145091,0.8080045580863953
10.0,127339.0,-0.039355237036943436,0.003067961661145091,0.8010059595108032
10.0,127343.0,-0.03935934230685234,0.003067961661145091,0.7942439913749695
10.0,127347.0,-0.03936755657196045,0.003067961661145091,0.7864784002304077
10.0,127350.0,-0.039371661841869354,0.003067961661145091,0.7777313590049744
10.0,127353.0,-0.03937577083706856,0.003067961661145091,0.7731159329414368
10.0,127358.0,-0.039383985102176666,0.003067961661145091,0.764050304889679
10.0,127363.0,-0.039392195641994476,0.003067961661145091,0.7563637495040894
10.0,127367.0,-0.039400409907102585,0.003067961661145091,0.750363290309906
10.0,127370.0,-0.03940451890230179,0.003067961661145091,0.743313193321228
10.0,127373.0,-0.03940862417221069,0.003067961661145091,0.7385695576667786
10.0,127378.0,-0.0394168384373188,0.003067961661145091,0.7334060072898865
10.0,127381.0,-0.03942094370722771,0.003067961661145091,0.7271708846092224
10.0,127384.0,-0.03942505270242691,0.003067961661145091,0.7230194211006165
10.0,127388.0,-0.039429157972335815,0.003067961661145091,0.7186277508735657
10.0,127392.0,-0.039437372237443924,0.003067961661145091,0.7148273587226868
10.0,127395.0,-0.039437372237443924,0.003067961661145091,0.7095367312431335
10.0,127408.0,-0.03944969177246094,0.003067961661145091,0.6939024925231934
10.0,127412.0,-0.03944969177246094,0.003067961661145091,0.6882831454277039
10.0,127415.0,-0.03944969177246094,0.003067961661145091,0.6829318404197693
10.0,127419.0,-0.03945379704236984,0.003067961661145091,0.6791804432868958
10.0,127422.0,-0.03945379704236984,0.003067961661145091,0.6754868626594543
10.0,127426.0,-0.03945379704236984,0.003067961661145091,0.6707729697227478
10.0,127430.0,-0.03945379704236984,0.003067961661145091,0.6662914752960205
10.0,127434.0,-0.039457906037569046,0.003067961661145091,0.6644089221954346
10.0,127438.0,-0.039457906037569046,0.003067961661145091,0.660264790058136
10.0,127441.0,-0.039457906037569046,0.003067961661145091,0.6563307046890259
10.0,127445.0,-0.039457906037569046,0.003067961661145091,0.6535128951072693
10.0,127448.0,-0.039457906037569046,0.003067961661145091,0.649926483631134
10.0,127452.0,-0.039457906037569046,0.003067961661145091,0.6465279459953308
10.0,127455.0,-0.039457906037569046,0.003067961661145091,0.6440979838371277
10.0,127459.0,-0.039457906037569046,0.003067961661145091,0.6410107612609863
10.0,127462.0,-0.039457906037569046,0.003067961661145091,0.638806164264679
10.0,127466.0,-0.039457906037569046,0.003067961661145091,0.636009156703949
10.0,127469.0,-0.039457906037569046,0.003067961661145091,0.6340146660804749
10.0,127472.0,-0.039457906037569046,0.003067961661145091,0.6321057677268982
10.0,127476.0,-0.03946201130747795,0.003067961661145091,0.6310195922851562
10.0,127479.0,-0.03946201130747795,0.003067961661145091,0.6292648911476135
10.0,127483.0,-0.03946201130747795,0.003067961661145091,0.6270469427108765
10.0,127487.0,-0.03946201130747795,0.003067961661145091,0.6249629855155945
10.0,127492.0,-0.03946201130747795,0.004601942375302315,0.3591172993183136
10.0,127496.0,-0.03946201130747795,0.004601942375302315,0.36414143443107605
10.0,127500.0,-0.03946201130747795,0.004601942375302315,0.368035227060318
10.0,127503.0,-0.03946201130747795,0.004601942375302315,0.37088531255722046
10.0,127507.0,-0.03946201130747795,0.004601942375302315,0.374595046043396
10.0,127510.0,-0.03946201130747795,0.004601942375302315,0.3773117959499359
10.0,127513.0,-0.03946201130747795,0.004601942375302315,0.37997424602508545
10.0,127517.0,-0.03946201130747795,0.004601942375302315,0.3834424614906311
10.0,127520.0,-0.03946201130747795,0.004601942375302315,0.38598430156707764
10.0,127523.0,-0.03946201130747795,0.004601942375302315,0.388477087020874
10.0,127528.0,-0.03946201130747795,0.004601942375302315,0.39172685146331787
10.0,127531.0,-0.03946201130747795,0.004601942375302315,0.39489519596099854
10.0,127534.0,-0.03946201130747795,0.004601942375302315,0.3972199857234955
10.0,127538.0,-0.03946201130747795,0.004601942375302315,0.4002535343170166
10.0,127542.0,-0.03946201130747795,0.004601942375302315,0.40248072147369385
10.0,127546.0,-0.03946201130747795,0.004601942375302315,0.40681684017181396
10.0,127551.0,-0.03946201130747795,0.004601942375302315,0.409623920917511
10.0,127555.0,-0.03946201130747795,0.004601942375302315,0.4123668670654297
10.0,127559.0,-0.03946201130747795,0.004601942375302315,0.4150484800338745
10.0,127562.0,-0.03946201130747795,0.004601942375302315,0.4170208275318146
10.0,127566.0,-0.03946201130747795,0.004601942375302315,0.4196006655693054
10.0,127569.0,-0.03946201130747795,0.004601942375302315,0.4214992821216583
10.0,127572.0,-0.03946201130747795,0.004601942375302315,0.423367977142334
10.0,127576.0,-0.03946201130747795,0.004601942375302315,0.42581433057785034
10.0,127579.0,-0.03946201130747795,0.004601942375302315,0.42761629819869995
10.0,127583.0,-0.03946201130747795,0.004601942375302315,0.4299768805503845
10.0,127589.0,-0.03946201130747795,0.004601942375302315,0.43286260962486267
10.0,127601.0,-0.03946201130747795,0.004601942375302315,0.440051406621933
10.0,127604.0,-0.03946201130747795,0.004601942375302315,0.4416503310203552
10.0,127608.0,-0.03946201130747795,0.004601942375302315,0.44374945759773254
10.0,127611.0,-0.03946201130747795,0.006135923322290182,0.17685340344905853
10.0,127615.0,-0.03946201130747795,0.006135923322290182,0.18294040858745575
10.0,127618.0,-0.03946201130747795,0.006135923322290182,0.1908169537782669
10.0,127621.0,-0.039457906037569046,0.006135923322290182,0.19519595801830292
10.0,127624.0,-0.039457906037569046,0.006135923322290182,0.20082242786884308
10.0,127628.0,-0.039457906037569046,0.006135923322290182,0.208106130361557
10.0,127632.0,-0.039457906037569046,0.006135923322290182,0.2134106308221817
10.0,127635.0,-0.039457906037569046,0.006135923322290182,0.22027993202209473
10.0,127639.0,-0.039457906037569046,0.006135923322290182,0.2252844274044037
10.0,127642.0,-0.039457906037569046,0.006135923322290182,0.23176750540733337
10.0,127646.0,-0.039457906037569046,0.006135923322290182,0.23804175853729248
10.0,127649.0,-0.039457906037569046,0.006135923322290182,0.24261541664600372
10.0,127653.0,-0.039457906037569046,0.006135923322290182,0.248543843626976
10.0,127657.0,-0.039457906037569046,0.006135923322290182,0.2528671324253082
10.0,127660.0,-0.039457906037569046,0.006135923322290182,0.2584732174873352
10.0,127663.0,-0.039457906037569046,0.006135923322290182,0.2625630795955658
10.0,127667.0,-0.039457906037569046,0.006135923322290182,0.2678687572479248
10.0,127672.0,-0.039457906037569046,0.006135923322290182,0.2730120122432709
10.0,127675.0,-0.039457906037569046,0.0076699042692780495,0.01410872582346201
10.0,127680.0,-0.039457906037569046,0.0076699042692780495,0.0248110368847847
10.0,127683.0,-0.03945379704236984,0.0076699042692780495,0.03381882235407829
10.0,127687.0,-0.03944969177246094,0.0076699042692780495,0.040007755160331726
10.0,127690.0,-0.03944969177246094,0.0076699042692780495,0.04980780929327011
10.0,127693.0,-0.03944969177246094,0.0076699042692780495,0.05693432688713074
10.0,127697.0,-0.03944969177246094,0.0076699042692780495,0.06387555599212646
10.0,127700.0,-0.03944558650255203,0.0076699042692780495,0.07153350859880447
10.0,127703.0,-0.03944558650255203,0.0076699042692780495,0.07809881120920181
10.0,127707.0,-0.03944558650255203,0.0076699042692780495,0.0865912139415741
10.0,127710.0,-0.03944558650255203,0.0076699042692780495,0.09277088940143585
10.0,127713.0,-0.03944558650255203,0.0076699042692780495,0.09879332035779953
10.0,127717.0,-0.03944558650255203,0.00920388475060463,-0.16378331184387207
10.0,127720.0,-0.03944558650255203,0.00920388475060463,-0.1501416563987732
10.0,127724.0,-0.03944147750735283,0.00920388475060463,-0.13833463191986084
10.0,127728.0,-0.03943326324224472,0.00920388475060463,-0.13143214583396912
10.0,127731.0,-0.03942505270242691,0.00920388475060463,-0.12162478268146515
10.0,127735.0,-0.0394127294421196,0.00920388475060463,-0.11051148176193237
10.0,127740.0,-0.03940862417221069,0.00920388475060463,-0.10009398311376572
10.0,127744.0,-0.03940451890230179,0.00920388475060463,-0.09004537761211395
10.0,127748.0,-0.03940451890230179,0.00920388475060463,-0.0790327936410904
10.0,127751.0,-0.039400409907102585,0.00920388475060463,-0.07238445430994034
10.0,127755.0,-0.039400409907102585,0.010737866163253784,-0.3258819580078125
10.0,127758.0,-0.039400409907102585,0.010737866163253784,-0.31390538811683655
10.0,127762.0,-0.039392195641994476,0.010737866163253784,-0.3049320876598358
10.0,127765.0,-0.03937577083706856,0.010737866163253784,-0.29648101329803467
10.0,127769.0,-0.039355237036943436,0.010737866163253784,-0.2896960973739624
10.0,127772.0,-0.03933059424161911,0.010737866163253784,-0.28409260511398315
10.0,127776.0,-0.03931006044149399,0.010737866163253784,-0.27908238768577576
10.0,127788.0,-0.0392320342361927,0.010737866163253784,-0.26335608959198
10.0,127792.0,-0.03921150043606758,0.010737866163253784,-0.25644752383232117
10.0,127795.0,-0.03919917717576027,0.012271846644580364,-0.5138412117958069
10.0,127799.0,-0.03918275237083435,0.012271846644580364,-0.5002055168151855
10.0,127802.0,-0.039166323840618134,0.012271846644580364,-0.493012934923172
10.0,127806.0,-0.0391375757753849,0.012271846644580364,-0.4841892719268799
10.0,127809.0,-0.03909650817513466,0.012271846644580364,-0.4814741909503937
10.0,127812.0,-0.03906365483999252,0.012271846644580364,-0.47885453701019287
10.0,127816.0,-0.039018481969833374,0.012271846644580364,-0.4759238362312317
10.0,127820.0,-0.03898562490940094,0.012271846644580364,-0.4734562039375305
10.0,127823.0,-0.038936346769332886,0.012271846644580364,-0.47208234667778015
10.0,127827.0,-0.03889117017388344,0.012271846644580364,-0.46943506598472595
10.0,127831.0,-0.0388583168387413,0.012271846644580364,-0.4672042429447174
10.0,127834.0,-0.03882956877350807,0.012271846644580364,-0.46208906173706055
10.0,127838.0,-0.03879260644316673,0.013805827125906944,-0.7256374359130859
10.0,127842.0,-0.0387597531080246,0.013805827125906944,-0.7135401368141174
10.0,127845.0,-0.03871458023786545,0.013805827125906944,-0.7059421539306641
10.0,127849.0,-0.03867761790752411,0.013805827125906944,-0.6999720335006714
10.0,127853.0,-0.03861191123723984,0.013805827125906944,-0.7010179758071899
10.0,127857.0,-0.038533881306648254,0.013805827125906944,-0.7046512961387634
10.0,127861.0,-0.03844353184103966,0.013805827125906944,-0.7147330045700073
10.0,127866.0,-0.03830390051007271,0.013805827125906944,-0.7337169647216797
10.0,127869.0,-0.038180697709321976,0.013805827125906944,-0.7474135160446167
10.0,127873.0,-0.038078028708696365,0.013805827125906944,-0.7696084380149841
10.0,127877.0,-0.0379260778427124,0.013805827125906944,-0.7891204953193665
10.0,127880.0,-0.03776591271162033,0.013805827125906944,-0.8165925741195679
10.0,127884.0,-0.03763860464096069,0.012271846644580364,-0.583245575428009
10.0,127888.0,-0.03744969144463539,0.012271846644580364,-0.6239376664161682
10.0,127891.0,-0.03731006011366844,0.012271846644580364,-0.6528610587120056
10.0,127894.0,-0.03712525591254234,0.012271846644580364,-0.681040346622467
10.0,127899.0,-0.03694455698132515,0.012271846644580364,-0.7156753540039062
10.0,127902.0,-0.03681313991546631,0.010737866163253784,-0.4824073910713196
10.0,127906.0,-0.03663244470953941,0.010737866163253784,-0.5193257331848145
10.0,127910.0,-0.03646406531333923,0.010737866163253784,-0.5522992014884949
10.0,127913.0,-0.03629979491233826,0.010737866163253784,-0.575276792049408
10.0,127917.0,-0.03613552451133728,0.010737866163253784,-0.6049800515174866
10.0,127921.0,-0.03602464124560356,0.010737866163253784,-0.6269782781600952
10.0,127924.0,-0.03592197224497795,0.010737866163253784,-0.6426717042922974
10.0,127928.0,-0.03579055517911911,0.010737866163253784,-0.6580779552459717
10.0,127931.0,-0.035663243383169174,0.010737866163253784,-0.6689890027046204
10.0,127935.0,-0.03554004058241844,0.010737866163253784,-0.6822347640991211
10.0,127939.0,-0.035449691116809845,0.010737866163253784,-0.6937111616134644
10.0,127942.0,-0.03536345064640045,0.010737866163253784,-0.7010846734046936
10.0,127946.0,-0.03524845838546753,0.010737866163253784,-0.710662305355072
10.0,127950.0,-0.03513757884502411,0.010737866163253784,-0.716318666934967
10.0,127953.0,-0.035059548914432526,0.010737866163253784,-0.7214587330818176
10.0,127957.0,-0.03496098518371582,0.010737866163253784,-0.7242221236228943
10.0,127960.0,-0.034891169518232346,0.010737866163253784,-0.7255927920341492
10.0,127963.0,-0.03482135385274887,0.010737866163253784,-0.7265326976776123
10.0,127967.0,-0.03472689911723137,0.010737866163253784,-0.7288341522216797
10.0,127979.0,-0.03441067785024643,0.012271846644580364,-1.0075324773788452
10.0,127983.0,-0.03424229845404625,0.012271846644580364,-1.0190585851669312
10.0,127989.0,-0.03404106944799423,0.012271846644580364,-1.0408446788787842
10.0,127992.0,-0.03390554338693619,0.012271846644580364,-1.0640794038772583
10.0,127997.0,-0.03365913778543472,0.010737866163253784,-0.8247975707054138
10.0,128000.0,-0.033494867384433746,0.010737866163253784,-0.8671071529388428
10.0,128004.0,-0.033260781317949295,0.010737866163253784,-0.8988803625106812
10.0,128008.0,-0.033026695251464844,0.010737866163253784,-0.941334068775177
10.0,128011.0,-0.03284599632024765,0.010737866163253784,-0.985045850276947
10.0,128014.0,-0.03265708312392235,0.010737866163253784,-1.0205426216125488
10.0,128018.0,-0.032394248992204666,0.00920388475060463,-0.7910893559455872
10.0,128021.0,-0.03218069672584534,0.00920388475060463,-0.850213885307312
10.0,128025.0,-0.03188911825418472,0.00920388475060463,-0.909964919090271
10.0,128029.0,-0.03159753605723381,0.0076699042692780495,-0.703637957572937
10.0,128032.0,-0.03137166425585747,0.0076699042692780495,-0.7537689805030823
10.0,128036.0,-0.03106776252388954,0.0076699042692780495,-0.8012442588806152
10.0,128039.0,-0.030850103124976158,0.0076699042692780495,-0.5910909175872803
10.0,128042.0,-0.030550308525562286,0.006135923322290182,-0.6404173970222473
10.0,128047.0,-0.030258726328611374,0.006135923322290182,-0.714900553226471
10.0,128051.0,-0.02998357266187668,0.006135923322290182,-0.7663406133651733
10.0,128055.0,-0.029655029997229576,0.004601942375302315,-0.5494822263717651
10.0,128059.0,-0.029470225796103477,0.004601942375302315,-0.5954614281654358
10.0,128062.0,-0.029297741129994392,0.004601942375302315,-0.6221992373466492
10.0,128066.0,-0.02909240312874317,0.004601942375302315,-0.6510257720947266
10.0,128069.0,-0.028907597064971924,0.004601942375302315,-0.6670131087303162
10.0,128073.0,-0.028772074729204178,0.004601942375302315,-0.6826293468475342
10.0,128076.0,-0.02859548293054104,0.004601942375302315,-0.7015518546104431
10.0,128080.0,-0.028472280129790306,0.004601942375302315,-0.7123540043830872
10.0,128083.0,-0.02835318259894848,0.004601942375302315,-0.7237305045127869
10.0,128087.0,-0.028201231732964516,0.004601942375302315,-0.7334594130516052
10.0,128090.0,-0.028049280866980553,0.004601942375302315,-0.7409403920173645
10.0,128094.0,-0.02793429233133793,0.004601942375302315,-0.750256359577179
10.0,128098.0,-0.02778644673526287,0.004601942375302315,-0.7566820979118347
10.0,128102.0,-0.02764681726694107,0.004601942375302315,-0.7610936164855957
10.0,128105.0,-0.027511293068528175,0.006135923322290182,-1.0331119298934937
10.0,128109.0,-0.02741273120045662,0.006135923322290182,-1.029311180114746
10.0,128112.0,-0.027314167469739914,0.006135923322290182,-1.0279978513717651
10.0,128116.0,-0.0271622184664011,0.006135923322290182,-1.0308278799057007
10.0,128119.0,-0.02698562666773796,0.006135923322290182,-1.0421838760375977
10.0,128123.0,-0.026829568669199944,0.006135923322290182,-1.0582468509674072
10.0,128127.0,-0.0266036968678236,0.006135923322290182,-1.0849127769470215
10.0,128130.0,-0.026357289403676987,0.004601942375302315,-0.8489904999732971
10.0,128134.0,-0.02615605667233467,0.004601942375302315,-0.8945906758308411
10.0,128138.0,-0.025872690603137016,0.004601942375302315,-0.9311429262161255
10.0,128141.0,-0.02565092407166958,0.004601942375302315,-0.9820371270179749
10.0,128145.0,-0.02535523660480976,0.004601942375302315,-1.0191025733947754
10.0,128148.0,-0.025125255808234215,0.003067961661145091,-0.8042213916778564
10.0,128152.0,-0.02480492740869522,0.003067961661145091,-0.850323498249054
10.0,128156.0,-0.024476386606693268,0.003067961661145091,-0.9117409586906433
10.0,128159.0,-0.02415195107460022,0.0015339808305725455,-0.7028644680976868
10.0,128173.0,-0.023223819211125374,0.0,-0.5887924432754517
10.0,128178.0,-0.02290349081158638,0.0,-0.6488010287284851
10.0,128181.0,-0.022665297612547874,0.0,-0.6730276942253113
10.0,128185.0,-0.022505134344100952,0.0,-0.6973264217376709
10.0,128189.0,-0.022299794480204582,0.0,-0.7155400514602661
10.0,128192.0,-0.022160165011882782,0.0,-0.7261782884597778
10.0,128196.0,-0.02197946608066559,0.0,-0.7369263172149658
10.0,128200.0,-0.021811088547110558,0.0,-0.7431550025939941
10.0,128203.0,-0.02168377861380577,0.0,-0.7508830428123474
10.0,128207.0,-0.02151540108025074,0.0,-0.7569455504417419
10.0,128211.0,-0.021351128816604614,0.0,-0.7631254196166992
10.0,128214.0,-0.021223818883299828,0.0,-0.7705783247947693
10.0,128218.0,-0.021051334217190742,0.0,-0.7805905342102051
10.0,128222.0,-0.020874742418527603,0.0015339808305725455,-1.0542993545532227
10.0,128226.0,-0.020689938217401505,0.0015339808305725455,-1.0620731115341187
10.0,128230.0,-0.02048049308359623,0.0,-0.8054141998291016
10.0,128233.0,-0.020246407017111778,0.0,-0.833529531955719
10.0,128238.0,-0.019999999552965164,0.0,-0.8647773861885071
10.0,128242.0,-0.019704312086105347,0.0,-0.8985217213630676
10.0,128247.0,-0.019457904621958733,0.0,-0.9278368949890137
10.0,128250.0,-0.01926899328827858,0.0,-0.9576027393341064
10.0,128253.0,-0.019014373421669006,0.0,-0.9810112714767456
10.0,128257.0,-0.0188213549554348,0.0,-1.0118659734725952
10.0,128260.0,-0.018620124086737633,-0.0015339808305725455,-0.7713373899459839
10.0,128264.0,-0.018349075689911842,-0.0015339808305725455,-0.8014569878578186
10.0,128268.0,-0.01808624155819416,-0.0015339808305725455,-0.8369357585906982
10.0,128271.0,-0.017893223091959953,-0.0015339808305725455,-0.8686394095420837
10.0,128274.0,-0.0177043117582798,-0.0015339808305725455,-0.8910999894142151
10.0,128278.0,-0.017457906156778336,-0.0015339808305725455,-0.9184960126876831
10.0,128282.0,-0.01721149869263172,-0.0015339808305725455,-0.9385155439376831
10.0,128285.0,-0.016960985958576202,-0.003067961661145091,-0.6974020004272461
10.0,128289.0,-0.01677207462489605,-0.003067961661145091,-0.7313535213470459
10.0,128293.0,-0.016513347625732422,-0.003067961661145091,-0.7567763328552246
10.0,128297.0,-0.016271047294139862,-0.003067961661145091,-0.7848430871963501
10.0,128300.0,-0.016098562628030777,-0.003067961661145091,-0.8067426681518555
10.0,128304.0,-0.01586858369410038,-0.003067961661145091,-0.8251423239707947
10.0,128308.0,-0.01563449762761593,-0.003067961661145091,-0.8486064076423645
10.0,128311.0,-0.01545790582895279,-0.003067961661145091,-0.8713871240615845
10.0,128314.0,-0.015223819762468338,-0.003067961661145091,-0.8884053826332092
10.0,128318.0,-0.015051335096359253,-0.004601942375302315,-0.6383323669433594
10.0,128321.0,-0.014817248098552227,-0.004601942375302315,-0.6655387878417969
10.0,128325.0,-0.014644763432443142,-0.004601942375302315,-0.6843857765197754
10.0,128328.0,-0.0144188916310668,-0.004601942375302315,-0.7075653076171875
10.0,128332.0,-0.014258726499974728,-0.004601942375302315,-0.721500813961029
10.0,128335.0,-0.014102669432759285,-0.004601942375302315,-0.7369649410247803
10.0,128339.0,-0.013901437632739544,-0.004601942375302315,-0.7507097721099854
10.0,128342.0,-0.013708419166505337,-0.004601942375302315,-0.758462131023407
10.0,128346.0,-0.01351540070027113,-0.004601942375302315,-0.7690994739532471
10.0,128350.0,-0.013375770300626755,-0.004601942375302315,-0.7768495082855225
10.0,128353.0,-0.01324024610221386,-0.004601942375302315,-0.7815949320793152
10.0,128367.0,-0.01264887023717165,-0.004601942375302315,-0.7888169884681702
10.0,128371.0,-0.012496920302510262,-0.004601942375302315,-0.7864298820495605
10.0,128374.0,-0.012340862303972244,-0.004601942375302315,-0.7849271893501282
10.0,128378.0,-0.012225872837007046,-0.004601942375302315,-0.7826868891716003
10.0,128382.0,-0.012073921971023083,-0.003067961661145091,-1.0499541759490967
10.0,128385.0,-0.01192197110503912,-0.003067961661145091,-1.0420902967453003
10.0,128389.0,-0.011802874505519867,-0.003067961661145091,-1.037392258644104
10.0,128392.0,-0.011679671704769135,-0.003067961661145091,-1.0351239442825317
10.0,128396.0,-0.01150718703866005,-0.003067961661145091,-1.0357139110565186
10.0,128399.0,-0.011367556639015675,-0.003067961661145091,-1.0424553155899048
10.0,128403.0,-0.011158110573887825,-0.003067961661145091,-1.0511640310287476
10.0,128407.0,-0.010936344973742962,-0.003067961661145091,-1.0670363903045654
10.0,128410.0,-0.010759753175079823,-0.004601942375302315,-0.824008584022522
10.0,128413.0,-0.010517453774809837,-0.004601942375302315,-0.8443821668624878
10.0,128418.0,-0.010279260575771332,-0.004601942375302315,-0.8699340224266052
10.0,128421.0,-0.010106775909662247,-0.004601942375302315,-0.8934488296508789
10.0,128425.0,-0.009872689843177795,-0.004601942375302315,-0.9096328020095825
10.0,128428.0,-0.009704312309622765,-0.004601942375302315,-0.9293573498725891
10.0,128431.0,-0.009466119110584259,-0.004601942375302315,-0.9475215673446655
10.0,128435.0,-0.00928542111068964,-0.004601942375302315,-0.7031509280204773
10.0,128438.0,-0.009034907445311546,-0.006135923322290182,-0.7276622653007507
10.0,128442.0,-0.008845996111631393,-0.006135923322290182,-0.7516118288040161
10.0,128445.0,-0.008603695780038834,-0.006135923322290182,-0.7795748710632324
10.0,128449.0,-0.008435318246483803,-0.006135923322290182,-0.8013837337493896
10.0,128452.0,-0.008266940712928772,-0.006135923322290182,-0.8170076608657837
10.0,128456.0,-0.008045174181461334,-0.006135923322290182,-0.8351160287857056
10.0,128459.0,-0.007885009981691837,-0.006135923322290182,-0.8473919630050659
10.0,128462.0,-0.007671457715332508,-0.0076699042692780495,-0.5909976959228516
10.0,128466.0,-0.007515400182455778,-0.0076699042692780495,-0.6114451885223389
10.0,128469.0,-0.007318275049328804,-0.0076699042692780495,-0.6220299005508423
10.0,128473.0,-0.007182751316577196,-0.0076699042692780495,-0.6297526955604553
10.0,128477.0,-0.0070266942493617535,-0.0076699042692780495,-0.6318327784538269
10.0,128480.0,-0.006924024783074856,-0.0076699042692780495,-0.6259778141975403
10.0,128483.0,-0.006813141517341137,-0.0076699042692780495,-0.6164814233779907
10.0,128488.0,-0.0067145791836082935,-0.006135923322290182,-0.8676930069923401
10.0,128492.0,-0.006624230183660984,-0.006135923322290182,-0.8376882076263428
10.0,128496.0,-0.006501026917248964,-0.006135923322290182,-0.8194197416305542
10.0,128499.0,-0.006422997917979956,-0.006135923322290182,-0.806612491607666
10.0,128503.0,-0.00634086225181818,-0.006135923322290182,-0.7924602627754211
10.0,128507.0,-0.006225872784852982,-0.006135923322290182,-0.7832902073860168
10.0,128510.0,-0.006139630451798439,-0.006135923322290182,-1.0400481224060059
10.0,128513.0,-0.0060533881187438965,-0.004601942375302315,-1.0271157026290894
10.0,128517.0,-0.005934291519224644,-0.004601942375302315,-1.0159974098205566
10.0,128520.0,-0.0058357291854918,-0.004601942375302315,-1.0067107677459717
10.0,128523.0,-0.0057248459197580814,-0.004601942375302315,-1.0044535398483276
10.0,128527.0,-0.0055605750530958176,-0.004601942375302315,-1.0052660703659058
10.0,128531.0,-0.0053880903869867325,-0.004601942375302315,-1.0102437734603882
10.0,128534.0,-0.0052114990539848804,-0.004601942375302315,-1.0136563777923584
10.0,128538.0,-0.0050759753212332726,-0.004601942375302315,-1.0199965238571167
10.0,128541.0,-0.004936344921588898,-0.006135923322290182,-0.7605130076408386
10.0,128555.0,-0.004205338656902313,-0.006135923322290182,-0.8339827060699463
10.0,128559.0,-0.004004106856882572,-0.006135923322290182,-0.8494722247123718
10.0,128562.0,-0.0038562628906220198,-0.006135923322290182,-0.8621968030929565
10.0,128566.0,-0.0036509239580482244,-0.0076699042692780495,-0.6157849431037903
10.0,128569.0,-0.0034948664251714945,-0.0076699042692780495,-0.6323414444923401
10.0,128572.0,-0.0033018479589372873,-0.0076699042692780495,-0.6458445191383362
10.0,128577.0,-0.0031252566259354353,-0.0076699042692780495,-0.6585107445716858
10.0,128580.0,-0.003006160259246826,-0.0076699042692780495,-0.664209246635437
10.0,128583.0,-0.002854209393262863,-0.0076699042692780495,-0.6677922010421753
10.0,128589.0,-0.002677618060261011,-0.0076699042692780495,-0.6683415770530701
10.0,128592.0,-0.002546201227232814,-0.0076699042692780495,-0.666732668876648
10.0,128597.0,-0.0024188910610973835,-0.0076699042692780495,-0.6634554266929626
10.0,128600.0,-0.0023326489608734846,-0.0076699042692780495,-0.6564540863037109
10.0,128603.0,-0.002246406627818942,-0.0076699042692780495,-0.6501193046569824
10.0,128607.0,-0.0021396304946392775,-0.0076699042692780495,-0.6440585255622864
10.0,128610.0,-0.0020616017282009125,-0.0076699042692780495,-0.6341484785079956
10.0,128614.0,-0.001958932261914015,-0.0076699042692780495,-0.6247507333755493
10.0,128618.0,-0.001860369578935206,-0.0076699042692780495,-0.6170150637626648
10.0,128621.0,-0.0017905543791130185,-0.0076699042692780495,-0.6058286428451538
10.0,128625.0,-0.001700205379165709,-0.006135923322290182,-0.8579033613204956
10.0,128628.0,-0.0016262833960354328,-0.006135923322290182,-0.8401728868484497
10.0,128632.0,-0.0015687885461375117,-0.006135923322290182,-0.8243719339370728
10.0,128635.0,-0.0015112935798242688,-0.006135923322290182,-0.8045589327812195
10.0,128639.0,-0.0014332649298012257,-0.006135923322290182,-0.7855954170227051
10.0,128643.0,-0.0013470225967466831,-0.006135923322290182,-0.7742928266525269
10.0,128647.0,-0.0012648870470002294,-0.006135923322290182,-0.7580359578132629
10.0,128650.0,-0.0012073921971023083,-0.006135923322290182,-0.7411990165710449
10.0,128654.0,-0.0011211498640477657,-0.006135923322290182,-0.7314184308052063
10.0,128658.0,-0.0010390144307166338,-0.006135923322290182,-0.7171208262443542
10.0,128661.0,-0.000977412681095302,-0.004601942375302315,-0.9687306880950928
10.0,128664.0,-0.0009075975394807756,-0.004601942375302315,-0.9571633338928223
10.0,128668.0,-0.0008008213480934501,-0.004601942375302315,-0.9481661319732666
10.0,128671.0,-0.0007104722899384797,-0.004601942375302315,-0.9454311728477478
10.0,128677.0,-0.0004928131238557398,-0.004601942375302315,-0.950106680393219
10.0,128680.0,-0.000381930178264156,-0.006135923322290182,-0.6899815201759338
10.0,128684.0,-0.00022997947235126048,-0.006135923322290182,-0.7009730339050293
10.0,128688.0,-8.624229667475447e-05,-0.006135923322290182,-0.7066948413848877
10.0,128691.0,1.642710412852466e-05,-0.006135923322290182,-0.7119812965393066
10.0,128695.0,0.00014784393715672195,-0.006135923322290182,-0.7149235010147095
10.0,128698.0,0.00024229979317169636,-0.006135923322290182,-0.716152548789978
10.0,128702.0,0.00036139629082754254,-0.006135923322290182,-0.7164877653121948
10.0,128705.0,0.00047227926552295685,-0.006135923322290182,-0.7139341235160828
10.0,128709.0,0.0005503080319613218,-0.006135923322290182,-0.7089298367500305
10.0,128712.0,0.0006242299568839371,-0.006135923322290182,-0.7030308246612549
10.0,128716.0,0.0007392197148874402,-0.006135923322290182,-0.6959928274154663
10.0,128720.0,0.0008049281314015388,-0.006135923322290182,-0.6893108487129211
10.0,128723.0,0.0008747433312237263,-0.006135923322290182,-0.6830330491065979
10.0,128727.0,0.0009691991726867855,-0.006135923322290182,-0.6782264113426208
10.0,128730.0,0.0010390144307166338,-0.006135923322290182,-0.6725623607635498
10.0,128733.0,0.0011375769972801208,-0.006135923322290182,-0.6695491671562195
10.0,128746.0,0.0014373717131093144,-0.006135923322290182,-0.651765763759613
10.0,128750.0,0.0015071869129315019,-0.006135923322290182,-0.6463757157325745
10.0,128754.0,0.0015975359128788114,-0.006135923322290182,-0.6432270407676697
10.0,128758.0,0.001683778245933354,-0.006135923322290182,-0.6370398998260498
10.0,128761.0,0.0017494866624474525,-0.006135923322290182,-0.6325463056564331
10.0,128765.0,0.0018398357788100839,-0.006135923322290182,-0.6286944150924683
10.0,128769.0,0.0019260779954493046,-0.006135923322290182,-0.6233672499656677
10.0,128772.0,0.001991786528378725,-0.006135923322290182,-0.6183565855026245
10.0,128776.0,0.00206981529481709,-0.006135923322290182,-0.6124502420425415
10.0,128779.0,0.0021273100282996893,-0.006135923322290182,-0.6040433645248413
10.0,128783.0,0.0021971252281218767,-0.006135923322290182,-0.5973423719406128
10.0,128787.0,0.002266940427944064,-0.006135923322290182,-0.5883466601371765
10.0,128790.0,0.0023203284945338964,-0.006135923322290182,-0.5784373879432678
10.0,128793.0,0.002365502994507551,-0.004601942375302315,-0.8382567763328552
10.0,128797.0,0.002427104627713561,-0.004601942375302315,-0.8205280900001526
10.0,128801.0,0.002488706260919571,-0.004601942375302315,-0.8097628951072693
10.0,128804.0,0.002562628360465169,-0.004601942375302315,-0.7986756563186646
10.0,128808.0,0.002624229993671179,-0.004601942375302315,-0.7907916307449341
10.0,128812.0,0.0027145789936184883,-0.004601942375302315,-0.7878062129020691
10.0,128815.0,0.0027926077600568533,-0.004601942375302315,-0.7872066497802734
10.0,128819.0,0.002895277226343751,-0.004601942375302315,-0.7881014943122864
10.0,128822.0,0.002977412659674883,-0.006135923322290182,-0.521064817905426
10.0,128826.0,0.003088295692577958,-0.006135923322290182,-0.5294912457466125
10.0,128830.0,0.0031950718257576227,-0.006135923322290182,-0.5339909195899963
10.0,128833.0,0.00326488702557981,-0.006135923322290182,-0.5367716550827026
10.0,128837.0,0.0033511293586343527,-0.006135923322290182,-0.5342008471488953
10.0,128840.0,0.003400410758331418,-0.006135923322290182,-0.5280411839485168
10.0,128844.0,0.0034537988249212503,-0.006135923322290182,-0.5207650661468506
10.0,128848.0,0.003498973324894905,-0.006135923322290182,-0.5083509683609009
10.0,128851.0,0.003519507125020027,-0.006135923322290182,-0.4911371171474457
10.0,128855.0,0.00354414782486856,-0.004601942375302315,-0.7388793230056763
10.0,128860.0,0.0035564680583775043,-0.004601942375302315,-0.710516631603241
10.0,128865.0,0.00357700209133327,-0.004601942375302315,-0.679997980594635
10.0,128868.0,0.003597535891458392,-0.004601942375302315,-0.6580044031143188
10.0,128872.0,0.0036139630246907473,-0.004601942375302315,-0.642430305480957
10.0,128875.0,0.0036344968248158693,-0.004601942375302315,-0.623288094997406
10.0,128879.0,0.003655030857771635,-0.004601942375302315,-0.60880047082901
10.0,128882.0,0.0036673510912805796,-0.004601942375302315,-0.5883790254592896
10.0,128886.0,0.0036796715576201677,-0.003067961661145091,-0.8328375220298767
10.0,128889.0,0.0036919917911291122,-0.003067961661145091,-0.8128951787948608
10.0,128892.0,0.0037084189243614674,-0.003067961661145091,-0.7962533235549927
10.0,128896.0,0.0037289527244865894,-0.003067961661145091,-0.7770878076553345
10.0,128900.0,0.0037618069909512997,-0.003067961661145091,-0.7642426490783691
10.0,128903.0,0.0037905543576925993,-0.003067961661145091,-0.7490726113319397
10.0,128907.0,0.003831622190773487,-0.003067961661145091,-0.7358682751655579
10.0,128910.0,0.0038603695575147867,-0.003067961661145091,-0.7270363569259644
10.0,128913.0,0.003893223823979497,-0.003067961661145091,-0.7171440124511719
10.0,128917.0,0.003934291657060385,-0.003067961661145091,-0.7089174389839172
10.0,128920.0,0.003963038790971041,-0.003067961661145091,-0.6974988579750061
10.0,128924.0,0.004004106856882572,-0.003067961661145091,-0.688586413860321
10.0,128936.0,0.004110882990062237,-0.003067961661145091,-0.6488745212554932
10.0,128939.0,0.004135523457080126,-0.003067961661145091,-0.6388499736785889
10.0,128943.0,0.004156057722866535,-0.003067961661145091,-0.6250796318054199
10.0,128947.0,0.004176591522991657,-0.003067961661145091,-0.6144666075706482
10.0,128950.0,0.004193018656224012,-0.0015339808305725455,-0.8629564046859741
10.0,128954.0,0.004201231990009546,-0.0015339808305725455,-0.84100341796875
10.0,128958.0,0.004221765790134668,-0.0015339808305725455,-0.8274579644203186
10.0,128962.0,0.004254620056599379,-0.0015339808305725455,-0.813614010810852
10.0,128965.0,0.004299794789403677,-0.0015339808305725455,-0.8043773770332336
10.0,128970.0,0.004349076189100742,-0.0015339808305725455,-0.7968952655792236
10.0,128973.0,0.0043860371224582195,-0.0015339808305725455,-0.7897726893424988
10.0,128977.0,0.004447638522833586,-0.0015339808305725455,-0.7886996865272522
10.0,128980.0,0.004492813255637884,-0.0015339808305725455,-0.7860578298568726
10.0,128985.0,0.004579055588692427,-0.0015339808305725455,-0.7859974503517151
10.0,128991.0,0.004694045055657625,-0.0015339808305725455,-0.7900711297988892
10.0,128995.0,0.004776180721819401,-0.003067961661145091,-0.5300270318984985
10.0,128998.0,0.004858316387981176,-0.003067961661145091,-0.5376548767089844
10.0,129002.0,0.004911704454571009,-0.003067961661145091,-0.5435371994972229
10.0,129005.0,0.004973305854946375,-0.003067961661145091,-0.545519232749939
10.0,129009.0,0.005006160121411085,-0.003067961661145091,-0.5432317852973938
10.0,129012.0,0.005039014387875795,-0.003067961661145091,-0.5372552871704102
10.0,129016.0,0.0050595481880009174,-0.003067961661145091,-0.5286924839019775
10.0,129020.0,0.005071868654340506,-0.003067961661145091,-0.5191558003425598
10.0,129024.0,0.0050800819881260395,-0.003067961661145091,-0.5060086846351624
10.0,129028.0,0.0050800819881260395,-0.003067961661145091,-0.4907340407371521
10.0,129031.0,0.0050800819881260395,-0.0015339808305725455,-0.7414613366127014
10.0,129035.0,0.0050800819881260395,-0.0015339808305725455,-0.7214543223381042
10.0,129038.0,0.005084189120680094,-0.0015339808305725455,-0.7083151936531067
10.0,129042.0,0.005092402454465628,-0.0015339808305725455,-0.6969040036201477
10.0,129045.0,0.005104722920805216,-0.0015339808305725455,-0.6840304136276245
10.0,129050.0,0.005121150054037571,-0.0015339808305725455,-0.6703592538833618
10.0,129053.0,0.005133470054715872,-0.0015339808305725455,-0.6543554663658142
10.0,129058.0,0.005149897187948227,-0.0015339808305725455,-0.6418775320053101
10.0,129061.0,0.005154004320502281,-0.0015339808305725455,-0.632534921169281
10.0,129064.0,0.005162217654287815,-0.0015339808305725455,-0.6221374273300171
10.0,129069.0,0.005166324321180582,-0.0015339808305725455,-0.6083246469497681
10.0,129072.0,0.005166324321180582,-0.0015339808305725455,-0.5937243103981018
10.0,129076.0,0.005166324321180582,-0.0015339808305725455,-0.5831568241119385
10.0,129079.0,0.005166324321180582,-0.0015339808305725455,-0.56955885887146
10.0,129083.0,0.005166324321180582,-0.0015339808305725455,-0.5597171783447266
10.0,129087.0,0.005166324321180582,0.0,-0.8124475479125977
10.0,129090.0,0.005170430988073349,0.0,-0.7957077026367188
10.0,129093.0,0.005174538120627403,0.0,-0.7839257717132568
10.0,129097.0,0.005190965253859758,0.0,-0.7723352909088135
10.0,129101.0,0.005203285254538059,0.0,-0.7612274885177612
10.0,129104.0,0.005219712387770414,0.0,-0.7545328140258789
10.0,129108.0,0.005240246187895536,0.0,-0.7454958558082581
10.0,129112.0,0.005264887120574713,0.0,-0.74066561460495
10.0,129115.0,0.005281314253807068,0.0,-0.7336029410362244
10.0,129120.0,0.005314168520271778,0.0,-0.7268306016921997
10.0,129132.0,0.005400410853326321,0.0,-0.7114191651344299
10.0,129136.0,0.005433265119791031,0.0,-0.7091225981712341
10.0,129139.0,0.00545790558680892,0.0,-0.7062065005302429
10.0,129143.0,0.005494866520166397,0.0,-0.7054687142372131
10.0,129147.0,0.005535934120416641,0.0,-0.7054687142372131
10.0,129150.0,0.0055646817199885845,0.0,-0.7055251598358154
10.0,129153.0,0.005609856452792883,0.0,-0.70627760887146
10.0,129157.0,0.005655030719935894,0.0,-0.7077460885047913
10.0,129161.0,0.005687884986400604,0.0,-0.7078630924224854
10.0,129164.0,0.0057207392528653145,-0.0015339808305725455,-0.44460543990135193
10.0,129168.0,0.005778233986347914,-0.0015339808305725455,-0.4519827663898468
10.0,129173.0,0.005806981585919857,-0.0015339808305725455,-0.4545721411705017
10.0,129178.0,0.005827515386044979,-0.0015339808305725455,-0.449103444814682
10.0,129181.0,0.005827515386044979,-0.0015339808305725455,-0.4435631334781647
10.0,129185.0,0.005827515386044979,-0.0015339808305725455,-0.4364372193813324
10.0,129189.0,0.005827515386044979,-0.0015339808305725455,-0.4312821626663208
10.0,129192.0,0.005827515386044979,0.0,-0.6885427832603455
10.0,129195.0,0.005827515386044979,0.0,-0.6793261170387268
10.0,129199.0,0.005831622052937746,0.0,-0.6687984466552734
10.0,129202.0,0.0058357291854918,0.0,-0.6628671884536743
10.0,129206.0,0.005843942519277334,0.0,-0.6543702483177185
10.0,129209.0,0.005852155853062868,0.0,-0.6475483775138855
10.0,129212.0,0.005860369652509689,0.0,-0.6422799825668335
10.0,129216.0,0.005868582986295223,0.0,-0.6346364617347717
10.0,129220.0,0.0058726901188492775,0.0,-0.6284326910972595
10.0,129223.0,0.0058767967857420444,0.0,-0.6213619112968445
10.0,129227.0,0.005885010119527578,0.0,-0.6155849695205688
10.0,129230.0,0.005885010119527578,0.0,-0.6063615083694458
10.0,129233.0,0.005889117252081633,0.0,-0.6010308861732483
10.0,129238.0,0.005889117252081633,0.0,-0.5923980474472046
10.0,129242.0,0.005889117252081633,0.0,-0.5834487676620483
10.0,129246.0,0.0058932239189744,0.0,-0.5755293965339661
10.0,129249.0,0.0058932239189744,0.0,-0.5697999000549316
10.0,129253.0,0.0058932239189744,0.0,-0.5642445087432861
10.0,129257.0,0.0058932239189744,0.0,-0.5570992827415466
10.0,129260.0,0.0058932239189744,0.0,-0.55024254322052
10.0,129263.0,0.0058932239189744,0.0,-0.5452825427055359
10.0,129267.0,0.0058932239189744,0.0,-0.5404736995697021
10.0,129270.0,0.0058932239189744,0.0,-0.534289538860321
10.0,129273.0,0.0058932239189744,0.0,-0.5298163890838623
10.0,129277.0,0.0058932239189744,0.0,-0.5240643620491028
10.0,129280.0,0.0058932239189744,0.0,-0.5199041366577148
10.0,129284.0,0.0058932239189744,0.0015339808305725455,-0.779948890209198
10.0,129288.0,0.0058932239189744,0.0015339808305725455,-0.7716148495674133
10.0,129291.0,0.0058973305858671665,0.0015339808305725455,-0.7635666728019714
10.0,129294.0,0.0059055439196527,0.0015339808305725455,-0.7584342360496521
10.0,129298.0,0.005917864385992289,0.0015339808305725455,-0.7522804737091064
10.0,129301.0,0.005934291519224644,0.0015339808305725455,-0.7488420009613037
10.0,129305.0,0.005954825319349766,0.0015339808305725455,-0.7457579374313354
10.0,129309.0,0.005971252452582121,0.0015339808305725455,-0.7441825866699219
10.0,129321.0,0.006036960985511541,0.0,-0.48089486360549927
10.0,129325.0,0.006041067652404308,0.0,-0.4795371890068054
10.0,129328.0,0.006041067652404308,0.0,-0.47603514790534973
10.0,129332.0,0.006041067652404308,0.0015339808305725455,-0.7380722761154175
10.0,129335.0,0.006041067652404308,0.0015339808305725455,-0.7311810255050659
10.0,129339.0,0.006045174319297075,0.0015339808305725455,-0.7236592173576355
10.0,129342.0,0.0060533881187438965,0.0015339808305725455,-0.7198953032493591
10.0,129346.0,0.0060574947856366634,0.0015339808305725455,-0.7141886353492737
10.0,129349.0,0.006065708585083485,0.0015339808305725455,-0.7093873620033264
10.0,129353.0,0.0060739219188690186,0.0015339808305725455,-0.7040979266166687
10.0,129357.0,0.00608213571831584,0.0015339808305725455,-0.6990341544151306
10.0,129362.0,0.006086242385208607,0.0015339808305725455,-0.692855954170227
10.0,129366.0,0.006094455718994141,0.0015339808305725455,-0.6864853501319885
10.0,129370.0,0.006098562851548195,0.0015339808305725455,-0.6825763583183289
10.0,129373.0,0.006098562851548195,0.0015339808305725455,-0.6757574677467346
10.0,129377.0,0.006102669518440962,0.0015339808305725455,-0.6721556782722473
10.0,129380.0,0.006102669518440962,0.0015339808305725455,-0.6657649874687195
10.0,129383.0,0.006106776185333729,0.0015339808305725455,-0.6624733209609985
10.0,129387.0,0.006106776185333729,0.0015339808305725455,-0.6564818024635315
10.0,129391.0,0.006106776185333729,0.0015339808305725455,-0.6521483659744263
10.0,129394.0,0.006110882852226496,0.0015339808305725455,-0.647919237613678
10.0,129398.0,0.006110882852226496,0.0015339808305725455,-0.6438533663749695
10.0,129401.0,0.006110882852226496,0.0015339808305725455,-0.6386258006095886
10.0,129405.0,0.006110882852226496,0.0015339808305725455,-0.6336115002632141
10.0,129408.0,0.006110882852226496,0.0015339808305725455,-0.6299855709075928
10.0,129412.0,0.006110882852226496,0.0015339808305725455,-0.6253243088722229
10.0,129415.0,0.006110882852226496,0.0015339808305725455,-0.621954083442688
10.0,129419.0,0.006110882852226496,0.0015339808305725455,-0.6189771294593811
10.0,129423.0,0.006114989519119263,0.0015339808305725455,-0.6158086061477661
10.0,129427.0,0.006114989519119263,0.0015339808305725455,-0.6117362380027771
10.0,129430.0,0.006114989519119263,0.0015339808305725455,-0.6078314781188965
10.0,129433.0,0.006114989519119263,0.0015339808305725455,-0.6050090193748474
10.0,129437.0,0.006114989519119263,0.0015339808305725455,-0.6013820767402649
10.0,129440.0,0.006114989519119263,0.0015339808305725455,-0.5987606644630432
10.0,129444.0,0.006114989519119263,0.0015339808305725455,-0.5953925848007202
10.0,129448.0,0.006114989519119263,0.0015339808305725455,-0.5929585695266724
10.0,129451.0,0.006114989519119263,0.0015339808305725455,-0.5898317694664001
10.0,129454.0,0.006114989519119263,0.0015339808305725455,-0.5875725150108337
10.0,129459.0,0.006114989519119263,0.0015339808305725455,-0.5846705436706543
10.0,129462.0,0.006114989519119263,0.0015339808305725455,-0.5818901062011719
10.0,129465.0,0.006114989519119263,0.0015339808305725455,-0.5798817276954651
10.0,129469.0,0.006114989519119263,0.0015339808305725455,-0.5773026943206787
10.0,129472.0,0.006114989519119263,0.0015339808305725455,-0.5754400491714478
10.0,129476.0,0.006114989519119263,0.0015339808305725455,-0.5730487108230591
10.0,129479.0,0.006114989519119263,0.0015339808305725455,-0.571321964263916
10.0,129483.0,0.006114989519119263,0.0015339808305725455,-0.5696505904197693
10.0,129486.0,0.006114989519119263,0.0015339808305725455,-0.5669835805892944
10.0,129491.0,0.006114989519119263,0.0015339808305725455,-0.5644585490226746
10.0,129497.0,0.006114989519119263,0.0015339808305725455,-0.5620684623718262
10.0,129501.0,0.006114989519119263,0.0015339808305725455,-0.5606964826583862
10.0,129513.0,0.006114989519119263,0.0015339808305725455,-0.5556436777114868
10.0,129517.0,0.006114989519119263,0.0015339808305725455,-0.5541046261787415
10.0,129520.0,0.006114989519119263,0.0015339808305725455,-0.5526334643363953
10.0,129523.0,0.006114989519119263,0.0015339808305725455,-0.5515729784965515
10.0,129527.0,0.006114989519119263,0.0015339808305725455,-0.5502142310142517
10.0,129530.0,0.006114989519119263,0.0015339808305725455,-0.5492351651191711
10.0,129533.0,0.006114989519119263,0.0015339808305725455,-0.5482892394065857
10.0,129537.0,0.006114989519119263,0.0015339808305725455,-0.5470779538154602
10.0,129540.0,0.006114989519119263,0.0015339808305725455,-0.5462056398391724
10.0,129544.0,0.006114989519119263,0.0015339808305725455,-0.5450891256332397
10.0,129548.0,0.006114989519119263,0.0015339808305725455,-0.5442854166030884
10.0,129552.0,0.006114989519119263,0.0015339808305725455,-0.5430076122283936
10.0,129557.0,0.006114989519119263,0.0015339808305725455,-0.5418037176132202
10.0,129560.0,0.006114989519119263,0.0015339808305725455,-0.5411152839660645
10.0,129563.0,0.006114989519119263,0.0015339808305725455,-0.5404514670372009
10.0,129567.0,0.006114989519119263,0.0015339808305725455,-0.5396031737327576
10.0,129570.0,0.006114989519119263,0.0015339808305725455,-0.5389937162399292
10.0,129573.0,0.006114989519119263,0.0015339808305725455,-0.538406491279602
10.0,129577.0,0.006114989519119263,0.0015339808305725455,-0.5376569032669067
10.0,129580.0,0.006114989519119263,0.0015339808305725455,-0.5371189117431641
10.0,129584.0,0.006114989519119263,0.0015339808305725455,-0.5366009473800659
10.0,129589.0,0.006114989519119263,0.0015339808305725455,-0.5356228947639465
10.0,129593.0,0.006114989519119263,0.0015339808305725455,-0.5351616740226746
10.0,129596.0,0.006114989519119263,0.0015339808305725455,-0.5345742106437683
10.0,129600.0,0.006114989519119263,0.0015339808305725455,-0.5340172052383423
10.0,129603.0,0.006114989519119263,0.0015339808305725455,-0.5336186289787292
10.0,129607.0,0.006114989519119263,0.0015339808305725455,-0.5332359671592712
10.0,129610.0,0.006114989519119263,0.0015339808305725455,-0.5327497124671936
10.0,129613.0,0.006114989519119263,0.0015339808305725455,-0.5324023962020874
10.0,129617.0,0.006114989519119263,0.0015339808305725455,-0.5320695042610168
10.0,129620.0,0.006114989519119263,0.0015339808305725455,-0.531647264957428
10.0,129624.0,0.006114989519119263,0.0015339808305725455,-0.5313463807106018
10.0,129628.0,0.006114989519119263,0.0015339808305725455,-0.530965268611908
10.0,129631.0,0.006114989519119263,0.0015339808305725455,-0.5306064486503601
10.0,129634.0,0.006114989519119263,0.0015339808305725455,-0.5303514003753662
10.0,129638.0,0.006114989519119263,0.0015339808305725455,-0.5300294160842896
10.0,129642.0,0.006114989519119263,0.0015339808305725455,-0.5298010110855103
10.0,129645.0,0.006114989519119263,0.0015339808305725455,-0.5295133590698242
10.0,129649.0,0.006114989519119263,0.0015339808305725455,-0.5292443037033081
10.0,129653.0,0.006114989519119263,0.0015339808305725455,-0.5290542244911194
10.0,129657.0,0.006114989519119263,0.0015339808305725455,-0.5288158655166626
10.0,129660.0,0.006114989519119263,0.0015339808305725455,-0.5285941362380981
10.0,129663.0,0.006114989519119263,0.0015339808305725455,-0.5284383296966553
10.0,129667.0,0.006114989519119263,0.0015339808305725455,-0.528244137763977
10.0,129670.0,0.006114989519119263,0.0015339808305725455,-0.5281082987785339
10.0,129675.0,0.006114989519119263,0.0015339808305725455,-0.5279397368431091
10.0,129679.0,0.006114989519119263,0.0015339808305725455,-0.5277484655380249
10.0,129683.0,0.006114989519119263,0.0015339808305725455,-0.5276103615760803
10.0,129687.0,0.006114989519119263,0.0015339808305725455,-0.5274849534034729
10.0,129690.0,0.006114989519119263,0.0015339808305725455,-0.5273988246917725
10.0,129703.0,0.006114989519119263,0.0015339808305725455,-0.5271190404891968
10.0,129707.0,0.006114989519119263,0.0015339808305725455,-0.5270309448242188
10.0,129710.0,0.006114989519119263,0.0015339808305725455,-0.5269855856895447
10.0,129714.0,0.006114989519119263,0.0015339808305725455,-0.5269457101821899
10.0,129718.0,0.006114989519119263,0.0015339808305725455,-0.5269006490707397
10.0,129721.0,0.006114989519119263,0.0015339808305725455,-0.5268645882606506
10.0,129724.0,0.006114989519119263,0.0015339808305725455,-0.526843249797821
10.0,129728.0,0.006114989519119263,0.0015339808305725455,-0.5268221497535706
10.0,129732.0,0.006114989519119263,0.0015339808305725455,-0.5268090963363647
10.0,129736.0,0.006114989519119263,0.0015339808305725455,-0.5268036127090454
10.0,129741.0,0.006114989519119263,0.0015339808305725455,-0.5268058180809021
10.0,129745.0,0.006114989519119263,0.0015339808305725455,-0.5268185138702393
10.0,129749.0,0.006114989519119263,0.0015339808305725455,-0.5268362760543823
10.0,129752.0,0.006114989519119263,0.0015339808305725455,-0.5268539190292358
10.0,129756.0,0.006114989519119263,0.0015339808305725455,-0.5268829464912415
10.0,129760.0,0.006114989519119263,0.0015339808305725455,-0.5269087553024292
10.0,129763.0,0.006114989519119263,0.0015339808305725455,-0.5269482731819153
10.0,129767.0,0.006114989519119263,0.0015339808305725455,-0.5269816517829895
10.0,129770.0,0.006114989519119263,0.0015339808305725455,-0.5270309448242188
10.0,129774.0,0.006114989519119263,0.0015339808305725455,-0.5270714163780212
10.0,129778.0,0.006114989519119263,0.0015339808305725455,-0.5271298289299011
10.0,129781.0,0.006114989519119263,0.0015339808305725455,-0.5271931886672974
10.0,129784.0,0.006114989519119263,0.0015339808305725455,-0.5272437930107117
10.0,129788.0,0.006114989519119263,0.0015339808305725455,-0.5273153185844421
10.0,129792.0,0.006114989519119263,0.0015339808305725455,-0.5273718237876892
10.0,129795.0,0.006114989519119263,0.0015339808305725455,-0.5274509191513062
10.0,129799.0,0.006114989519119263,0.0015339808305725455,-0.5275341272354126
10.0,129802.0,0.006114989519119263,0.0015339808305725455,-0.5275991559028625
10.0,129807.0,0.006114989519119263,0.0015339808305725455,-0.5276891589164734
10.0,129810.0,0.006114989519119263,0.0015339808305725455,-0.5277829170227051
10.0,129814.0,0.006114989519119263,0.0015339808305725455,-0.5278555154800415
10.0,129817.0,0.006114989519119263,0.0015339808305725455,-0.5279552936553955
10.0,129820.0,0.006114989519119263,0.0015339808305725455,-0.5280323028564453
10.0,129824.0,0.006114989519119263,0.0015339808305725455,-0.5281378030776978
10.0,129828.0,0.006114989519119263,0.0015339808305725455,-0.5282189249992371
10.0,129831.0,0.006114989519119263,0.0015339808305725455,-0.5283296704292297
10.0,129834.0,0.006114989519119263,0.0015339808305725455,-0.5284146666526794
10.0,129838.0,0.006114989519119263,0.0015339808305725455,-0.5285012125968933
10.0,129841.0,0.006114989519119263,0.0015339808305725455,-0.5286188721656799
10.0,129845.0,0.006114989519119263,0.0015339808305725455,-0.5287392139434814
10.0,129849.0,0.006114989519119263,0.0015339808305725455,-0.5288310647010803
10.0,129852.0,0.006114989519119263,0.0015339808305725455,-0.5289556980133057
10.0,129855.0,0.006114989519119263,0.0015339808305725455,-0.5290506482124329
10.0,129859.0,0.006114989519119263,0.0015339808305725455,-0.5291792154312134
10.0,129863.0,0.006114989519119263,0.0015339808305725455,-0.5293099880218506
10.0,129868.0,0.006114989519119263,0.0015339808305725455,-0.5294763445854187
10.0,129872.0,0.006114989519119263,0.0015339808305725455,-0.5295776128768921
10.0,129876.0,0.006114989519119263,0.0015339808305725455,-0.5297488570213318
10.0,129879.0,0.006114989519119263,0.0015339808305725455,-0.5298529863357544
10.0,129882.0,0.006114989519119263,0.0015339808305725455,-0.5299580693244934
10.0,129895.0,0.006114989519119263,0.0015339808305725455,-0.5304242968559265
10.0,129898.0,0.006114989519119263,0.0015339808305725455,-0.5305341482162476
10.0,129902.0,0.006114989519119263,0.0015339808305725455,-0.5306820273399353
10.0,129906.0,0.006114989519119263,0.0015339808305725455,-0.5307937860488892
10.0,129909.0,0.006114989519119263,0.0015339808305725455,-0.5309440493583679
10.0,129912.0,0.006114989519119263,0.0015339808305725455,-0.531057596206665
10.0,129916.0,0.006114989519119263,0.0015339808305725455,-0.5311718583106995
10.0,129919.0,0.006114989519119263,0.0015339808305725455,-0.5313252806663513
10.0,129922.0,0.006114989519119263,0.0015339808305725455,-0.5314411520957947
10.0,129926.0,0.006114989519119263,0.0015339808305725455,-0.5315966010093689
10.0,129929.0,0.006114989519119263,0.0015339808305725455,-0.5317139029502869
10.0,129933.0,0.006114989519119263,0.0015339808305725455,-0.5318713188171387
10.0,129937.0,0.006114989519119263,0.0015339808305725455,-0.5319899916648865
10.0,129940.0,0.006114989519119263,0.0015339808305725455,-0.532149076461792
10.0,129944.0,0.006114989519119263,0.0015339808305725455,-0.5322691202163696
10.0,129948.0,0.006114989519119263,0.0015339808305725455,-0.5324298739433289
10.0,129951.0,0.006114989519119263,0.0015339808305725455,-0.5325915217399597
10.0,129954.0,0.006114989519119263,0.0015339808305725455,-0.5327133536338806
10.0,129958.0,0.006114989519119263,0.0015339808305725455,-0.5328356623649597
10.0,129961.0,0.006114989519119263,0.0015339808305725455,-0.5329993963241577
10.0,129964.0,0.006114989519119263,0.0015339808305725455,-0.533122718334198
10.0,129968.0,0.006114989519119263,0.0015339808305725455,-0.5332878232002258
10.0,129971.0,0.006114989519119263,0.0015339808305725455,-0.5334120988845825
10.0,129974.0,0.006114989519119263,0.0015339808305725455,-0.5335367918014526
10.0,129978.0,0.006114989519119263,0.0015339808305725455,-0.533703625202179
10.0,129981.0,0.006114989519119263,0.0015339808305725455,-0.5338292121887207
10.0,129984.0,0.006114989519119263,0.0015339808305725455,-0.5339550971984863
10.0,129990.0,0.006114989519119263,0.0015339808305725455,-0.5341657400131226
10.0,129993.0,0.006114989519119263,0.0015339808305725455,-0.5343348979949951
10.0,129997.0,0.006114989519119263,0.0015339808305725455,-0.5345046520233154
10.0,130001.0,0.006114989519119263,0.0015339808305725455,-0.534674882888794
10.0,130004.0,0.006114989519119263,0.0015339808305725455,-0.5348029136657715
10.0,130008.0,0.006114989519119263,0.0015339808305725455,-0.5349740982055664
10.0,130011.0,0.006114989519119263,0.0015339808305725455,-0.5351027846336365
10.0,130015.0,0.006114989519119263,0.0015339808305725455,-0.5352317690849304
10.0,130018.0,0.006114989519119263,0.0015339808305725455,-0.5354040861129761
10.0,130022.0,0.006114989519119263,0.0015339808305725455,-0.535533607006073
10.0,130026.0,0.006114989519119263,0.0015339808305725455,-0.5357066988945007
10.0,130029.0,0.006114989519119263,0.0015339808305725455,-0.5358802080154419
10.0,130033.0,0.006114989519119263,0.0015339808305725455,-0.5360105633735657
10.0,130036.0,0.006114989519119263,0.0015339808305725455,-0.5361847281455994
10.0,130040.0,0.006114989519119263,0.0015339808305725455,-0.5363592505455017
10.0,130044.0,0.006114989519119263,0.0015339808305725455,-0.5364903807640076
10.0,130048.0,0.006114989519119263,0.0015339808305725455,-0.5366655588150024
10.0,130052.0,0.006114989519119263,0.0015339808305725455,-0.5368849039077759
10.0,130057.0,0.006114989519119263,0.0015339808305725455,-0.5370607376098633
10.0,130060.0,0.006114989519119263,0.0015339808305725455,-0.5372369289398193
10.0,130063.0,0.006114989519119263,0.0015339808305725455,-0.5373692512512207
10.0,130067.0,0.006114989519119263,0.0015339808305725455,-0.5375016927719116
10.0,130071.0,0.006114989519119263,0.0015339808305725455,-0.5376785397529602
10.0,130083.0,0.006114989519119263,0.0015339808305725455,-0.5382105708122253
10.0,130087.0,0.006114989519119263,0.0015339808305725455,-0.5383883714675903
10.0,130090.0,0.006114989519119263,0.0015339808305725455,-0.5385664701461792
10.0,130094.0,0.006114989519119263,0.0015339808305725455,-0.5387001037597656
10.0,130098.0,0.006114989519119263,0.0015339808305725455,-0.5388785600662231
10.0,130101.0,0.006114989519119263,0.0015339808305725455,-0.5390571355819702
10.0,130104.0,0.006114989519119263,0.0015339808305725455,-0.5391911864280701
10.0,130108.0,0.006114989519119263,0.0015339808305725455,-0.5393701195716858
10.0,130111.0,0.006114989519119263,0.0015339808305725455,-0.5395044684410095
10.0,130114.0,0.006114989519119263,0.0015339808305725455,-0.539638876914978
10.0,130118.0,0.006114989519119263,0.0015339808305725455,-0.5398182272911072
10.0,130121.0,0.006114989519119263,0.0015339808305725455,-0.5399528741836548
10.0,130125.0,0.006114989519119263,0.0015339808305725455,-0.5401325225830078
10.0,130129.0,0.006114989519119263,0.0015339808305725455,-0.5402673482894897
10.0,130132.0,0.006114989519119263,0.0015339808305725455,-0.5404472351074219
10.0,130136.0,0.006114989519119263,0.0015339808305725455,-0.5406273007392883
10.0,130139.0,0.006114989519119263,0.0015339808305725455,-0.5407624244689941
10.0,130143.0,0.006114989519119263,0.0015339808305725455,-0.5408975481987
10.0,130147.0,0.006114989519119263,0.0015339808305725455,-0.5410779714584351
10.0,130150.0,0.006114989519119263,0.0015339808305725455,-0.5412583947181702
10.0,130153.0,0.006114989519119263,0.0015339808305725455,-0.5413938760757446
10.0,130157.0,0.006114989519119263,0.0015339808305725455,-0.5415745377540588
10.0,130160.0,0.006114989519119263,0.0015339808305725455,-0.5417101383209229
10.0,130164.0,0.006114989519119263,0.0015339808305725455,-0.5418457388877869
10.0,130168.0,0.006114989519119263,0.0015339808305725455,-0.542026698589325
10.0,130171.0,0.006114989519119263,0.0015339808305725455,-0.5422077775001526
10.0,130176.0,0.006114989519119263,0.0015339808305725455,-0.5424341559410095
10.0,130181.0,0.006114989519119263,0.0015339808305725455,-0.5426154136657715
10.0,130184.0,0.006114989519119263,0.0015339808305725455,-0.5427967309951782
10.0,130188.0,0.006114989519119263,0.0015339808305725455,-0.5429781675338745
10.0,130192.0,0.006114989519119263,0.0015339808305725455,-0.5431143045425415
10.0,130195.0,0.006114989519119263,0.0015339808305725455,-0.5432958006858826
10.0,130198.0,0.006114989519119263,0.0015339808305725455,-0.5434320569038391
10.0,130203.0,0.006114989519119263,0.0015339808305725455,-0.5436591506004333
